study,module,module_label,beta,conf_low,conf_high,p_value,p_adj
Wen,M49-gene,Z95114.1,-0.9231816687686779,-1.041289207945778,-0.8050741295915778,1.840780440273938e-52,2.1168975063150287e-49
Wen,M50-xx,Z95114.1,-0.8652157978972611,-0.9916762911782391,-0.7387553046162831,1.0641386421050621e-40,6.118797192104107e-38
Wamsley,CUX1_(+),CUX1 (+),0.43935870762053836,0.374533250792663,0.5041841644484137,5.616344181683306e-40,2.152931936311934e-37
Wen,M53-xy,Z95114.1,-0.9844008095074138,-1.1376062803784575,-0.8311953386363702,3.9371929125701845e-36,1.131942962363928e-33
Wen,M52-tr2,Z95114.1,-0.8840546536555168,-1.0221893501736194,-0.7459199571374141,7.329886365431354e-36,1.6858738640492114e-33
Wamsley,NR3C1_(+),NR3C1 (+),0.6095091944466234,0.4985530483476999,0.7204653405455469,6.600497941899738e-27,1.2650954388641164e-24
Wen,M46-tr2,STX18-AS1,-0.6951127272718084,-0.8220131244370712,-0.5682123301065456,9.168698916745022e-27,1.5062862506081106e-24
Wen,M2-gene,EP300,0.7768764386299412,0.6333115466020522,0.9204413306578301,3.6625402345398316e-26,5.264901587151008e-24
Wen,M1-tr2,SPEN,0.8927689938395306,0.7238158641633803,1.0617221235156808,4.989320329175341e-25,6.375242642835158e-23
Wang,MEF2C_+_+,MEF2C (+),0.587411108476522,0.4687579932141668,0.7060642237388772,3.531761370667348e-22,4.06152557626745e-20
GandalIsoforms,IsoformM12_lightgreen,TTBK1,0.9627812808369941,0.7597083704791759,1.1658541911948122,1.7687568627632374e-20,1.8491549019797483e-18
Wen,M47-xy,STX18-AS1,-0.679942502560338,-0.8266708238999008,-0.5332141812207751,1.2255975091990126e-19,1.1745309463157203e-17
Wen,M11-iso,VEZF1,0.3717542759550503,0.29106361134817527,0.4524449405619253,1.9791693239019527e-19,1.7508036326824966e-17
Wen,M3-xx,SPEN,0.8121176088192404,0.6350221331203146,0.9892130845181663,2.8930219046076207e-19,2.3764108502134027e-17
Wang,ZBTB20_-_+,ZBTB20 (-),0.5632850863401837,0.4398081976279321,0.6867619750524353,4.412018880115579e-19,3.382547808088611e-17
GandalIsoforms,IsoformM4_yellow,MARCH4,0.6282865070940064,0.4864447674590488,0.77012824672896385,4.3987977673318326e-18,3.1616358952697547e-16
Wamsley,EGR1_(+),EGR1 (+),0.41969361093242835,0.32073985889276985,0.5186473629720869,1.03348849431402e-16,6.991245696830135e-15
Wen,M48-tr1,AL022322.2,-0.8389954365780244,-1.0416238159501434,-0.6363670572059055,5.306244165753817e-16,3.390100439231605e-14
Wang,ZBTB18_+_+,ZBTB18 (+),0.8082985932528104,0.6112466672025806,1.00535051930304,9.832942588695208e-16,5.95151788263131e-14
Wang,NFIA_-_+,NFIA (-),0.4898708483732721,0.3692359171030362,0.610505779643508,1.887276190355603e-15,1.0851838094544718e-13
Wang,SOX11_+_+,SOX11 (+),0.8087607221200843,0.6081597928779068,1.0093616513622619,2.97931018166497e-15,1.6315270042451025e-13
Wang,TCF12_-_+,TCF12 (-),0.4085394829725205,0.306446757277383,0.510632208667658,4.758684431469175e-15,2.487494134631614e-13
Wamsley,JUND_(+),JUND (+),0.3071732124609455,0.22996556896856019,0.38438085595333077,6.8078034818169684e-15,3.403901740908484e-13
Wang,NFIB_+_+,NFIB (+),0.5398464150288801,0.4019386764226289,0.6777541536351313,1.8153439079719575e-14,8.69852289236563e-13
Wen,M84-gene,SRCIN1,0.7888402070631487,0.5863170300824136,0.9913633840438838,2.43984931123704e-14,1.1223306831690385e-12
Wen,M6-iso,TNRC6C,0.30406088037536416,0.22469479233033013,0.3834269684203982,6.373825203693682e-14,2.8191919170183595e-12
Wang,BCL11A_+_+,BCL11A (+),0.7327447820018371,0.5384133233805157,0.9270762406231585,1.5597639461375556e-13,6.643439029845145e-12
Wen,M8-xy,KMT2B,0.6327735421330092,0.46447611986786896,0.8010709643981494,1.8255969699648343e-13,7.497987555212711e-12
Wang,MEIS1_-_+,MEIS1 (-),0.7336667568451007,0.5361462169978045,0.931187296692397,3.537560161950135e-13,1.4028255814629846e-11
GandalIsoforms,IsoformM3_brown,PRKCE,0.4195653602296414,0.3065347344086364,0.5325959860506464,3.6635542093618297e-13,1.4043624469220349e-11
Wen,M28-tr1,SPAG17,-0.7155084101363748,-0.909395757111691,-0.5216210631610586,5.003998146073677e-13,1.8563218928982992e-11
Wen,M42-xx,AC006148.1,-0.7460233597649008,-0.948413879147538,-0.5436328403822634,5.32071160712951e-13,1.9121307338121678e-11
Wen,M83-tr2,ZMIZ2,0.6154531681474088,0.44775165993192473,0.7831546763628929,6.703802979994651e-13,2.336173765755712e-11
Wen,M82-iso,PRDM2,0.6737758211923572,0.4894771838840058,0.8580744585007087,8.191255150127645e-13,2.770571594896115e-11
Wamsley,BDP1_(+),BDP1 (+),0.32933950959836006,0.23827955918188562,0.4203994600148345,1.426873478481372e-12,4.6882985721530786e-11
GandalGenes,GeneM5_green,DLG3,0.5937017566072431,0.42847528223090886,0.7589282309835774,1.984619880124067e-12,6.339757950396324e-11
GandalGenes,GeneM19_lightyellow,MARCH4,0.8863934382905708,0.6352031977752397,1.137583678805902,4.861467048535732e-12,1.5109965150854303e-10
Wang,MITF_-_+,MITF (-),0.7892643790606866,0.5648495780306126,1.0136791800907605,5.7166763000349546e-12,1.7300467750105783e-10
Wang,ZNF536_-_+,ZNF536 (-),0.6572009796564089,0.46345783239549543,0.8509441269173224,3.0834665735674045e-11,9.092273229750038e-10
Wang,TCF4_+_+,TCF4 (+),0.5558284138832054,0.3907733528740251,0.7208834748923856,4.267910666466135e-11,1.2270243166090138e-9
Wamsley,SREBF2_(+),SREBF2 (+),0.23580781900862693,0.1657010373586413,0.30591460065861253,4.497572214873783e-11,1.2615141578304513e-9
Wamsley,FOXP2_(+),FOXP2 (+),0.3552706965693302,0.24941088981198434,0.46113050332667604,4.9637481825905374e-11,1.3591215261855043e-9
GandalIsoforms,IsoformM41_maroon,FMN2,0.5274355906051685,0.3691856361811733,0.6856855450291638,6.717791707752311e-11,1.7786229903380682e-9
Wang,SOX4_+_+,SOX4 (+),0.5901014048285477,0.4129967659243121,0.7672060437327832,6.805166223902174e-11,1.7786229903380682e-9
Wamsley,EGR3_(+),EGR3 (+),0.3569668879594465,0.24947673727691638,0.46445703864197657,7.854075186002778e-11,2.0071525475340435e-9
Wamsley,BPTF_(+),BPTF (+),0.45454284181059545,0.31702893453700287,0.592056749084188,9.602373123353413e-11,2.400593280838353e-9
Wamsley,ZEB1_(+),ZEB1 (+),0.24922230999221304,0.17292542684724485,0.32551919313718125,1.5851907710933727e-10,3.87865826969655e-9
Wamsley,ZNF91_(+),ZNF91 (+),0.2844343692823461,0.19595390146011804,0.3729148371045742,3.061501894380289e-10,7.334848288619442e-9
Wang,NFIA_+_+,NFIA (+),0.39669738557918344,0.27279107938078573,0.5206036917775811,3.6084297426202873e-10,8.468763681659858e-9
Wamsley,MSRA_(+),MSRA (+),0.48968455130098515,0.335606180032321,0.6437629225696493,4.83823743120087e-10,1.1127946091762002e-8
Wen,M94-xy,EVI5L,0.42395357526851823,0.2904073841801632,0.5574997663568733,5.058263590528809e-10,1.1405888488447315e-8
Wang,EMX2_-_+,EMX2 (-),0.9833904947639058,0.6645125090042872,1.3022684805235245,1.5412146426683313e-9,3.4084554597472716e-8
Wang,NEUROD6_extended_+_+,NEUROD6 (+),0.5778210293238868,0.3900897821054613,0.7655522765423123,1.6571882857104295e-9,3.543057269673155e-8
Wang,ELF1_-_+,ELF1 (-),0.7200913167175823,0.48611251055094834,0.9540701228842163,1.663696457063916e-9,3.543057269673155e-8
Wang,NEUROD2_+_+,NEUROD2 (+),0.8226403281525624,0.5544708126925555,1.0908098436125693,1.876772948422422e-9,3.9241616194287e-8
Wang,THRB_+_+,THRB (+),0.5017757408387534,0.3338323172652767,0.6697191644122302,4.857468849211516e-9,9.975159243916506e-8
Wang,EGR1_+_+,EGR1 (+),0.4597832683132571,0.3041299501091642,0.61543658651735,7.219582514482584e-9,1.4565824371324513e-7
GandalIsoforms,IsoformM39_palevioletred3,KIAA1109,0.33620674705565934,0.22225906353426716,0.4501544305770515,7.507026098900339e-9,1.4884620713336877e-7
Wang,SOX5_+_+,SOX5 (+),0.517375220728485,0.34172356749406385,0.6930268739629061,7.962740746088725e-9,1.5520596369494974e-7
Wang,SATB1_+_+,SATB1 (+),0.6765325732778047,0.44449402646595026,0.9085711200896591,1.124144766669726e-8,2.1546108027836417e-7
Wamsley,ZBTB7A_(+),ZBTB7A (+),0.431613463062617,0.2831186815720889,0.5801082445531451,1.2466752870577582e-8,2.3502894756006917e-7
Wen,M85-xx,MRTFA,0.5702592725728197,0.37127661885829943,0.76924192628734,1.9818537012083383e-8,3.676018961918692e-7
Wamsley,NRF1_(+),NRF1 (+),0.24092858530030944,0.1568007167327384,0.3250564538678805,2.0280096250662673e-8,3.7019223314701703e-7
Wamsley,EGR4_(+),EGR4 (+),0.4984712036820421,0.32308740638185124,0.673855000982233,2.5883915704299566e-8,4.651016103116328e-7
Wang,TCF4_-_+,TCF4 (-),0.4486008402894289,0.28887533120631353,0.6083263493725444,3.7659383631332235e-8,6.662814027081858e-7
Wang,THRB_-_+,THRB (-),0.40584965759269387,0.2598409878484629,0.5518583273369249,5.184491080566507e-8,9.03358294341134e-7
Wamsley,NFIX_(+),NFIX (+),0.4729208901985932,0.30241146276719244,0.6434303176299939,5.5406055318764274e-8,9.509994569638643e-7
Wen,M4-xy,SOS1,0.518161505745512,0.3297064002809642,0.7066166112100598,7.205525067624489e-8,1.2185814452600237e-6
Wang,HMGA2_-_+,HMGA2 (-),0.7069168622154085,0.44923306967531595,0.964600654755501,7.705403049018456e-8,1.2842338415030761e-6
Wang,KLF9_+_+,KLF9 (+),0.47297009616445385,0.29777786270885376,0.6481623296200539,1.2329933887364496e-7,2.02563199578131e-6
Wen,M77-iso,PACS2,0.21789469900843783,0.13664449823702143,0.29914489977985426,1.4929791266245308e-7,2.418205627631282e-6
Wang,EOMES_-_+,EOMES (-),1.1525911629151506,0.7195656041176406,1.5856167217126607,1.8463396112421254e-7,2.9490146568450613e-6
Wamsley,YY1_(+),YY1 (+),0.26249855943740563,0.1637524082437829,0.36124471063102837,1.9137408516938747e-7,3.0147972321204875e-6
Wang,SREBF2_-_+,SREBF2 (-),0.9642008488453097,0.5996570436266071,1.3287446540640122,2.2025413411396764e-7,3.421316797710844e-6
Wang,NR3C1_-_+,NR3C1 (-),0.5714918103952301,0.35532187525224723,0.787661745538213,2.2312935637244635e-7,3.421316797710844e-6
Wen,M56-xx,NDUFV1,0.21881138316456616,0.135789290586317,0.3018334757428153,2.4297197680401466e-7,3.6765496490081166e-6
Wen,M55-gene,NDUFV1,0.20350541950040824,0.12521328278902544,0.28179755621179103,3.5418283675656377e-7,5.289743665844783e-6
Wang,BHLHE22_+_+,BHLHE22 (+),0.6169225129700009,0.37736096596853813,0.8564840599714636,4.5371118715664505e-7,6.689331605514638e-6
Wang,CREB5_-_+,CREB5 (-),0.9152416167089384,0.5582499742118938,1.272233259205983,5.100103779160155e-7,7.424201703840731e-6
Wen,M93-tr1,REEP2,0.29335683177300914,0.17732607117509802,0.40938759237092026,7.305944239122739e-7,1.0502294843738937e-5
Wang,NFIB_-_+,NFIB (-),0.339822580203519,0.20375785661696516,0.4758873037900729,9.938580834845905e-7,1.411033081490468e-5
Wang,GLI3_-_+,GLI3 (-),0.5856539166600981,0.35061030837599255,0.8206975249442037,1.053080039123319e-6,1.4768805426729471e-5
Wang,EBF1_+_+,EBF1 (+),0.7231098022816437,0.43129105278215224,1.014928551781135,1.2065407730594255e-6,1.671713119299204e-5
Wen,M21-xy,INPP4B,-0.24976625568971228,-0.3519969650379457,-0.14753554634147886,1.6971981401211563e-6,2.3235450727849162e-5
Wang,LHX9_+_+,LHX9 (+),0.7989057161785598,0.47032869899166424,1.1274827333654553,1.9026945989472523e-6,2.5742338691639295e-5
Wang,BHLHE22_-_+,BHLHE22 (-),1.4108273217470357,0.8286266431973903,1.9930280002966811,2.0589193948979004e-6,2.75320616759603e-5
Wang,IKZF2_-_+,IKZF2 (-),0.7812869101268574,0.4560983135328235,1.1064755067208911,2.5134307746638625e-6,3.3223510239809676e-5
Wang,HLF_+_+,HLF (+),0.8805137849398084,0.5134241599664779,1.2476034099131388,2.6099995366026568e-6,3.410794848969381e-5
Wamsley,HLF_(+),HLF (+),0.34670906628424253,0.2016980272573629,0.49172010531112215,2.810089026561691e-6,3.63101391072578e-5
Wang,ETS2_+_+,ETS2 (+),0.46885656486609606,0.2723158352230215,0.6653972945091706,2.957904544352212e-6,3.77954469556116e-5
Wen,M9-iso,FNBP4,0.20523825275637592,0.11909247566743851,0.2913840298453133,3.046330571530016e-6,3.849758414570899e-5
Wamsley,TCF4_(+),TCF4 (+),1.9203008685960925,1.1112350958180182,2.729366641374167,3.3176281035373435e-6,4.1470351294216794e-5
Wen,M96-tr1,COL6A2,-0.27829201333378745,-0.39812531891171965,-0.15845870775585524,5.365087115154132e-6,6.634247507986291e-5
Wang,CUX2_+_+,CUX2 (+),0.6205918168671937,0.35292833919748545,0.8882552945369019,5.556623899108568e-6,6.797997323377504e-5
GandalIsoforms,IsoformM49_yellow4,FAM193B,0.4836902081238248,0.2747638508074148,0.6926165654402348,5.736358108507919e-6,6.944012447141165e-5
Wang,RFX4_-_+,RFX4 (-),0.6427751305763851,0.3640038714463647,0.9215463897064056,6.256766939254844e-6,7.495085395982365e-5
Wang,POU3F2_-_+,POU3F2 (-),1.1561968322738496,0.6519444828083479,1.6604491817393514,7.043606760848823e-6,8.35066780925376e-5
Wang,EOMES_+_+,EOMES (+),0.5701684216562777,0.32100816661081966,0.8193286767017357,7.343101802037406e-6,8.529865729639411e-5
Wamsley,MZF1_(+),MZF1 (+),0.9693086009919742,0.5457641808668169,1.3928530211171317,7.329368123732502e-6,8.529865729639411e-5
Wang,NKX6-2_-_+,NKX6 (-),0.48492691292931556,0.2717708097543328,0.6980830161042983,8.2994451748426185e-06,9.544361951069012e-5
Wamsley,KLF16_(+),KLF16 (+),0.49286351671860856,0.2759061218088543,0.7098209116283628,8.551412664366486e-6,9.736756994080652e-5
Wen,M88-xx,FBXO41,0.25474833561303056,0.14220098892598992,0.3672956823000712,9.216512522566653e-6,1.0390211856733882e-4
Wen,M98-xx,HLA-E,-0.33578312340929595,-0.4842012468138075,-0.18736500000478443,9.306015836900781e-6,1.0390211856733882e-4
Wang,TCF7L1_-_+,TCF7L1 (-),1.1577876762082502,0.6451552341557973,1.670420118260703,9.641199566736554e-6,1.0660941828602921e-4
Wang,OLIG1_-_+,OLIG1 (-),0.5152487099674455,0.2856637429001623,0.7448336770347288,1.096731577352351e-5,1.2011822037668606e-4
Wamsley,CREB1_(+),CREB1 (+),0.24942996381723131,0.13798686442703068,0.36087306320743195,1.1584435044931479e-5,1.256801915252e-4
Wang,BCL6_extended_-_+,BCL6 (-),1.7997701189404196,0.9919671687784877,2.6075730691023518,1.2695049738813567e-5,1.364421233610804e-4
Wen,M112-xx,RBM27,0.19918592956714556,0.10934695524902326,0.28902490388526786,1.3986076422229916e-5,1.4892581375522597e-4
Wen,M104-tr2,TPX2,-0.19250052870193954,-0.27948170001613365,-0.10551935738774541,1.4495433065827569e-5,1.521318014440241e-4
Wang,ELF2_-_+,ELF2 (-),0.4779079389222899,0.26192320907083155,0.6938926687737482,1.4551737529428394e-5,1.521318014440241e-4
Wen,M97-gene,HLA-E,-0.32500902495855793,-0.47299159219788706,-0.1770264577192288,1.6834399391199832e-5,1.744104441430613e-4
Wamsley,HIC2_(+),HIC2 (+),0.6322369783800971,0.3441522334708585,0.9203217232893357,1.7080771412689798e-5,1.7538292075529704e-4
Wamsley,ATF4_(+),ATF4 (+),0.6488378772963255,0.35002364423092175,0.9476521103617292,2.0953787392808423e-5,2.1324650886486447e-4
Wang,PAX6_-_+,PAX6 (-),0.6929890050925619,0.373509611935053,1.0124683982500708,2.1371239426391334e-5,2.1558706438903538e-4
Wen,M18-xx,GATA3,-0.5608967401297557,-0.8209379957161305,-0.3008554845433809,2.3762748625398974e-5,2.3762748625398973e-4
Wang,BPTF_+_+,BPTF (+),1.0435549515338547,0.5582922301638169,1.5288176729038925,2.5133536672280554e-5,2.491686825269193e-4
Wang,KLF7_+_+,KLF7 (+),0.5117182443111006,0.27364670433327287,0.7497897842889283,2.536652522096817e-5,2.4932909405225124e-4
Wang,POU6F2_-_+,POU6F2 (-),0.541608296991783,0.2885991249163793,0.7946174690671868,2.7364876193736087e-5,2.644504842251807e-4
Wamsley,MAZ_(+),MAZ (+),0.35590657016715826,0.1896657378282165,0.5221474025061,2.7307549304299574e-5,2.644504842251807e-4
Wen,M113-xy,ARMC1,0.1515404586092166,0.08055680540900549,0.22252411180942772,2.876938207305681e-5,2.7570657820012777e-4
Wang,SP3_+_+,SP3 (+),0.4987391984147881,0.26477643493849135,0.7327019618910848,2.9563045983086247e-5,2.809710981863569e-4
Wang,MEIS2_-_+,MEIS2 (-),0.47928655411782645,0.25372443651928844,0.70484867171636445,3.13548638599888e-5,2.9555814294251743e-4
Wen,M7-tr1,DOT1L,0.3399034275986158,0.17918355347099277,0.5006233017262388,3.414926620815695e-5,3.192817572307357e-4
Wang,LHX2_+_+,LHX2 (+),0.3458150706928254,0.18139525234752396,0.5102348890381269,3.770891668102828e-5,3.49719791799859e-4
Wamsley,EP300_(+),EP300 (+),0.2622079856129766,0.1368447590156849,0.38757121221026825,4.162664557058652e-5,3.8296513924939595e-4
Wamsley,ZNF281_(+),ZNF281 (+),0.47509621432833554,0.24766210473533898,0.7025303239213321,4.256813920765699e-5,3.88518730863536e-4
Wang,ZBTB7A_+_+,ZBTB7A (+),0.5797031658103909,0.30155084304443946,0.8578554885763424,4.4334803555414014e-5,4.0145688258839463e-4
Wang,TEAD1_-_+,TEAD1 (-),0.88760140424145,0.45878147942194925,1.3164213290609506,4.997569997943516e-5,0.00044900042950273776
Wang,TFEB_-_+,TFEB (-),0.5944400305007127,0.30447877399542483,0.8844012870060005,5.895206998039776e-5,5.255417091275769e-4
Wang,TBR1_+_+,TBR1 (+),0.5374337086981228,0.2751224474557092,0.7997449699405363,5.9555981522487915e-5,5.268413750066239e-4
Wen,M100-xx,CDK2,-0.20035441596830636,-0.2986435944802943,-0.1020652374563184,6.492487587876922e-5,5.699512004624779e-4
Wen,M60-tr2,RIC8A,0.14780346833207664,0.07514479694212613,0.22046213972202716,6.721623185719948e-5,5.855959593619653e-4
Wang,SMAD3_-_+,SMAD3 (-),0.6750990710717567,0.3422069791324896,1.0079911630110239,7.075810485243853e-5,6.118181998519121e-4
Wang,POU2F1_-_+,POU2F1 (-),0.9648828212216267,0.48671233641327627,1.4430533060299773,7.688434090921746e-5,6.598282988477617e-4
Wang,NFE2L2_-_+,NFE2L2 (-),0.6907107838173604,0.34734534364690517,1.0340762239878156,8.0930666147706e-5,6.894093782952735e-4
Wamsley,POU3F1_(+),POU3F1 (+),0.8917065765932658,0.4456706535185394,1.3377424996679923,8.953612654521557e-5,7.571069524043962e-4
Wen,M122-iso,PDE1A,0.5355428171564693,0.2666165910300032,0.8044690432829356,9.535635865190365e-5,8.004365872240087e-4
Wamsley,GABPA_(+),GABPA (+),0.32315684139408485,0.15947083386177782,0.48684284892639185,1.0950462756989654e-4,9.125385630824712e-4
Wang,HES6_extended_+_+,HES6 (+),0.7903386952324072,0.3893004613703636,1.1913769290944507,1.1263839425221325e-4,9.301479405309672e-4
Wamsley,MEIS3_(+),MEIS3 (+),0.6033490565646205,0.2969535463182138,0.9097445668110271,1.1404422575205772e-4,9.301479405309672e-4
Wamsley,UQCRB_(+),UQCRB (+),0.42212119684437743,0.2077705248674428,0.636471868821312,1.1393627415689037e-4,9.301479405309672e-4
Wang,KLF3_-_+,KLF3 (-),0.8215934696654306,0.40122902829607704,1.241957911034784,1.2825135118554206e-4,0.0010386553088969955
Wang,RFX2_+_+,RFX2 (+),-0.6536586563536037,-0.9883510537186971,-0.31896625898851017,1.29755567852696e-4,0.001043488832381821
GandalIsoforms,IsoformM1_turquoise,LAPTM5,-0.419963730861997,-0.6353778800725187,-0.20454958165147533,1.3336060551221842e-4,0.0010650326134656332
Wamsley,POU2F1_(+),POU2F1 (+),1.9590421171728625,0.9513807196252819,2.966703514720443,1.392140482259623e-4,0.0011041114169645287
GandalGenes,GeneM1_turquoise,KIF13B,-0.22665000501262567,-0.3436028211954869,-0.10969718882976441,1.4619436348251765e-4,0.0011515309452390088
GandalGenes,GeneM11_greenyellow,EFNB3,0.44127814823031414,0.2125709004247439,0.6699853960358844,1.5634376445487828e-4,0.0012230974770279595
Wen,M5-iso,GATAD2B,0.4633341402569013,0.22040776368799717,0.7062605168258054,1.859266777970177e-4,0.0014422245908660503
GandalIsoforms,IsoformM2_blue,MSN,-0.3087403113459579,-0.47066777971170937,-0.1468128429802065,1.8686214264264478e-4,0.0014422245908660503
Wang,PBX3_-_+,PBX3 (-),0.5789148693239617,0.27483195131245564,0.8829977873354679,1.9105406613280837e-4,0.001464747840351531
Wang,ELF2_+_+,ELF2 (+),0.31232739961962114,0.1481523853573303,0.47650241388191195,1.931450743914566e-4,0.0014709724208620868
Wen,M105-iso,KIF11,-0.13599719137923863,-0.20761377081089613,-0.06438061194758113,1.983761285477186e-4,0.0015008720251965552
Wen,M27-tr1,SSPN,-0.37069924989746345,-0.5660725597712128,-0.17532594002371404,2.00810202244225e-4,0.0015093577292866584
Wang,SHOX2_+_+,SHOX2 (+),1.9021737598574453,0.8953372066038681,2.9090103131110228,2.1384720891387622e-4,0.0015969109756555691
Wamsley,ZMAT4_(+),ZMAT4 (+),0.5501361918406247,0.2587033611031204,0.8415690225781289,2.1644264041656417e-4,0.001605864751477734
Wamsley,SMAD3_(+),SMAD3 (+),0.4879213267706761,0.2280228136791369,0.7478198398622153,2.3437325809834352e-4,0.0017277515821352246
Wen,M103-tr1,AURKA,-0.21221997395823033,-0.3260102085554174,-0.0984297393610433,2.575981767586627e-4,0.0018868656259392492
Wen,M114-gene,TFAM,0.17356419049325733,0.08025926761773441,0.2668691133687803,2.6725642021724956e-4,0.0019452207800622595
Wang,SIX3_+_+,SIX3 (+),1.868401064436057,0.8616263652006986,2.8751757636714155,2.7625722931581153e-4,0.0019980868786992657
Wen,M40-iso,NIN,0.18500520529686648,0.08510666284340865,0.28490374775032434,2.845540527200624e-4,0.0020325289480004455
Wang,JUND_+_+,JUND (+),0.46665796151793476,0.21473522064972794,0.7185807023861416,2.835751751397484e-4,0.0020325289480004455
Wang,PKNOX2_+_+,PKNOX2 (+),0.4812596390608586,0.22094281487081002,0.7415764632509072,2.915074344266392e-4,0.002069342898707624
Wang,SOX6_-_+,SOX6 (-),0.3051921097516746,0.13991998190512986,0.4704642375982193,2.9627314949556697e-4,0.0020902706866251656
Wamsley,RAD21_(+),RAD21 (+),0.25015573204566016,0.11450023083450822,0.3858112332568121,3.0204605951967536e-4,0.002118005905168455
Wang,ZBTB18_-_+,ZBTB18 (-),0.6181738773211523,0.2811748286905535,0.955172925951751,3.2496885016488475e-4,0.002264934410240106
Wamsley,POU3F3_(+),POU3F3 (+),0.5928622923207647,0.2679396324095063,0.9177849522320232,3.495663067133354e-4,0.002421694293495998
Wamsley,CHD2_(+),CHD2 (+),0.14658678277195256,0.06573643650416719,0.22743712903973792,3.8108275542960286e-4,0.0026242225673296007
Wang,ZNF423_+_+,ZNF423 (+),0.5470239181209778,0.2450784692280905,0.8489693670138652,3.850695187772155e-4,0.0026358925392487966
Wamsley,SOX6_(+),SOX6 (+),0.22977968894744139,0.10262780597550042,0.35693157191938235,3.98274225187403e-4,0.0027101500530503754
Wen,M17-tr1,GREB1L,-0.24581730350839556,-0.382409261580858,-0.10922534543593318,4.20974066000355e-4,0.002798382519655539
Wang,SOX8_-_+,SOX8 (-),0.7571436453600813,0.3365861893963201,1.1777011013238425,4.188417566054517e-4,0.002798382519655539
Wang,MAF_+_+,MAF (+),0.3454034441146815,0.15350597791585976,0.5373009103135032,4.200703938868009e-4,0.002798382519655539
Wang,ZBTB7A_-_+,ZBTB7A (-),1.0289187604832397,0.4575765634753257,1.6002609574911537,4.1715103852652945e-4,0.002798382519655539
Wen,M111-tr1,UBA2,0.18237033965552324,0.08073583312373687,0.2840048461873096,4.3769378061704254e-4,0.0028928037224689594
Wang,LIN28B_+_+,LIN28B (+),0.5115507113093439,0.22600068264794415,0.7971007399707437,4.4720731006651774e-4,0.0029387908947228307
Wang,GLIS3_-_+,GLIS3 (-),1.1494371528195757,0.5050136448114407,1.7938606608277108,4.735699528774233e-4,0.0030943491239149817
Wang,SOX9_-_+,SOX9 (-),0.7792911239059643,0.3417792050373457,1.216803042774583,4.822587221751002e-4,0.0031333193813636454
Wang,SOX2_-_+,SOX2 (-),0.6248871100224364,0.273104079831977,0.9766701402128957,4.996746020145193e-4,0.0032282347882960512
Wang,FOXO1_-_+,FOXO1 (-),0.49554141657164136,0.21624070904238868,0.774842124100894,5.07478652879729e-4,0.003260337714031779
Wang,EMX1_+_+,EMX1 (+),0.7984557357994341,0.3475061354697709,1.2494053361290973,5.21034282823329e-4,0.0033288301402601573
GandalGenes,GeneM8_pink,LAPTM5,-0.4392476178907463,-0.687515180250166,-0.19098005553132655,5.262202151310554e-4,0.003334844466491171
Wang,LHX2_-_+,LHX2 (-),0.7512009375142915,0.3261560946457376,1.1762457803828454,5.335751146385874e-4,0.003334844466491171
Wang,HIF1A_+_+,HIF1A (+),0.867350220122096,0.37669080101279234,1.3580096392313996,5.321070908187664e-4,0.003334844466491171
Wang,ZNF483_-_+,ZNF483 (-),1.541426367015464,0.6693420615119617,2.4135106725189663,5.328966988138415e-4,0.003334844466491171
Wen,M45-iso,HELLPAR,0.10816537061288342,0.046804898334432805,0.16952584289133404,5.515610497315253e-4,0.0034286227415743463
Wamsley,ZFHX3_(+),ZFHX3 (+),1.2898950126598137,0.5569121698178675,2.02287785550176,5.636898117476051e-4,0.0034851789436007845
Wang,NEUROD6_extended_-_+,NEUROD6 (-),0.4665034091029325,0.20102826732679674,0.7319785508790682,0.00057420182197724125,0.003531187675261109
Wen,M22-iso,NAALAD2,-0.21167944149365345,-0.33247013801045416,-0.09088874497685273,5.94454250852291e-4,0.003636289300426248
Wang,ETV5_+_+,ETV5 (+),0.56699448835121935,0.24186770426828597,0.8921212724341527,6.321649816125694e-4,0.0038465065018754223
Wen,M64-xx,IMPDH2,0.22515523190507225,0.09597773331902135,0.3543327304911231,6.363945892864058e-4,0.00385186198778614
Wang,ZNF451_extended_-_+,ZNF451 (-),0.8237572156285771,0.3509086912243454,1.2966057400328088,6.404092860037267e-4,0.0038552521205982913
Wamsley,JUN_(+),JUN (+),0.21154226241038135,0.09006483902062892,0.33301968580013375,6.436594844824974e-4,0.0038552521205982913
Wang,MEIS3_+_+,MEIS3 (+),0.8887407796756288,0.3775234442641071,1.3999581150871505,6.573587606444821e-4,0.003916904532337588
Wang,TCF7L2_+_+,TCF7L2 (+),0.41773801107101866,0.17715422430540678,0.6583217978366305,6.67467378510482e-4,0.003956636522098218
Wamsley,BACH1_(+),BACH1 (+),0.26611552998289234,0.11236379481400854,0.41986726515177614,6.944590132279581e-4,0.004095527513908471
Wang,SOX6_+_+,SOX6 (+),0.3021318921584545,0.12704795118394524,0.47721583313296373,7.205832601776634e-4,0.00422791198573629
Wang,ZNF385D_-_+,ZNF385D (-),0.5734167620617532,0.23868834304448228,0.9081451810790241,7.878586297974617e-4,0.0045991747424724925
Wang,ZNF571_-_+,ZNF571 (-),1.4933829995976777,0.6191877868881597,2.367578212307196,8.149948130176063e-4,0.004733555732172966
Wang,NR2C2_-_+,NR2C2 (-),0.9121884064668286,0.377213379808643,1.4471634331250143,8.335609178293277e-4,0.00481142271934669
Wang,PRRX1_-_+,PRRX1 (-),0.5107718075277313,0.21112158950275384,0.8104220255527088,8.36769168582033e-4,0.00481142271934669
Wen,M30-gene,ZNF334,-0.45394799615145837,-0.7210133880139162,-0.18688260428900055,8.6552805691935e-4,0.004927511215134913
Wamsley,BHLHE40_(+),BHLHE40 (+),0.22343228964051837,0.0920060377228046,0.35485854155823215,8.637342691898285e-4,0.004927511215134913
Wen,M61-tr1,COPE,0.14205374431401796,0.05839226697105426,0.22571522165698166,8.76583289518302e-4,0.004965865925842598
Wen,M35-iso,RN7SL454P,0.12613344711731808,0.051660500050412006,0.20060639418422416,9.0331182138064e-4,0.005092198993077138
Wang,GTF2I_-_+,GTF2I (-),1.1691688304792862,0.4756775734612998,1.8626600874972725,9.537680325017588e-4,0.005350406035985476
Wamsley,SP4_(+),SP4 (+),0.32027126841459763,0.1290307837914999,0.5115117530376954,0.001031255784329761,0.005757010446501093
Wang,RFX3_-_+,RFX3 (-),0.34994374700006703,0.14008616064639154,0.5598013333537425,0.0010838519772652518,0.006021399873695843
Wang,HES1_-_+,HES1 (-),0.6970901929384111,0.2767758079966927,1.1174045778801296,0.0011535955610734816,0.006378052380935115
Wen,M79-xx,TSC2,-0.2588518727879162,-0.4151016158677109,-0.10260212970812152,0.001168321333902169,0.006428562363576529
Wang,NR2F1_+_+,NR2F1 (+),0.4105277085456243,0.16064541057047876,0.6604100065207699,0.0012840086835392568,0.007031476124143549
Wen,M65-iso,SATB2-AS1,0.24788600606135805,0.09606384697276904,0.39970816514994706,0.0013759068076226856,0.007463645418707965
Wang,FOXN4_extended_-_+,FOXN4 (-),1.0308771369868364,0.3995887607030456,1.6621655132706272,0.0013737194063603345,0.007463645418707965
Wang,PBX1_+_+,PBX1 (+),0.36294791921043734,0.1404529361464409,0.5854429022744339,0.0013897708403278384,0.00750345758862448
Wang,LHX9_-_+,LHX9 (-),1.029527882642492,0.3981260202473169,1.6609297450376672,0.0013965845312563212,0.007505010331517614
Wang,ZIC2_+_+,ZIC2 (+),1.0757280510715594,0.4156799273127936,1.7357761748303253,0.001403909499634777,0.007509283370139504
Wen,M120-iso,SLA,0.3271863146969275,0.12626870076383603,0.528103928630019,0.0014164590235729469,0.007541332764393005
Wang,POU3F3_-_+,POU3F3 (-),0.6123914957277711,0.23535099566369594,0.9894319957918463,0.001457861508625431,0.007725994170134773
Wamsley,JUNB_(+),JUNB (+),0.1919766219909026,0.07314175789938096,0.31081148608242426,0.001546191408645971,0.008156514311664526
Wamsley,CREM_(+),CREM (+),0.19450901001004117,0.07389518191207695,0.3151228381080054,0.0015759321174322162,0.00827544262578561
Wang,LHX6_+_+,LHX6 (+),0.4079831216528438,0.15373125831241324,0.6622349849932743,0.0016630284481387277,0.00869310325163426
Wang,ZEB1_-_+,ZEB1 (-),0.420410365548024,0.1564781192051884,0.6843426118908597,0.0017989232354743434,0.00936091276378052
Wang,POU6F2_+_+,POU6F2 (+),0.33563595866258866,0.12475847948479954,0.5465134378403778,0.0018140173427885454,0.009396936685616338
Wang,POU2AF1_-_+,POU2AF1 (-),1.6010912544295821,0.594039329562241,2.608143179296923,0.0018350704572669355,0.009463367828955049
Wamsley,GMEB1_(+),GMEB1 (+),0.9245417919713714,0.3425606094478537,1.5065229744948891,0.0018505908996291646,0.009500801493631871
Wang,BACH2_+_+,BACH2 (+),0.3519333916218322,0.130068898799924,0.5737978844437404,0.0018797569179233714,0.009565134759344588
Wang,PPARG_+_+,PPARG (+),0.541237448070754,0.2000960181486378,0.8823788779928703,0.001876086776782432,0.009565134759344588
Wamsley,RBBP5_(+),RBBP5 (+),0.3789078139945883,0.1392048243815693,0.6186108036076072,0.001949647278447041,0.009877067710194259
Wamsley,E2F3_(+),E2F3 (+),1.6824679870915538,0.6144955312570024,2.750440442926105,0.0020197671394863643,0.01018742197547947
Wang,SREBF2_+_+,SREBF2 (+),0.40632072297731286,0.14729597773279368,0.665345468221832,0.0021111853671784697,0.010602022586267424
Wang,NFIX_+_+,NFIX (+),0.3911512534015987,0.1415429205088679,0.6407595862943294,0.0021334162313192554,0.010642936330843513
Wang,BACH1_-_+,BACH1 (-),0.3845403379664646,0.1391012015246849,0.6299794744082443,0.002137841993412914,0.010642936330843513
Wang,ZEB1_+_+,ZEB1 (+),0.32797734612141555,0.11842021497874167,0.5375344772640894,0.0021610483510704982,0.010712093119530487
Wen,M62-xy,PSMD3,0.12273945901300637,0.044132575343662175,0.20134634268235058,0.0022135094946534946,0.01085578536479436
GandalGenes,GeneM3_brown,GOT1,0.20172518137217663,0.07257615714451401,0.33087420559983927,0.002205953757707558,0.01085578536479436
Wang,MEF2C_-_+,MEF2C (-),0.18935031186023205,0.06805739869018078,0.3106432250302833,0.0022183561397623257,0.01085578536479436
Wang,ZNF90_-_+,ZNF90 (-),1.1428685665839322,0.40957484734513594,1.8761622858227285,0.002255753531720423,0.010992019328298672
Wang,RARB_-_+,RARB (-),0.6929703758689959,0.24617515219644215,1.1397655995415497,0.0023696944966967903,0.011498517600005522
Wang,EGR3_+_+,EGR3 (+),0.34987370036109366,0.12413101277645036,0.575616387945737,0.0023867252040982627,0.011532495734088244
Wang,ZNF69_-_+,ZNF69 (-),0.9353226998638458,0.32999246123297643,1.540652938494715,0.0024612005248263336,0.01184259666757441
Wen,M15-gene,FAT1,-0.23840840531327384,-0.3930356409284502,-0.08378116969809749,0.0025146591537456215,0.012049408445031103
Wen,M118-tr2,MPPED2-AS1,0.4008720401191738,0.14032752703591034,0.6614165532024373,0.0025677788291478894,0.012238242447514078
Wang,PEG3_extended_+_+,PEG3 (+),0.6273843501089762,0.21926653760223674,1.0355021626157157,0.002589932171282442,0.012238242447514078
Wang,MAFB_-_+,MAFB (-),0.49555862917859705,0.17311033430946166,0.8180069240477325,0.0025966357888638565,0.012238242447514078
Wamsley,FOXO1_(+),FOXO1 (+),0.1847782243793963,0.06456983635433775,0.3049866124044549,0.0025918330162771515,0.012238242447514078
Wen,M33-tr1,AL139821.1,-1.120873732363701,-1.8537473337302748,-0.3880001309971274,0.002724061793277101,0.012786412499055782
Wamsley,TRIM28_(+),TRIM28 (+),0.3871311457851768,0.13377289126934422,0.6404894003010094,0.0027490958429411774,0.012851464306432333
Wamsley,SOX9_(+),SOX9 (+),0.5825467139766517,0.2009152305429045,0.9641781974103989,0.0027763151089625258,0.012926163462780992
GandalIsoforms,IsoformM24_darkmagenta,MAPK8IP3,0.33076519479316024,0.11326096240244887,0.5482694271838716,0.0028801879902547174,0.013302073047361144
Wang,NHLH2_+_+,NHLH2 (+),0.8850239571807232,0.30309778241348706,1.4669501319479594,0.0028779283847097854,0.013302073047361144
Wang,VEZF1_+_+,VEZF1 (+),0.4719524427038989,0.16083566258215254,0.7830692228256453,0.0029503565342863802,0.013571640057717348
Wang,FOXN2_-_+,FOXN2 (-),0.5204251257839806,0.17705685616188865,0.8637933954060726,0.002975217102026242,0.013631472778207884
Wang,NEUROG2_+_+,NEUROG2 (+),0.49763062646052864,0.16875456454309984,0.8265066883779575,0.003023423176328793,0.013797367669754411
Wang,FOXG1_+_+,FOXG1 (+),0.31554737587058734,0.10686216222318579,0.5242325895179889,0.0030437339891241956,0.013835154496019072
Wang,TCF7L2_-_+,TCF7L2 (-),0.779744378928405,0.26065906120356874,1.2988296966532413,0.003241596259446212,0.014676518497492692
Wang,PRDM16_-_+,PRDM16 (-),0.7458881012528867,0.24815959191138837,1.243616610594385,0.0033155287188097304,0.014952384418161529
Wang,PHF21A_extended_+_+,PHF21A (+),0.5636274794489002,0.1869856903989422,0.9402692684988583,0.0033603971575178293,0.015095534106037124
Wang,ZEB2_+_+,ZEB2 (+),0.40860103534189385,0.1351335247885055,0.6820685458952822,0.003409625949087115,0.015257081095136895
Wang,ZNF704_+_+,ZNF704 (+),0.5475212473614348,0.17978170839235846,0.9152607863305111,0.003524465739312015,0.01565037850688931
Wang,GLIS1_+_+,GLIS1 (+),0.35614078409022903,0.11693887610094295,0.5953426920795151,0.0035247374202472454,0.01565037850688931
Wang,OTX2_+_+,OTX2 (+),0.6336645936642967,0.2057109838706231,1.0616182034579704,0.0037102977850959453,0.01634805537494382
Wang,PATZ1_-_+,PATZ1 (-),1.5829195017133846,0.5142395108613063,2.651599492565463,0.0036985735187404674,0.01634805537494382
Wang,SOX11_-_+,SOX11 (-),0.2810286721965459,0.09049629441325877,0.47156104997983306,0.003845182883027343,0.016877711127791774
Wang,EGR2_+_+,EGR2 (+),0.7756085643624062,0.24913720873027223,1.30207991999454,0.0038872026258466785,0.016997273839253535
Wang,EMX1_-_+,EMX1 (-),0.9676588100195557,0.30744859543821146,1.6278690246009,0.004073593701988448,0.017744821050328468
Wang,RORB_extended_+_+,RORB (+),0.46062913641597425,0.14606134891321276,0.7751969239187357,0.0041080473607799485,0.01782737533923374
Wang,RFX2_-_+,RFX2 (-),0.8012080815844055,0.24899084997671905,1.353425313192092,0.004463061983591671,0.01929519278620459
Wang,ARX_+_+,ARX (+),0.45683032518444594,0.14142167181839493,0.772238978550497,0.004532604952151213,0.019522455786419084
Wen,M63-gene,RPL7A,0.21350379524009605,0.06574200845309161,0.36126558202710046,0.00462972593844205,0.01986636130301626
Wamsley,LHX6_(+),LHX6 (+),0.41045388996432675,0.12604250493905028,0.6948652749896032,0.004679580499764312,0.01993154657307022
Wamsley,NFE2L1_(+),NFE2L1 (+),0.23496883843256453,0.07218575506766725,0.39775192179746177,0.004671629470934036,0.01993154657307022
Wang,ZNF711_+_+,ZNF711 (+),0.6103355368128098,0.18655775343974934,1.0341133201858703,0.004764595300481064,0.020218762345214844
Wang,NR3C2_extended_-_+,NR3C2 (-),1.018640347739528,0.30636684247766766,1.7309138530013883,0.00506696280707682,0.021422820691685083
Wang,LHX1_+_+,LHX1 (+),0.6112685568692913,0.18324517283232272,1.0392919409062598,0.005129034424329676,0.021597804268073378
Wang,TCF3_-_+,TCF3 (-),0.568597439978909,0.17030224951813788,0.9668926304396801,0.0051459116256105265,0.021597804268073378
Wamsley,DEAF1_(+),DEAF1 (+),1.1906566641918144,0.35272071897991686,2.028592609403712,0.005356893819559442,0.02240155597270312
Wang,KLF7_-_+,KLF7 (-),0.4113176000686065,0.12165691899982323,0.7009782811373898,0.005387456234930069,0.022447734312208624
Wang,CPEB1_-_+,CPEB1 (-),0.7804689281930433,0.22756226534067325,1.3333755910454133,0.005667858056211112,0.02353081864491978
Wen,M41-tr1,AL022322.1,-0.6584963680052925,-1.125299347816272,-0.19169338819431297,0.005699365214319286,0.023576510778658917
Wamsley,KLF13_(+),KLF13 (+),0.4234793350560589,0.12310884344783696,0.7238498266642808,0.005726631447510031,0.023604394855328083
Wang,MAF_-_+,MAF (-),0.43870430345250816,0.12682953489686843,0.7505790720081479,0.005837181765514868,0.023807073953590698
Wamsley,KLF9_(+),KLF9 (+),0.36426667915960353,0.10530577140165492,0.6232275869175521,0.005837908569489197,0.023807073953590698
Wamsley,SOX4_(+),SOX4 (+),0.23595653543111303,0.06834390910239499,0.40356916175983104,0.0057994873640149465,0.023807073953590698
Wang,YBX1_+_+,YBX1 (+),0.42670045296491127,0.12223765359204508,0.7311632523377775,0.006020952937377304,0.0244667698868689
Wamsley,FOS_(+),FOS (+),0.1728089159415741,0.0485913250343782,0.29702650684877,0.00640206979969876,0.025923874188921035
Wang,SREBF1_-_+,SREBF1 (-),1.1223228346218392,0.31462031960954495,1.9300253496341335,0.0064652132543947406,0.026087702605452463
Wang,E2F8_+_+,E2F8 (+),-0.4701686937500659,-0.8090107846720738,-0.13132660282805814,0.006540385297560491,0.026287108845505197
Wang,HMGA2_+_+,HMGA2 (+),0.23541907792186184,0.06569385943915165,0.40514429640457206,0.006560348033617384,0.026287108845505197
Wang,NFIC_+_+,NFIC (+),0.7519262123861495,0.20874942506203942,1.2951029997102597,0.006667890983327898,0.02662525913481626
Wamsley,ELF1_(+),ELF1 (+),0.12455742392154387,0.03441882745926082,0.2146960203838269,0.006765854658210978,0.026922951062085206
Wen,M78-gene,TSC2,-0.19387685211739247,-0.33449745224263344,-0.053256251992151504,0.006891528518698013,0.027328475160354193
Wang,ZNF730_-_+,ZNF730 (-),0.6772394776359749,0.18532099182184036,1.1691579634501095,0.006972843514646496,0.027409777521683866
Wang,BCL11B_+_+,BCL11B (+),0.495149666121584,0.13556980691408332,0.8547295253290847,0.006960881518314229,0.027409777521683866
Wamsley,SP2_(+),SP2 (+),0.7864690986894896,0.21510273322151652,1.3578354641574626,0.006983534620742063,0.027409777521683866
Wang,LHX5_+_+,LHX5 (+),0.9276905247145432,0.2518889391911988,1.6034921102378874,0.007138951323276968,0.027924469461797663
GandalIsoforms,IsoformM27_plum1,DYNC1I1,0.27411999832833783,0.07418648983492651,0.4740535068217492,0.007209274788012343,0.028103952563437944
Wang,ZNF704_-_+,ZNF704 (-),0.3335657323651159,0.09002796138831906,0.5771035033419127,0.007268202633053397,0.028237949418957454
Wang,ISL2_+_+,ISL2 (+),-1.5587562242402007,-2.7003951065723237,-0.4171173419080776,0.0074534599760184865,0.02886019856034094
Wamsley,KLF6_(+),KLF6 (+),0.1827888396615804,0.04879841401856,0.3167792653046008,0.007504761572187516,0.028961328214817596
Wang,FOXN3_+_+,FOXN3 (+),1.304311044114071,0.3475408338828947,2.2610812543452474,0.0075464896110193904,0.02902496004238227
GandalGenes,GeneM7_black,OSMR,-0.31348213869829783,-0.5442112176361134,-0.08275305976048225,0.007750920402867069,0.02961315104085425
Wang,MAFB_+_+,MAFB (+),0.23575718770185436,0.06230417494911608,0.40921020045459267,0.007726580240981489,0.02961315104085425
Wang,ZNF100_+_+,ZNF100 (+),0.3708516299489175,0.09699532361951846,0.6447079362783166,0.00795526106141667,0.03029321265108997
Wen,M58-gene,UQCRFS1,-0.2037107639877027,-0.35423540940125614,-0.05318611857414923,0.007994376940520641,0.03034169465874171
Wang,POU3F2_+_+,POU3F2 (+),0.5368926917134933,0.13905737180830913,0.9347280116186775,0.008172574438307061,0.030915988829122106
Wamsley,FOSL2_(+),FOSL2 (+),0.17388301860488342,0.044975351509999206,0.30279068569976764,0.008202867423819461,0.030928844384893052
Wang,HES1_+_+,HES1 (+),0.30378525770004366,0.07791540686812773,0.5296551085319596,0.008391777154974517,0.031537724602028416
Wang,LHX6_-_+,LHX6 (-),0.7685305515001111,0.19648367609470652,1.3405774269055155,0.008463872953287446,0.03167999681364191
Wamsley,MEF2D_(+),MEF2D (+),1.1255865260022795,0.28750295282993743,1.9636700991746214,0.008484729581392791,0.03167999681364191
Wang,E2F7_+_+,E2F7 (+),-0.3076345429006208,-0.5370692101597757,-0.07819987564146588,0.008593527983662554,0.03198238569971501
Wamsley,ZNF467_(+),ZNF467 (+),0.5133743818352776,0.1288099627215532,0.897938800949002,0.008889338930706843,0.03297657990423506
Wen,M19-gene,CPNE8,-0.33132041081744246,-0.5820486270130676,-0.08059219462181733,0.009603277635193483,0.03529375607516031
Wang,ZNF100_-_+,ZNF100 (-),0.6580769271513686,0.16028245669926228,1.155871397603475,0.009573112027064802,0.03529375607516031
Wang,ZNF93_-_+,ZNF93 (-),1.2039700273340088,0.29246288978340707,2.1154771648846107,0.009634809368091817,0.03529375607516031
Wamsley,RFX3_(+),RFX3 (+),0.47870336209785685,0.11627481699777609,0.8411319071979376,0.009636729919652467,0.03529375607516031
Wang,PURA_+_+,PURA (+),0.27630376129027684,0.06675863839481819,0.48584888418573546,0.00975984449718214,0.0356311783230459
Wang,SATB1_-_+,SATB1 (-),0.6443638431530687,0.15295048967195118,1.1357771966341863,0.010174598910872485,0.03702781249209923
Wang,ZNF483_+_+,ZNF483 (+),0.5616054609705942,0.12924917155314802,0.9939617503880402,0.010904954479203033,0.03956056041351258
Wang,MAFK_+_+,MAFK (+),1.4795462260249481,0.33764332972636835,2.621449122323528,0.011105887058013573,0.04016279910916858
Wang,SP9_+_+,SP9 (+),0.6617581363646812,0.15047448408532849,1.1730417886440339,0.011191868988147911,0.04022077917615656
Wamsley,DLX1_(+),DLX1 (+),0.2796715088213919,0.06366510172620476,0.49567791591657906,0.011164975931858691,0.04022077917615656
Wang,KLF9_extended_-_+,KLF9 (-),0.6793296126953167,0.15275992781091952,1.2058992975797138,0.011457891773557372,0.041048521930189964
Wang,TCF12_+_+,TCF12 (+),0.14162618086581338,0.031506187312889664,0.2517461744187371,0.01171599083410754,0.041842824407526936
Wen,M101-xy,DTL,-0.1244902019641122,-0.22155253929012425,-0.027427864638100166,0.011948120823208341,0.04240845353916541
Wang,ZIC1_-_+,ZIC1 (-),0.8093440928921756,0.17851288690059863,1.4401752988837524,0.011921562172239313,0.04240845353916541
Wamsley,MXI1_(+),MXI1 (+),0.20718067814319555,0.045057705330325604,0.3693036509560655,0.012260776528516901,0.04338428617782904
Wang,OLIG2_-_+,OLIG2 (-),0.5971945487202573,0.1293737624835935,1.0650153349569211,0.012354635537214149,0.043449024060539056
Wang,KLF15_-_+,KLF15 (-),0.8859794030190578,0.19217159140936757,1.579787214628748,0.012324895455764056,0.043449024060539056
Wamsley,FOXO3_(+),FOXO3 (+),0.2928008392116345,0.06313241184564805,0.5224692665776209,0.012468629531423622,0.04371623158883282
Wen,M76-iso,MBD3,0.14287928174501527,0.03075390290159928,0.25500466058843124,0.012510300006584492,0.04372901218107041
Wen,M69-gene,FAM8A1,0.11564273572927593,0.02475596674046332,0.20652950471808854,0.012642184311850465,0.044056096844327375
Wang,DBP_+_+,DBP (+),0.44990352588803145,0.09479316477401506,0.8050138870020478,0.013027035728176548,0.04526009391964662
Wang,PLAGL1_-_+,PLAGL1 (-),0.5319804696454076,0.11172914275452711,0.9522317965362881,0.013104433868945997,0.045391864305084025
Wang,ETV6_-_+,ETV6 (-),0.7233113225070812,0.15154847887327483,1.2950741661408876,0.01316274092423221,0.04545691310170283
Wang,ZNF148_+_+,ZNF148 (+),0.6047417703851982,0.12606117845174675,1.0834223623186496,0.013286434135068675,0.045746704357272384
Wang,EGR1_-_+,EGR1 (-),0.6976100875254533,0.14451232746247666,1.25070784758843,0.013438366656029628,0.04613170643114649
Wang,FEZF2_extended_+_+,FEZF2 (+),0.45624307487583343,0.09418735209484225,0.8182987976568246,0.013521974438853295,0.04628056727583717
Wang,GSX1_+_+,GSX1 (+),1.144667565221232,0.2337079650044409,2.0556271654380227,0.013790502480761802,0.047059578198445313
Wang,ZNF644_-_+,ZNF644 (-),0.5858756824626186,0.11902897842487092,1.052722386500366,0.01391059835187972,0.047328958889531585
Wang,ZNF846_+_+,ZNF846 (+),0.9189014519453828,0.1859489918901297,1.651853912000636,0.014006958870316099,0.04751623215593957
Wang,KLF12_+_+,KLF12 (+),0.2754507938935589,0.05534421593179126,0.49555737185532656,0.014180230882248759,0.04796254563113551
Wamsley,HES1_(+),HES1 (+),0.7414253966196042,0.1481595802454937,1.3346912129937145,0.014312623283009621,0.04812724203351188
Wamsley,SRF_(+),SRF (+),0.38484815014668167,0.0769188747291315,0.6927774255642318,0.014308077347194673,0.04812724203351188
Wamsley,SPI1_(+),SPI1 (+),-0.1942062093724739,-0.3498229149984845,-0.03858950374646328,0.014450065713731298,0.04844774218889502
Wang,MXD3_-_+,MXD3 (-),1.0449494159462545,0.20437984176344215,1.8855189901290668,0.014834038180757096,0.049590534615903084
Wen,M75-iso,DHX34,0.20925886561383655,0.040479020250772935,0.37803871097690017,0.015102247241939943,0.05023125917894952
Wang,NR2F2_+_+,NR2F2 (+),0.39836781133275073,0.07698963630160494,0.7197459863638965,0.01512449948529964,0.05023125917894952
Wang,NFATC4_+_+,NFATC4 (+),-0.7986013968291622,-1.4430677729098886,-0.15413502074843577,0.01515673646530042,0.05023125917894952
Wamsley,NFIL3_(+),NFIL3 (+),0.3500651809493499,0.06578684266869089,0.6343435192300089,0.015803281533865583,0.05222348782742937
Wamsley,BRF1_(+),BRF1 (+),0.1645887283109417,0.03082323690469374,0.2983542197171897,0.015887561910867622,0.05235156503581022
Wang,SMAD3_+_+,SMAD3 (+),0.27823533876984236,0.051697330668973196,0.5047733468707115,0.016078195270645412,0.0528283558892635
Wamsley,HDX_(+),HDX (+),1.0704556513719239,0.19803251501002106,1.9428787877338267,0.016183277666148032,0.05302213480361891
Wamsley,CEBPB_(+),CEBPB (+),0.17573272749310484,0.032376439184848005,0.3190890158013617,0.016282922943657543,0.053197049389790266
Wang,UNCX_+_+,UNCX (+),1.0267779852842776,0.1887610557093623,1.8647949148591927,0.01633521827198242,0.053216716750084374
GandalIsoforms,IsoformM51_mediumpurple2,TVP23A,-0.44291597870107463,-0.8050484829139065,-0.08078347448824275,0.016526032810056723,0.05368626477843286
Wamsley,ETV5_(+),ETV5 (+),0.17801078355698702,0.0323852014046882,0.32363636570928583,0.016587141604717668,0.05373299393077555
Wang,CUX2_-_+,CUX2 (-),0.35960894115563524,0.06477197112262884,0.6544459111886416,0.016827991371515878,0.054360084486638365
Wang,ZNF3_-_+,ZNF3 (-),0.6950176679549703,0.12300631956955144,1.2670290163403892,0.017249696146966136,0.05555219933211422
Wang,ZNF184_+_+,ZNF184 (+),1.1068400772408127,0.1955331056951014,2.018147048786524,0.0172936411833886,0.05555219933211422
Wamsley,ZBTB14_(+),ZBTB14 (+),0.862840049482281,0.1504591436070294,1.5752209553575325,0.017604837024152442,0.05639432472917913
Wang,FOSL2_+_+,FOSL2 (+),0.5579384276189332,0.09654276112488203,1.0193340941129843,0.017789272417021502,0.05682684244326314
Wen,M44-tr1,LINC01814,-0.328275180033523,-0.6012881297665307,-0.05526223030051536,0.018442940719342802,0.058751750213972914
Wamsley,DBX2_(+),DBX2 (+),0.7572159162003755,0.12690487761468028,1.387526954786071,0.018548214691493137,0.05892388645087599
Wen,M89-iso,RIMS1,0.09691680708359193,0.016136334397629168,0.17769727976955468,0.01870343401828253,0.05925330336370498
Wamsley,BRCA1_(+),BRCA1 (+),-0.19326511068746588,-0.3552671699314589,-0.03126305144347283,0.019381406915026878,0.061232466901870626
Wang,MYB_extended_+_+,MYB (+),-0.5489813123365319,-1.0104145773288995,-0.08754804734416433,0.01971399899272172,0.06177411128509531
Wang,SALL3_extended_+_+,SALL3 (+),-1.037825174896339,-1.910034458511437,-0.16561589128124088,0.01969850969689954,0.06177411128509531
Wang,FOXM1_+_+,FOXM1 (+),-0.5095468942991132,-0.9375648526976947,-0.08152893590053156,0.019636827916433473,0.06177411128509531
Wang,GBX2_+_+,GBX2 (+),1.4662406404432982,0.23279238080628306,2.6996889000803135,0.019817135926781915,0.061928549771193483
Wang,KLF10_+_+,KLF10 (+),0.44850684219062664,0.06682703223747993,0.8301866521437733,0.021275856976717005,0.06612766357628258
Wang,JUN_+_+,JUN (+),0.2591992418457665,0.038660735167205584,0.4797377485243274,0.021252180783331378,0.06612766357628258
Wang,ZBTB44_-_+,ZBTB44 (-),0.5092925224132934,0.07426157346379114,0.9443234713627956,0.02176375840352777,0.0674617848087788
Wang,MYRF_-_+,MYRF (-),0.34746978916589805,0.050514891797777406,0.6444246865340186,0.021830684862426453,0.06748733223599575
Wang,ZNF444_+_+,ZNF444 (+),-1.2488760016833091,-2.3170147198305817,-0.18073728353603657,0.021932570228466345,0.06762052483307318
Wamsley,STAT1_(+),STAT1 (+),-0.12654611827576426,-0.23519267715976472,-0.017899559391763784,0.022442170326821418,0.06900667346482521
Wen,M106-tr2,ZNF292,0.1499943973631847,0.020856444127133056,0.27913235059923636,0.022819637451465185,0.06924164398201837
Wang,EMX2_+_+,EMX2 (+),0.21104570144137869,0.029392227975707258,0.3926991749070501,0.022784666926918603,0.06924164398201837
Wang,ISL1_+_+,ISL1 (+),0.8526358762288487,0.11964972757750825,1.5856220248801893,0.02261763201423,0.06924164398201837
Wang,NEUROD4_extended_+_+,NEUROD4 (+),0.43688524864882006,0.061185680012600885,0.8125848172850392,0.022661614900965427,0.06924164398201837
Wang,NEUROG2_-_+,NEUROG2 (-),0.7872081193358492,0.10996241646315319,1.4644538222085453,0.02271884579352173,0.06924164398201837
Wen,M124-iso,ZFR,0.2070246031698977,0.02868775069318269,0.3853614556466127,0.022895012420893222,0.06928753758954527
Wang,ARX_-_+,ARX (-),0.4825726019938834,0.06630746857828079,0.8988377354094861,0.02308028045417756,0.06966488850998476
GandalIsoforms,IsoformM42_lightpink4,TRPM7,0.19365915129836117,0.026104622346118017,0.3612136802506043,0.023496884468841326,0.07073669408159038
Wen,M72-tr2,GNAQ,0.12144419604601318,0.016278417909114495,0.22660997418291187,0.02361848494716316,0.07091712190401471
Wen,M12-gene,AL450306.1,-0.6600501144568739,-1.2320625332525084,-0.08803769566123953,0.02372485386605764,0.07105099465095387
Wang,PAX6_+_+,PAX6 (+),0.17153235030707092,0.02192262645454937,0.3211420741595925,0.02463353091344437,0.07358067675444421
Wamsley,ARX_(+),ARX (+),0.3649128172703607,0.04531679754639667,0.6845088369943246,0.02523296105982957,0.07517592025596892
Wang,SMAD9_extended_-_+,SMAD9 (-),0.7177819005698148,0.08705709202380785,1.3485067091158218,0.025718497345465847,0.07642447531598377
Wang,CREB1_-_+,CREB1 (-),0.5997573529044322,0.07161036090247141,1.127904344906393,0.026037179261647843,0.07717205193529644
Wamsley,ELK1_(+),ELK1 (+),0.18474746333424166,0.02117016434405039,0.34832476232443293,0.026858327602711847,0.07940122556071626
GandalIsoforms,IsoformM34_bisque4,SERTAD1,0.41530554977590955,0.0452123167484067,0.7853987828034124,0.027852763327295547,0.08191989213910456
Wang,MEIS2_+_+,MEIS2 (+),0.19196174567992738,0.020924720759881582,0.3629987705999732,0.027828320677464827,0.08191989213910456
Wang,NEUROD1_+_+,NEUROD1 (+),0.36648547055509095,0.039567238093429435,0.6934037030167525,0.02801098285495914,0.0821750772530689
GandalIsoforms,IsoformM36_plum2,PSMA7,0.4573062741725977,0.048778609588401634,0.8658339387567938,0.028239828432398962,0.08242589517070764
Wang,ZNF407_+_+,ZNF407 (+),1.1284314151529788,0.1203987939138007,2.136464036392157,0.02823442047021008,0.08242589517070764
Wang,KLF12_-_+,KLF12 (-),-0.20778025466343608,-0.3937707026681859,-0.02178980665868624,0.028557723131264073,0.08291191445426391
Wang,FOXP2_+_+,FOXP2 (+),0.4879804992854479,0.05099594617998343,0.9249650523909123,0.028622634815950235,0.08291191445426391
Wamsley,GABPB1_(+),GABPB1 (+),0.21625682671864055,0.022669085657998828,0.40984456777928224,0.02856564981665642,0.08291191445426391
GandalGenes,GeneM2_blue,PON2,-0.14704996309101823,-0.2790646306420564,-0.015035295539980065,0.029025365468709634,0.08386726203270373
Wamsley,NR2F2_(+),NR2F2 (+),0.21549428814432203,0.021855834222953535,0.4091327420656905,0.029173092805504897,0.084082848938172
GandalIsoforms,IsoformM29_lightsteelblue1,HSPA4,0.3946400114537671,0.0375073637626398,0.7517726591448943,0.03032908170267731,0.08719610989519727
Wamsley,LMO2_(+),LMO2 (+),0.28642520511487096,0.026806748745431208,0.5460436614843107,0.030595132066931013,0.08774165056601164
GandalGenes,GeneM14_cyan,HIVEP2,0.29651852861461286,0.027028489429896718,0.566008567799329,0.031044648836340925,0.0885624310872965
Wang,OVOL2_-_+,OVOL2 (-),1.0522153397168201,0.09598299710989999,2.00844768232374,0.031032227517492142,0.0885624310872965
Wang,XBP1_+_+,XBP1 (+),1.002062248406825,0.09097424094395445,1.9131502558696953,0.03111236709501547,0.0885624310872965
Wamsley,MAFK_(+),MAFK (+),0.25555997103745165,0.022827522069602313,0.488292420005301,0.031384035009305165,0.08911516113753319
Wang,RBPJ_extended_-_+,RBPJ (-),0.5961816981919188,0.052106588307234136,1.1402568080766033,0.03174276081252586,0.08969084750467995
Wamsley,RFX2_(+),RFX2 (+),1.3515339992299475,0.11833630429746744,2.5847316941624277,0.03171349009935539,0.08969084750467995
Wang,PRDM9_+_+,PRDM9 (+),-1.2501721793627654,-2.391973755056837,-0.10837060366869355,0.03187682642096158,0.08984889800025937
Wang,BHLHE40_+_+,BHLHE40 (+),0.30719066319631766,0.026440409603921522,0.5879409167887137,0.03199180644646801,0.08995251201329636
Wang,ARNT2_+_+,ARNT2 (+),0.9920442781447648,0.08027722710360152,1.903811329185928,0.0329659899216688,0.0924655814876076
Wang,E2F2_+_+,E2F2 (+),-0.30893909746617826,-0.5957472599928861,-0.022130934939470326,0.03475755766251934,0.09725350684159913
Wang,DLX5_+_+,DLX5 (+),0.3855551673729482,0.026007952666292744,0.7451023820796037,0.03557852708521059,0.09930899550483538
GandalGenes,GeneM4_yellow,SCN9A,-0.2452923609202582,-0.4753840953591958,-0.015200626481320617,0.036669793735937345,0.10210717384098777
GandalGenes,GeneM9_magenta,GSDMB,-0.35182540971786586,-0.682565322203553,-0.02108549723217873,0.037078984762179,0.10299717989494167
Wang,POU2F1_+_+,POU2F1 (+),0.4373106358619095,0.024993183832896837,0.8496280878909221,0.03764053295423226,0.10430509131895686
Wang,FOXG1_-_+,FOXG1 (-),0.2595441044941312,0.014687995671202297,0.5044002133170601,0.037754230778231264,0.10436866681482201
GandalIsoforms,IsoformM23_darkolivegreen,FBXL17,0.25311162739498644,0.013844630714515443,0.4923786240754574,0.03813954942964825,0.10518101161653595
Wang,NHLH1_-_+,NHLH1 (-),0.6949614283325574,0.03468781234143148,1.3552350443236834,0.03912091136294909,0.10737926586256794
Wamsley,HMGB3_(+),HMGB3 (+),0.6496045017380229,0.03241605578192519,1.2667929476941207,0.03912340208383997,0.10737926586256794
Wang,SATB2_+_+,SATB2 (+),0.4586069747096977,0.021591934094923104,0.8956220153244723,0.03970703216659036,0.10872163569423551
Wang,BATF3_+_+,BATF3 (+),0.552172296963546,0.025628240564518734,1.0787163533625732,0.03984588305774807,0.10884267343565387
GandalIsoforms,IsoformM21_paleturquoise,TARBP1,-0.252601255282037,-0.49361926827247526,-0.011583242291598711,0.03996194776335373,0.10890104248307297
GandalIsoforms,IsoformM44_honeydew1,PLA2G4B,-0.22100714652256118,-0.43252663649977763,-0.009487656545344753,0.040573545734440754,0.11030633001089095
Wamsley,PHF8_(+),PHF8 (+),0.26900879382358156,0.011245607142158442,0.5267719805050046,0.04080980710807955,0.11068697682615915
Wamsley,CELF4_(+),CELF4 (+),0.9968939157596037,0.040984007156458,1.9528038243627495,0.04095542800778131,0.11082056990340826
Wen,M71-xy,TMOD2,0.12837876529144382,0.005089906193336241,0.25166762438955137,0.041264215192338104,0.11113313225102768
Wang,FOXN4_+_+,FOXN4 (+),-0.6059505554210893,-1.187843961126117,-0.024057149716061765,0.04125282203938658,0.11113313225102768
Wamsley,ETS2_(+),ETS2 (+),0.09984545655416938,0.0035564781492817277,0.19613443495905702,0.042118924568880514,0.1129425471957236
Wamsley,FOXK1_(+),FOXK1 (+),0.2830384611274262,0.01006378274966474,0.5560131395051877,0.04213248064953515,0.1129425471957236
GandalIsoforms,IsoformM60_palevioletred2,SPTBN2,0.44282289738255093,0.014736748440561498,0.8709090463245404,0.04261915509969256,0.11398146131313125
Wang,ZEB2_-_+,ZEB2 (-),0.2850616271650873,0.008682229593110102,0.5614410247370645,0.04322558312999331,0.11533508259742996
Wamsley,E2F4_(+),E2F4 (+),0.3576823553982273,0.01008135053134912,0.7052833602651054,0.04371659070758054,0.11637518359656858
GandalGenes,GeneM34_plum1,TIFA,-0.510008397033731,-1.0073581327681898,-0.012658661299272289,0.04444805640694962,0.11804911054963525
Wang,SOX10_-_+,SOX10 (-),0.2962764320651628,0.004803191622939795,0.5877496725073859,0.04634290624893776,0.12279802347068763
Wang,ZBTB16_+_+,ZBTB16 (+),0.8860954373007813,0.013391607360115132,1.7587992672414474,0.04658715311435372,0.12316143926783168
Wamsley,SOX21_(+),SOX21 (+),0.7441033285348031,0.01083947437208388,1.4773671826975223,0.046708694679454356,0.12319953871874428
Wamsley,HEY2_(+),HEY2 (+),0.9617410834284374,0.006294570260433119,1.9171875965964418,0.0485098971120476,0.12765762397907263
Wamsley,KLF15_(+),KLF15 (+),-0.6968253970162794,-1.390441155510878,-0.003209638521680769,0.04894941937960204,0.12852016503776792
Wamsley,FOSB_(+),FOSB (+),0.2050434474425822,2.0860482493423316e-4,0.4098782900602302,0.04976717838315289,0.13036960168707476
Wamsley,YBX1_(+),YBX1 (+),1.5071704941757658,-0.00321182196030545,3.017552810311837,0.05048909201727367,0.13166089755071364
Wamsley,ZNF579_(+),ZNF579 (+),0.9092988222448157,-0.0017388585608172358,1.8203365030504486,0.05043880566477024,0.13166089755071364
Wang,PLAG1_-_+,PLAG1 (-),0.48419694881012054,-0.0014891650436694714,0.9698830626639106,0.05070647508389621,0.13192861164362138
Wang,ZNF254_+_+,ZNF254 (+),0.6417836062977984,-0.0029474236340347737,1.2865146362296316,0.05105640218853126,0.1325391930402053
GandalGenes,GeneM28_saddlebrown,OLFML3,-0.5013648683992864,-1.0055220796213535,0.0027923428227808467,0.051282255592419196,0.13282566200739207
Wen,M24-gene,NALCN,-0.1313520427356729,-0.26382205179623197,0.0011179663248861715,0.051964726314019855,0.13429086575533222
GandalIsoforms,IsoformM45_darkseagreen4,DNM1L,0.22679325578365112,-0.002125440980894594,0.45571195254819685,0.05216502826999978,0.1345062388127797
GandalIsoforms,IsoformM15_darkturquoise,SNHG14,-0.3606320432199999,-0.7258437735403047,0.0045796871003048745,0.05294239507706939,0.13620526697680047
Wang,HEY1_+_+,HEY1 (+),1.0530797240830136,-0.015059450388936302,2.1212188985549636,0.05331811076329803,0.13656086275677667
Wamsley,TEF_(+),TEF (+),0.24890814542734513,-0.003524464847027897,0.5013407557017182,0.05328505999669179,0.13656086275677667
Wen,M90-tr1,PPP2R2C,0.10358496172662014,-0.0016251173990537854,0.20879504085229406,0.05364468859869469,0.13678800862194876
Wamsley,USF2_(+),USF2 (+),0.3617695506389588,-0.005588635917424922,0.7291277371953426,0.053588017877143804,0.13678800862194876
Wen,M16-xy,FAT1,-0.18412825082865175,-0.37334590569992987,0.005089404042626394,0.05648754253988889,0.1433723655370393
Wen,M20-tr2,IKZF2,-0.25622627528737596,-0.5196556854404708,0.00720313486571883,0.05660091648157899,0.1433723655370393
Wang,NKX3-1_extended_+_+,NKX3 (-),-0.9803976978010372,-1.9877602393750688,0.026964843772994462,0.05645474858987223,0.1433723655370393
Wen,M102-gene,DTL,-0.09222694801333663,-0.18710730022986996,0.0026534042031967076,0.056759152233242696,0.14345719795215187
Wen,M26-xx,NALCN,-0.11372786518288161,-0.23133896288543143,0.0038832325196682116,0.0580578083645141,0.14641771846313864
GandalIsoforms,IsoformM55_blue2,WAC,0.3840161096897275,-0.013847780583484626,0.7818799999629396,0.05852326029291682,0.14726859811127868
Wang,ZIC1_+_+,ZIC1 (+),0.49800473011348634,-0.02071863824026121,1.016728098467234,0.05987779284723454,0.15034816981292518
Wang,NKX1-2_+_+,NKX1 (-),-1.095460838520905,-2.237511715312111,0.04659003827030084,0.06010536913072235,0.15059079411836754
Wang,LEF1_+_+,LEF1 (+),0.4181996948165132,-0.018700898456110893,0.8551002880891373,0.06064376121515237,0.15128053231545605
Wamsley,ZKSCAN5_(+),ZKSCAN5 (+),1.445907225377781,-0.0643918929933398,2.9562063437489017,0.06059847730340323,0.15128053231545605
GandalIsoforms,IsoformM54_indianred4,PNN,0.3506506473396152,-0.016924492898434507,0.718225787577665,0.06152070963136109,0.15242784337589546
Wang,PBX3_extended_+_+,PBX3 (+),0.37304456138083014,-0.018175669782840298,0.7642647925445005,0.06163386710416642,0.15242784337589546
Wamsley,BACH2_(+),BACH2 (+),0.401022651478509,-0.019207064658065598,0.8212523676150836,0.0614288702787794,0.15242784337589546
Wamsley,SOX8_(+),SOX8 (+),0.16316523931668023,-0.007862036089474861,0.3341925147228353,0.06150052614240099,0.15242784337589546
GandalIsoforms,IsoformM20_steelblue,SRBD1,-0.1925615992195374,-0.394853083941505,0.00972988550243023,0.06208225487182349,0.15320728133604508
Wamsley,NFIA_(+),NFIA (+),0.9063483959365591,-0.04959497202859242,1.8622917639017107,0.06312703497393359,0.1554520133191084
Wen,M32-tr1,NPM1P40,-0.42596929578579634,-0.8772565942559079,0.02531800268431511,0.06431013233187102,0.1580270345761788
Wang,TCFL5_-_+,TCFL5 (-),0.669190790858564,-0.043451239254909346,1.3818328209720374,0.06569788023982516,0.1610928833172685
Wen,M29-iso,CHD8,0.15354014057275833,-0.01057206872966393,0.3176523498751806,0.06669512617274008,0.16319020233755552
GandalIsoforms,IsoformM46_coral1,DCAF4,0.23753511559065987,-0.016755770738967612,0.49182600192028736,0.06712479284657165,0.16354557579143517
Wang,ZBTB1_extended_+_+,ZBTB1 (+),0.5159500732243859,-0.03637319475667855,1.0682733412054504,0.06711389810971603,0.16354557579143517
Wang,EGR4_+_+,EGR4 (+),0.3104422053173484,-0.02251785381416027,0.6434022644488571,0.06763465189501416,0.16443942849739174
Wang,SPI1_+_+,SPI1 (+),-0.6435044423783823,-1.3371483831592452,0.05013949840248055,0.06901660532186737,0.16735861153342463
Wang,RFX6_extended_+_+,RFX6 (+),-0.6431028858235015,-1.3365879295173952,0.05038215787039235,0.06912638302467539,0.16735861153342463
Wang,SMAD5_+_+,SMAD5 (+),0.2330169029038781,-0.018751000675752028,0.48478480648350825,0.06967569771154708,0.16814533918965568
Wang,SATB2_-_+,SATB2 (-),0.30794889116824475,-0.024861912519407336,0.6407596948558969,0.06974376242910066,0.16814533918965568
Wang,NHLH1_+_+,NHLH1 (+),0.3273515966892147,-0.02728163342696549,0.681984826805395,0.07041864486900765,0.16941724183966275
Wamsley,TP53_(+),TP53 (+),-0.2575097651054297,-0.5370172497020702,0.02199771949121082,0.0709598033143879,0.1703627845752528
GandalIsoforms,IsoformM6_black,SOX4,0.21884194035802335,-0.019493574990679136,0.45717745570672585,0.0719109356313533,0.17157173439015827
Wang,TEAD4_+_+,TEAD4 (+),-1.6020247112534929,-3.3460679120048704,0.14201848949788487,0.07179958415772092,0.17157173439015827
Wang,NEUROG1_+_+,NEUROG1 (+),0.6940385018825739,-0.06167903986991119,1.449756043635059,0.07185709453514323,0.17157173439015827
Wang,IRF9_+_+,IRF9 (+),-0.6197493855291455,-1.2957701294849806,0.05627135842668962,0.07236060072140604,0.17228714457477629
Wang,VSX2_+_+,VSX2 (+),-1.237350780873747,-2.588365327155711,0.11366376540821732,0.07263895772717108,0.17259256484761723
Wamsley,POLR3A_(+),POLR3A (+),0.5225948266796958,-0.04894710436243899,1.0941367577218306,0.07311106732940821,0.1733561390284937
Wamsley,TAF7_(+),TAF7 (+),0.5132072925106581,-0.04841391488135216,1.0748284999026683,0.07328806478030271,0.1734182602826093
Wang,MAFA_+_+,MAFA (+),-0.6189958263513495,-1.2971335989515294,0.05914194624883029,0.07360573924158835,0.17345614780292337
Wamsley,ARID3A_(+),ARID3A (+),-0.3457052933199196,-0.724379168753478,0.03296858211363868,0.0735587220347478,0.17345614780292337
Wang,USF2_+_+,USF2 (+),0.5267154318011785,-0.05536713854222253,1.1087980021445796,0.07613573683667259,0.17905132384902553
Wang,CUX1_+_+,CUX1 (+),0.2893603676774559,-0.030776498134135577,0.6094972334890474,0.0764660474476133,0.17946113176480674
Wang,PRDM5_extended_+_+,PRDM5 (+),-0.8608042932103911,-1.8162712974633917,0.09466271104260959,0.07742787473497326,0.18134838278048726
Wamsley,ZNF768_(+),ZNF768 (+),0.260658254581515,-0.03007870533845941,0.5513952145014893,0.07888002783460524,0.18437404880039843
Wen,M10-iso,NARS1,-0.061815369051939247,-0.1310710539076279,0.00744031580374941,0.08021668383174867,0.18490788540159717
Wen,M81-xy,MIB2,-0.11150077697698305,-0.23626848368592288,0.013266929731956784,0.07984519828555715,0.18490788540159717
Wang,RFX8_extended_+_+,RFX8 (+),-0.9005714805123224,-1.907694075207582,0.10655111418293717,0.07966478748265024,0.18490788540159717
Wang,AHR_-_+,AHR (-),0.6545245271172478,-0.07882276938743071,1.3878718236219263,0.08023394331773652,0.18490788540159717
Wang,ZSCAN30_+_+,ZSCAN30 (+),-0.4126620295503272,-0.8741062557823085,0.04878219668165412,0.07963745339224791,0.18490788540159717
Wang,PEG3_-_+,PEG3 (-),0.5211665953733551,-0.06220371102968414,1.1045369017763944,0.07994477469728861,0.18490788540159717
Wamsley,CREBL2_(+),CREBL2 (+),0.34085012645281215,-0.040769711275163545,0.7224699641807879,0.08001404638779144,0.18490788540159717
Wamsley,SOX13_(+),SOX13 (+),0.3411667616134845,-0.04397709946499806,0.7263106226919671,0.08252847322763332,0.1898154884235566
Wang,SOX8_+_+,SOX8 (+),0.18379187389360993,-0.02466829793232153,0.3922520457195414,0.08397697459751327,0.1927615185372061
Wamsley,HIVEP1_(+),HIVEP1 (+),-0.936343779843006,-2.0045427051834017,0.13185514549738964,0.08578459562809468,0.19651849596077467
Wamsley,GLI2_(+),GLI2 (+),-0.8365770773084454,-1.7921300254104489,0.11897587079355798,0.08616882983321088,0.19700627099044238
Wen,M59-iso,PSMB4,-0.05022433248730938,-0.10762287279840746,0.007174207823788699,0.08634093627809011,0.1970080887297691
Wen,M67-xx,MEF2C,0.1677651840563667,-0.024313841746170683,0.3598442098589041,0.08691485937354933,0.19714415834237028
Wang,STAT5A_+_+,STAT5A (+),-0.6602332921888989,-1.4158333841354946,0.09536679975769691,0.08678159260369031,0.19714415834237028
Wamsley,ZFX_(+),ZFX (+),0.4750034482389427,-0.0683003989598332,1.0183072954377186,0.0866012704387996,0.19714415834237028
Wamsley,PDLIM5_(+),PDLIM5 (+),0.12706596656990565,-0.018552521620728568,0.2726844547605399,0.08721236846229038,0.19742957427486996
Wang,MEF2A_-_+,MEF2A (-),0.7941777843475586,-0.11707996098470186,1.7054355296798192,0.08760308033427441,0.19792444476309543
GandalGenes,GeneM18_lightgreen,DNAH1,-0.3552800338317139,-0.7637051096096528,0.05314504194622488,0.08820095919793265,0.1984953093495549
Wang,NFKB1_-_+,NFKB1 (-),0.4450344612292742,-0.06646741021178998,0.9565363326703384,0.08813653559006424,0.1984953093495549
Wamsley,BRF2_(+),BRF2 (+),-0.6510682314738486,-1.4067993695615029,0.10466290661380562,0.091303572634292507,0.20507638384655544
Wang,JUNB_+_+,JUNB (+),0.39723657952482944,-0.06445098103834496,0.8589241400880039,0.09172018185521598,0.2056105441198799
Wang,HBP1_-_+,HBP1 (-),0.8200608231689359,-0.13555512993905827,1.77567677627693,0.09257298235684837,0.20711854029255958
Wamsley,NFIC_(+),NFIC (+),0.4899756364867974,-0.08155302316172713,1.0615042961353218,0.09289331782290809,0.20743168057542583
Wang,REST_-_+,REST (-),0.7423942097510583,-0.13019193565716036,1.614980355159277,0.09540077114377477,0.2126179977041492
Wang,E2F7_-_+,E2F7 (-),0.6049102699208433,-0.10827375785264515,1.3180942976943317,0.0964232050236651,0.21448101697720476
Wamsley,ETV6_(+),ETV6 (+),0.07450949402937827,-0.013667068810375563,0.16268605686913212,0.09767800728035334,0.21685271886564927
Wamsley,POLR2A_(+),POLR2A (+),0.11962451396635472,-0.022825140124855023,0.26207416805756445,0.0997731943011361,0.22107740548421295
Wen,M87-tr2,PPP2R2C,0.09023373757836453,-0.01739426384131504,0.1978617389980441,0.10033194840484008,0.22118330553432564
GandalIsoforms,IsoformM26_skyblue3,FOS,0.2842776629997851,-0.05465667185420936,0.6232119978537796,0.1001884220369736,0.22118330553432564
Wamsley,PPARA_(+),PPARA (+),-0.29726723223272233,-0.6519072627841179,0.05737279831867326,0.10039798738166782,0.22118330553432564
Wang,ZNF273_-_+,ZNF273 (-),0.6323263668769931,-0.12369170207942859,1.3883444358334147,0.10114306624126768,0.22239871162037825
Wamsley,NKX2-2_(+),NKX2 (-),1.2618042817467372,-0.24911491080393322,2.7727234742974076,0.10166093726352819,0.22274937149639018
Wamsley,TBX2_(+),TBX2 (+),0.4210251479112262,-0.08316468873169319,0.9252149845541455,0.10168993046574333,0.22274937149639018
GandalGenes,GeneM30_paleturquoise,FBLN2,0.30177511383925115,-0.0603292600819742,0.6638794877604766,0.10237189733958132,0.22381688581847628
Wamsley,IRF8_(+),IRF8 (+),-0.13712774638579925,-0.3020533462242172,0.027797853452618676,0.10317359432120388,0.22514161948649802
Wang,FOXP1_+_+,FOXP1 (+),0.437468665652095,-0.08940851497480767,0.9643458462789978,0.10364995672515197,0.22575274665516054
Wang,DLX1_+_+,DLX1 (+),0.26515232509449316,-0.05456127202215033,0.5848659222111366,0.10405052386606037,0.2261967910131747
Wang,JUND_-_+,JUND (-),0.6694219599313124,-0.1383859663868625,1.4772298862494873,0.10432357871463992,0.2261997427114858
Wamsley,IVD_(+),IVD (+),-1.4448239816653556,-3.188940891816408,0.2992929284856969,0.10444527250417301,0.2261997427114858
Wang,ZBTB20_+_+,ZBTB20 (+),0.11410490825739691,-0.023896892157118377,0.2521067086719122,0.10510066119492796,0.22689378327333568
Wamsley,ZNF853_(+),ZNF853 (+),1.1168526697512449,-0.23413327426763675,2.4678386137701267,0.10516033607364167,0.22689378327333568
Wen,M121-tr1,SPIRE1,0.09605913753075543,-0.020292104220537774,0.21241037928204864,0.1056232876568067,0.22746588165791706
Wen,M51-iso,AL022322.2,-0.04812357266854453,-0.10654949442524032,0.010302349088151266,0.10643982244864994,0.22836902204467804
Wang,SOX1_+_+,SOX1 (+),0.38475250784164666,-0.08218989977950741,0.8516949154628007,0.10630623833201189,0.22836902204467804
Wen,M107-tr1,SMCHD1,0.09151888016715605,-0.019692803051503255,0.20273056338581535,0.10675588550015178,0.22862061140628406
GandalIsoforms,IsoformM38_salmon4,EIF4ENIF1,0.38164087910008115,-0.08527292945188691,0.8485546876520492,0.10914257700420049,0.232974803643237
Wang,TFAP2C_-_+,TFAP2C (-),0.4944818872538374,-0.11057415725705716,1.099537931764732,0.10919427753365629,0.232974803643237
Wang,E2F1_+_+,E2F1 (+),-0.2894005374771279,-0.6440525297218389,0.06525145476758304,0.10973155672607521,0.23325561965801567
Wamsley,MAF_(+),MAF (+),0.1963309396770533,-0.044236761701909794,0.4368986410560164,0.10968699987459923,0.23325561965801567
Wang,BBX_+_+,BBX (+),0.3917923339106827,-0.09317402043166828,0.8767586882530336,0.11331822155762356,0.2404353409432972
Wamsley,RARG_(+),RARG (+),-0.34893202795439743,-0.7813845489895233,0.08352049308072834,0.11376862338760542,0.24094643995533377
Wen,M37-gene,AL121756.1,-1.0889831243686932,-2.440599469404515,0.2626332206671289,0.11429719600701582,0.24162091067659594
Wen,M38-xx,AL121756.1,-1.4012372382315366,-3.145839288629145,0.3433648121660722,0.11542735513482834,0.24356230900009646
Wamsley,TEAD1_(+),TEAD1 (+),0.27881105019455,-0.06911247500135903,0.626734575390459,0.1162572087097381,0.24486408427875242
Wang,ZNF467_+_+,ZNF467 (+),0.47473185869810297,-0.11847385075215233,1.0679375681483583,0.11674775560663458,0.24544774944722078
GandalIsoforms,IsoformM17_orange,SEMA3G,-0.38251271753436045,-0.8609138306813734,0.0958883956126525,0.11707583068355545,0.2456883308140306
Wang,POU3F1_+_+,POU3F1 (+),0.4553279810455282,-0.1161495427238558,1.026805504814912,0.11836789944630903,0.24794733035201344
Wamsley,MEOX2_(+),MEOX2 (+),0.4809370919111881,-0.12403358959420668,1.085907773416583,0.11919231133683117,0.24922028734064697
Wen,M13-xy,AC138305.3,-1.6935339509959895,-3.830599647742919,0.44353174575094023,0.12036643594400324,0.24984759432042708
Wen,M66-gene,ARPP21,0.14533714031527362,-0.03784599419878948,0.3285202748293367,0.11992690585869165,0.24984759432042708
Wang,IKZF1_+_+,IKZF1 (+),-0.25645089440860214,-0.5797436520672229,0.06684186325001862,0.11999758000760806,0.24984759432042708
Wang,TFDP2_-_+,TFDP2 (-),0.5106945996380132,-0.13411810415851866,1.155507303434545,0.1205786216068148,0.24984759432042708
Wamsley,BCL11A_(+),BCL11A (+),0.6916977326638871,-0.18115464284112492,1.5645501081688993,0.1203668462165173,0.24984759432042708
Wang,MXD3_+_+,MXD3 (+),-0.392944711262073,-0.8902759281669161,0.10438650564277013,0.12147069520505635,0.2507922791486801
Wamsley,SALL1_(+),SALL1 (+),1.0675103705256186,-0.28354742517731424,2.4185681662285514,0.12146002056493568,0.2507922791486801
Wang,ZNF431_-_+,ZNF431 (-),0.5620244656631325,-0.15052023400295067,1.2745691653292157,0.12210832411914994,0.25165694038892905
Wang,ZNF273_+_+,ZNF273 (+),0.33078388578708823,-0.08902008087548186,0.7505878524496583,0.12249139659042467,0.2519948230393352
Wen,M95-xy,LAPTM5,-0.18399136639234853,-0.41777504603628013,0.04979231325158309,0.12293472094482318,0.25245523051169044
Wang,NR2F6_+_+,NR2F6 (+),0.7919210661038124,-0.21537390165789183,1.7992160338655165,0.12332995161382254,0.2528154088340391
Wang,HNF4G_+_+,HNF4G (+),-0.21939381554242235,-0.4989017507895779,0.06011411970473321,0.12393075911149339,0.2535949697121306
Wen,M99-iso,MOB1A,-0.07264326329052029,-0.1653880534195094,0.020101526838468817,0.12473193742767956,0.2540039518015209
Wen,M116-tr1,ZNF570,0.09857573624159419,-0.02733624311459626,0.22448771559778463,0.1249080500674615,0.2540039518015209
Wang,HMX1_+_+,HMX1 (+),0.41830682149499726,-0.11640447719703045,0.9530181201870249,0.1251925324196727,0.2540039518015209
Wamsley,HMBOX1_(+),HMBOX1 (+),0.7889054745660495,-0.21841510094121652,1.7962260500733156,0.1247740858200638,0.2540039518015209
Wamsley,RELB_(+),RELB (+),-0.1554108819752506,-0.3540911213494334,0.04326935739893217,0.12523499188822815,0.2540039518015209
Wang,ATF2_+_+,ATF2 (+),0.8336696363308762,-0.23482895429148076,1.9021682269532332,0.12619894798934603,0.25550843342913365
GandalIsoforms,IsoformM10_lightcyan,SPATA2L,0.3437197272899634,-0.09776594480570289,0.7852053993856297,0.12701344049722083,0.2567055475778628
Wang,ZNF730_+_+,ZNF730 (+),-0.18998217883238364,-0.43515313108334175,0.05518877341857448,0.12880749821916201,0.25987477710883566
Wang,NR2E1_-_+,NR2E1 (-),0.4878413242145551,-0.14287363302926775,1.118556281458378,0.12951127885433467,0.2608370765017248
GandalGenes,GeneM24_darkgrey,SLC38A5,-0.3050143419573273,-0.7026523358038975,0.09262365188924293,0.13271710571560186,0.26682634890374496
GandalGenes,GeneM29_steelblue,ACOT11,-0.38635655366991295,-0.8905326963013218,0.11781958896149591,0.1330976818115539,0.26712449229194934
Wamsley,TCF3_(+),TCF3 (+),0.24047428601582446,-0.07403445102038167,0.5549830230520306,0.13396525439292628,0.26839728667572343
GandalGenes,GeneM15_midnightblue,NECAP2,-0.17124334616248957,-0.39573650965033064,0.0532498173253515,0.134884895508366,0.2693014406851057
Wang,ZNF518A_-_+,ZNF518A (-),0.4078682405329709,-0.12681871506116382,0.9425551961271056,0.1348761695768726,0.2693014406851057
Wang,ATF7_-_+,ATF7 (-),0.28095071306008834,-0.08972800068800835,0.651629426808185,0.13739005219187536,0.27335391007034027
Wang,MAZ_-_+,MAZ (-),0.5563422046741046,-0.17750291962112152,1.2901873289693306,0.1372949200533334,0.27335391007034027
Wang,MYBL2_+_+,MYBL2 (+),0.6598625435052432,-0.212489102312996,1.5322141893234824,0.13817912872426846,0.27444904668896153
Wang,ZNF254_-_+,ZNF254 (-),0.6570898862877353,-0.21543003053039422,1.529609803105865,0.13991915437923128,0.27742590954502755
Wang,SP4_+_+,SP4 (+),0.5212282300153654,-0.17231096987307837,1.2147674299038091,0.14073430537415207,0.2785618781071857
Wen,M86-gene,PPP2R2C,0.08780602124859636,-0.029426281043902866,0.20503832354109558,0.14209025338892428,0.2807625281739913
Wang,MGA_+_+,MGA (+),0.4429463653765573,-0.15019585106389044,1.0360885818170051,0.14327167760984433,0.2816871688689255
Wang,DLX2_-_+,DLX2 (-),0.7131802041746041,-0.24238130617199727,1.6687417145212056,0.1435035906203653,0.2816871688689255
Wang,NFIC_-_+,NFIC (-),-0.713256975368276,-1.6687767520312469,0.24226280129469469,0.14344302026172523,0.2816871688689255
Wang,DLX2_+_+,DLX2 (+),0.48113876370632835,-0.16396954745254788,1.1262470748652045,0.1437829288052689,0.2816871688689255
Wamsley,MAFF_(+),MAFF (+),0.20433438904804982,-0.06950122373460813,0.4781700018307078,0.1435857276235151,0.2816871688689255
Wamsley,SP1_(+),SP1 (+),0.36470528896129933,-0.1260668111683687,0.8554773890909674,0.14523935335024218,0.28405655842309274
Wamsley,MLXIPL_(+),MLXIPL (+),0.2276137833133437,-0.07888947059500684,0.5341170372216942,0.14551617235044198,0.2841147677470429
Wang,TBX1_extended_+_+,TBX1 (+),0.7906452252910658,-0.2777388462741288,1.8590292968562605,0.14691795524075213,0.2863655059777372
Wang,NFIX_-_+,NFIX (-),0.2754987200094973,-0.09773921459441443,0.648736654613409,0.1479621223308017,0.2869417212148768
Wang,ESRRG_+_+,ESRRG (+),0.36282029089062,-0.12831299897511694,0.853953580756357,0.14762781053106394,0.2869417212148768
Wamsley,FOXQ1_(+),FOXQ1 (+),0.9105257360932653,-0.3229245460067136,2.143976018193244,0.1479278093313517,0.2869417212148768
GandalIsoforms,IsoformM8_purple,RPL35,0.26031811594806425,-0.09482798956156907,0.6154642214576975,0.15080665554828096,0.2898744513896349
GandalIsoforms,IsoformM13_lightyellow,RP11-794G24.1,0.2358498888227036,-0.08608561535253154,0.5577853929979387,0.15102349085582958,0.2898744513896349
Wang,SOX21_+_+,SOX21 (+),-0.3753432727402578,-0.8868270030944264,0.1361404576139108,0.15033728037877872,0.2898744513896349
Wang,BACH1_+_+,BACH1 (+),0.15310525894009422,-0.05593732761837375,0.36214784549856216,0.15112837417163158,0.2898744513896349
Wang,SOX2_+_+,SOX2 (+),0.1182193771045289,-0.042950985449489554,0.27938973965854735,0.15051888954340958,0.2898744513896349
Wang,SOX5_-_+,SOX5 (-),0.10087290353584391,-0.036891352547751305,0.23863715961943913,0.1512388442032878,0.2898744513896349
Wamsley,REL_(+),REL (+),-0.17402659474491752,-0.4116246660609055,0.06357147657107043,0.151112024492987,0.2898744513896349
GandalGenes,GeneM26_darkorange,PNCK,-0.30679197139631975,-0.7266185325969817,0.11303458980434222,0.15205293884581392,0.29094988298283864
Wamsley,OLIG1_(+),OLIG1 (+),0.8337508738297287,-0.3081474772247136,1.975649224884171,0.152397621828432,0.2911250250875362
Wang,ZNF430_-_+,ZNF430 (-),0.6622316653407262,-0.24940733612238397,1.5738706668038365,0.15450100480209106,0.29465365758276074
Wang,SCRT2_extended_+_+,SCRT2 (+),0.45582428789013696,-0.1745832332014824,1.0862318089817564,0.15641434688376102,0.2968259058025168
Wamsley,MEF2C_(+),MEF2C (+),0.5842736831119238,-0.22365944201393206,1.3922068082377796,0.1563525196120976,0.2968259058025168
Wamsley,SOX2_(+),SOX2 (+),0.12735774718605375,-0.048589123411883345,0.30330461778399087,0.15596850578863808,0.2968259058025168
Wang,SP5_+_+,SP5 (+),0.48797463662963764,-0.18801387674157383,1.1639631500008492,0.15709980283830907,0.2972117263392779
Wang,KLF16_+_+,KLF16 (+),0.7269769062878928,-0.2801844446883017,1.7341382572640873,0.1571345474906791,0.2972117263392779
Wamsley,TEAD4_(+),TEAD4 (+),-0.26096666843157923,-0.6230795285221538,0.10114619165899524,0.1577851487933577,0.2979522514160285
GandalIsoforms,IsoformM0_grey,IsoformM0 (NA),-0.08104671531500027,-0.19398239956665622,0.03188896893665569,0.1595464383942049,0.30023282430700643
Wang,ZNF281_-_+,ZNF281 (-),0.3842865876358825,-0.1514976413266752,0.9200708165984403,0.15977607693555473,0.30023282430700643
Wamsley,ZNF160_(+),ZNF160 (+),-0.47372789501693746,-1.133452027345829,0.18599623731195414,0.15929442584634346,0.30023282430700643
Wen,M119-xy,SLC26A4,0.17787991622721236,-0.070573403792381445,0.4263332362468062,0.16052967495959092,0.3011568127300645
Wamsley,IRF7_(+),IRF7 (+),-0.21686740434109006,-0.5202562964792364,0.08652148779705635,0.161192292072085,0.30190738743142953
Wang,EBF3_+_+,EBF3 (+),0.5083651177284528,-0.2041396681713763,1.220869903628282,0.1619710264019959,0.30287265099560207
Wen,M108-xx,CPSF6,-0.07884867061008782,-0.18960821132930294,0.03191087010912731,0.16291386969768848,0.3041411528447106
Wang,HEY2_extended_+_+,HEY2 (+),0.4046918114407534,-0.16680898836126834,0.9761926112427751,0.16515206314643135,0.30781989079156574
Wang,IRF5_+_+,IRF5 (+),-0.7548961765998983,-1.8231936949951884,0.3134013417953918,0.16604098946605786,0.3089759512717905
Wamsley,ETV4_(+),ETV4 (+),0.8060505089099982,-0.33599360917817334,1.9480946269981696,0.1665440220880304,0.30941134959811784
GandalIsoforms,IsoformM58_thistle,CCSER2,0.2739014197252063,-0.11799788118914034,0.665800720639553,0.17072022034521805,0.3158036542377643
Wang,BARHL2_+_+,BARHL2 (+),0.5650515959983875,-0.2426540721497048,1.3727572641464798,0.1703115611222951,0.3158036542377643
Wang,ARNTL_extended_-_+,ARNTL (-),0.6678318200591505,-0.28793731146578605,1.6236009515840872,0.17082430164350026,0.3158036542377643
Wamsley,THAP1_(+),THAP1 (+),0.17059527800118424,-0.07370034671509623,0.4148909027174647,0.17108319703489316,0.3158036542377643
Wang,SOX1_-_+,SOX1 (-),0.460613131442108,-0.2002065733406534,1.1214328362248693,0.17187019223021507,0.31587449350565866
Wang,ZIC3_+_+,ZIC3 (+),0.7022815983293099,-0.3050272944715512,1.7095904911301711,0.17177614816112258,0.31587449350565866
Wang,JDP2_+_+,JDP2 (+),0.21059732497438,-0.09158976604719493,0.5127844159959549,0.17194559385612376,0.31587449350565866
Wamsley,ZNF740_(+),ZNF740 (+),0.6653996514272663,-0.2901383728438818,1.6209376756984144,0.17228366199078782,0.31599076760670813
Wamsley,RREB1_(+),RREB1 (+),0.8588673333253407,-0.3755000149121328,2.093234681562814,0.17263242682291002,0.31612625930946897
Wang,ZNF148_-_+,ZNF148 (-),-0.33205389527971096,-0.8104678669596558,0.14636007640023385,0.17369813978185425,0.3175721156583981
GandalIsoforms,IsoformM7_magenta,PTK2B,0.15973986827477782,-0.0724515632228592,0.3919312997724148,0.17751390866256211,0.3240333253364229
Wang,SOX4_-_+,SOX4 (-),0.09515575745766218,-0.04356700037814397,0.23387851529346831,0.17879260928268653,0.3258502387877805
Wang,ZIC5_+_+,ZIC5 (+),0.6547083446674606,-0.300806983198752,1.6102236725336732,0.1792701282640498,0.3262035561766729
GandalIsoforms,IsoformM9_cyan,GRIA1,0.15880839819149192,-0.07341884600294574,0.3910356423859296,0.18012177135812535,0.3272354455953304
Wang,TFEB_+_+,TFEB (+),0.10234532573009639,-0.04782303932864357,0.25251369078883634,0.18159862132065915,0.32939813015576974
Wang,MAFG_+_+,MAFG (+),-0.5495739226607291,-1.357289920745572,0.2581420754241138,0.182325191992524,0.3298920803846631
Wang,YBX1_-_+,YBX1 (-),0.6214577033574854,-0.29215639924906156,1.5350718059640323,0.1824446635866485,0.3298920803846631
Wen,M123-iso,OSBPL6,0.16974475285724117,-0.08069152956692516,0.4201810352814075,0.18400736850182514,0.3302697055493055
Wang,ZBTB7C_+_+,ZBTB7C (+),0.3625589650036478,-0.1723325478059785,0.8974504778132741,0.1839934016729337,0.3302697055493055
Wang,EN2_+_+,EN2 (+),-0.41828772209078285,-1.0354862575370376,0.19891081335547184,0.18405672920515548,0.3302697055493055
Wang,RORA_+_+,RORA (+),0.1407339018378332,-0.06690362441204181,0.34837142808770816,0.18401365700810954,0.3302697055493055
Wamsley,POU6F1_(+),POU6F1 (+),0.2649488745640384,-0.126021869172398,0.6559196183004747,0.18408946196269987,0.3302697055493055
Wang,SP8_+_+,SP8 (+),0.3282247265597971,-0.1569910211119892,0.8134404742315835,0.18487918145781718,0.3311698733278657
Wen,M57-xx,SKP1,0.06108502509916972,-0.030132129611332985,0.15230217980967242,0.18932363080244147,0.33824289205702784
Wang,ZNF22_-_+,ZNF22 (-),0.6402705038366325,-0.316033398176523,1.596574405849788,0.18941601955193557,0.33824289205702784
Wen,M39-tr1,AC090539.1,-1.417018740210588,-3.5529583250947074,0.7189208446735313,0.1934860780223797,0.3439995824799563
Wang,SOX13_+_+,SOX13 (+),0.2869954163364395,-0.14564831885542046,0.7196391515282994,0.19352924833222246,0.3439995824799563
Wang,NKX2-3_extended_+_+,NKX2 (-),0.4726192562071142,-0.23986386564235018,1.1851023780565786,0.19353715640394065,0.3439995824799563
Wen,M36-xy,AL121756.1,-0.7565238022125969,-1.8987944606481864,0.38574685622299265,0.19423839182756358,0.34471319537299094
Wang,VEZF1_-_+,VEZF1 (-),0.30209358400310654,-0.15459367963697834,0.7587808476431914,0.1947838601359977,0.34514859654298513
Wamsley,IRF3_(+),IRF3 (+),-0.26241187949769695,-0.6600725223594339,0.13524876336404007,0.19586562956170356,0.34653149845532166
Wamsley,ZBTB7B_(+),ZBTB7B (+),0.7011815335365109,-0.3670929868201743,1.769456053893196,0.19826151933162464,0.34969439759412324
Wamsley,ZKSCAN4_(+),ZKSCAN4 (+),0.40541951730443904,-0.2118847444062364,1.0227237790151145,0.19799526747036658,0.34969439759412324
Wamsley,EMX1_(+),EMX1 (+),-0.6993020172644047,-1.7675512601221859,0.36894722559337656,0.1994561858327817,0.35126280812817606
Wamsley,ZIC1_(+),ZIC1 (+),-0.8796716162085043,-2.2307471469395352,0.4714039145225266,0.20189362808639705,0.35501173134458197
Wang,BNC2_+_+,BNC2 (+),-0.33218775666411204,-0.8436773003038324,0.17930178697560828,0.20303067611456826,0.35646607256756263
Wang,FLI1_+_+,FLI1 (+),-0.16163799183546868,-0.4107828348925834,0.08750685122164603,0.20350439756998862,0.3567531359839739
Wamsley,TRPS1_(+),TRPS1 (+),-0.2636109504248782,-0.6720615303331899,0.14483962948343354,0.20586820248014998,0.36034769079478307
Wang,TCF7L1_+_+,TCF7L1 (+),0.14221795885070346,-0.08023197660173423,0.36466789430314117,0.21016269809006258,0.3658929457580457
Wang,SP3_-_+,SP3 (-),0.3229379518341886,-0.1816292388644658,0.827505142532843,0.20966110590906512,0.3658929457580457
Wang,ZNF83_+_+,ZNF83 (+),0.5575379699396574,-0.31481358628952605,1.429889526168841,0.21030890186614629,0.3658929457580457
Wang,OLIG2_+_+,OLIG2 (+),0.15488002793703745,-0.08723679319278299,0.3969968490668579,0.20990206328952465,0.3658929457580457
Wang,ARNT2_-_+,ARNT2 (-),0.2813966816475058,-0.16024676074739913,0.7230401240424107,0.21171269932120332,0.36763967699808753
Wamsley,HINFP_(+),HINFP (+),0.5144591742736916,-0.29339216587392725,1.3223105144213103,0.21195226595628872,0.36763967699808753
Wang,NR2E1_+_+,NR2E1 (+),-0.1623211670277273,-0.41834715619417007,0.09370482213871545,0.21398375069431003,0.3706043874976755
Wen,M34-tr2,AC118344.1,-0.6373442109472399,-1.64501372252285,0.3703253006283701,0.21507632017907521,0.3707960000026843
Wang,ELF5_extended_+_+,ELF5 (+),-0.6752921493169006,-1.7436756119109602,0.39309131327715896,0.21538411130590707,0.3707960000026843
Wang,ZNF367_extended_+_+,ZNF367 (+),-0.30269668033568675,-0.7811004622229947,0.17570710155162123,0.2149103911177035,0.3707960000026843
Wamsley,KDM5A_(+),KDM5A (+),0.054464487726973154,-0.03156791898298117,0.14049689443692748,0.21465880671906587,0.3707960000026843
Wamsley,ZNF71_(+),ZNF71 (+),0.38905491307405643,-0.2281342585332134,1.0062440846813263,0.2166231540134592,0.37237163993345
Wamsley,TCF7_(+),TCF7 (+),0.5734940684970091,-0.33770862417543934,1.4846967611694577,0.21734149213868453,0.3730488297902794
Wamsley,RB1_(+),RB1 (+),-0.3940820364451338,-1.0245777657338007,0.23641369284353303,0.22053383472462867,0.3779640982612861
Wang,LEF1_extended_-_+,LEF1 (-),0.5447374561078439,-0.32888994965303864,1.4183648618687263,0.22164336676364843,0.37929403123627126
Wamsley,NR2F6_(+),NR2F6 (+),-0.5035163011983411,-1.3116049384246318,0.30457233602794964,0.2219694634974005,0.37929403123627126
Wang,PITX2_+_+,PITX2 (+),1.084199851431432,-0.6599832176949101,2.828382920557774,0.2230740448159813,0.38005207635315336
Wang,PPARD_+_+,PPARD (+),-0.47001165695125535,-1.225632085289841,0.28560877138733043,0.22276758370243352,0.38005207635315336
GandalGenes,GeneM17_grey60,STAT4,0.15773754089308537,-0.09741755727011733,0.41289263905628804,0.2256202276664579,0.38382139321956593
Wang,ZNF519_-_+,ZNF519 (-),-0.3657210784856587,-0.9587912108707235,0.22734905389940607,0.22678203465472266,0.38522797614908577
Wamsley,ESRRB_(+),ESRRB (+),-0.9268456921996472,-2.4373966771759874,0.5837052927766931,0.2291076560252236,0.38839529577738957
Wamsley,HIF1A_(+),HIF1A (+),0.14527367901750038,-0.09159896215118174,0.3821463201861825,0.22932209202856307,0.38839529577738957
Wamsley,NFATC4_(+),NFATC4 (+),0.3427364212634155,-0.21887526337456664,0.9043481059013977,0.23162761369351328,0.391723170216971
Wang,TBR1_-_+,TBR1 (-),0.3844106150447369,-0.24678757704467008,1.0156088071341438,0.23258920797482988,0.39277179026586545
GandalGenes,GeneM23_darkturquoise,LANCL1,0.20254452495131933,-0.13033738672359937,0.535426436626238,0.23301874757440208,0.39292017552868386
Wamsley,HBP1_(+),HBP1 (+),0.24888072183936405,-0.16334314566006475,0.6611045893387928,0.23665274627301508,0.3984636284245495
Wen,M70-tr1,RAB2A,0.06383281219361432,-0.043261275032039706,0.17092689941926836,0.24269016432764193,0.40803170903039215
Wang,NFATC2_+_+,NFATC2 (+),-0.32757499310078186,-0.879846580197239,0.22469659399567532,0.24499216233991028,0.4113007104976596
Wamsley,LEF1_(+),LEF1 (+),0.10571300291772362,-0.07311812713619953,0.28454413297164677,0.24659334842251243,0.413385350854066
Wamsley,MAFG_(+),MAFG (+),0.11848656283153756,-0.08358734858149065,0.3205604742445658,0.2504347905137098,0.4192139870316831
Wang,ESR2_+_+,ESR2 (+),-0.20401194476737397,-0.5541152487983245,0.14609135926357655,0.2533822019237148,0.42353129682016283
Wamsley,SOX10_(+),SOX10 (+),0.06815868323911504,-0.048929581231748676,0.18524694770997877,0.2538757945734717,0.42374044087009066
Wang,EBF2_+_+,EBF2 (+),0.2557654466007445,-0.1858682646495577,0.6973991578510468,0.2563135920475012,0.4265711010920787
Wang,ZNF726_+_+,ZNF726 (+),-0.5057964340877394,-1.3784895742411745,0.3668967060656956,0.2559473367768532,0.4265711010920787
Wamsley,FOXP4_(+),FOXP4 (+),0.7119694826682987,-0.5215267189785526,1.94546568431515,0.2579086379204357,0.42860539538800735
Wamsley,TCF7L2_(+),TCF7L2 (+),0.06534412764631374,-0.04846331985352485,0.17915157514615232,0.26041763892239145,0.43215048306024556
Wang,WT1_+_+,WT1 (+),0.5465230662872902,-0.40953958217545594,1.5025857147500363,0.2625192348787949,0.43490741861496685
Wamsley,SOX15_(+),SOX15 (+),-0.3525938229756337,-0.9698141593658933,0.26462651341462595,0.2628353529890452,0.43490741861496685
Wang,ZBTB7B_+_+,ZBTB7B (+),0.4776758265629265,-0.3605377546668236,1.3158894077926766,0.263996119892489,0.43620048545454365
Wang,TFAP2A_+_+,TFAP2A (+),0.4040372044259071,-0.3084587458245351,1.1165331546763493,0.26635035138599844,0.4389749548905949
Wang,KLF5_+_+,KLF5 (+),0.13561841226073998,-0.10358091526352112,0.3748177397850011,0.26643871175098716,0.4389749548905949
Wang,LMX1A_+_+,LMX1A (+),0.22692794746697073,-0.1742282181572213,0.6280841130911627,0.26752259331809625,0.43903548440612544
Wang,NKX2-2_+_+,NKX2 (-),0.18923420105819327,-0.1456238510193918,0.5240922531357783,0.26800253048095657,0.43903548440612544
Wamsley,KLF10_(+),KLF10 (+),0.21965833039649524,-0.16824868567932688,0.6075653464723174,0.2670318624659855,0.43903548440612544
Wamsley,STAT3_(+),STAT3 (+),0.0894770620030284,-0.06874533501485881,0.2476994590209156,0.2676666388095781,0.43903548440612544
Wang,OTX1_+_+,OTX1 (+),0.47323919886923627,-0.3650530018151037,1.3115313995535762,0.2685023819984778,0.439228647650426
Wang,BSX_+_+,BSX (+),-0.4555188989443126,-1.2632417980684985,0.35220400017987324,0.26898877060886883,0.43939927017073743
Wang,ZNF280D_+_+,ZNF280D (+),0.40025361177692026,-0.31242498719305195,1.1129322107468924,0.27097661039763027,0.44201858433656
Wang,NEUROD2_-_+,NEUROD2 (-),0.32403427904323767,-0.25846267343897256,0.9065312315254479,0.27555357544921677,0.4488478920206789
Wang,ZNF124_-_+,ZNF124 (-),0.5063855108205269,-0.4050445695301882,1.4178155911712418,0.27614990925728383,0.44918302071552535
GandalGenes,GeneM13_salmon,MIDN,0.16188284728066102,-0.13288374617780388,0.45664944073912594,0.2817232441003983,0.45293669560363276
GandalIsoforms,IsoformM16_darkgrey,NUFIP2,0.182500415733905,-0.1504510154849836,0.5154518469527936,0.2826535959812759,0.45293669560363276
Wang,NR3C2_+_+,NR3C2 (+),0.4277868180621252,-0.35265700982845,1.2082306459527004,0.28265051992631474,0.45293669560363276
Wang,ETS1_+_+,ETS1 (+),0.18587899139370356,-0.15109996449631202,0.5228579472837191,0.27961345531234194,0.45293669560363276
Wang,E2F5_-_+,E2F5 (-),0.34568445637346173,-0.2851566639795899,0.9765255767265133,0.2827900412551377,0.45293669560363276
Wang,NR4A2_+_+,NR4A2 (+),0.380380689480389,-0.3131372508586781,1.0738986298194562,0.282345749626805,0.45293669560363276
Wang,SP1_+_+,SP1 (+),0.4456860805553394,-0.3620943169243317,1.2534664780350107,0.27949362954127693,0.45293669560363276
Wang,HEYL_extended_+_+,HEYL (+),0.28097393310861435,-0.23047877214880613,0.7924266383660348,0.28157037837843024,0.45293669560363276
Wamsley,AR_(+),AR (+),-0.8298020999219676,-2.340521551827234,0.6809173519832988,0.2816477553021002,0.45293669560363276
Wamsley,MECOM_(+),MECOM (+),-0.3708721688365559,-1.047066293852459,0.30532195617934726,0.2823545154068399,0.45293669560363276
Wamsley,SMAD1_(+),SMAD1 (+),0.3404255208086781,-0.2769089508696921,0.9577599924870484,0.27975289535845144,0.45293669560363276
Wamsley,PPARGC1A_(+),PPARGC1A (+),0.5824252687903487,-0.4858156560328276,1.650666193613525,0.2852168828308825,0.45618833832477723
Wang,OLIG1_+_+,OLIG1 (+),0.1270686596504103,-0.10646220697317671,0.36059952627399733,0.2861895505335069,0.4566119478895674
Wang,SOX15_+_+,SOX15 (+),-0.4249297322062208,-1.2066629973857756,0.35680353297333406,0.28667289250110234,0.4566119478895674
Wamsley,FOXJ2_(+),FOXJ2 (+),-0.5808882168990246,-1.649155624041428,0.48737919024337883,0.28650194980790317,0.4566119478895674
Wang,MXD1_+_+,MXD1 (+),-0.36562708158628127,-1.041644675007872,0.3103905118353096,0.2890905788657606,0.45982595531898296
GandalIsoforms,IsoformM31_ivory,P2RY12,-0.2931590512063084,-0.8363855452021058,0.25006744278948895,0.2901543991095398,0.46088060632040156
Wang,PKNOX2_-_+,PKNOX2 (-),0.209302453617048,-0.17891775060649953,0.5975226578405956,0.2906277472149205,0.46099573696159807
Wamsley,NR2C1_(+),NR2C1 (+),-0.16728914540404774,-0.47850071282081097,0.14392242201271552,0.2920543555391266,0.4626205356336027
Wang,KLF4_+_+,KLF4 (+),0.4884163837660144,-0.42291111576723905,1.399743883299268,0.2934949101011668,0.4642629251944179
Wang,ZNF676_-_+,ZNF676 (-),0.4676681332178772,-0.40584140729896195,1.3411776737347163,0.293990233419745,0.46440764894602576
GandalIsoforms,IsoformM11_grey60,KIF13B,-0.038047127357735286,-0.10931345510563975,0.03321920039016918,0.2953606083316998,0.4659323725397185
Wen,M31-iso,SLTM,0.033385458761585184,-0.029259002307626673,0.09602991983079703,0.29620885691277693,0.4661326927695796
Wang,MIXL1_+_+,MIXL1 (+),-0.6567037565481058,-1.8901277920823876,0.5767202789861761,0.2966732570873551,0.4661326927695796
Wamsley,BCLAF1_(+),BCLAF1 (+),0.04926932175893685,-0.04327435837311351,0.14181300189098722,0.2967035922672454,0.4661326927695796
Wamsley,VSX1_(+),VSX1 (+),-0.2544821237399396,-0.7329600220210362,0.223995774541157,0.297186767422558,0.4662548192850501
Wang,GLI2_-_+,GLI2 (-),0.41511976882284013,-0.36637625494140963,1.19661579258709,0.29779717092430324,0.4665759489958429
Wang,ZNF621_+_+,ZNF621 (+),-0.2786854844628135,-0.8052486686282991,0.24787769970267215,0.29955812493528783,0.4686963859531714
GandalGenes,GeneM0_grey,GeneM0 (NA),-0.03024869922179101,-0.08745849053337378,0.02696109208979176,0.3000338527313028,0.4688028948926606
Wang,NKX2-2_extended_-_+,NKX2 (-),0.5326887667922401,-0.47576909363710984,1.5411466272215901,0.300501868628061,0.46889708130565827
Wang,NR2F2_-_+,NR2F2 (-),0.2617804150288393,-0.235928985075045,0.7594898151327236,0.30256599408023405,0.4711829936436606
Wamsley,SNAI3_(+),SNAI3 (+),0.2207681660761168,-0.1991580904028539,0.6406944225550875,0.3027862889588393,0.4711829936436606
Wang,CREB3L2_extended_-_+,CREB3L2 (-),0.4996406302736897,-0.45592623205039234,1.4552074925977718,0.3054214698410008,0.4746414734015553
Wang,ZFHX2_+_+,ZFHX2 (+),-0.4720439528670637,-1.3832405416564906,0.4391526359223631,0.309906010594428,0.480623614151691
Wang,ETV1_-_+,ETV1 (-),0.38015221425059215,-0.3539682571639083,1.1142726856650926,0.3101067145222215,0.480623614151691
Wang,GLIS3_+_+,GLIS3 (+),0.2946017807369904,-0.27710600981071054,0.8663095712846913,0.31247853643094614,0.4836478020129045
GandalIsoforms,IsoformM40_navajowhite2,RPL21,0.061310258871320376,-0.05820611806370974,0.1808266358063505,0.3146573794397189,0.48636557305870526
Wang,ELK1_+_+,ELK1 (+),0.37531532194974676,-0.35783252358066137,1.1084631674801548,0.3156613120611725,0.4872624280138904
Wang,NKX6-1_+_+,NKX6 (-),0.48781831587365637,-0.4678097334813059,1.4434463652286187,0.31703800243340713,0.48873150509171337
Wamsley,IKZF1_(+),IKZF1 (+),-0.05044500905663999,-0.14962353525944563,0.04873351714616566,0.3187859043168395,0.4907681257889765
GandalIsoforms,IsoformM22_violet,VMA21,-0.10596578601651795,-0.3149744126792897,0.10304284064625384,0.3203448429296736,0.49250878257904357
GandalIsoforms,IsoformM32_floralwhite,RP5-1000K24.2,0.2048406179338396,-0.20346735718182482,0.613148593049504,0.32543993777901237,0.49967413677685474
Wen,M109-gene,SMCHD1,-0.06929104849048046,-0.20777792370325632,0.0691958267222954,0.32673173224077423,0.5009886561025205
GandalIsoforms,IsoformM37_thistle2,HSPA1A,0.24449788743184114,-0.24629818846717788,0.7352939633308602,0.32884172316141536,0.5035525720847239
Wang,LCORL_+_+,LCORL (+),0.14479698074643213,-0.1463974036673278,0.4359913651601921,0.3297298382107261,0.5035714660588778
Wamsley,ZNF316_(+),ZNF316 (+),-0.6720711891345446,-2.0231247450881797,0.6789823668190904,0.32954476190316506,0.5035714660588778
Wang,ARNTL_+_+,ARNTL (+),0.4327834741015687,-0.4397183892734966,1.305285337476634,0.33092371415006006,0.5047244977089775
Wang,DLX1_-_+,DLX1 (-),0.268511236632056,-0.2750651996321546,0.8120876728962666,0.3329303458627454,0.5064416636801021
Wamsley,CREB3L2_(+),CREB3L2 (+),-0.39928344111793584,-1.2071040742493393,0.40853719201346755,0.33263589922135817,0.5064416636801021
Wang,ATF7_+_+,ATF7 (+),0.15609754613417842,-0.16030362725962716,0.472498719527984,0.3335357021131926,0.5066922819421024
Wamsley,TBX19_(+),TBX19 (+),0.4293533249040258,-0.44311766944469866,1.3018243192527503,0.3347534472083976,0.5078713249203921
Wang,NKX2-8_extended_+_+,NKX2 (-),0.3164754128195972,-0.3280997771277942,0.9610506027669885,0.33586336817167384,0.5082143071018749
Wamsley,CEBPD_(+),CEBPD (+),0.09380639665881353,-0.09716300065477672,0.28477579397240377,0.33563828525459405,0.5082143071018749
Wang,KLF3_+_+,KLF3 (+),-0.21741745667590134,-0.6636646570971291,0.22882974374532639,0.339586898459347,0.5131733682368581
Wang,STAT6_+_+,STAT6 (+),-0.4075600184667127,-1.2463939596257119,0.43127392269228654,0.3409248097171388,0.5145190697830835
Wang,IRF4_+_+,IRF4 (+),-0.3262264331944746,-1.0022227941591724,0.34976992777022325,0.3441930162839536,0.5185987494947084
Wang,TFCP2_-_+,TFCP2 (-),0.37604219725993715,-0.4044544720603721,1.1565388665802465,0.3449809072725669,0.5185987494947084
Wamsley,TAF1_(+),TAF1 (+),0.0496927636574648,-0.053377138278754434,0.15276266559368404,0.3446523757163976,0.5185987494947084
Wamsley,SREBF1_(+),SREBF1 (+),0.08664039693921866,-0.09346410266835056,0.2667448965467879,0.3457246752284786,0.5190383505388386
GandalIsoforms,IsoformM52_lightsteelblue,CTD-2547E10.2,0.23304041266831702,-0.25214873877727306,0.7182295641139071,0.3464750383535111,0.5194866937503753
Wang,STAT2_+_+,STAT2 (+),-0.1917273135495894,-0.5964069403025237,0.21295231320334493,0.35307354963780846,0.5286908620878642
Wamsley,SMAD5_(+),SMAD5 (+),0.5050559753101341,-0.5633195435965371,1.5734314942168055,0.35413426318399666,0.529589600340177
Wang,INSM1_+_+,INSM1 (+),0.3274892600563551,-0.3660251157743443,1.0210036358870545,0.3546594680774886,0.5296862185572881
Wang,SALL1_+_+,SALL1 (+),-0.3666989246175145,-1.1474257543479003,0.41402790511287113,0.35724117864188953,0.532850007053402
Wamsley,ELK4_(+),ELK4 (+),0.07622785832484272,-0.08669237174663585,0.2391480883963213,0.3590914795084079,0.5349160640345455
Wang,MESP1_extended_+_+,MESP1 (+),-0.3761049365043865,-1.1844753950828784,0.4322655220741055,0.36179002816854344,0.5382387223723479
Wang,DLX6_+_+,DLX6 (+),0.2751533484471385,-0.3182765281590359,0.868583225053313,0.36344013778966044,0.5399950367675833
GandalGenes,GeneM16_lightcyan,MAPK15,0.1381587415798981,-0.1608365660996801,0.4371540492594763,0.36508726699147787,0.5417423961809027
Wamsley,IRF2_(+),IRF2 (+),0.07571957738647665,-0.08925242523905728,0.24069158001201058,0.368304857572024,0.5458126110925614
Wen,M54-iso,ABHD8,0.02789080746077075,-0.03313189695519818,0.08891351187673968,0.370320123671702,0.546471393739696
Wang,TFCP2L1_+_+,TFCP2L1 (+),-0.39774627327308315,-1.2701579111881185,0.47466536464195214,0.3715152564885268,0.546471393739696
Wang,HOXD1_+_+,HOXD1 (+),-0.18517884720495145,-0.5898104303567433,0.21945273594684042,0.3697008699779273,0.546471393739696
Wang,MYBL1_+_+,MYBL1 (+),-0.19983987901608002,-0.6367704335253352,0.23709067549317514,0.3699894417651314,0.546471393739696
Wang,MEIS1_+_+,MEIS1 (+),-0.06806265086085166,-0.2173770328188666,0.08125173109716329,0.3716005477429932,0.546471393739696
Wamsley,HNF4G_(+),HNF4G (+),0.4594312500435163,-0.5478464123582529,1.4667089124452855,0.37130968564711286,0.546471393739696
Wang,CUX1_-_+,CUX1 (-),0.1697079803297895,-0.20327856851788695,0.542694529177466,0.37247929605954655,0.5470641002151706
Wang,ETV6_+_+,ETV6 (+),0.1430913697550013,-0.1717203712974208,0.4579031108074234,0.3729708394962663,0.5470873283427375
Wang,ZNF385D_+_+,ZNF385D (+),0.07917175400507932,-0.09678158105585251,0.25512508906601117,0.3777969539428604,0.5534605057761649
Wang,RXRA_-_+,RXRA (-),0.24740901470792495,-0.3048406785733615,0.7996587079892115,0.3798745305518433,0.5550898476932907
Wamsley,FLI1_(+),FLI1 (+),-0.03733427823621305,-0.12058810751268435,0.04591955104025826,0.37940984224679275,0.5550898476932907
Wang,DRGX_+_+,DRGX (+),0.5512374202749749,-0.682247316556298,1.784722157106248,0.3810537366945753,0.5561063416227939
Wamsley,LAS1L_(+),LAS1L (+),-0.4698983388311827,-1.5381764869547494,0.5983798092923839,0.38858909785452334,0.5663846166447425
Wang,ZNF682_+_+,ZNF682 (+),-0.4192524576753026,-1.3749714006004408,0.5364664852498355,0.3898711068562055,0.5675338897273877
Wang,RUNX1_+_+,RUNX1 (+),-0.21770421383055918,-0.7150831189104807,0.2796746912493623,0.39092512117153444,0.5683487855211942
Wamsley,DDIT3_(+),DDIT3 (+),-0.5385032704201148,-1.7720122432729615,0.6950057024327317,0.39216110769663115,0.5694258508221286
Wamsley,PPARD_(+),PPARD (+),0.28103825470040666,-0.36367327381825376,0.9257497832190671,0.39286519879193005,0.5697288507070865
GandalIsoforms,IsoformM53_lightcoral,MKRN5P,-0.18832446600347685,-0.6210842698593946,0.24443533785244087,0.39367154936004234,0.5701791961763838
Wang,IRF2_+_+,IRF2 (+),-0.15959241962758625,-0.5270071782181602,0.20782233896298774,0.3945471904556328,0.570728640281733
Wamsley,HES6_(+),HES6 (+),0.28474153865173507,-0.3750077215640822,0.9444907988675524,0.39757488427744125,0.5743858252751979
GandalGenes,GeneM35_mediumpurple3,KCNG1,0.20091168715041788,-0.26609453599106725,0.667917910291903,0.39908397107312943,0.5758426182360086
Wamsley,KLF11_(+),KLF11 (+),0.14776719884946848,-0.19764689600143265,0.4931812937003696,0.4017357352599953,0.5789424756253064
Wamsley,TCF7L1_(+),TCF7L1 (+),0.09866287198277371,-0.1322498182087037,0.3295755621742511,0.4023122845612851,0.5790477187052289
Wang,ZNF652_extended_+_+,ZNF652 (+),0.29546919793990795,-0.3982832563578836,0.9892216522376995,0.40382654389322137,0.5805006568465058
Wamsley,SOX11_(+),SOX11 (+),0.5230597973251042,-0.7106719873038018,1.75679158195401,0.4059651137251361,0.5828462931134912
Wamsley,ATF6B_(+),ATF6B (+),-0.3834065785490537,-1.2945896198777367,0.5277764627796293,0.40950273187447916,0.5862099110888156
Wamsley,ESR2_(+),ESR2 (+),-0.19874166219169148,-0.6713115592359629,0.27382823485257995,0.40975188383509176,0.5862099110888156
Wamsley,PAX6_(+),PAX6 (+),-0.17825042550253062,-0.6021732833702125,0.2456724323651513,0.409837190013398,0.5862099110888156
Wamsley,KDM2A_(+),KDM2A (+),-0.21445057254704952,-0.72581851500763,0.29691736991353096,0.41107651894030206,0.5872521699147173
Wang,TCFL5_+_+,TCFL5 (+),-0.14015793555303913,-0.47492691984283686,0.1946110487367586,0.4118532144807835,0.587288337746265
Wamsley,FOXP1_(+),FOXP1 (+),0.10337040661737139,-0.1436737309093875,0.3504145441441303,0.4121232074445529,0.587288337746265
GandalGenes,GeneM27_white,RPS8,0.16036791721419888,-0.22463735896127388,0.5453731933896716,0.41424306900550734,0.5881228757485598
Wang,HLX_+_+,HLX (+),-0.8913132484585254,-3.027300676103934,1.244674179186883,0.41340355414672203,0.5881228757485598
Wamsley,SIN3A_(+),SIN3A (+),0.1110516256546868,-0.15548946864748403,0.3775927199568576,0.41412490531902435,0.5881228757485598
GandalIsoforms,IsoformM35_darkslateblue,RN7SL4P,0.16091834109114173,-0.22743374437819391,0.5492704265604773,0.4166816747439789,0.5908556423619923
Wamsley,GTF2B_(+),GTF2B (+),0.17337851624605327,-0.24646505633806237,0.5932220888301689,0.41826021084318976,0.5923635991005767
Wen,M25-tr2,NALCN,-0.053665401494120524,-0.1841895410804059,0.07685873809216484,0.42029933795882746,0.593693323784488
Wen,M115-tr2,NRAS,0.03164522036449224,-0.04532293701045078,0.10861337773943525,0.4203063029209161,0.593693323784488
Wang,SOX3_-_+,SOX3 (-),0.3024741047052053,-0.4339091661973583,1.038857375607769,0.4207478772907458,0.593693323784488
Wamsley,GRHL1_(+),GRHL1 (+),0.8737809834245923,-1.2622278296500786,3.0097897964992635,0.42265555498820995,0.5956542747995607
Wang,TFEC_+_+,TFEC (+),-0.3692605680616448,-1.2805035359059183,0.5419823997826287,0.4270281832723609,0.6003452454318032
Wamsley,TEAD3_(+),TEAD3 (+),-0.7074463961609474,-2.4515563252023256,1.0366635328804308,0.42658003368505926,0.6003452454318032
Wamsley,ZNF85_(+),ZNF85 (+),0.24468018216983797,-0.36011737073393146,0.8494777350736075,0.42778368555927726,0.6006730627511219
Wang,LIN28B_-_+,LIN28B (-),0.1983520404710325,-0.2935198044673799,0.6902238854094449,0.42927643409097826,0.6013007298472899
Wamsley,MSX1_(+),MSX1 (+),-0.4312170981252209,-1.4996772966109573,0.6372431003605153,0.4289013964570153,0.6013007298472899
Wamsley,ZNF426_(+),ZNF426 (+),-0.5432085806073231,-1.895094761806345,0.8086776005916988,0.43093095508717805,0.60288393959885
Wamsley,MAX_(+),MAX (+),0.047159149404418586,-0.07034374233106455,0.1646620411399017,0.4314710161912023,0.6029060372052037
Wang,HES5_extended_+_+,HES5 (+),0.1825615631396272,-0.27383716691768967,0.6389602931969441,0.4330105595379736,0.6043229896464437
Wang,KLF17_+_+,KLF17 (+),-0.3620105683498221,-1.273233271645053,0.5492121349454089,0.4361504716927037,0.6064970283514017
Wamsley,KLF2_(+),KLF2 (+),0.0769039769878225,-0.11667101885895403,0.27047897283459904,0.43614748916974155,0.6064970283514017
Wamsley,USF1_(+),USF1 (+),-0.26892710124562236,-0.9451116929514521,0.4072574904602074,0.43565111023932135,0.6064970283514017
Wang,GLI3_+_+,GLI3 (+),0.07921395782827027,-0.12193672457205242,0.280364640228593,0.44017535787069684,0.6098815199413269
Wang,VAX2_+_+,VAX2 (+),0.39737885020221764,-0.6100258581014618,1.4047835585058972,0.4394165296578223,0.6098815199413269
Wamsley,NR1D2_(+),NR1D2 (+),0.21747446094482967,-0.3347340627749341,0.7696829846645935,0.4401490869553394,0.6098815199413269
GandalGenes,GeneM20_royalblue,PKD1P6,0.1768060339745258,-0.27438351249933957,0.6279955804483911,0.4424282314120952,0.6122653021948369
Wang,PROX1_-_+,PROX1 (-),0.18473901257722464,-0.28833538979789286,0.6578134149523421,0.444012379591888,0.6127035739375954
Wang,CPEB1_+_+,CPEB1 (+),0.15244776322174095,-0.23860017035652994,0.5434956968000119,0.4447864755347848,0.6127035739375954
Wamsley,RXRB_(+),RXRB (+),-0.5892074029727288,-2.0996959761304343,0.9212811701849768,0.4445141865625323,0.6127035739375954
Wamsley,SUCLG1_(+),SUCLG1 (+),0.25706818908006746,-0.4028518483448552,0.9169882265049901,0.44513662125342845,0.6127035739375954
Wamsley,TAL1_(+),TAL1 (+),-0.6790288566560343,-2.4232076276127716,1.065149914300703,0.4454088589668085,0.6127035739375954
Wang,ZNF85_+_+,ZNF85 (+),-0.3134307564353081,-1.1212695269278803,0.49440801405726403,0.44695881331322973,0.614101117455453
Wang,GLI2_+_+,GLI2 (+),-0.33656921102806076,-1.2090227072647004,0.5358842852085788,0.44955551485373546,0.6169317924603768
Wang,TEAD1_+_+,TEAD1 (+),0.3878891325430442,-0.6194907698031524,1.395269034889241,0.45040871711736163,0.6173659412216519
Wang,HOMEZ_+_+,HOMEZ (+),-0.34632443191194123,-1.2575207768313472,0.5648719130074649,0.4562774200862918,0.6239227504152622
Wang,NR1D2_extended_+_+,NR1D2 (+),-0.34667998980981773,-1.2578196003620497,0.5644596207424142,0.4557871281245429,0.6239227504152622
GandalIsoforms,IsoformM5_green,PPAP2B,-0.0744596969725324,-0.27075181993454145,0.12183242598947665,0.4571613508636909,0.6243890184005281
Wang,GSX2_+_+,GSX2 (+),-0.33050253693697024,-1.2029459490192902,0.5419408751453498,0.4577629951074451,0.6244690917835847
Wang,STAT1_+_+,STAT1 (+),0.2191301539484045,-0.36340581846785136,0.8016661263646604,0.460924568443457,0.6280370304620563
Wang,KLF6_-_+,KLF6 (-),0.35902163763915934,-0.5966723710833843,1.314715646361703,0.4615206066924279,0.6281049676879197
Wang,JDP2_-_+,JDP2 (-),0.2821123335729844,-0.4736981556182177,1.0379228227641866,0.46439704748368016,0.6312725822768702
Wang,ZNF93_+_+,ZNF93 (+),0.19828257728344825,-0.33646360295060573,0.7330287575175022,0.467346620186625,0.6342242162712508
Wang,ZFP57_+_+,ZFP57 (+),0.26400551448474785,-0.44850778036474803,0.9765188093342437,0.4676714220852354,0.6342242162712508
Wang,VSX1_+_+,VSX1 (+),-0.1480415136861268,-0.5491958034840432,0.2531127761117896,0.46946129097009837,0.6349329063674685
Wamsley,CNOT4_(+),CNOT4 (+),-0.39431511170422223,-1.462792622592571,0.6741623991841263,0.4694551944980161,0.6349329063674685
Wamsley,ZSCAN23_(+),ZSCAN23 (+),0.2275837632020376,-0.3896498789748542,0.8448174053789295,0.4698503507119267,0.6349329063674685
Wamsley,PRDM1_(+),PRDM1 (+),-0.17397759601430052,-0.6467707308973187,0.29881553886871776,0.4707390762765896,0.6353872508428147
Wamsley,CXXC1_(+),CXXC1 (+),-0.34838176034357216,-1.304036209866696,0.6072726891795518,0.4748851767812693,0.6394823809115453
Wamsley,ZIC2_(+),ZIC2 (+),-0.22997721237415825,-0.8605980346669085,0.40064360991859205,0.4747204371419108,0.6394823809115453
Wang,TGIF1_+_+,TGIF1 (+),0.3644382272642794,-0.6428232712335975,1.3716997257621564,0.4782073864387908,0.6432029174322917
Wamsley,RAB7A_(+),RAB7A (+),-0.3205890312479356,-1.2318833621278036,0.5907052996319325,0.4904726202589159,0.6589293379646651
Wamsley,RFX5_(+),RFX5 (+),-0.1626808333561083,-0.6296772510939862,0.30431558438176964,0.4947234993991524,0.6638646724726083
Wen,M92-iso,SYT5,0.07953712382350837,-0.1500015771524203,0.30907582479943707,0.49701431901316817,0.6658276470625026
Wamsley,SETDB1_(+),SETDB1 (+),-1.0458674253119598,-4.066485406390152,1.9747505557662324,0.4973443033275563,0.6658276470625026
Wamsley,GTF3C2_(+),GTF3C2 (+),-0.28894995423700437,-1.1272324784408718,0.5493325699668632,0.49927178390929683,0.6676308738321992
Wamsley,ZNF300_(+),ZNF300 (+),-0.5955661890747184,-2.3397211860745655,1.1485888079251285,0.5032994344124828,0.6722350169272419
Wang,FOXO3_+_+,FOXO3 (+),0.10386627481832292,-0.2013221589331697,0.4090547085698155,0.5047119741749897,0.6733396407206939
Wang,MYRF_+_+,MYRF (+),0.07502147974692738,-0.14580954155030446,0.2958525010441592,0.5054777500288932,0.6735798522980616
GandalIsoforms,IsoformM48_skyblue2,ZNF638,-0.10308239193591151,-0.40810300926112525,0.20193822538930223,0.5076995638647338,0.675757521347736
Wang,SOX17_+_+,SOX17 (+),-0.3813085961719356,-1.523286205683185,0.7606690133393139,0.5127992529476995,0.6817562322426062
Wen,M14-xx,FAT1,-0.06049538810477485,-0.2440783642088311,0.12308758799928139,0.5183388092091517,0.6883252085340928
Wang,ZNF124_+_+,ZNF124 (+),-0.21684169097513958,-0.8767870550559034,0.44310367310562415,0.5195466871242731,0.6891334373620693
Wamsley,ETS1_(+),ETS1 (+),0.03411290847714532,-0.07086211707421779,0.13908793402850844,0.5241493259639165,0.693794629971443
Wamsley,SMARCC2_(+),SMARCC2 (+),-0.5666522150753931,-2.3108970898219425,1.1775926596711566,0.5242674203871165,0.693794629971443
Wamsley,CEBPA_(+),CEBPA (+),-0.20338331114081598,-0.833912626307382,0.4271460040257501,0.5272213458494777,0.696901778996436
Wamsley,E2F6_(+),E2F6 (+),0.06619253989929076,-0.13946346708944202,0.2718485468880235,0.5281170831308958,0.697284323307153
Wang,ZNF580_+_+,ZNF580 (+),0.2796056644563739,-0.5942756528689795,1.1534869817817275,0.5305578389871494,0.6973045883831106
Wang,ZNF576_+_+,ZNF576 (+),0.1687437592832132,-0.3582941411796614,0.6957816597460877,0.530281066189354,0.6973045883831106
Wang,GCM1_+_+,GCM1 (+),0.24225877643559546,-0.5134398864741173,0.9979574393453082,0.5297648316095932,0.6973045883831106
Wamsley,ZNF35_(+),ZNF35 (+),-0.5603334657932817,-2.3044533274996235,1.1837863959130603,0.5288741121621151,0.6973045883831106
Wang,ZNF695_+_+,ZNF695 (+),0.4811354139708751,-1.0295570847602296,1.9918279127019796,0.5324502949496233,0.6989929671142315
Wen,M91-xy,PPP2R2C,0.03534936145907173,-0.07676436361998523,0.14746308653812867,0.5365607147884832,0.7014662326896919
Wang,ZNF516_extended_-_+,ZNF516 (-),0.27446425158494564,-0.5979710619995702,1.1468995651694616,0.5374701925020156,0.7014662326896919
Wang,ZBTB37_+_+,ZBTB37 (+),-0.18638732223051627,-0.7794345353859402,0.40665989092490773,0.5378686020243677,0.7014662326896919
Wamsley,BATF3_(+),BATF3 (+),-0.2538053595421465,-1.0616126356802402,0.5540019165959473,0.5379941019411376,0.7014662326896919
Wamsley,FOXN3_(+),FOXN3 (+),0.08743269653522834,-0.18981206278134705,0.3646774558518037,0.5364784107938291,0.7014662326896919
Wamsley,POU2F2_(+),POU2F2 (+),-0.3180338168905047,-1.3252858742893658,0.6892182405083566,0.5359860692859305,0.7014662326896919
Wang,BCL11A_-_+,BCL11A (-),-0.06293370582138634,-0.26430421012725047,0.13843679848447782,0.540148513537267,0.7026818897826438
Wang,PRDM1_-_+,PRDM1 (-),0.24406339279902306,-0.5366191776083147,1.024745963206361,0.5400172308852327,0.7026818897826438
Wang,ETV5_-_+,ETV5 (-),0.21567725079234465,-0.4783853949771739,0.9097398965618633,0.5424596006768441,0.7048910065292324
Wang,SOX10_+_+,SOX10 (+),0.04801830442133612,-0.10755158782084093,0.20358819666351316,0.5451722191717395,0.7068185479678697
Wamsley,ZNF432_(+),ZNF432 (+),0.2816167554202501,-0.6295345562221643,1.1927680670626644,0.5446289170861917,0.7068185479678697
Wang,EPAS1_+_+,EPAS1 (+),-0.13443477424341096,-0.5715106868706332,0.30264113838381124,0.5465836047355587,0.7075028970680777
Wamsley,THRA_(+),THRA (+),0.2482731950601831,-0.5596141420660827,1.056160532186449,0.5469305004291487,0.7075028970680777
Wamsley,ATF3_(+),ATF3 (+),0.06609835470237913,-0.14941801143151728,0.28161472083627553,0.5477317739127452,0.7077433033704011
Wamsley,TWIST1_(+),TWIST1 (+),0.2921830481152323,-0.6635752039410042,1.247941300171469,0.5490242070684253,0.7086171022768676
Wamsley,REST_(+),REST (+),-0.15151534837581557,-0.6489602855002411,0.34592958874861,0.5504901246137875,0.7097126046029772
Wang,IRF6_+_+,IRF6 (+),-0.306185849788759,-1.3134614679453063,0.7010897683677881,0.5512925021156274,0.7099511505408417
GandalGenes,GeneM32_darkmagenta,SPR,-0.13998368637635505,-0.6015451507774767,0.32157777802476656,0.5521982692295517,0.7103221584049044
Wang,FOXC1_+_+,FOXC1 (+),0.21504459952286448,-0.4975385383592461,0.9276277374049751,0.5541673620960683,0.7120586216876856
Wamsley,ZNF568_(+),ZNF568 (+),-0.24245320152300695,-1.0502127401326717,0.5653063370866579,0.5563049476255664,0.7140074662604925
Wang,ZNF66_+_+,ZNF66 (+),0.1461917486559593,-0.3447597351359083,0.6371432324478269,0.5594436363986279,0.7158000607398938
Wang,ZFHX3_-_+,ZFHX3 (-),0.17662645677709407,-0.4167222737173595,0.7699751872715477,0.5595689170479692,0.7158000607398938
Wamsley,ZNF787_(+),ZNF787 (+),-0.2499267805578624,-1.088163846033202,0.58831028491747706,0.5589354875845646,0.7158000607398938
Wang,GABPA_extended_-_+,GABPA (-),0.2805502307364876,-0.6751522793046618,1.2362527407776371,0.5650209757780493,0.7219712468275075
GandalGenes,GeneM6_red,WDPCP,-0.060240283602488176,-0.2696720362991688,0.14919146909419248,0.5728891048154275,0.731212508920912
Wamsley,ELK3_(+),ELK3 (+),0.03647637127386975,-0.09071829136256601,0.1636710339103055,0.574038134200344,0.7318668008097512
GandalGenes,GeneM25_orange,CIRBP,-0.10206844734511257,-0.45923698410703123,0.2551000894168061,0.5753807331730162,0.7324696009568645
Wang,MSX2_+_+,MSX2 (+),0.21537329017113319,-0.540341702159583,0.9710882825018493,0.5764217294486629,0.7324696009568645
Wamsley,ZNF197_(+),ZNF197 (+),0.497647346278488,-1.246535694746472,2.241830387303448,0.5759862119881922,0.7324696009568645
Wang,BPTF_-_+,BPTF (-),0.14083140535707364,-0.3565442111591325,0.6382070218732797,0.5788911438917141,0.7347956020700566
Wen,M110-xy,U2SURP,0.04171534606022275,-0.10648227669432045,0.18991296881476596,0.5811246190656494,0.7360058501382123
Wang,NR2C2_+_+,NR2C2 (+),-0.13495754302225818,-0.6138169159736054,0.34390182992908913,0.5806590732357619,0.7360058501382123
GandalIsoforms,IsoformM14_darkred,DSP,-0.12343662089769618,-0.5650096213438074,0.318136379548415,0.5837412748130918,0.73849427625455
Wang,RFX3_+_+,RFX3 (+),0.05984306763133169,-0.1545954571247882,0.2742815923874516,0.5843737316449048,0.73849427625455
Wamsley,E2F1_(+),E2F1 (+),-0.09937220852935691,-0.45672733455982295,0.25798291750110913,0.5857099196150194,0.7393703705348763
Wang,IRF3_+_+,IRF3 (+),-0.25000915724841993,-1.161550064475914,0.661531749979074,0.5908509576003254,0.7450423259214629
Wen,M68-iso,TMOD2,-0.021026658986255276,-0.0994264828198445,0.05737316484733394,0.5990970888108715,0.7490796622121799
Wang,BCL11B_-_+,BCL11B (-),0.06514091542013935,-0.17755334286488839,0.3078351737051671,0.5988117120255285,0.7490796622121799
Wang,SMAD1_+_+,SMAD1 (+),0.05813062214650827,-0.15907266398571238,0.27533390827872894,0.5998675088797976,0.7490796622121799
Wang,SMAD1_-_+,SMAD1 (-),0.2093628333522974,-0.5712719286237979,0.9899975953283928,0.5991000194755058,0.7490796622121799
Wang,LCORL_-_+,LCORL (-),0.1970692885674088,-0.5361597623023845,0.9302983394372021,0.5983191765017759,0.7490796622121799
Wang,ATF6_+_+,ATF6 (+),0.1637776934655618,-0.44156710846453817,0.7691224953956618,0.5958933264122045,0.7490796622121799
Wang,ZNF565_+_+,ZNF565 (+),0.14542878144013605,-0.39803231049859955,0.6888898733788716,0.5999151033890588,0.7490796622121799
Wamsley,ATF6_(+),ATF6 (+),-0.19891277714688424,-0.9321333569059942,0.5343078026122257,0.5948968142485345,0.7490796622121799
Wamsley,CEBPG_(+),CEBPG (+),-0.30604765920671756,-1.4481107245583313,0.8360154061448961,0.5993966275390114,0.7490796622121799
Wang,ASCL1_+_+,ASCL1 (+),-0.1008265094499489,-0.4794973950765803,0.27784437617668245,0.6017333934664137,0.7497156363592749
Wang,ESR2_-_+,ESR2 (-),0.1527227660739199,-0.4201713513660005,0.7256168835138402,0.6013009389243582,0.7497156363592749
Wamsley,ZNF143_(+),ZNF143 (+),0.05889967265842435,-0.1627022786087937,0.2805016239256424,0.6023802156486695,0.7497156363592749
Wamsley,STAT6_(+),STAT6 (+),0.1376270009407867,-0.3811663134653265,0.6564203153468999,0.6030733587445414,0.7497668784391596
Wamsley,CREB3L1_(+),CREB3L1 (+),-0.17854462984973377,-0.8545740534350977,0.49748479373563026,0.604679746020043,0.7509521683834228
GandalIsoforms,IsoformM25_sienna3,RPS29,-0.08429619533272051,-0.40406461632898605,0.235472225663545,0.6053520424935672,0.7509761044957954
Wang,CEBPD_+_+,CEBPD (+),0.181753464369356,-0.5117820337029397,0.8752889624416518,0.6074726333282545,0.7527947503529016
GandalIsoforms,IsoformM56_plum3,ARHGEF1,0.12153392470890205,-0.3461479269270781,0.5892157763448822,0.6104961128193518,0.7557271579572169
Wang,BARX2_+_+,BARX2 (+),0.1364117540656307,-0.3901588161788546,0.662982324310116,0.6116059281996185,0.7562869004618938
Wamsley,ATF5_(+),ATF5 (+),0.1299294505103919,-0.37429681640865226,0.6341557174294361,0.6134990089491666,0.7578129541262532
Wen,M23-tr1,AC011008.2,0.034987902849986575,-0.10304948788372653,0.17302529358369967,0.6193122220836915,0.7640989388665639
Wang,SALL4_+_+,SALL4 (+),0.22074980455199952,-0.6516770098405718,1.0931766189445709,0.6199167912717427,0.7640989388665639
Wamsley,ETV3_(+),ETV3 (+),0.08341872468039813,-0.24738018782809756,0.4142176371888938,0.6211011910747045,0.7647391538928374
Wang,MXI1_+_+,MXI1 (+),0.047932705429408196,-0.14314408547207727,0.23900949633089366,0.6229263037350112,0.7661660420270192
Wang,NKX6-2_+_+,NKX6 (-),0.03274108535620838,-0.0989549784728633,0.16443714918528005,0.6260405591645462,0.7687333741972249
Wamsley,JDP2_(+),JDP2 (+),-0.0812173524837699,-0.40819542833165756,0.24576072336411778,0.6263505840198259,0.7687333741972249
Wang,E2F3_-_+,E2F3 (-),-0.056913045918205986,-0.2893198097066278,0.17549371787021584,0.6312238120189302,0.7738884688931447
Wang,MBNL2_-_+,MBNL2 (-),0.16721797022797,-0.5267984548749857,0.8612343953309257,0.6367297048485212,0.77980741275378
Wang,TFAP2C_+_+,TFAP2C (+),-0.050467839773077346,-0.2645819395132193,0.16364625996706458,0.6440734144114069,0.7879621559288488
Wamsley,POU3F4_(+),POU3F4 (+),-0.1971543541777538,-1.0354997043002836,0.6411909959447761,0.6448249639230257,0.7880432609048666
Wang,ZNF536_+_+,ZNF536 (+),0.06321070176719092,-0.20882079704917178,0.3352422005835536,0.6487752274034845,0.7904666136051335
Wang,HSF4_+_+,HSF4 (+),0.15326642256751463,-0.5065167528334967,0.813049597968526,0.6488699854289096,0.7904666136051335
Wamsley,CLOCK_(+),CLOCK (+),-0.3145013629432706,-1.6656143955522702,1.0366116696657288,0.6482019712285878,0.7904666136051335
Wang,ZNF519_+_+,ZNF519 (+),-0.057201388643091475,-0.3039922792904626,0.1895895020042796,0.6495996152020629,0.7905180502458966
Wang,ETS2_-_+,ETS2 (-),0.2093010207565043,-0.7032129608629525,1.121815002375961,0.6530074622378008,0.7938251390840073
Wang,DBX2_+_+,DBX2 (+),-0.05997451271163742,-0.3235137223332739,0.2035646969099991,0.6555455678798685,0.7960690634232828
Wamsley,NR2E1_(+),NR2E1 (+),-0.20614770632354118,-1.11739065777136,0.7050952451242776,0.6574530383566024,0.7975432427321654
GandalIsoforms,IsoformM18_white,TMEFF2,-0.11346598184873316,-0.6177161535595234,0.3907841898620571,0.6591658699582258,0.7987784514773021
Wamsley,SOX5_(+),SOX5 (+),0.07601332223953716,-0.26543208758718984,0.41745873206626416,0.6625707348861887,0.8020593106517021
GandalIsoforms,IsoformM30_lightcyan1,PLOD1,0.08035907022634542,-0.28723165872082823,0.44794979917351907,0.6682851913138541,0.8081261514310539
Wang,NEUROD4_extended_-_+,NEUROD4 (-),0.1645926943632506,-0.5924879941767616,0.9216733829032628,0.6700063488565124,0.8085071366054453
Wamsley,ESRRA_(+),ESRRA (+),0.04362581740521212,-0.1567854838847628,0.24403711869518704,0.6696107917455443,0.8085071366054453
Wamsley,STAT5A_(+),STAT5A (+),0.11014258847387981,-0.40123504407670596,0.6215202210244656,0.6728942605393642,0.8111408801051035
Wang,SOX9_+_+,SOX9 (+),-0.0368256147059522,-0.21031337272106215,0.13666214330915777,0.6773601520914222,0.8156692930943827
Wang,RFX7_-_+,RFX7 (-),0.12798854022712491,-0.47679811901832403,0.7327751994725739,0.6782789334521011,0.8159213111610003
Wamsley,RFX1_(+),RFX1 (+),-0.16929957803243698,-0.977074884125357,0.638475728060483,0.6812065772204039,0.8185867960328782
Wamsley,RELA_(+),RELA (+),-0.09935457815730483,-0.577861648318315,0.3791524920037054,0.6840159278670932,0.8211047150805398
GandalIsoforms,IsoformM19_saddlebrown,GPR37L1,-0.029525657455364514,-0.17261404763772822,0.11356273272699921,0.6858724523852053,0.8224747864890367
Wamsley,FOXN2_(+),FOXN2 (+),0.039469663787911544,-0.15227135537236397,0.23121068294818709,0.6865884756843215,0.8224757781635101
Wen,M117-iso,ARL5B,0.016090089249834957,-0.06382215817196611,0.09600233667163603,0.6930901773229412,0.8294003162553407
Wamsley,MXD3_(+),MXD3 (+),0.15128493795470063,-0.6044406213155563,0.9070104972249576,0.694772001941734,0.8305486509698483
Wamsley,HESX1_(+),HESX1 (+),-0.24607542240922123,-1.4796288565248243,0.9874780117063819,0.6957859313281614,0.8308970104126537
Wamsley,CTCF_(+),CTCF (+),-0.04062531963830713,-0.24545553998012035,0.1642049007035061,0.6974505979149271,0.832020941496023
Wang,OLIG3_+_+,OLIG3 (+),0.15818048881258504,-0.6496260707659015,0.9659870483910716,0.7011109059304159,0.8355207687253662
GandalIsoforms,IsoformM61_navajowhite1,CELF2,-0.08910161830244055,-0.5460704110643076,0.36786717445942657,0.7023183062782148,0.8360932217597795
Wen,M73-xx,TMOD2,0.02911820971915379,-0.12272921578946569,0.18096563522777329,0.7070115139774087,0.8375637842193983
Wang,ZSCAN9_-_+,ZSCAN9 (-),0.12663600162513802,-0.5341874431158359,0.7874594463661119,0.7071951604148137,0.8375637842193983
Wang,RUNX3_+_+,RUNX3 (+),-0.14066762715525877,-0.8738295575133248,0.5924943032028074,0.7068589681634241,0.8375637842193983
Wamsley,IRF1_(+),IRF1 (+),0.02973272602419184,-0.12498244211219799,0.18444789416058166,0.7064031434535937,0.8375637842193983
Wamsley,SIRT6_(+),SIRT6 (+),-0.3354181777744178,-2.079612271541654,1.4087759159928184,0.706216173842839,0.8375637842193983
Wamsley,TFEC_(+),TFEC (+),-0.1807498176890745,-1.1363555896116198,0.7748559542334708,0.7108227512278285,0.8401296648633122
Wamsley,ZNF701_(+),ZNF701 (+),-0.1907014233064686,-1.1979520481196437,0.8165492015067066,0.7105572903253246,0.8401296648633122
Wang,ELF1_+_+,ELF1 (+),-0.026054806487701122,-0.16584530455672372,0.11373569158132149,0.7148597371960728,0.8423039936224218
Wamsley,ELF2_(+),ELF2 (+),0.10521033569917129,-0.4564141841428413,0.6668348555411838,0.7134740530365677,0.8423039936224218
Wamsley,ZNF808_(+),ZNF808 (+),0.3256216111580152,-1.418536737274196,2.0697799595902264,0.714409168889182,0.8423039936224218
Wamsley,EMX2_(+),EMX2 (+),0.14022191130044426,-0.6158562173372198,0.8963000399381084,0.716213619713203,0.8430354786798192
Wamsley,CARF_(+),CARF (+),0.2481226079814406,-1.1031590462872032,1.5994042622500841,0.7189080930022211,0.8453418271498511
Wen,M80-tr2,MAPK8IP3,0.02120768905532528,-0.0947913050357552,0.13720668314640577,0.720071882932712,0.8458454191753
Wang,ZNF462_-_+,ZNF462 (-),-0.15137306232867137,-0.9898113882950068,0.687065263637664,0.7234256448127439,0.8489178485047505
Wamsley,NR1D1_(+),NR1D1 (+),-0.1497341994903111,-0.9882071113354066,0.6887387123547845,0.7263098544352065,0.8514335704388251
Wang,EBF1_-_+,EBF1 (-),-0.16803131190974063,-1.1243178591411334,0.7882552353216521,0.7305318754809379,0.8555108521416279
Wang,FOXJ1_extended_+_+,FOXJ1 (+),-0.17412405874068904,-1.1813796544590232,0.833131536977645,0.7347254130173404,0.8574932365674802
Wang,CDC5L_+_+,CDC5L (+),0.16517228344327348,-0.7909274836384526,1.1212720505249996,0.7348929632529958,0.8574932365674802
Wang,SP7_+_+,SP7 (+),-0.1584401726172503,-1.0696171193758053,0.7527367741413048,0.7332264875183303,0.8574932365674802
Wamsley,PBX3_(+),PBX3 (+),0.12293974124050668,-0.5895746121883013,0.8354540946693146,0.735207244570031,0.8574932365674802
GandalIsoforms,IsoformM33_darkorange2,ECHDC2,-0.08790910890844644,-0.6067157700426724,0.43089755222577947,0.7397887253321662,0.8593291711277308
Wang,TEAD3_+_+,TEAD3 (+),-0.11100131009254517,-0.770809204068116,0.5488065838830256,0.7415833114855918,0.8593291711277308
Wamsley,ERG_(+),ERG (+),0.017379449255363676,-0.08610455729457397,0.12086345580530133,0.7420120581998579,0.8593291711277308
Wamsley,HIST1H2BN_(+),HIST1H2BN (+),0.0998162950503468,-0.4932816389121329,0.6929142290128265,0.7414889469079804,0.8593291711277308
Wamsley,MYBL1_(+),MYBL1 (+),-0.13208116633735953,-0.9124938055076774,0.6483314728329583,0.7400840692106081,0.8593291711277308
Wamsley,ZNF274_(+),ZNF274 (+),0.06102397387995899,-0.29609407512095604,0.41814202288087404,0.7376671294826929,0.8593291711277308
Wamsley,ZNF597_(+),ZNF597 (+),0.0998832148516289,-0.4932126123690933,0.6929790420723511,0.7413209504315323,0.8593291711277308
Wamsley,ZNF175_(+),ZNF175 (+),0.16787884543630116,-0.8394489570766144,1.1752066479492167,0.7439175982689155,0.8606692535304353
GandalGenes,GeneM33_sienna3,GKAP1,0.07385408203961007,-0.3773953871286327,0.5251035512078528,0.7483578213606896,0.8642467839313396
Wang,REST_+_+,REST (+),0.08886954450895503,-0.45447109477675496,0.632210183794665,0.748512866778795,0.8642467839313396
Wang,ZNF69_+_+,ZNF69 (+),0.05821741260783822,-0.29892676496149084,0.41536159017716734,0.7493348846834882,0.8643281016910846
Wang,DEAF1_+_+,DEAF1 (+),-0.14174285847251963,-1.0142743538049113,0.730788636859872,0.7501643108244698,0.8644177930342086
GandalGenes,GeneM10_purple,COL1A2,-0.05008409191718747,-0.36464010924317725,0.26447192540880227,0.7549688728599586,0.867479112179514
Wang,HMGA1_-_+,HMGA1 (-),-0.1438009408973115,-1.0554363329285388,0.7678344511339157,0.7571774702505644,0.867479112179514
Wang,ERF_+_+,ERF (+),-0.08852458154712893,-0.6501366851812606,0.47308752208700267,0.7573469814158539,0.867479112179514
Wang,MSC_+_+,MSC (+),0.061014101997850415,-0.32387230986437465,0.44590051386007545,0.7560067200681369,0.867479112179514
Wamsley,KLF3_(+),KLF3 (+),0.08044558501210708,-0.4237968430017456,0.5846880130259597,0.7544982294121335,0.867479112179514
Wamsley,RXRA_(+),RXRA (+),0.06418826119369059,-0.3404488396396023,0.4688253620269835,0.7558476898097316,0.867479112179514
Wamsley,BCL6_(+),BCL6 (+),-0.04562060077004531,-0.33771421533615487,0.24647301379606423,0.7594964979189003,0.8678722238289636
Wamsley,MAFB_(+),MAFB (+),0.06167168114616948,-0.3325964692638034,0.45593983155614237,0.7591446411177584,0.8678722238289636
Wamsley,ZNF879_(+),ZNF879 (+),-0.13598861587667777,-1.0083917069991841,0.7364144752458287,0.7599541994745793,0.8678722238289636
Wamsley,TFCP2L1_(+),TFCP2L1 (+),-0.10655269344254113,-0.8001010002440004,0.5869956133589181,0.763305975035119,0.8708351897722091
Wamsley,ZNF382_(+),ZNF382 (+),0.18689906743412424,-1.0465423455884493,1.4203404804566977,0.7664580241957122,0.8735646460109703
Wang,MEIS3_-_+,MEIS3 (-),0.126127995109424,-0.7132430685254938,0.9654990587443417,0.7683466900054321,0.8744457931496654
Wamsley,HLTF_(+),HLTF (+),-0.20266949182161728,-1.5538506226853372,1.1485116390421028,0.7687519103254884,0.8744457931496654
Wen,M43-iso,JAKMIP3,-0.03158876501659932,-0.24332410090259657,0.18014657086939792,0.7699571020849468,0.8749512523692579
Wang,ERG_+_+,ERG (+),-0.05783870236041019,-0.45222247594587145,0.3365450712250511,0.7737569699449826,0.8784012985555083
Wang,MBNL2_+_+,MBNL2 (+),-0.06753341959547508,-0.5347258241856988,0.39965898499474867,0.7769165945738628,0.8799557167402634
Wang,NRF1_+_+,NRF1 (+),0.09348742172598665,-0.5512354927841676,0.738210336236141,0.776236972664729,0.8799557167402634
Wamsley,MEIS1_(+),MEIS1 (+),-0.15407449644696375,-1.2224379888600576,0.91428899596613,0.7774217462679197,0.8799557167402634
Wamsley,CPEB1_(+),CPEB1 (+),-0.25020603519885537,-1.9945630325176802,1.4941509621199696,0.7785911315922609,0.8804127840030482
Wang,TP53_+_+,TP53 (+),-0.12926501855433456,-1.0405351141586532,0.782005077049984,0.7809763402510208,0.8822424275920175
Wang,NR2F1_-_+,NR2F1 (-),0.057870141744927224,-0.35941541954770706,0.4751557030375615,0.7857488707903567,0.883295407046833
Wang,IRF8_+_+,IRF8 (+),-0.06232983570864459,-0.5085888013892373,0.38392912997194817,0.7842577989924877,0.883295407046833
Wamsley,ENO1_(+),ENO1 (+),-0.1212133042113503,-0.9939936753588646,0.7515670669361639,0.7854482778641111,0.883295407046833
Wamsley,HSF2_(+),HSF2 (+),0.18939282580707442,-1.1619018799299525,1.5406875315441015,0.78352777507101945,0.883295407046833
Wamsley,RARA_(+),RARA (+),0.06786481346560945,-0.41677527025554434,0.5525048971867632,0.7837163351090157,0.883295407046833
Wang,SOX3_+_+,SOX3 (+),0.05964191398903733,-0.37729297853103594,0.4965768065091106,0.7890390159682135,0.8835393070724884
Wang,NFE2L2_+_+,NFE2L2 (+),0.027421862402000823,-0.17344602127221853,0.22828974607622016,0.7890145425809142,0.8835393070724884
Wamsley,POLR3G_(+),POLR3G (+),0.13100050909929148,-0.8247038953194419,1.086704913518025,0.7881767521919111,0.8835393070724884
Wamsley,RXRG_(+),RXRG (+),-0.11988136174802652,-0.99237117413539,0.7526084506393369,0.7876801315129071,0.8835393070724884
GandalIsoforms,IsoformM50_skyblue1,PDS5A,0.043855690872730606,-0.28909530103218406,0.3768066827776453,0.7962646222186379,0.8881710141139025
Wang,KLF8_-_+,KLF8 (-),0.13350718084652086,-0.8746819658455081,1.1416963275385499,0.7951989830185894,0.8881710141139025
Wang,KLF2_+_+,KLF2 (+),0.0872108058688804,-0.5727663705712843,0.7471879823090452,0.795623316497414,0.8881710141139025
Wamsley,RFX7_(+),RFX7 (+),0.2834579484574713,-1.8525439634380907,2.419459860353033,0.7947723446722146,0.8881710141139025
Wang,ZNF641_+_+,ZNF641 (+),-0.060252564304099865,-0.521814209071146,0.4013090804629463,0.798046323337442,0.8887174295325184
Wamsley,HSF1_(+),HSF1 (+),-0.07885054426335227,-0.6836578040027786,0.5259567154760741,0.7983000910496448,0.8887174295325184
Wang,ETV2_+_+,ETV2 (+),0.15936308278650332,-1.0741699780697815,1.3928961436427882,0.8000877383879726,0.8898461307022907
Wang,SOX13_-_+,SOX13 (-),0.10216009110548105,-0.7057324323557351,0.9100526145666973,0.8042402629645351,0.8927377436382387
Wamsley,ZNF555_(+),ZNF555 (+),0.08797741261413312,-0.6055716915549529,0.7815265167832193,0.8036360231757126,0.8927377436382387
Wamsley,ZNF658_(+),ZNF658 (+),-0.07440321962938459,-0.6675997303215916,0.5187932910628225,0.8057951568288484,0.8936011864543643
Wang,KLF1_+_+,KLF1 (+),-0.10033185283834611,-0.9081437558729009,0.7074800501962086,0.8076554356232903,0.8939400875522462
Wamsley,ZNF250_(+),ZNF250 (+),-0.10449867996950758,-0.9427850551528315,0.7337876952138164,0.8069639369703242,0.8939400875522462
GandalIsoforms,IsoformM43_lavenderblush3,HIPK3,-0.02378599796717403,-0.2169000849469383,0.16932808901259022,0.8092216194698767,0.8948123676830367
Wamsley,HSF4_(+),HSF4 (+),-0.09514861206176017,-0.8757067572157027,0.6854095330921823,0.811155210303977,0.8952288789343316
Wamsley,ZNF335_(+),ZNF335 (+),0.09515416701937032,-0.6853069994372112,0.8756153334759518,0.8111213699681341,0.8952288789343316
Wang,PLAGL1_+_+,PLAGL1 (+),-0.03341351729597153,-0.30975268947714946,0.2429256548852064,0.8126501030786283,0.8959540429032182
Wang,FOXN2_+_+,FOXN2 (+),0.028052846061153835,-0.2048644840382074,0.26097017616051504,0.8133704528617042,0.8959540429032182
Wang,PGR_extended_+_+,PGR (+),-0.13609557024494492,-1.2780998115940556,1.0059086711041658,0.8153006021534515,0.8972207583506882
Wang,GMEB1_+_+,GMEB1 (+),0.1560193150817232,-1.1951063474605648,1.5071449776240113,0.8209346556428394,0.9007954205028426
Wang,ZBTB42_+_+,ZBTB42 (+),-0.11582067553506642,-1.1231030675852103,0.8914617165150776,0.8216820835717232,0.9007954205028426
Wamsley,TMEM33_(+),TMEM33 (+),-0.20328083640291245,-1.9480494192138482,1.5414877464080234,0.8193569778726979,0.9007954205028426
Wamsley,ZNF329_(+),ZNF329 (+),-0.10038786757977725,-0.972840872313841,0.7720651371542865,0.8215591869284805,0.9007954205028426
Wang,SOX12_+_+,SOX12 (+),-0.11485778547271239,-1.122182043332589,0.8924664723871643,0.8231471530646781,0.901542120023219
Wang,ZNF506_+_+,ZNF506 (+),-0.109014604696741,-1.1163367541453448,0.8983075447518628,0.8320061051972274,0.9103350194615445
Wang,ASCL4_extended_+_+,ASCL4 (+),-0.08141273195544843,-0.8371228315904382,0.6742973676795414,0.832758643890039,0.9103350194615445
GandalIsoforms,IsoformM28_mediumpurple3,IL1RAP,-0.03748371368151766,-0.39475832437437,0.3197908970113347,0.8370656954858534,0.9124412794395558
Wang,ZNF676_+_+,ZNF676 (+),-0.027990299576362662,-0.2924525073204399,0.23647190816771457,0.8356528370627214,0.9124412794395558
Wang,GFI1_+_+,GFI1 (+),0.08215241141291442,-0.698359644725275,0.8626644675511038,0.8365469307117913,0.9124412794395558
Wamsley,TBP_(+),TBP (+),0.04462096229750726,-0.3835073137553309,0.4727492383503455,0.838125983754332,0.9127318951870094
Wang,CTCFL_+_+,CTCFL (+),-0.08635607926597445,-0.9246079788627601,0.7518958203308113,0.8399706954908186,0.9136072726609719
Wang,RFX4_+_+,RFX4 (+),0.018280404188170018,-0.15978415769861254,0.19634496607495255,0.8405186908480942,0.9136072726609719
Wang,ZNF121_+_+,ZNF121 (+),-0.08816709753519833,-0.9605850468349677,0.784250851764571,0.8429732349689563,0.9145718638889035
Wang,VAX1_+_+,VAX1 (+),0.05575096928322959,-0.4969652673366857,0.6084672059031448,0.843269782908546,0.9145718638889035
Wang,CEBPB_+_+,CEBPB (+),0.04592790307014201,-0.4157051513093042,0.5075609574495882,0.8453825141860039,0.9145718638889035
Wang,STAT3_+_+,STAT3 (+),-0.03781596855602363,-0.4164788723556419,0.3408469352435946,0.8448039888206604,0.9145718638889035
Wang,RXRG_+_+,RXRG (+),-0.03638403177285135,-0.3985466131327765,0.32577854958707375,0.8438894382894798,0.9145718638889035
Wang,CREM_+_+,CREM (+),0.05860061352334915,-0.5346139827521218,0.65181520979882,0.846464814505979,0.9148820833476277
Wen,M74-tr1,ZNF598,-0.01882655744547173,-0.21067781639398628,0.1730247015030428,0.8474685225346668,0.9151068553191237
Wang,POU2AF1_+_+,POU2AF1 (+),-0.04424758565382881,-0.5005427726811292,0.4120476013734716,0.849249234102784,0.9160042086941608
Wamsley,NR2F1_(+),NR2F1 (+),0.07535641049912344,-0.7051138792357612,0.8558267002340081,0.8498926005884082,0.9160042086941608
GandalIsoforms,IsoformM47_antiquewhite4,TMEM106C,0.025244107534542214,-0.24122015467851304,0.29170836974759745,0.8526821225738478,0.9181502256179074
Wamsley,KLF8_(+),KLF8 (+),0.10676830106726148,-1.0352289452998182,1.2487655474343413,0.8545959354392973,0.9185310708828327
Wamsley,SP3_(+),SP3 (+),-0.05249734730623422,-0.6141564831729915,0.5091617885605231,0.8546332572562009,0.9185310708828327
Wang,SMAD9_+_+,SMAD9 (+),0.07435124054501764,-0.7341143740998668,0.882816855189902,0.8569445708520868,0.9201552348084965
Wang,RUNX2_+_+,RUNX2 (+),0.06657926266806045,-0.6666266375725515,0.7997851629086724,0.8587301657567706,0.9212123979666849
GandalGenes,GeneM21_darkred,STK17A,-0.03070973867330246,-0.376104458047179,0.3146849807005741,0.8616461976193892,0.9234791493590845
Wamsley,NEUROD2_(+),NEUROD2 (+),0.0779722869529918,-0.8332865390091673,0.9892311129151508,0.8668040659436336,0.9271583361234695
Wamsley,TCF12_(+),TCF12 (+),0.07184871297363817,-0.7667040481063501,0.9104014740536264,0.8666246652579914,0.9271583361234695
Wamsley,ZNF454_(+),ZNF454 (+),-0.11500043942167869,-1.466107738108392,1.2361068592650348,0.8674977127555246,0.9271583361234695
Wang,AR_+_+,AR (+),0.041052275206956326,-0.44978184233874857,0.5318863927526613,0.869777712398235,0.9287320048820522
Wamsley,NFKB1_(+),NFKB1 (+),-0.017572720404941688,-0.23800016255750453,0.20285472174762118,0.8758251854238271,0.9343218582907248
Wamsley,NKX6-2_(+),NKX6 (-),0.0718424321032588,-0.8394588540308686,0.9831437182373862,0.8771943982441309,0.9349152529942081
Wang,RREB1_+_+,RREB1 (+),-0.048614001657514526,-0.6932469139019481,0.5960189105869191,0.8824847103222895,0.9396827933987342
Wang,PRDM1_+_+,PRDM1 (+),-0.022370930380549655,-0.3323334956876045,0.2875916349265052,0.8874998953119773,0.9432762288435986
Wang,FOXP1_-_+,FOXP1 (-),0.044699938010062445,-0.5726463558890182,0.6620462319091431,0.8871382358237012,0.9432762288435986
Wang,MITF_+_+,MITF (+),0.012281674786397983,-0.16277432587604546,0.18733767544884145,0.8906199143823572,0.944340525112646
Wang,BARHL1_+_+,BARHL1 (+),-0.08626418330578216,-1.3197380020835314,1.147209635471967,0.8909647563019312,0.944340525112646
Wamsley,ZFHX2_(+),ZFHX2 (+),-0.06179603152708718,-0.9342104683821146,0.8106184053279402,0.8895745912619377,0.944340525112646
Wang,ETV1_+_+,ETV1 (+),-0.020161335122179196,-0.3180306813745078,0.27770801113014937,0.8944530368330177,0.9453114722134235
Wang,ZNF611_+_+,ZNF611 (+),-0.036531782507607094,-0.5799699296135067,0.5069063645982924,0.8951688636873202,0.9453114722134235
Wang,CREB3L2_+_+,CREB3L2 (+),0.02850305767080496,-0.3913896411968995,0.44839575653850944,0.894148260698596,0.9453114722134235
Wamsley,ZNF691_(+),ZNF691 (+),-0.10354664473771748,-1.6140663041143721,1.406973014638937,0.8931119365288458,0.9453114722134235
Wang,ZNF98_+_+,ZNF98 (+),0.03012513141775145,-0.43694587578747657,0.4971961386229795,0.8993960062572843,0.9462995491270603
Wamsley,KLF4_(+),KLF4 (+),0.023346656083638753,-0.33376442725125544,0.3804577394185329,0.8980331805680216,0.9462995491270603
Wamsley,NR2C2_(+),NR2C2 (+),-0.007747904606251756,-0.12701678321844984,0.11152097400594634,0.8986766244763267,0.9462995491270603
Wamsley,ZNF84_(+),ZNF84 (+),-0.03850622321706178,-0.6316465628927711,0.5546341164586476,0.898742427384227,0.9462995491270603
Wamsley,ZNF233_(+),ZNF233 (+),0.07250548659301917,-1.069491173706782,1.2145021468928205,0.9009599109841142,0.947078517030833
Wang,AHR_+_+,AHR (+),-0.02934453943087601,-0.5336058136894396,0.4749167348276876,0.9091854157022847,0.9539810474978352
Wang,BCL6_+_+,BCL6 (+),-0.015639195512187943,-0.2831215138824357,0.2518431228580598,0.90875809574691,0.9539810474978352
GandalIsoforms,IsoformM59_salmon2,RP5-940J5.9,0.05818341525044411,-1.0101274340952433,1.1264942645961316,0.9149837041257499,0.9591898447990996
Wamsley,MYCN_(+),MYCN (+),-0.07892839245593893,-1.5894796551383605,1.4316228702264826,0.9184237109019877,0.9610439195061745
Wamsley,XBP1_(+),XBP1 (+),0.015439084750743329,-0.2780448922609139,0.3089230617624006,0.9178716727741064,0.9610439195061745
Wamsley,PBX4_(+),PBX4 (+),0.07697383553146728,-1.4335705932895584,1.587518264352493,0.9204366854712365,0.9622747166290199
Wang,ZIC4_+_+,ZIC4 (+),0.03406522939820334,-0.6419829496461786,0.7101134084425853,0.9213220692685268,0.9623255037772988
Wamsley,ZNF354C_(+),ZNF354C (+),-0.061283432506933015,-1.2947569183185879,1.172190053304722,0.922419580427801,0.962597565782188
Wamsley,NFE2L2_(+),NFE2L2 (+),-0.049527206871767905,-1.1184189697971736,1.019364556053638,0.9276333801616208,0.9665485721704411
Wamsley,ZFP64_(+),ZFP64 (+),-0.018055541653666712,-0.40910085605960944,0.37298977275227607,0.9278866292836234,0.9665485721704411
Wang,NKX6-3_+_+,NKX6 (-),-0.04823534376826895,-1.1166138127029173,1.0201431251663793,0.929482224893889,0.9673344421972601
Wamsley,NFATC2_(+),NFATC2 (+),0.009828587377780302,-0.2270673371511578,0.2467245119067184,0.9351843391081054,0.9723887793619541
Wang,FOXO1_+_+,FOXO1 (+),0.006736327018853404,-0.15946321076122832,0.17293586479893513,0.9366769806008907,0.9730610006242315
Wang,RXRA_+_+,RXRA (+),-0.009593259520693979,-0.2571038955230844,0.23791737648169645,0.9394408665353485,0.9744360162677019
Wang,ZNF189_-_+,ZNF189 (-),-0.021530644708877285,-0.5833774183467302,0.5403161289289755,0.9401235771863732,0.9744360162677019
Wang,ASCL1_-_+,ASCL1 (-),-0.03846161289918353,-1.0492119826009594,0.9722887568025924,0.9405425896149122,0.9744360162677019
Wang,FOXP2_-_+,FOXP2 (-),-0.020853199852759928,-0.5927054482763242,0.5509990485708044,0.9430171538672485,0.9761203662892312
Wang,SCRT1_extended_+_+,SCRT1 (+),-0.02479512681682821,-0.7579586200504838,0.7083683664168274,0.9471466554660014,0.9794088368085675
Wang,FOXO3_-_+,FOXO3 (-),-0.016126356589541466,-0.5070086877039777,0.4747559745248947,0.9486567018080821,0.9794088368085675
Wang,KLF5_-_+,KLF5 (-),-0.02524550832955995,-0.8064747212669496,0.7559837046078297,0.9494943142634522,0.9794088368085675
Wamsley,RUNX1_(+),RUNX1 (+),0.0034291151014149753,-0.10291017801978444,0.10976840822261438,0.9496007417752632,0.9794088368085675
Wang,PRRX1_+_+,PRRX1 (+),-0.00498048717317402,-0.1670165393954893,0.15705556504914128,0.9519578469595741,0.9809601469565502
Wang,TAL1_+_+,TAL1 (+),0.01163747947333505,-0.40823505827378814,0.43151001722045823,0.9566735775850479,0.9814224926162399
Wang,FOS_+_+,FOS (+),-0.009400996179892266,-0.3345189330803743,0.31571694072058976,0.9548013524586931,0.9814224926162399
Wamsley,HDAC2_(+),HDAC2 (+),0.005186095151776881,-0.17221833816987112,0.18259052847342486,0.9543055585769902,0.9814224926162399
Wamsley,ZNF124_(+),ZNF124 (+),-0.026620737816083248,-0.9823058725630354,0.929064396930869,0.9564573867521078,0.9814224926162399
Wamsley,ZNF287_(+),ZNF287 (+),0.02881133583111317,-0.9784268397609143,1.0360495114231405,0.9552875270840095,0.9814224926162399
Wang,MSX1_+_+,MSX1 (+),0.012785268514815764,-0.47183401174911327,0.4974045487787448,0.9587579151820068,0.9818090850038361
Wamsley,STAT2_(+),STAT2 (+),0.005087611054130023,-0.1855018059426533,0.19567702805091336,0.958270617104352,0.9818090850038361
Wang,HHEX_+_+,HHEX (+),-0.01753627134557702,-0.7732258967103137,0.7381533540191597,0.9637198529155444,0.9825596036741405
Wang,SREBF1_+_+,SREBF1 (+),-0.007855225292878219,-0.3467616049325756,0.3310511543468191,0.9637628112560266,0.9825596036741405
Wang,PRDM16_+_+,PRDM16 (+),0.006303581736500067,-0.25166886869018484,0.264276032163185,0.9617991509591425,0.9825596036741405
Wang,ZNF207_+_+,ZNF207 (+),-0.01762385210403948,-0.7306396130838468,0.6953919088757679,0.961358248055884,0.9825596036741405
Wamsley,ZNF76_(+),ZNF76 (+),-0.013419949347495205,-0.5849506050269053,0.5581107063319148,0.963290115503477,0.9825596036741405
Wang,ZNF736_+_+,ZNF736 (+),-0.021791331959653798,-1.090299020033474,1.0467163561141661,0.9681128684629076,0.986047900265986
Wamsley,NFATC1_(+),NFATC1 (+),-0.008350916428510304,-0.42818540926166465,0.411483576404644,0.9688992411309253,0.986047900265986
Wang,ZNF565_-_+,ZNF565 (-),0.015122608131267645,-0.8233328300543448,0.8535780463168801,0.9717979135564683,0.9881234311140039
Wamsley,ATF2_(+),ATF2 (+),-0.01471273159837519,-0.9706291430596161,0.9412036798628658,0.975932415243693,0.9914507752033983
Wang,SPDEF_+_+,SPDEF (+),0.015199910495282232,-1.053182731631161,1.0835825526217255,0.9777524130856872,0.992271046670783
Wamsley,FOXO6_(+),FOXO6 (+),0.015624543126167595,-1.2178497016210208,1.2490987878733562,0.9801912252330518,0.992271046670783
Wamsley,ZNF200_(+),ZNF200 (+),-0.011568892038495749,-0.8839763623996096,0.8608385783226181,0.9792628779692854,0.992271046670783
Wamsley,ZNF814_(+),ZNF814 (+),0.027320650528656284,-2.1087037391824768,2.1633450402397894,0.9799984188633207,0.992271046670783
GandalGenes,GeneM12_tan,PPM1K,0.0030658494826128805,-0.2945924098345556,0.3007241087997814,0.9838924909153662,0.9930141509639263
GandalGenes,GeneM22_darkgreen,GDF11,-0.003983073419368733,-0.3886881021692784,0.380721955330541,0.9838085540904051,0.9930141509639263
Wang,ZNF518A_+_+,ZNF518A (+),-0.003492092217995475,-0.3470474634873825,0.3400632790513916,0.9841040962472534,0.9930141509639263
Wamsley,BHLHE22_(+),BHLHE22 (+),-0.013502198235629977,-1.3652625909890976,1.3382581945178376,0.9843792453033704,0.9930141509639263
GandalGenes,GeneM31_violet,FBXO31,-0.0025756104413685245,-0.3904540030189963,0.3853027821362593,0.9896152194000922,0.9969626926097164
GandalIsoforms,IsoformM57_thistle3,CHL1,0.0017836774996697507,-0.39254704916276706,0.3961144041621065,0.9929258376323628,0.9969626926097164
Wang,MESP2_extended_+_+,MESP2 (+),0.001879442452747391,-0.9539440232656274,0.9577029081711222,0.9969247865303559,0.9969626926097164
Wang,ZBTB33_+_+,ZBTB33 (+),0.002074931034671524,-1.066337346683714,1.070487208753057,0.9969626926097164,0.9969626926097164
Wang,TWIST2_extended_+_+,TWIST2 (+),-0.0018169094434086308,-0.5365426340029925,0.5329088151161753,0.9946859701096096,0.9969626926097164
Wang,BHLHE41_+_+,BHLHE41 (+),7.572506633908117e-4,-0.228101984924371,0.2296164862511526,0.9948252047138053,0.9969626926097164
Wang,KLF15_+_+,KLF15 (+),-0.0013217550556218285,-0.38297311131041917,0.3803296011991755,0.994583661057833,0.9969626926097164
Wang,SRY_+_+,SRY (+),0.0023194481052884854,-1.1397766422357953,1.1444155384463721,0.9968238144347237,0.9969626926097164
Wamsley,NFYA_(+),NFYA (+),0.0029584675854771323,-1.065368501221726,1.0712854363926805,0.9956690268632611,0.9969626926097164
Wamsley,TRAF4_(+),TRAF4 (+),-0.0023319003242305647,-0.8750138297508168,0.8703500291023556,0.9958209553312125,0.9969626926097164
