GENE	ASD_Matoba_2020
LOC100996442	-0.72248
LOC102725121	-0.72248
LOC102723897	-0.72248
LOC105378580	0.71051
SAMD11	-1.4829
NOC2L	-0.55227
KLHL17	-0.50068
PLEKHN1	-0.051967
PERM1	-0.18748
HES4	-0.6948
ISG15	-0.13561
AGRN	-0.77425
LOC105369174	-1.0111
LOC105378948	-0.92282
RNF223	-0.65463
C1orf159	-0.95155
TTLL10	1.6464
TNFRSF18	0.87926
TNFRSF4	0.5294
SDF4	0.43306
B3GALT6	0.25011
FAM132A	-0.4633
UBE2J2	-1.263
SCNN1D	-0.84837
ACAP3	-0.32384
PUSL1	-0.20665
CPSF3L	-0.46161
CPTP	-0.88555
TAS1R3	-0.6733
DVL1	-0.53
MXRA8	0.060419
AURKAIP1	0.081658
CCNL2	-0.15969
MRPL20	0.13671
ANKRD65	0.30819
TMEM88B	0.2605
VWA1	-0.61225
ATAD3C	0.25984
ATAD3B	1.3339
ATAD3A	0.013239
TMEM240	-0.16116
SSU72	-0.39465
C1orf233	0.82371
MIB2	0.26114
MMP23B	-0.13028
CDK11B	-0.63651
SLC35E2B	-1.3633
CDK11A	-1.3463
SLC35E2	-0.81494
NADK	-1.207
GNB1	-0.42838
LOC105378949	-0.63053
CALML6	1.3867
TMEM52	1.485
CFAP74	2.664
GABRD	1.9381
PRKCZ	-1.5707
LOC100506504	-0.15153
C1orf86	0.04053
LOC105378592	0.23001
SKI	0.40972
LOC105378594	-0.75838
MORN1	1.4354
RER1	1.3356
PEX10	1.6341
PLCH2	0.72292
PANK4	1.0278
HES5	1.6181
TNFRSF14	2.928
FAM213B	2.6991
MMEL1	2.4359
TTC34	2.3193
ACTRT2	1.4151
PRDM16	1.53
ARHGEF16	0.90048
MEGF6	0.83488
TPRG1L	0.64588
WRAP73	0.16997
TP73	-0.71802
CCDC27	-0.87434
SMIM1	-0.61249
LRRC47	-1.0437
CEP104	-1.7313
DFFB	-0.87346
C1orf174	-0.58734
AJAP1	0.65366
NPHP4	0.2535
KCNAB2	0.16218
CHD5	0.026266
RPL22	1.3433
RNF207	-0.60501
ICMT	-1.4297
HES3	0.70601
GPR153	1.1655
ACOT7	0.19149
HES2	-1.7475
ESPN	-1.2263
TNFRSF25	-0.34914
PLEKHG5	0.80437
NOL9	1.0488
TAS1R1	0.95742
ZBTB48	0.83724
KLHL21	0.81204
PHF13	0.79415
THAP3	0.98533
DNAJC11	0.86524
CAMTA1	1.6955
VAMP3	0.85692
PER3	0.11863
UTS2	-0.29903
TNFRSF9	-1.086
PARK7	0.84164
ERRFI1	-0.39748
SLC45A1	-0.025246
RERE	2.4496
ENO1	1.0562
CA6	-0.26538
SLC2A7	0.80286
SLC2A5	0.53753
GPR157	-1.2185
H6PD	-1.3332
SPSB1	-0.22411
SLC25A33	-0.18139
TMEM201	-0.50282
PIK3CD	0.76346
CLSTN1	1.3621
CTNNBIP1	0.63143
LZIC	-0.89721
NMNAT1	-0.4437
LOC105376719	0.04396
RBP7	0.32294
UBE4B	0.44448
KIF1B	0.65053
PGD	1.0325
APITD1	-0.88784
APITD1-CORT	-0.92002
CORT	-0.85955
DFFA	-1.5797
PEX14	-0.66335
CASZ1	-0.24236
C1orf127	0.41894
TARDBP	1.1922
MASP2	1.8753
SRM	2.3147
EXOSC10	2.0285
MTOR	2.0413
ANGPTL7	1.5131
UBIAD1	1.0758
PTCHD2	0.37689
FBXO2	-0.092836
FBXO44	-0.13464
FBXO6	0.12431
MAD2L2	0.11372
DRAXIN	0.046997
AGTRAP	0.58022
C1orf167	1.4337
MTHFR	1.8244
CLCN6	2.0596
NPPA	1.3269
NPPB	-0.31247
KIAA2013	0.18145
PLOD1	0.012617
MFN2	-0.51423
MIIP	-1.2842
TNFRSF8	-0.20021
TNFRSF1B	-0.64114
VPS13D	-0.16983
DHRS3	0.70228
AADACL4	-0.078191
AADACL3	-1.0203
C1orf158	-0.34439
PRAMEF12	-0.65704
PRAMEF1	-1.1498
PRAMEF11	0.89801
HNRNPCL1	1.4308
PRAMEF2	1.7232
PRAMEF4	-0.77676
PRAMEF10	-1.1673
HNRNPCL2	-1.4888
PRAMEF19	-1.7701
PRAMEF17	-1.3488
PRAMEF20	-0.77693
LRRC38	-1.4664
PDPN	-0.32387
PRDM2	-0.1737
KAZN	0.78227
TMEM51	0.73865
C1orf195	0.58007
FHAD1	-0.5819
EFHD2	0.18508
CTRC	0.48926
CELA2A	1.0171
CELA2B	0.54242
CASP9	0.36395
DNAJC16	0.16529
AGMAT	0.15073
DDI2	-0.54269
RSC1A1	-1.5414
PLEKHM2	-0.62004
SLC25A34	-0.07952
TMEM82	-0.61107
FBLIM1	0.018816
UQCRHL	0.97134
SPEN	0.89002
ZBTB17	0.65367
TBC1D3P6	0.17238
C1orf64	0.016002
HSPB7	0.18124
CLCNKA	0.052164
CLCNKB	-0.59544
FAM131C	-0.51903
EPHA2	1.1499
ARHGEF19	-0.046643
ANO7P1	-0.27876
RSG1	-0.033165
FBXO42	-0.0072874
SZRD1	0.53447
SPATA21	0.79996
NECAP2	0.41374
LOC102724970	2.1702
FAM231B	2.208
FAM231A	-1.4494
CROCC	0.20187
MFAP2	0.83505
ATP13A2	0.97175
SDHB	0.080164
PADI2	0.31348
PADI1	0.39771
PADI3	1.2461
PADI4	-0.18058
PADI6	1.5399
RCC2	1.9633
ARHGEF10L	-0.77865
ACTL8	-1.2136
IGSF21	0.91263
KLHDC7A	-0.30461
PAX7	1.1353
TAS1R2	0.64036
ALDH4A1	-1.1163
IFFO2	0.033091
UBR4	-0.30286
EMC1	0.015326
MRTO4	-0.23939
AKR7A3	-1.4612
AKR7A2	-0.72365
PQLC2	-1.0629
CAPZB	0.72344
MINOS1	0.39858
MINOS1-NBL1	1.3502
NBL1	2.1118
HTR6	2.304
TMCO4	1.1488
RNF186	-0.28964
OTUD3	0.21679
PLA2G2E	1.1412
PLA2G2A	1.3845
PLA2G5	-0.75851
PLA2G2D	-0.54162
PLA2G2F	0.99475
LOC105376824	0.46292
PLA2G2C	0.80157
UBXN10	1.1721
VWA5B1	1.7484
CAMK2N1	0.5885
MUL1	1.1345
FAM43B	0.83064
CDA	0.088099
PINK1	-0.035864
DDOST	0.21416
KIF17	-0.28425
SH2D5	-1.1118
HP1BP3	-0.36419
EIF4G3	0.67226
ECE1	0.098858
NBPF3	0.050787
ALPL	-0.52413
RAP1GAP	1.6125
USP48	0.86555
LDLRAD2	0.37949
HSPG2	-0.16523
CELA3B	0.052647
CELA3A	0.18207
CDC42	1.6226
WNT4	1.0052
ZBTB40	-0.3479
EPHA8	-0.75456
C1QA	-0.99785
C1QC	-0.9639
C1QB	-1.3958
EPHB2	0.88342
LACTBL1	-0.037998
C1orf234	-1.1471
KDM1A	-0.67186
LUZP1	-0.74443
HTR1D	-0.63594
HNRNPR	1.7082
ZNF436	1.8488
TCEA3	2.7023
ASAP3	1.9
E2F2	1.9514
ID3	1.116
RPL11	-0.13179
TCEB3	-0.38743
PITHD1	-0.62082
LYPLA2	-0.52416
GALE	-0.68544
HMGCL	-0.13514
FUCA1	0.29877
CNR2	-0.4949
PNRC2	0.70891
SRSF10	0.61442
MYOM3	0.22793
IL22RA1	0.77216
IFNLR1	-0.36731
GRHL3	-1.1976
STPG1	-0.93753
NIPAL3	-0.66866
RCAN3	0.63926
NCMAP	0.46081
SRRM1	1.325
CLIC4	0.75299
RUNX3	-1.4647
SYF2	1.1409
RSRP1	2.6077
RHD	2.3081
TMEM50A	3.0347
RHCE	2.9601
TMEM57	2.7021
LDLRAP1	1.4646
MAN1C1	3.2096
SEPN1	0.17113
MTFR1L	0.47072
AUNIP	0.43439
PAQR7	-0.10286
STMN1	0.18418
PAFAH2	-0.17813
EXTL1	-0.42361
SLC30A2	0.0629
LOC105376910	0.05057
TRIM63	-0.052666
PDIK1L	0.079647
FAM110D	2.7724
LOC105376887	2.4287
ZNF593	1.9844
CNKSR1	1.7862
CATSPER4	2.6272
CEP85	1.4758
SH3BGRL3	0.94028
UBXN11	0.93072
CD52	1.4184
AIM1L	2.1511
ZNF683	1.3731
LIN28A	0.033542
DHDDS	-0.26399
HMGN2	-0.0036999
RPS6KA1	0.74978
LOC101928728	-1.1519
ARID1A	-1.2058
PIGV	-0.86534
ZDHHC18	-1.0887
SFN	-1.2761
GPN2	-0.54001
GPATCH3	0.02575
NUDC	-0.15103
NR0B2	-0.19706
KDF1	0.29479
TRNP1	0.31141
FAM46B	-0.35576
SLC9A1	1.7171
WDTC1	1.7371
TMEM222	1.5095
SYTL1	1.6627
MAP3K6	1.7057
FCN3	1.5819
CD164L2	2.1579
GPR3	2.0275
WASF2	2.1226
AHDC1	0.70131
FGR	-0.66905
IFI6	-0.79854
FAM76A	1.4649
STX12	1.104
PPP1R8	0.42121
THEMIS2	0.13201
RPA2	-0.19812
SMPDL3B	0.31005
XKR8	1.7814
EYA3	2.0959
PTAFR	-0.15411
DNAJC8	-0.47186
ATPIF1	-0.58656
SESN2	-1.0994
MED18	1.465
PHACTR4	1.3856
RCC1	0.48825
TRNAU1AP	-0.0055228
RAB42	0.38206
TAF12	0.7357
GMEB1	0.54638
LOC105376911	0.8313
YTHDF2	0.82224
OPRD1	-0.24952
EPB41	-0.079744
TMEM200B	0.46124
SRSF4	0.30412
MECR	0.29398
PTPRU	0.074859
MATN1	-0.56762
LAPTM5	-0.32091
SDC3	1.2721
PUM1	1.2785
NKAIN1	0.22478
SNRNP40	0.61581
ZCCHC17	0.57201
FABP3	1.0541
SERINC2	0.2486
TINAGL1	0.38246
HCRTR1	-0.16023
PEF1	-0.30552
COL16A1	0.11422
ADGRB2	2.1344
SPOCD1	-0.74715
PTP4A2	1.1883
KHDRBS1	-1.184
TMEM39B	-1.8746
KPNA6	-0.93266
TXLNA	-0.64182
CCDC28B	-0.76216
TMEM234	-0.49518
IQCC	-0.55981
DCDC2B	-0.8809
EIF3I	-0.92896
FAM167B	-0.64763
LCK	0.17138
HDAC1	0.20494
MARCKSL1	-0.15528
FAM229A	-0.97501
TSSK3	-0.95948
BSDC1	-0.89554
ZBTB8B	0.71295
ZBTB8A	2.1302
ZBTB8OS	-1.3304
RBBP4	-1.2097
SYNC	-1.7659
KIAA1522	-1.6719
YARS	-1.2269
S100PBP	-1.19
FNDC5	-0.53597
HPCA	-0.23789
TMEM54	-0.21121
RNF19B	-0.39534
AK2	-1.7804
AZIN2	-1.5093
TRIM62	-1.201
ZNF362	1.0505
A3GALT2	1.8688
PHC2	1.3624
ZSCAN20	-0.33704
CSMD2	-0.17899
HMGB4	-0.083902
C1orf94	0.38231
GJB5	-0.86497
GJB4	-0.71981
GJB3	-1.4752
GJA4	-1.1815
SMIM12	-1.3701
DLGAP3	-0.35371
ZMYM6NB	0.54493
ZMYM6	0.56103
ZMYM1	-1.1647
SFPQ	-0.1113
ZMYM4	1.1828
KIAA0319L	-1.0692
NCDN	-0.25739
TFAP2E	0.018983
PSMB2	0.41877
C1orf216	0.21761
CLSPN	0.56995
AGO4	0.32721
AGO1	0.92238
AGO3	1.1427
TEKT2	0.95461
ADPRHL2	0.84728
COL8A2	0.71255
TRAPPC3	0.51452
MAP7D1	0.5659
THRAP3	-0.30683
SH3D21	-0.23539
EVA1B	0.11282
STK40	-1.3064
LSM10	-0.63286
OSCP1	0.7965
MRPS15	0.73009
CSF3R	-0.068229
GRIK3	0.32619
ZC3H12A	0.48264
MEAF6	-0.88694
SNIP1	-0.41111
DNALI1	-0.40987
GNL2	-0.09935
RSPO1	0.30944
C1orf109	0.49082
CDCA8	0.45894
EPHA10	-0.10097
MANEAL	1.1239
YRDC	0.82021
C1orf122	1.1153
MTF1	1.6073
INPP5B	0.75962
SF3A3	0.34733
FHL3	-0.75495
UTP11L	0.13054
POU3F1	0.80203
RRAGC	0.010711
MYCBP	0.22045
GJA9	0.5625
RHBDL2	0.39348
AKIRIN1	1.4191
NDUFS5	0.98802
MACF1	-0.47462
KIAA0754	-1.2029
LOC105378950	0.13509
BMP8A	-0.0028644
PABPC4	-0.17811
HEYL	-0.29816
NT5C1A	-1.7577
HPCAL4	-1.1401
PPIE	1.8015
BMP8B	1.0207
OXCT2	1.5759
LOC105378951	0.52129
LOC101929536	0.53533
TRIT1	0.66879
MYCL	0.9531
MFSD2A	2.6091
CAP1	1.3071
PPT1	0.44621
RLF	0.5339
TMCO2	1.0342
ZMPSTE24	0.50357
COL9A2	-2.6686
SMAP2	-0.93211
ZFP69B	-1.1801
ZFP69	-0.27461
EXO5	0.5704
ZNF684	0.7476
RIMS3	-0.83486
NFYC	-0.17907
KCNQ4	-1.2132
CITED4	0.96759
CTPS1	-1.4966
SLFNL1	-0.80937
SCMH1	-1.3787
FOXO6	1.125
LOC101929901	1.0653
EDN2	0.30494
HIVEP3	2.0661
GUCA2B	0.34952
GUCA2A	1.2144
FOXJ3	1.6773
RIMKLA	1.2474
ZMYND12	2.3516
PPCS	2.3959
CCDC30	2.1936
PPIH	0.6025
YBX1	0.42933
CLDN19	0.60776
P3H1	0.70989
C1orf50	1.4055
LOC100129924	2.1962
CCDC23	2.4875
ERMAP	2.1885
ZNF691	0.58884
SLC2A1	0.67212
LOC105378684	-0.3807
FAM183A	0.51091
EBNA1BP2	0.52004
CFAP57	0.5562
TMEM125	0.96794
C1orf210	1.0077
TIE1	1.3118
MPL	1.7565
CDC20	1.3407
ELOVL1	1.4662
MED8	1.5818
SZT2	1.1637
HYI	1.0494
PTPRF	1.7603
KDM4A	1.2251
ST3GAL3	1.3926
ARTN	-0.32045
IPO13	-0.15196
DPH2	-0.42825
ATP6V0B	-0.51542
B4GALT2	-0.45897
CCDC24	-0.37149
SLC6A9	0.012597
KLF17	0.82906
LOC105378952	1.5417
DMAP1	0.94829
ERI3	1.3935
RNF220	0.12652
TMEM53	0.58286
C1orf228	-0.61169
KIF2C	-0.42021
RPS8	-0.22688
BEST4	0.056119
PLK3	0.49614
TCTEX1D4	0.62765
BTBD19	0.47387
PTCH2	0.35808
EIF2B3	1.3026
HECTD3	1.6178
UROD	1.4768
ZSWIM5	1.0632
HPDL	2.8184
MUTYH	2.7865
TOE1	2.705
TESK2	2.7403
MMACHC	2.3595
PRDX1	1.8119
AKR1A1	3.0046
NASP	1.0811
CCDC17	1.1156
GPBP1L1	1.0393
TMEM69	1.0024
IPP	1.0855
MAST2	1.2746
PIK3R3	1.251
TSPAN1	0.94522
POMGNT1	1.079
LURAP1	0.70864
RAD54L	1.322
LRRC41	1.5838
UQCRH	1.3836
NSUN4	0.78255
FAAH	1.8151
DMBX1	0.30625
KNCN	-2.8689
MKNK1	-0.51278
MOB3C	-0.056916
ATPAF1	-0.34813
TEX38	-0.14227
EFCAB14	-0.38734
CYP4B1	-0.011239
CYP4A11	0.65267
CYP4X1	1.3391
CYP4Z1	1.2093
CYP4A22	1.59
PDZK1IP1	1.7885
TAL1	0.44422
STIL	0.30352
CMPK1	0.19579
FOXE3	0.47114
FOXD2	1.2071
TRABD2B	-1.2774
SLC5A9	-0.3148
SPATA6	0.75279
AGBL4	-1.1969
BEND5	-0.296
ELAVL4	-1.6922
DMRTA2	1.2232
FAF1	0.16506
CDKN2C	-0.41634
C1orf185	-0.60946
RNF11	-0.66316
TTC39A	-1.3204
EPS15	-0.38617
OSBPL9	-1.5098
NRD1	-0.25401
RAB3B	0.83412
TXNDC12	1.105
KTI12	1.167
BTF3L4	1.4147
ZFYVE9	2.3808
CC2D1B	2.8011
ORC1	2.7701
PRPF38A	2.0122
ZCCHC11	1.9659
LOC105378722	1.3202
GPX7	1.1021
FAM159A	-1.1089
COA7	-1.8539
ZYG11B	-0.50823
ZYG11A	0.006095
ECHDC2	0.43241
SCP2	-0.22109
PODN	0.40406
SLC1A7	-0.079207
CPT2	0.80012
C1orf123	0.78282
MAGOH	0.67766
LRP8	1.4523
DMRTB1	-0.025494
GLIS1	0.32912
LOC105369175	-0.50474
NDC1	1.2578
YIPF1	0.4544
DIO1	-0.24512
HSPB11	-2.4914
LRRC42	-0.48236
LDLRAD1	-1.5328
TMEM59	-0.58782
TCEANC2	-0.78061
CDCP2	2.01
CYB5RL	0.84497
MRPL37	1.4416
SSBP3	-0.27214
ACOT11	0.40225
FAM151A	0.68892
MROH7	0.39354
TTC4	0.39697
PARS2	0.46837
TTC22	1.1076
C1orf177	1.6297
DHCR24	2.0442
TMEM61	-1.3145
BSND	-0.3421
PCSK9	-0.61435
USP24	0.36671
PPAP2B	0.1691
PRKAA2	0.12025
C1orf168	0.65716
C8A	0.11922
C8B	0.41521
DAB1	-0.2078
OMA1	0.17543
TACSTD2	0.53285
MYSM1	1.2581
JUN	-2.1599
FGGY	0.25951
HOOK1	0.48824
CYP2J2	-0.44269
C1orf87	-0.40804
NFIA	1.343
TM2D1	-0.045906
INADL	0.1703
L1TD1	1.9902
KANK4	0.60839
USP1	0.86164
DOCK7	0.48113
ANGPTL3	0.29717
ATG4C	0.94259
FOXD3	0.48921
ALG6	-0.52232
ITGB3BP	-0.8976
EFCAB7	-1.0418
PGM1	-0.45935
ROR1	0.73427
UBE2U	0.93435
CACHD1	0.30492
RAVER2	-1.0255
JAK1	-0.228
LOC105378775	0.10901
AK4	1.0057
DNAJC6	2.32
LEPROT	0.065563
LEPR	1.3715
PDE4B	0.32119
SGIP1	2.6833
TCTEX1D1	0.90418
INSL5	0.55648
WDR78	-1.1963
MIER1	-0.52514
SLC35D1	0.35241
C1orf141	-0.19812
IL23R	-0.021142
IL12RB2	-0.41203
SERBP1	0.15857
GADD45A	0.18358
GNG12	1.9926
DIRAS3	-0.74444
WLS	1.1102
RPE65	0.68383
DEPDC1	-0.1186
LRRC7	-1.6624
LRRC40	-0.48341
SRSF11	-1.0248
ANKRD13C	-0.90697
HHLA3	-0.22429
CTH	-0.78417
PTGER3	-0.75125
ZRANB2	0.49465
NEGR1	3.3581
LRRIQ3	0.34477
FPGT	-0.078735
FPGT-TNNI3K	0.64716
TNNI3K	0.87518
LOC105378804	0.40115
LOC105378803	-0.7173
ERICH3	-0.047005
CRYZ	1.4196
TYW3	0.96627
LHX8	0.13147
SLC44A5	0.27139
ACADM	-0.34996
RABGGTB	-0.58437
MSH4	-1.5823
ASB17	-0.86786
ST6GALNAC3	1.3572
ST6GALNAC5	0.3049
PIGK	1.095
AK5	0.93604
ZZZ3	1.729
USP33	1.4236
FAM73A	1.3139
NEXN	1.1417
FUBP1	1.2165
DNAJB4	1.1348
GIPC2	0.87895
PTGFR	0.73018
IFI44L	0.080013
IFI44	-1.1491
ADGRL4	0.81066
ADGRL2	1.2943
TTLL7	0.57232
PRKACB	1.4917
SAMD13	-0.99285
DNASE2B	-0.87774
RPF1	-0.48385
GNG5	-0.48157
SPATA1	-1.2006
CTBS	-1.2508
SSX2IP	0.38428
LPAR3	1.7933
MCOLN2	0.18325
MCOLN3	-0.3187
WDR63	-0.20931
SYDE2	-0.22694
C1orf52	-0.9167
BCL10	-0.47826
DDAH1	-0.1157
CYR61	-0.2378
ZNHIT6	-0.79714
COL24A1	0.97711
ODF2L	2.0509
CLCA2	1.4282
CLCA1	2.7371
CLCA4	1.1134
LOC105378828	1.8639
SH3GLB1	1.524
SEP15	1.008
HS2ST1	0.89939
LOC101927844	0.34279
LOC105378832	0.41149
LMO4	0.15074
PKN2	-0.58588
GTF2B	-0.62613
CCBL2	-2.1952
RBMXL1	-1.7362
GBP3	-0.83796
GBP1	-0.5393
GBP2	0.51378
GBP7	0.3798
GBP4	1.4134
GBP5	-0.11698
GBP6	-0.40574
LRRC8B	1.9236
LRRC8C	1.8866
LRRC8D	1.5825
LOC105378846	2.061
ZNF326	-0.30675
BARHL2	0.45768
ZNF644	0.74038
HFM1	-0.52039
CDC7	0.075358
TGFBR3	1.1661
BRDT	0.22325
EPHX4	0.81889
SETSIP	0.081026
BTBD8	0.79409
KIAA1107	0.95501
C1orf146	0.85284
GLMN	0.95162
RPAP2	0.9664
GFI1	1.1591
EVI5	0.87281
RPL5	1.0155
FAM69A	1.6731
MTF2	0.68871
TMED5	1.3312
CCDC18	1.4183
DR1	1.5908
FNBP1L	0.99405
BCAR3	0.59108
DNTTIP2	0.19244
GCLM	-0.56337
ABCA4	-0.77076
ARHGAP29	1.1165
ABCD3	0.95343
F3	0.69924
SLC44A3	-0.0081146
CNN3	-0.38337
LOC105378862	-0.45391
ALG14	-0.51051
TMEM56	-0.76802
TMEM56-RWDD3	-0.10157
RWDD3	0.10973
PTBP2	-0.076047
DPYD	1.906
SNX7	3.1458
LPPR5	-0.0062621
LPPR4	-0.7852
PALMD	-0.25815
FRRS1	-1.192
AGL	0.1738
SLC35A3	0.68477
HIAT1	0.74447
SASS6	1.1323
TRMT13	1.2444
LRRC39	1.1038
DBT	0.55367
RTCA	0.11236
CDC14A	1.1804
GPR88	-0.73066
VCAM1	-0.15534
EXTL2	-0.33298
SLC30A7	0.40482
DPH5	0.62859
S1PR1	-0.77083
OLFM3	1.9735
COL11A1	1.4273
LOC101928436	0.015926
RNPC3	-0.040682
AMY2B	0.03738
AMY2A	0.51383
AMY1C	1.0973
PRMT6	1.3796
NTNG1	0.63182
VAV3	2.1479
SLC25A24	1.0622
NBPF4	1.5003
NBPF6	0.084401
FAM102B	0.95404
HENMT1	1.2521
PRPF38B	1.1144
FNDC7	1.9571
STXBP3	1.594
AKNAD1	0.70367
GPSM2	-0.62415
CLCC1	-0.24268
WDR47	0.34197
TAF13	-0.21423
TMEM167B	0.6111
C1orf194	0.12708
KIAA1324	-0.048537
SARS	0.070102
CELSR2	0.32289
PSRC1	0.80286
MYBPHL	1.2809
SORT1	0.90818
PSMA5	0.96428
SYPL2	0.23884
ATXN7L2	0.33375
CYB561D1	0.56309
AMIGO1	0.27555
GPR61	0.28485
GNAI3	-0.11607
GNAT2	0.44435
AMPD2	0.70532
GSTM4	-0.86959
GSTM2	-1.258
GSTM1	0.90454
GSTM5	1.0406
GSTM3	1.0487
EPS8L3	1.7322
CSF1	-0.35141
AHCYL1	-1.3332
STRIP1	-1.0254
ALX3	-0.087212
UBL4B	0.17402
SLC6A17	-0.48306
KCNC4	0.71889
RBM15	-0.17972
SLC16A4	-0.32812
LAMTOR5	-0.5539
PROK1	0.55909
KCNA10	-0.61515
LOC105378900	0.55641
KCNA2	1.0127
KCNA3	-1.0558
CD53	1.8101
LRIF1	2.738
DRAM2	0.8535
CEPT1	1.5718
DENND2D	1.0978
CHI3L2	-0.40272
CHIA	0.55592
PIFO	0.031336
OVGP1	-0.52382
WDR77	-0.0358
ATP5F1	0.16302
C1orf162	1.5773
TMIGD3	1.2088
ADORA3	1.4477
RAP1A	-1.1866
FAM212B	-1.5302
DDX20	-1.2658
KCND3	1.7801
LOC643355	-0.41976
CTTNBP2NL	-0.99449
WNT2B	0.5809
ST7L	-0.66687
CAPZA1	-0.06556
MOV10	-0.55161
RHOC	0.026591
PPM1J	0.60456
FAM19A3	0.84235
SLC16A1	-0.53849
LRIG2	0.18491
MAGI3	-1.5042
PHTF1	-0.81645
RSBN1	-1.3061
PTPN22	-0.97979
BCL2L15	-1.8819
AP4B1	-0.76216
DCLRE1B	0.37753
HIPK1	-0.22313
OLFML3	-0.59229
SYT6	-0.21014
TRIM33	-1.0496
BCAS2	-0.16003
DENND2C	0.026417
AMPD1	-0.18652
NRAS	0.009177
CSDE1	-0.16573
SIKE1	0.57641
SYCP1	0.80698
TSHB	0.56287
TSPAN2	0.92792
NGF	1.0465
VANGL1	0.10032
CASQ2	-1.4699
NHLH2	-1.4666
SLC22A15	0.30179
MAB21L3	-0.24624
ATP1A1	0.5608
CD58	0.10781
IGSF3	1.3223
C1orf137	0.59315
CD2	-0.17127
PTGFRN	1.668
CD101	-0.1339
TTF2	-0.0085303
TRIM45	1.234
VTCN1	0.49842
MAN1A2	-1.3527
FAM46C	2.162
GDAP2	0.30666
WDR3	0.5257
SPAG17	-0.8365
TBX15	1.7566
WARS2	0.61774
HAO2	-1.5852
HSD3B2	-0.46803
HSD3B1	0.52425
ZNF697	0.89294
PHGDH	-1.2558
HMGCS2	-1.5156
REG4	0.96724
NBPF7	0.24553
ADAM30	-0.82646
NOTCH2	-1.7619
SEC22B	-1.6095
NBPF26	-1.1175
LOC105369199	-1.3997
LOC199882	1.6254
LOC100996713	-2.0821
FAM72C	-0.76009
NBPF10	-0.56452
LOC105373468	0.10071
NBPF12	1.1214
PRKAB2	0.74865
FMO5	0.96808
CHD1L	2.9537
BCL9	0.99845
ACP6	1.9531
GJA5	0.38926
GJA8	1.2773
GPR89B	0.12697
NBPF11	-0.45907
PDE4DIP	-1.0848
NBPF9	-0.049579
LOC102723955	-0.44119
HIST2H2BF	1.7183
FCGR1A	0.66535
LOC101927767	1.4526
HIST2H3D	2.2525
LOC105371405	2.3354
HIST2H3C	2.3354
HIST2H2AA3	2.3354
HIST2H2AA4	2.3354
HIST2H3A	2.3354
LOC105371424	2.4543
HIST2H2BE	2.0506
HIST2H2AC	2.0239
HIST2H2AB	2.02
BOLA1	2.2535
SV2A	2.3867
SF3B4	2.4273
MTMR11	2.4564
OTUD7B	2.5612
LOC105373477	2.5617
VPS45	0.84848
PLEKHO1	0.70018
ANP32E	1.6038
CA14	0.46474
APH1A	0.45601
C1orf54	0.33388
CIART	0.38387
MRPS21	-0.060898
PRPF3	-0.19355
RPRD2	-0.042643
TARS2	0.12745
ECM1	-0.25726
ADAMTSL4	0.011372
LOC105371437	-0.13721
MCL1	0.52369
ENSA	0.8234
GOLPH3L	0.0577
HORMAD1	0.098819
CTSS	0.36833
CTSK	0.82552
ARNT	0.72533
SETDB1	0.75655
CERS2	0.59779
ANXA9	1.3992
FAM63A	1.6386
PRUNE	1.2299
BNIPL	0.58832
C1orf56	0.61673
CDC42SE1	0.94597
MLLT11	1.1122
GABPB2	1.045
SEMA6C	1.21
TNFAIP8L2	1.3392
TNFAIP8L2-SCNM1	1.1265
LYSMD1	1.1548
SCNM1	1.1616
TMOD4	1.393
VPS72	1.1146
PIP5K1A	1.3208
PSMD4	1.6017
ZNF687	1.9006
PI4KB	2.5126
RFX5	1.6537
SELENBP1	2.1187
PSMB4	2.4409
POGZ	2.4485
CGN	1.5362
TUFT1	-0.28237
SNX27	0.18955
CELF3	0.21895
RIIAD1	0.34743
MRPL9	1.0371
OAZ3	1.0015
TDRKH	0.81188
LINGO4	0.44416
RORC	-0.19596
C2CD4D	0.92106
THEM5	1.2032
THEM4	1.8944
S100A10	2.3994
S100A11	0.86632
LOC100131107	0.56387
TCHHL1	0.61244
TCHH	1.0761
RPTN	-0.29249
HRNR	0.38606
FLG	0.38007
FLG2	-0.68541
CRNN	0.79741
LCE5A	1.1013
CRCT1	1.1751
LCE3E	1.3623
LCE3D	0.070296
LCE3B	0.60446
LCE3A	0.14999
LCE2D	-0.57479
LCE2C	-0.36106
LCE2B	-0.62742
LCE2A	-0.95597
LCE4A	-0.30746
C1orf68	0.20223
KPRP	-0.28546
LCE1F	-0.98985
LCE1E	-1.2417
LCE1D	-0.83135
LCE1C	-0.82701
LCE1B	-0.61783
LCE1A	-0.02924
LCE6A	-0.6382
SMCP	-1.0935
IVL	-1.1669
SPRR4	-1.1322
SPRR1A	-0.040227
SPRR3	-0.35056
SPRR1B	-0.79827
SPRR2D	-0.45117
SPRR2A	-0.48891
SPRR2B	-0.8893
SPRR2E	-1.569
SPRR2F	-2.6659
SPRR2G	-1.4213
LELP1	-0.67093
PRR9	-0.10776
LOR	-0.38289
PGLYRP3	-1.4067
PGLYRP4	-0.25652
S100A9	0.39213
S100A12	1.6331
S100A8	1.5646
S100A7A	1.451
S100A7L2	0.91127
S100A7	0.4532
S100A6	-0.23988
S100A5	-0.31336
S100A4	-0.23203
S100A3	-0.44448
S100A2	0.41961
S100A16	0.84295
S100A14	0.49206
S100A13	0.17014
S100A1	-0.0026421
CHTOP	-0.00027444
SNAPIN	0.96359
ILF2	1.1175
NPR1	1.4965
INTS3	-0.015447
SLC27A3	-0.83291
LOC105371448	-0.25261
GATAD2B	0.53517
DENND4B	1.0883
CRTC2	1.2119
SLC39A1	1.527
CREB3L4	1.5344
JTB	1.5156
RAB13	0.79462
RPS27	0.2047
NUP210L	0.72963
TPM3	-0.52577
C1orf189	0.30281
C1orf43	0.73079
UBAP2L	1.0225
HAX1	1.2901
AQP10	1.618
ATP8B2	1.2313
IL6R	0.14345
SHE	0.51235
TDRD10	0.41927
UBE2Q1	1.0265
CHRNB2	3.3364
ADAR	2.6316
KCNN3	0.6184
PMVK	0.86865
PBXIP1	0.82525
PYGO2	0.067022
LOC101928120	-0.02555
SHC1	0.10746
CKS1B	0.41772
FLAD1	0.43617
LENEP	0.4493
ZBTB7B	0.40792
DCST2	0.58741
DCST1	0.19071
ADAM15	-0.64215
EFNA4	-1.3463
EFNA3	-0.9397
EFNA1	-0.9351
SLC50A1	-1.0857
DPM3	-1.3071
KRTCAP2	-0.19786
TRIM46	0.31196
MUC1	0.90403
THBS3	0.21208
MTX1	0.39188
GBA	-0.095533
FAM189B	-0.25833
SCAMP3	-0.17566
CLK2	-0.065808
HCN3	-0.064171
PKLR	-0.16272
FDPS	-0.53884
RUSC1-AS1	-1.306
RUSC1	-1.9138
ASH1L	-1.2526
MSTO1	-0.2762
YY1AP1	-0.71746
DAP3	-0.48695
GON4L	-0.1303
SYT11	-1.0415
RIT1	-0.66816
KIAA0907	-0.6524
RXFP4	-0.42947
ARHGEF2	-0.039424
LOC105371729	-0.53083
SSR2	-0.57961
UBQLN4	-0.56203
LAMTOR2	-0.24449
RAB25	-0.078595
MEX3A	-0.15345
LMNA	-0.91768
SEMA4A	-1.2477
SLC25A44	0.96866
PMF1	1.0159
PMF1-BGLAP	0.99361
BGLAP	0.70914
PAQR6	0.69268
SMG5	0.24681
TMEM79	0.011353
GLMP	-0.12133
VHLL	-0.18165
CCT3	-0.21906
TSACC	-0.265
RHBG	-0.35921
C1orf61	-1.1145
MEF2D	-1.9268
IQGAP3	0.25956
TTC24	-0.89218
APOA1BP	-1.4546
GPATCH4	-1.7508
HAPLN2	-1.4985
BCAN	-0.43396
NES	0.73423
CRABP2	-0.17013
ISG20L2	0.92157
RRNAD1	1.1423
MRPL24	1.2369
HDGF	0.91545
PRCC	0.49729
SH2D2A	-0.47343
NTRK1	-0.69991
INSRR	-0.59664
PEAR1	-0.32686
LRRC71	0.0022751
ARHGEF11	0.11198
ETV3L	0.5635
ETV3	-0.53964
FCRL5	0.22416
FCRL4	-0.61117
FCRL3	-0.063455
FCRL2	0.11773
FCRL1	-0.48097
CD5L	0.39593
KIRREL	0.51318
CD1D	1.6435
CD1A	1.7064
CD1C	0.44976
CD1B	1.2472
CD1E	0.20316
OR10T2	1.221
OR10K2	-0.13266
OR10K1	0.10005
OR10R2	0.065482
OR6Y1	0.28067
OR6P1	0.12785
OR10X1	0.14313
OR10Z1	-0.018064
SPTA1	-0.50177
OR6K2	-1.1073
OR6K3	-1.9535
OR6K6	0.014897
OR6N1	-0.25216
OR6N2	-0.49213
MNDA	-0.13243
PYHIN1	1.1242
IFI16	2.1527
AIM2	2.9564
CADM3	2.4505
ACKR1	2.5887
FCER1A	1.4849
OR10J3	1.0219
OR10J1	1.4913
OR10J5	0.69305
APCS	0.22572
CRP	1.7349
DUSP23	0.55474
FCRL6	1.4442
SLAMF8	0.82038
C1orf204	-0.035211
VSIG8	-0.018204
CFAP45	-0.29809
TAGLN2	2.0742
IGSF9	1.5492
SLAMF9	-0.22058
PIGM	0.11729
KCNJ10	0.48944
KCNJ9	0.53377
IGSF8	0.28203
ATP1A2	0.74868
ATP1A4	1.3084
CASQ1	1.5742
PEA15	0.92877
DCAF8	1.0368
PEX19	0.94242
NHLH1	-0.034207
COPA	0.44683
NCSTN	-0.27726
VANGL2	-0.34235
SLAMF6	1.757
CD84	1.2662
SLAMF1	0.11483
CD48	1.3396
SLAMF7	1.1503
LY9	-0.80841
CD244	0.59526
ITLN1	-0.0071256
ITLN2	-0.76129
F11R	0.78591
TSTD1	0.3022
USF1	0.11263
ARHGAP30	0.25548
PVRL4	1.0157
KLHDC9	1.3643
PFDN2	1.4195
NIT1	1.1821
DEDD	0.96547
UFC1	1.671
USP21	1.7151
PPOX	1.9909
B4GALT3	2.1416
ADAMTS4	2.5625
NDUFS2	1.973
FCER1G	1.298
APOA2	0.65196
TOMM40L	0.335
NR1I3	0.25013
PCP4L1	1.0419
MPZ	-0.23148
SDHC	-0.38288
CFAP126	-0.44701
FCGR2A	1.3282
HSPA6	1.7466
FCGR3A	1.0712
FCGR2C	0.69687
FCGR3B	0.601
FCGR2B	1.6934
FCRLA	0.15983
FCRLB	-0.61251
DUSP12	0.87003
ATF6	0.66585
OLFML2B	0.35553
NOS1AP	-0.2774
C1orf111	0.31126
C1orf226	1.5008
SH2D1B	2.0518
LOC105373471	1.5278
UHMK1	-1.0942
UAP1	-1.1465
DDR2	-0.092916
HSD17B7	-0.35013
C1orf110	-0.28196
RGS4	0.67393
RGS5	-0.36876
NUF2	-0.29415
PBX1	0.61585
LMX1A	0.98836
RXRG	-0.91937
LRRC52	-0.10757
MGST3	0.21819
ALDH9A1	0.083512
TMCO1	0.37093
UCK2	0.90989
FAM78B	0.80572
POGK	-0.51482
TADA1	-0.68851
ILDR2	-0.51936
MAEL	0.1819
GPA33	0.13105
DUSP27	-0.16646
POU2F1	2.147
CD247	1.0644
CREG1	-0.72862
RCSD1	0.46179
MPZL1	-0.51828
ADCY10	0.21373
MPC2	1.2508
DCAF6	1.0829
GPR161	0.60544
TIPRL	-0.85129
SFT2D2	0.22473
TBX19	-1.6869
XCL2	-0.37971
XCL1	-1.2009
DPT	0.56505
LOC101928596	0.31236
ATP1B1	0.31132
NME7	-0.65864
BLZF1	-1.3456
CCDC181	-1.1931
SLC19A2	0.31908
F5	0.29881
SELP	0.037266
SELL	-0.69593
SELE	-0.86203
METTL18	-1.2669
C1orf112	-1.3181
SCYL3	-1.4907
KIFAP3	-0.71004
METTL11B	0.38289
GORAB	1.0099
PRRX1	1.6802
MROH9	1.3165
FMO3	0.056465
FMO2	0.12174
FMO1	0.31481
FMO4	-1.4583
PRRC2C	1.6174
MYOC	1.766
VAMP4	0.027473
METTL13	-1.3144
DNM3	0.91706
C1orf105	-0.5439
PIGC	0.19736
SUCO	0.36704
FASLG	-1.4819
TNFSF18	0.61894
TNFSF4	-1.2174
PRDX6	0.53211
SLC9C2	-0.091842
LOC730159	-0.74692
ANKRD45	0.084419
KLHL20	-0.32561
CENPL	0.015252
DARS2	0.41264
ZBTB37	0.70583
SERPINC1	1.0133
RC3H1	1.0749
RABGAP1L	-0.040223
GPR52	0.25436
CACYBP	0.7291
MRPS14	0.30706
TNN	-0.53146
KIAA0040	-0.90181
TNR	0.85862
RFWD2	-0.83381
PAPPA2	0.71528
ASTN1	1.9428
BRINP2	1.3439
SEC16B	-0.46534
RASAL2	-0.88327
LINC00083	-0.50702
TEX35	0.61478
LOC105373472	0.27259
RALGPS2	0.3344
ANGPTL1	0.6697
FAM20B	-0.28643
TOR3A	0.050082
ABL2	0.25409
SOAT1	1.3332
AXDND1	0.2705
NPHS2	-0.25572
TDRD5	0.13087
FAM163A	-0.33291
TOR1AIP2	0.16988
TOR1AIP1	0.47604
CEP350	0.06424
QSOX1	-1.1864
LHX4	-0.20698
ACBD6	0.55306
XPR1	0.93273
KIAA1614	-0.83367
STX6	-0.65389
MR1	-0.3368
IER5	0.018944
CACNA1E	-0.14434
ZNF648	-0.8311
LOC105371641	0.68638
GLUL	0.019946
TEDDM1	-0.38216
RGSL1	-1.1293
RNASEL	-0.61944
RGS16	-0.85593
RGS8	0.39164
NPL	1.4127
DHX9	1.4763
SHCBP1L	1.5761
LAMC1	0.16847
LAMC2	0.72636
NMNAT2	-1.19
SMG7	-1.3372
NCF2	-1.8569
ARPC5	-0.37106
RGL1	-1.2532
APOBEC4	-0.47051
COLGALT2	-1.5692
TSEN15	-1.9513
C1orf21	0.1324
EDEM3	0.017796
FAM129A	-0.63064
RNF2	-1.7268
TRMT1L	-1.38
SWT1	-0.19817
IVNS1ABP	-0.97211
HMCN1	-0.63053
PRG4	-0.2297
TPR	0.35615
C1orf27	0.62574
OCLM	1.0392
PDC	0.72539
PTGS2	-0.60341
PLA2G4A	-0.17471
LOC101929766	-1.4101
BRINP3	-0.84991
RGS18	1.0417
RGS21	1.4753
RGS1	-0.38713
RGS13	0.03149
RGS2	-0.97659
UCHL5	-0.0086497
TROVE2	-0.31302
GLRX2	-0.37831
CDC73	-0.2847
B3GALT2	-0.38799
KCNT2	3.0021
CFH	0.41962
CFHR3	1.1415
CFHR4	0.34444
CFHR2	0.85685
CFHR5	-0.0052615
F13B	0.2615
ASPM	0.52058
ZBTB41	0.81013
CRB1	1.0201
DENND1B	1.4568
C1orf53	0.80213
LHX9	1.4131
NEK7	0.59968
ATP6V1G3	0.26218
PTPRC	1.4807
NR5A2	2.1633
ZNF281	1.3095
KIF14	1.6559
DDX59	2.0943
CAMSAP2	1.5368
GPR25	1.1997
C1orf106	1.5199
KIF21B	0.56678
CACNA1S	-0.7513
ASCL5	-0.64592
TMEM9	0.46611
IGFN1	-0.84486
PKP1	-2.9448
TNNT2	-2.7549
LAD1	-2.0464
TNNI1	-1.0699
PHLDA3	-0.76898
CSRP1	-0.20365
NAV1	-2.0084
IPO9	-1.0527
SHISA4	-0.36724
LMOD1	-0.2802
TIMM17A	-0.28402
RNPEP	-0.15382
ELF3	0.038087
GPR37L1	0.066031
ARL8A	1.6082
PTPN7	0.65463
LGR6	-0.38698
UBE2T	0.04476
PPP1R12B	0.12991
SYT2	1.92
KDM5B	2.5711
RABIF	3.1198
KLHL12	2.6055
ADIPOR1	2.2266
CYB5R1	0.82814
TMEM183A	-0.31406
PPFIA4	-0.30506
MYOG	-0.013323
ADORA1	0.45225
MYBPH	0.26238
CHI3L1	0.98332
CHIT1	0.46268
BTG2	1.6703
FMOD	0.10663
PRELP	-0.85315
OPTC	-1.0265
ATP2B4	0.23648
LAX1	-1.9314
ZC3H11A	-1.7307
ZBED6	-1.0587
SNRPE	-0.40134
SOX13	-1.5523
ETNK2	-0.42685
REN	1.3579
KISS1	1.2245
GOLT1A	0.74031
PLEKHA6	-0.5921
PPP1R15B	-2.21
PIK3C2B	-2.062
MDM4	-1.5508
LRRN2	0.63669
NFASC	-0.070625
CNTN2	2.345
TMEM81	2.3866
RBBP5	2.5862
DSTYK	0.67348
TMCC2	-0.21807
NUAK2	-0.31898
KLHDC8A	-0.11247
LEMD1	-1.0974
LOC105371697	-1.5517
CDK18	0.83678
MFSD4	1.1221
ELK4	1.1837
SLC45A3	1.3183
NUCKS1	1.755
RAB29	1.4329
SLC41A1	-0.16259
PM20D1	0.53832
SLC26A9	0.89944
RAB7B	-0.09656
CTSE	0.34877
C1orf186	0.72782
AVPR1B	0.30757
FAM72A	-1.2902
SRGAP2	-0.74796
IKBKE	-0.72821
RASSF5	0.2713
EIF2D	0.61572
DYRK3	2.2719
MAPKAPK2	0.060991
IL10	0.60688
IL19	0.6274
IL20	-1.2211
IL24	1.4746
FCMR	1.5997
PIGR	1.2692
FCAMR	0.9383
C1orf116	0.63132
PFKFB2	2.5384
YOD1	2.7218
C4BPB	0.12476
C4BPA	-0.63049
CD55	0.60378
CR2	0.52024
CR1	0.60571
CR1L	0.66815
CD46	0.57957
CD34	1.2353
LOC105372883	1.0229
PLXNA2	1.5925
MIR205HG	-0.98298
CAMK1G	2.1159
LAMB3	1.5298
G0S2	-0.44972
HSD11B1	0.5501
TRAF3IP3	-0.098874
C1orf74	-1.9689
IRF6	-1.3574
DIEXF	-0.195
SYT14	-0.2505
SERTAD4	0.91697
LOC105373474	0.55409
HHAT	0.32933
KCNH1	0.2008
RCOR3	-0.33603
TRAF5	-0.61777
RD3	0.5032
SLC30A1	0.77819
NEK2	-0.52993
LPGAT1	0.27954
LOC102723727	-0.52003
INTS7	-1.8777
DTL	-2.0992
PPP2R5A	-0.077928
TMEM206	0.33656
NENF	-0.93645
ATF3	1.7399
FAM71A	1.7447
BATF3	0.44978
NSL1	1.6775
TATDN3	1.8983
SPATA45	1.9476
FLVCR1	1.2542
VASH2	-0.39389
ANGEL2	-0.98172
RPS6KC1	-1.5783
PROX1	0.91311
LOC105372911	1.6868
SMYD2	0.7733
PTPN14	0.52326
CENPF	2.2351
KCNK2	-1.2189
KCTD3	0.5165
USH2A	0.82393
ESRRG	1.8492
GPATCH2	0.67167
SPATA17	1.0019
RRP15	0.66427
TGFB2	1.39
LYPLAL1	0.46944
LOC102723886	0.91221
SLC30A10	-0.47877
EPRS	0.069408
BPNT1	-1.4087
IARS2	-1.4624
RAB3GAP2	-1.8073
MARK1	0.49278
C1orf115	1.7498
MARC2	1.3828
MARC1	1.7317
LOC105373280	-0.044582
HLX	-0.34703
DUSP10	0.33453
HHIPL2	1.4609
TAF1A	0.81576
MIA3	0.97266
AIDA	1.0459
BROX	1.1615
FAM177B	1.2598
DISP1	-1.9
TLR5	-0.67657
SUSD4	-0.59881
CCDC185	0.75331
CAPN2	-1.0909
TP53BP2	-0.91924
LOC105369195	-0.3681
FBXO28	-0.37551
DEGS1	-1.4091
NVL	-0.38654
CNIH4	-1.1914
WDR26	-1.1646
CNIH3	-0.6203
DNAH14	-0.31756
LBR	2.0145
ENAH	2.7476
SRP9	0.84623
EPHX1	0.47643
TMEM63A	-0.77382
LEFTY1	-0.16401
PYCR2	0.37559
LEFTY2	0.28641
SDE2	0.49349
H3F3A	1.8662
ACBD3	0.47662
MIXL1	-0.621
LIN9	-0.27606
PARP1	1.4514
C1orf95	0.5846
ITPKB	0.092275
PSEN2	0.99123
ADCK3	2.0588
LOC105379282	1.688
CDC42BPA	0.94861
ZNF678	0.07672
JMJD4	1.2591
SNAP47	1.4032
LOC105373289	1.4448
PRSS38	-0.91158
WNT9A	-1.075
LOC101060022	-0.97279
WNT3A	-0.3742
LOC100506571	0.3202
ARF1	0.28
C1orf35	0.70512
MRPL55	0.74512
GUK1	-0.60115
GJC2	-0.78501
IBA57	0.65502
OBSCN	0.71185
LOC101927401	0.72044
TRIM11	0.77571
TRIM17	0.94534
HIST3H3	1.0565
HIST3H2A	-1.3069
HIST3H2BB	-1.3069
RNF187	0.3535
BTNL10	0.092465
RHOU	-1.0399
LOC105373132	-0.66911
RAB4A	-0.8827
SPHAR	-0.8318
CCSAP	-0.72129
ACTA1	0.81985
NUP133	0.87364
ABCB10	0.48571
TAF5L	0.93873
URB2	0.76597
GALNT2	1.1134
PGBD5	1.1457
COG2	0.67133
AGT	-1.2118
CAPN9	1.323
C1orf198	-0.074089
TTC13	1.1627
ARV1	1.3916
FAM89A	0.13725
TRIM67	0.89755
LOC149373	0.45435
C1orf131	1.9335
GNPAT	2.088
EXOC8	0.79279
SPRTN	1.3229
EGLN1	1.7368
TSNAX	1.125
DISC1	-0.33293
SIPA1L2	1.3868
MAP10	-1.4176
NTPCR	1.0052
PCNXL2	0.52235
KIAA1804	-0.69231
KCNK1	-0.2137
SLC35F3	1.0653
COA6	-0.63429
TARBP1	0.84259
IRF2BP2	0.10146
TOMM20	0.88653
RBM34	1.4713
ARID4B	2.1364
GGPS1	2.3445
TBCE	1.2688
B3GALNT2	0.23182
GNG4	0.44481
LYST	0.25448
NID1	1.5688
GPR137B	0.94982
ERO1LB	1.1919
EDARADD	1.1545
LGALS8	0.79611
HEATR1	0.78231
ACTN2	1.5823
MTR	0.45668
MT1HL1	-0.811
RYR2	1.3259
ZP4	0.62023
LOC105373226	-0.40377
CHRM3	1.282
FMN2	1.8805
GREM2	-0.10563
RGS7	1.285
FH	-0.66302
KMO	-0.11138
OPN3	0.96121
CHML	1.3209
WDR64	1.5824
EXO1	-0.63603
BECN2	0.27338
MAP1LC3C	-1.7393
PLD5	1.0039
CEP170	1.0456
SDCCAG8	1.0135
AKT3	0.40314
ZBTB18	0.25555
C1orf100	-1.1811
ADSS	-0.61931
C1orf101	1.1498
DESI2	-0.028086
COX20	-2.6703
HNRNPU	-0.16745
EFCAB2	-1.8251
KIF26B	3.5976
SMYD3	1.0325
LOC105373268	1.8918
TFB2M	0.15647
CNST	0.035327
SCCPDH	-0.10608
KIF28P	0.26478
AHCTF1	-0.75354
ZNF695	-0.053819
ZNF670	-0.64686
ZNF669	-0.76446
C1orf229	-0.41128
ZNF124	-0.3403
VN1R5	1.2847
ZNF496	1.5137
NLRP3	-1.0492
OR2B11	-1.5048
OR2W5	0.19393
GCSAML	0.16827
OR2C3	0.81754
LOC102724446	-0.48413
OR2G2	0.33195
OR2G3	0.48879
OR13G1	-0.66758
LOC105373274	-0.23912
OR6F1	-0.16157
OR1C1	-0.21041
OR14A16	1.486
OR11L1	0.80881
TRIM58	-1.0998
OR2W3	-1.7392
OR2T8	-0.90253
OR2L13	0.46323
OR2L8	0.68966
OR2AK2	0.34167
OR2L5	0.56005
OR2L2	0.76732
OR2L3	0.75637
OR2M5	0.18175
OR2M2	0.53518
OR2M3	0.84905
OR2M4	0.64826
OR2T33	-1.3432
OR2T12	-0.77085
OR2M7	-0.72422
OR14C36	-0.67889
OR2T4	0.11893
OR2T6	0.75474
OR2T1	0.44726
LOC105379285	0.5118
OR2T2	0.5118
OR2T3	-0.088416
OR14I1	0.88362
OR2T5	-0.0038096
OR2G6	0.76854
OR2T29	-0.52184
OR2T34	1.1988
OR2T35	-0.15782
OR2T27	1.2942
LYPD8	0.21379
SH3BP5L	1.0469
ZNF672	1.1651
ZNF692	0.737
PGBD2	1.3392
FAM110C	0.62663
SH3YL1	2.0713
ACP1	1.9065
FAM150B	1.6786
LOC101927262	1.4308
LOC100996637	-1.3566
LOC105373352	-1.2005
LOC105373353	-1.4837
TMEM18	-1.6461
LOC105373480	0.18882
LOC101060391	-0.74631
SNTG2	-1.5394
TPO	0.63198
LOC102723730	0.010211
PXDN	2.8712
MYT1L	-0.74585
LOC105373380	-0.32989
TSSC1	0.30963
TRAPPC12	0.36888
ADI1	-1.2659
RNASEH1	0.10605
RPS7	-0.66074
COLEC11	-0.72078
ALLC	-0.5583
DCDC2C	-0.32793
LOC105373395	-0.8397
LOC105373397	0.86132
SOX11	-0.44066
LOC105373442	-0.57244
CMPK2	0.42078
RSAD2	0.18
RNF144A	-0.060029
ID2	0.048585
KIDINS220	-0.73202
MBOAT2	0.61209
ASAP2	-0.11018
ITGB1BP1	-0.45096
CPSF3	-0.50642
IAH1	-0.16697
ADAM17	-0.096607
YWHAQ	-2.2966
LOC101926982	0.052951
TAF1B	-0.72551
GRHL1	0.71308
KLF11	-0.49858
CYS1	-0.6935
RRM2	-1.2886
C2orf48	-1.2882
HPCAL1	0.97364
ODC1	0.44737
NOL10	-2.1536
ATP6V1C2	2.1568
PDIA6	2.0444
KCNF1	0.012079
C2orf50	0.62716
PQLC3	2.0751
ROCK2	2.334
E2F6	-0.40573
GREB1	0.60669
NTSR2	-0.28506
LPIN1	-0.56299
TRIB2	0.96
FAM84A	0.079467
LOC653602	-0.24727
NBAS	2.273
DDX1	1.6652
MYCN	0.53854
FAM49A	0.29401
RAD51AP2	0.20669
VSNL1	0.15913
SMC6	0.53749
GEN1	0.67223
MSGN1	1.7894
KCNS3	1.3073
RDH14	-0.84253
NT5C1B-RDH14	-1.0269
NT5C1B	-0.8547
OSR1	-0.71136
TTC32	-1.0695
WDR35	-1.279
MATN3	-0.35333
LAPTM4A	-0.15955
SDC1	1.3401
PUM2	0.98544
RHOB	0.080861
HS1BP3	0.60382
GDF7	-0.78037
LDAH	-0.19128
APOB	0.064841
TDRD15	-1.661
LOC105377637	0.51585
KLHL29	0.36474
ATAD2B	-0.015353
UBXN2A	0.016735
MFSD2B	-1.1192
C2orf44	-1.1401
FKBP1B	-0.6538
SF3B6	-0.64286
FAM228B	-0.34397
TP53I3	-0.311
PFN4	-0.18422
FAM228A	-0.38753
ITSN2	-1.4755
NCOA1	-0.82889
PTRHD1	0.13806
CENPO	-0.14181
ADCY3	-0.045595
DNAJC27	0.028152
EFR3B	-0.54742
POMC	-0.67518
DNMT3A	0.0064101
DTNB	-0.84016
ASXL2	-0.33179
KIF3C	0.35191
RAB10	1.2702
GAREML	1.8712
HADHA	1.9555
HADHB	1.8627
ADGRF3	0.073076
EPT1	-1.0122
DRC1	0.47666
OTOF	-0.74828
C2orf70	0.043805
CIB4	-0.30669
KCNK3	-0.5511
SLC35F6	-0.29878
CENPA	0.22569
DPYSL5	-1.2986
MAPRE3	-0.15527
TMEM214	0.21895
AGBL5	0.35774
OST4	0.45116
EMILIN1	0.53631
KHK	0.1422
CGREF1	0.12375
ABHD1	-0.62092
PREB	-0.93793
PRR30	-1.4129
TCF23	-2.1273
SLC5A6	-0.50224
ATRAID	-0.48013
CAD	-0.46414
SLC30A3	-1.5007
DNAJC5G	-2.5527
TRIM54	-0.78443
UCN	-0.49675
MPV17	-0.44972
GTF3C2	-0.15675
EIF2B4	0.54947
SNX17	0.5037
ZNF513	0.64914
PPM1G	0.69756
NRBP1	0.56122
KRTCAP3	0.48657
IFT172	0.44131
FNDC4	0.62696
GCKR	0.5008
C2orf16	-1.1434
ZNF512	-1.1141
CCDC121	-1.3315
GPN1	-1.1722
SUPT7L	-1.38
SLC4A1AP	-0.95531
LOC105374378	-0.89747
MRPL33	-2.3759
RBKS	-2.7035
BRE	-0.96818
LOC105374382	-0.43571
FOSL2	0.17688
PLB1	-0.97375
PPP1CB	0.27557
SPDYA	0.13004
TRMT61B	-0.039846
WDR43	0.35794
FAM179A	0.46254
C2orf71	-0.35693
CLIP4	2.0642
ALK	2.5788
YPEL5	-0.24583
LBH	1.2719
LCLAT1	-0.87679
CAPN13	0.8407
GALNT14	1.0346
CAPN14	1.5721
EHD3	0.38073
XDH	0.73209
SRD5A2	-0.29536
MEMO1	0.3778
DPY30	-0.65523
SPAST	-0.60898
SLC30A6	-0.2599
NLRC4	-0.061608
YIPF4	-1.2886
BIRC6	0.12202
TTC27	-0.47422
LTBP1	1.8382
RASGRP3	0.64541
FAM98A	0.59967
CRIM1	0.15564
FEZ2	-1.9123
VIT	-1.5935
STRN	0.96507
HEATR5B	-0.82385
GPATCH11	-1.4022
EIF2AK2	-0.49699
SULT6B1	-0.80319
CEBPZ	1.019
NDUFAF7	1.01
PRKD3	2.1945
QPCT	0.47231
CDC42EP3	-1.0496
RMDN2	0.92812
CYP1B1	0.13129
LOC105374860	-0.041738
ATL2	0.38607
HNRNPLL	-1.3306
GALM	0.038143
SRSF7	-0.87018
GEMIN6	-0.32184
DHX57	0.18577
MORN2	0.54275
ARHGEF33	0.13813
SOS1	0.60241
LOC105374861	-0.32164
CDKL4	0.0011747
MAP4K3	0.097919
TMEM178A	2.6475
THUMPD2	2.0026
SLC8A1	1.9141
C2orf91	0.034947
PKDCC	0.026945
EML4	0.36206
COX7A2L	0.054313
LOC105374537	0.014728
KCNG3	-0.12523
MTA3	0.014095
OXER1	1.2638
HAAO	1.2805
LOC105374567	0.0008804
ZFP36L2	-0.17046
THADA	-1.1078
PLEKHH2	0.45351
C1GALT1C1L	0.18027
DYNC2LI1	-0.57487
ABCG5	-0.68467
ABCG8	1.5377
LRPPRC	0.961
PPM1B	-0.14296
SLC3A1	-1.4667
PREPL	-1.1232
CAMKMT	0.16094
SIX3	1.3415
SIX2	1.1716
SRBD1	-2.3073
LOC102724965	1.0942
PRKCE	-0.87403
EPAS1	-0.96209
TMEM247	0.11398
ATP6V1E2	-0.5684
RHOQ	-1.3151
PIGF	0.44297
CRIPT	1.1297
SOCS5	-0.28201
MCFD2	1.3975
TTC7A	0.2036
C2orf61	-0.76295
CALM2	-1.6022
EPCAM	0.50136
MSH2	0.10477
KCNK12	0.19097
MSH6	-0.14612
FBXO11	-0.11145
FOXN2	0.027292
PPP1R21	0.24778
STON1-GTF2A1L	-1.4251
STON1	-0.70982
GTF2A1L	-1.6675
LHCGR	-0.7257
FSHR	0.30308
NRXN1	0.511
ASB3	-0.7354
GPR75-ASB3	-0.36839
CHAC2	-0.32813
ERLEC1	-0.38537
GPR75	1.171
PSME4	1.0136
ACYP2	0.1671
TSPYL6	0.47963
C2orf73	0.13876
SPTBN1	0.32406
EML6	1.0079
RTN4	-0.62468
CLHC1	-1.0216
RPS27A	-0.19749
MTIF2	0.36187
CCDC88A	0.71418
CFAP36	1.1479
SMEK2	0.66386
PNPT1	0.65966
EFEMP1	1.5117
CCDC85A	1.9567
VRK2	0.4757
FANCL	-0.71716
BCL11A	1.75
PAPOLG	-0.89389
REL	0.10845
PUS10	-0.70937
PEX13	-0.33523
KIAA1841	-0.53216
C2orf74	-0.34847
AHSA2	0.27095
USP34	-0.016984
XPO1	0.70172
FAM161A	0.67338
CCT4	0.71913
COMMD1	0.41317
B3GNT2	0.63725
TMEM17	0.019012
EHBP1	2.2235
OTX1	0.20215
WDPCP	3.4443
MDH1	3.3119
UGP2	1.3235
VPS54	1.9674
PELI1	2.7926
LGALSL	0.0071833
LOC101927402	1.8567
AFTPH	1.9515
SERTAD2	0.19089
SLC1A4	-1.0242
CEP68	-0.17254
RAB1A	0.85597
ACTR2	-0.044361
SPRED2	0.21502
LOC102724258	0.28942
MEIS1	-0.48127
ETAA1	-1.2199
C1D	-0.59526
WDR92	1.5154
PNO1	1.6847
PPP3R1	1.824
CNRIP1	0.97179
PLEK	0.93229
FBXO48	-0.3744
APLF	-1.177
PROKR1	0.47465
ARHGAP25	0.14257
BMP10	-1.5777
GKN2	0.92161
GKN1	-0.51103
ANTXR1	0.041692
GFPT1	-0.31493
NFU1	-0.2787
AAK1	1.4712
ANXA4	1.9812
GMCL1	1.208
SNRNP27	1.6474
MXD1	1.2701
ASPRV1	-0.69838
PCBP1	0.029001
C2orf42	0.059588
TIA1	-0.38178
PCYOX1	-0.05221
SNRPG	-0.0578
FAM136A	-0.33208
TGFA	0.21879
ADD2	0.25786
FIGLA	-1.6272
CLEC4F	-0.2291
CD207	-0.48866
VAX2	-0.59879
ATP6V1B1	-0.27423
ANKRD53	0.67089
TEX261	-0.31845
NAGK	0.81539
MCEE	-0.45716
MPHOSPH10	-0.56519
PAIP2B	0.15029
ZNF638	1.4517
DYSF	1.6326
CYP26B1	-2.3507
EXOC6B	-0.66265
SPR	-0.78825
EMX1	0.51786
SFXN5	-0.4416
RAB11FIP5	-0.28536
NOTO	-0.41173
SMYD5	-0.77461
PRADC1	-0.55602
CCT7	-0.9822
FBXO41	-1.0424
EGR4	0.11717
ALMS1	-0.22111
NAT8	-0.054578
NAT8B	-0.0053245
TPRKB	-1.2608
DUSP11	-0.10077
C2orf78	-0.14716
STAMBP	1.1791
ACTG2	1.342
DGUOK	-1.016
TET3	1.6298
BOLA3	0.84857
MOB1A	0.5207
MTHFD2	0.43654
SLC4A5	1.5758
DCTN1	1.4782
LOC105369169	-0.62356
C2orf81	-0.78919
WDR54	-0.95031
RTKN	-0.97617
INO80B	-1.2774
WBP1	-2.031
MOGS	-1.0431
MRPL53	-1.4924
CCDC142	-1.4559
TTC31	-2.3408
LBX2	-2.0502
PCGF1	-1.8278
TLX2	-1.7021
DQX1	-1.3359
AUP1	-1.2514
HTRA2	-0.55314
LOXL3	0.30084
DOK1	0.64778
M1AP	1.0926
SEMA4F	0.72323
HK2	1.3774
POLE4	-0.60621
TACR1	0.065636
EVA1A	-0.13501
MRPL19	0.84881
GCFC2	0.73346
LRRTM4	1.3591
LOC105374816	-0.32111
REG3G	1.2046
REG1B	3.6637
REG1A	3.3763
REG3A	0.2266
CTNNA2	1.4179
LRRTM1	-0.22916
SUCLG1	0.36904
DNAH6	1.252
TRABD2A	0.66057
TMSB10	0.94368
KCMF1	1.4259
TCF7L1	-0.21023
TGOLN2	-0.95815
RETSAT	0.53442
ELMOD3	0.93921
CAPG	0.60908
SH2D6	0.39968
MAT2A	0.75656
GGCX	0.4226
VAMP8	1.002
VAMP5	1.0643
RNF181	1.1446
TMEM150A	1.0388
USP39	0.98727
C2orf68	0.80519
SFTPB	0.50673
GNLY	0.82501
ATOH8	1.546
ST3GAL5	0.89284
POLR1A	0.37517
PTCD3	0.76442
IMMT	1.1843
MRPL35	1.0771
REEP1	-0.49099
KDM3A	-1.2514
CHMP3	-1.9496
RNF103-CHMP3	-0.045516
RNF103	-2.2083
RMND5A	2.2397
CD8A	0.9264
CD8B	0.4631
RGPD1	0.84963
PLGLB1	1.4402
LOC102724642	0.1116
LOC730268	-1.0857
PLGLB2	0.81618
RGPD2	-1.4821
KRCC1	-1.4592
SMYD1	-0.35911
FABP1	-1.3414
THNSL2	-1.3609
FOXI3	0.5231
TEX37	-0.58536
EIF2AK3	-0.68063
RPIA	-0.6539
LOC101060017	1.3999
TEKT4	-0.5441
MAL	-0.86371
MRPS5	-0.34252
ZNF514	-0.24504
ZNF2	-0.37705
LOC105373489	0.060359
PROM2	-0.50477
KCNIP3	-0.96328
FAHD2A	-0.050037
TRIM43B	-1.1097
TRIM43	0.038204
ANKRD36C	-1.0356
GPAT2	-0.43923
ADRA2B	-0.25818
ASTL	-0.51346
DUSP2	-0.71334
STARD7	-0.045879
TMEM127	-0.010772
CIAO1	-0.0226
SNRNP200	-0.1473
ITPRIPL1	-0.60956
NCAPH	-0.43616
NEURL3	-1.2076
ARID5A	-0.40299
KANSL3	-1.6685
FER1L5	-1.1796
LMAN2L	0.4339
CNNM4	0.83235
CNNM3	0.42866
ANKRD23	0.5251
ANKRD39	0.65819
SEMA4C	1.1429
LOC105373982	1.2501
FAM178B	0.75152
FAHD2B	0.38889
LOC105373983	0.33889
ANKRD36	0.31375
ANKRD36B	0.065755
COX5B	1.0191
ACTR1B	0.87781
ZAP70	0.6051
TMEM131	0.030985
VWA3B	1.594
CNGA3	0.80624
INPP4A	0.80384
COA5	0.82661
UNC50	0.95295
MGAT4A	1.79
KIAA1211L	2.0048
TSGA10	1.4592
C2orf15	0.98098
LIPT1	0.91535
MITD1	1.1406
MRPL30	1.0673
LYG2	0.99154
LYG1	1.8198
TXNDC9	1.6944
EIF5B	1.9651
REV1	2.0419
AFF3	1.3798
LONRF2	1.1594
CHST10	0.89791
NMS	1.2684
PDCL3	0.79808
NPAS2	0.059742
RPL31	0.47544
TBC1D8	-0.0084091
CNOT11	-0.31626
RNF149	-0.75811
CREG2	-0.72048
RFX8	0.63624
MAP4K4	-0.46182
IL1R2	0.019648
IL1R1	1.1896
IL1RL2	2.339
IL1RL1	-3.118
IL18R1	-1.2805
IL18RAP	-0.41637
SLC9A4	0.12783
SLC9A2	-0.33716
MFSD9	0.93595
TMEM182	0.28484
POU3F3	1.0295
MRPS9	1.1519
LOC105373984	0.87024
GPR45	1.5512
TGFBRAP1	1.0529
C2orf49	0.56252
FHL2	-0.099619
NCK2	0.061462
C2orf40	-0.46173
UXS1	-0.062732
LOC402096	0.502
RGPD3	0.78125
ST6GAL2	-1.0846
RGPD4	0.14822
SLC5A7	1.058
SULT1C3	-0.57265
SULT1C2	-0.47438
SULT1C4	1.363
GCC2	1.8188
LIMS1	1.497
RANBP2	0.036408
CCDC138	0.46883
EDAR	-0.13967
SH3RF3	-1.3081
SEPT10	-0.42488
SOWAHC	-0.26517
RGPD5	0.13653
LOC105373985	-1.5301
LOC105373986	-1.5301
MALL	0.31777
NPHP1	0.51946
LOC105373551	0.31732
RGPD6	-0.98954
BUB1	-0.9712
ACOXL	0.36273
BCL2L11	-0.58179
LOC101927260	-1.7358
LOC105373987	-0.75725
ANAPC1	0.63861
MERTK	0.59159
TMEM87B	1.6864
FBLN7	1.2372
ZC3H8	0.77419
ZC3H6	1.1969
RGPD8	0.21941
TTL	1.5592
POLR1B	1.6466
CHCHD5	1.3596
SLC20A1	-0.57432
NT5DC4	-0.72737
CKAP2L	-0.11866
IL1A	0.31313
IL1B	0.4405
IL37	0.72395
IL36G	-0.24702
IL36A	-0.29956
IL36B	-0.73429
IL36RN	-0.80872
IL1F10	-1.2022
IL1RN	-0.49934
PSD4	-0.22512
PAX8	0.4386
CBWD2	-1.2796
FOXD4L1	-0.65203
LOC729468	-1.4176
RABL2A	0.56156
SLC35F5	-0.5246
ACTR3	0.27702
DPP10	0.80122
DDX18	1.4871
CCDC93	0.72949
LOC105373988	-0.1505
INSIG2	0.083629
EN1	-1.3607
MARCO	-0.89633
C1QL2	0.45873
STEAP3	-0.14389
C2orf76	1.5367
DBI	1.2718
TMEM37	-0.30928
SCTR	-0.95897
CFAP221	0.47606
TMEM177	0.91649
LOC101927764	-0.90128
PTPN4	0.44286
EPB41L5	-2.546
TMEM185B	-0.065673
RALB	1.0578
LOC105373989	0.44568
INHBB	1.2567
GLI2	-0.50579
TFCP2L1	0.16544
CLASP1	-0.43878
LOC105373990	-0.98315
NIFK	-1.7981
TSN	-0.84474
CNTNAP5	2.7302
LOC105373602	2.4851
GYPC	-0.53335
LOC101929926	0.77802
BIN1	0.70289
CYP27C1	-0.52208
ERCC3	1.5182
MAP3K2	1.8273
LOC105373606	1.9118
LOC100506922	1.7613
PROC	0.95846
IWS1	-0.82069
MYO7B	-0.32776
LIMS2	-0.76735
GPR17	-1.3419
SFT2D3	-0.70683
WDR33	-0.42773
POLR2D	1.3187
AMMECR1L	1.126
SAP130	-0.039428
UGGT1	0.41163
HS6ST1	-0.68614
RAB6C	-1.5265
POTEF	-0.24923
CCDC74B	-0.28989
SMPD4	-0.42068
MZT2B	-0.18474
TUBA3E	-0.29786
CCDC115	0.20072
IMP4	0.42379
PTPN18	0.5085
POTEI	0.29738
POTEJ	0.0029209
GPR148	0.84429
AMER3	0.81288
ARHGEF4	0.24297
FAM168B	0.60001
PLEKHB2	0.28531
POTEE	0.37618
WTH3DI	0.38743
LOC105373619	0.95096
MZT2A	0.7257
TUBA3D	0.42006
CCDC74A	0.86716
C2orf27A	0.077339
C2orf27B	-0.075785
ZNF806	-0.29259
GPR39	0.06987
LYPD1	-1.44
NCKAP5	0.40164
MGAT5	0.31746
TMEM163	0.66428
ACMSD	-0.54671
CCNT2	-0.72211
MAP3K19	0.18892
RAB3GAP1	0.56038
ZRANB3	-0.41386
R3HDM1	0.077441
UBXN4	0.94355
LCT	0.90955
MCM6	0.71511
DARS	0.43253
CXCR4	-0.39239
THSD7B	-0.020448
HNMT	-0.98565
SPOPL	1.2178
NXPH2	1.2791
LRP1B	1.832
KYNU	0.5163
ARHGAP15	1.7656
GTDC1	0.27282
ZEB2	0.71603
ACVR2A	0.22657
ORC4	0.60298
MBD5	1.6679
EPC2	0.53148
KIF5C	-0.16508
LYPD6B	-0.82753
LYPD6	-0.2828
MMADHC	-1.4257
RND3	-0.18311
RBM43	-0.58377
NMI	-1.1437
TNFAIP6	1.9608
RIF1	1.2553
NEB	0.77294
ARL5A	0.36152
CACNB4	1.9503
STAM2	1.8931
FMNL2	0.70516
PRPF40A	-0.30058
ARL6IP6	-0.28418
RPRM	-0.89168
GALNT13	1.2919
LOC100144595	0.90148
KCNJ3	0.83158
NR4A2	0.54963
GPD2	2.265
GALNT5	0.4289
ERMN	-0.60569
CYTIP	-0.31654
ACVR1C	-0.67969
ACVR1	-0.21777
UPP2	0.6457
CCDC148	1.5588
PKP4	4.6775
DAPL1	0.20869
TANC1	-1.0097
WDSUB1	0.37592
BAZ2B	1.7958
MARCH7	1.4637
CD302	1.5694
LY75-CD302	0.85196
LY75	0.47537
PLA2R1	0.52259
ITGB6	0.47277
RBMS1	1.8231
TANK	0.10364
PSMD14	0.89231
TBR1	1.3385
SLC4A10	0.31158
DPP4	1.0847
GCG	-2.8001
FAP	-1.5454
IFIH1	-0.9656
GCA	-1.4861
KCNH7	0.83681
FIGN	0.37971
GRB14	-1.3157
COBLL1	1.5246
SLC38A11	0.68912
SCN3A	0.77973
SCN2A	1.4097
CSRNP3	1.5678
GALNT3	0.67775
TTC21B	1.7945
SCN1A	1.7369
SCN9A	0.66323
SCN7A	-1.8022
XIRP2	-0.73371
B3GALT1	0.99159
STK39	-0.77307
CERS6	-0.62556
NOSTRIN	-0.087501
SPC25	0.32433
G6PC2	-0.36048
ABCB11	-0.46358
DHRS9	-0.71328
LRP2	0.0048893
BBS5	1.8411
KLHL41	1.8742
FASTKD1	0.30596
PPIG	0.084083
CCDC173	-0.28644
PHOSPHO2	-0.32888
PHOSPHO2-KLHL23	-0.47323
KLHL23	-0.22216
SSB	2.2454
METTL5	2.6504
UBR3	2.9271
MYO3B	2.2812
SP5	-1.8234
ERICH2	-0.28506
GAD1	-2.2556
GORASP2	-0.77475
TLK1	-0.91334
METTL8	-1.2276
DCAF17	-0.51567
CYBRD1	0.26753
DYNC1I2	0.13482
SLC25A12	0.21277
HAT1	-0.27545
METAP1D	0.5775
DLX1	-0.334
DLX2	0.19555
ITGA6	1.4131
PDK1	1.7607
RAPGEF4	2.0552
ZAK	-1.2927
CDCA7	-0.18752
SP3	1.8125
LOC100128905	1.1438
OLA1	0.016303
SP9	0.28597
CIR1	0.75529
SCRN3	0.4784
GPR155	0.20146
WIPF1	1.225
CHRNA1	-0.094915
CHN1	-1.1636
ATF2	-1.2218
ATP5G3	-1.862
KIAA1715	0.80521
EVX2	3.0069
HOXD13	2.2106
HOXD12	2.4666
HOXD11	2.2413
HOXD10	2.7977
HOXD9	1.9303
HOXD8	0.9389
HOXD3	-0.9974
HOXD4	-1.1102
HOXD1	-1.6653
MTX2	-0.23718
LOC105373759	0.25709
HNRNPA3	0.32413
NFE2L2	-0.024214
AGPS	2.3966
TTC30B	1.9423
TTC30A	2.2028
PDE11A	1.5051
LOC105373764	0.47729
RBM45	0.24876
OSBPL6	0.14517
PRKRA	-0.81416
DFNB59	-0.6303
FKBP7	-1.4428
PLEKHA3	-1.3158
TTN	-0.63269
CCDC141	-0.61325
SESTD1	0.092766
ZNF385B	0.81035
CWC22	0.21329
UBE2E3	1.3965
ITGA4	1.9887
CERKL	1.4219
NEUROD1	0.7032
SSFA2	0.26844
PPP1R1C	2.2472
PDE1A	1.7893
DNAJC10	0.44036
FRZB	0.077599
NCKAP1	-0.66345
DUSP19	-1.891
NUP35	-2.1365
LOC105373780	0.14036
ZNF804A	0.33797
FSIP2	-0.63855
ZC3H15	0.17765
ITGAV	0.55548
FAM171B	1.1549
ZSWIM2	-1.5444
CALCRL	-0.45768
TFPI	0.10354
GULP1	-0.59489
DIRC1	0.54075
COL3A1	-0.47647
COL5A2	-0.05955
WDR75	0.64799
SLC40A1	-1.8727
ASNSD1	0.37285
ANKAR	0.7687
OSGEPL1	0.56238
ORMDL1	1.0641
PMS1	1.2078
C2orf88	0.50736
MSTN	-1.9959
HIBCH	1.0406
LOC105373800	0.36439
INPP1	0.83195
MFSD6	1.1073
TMEM194B	1.459
LOC105373801	0.47556
NAB1	0.683
GLS	0.3921
STAT1	0.95825
STAT4	0.26682
MYO1B	0.9144
NABP1	0.59725
LOC729254	-0.21458
SDPR	0.90948
TMEFF2	0.14197
SLC39A10	1.8095
DNAH7	0.98973
STK17B	1.5251
HECW2	0.90361
CCDC150	0.78598
GTF3C3	1.5335
C2orf66	2.17
PGAP1	1.3763
ANKRD44	-0.96556
SF3B1	0.83523
COQ10B	0.46401
HSPD1	0.64686
HSPE1	0.74312
HSPE1-MOB4	0.85083
MOB4	0.95494
RFTN2	1.2321
MARS2	0.69358
BOLL	0.82648
PLCL1	1.2912
SATB2	-0.39296
C2orf69	1.8167
TYW5	1.3853
C2orf47	1.6053
SPATS2L	-0.96851
KCTD18	0.43223
SGOL2	1.0608
AOX1	1.041
BZW1	2.6679
CLK1	1.376
PPIL3	1.1852
NIF3L1	0.91088
ORC2	-0.2567
FAM126B	-0.14469
NDUFB3	-0.31949
CFLAR	-0.56343
CASP10	0.81417
CASP8	2.9958
ALS2CR12	3.5369
TRAK2	3.1773
STRADB	2.7904
ALS2CR11	2.0644
TMEM237	0.76379
MPP4	-0.75541
ALS2	-0.12587
LOC105373840	0.78849
CDK15	0.3383
FZD7	0.27692
KIAA2012	0.64216
SUMO1	1.2332
NOP58	1.2693
BMPR2	0.29447
FAM117B	0.064511
ICA1L	2.5349
WDR12	2.5939
CARF	2.5836
NBEAL1	1.93
CYP20A1	1.3482
ABI2	1.2908
RAPH1	0.74017
CD28	0.72522
CTLA4	-0.29615
ICOS	0.25687
PARD3B	1.9294
NRP2	1.3287
INO80D	1.2584
NDUFS1	0.87883
EEF1B2	0.80906
GPR1	3.2888
ZDBF2	1.3582
ADAM23	0.95021
LOC200726	1.5887
DYTN	2.5095
MDH1B	0.73726
FASTKD2	0.044372
CPO	0.43628
KLF7	0.34184
CREB1	0.050669
METTL21A	0.60738
CCNYL1	-0.083418
FZD5	1.5231
PLEKHM3	0.20245
CRYGD	1.6005
CRYGC	2.2338
CRYGB	2.3452
CRYGA	2.1128
C2orf80	2.0472
IDH1	1.2654
PIKFYVE	1.518
PTH2R	0.11041
MAP2	1.6811
UNC80	-0.009395
RPE	0.73827
KANSL1L	0.35528
ACADL	0.78752
MYL1	0.92216
LANCL1	-0.39482
CPS1	-2.2118
ERBB4	-0.35696
IKZF2	-0.78944
LOC100130451	2.5013
SPAG16	2.6697
VWC2L	3.8834
BARD1	0.079241
ABCA12	-1.1956
ATIC	1.034
FN1	0.80085
MREG	-0.63897
PECR	-0.72847
TMEM169	0.2556
XRCC5	-1.1935
MARCH4	-0.19708
SMARCAL1	0.4525
RPL37A	0.031051
IGFBP2	1.5486
IGFBP5	1.4188
TNP1	-0.22187
TNS1	0.73334
RUFY4	-0.48654
CXCR2	-0.26034
CXCR1	0.092714
ARPC2	0.74167
GPBAR1	0.94242
AAMP	0.78628
PNKD	0.43543
TMBIM1	0.60406
CATIP	-1.37
SLC11A1	-0.27403
CTDSP1	-0.26361
VIL1	0.12547
USP37	0.41296
RQCD1	0.5161
PLCD4	0.55552
ZNF142	0.41434
BCS1L	0.11277
RNF25	-0.10741
STK36	-0.084234
TTLL4	-0.92339
CYP27A1	-0.95173
PRKAG3	-0.25908
WNT6	-0.53114
WNT10A	-1.2778
CDK5R2	-1.0941
FEV	1.1751
CRYBA2	0.60778
CCDC108	0.077962
IHH	0.05526
NHEJ1	0.029563
SLC23A3	-0.22502
CNPPD1	-0.67512
FAM134A	-0.70776
ZFAND2B	-1.8321
ABCB6	-1.3488
ATG9A	-0.57157
ANKZF1	-1.0011
GLB1L	-1.5398
STK16	-2.0669
TUBA4A	-2.8408
DNAJB2	-0.92028
PTPRN	-1.5688
RESP18	-1.8435
DNPEP	-0.19505
DES	0.49294
SPEG	0.72818
LOC100996693	0.669
GMPPA	0.72104
ASIC4	0.33021
CHPF	0.99342
TMEM198	0.94006
OBSL1	1.0155
INHA	0.98976
STK11IP	-0.0050805
SLC4A3	-0.76585
EPHA4	-0.95634
PAX3	0.74069
CCDC140	1.0979
SGPP2	-0.36571
FARSB	-1.1567
MOGAT1	-1.2329
ACSL3	-0.81658
KCNE4	-0.47739
SCG2	1.357
AP1S3	-0.054477
WDFY1	0.95267
MRPL44	1.4613
SERPINE2	-0.28783
FAM124B	-0.36181
CUL3	1.4449
DOCK10	0.14233
NYAP2	1.3959
IRS1	1.5482
RHBDD1	-0.75184
COL4A4	0.72954
COL4A3	0.0095222
MFF	-0.15476
TM4SF20	-0.78157
AGFG1	-0.4007
C2orf83	-0.094161
SLC19A3	-0.5121
CCL20	0.28984
DAW1	-0.69882
SPHKAP	-0.72942
PID1	1.7809
DNER	0.067525
TRIP12	1.1784
FBXO36	1.3608
SLC16A14	1.4129
SP110	2.6166
SP140	2.6848
SP140L	1.151
SP100	0.68333
CAB39	-0.75906
ITM2C	1.5111
GPR55	-1.4225
SPATA3	-0.51048
C2orf72	0.73734
PSMD1	0.022721
HTR2B	-0.48918
ARMC9	0.47364
B3GNT7	-1.0437
LOC105373926	-1.3141
NCL	2.4019
NMUR1	0.3891
C2orf57	1.2607
PTMA	0.40458
PDE6D	0.48699
COPS7B	0.76347
NPPC	0.6912
DIS3L2	0.69034
ALPP	1.1366
ALPPL2	0.87843
ALPI	-0.80342
ECEL1	-0.81033
PRSS56	2.2939
CHRND	2.7528
CHRNG	2.9513
TIGD1	2.3392
EIF4E2	1.7299
EFHD1	2.2441
GIGYF2	1.5306
KCNJ13	1.5591
C2orf82	1.5132
NGEF	0.40421
NEU2	-1.0646
INPP5D	-1.644
ATG16L1	0.82386
SAG	0.47292
DGKD	0.16948
USP40	1.4968
UGT1A8	1.0436
UGT1A10	1.0782
UGT1A9	1.0823
UGT1A7	1.1161
UGT1A6	1.1729
UGT1A5	1.2031
UGT1A4	1.2075
UGT1A3	1.3117
DNAJB3	1.4439
UGT1A1	0.94307
MROH2A	0.58851
HJURP	-1.1359
TRPM8	-0.45792
SPP2	0.68847
ARL4C	0.48015
SH3BP4	2.1173
AGAP1	-1.2609
GBX2	-0.82779
ASB18	-2.24
IQCA1	1.0393
ACKR3	0.89901
LOC105373991	1.1807
COPS8	-1.512
COL6A3	0.23828
LOC105373957	0.07129
MLPH	-0.93187
PRLH	-0.36511
RAB17	-1.2914
LRRFIP1	-0.29707
RBM44	-0.65317
RAMP1	0.15487
UBE2F	-0.71124
SCLY	-1.0792
ESPNL	-1.5171
KLHL30	-1.0295
FAM132B	-1.285
ILKAP	-0.82578
HES6	-0.9223
PER2	-0.15463
TRAF3IP1	-0.11507
ASB1	-0.98258
LOC100287387	-0.34367
TWIST2	-0.35857
HDAC4	2.7436
LOC401040	1.4737
LOC101927147	1.0681
NDUFA10	1.4781
OR6B2	0.50222
PRR21	-0.70663
OR6B3	-0.39699
MYEOV2	-0.34879
OTOS	0.2215
GPC1	0.56922
ANKMY1	0.74252
DUSP28	0.52955
RNPEPL1	-0.19483
CAPN10	-1.086
GPR35	-0.7714
AQP12B	0.35584
AQP12A	-0.56897
KIF1A	-0.068787
AGXT	-1.0382
C2orf54	-1.3336
LOC728763	-1.2795
SNED1	-0.80851
MTERF4	-0.49504
PASK	-0.11466
PPP1R7	-0.22749
ANO7	-0.62514
HDLBP	-0.42782
LOC101927509	0.026308
SEPT2	-0.7186
FARP2	-0.44499
STK25	-0.2854
BOK	0.36588
THAP4	1.2253
ATG4B	0.74634
DTYMK	-0.25495
ING5	0.38379
D2HGDH	0.86992
GAL3ST2	1.1388
NEU4	0.69322
PDCD1	0.8056
RTP5	0.94661
LOC285095	0.99222
CHL1	0.76679
CNTN6	-0.95746
CNTN4	0.13439
IL5RA	0.65299
TRNT1	-0.19769
CRBN	0.44303
LRRN1	-1.1474
SUMF1	-1.5749
SETMAR	-1.3407
ITPR1	0.38148
BHLHE40	-1.394
ARL8B	-0.19838
EDEM1	0.68213
GRM7	1.6992
LMCD1	-0.52566
SSUH2	1.1796
CAV3	-0.14051
OXTR	0.25509
RAD18	-0.51634
SRGAP3	0.57745
THUMPD3	1.9289
SETD5	1.7773
LHFPL4	0.64296
MTMR14	-0.14791
CPNE9	-0.47644
BRPF1	-0.26271
OGG1	0.19968
CAMK1	-0.16771
TADA3	0.60145
ARPC4	0.78092
ARPC4-TTLL3	0.43353
TTLL3	0.29531
RPUSD3	0.33014
CIDEC	-1.0219
JAGN1	-0.69229
IL17RE	-0.13234
IL17RC	-0.20228
CRELD1	0.28874
PRRT3	0.15984
EMC3	0.22586
LOC401052	0.30828
FANCD2	0.025057
FANCD2OS	0.050247
BRK1	-0.35414
VHL	-0.36526
IRAK2	-0.44702
TATDN2	0.44016
GHRL	2.0266
SEC13	2.0972
ATP2B2	1.7705
SLC6A11	1.9757
SLC6A1	0.37111
HRH1	0.28475
ATG7	-0.00086428
VGLL4	-1.6877
TAMM41	0.5939
LOC101929530	-1.2684
SYN2	0.23957
TIMP4	-0.13533
PPARG	0.42435
TSEN2	-1.0168
MKRN2OS	-0.54648
MKRN2	-0.40192
RAF1	0.027663
TMEM40	-0.31674
CAND2	-0.93137
RPL32	-0.47184
LOC105376955	1.3479
IQSEC1	0.8807
NUP210	0.66983
HDAC11	-0.65396
FBLN2	-1.5175
WNT7A	-0.97786
CHCHD4	0.34919
TMEM43	-0.071635
XPC	-0.39941
LSM3	-0.076479
SLC6A6	0.64159
GRIP2	0.31234
CCDC174	0.79835
C3orf20	1.1223
FGD5	0.76053
NR2C2	1.1962
MRPS25	0.89368
RBSN	0.71821
CAPN7	1.3609
SH3BP5	1.1533
METTL6	-0.86301
EAF1	-0.28813
COLQ	-0.18992
HACL1	-0.71042
BTD	0.36585
ANKRD28	-1.5268
GALNT15	0.8764
DPH3	0.89579
OXNAD1	1.532
RFTN1	1.2595
DAZL	0.8143
PLCL2	0.9488
TBC1D5	1.5918
LOC339862	0.36687
SATB1	0.23127
KCNH8	-0.092952
EFHB	0.33726
RAB5A	1.3576
PP2D1	1.013
KAT2B	0.28063
SGOL1	1.9342
ZNF385D	-0.11875
UBE2E2-AS1	0.0061473
UBE2E2	0.17479
UBE2E1	0.37948
NKIRAS1	0.53967
RPL15	-0.26008
NR1D2	-0.43742
THRB	-0.9187
RARB	0.76663
TOP2B	-0.19249
NGLY1	-0.76037
OXSM	-1.0903
LRRC3B	1.0144
NEK10	1.0313
SLC4A7	1.761
EOMES	-0.27397
CMC1	0.7769
AZI2	0.56394
ZCWPW2	-0.0079141
LOC100652807	-0.30257
RBMS3	-0.16457
TGFBR2	1.266
GADL1	-0.71579
STT3B	-0.19635
OSBPL10	1.8392
ZNF860	1.6922
GPD1L	-0.82114
CMTM8	-0.45194
CMTM7	-1.1456
CMTM6	-3.1303
DYNC1LI1	-2.5213
CNOT10	-1.3793
LOC105377021	-0.6529
TRIM71	-0.51771
CCR4	-0.15282
GLB1	0.41533
TMPPE	0.90996
CRTAP	2.4181
SUSD5	2.6339
FBXL2	0.64025
UBP1	0.12097
CLASP2	0.98807
PDCD6IP	-0.13935
ARPP21	0.10092
STAC	2.1783
DCLK3	-0.81756
TRANK1	1.5367
EPM2AIP1	0.98736
MLH1	1.174
LRRFIP2	1.0865
LOC105377132	1.3049
GOLGA4	1.8991
C3orf35	1.9884
ITGA9	0.12339
CTDSPL	0.44494
VILL	-0.29775
PLCD1	-0.87682
DLEC1	0.71689
ACAA1	0.063964
MYD88	0.53953
OXSR1	0.89584
SLC22A13	1.0275
SLC22A14	-1.3508
XYLB	2.2429
ACVR2B	2.8043
EXOG	2.6981
SCN5A	1.9533
SCN10A	-0.73811
SCN11A	-0.78512
LOC105377643	-1.1089
WDR48	-0.39801
GORASP1	-0.034011
TTC21A	0.42332
CSRNP1	0.61707
XIRP1	0.20416
CX3CR1	1.2934
CCR8	1.9125
SLC25A38	-0.43627
RPSA	-0.6683
MOBP	0.030379
MYRIP	-0.32012
EIF1B	1.2193
ENTPD3	-0.30012
RPL14	-0.063589
ZNF619	-0.0096197
ZNF620	0.17049
ZNF621	0.67356
CTNNB1	1.552
ULK4	0.25354
TRAK1	0.25649
CCK	-2.3394
LYZL4	0.75194
VIPR1	0.46105
SEC22C	-0.029358
SS18L2	-0.17262
NKTR	0.021595
ZBTB47	0.19259
KLHL40	-0.62144
HHATL	0.59853
CCDC13	1.243
HIGD1A	-0.051304
ACKR2	0.12603
CYP8B1	0.062843
ZNF662	-0.36995
KRBOX1	-0.81526
FAM198A	-0.81135
POMGNT2	-0.98842
SNRK	1.8279
ANO10	1.7917
ABHD5	-0.79222
TOPAZ1	3.1522
TCAIM	3.0275
ZNF445	1.4507
ZNF852	0.83251
ZKSCAN7	-0.12738
ZNF660	0.20091
ZNF197	0.35475
ZNF35	0.41278
LOC101928592	-0.29373
ZNF502	1.1586
ZNF501	1.4079
KIAA1143	1.2016
KIF15	1.0259
TMEM42	1.0156
TGM4	-0.040822
ZDHHC3	-0.34843
EXOSC7	0.29025
CLEC3B	0.39319
CDCP1	0.94014
TMEM158	-0.89426
LARS2	0.38199
LIMD1	-0.43933
SACM1L	1.7645
SLC6A20	1.7743
LZTFL1	0.91715
CCR9	1.315
FYCO1	0.6962
CXCR6	0.67859
XCR1	0.65666
CCR1	-0.3687
CCR3	-0.42896
CCR2	0.53721
CCR5	-0.40925
CCRL2	-1.5081
LTF	-0.56707
RTP3	1.9088
LRRC2	1.5685
TDGF1	1.0938
LOC100132146	0.64871
ALS2CL	0.52623
TMIE	1.0133
PRSS50	0.81188
PRSS46	1.0404
PRSS45	1.1077
PRSS43	0.67067
PRSS42	0.45559
MYL3	1.1907
PTH1R	2.1888
CCDC12	1.7182
NBEAL2	1.3684
SETD2	1.3592
KIF9	1.0323
KLHL18	1.3985
PTPN23	1.6205
SCAP	1.7765
ELP6	1.5747
CSPG5	2.4108
SMARCC1	2.2787
DHX30	3.4349
MAP4	3.4724
CDC25A	2.9726
CAMP	2.5626
ZNF589	2.998
NME6	2.8929
SPINK8	2.7597
FBXW12	-0.26791
PLXNB1	0.29937
LOC105377133	-0.20915
CCDC51	0.026711
TMA7	0.1001
ATRIP	-0.15773
TREX1	-0.76597
SHISA5	-0.63874
PFKFB4	0.32252
UCN2	1.4842
COL7A1	1.0534
UQCRC1	0.44518
TMEM89	2.2693
SLC26A6	2.6689
CELSR3	3.0449
NCKIPSD	3.3675
IP6K2	3.1345
PRKAR2A	2.1961
SLC25A20	2.254
ARIH2OS	2.3693
ARIH2	2.289
P4HTM	1.9949
WDR6	1.4275
DALRD3	2.6052
NDUFAF3	2.0936
IMPDH2	2.901
QRICH1	3.0389
QARS	2.7447
USP19	2.5163
LAMB2	2.9913
CCDC71	3.5677
KLHDC8B	3.3882
C3orf84	3.1922
CCDC36	3.3969
C3orf62	3.4396
USP4	3.1336
GPX1	2.3523
RHOA	2.6696
TCTA	2.6392
AMT	3.019
NICN1	3.1154
DAG1	2.8332
BSN	2.6481
APEH	2.6687
MST1	2.7561
RNF123	2.1786
AMIGO3	1.7896
GMPPB	2.0811
IP6K1	1.8856
CDHR4	2.1289
FAM212A	2.1066
UBA7	2.2996
TRAIP	2.2857
CAMKV	2.47
MST1R	2.3107
MON1A	2.5494
RBM6	2.7825
RBM5	2.4792
SEMA3F	2.3531
GNAT1	2.1343
SLC38A3	1.4802
GNAI2	1.0556
SEMA3B	1.1102
LSMEM2	1.5759
IFRD2	1.4398
HYAL3	1.4026
NAT6	1.2999
HYAL1	0.77541
HYAL2	1.6374
TUSC2	1.6741
RASSF1	2.1716
ZMYND10	1.8441
NPRL2	2.0916
CYB561D2	2.2631
TMEM115	2.29
CACNA2D2	1.009
C3orf18	1.1348
HEMK1	0.99977
CISH	0.85674
MAPKAPK3	0.90795
DOCK3	0.84653
MANF	1.2855
RBM15B	1.3791
VPRBP	1.4423
RAD54L2	1.7139
TEX264	1.8592
GRM2	2.0329
IQCF6	0.024297
IQCF3	-0.82788
IQCF2	-1.2207
IQCF5	-0.8141
IQCF1	0.17283
RRP9	0.46295
PARP3	0.66767
GPR62	0.042038
PCBP4	-0.20203
ABHD14B	-0.42889
ABHD14A	-0.20489
ACY1	-0.37775
RPL29	-0.33969
DUSP7	2.5323
POC1A	2.7682
ALAS1	1.9032
TLR9	1.3146
TWF2	1.0996
PPM1M	0.81591
WDR82	0.92002
GLYCTK	0.88124
DNAH1	0.31484
BAP1	0.27229
PHF7	0.69466
SEMA3G	0.92316
TNNC1	1.1365
NISCH	1.5292
STAB1	3.5412
NT5DC2	3.3286
SMIM4	3.0773
PBRM1	2.6521
GNL3	2.7752
GLT8D1	2.7815
SPCS1	2.6749
NEK4	2.496
ITIH1	2.3946
ITIH3	2.8353
ITIH4	3.0915
MUSTN1	2.9189
TMEM110-MUSTN1	3.1564
TMEM110	3.1564
SFMBT1	2.7132
LOC105377135	1.8401
RFT1	2.1327
PRKCD	-0.50624
TKT	0.21733
DCP1A	-0.11523
CACNA1D	1.6591
CHDH	0.073091
IL17RB	-0.084725
ACTR8	-0.031697
SELK	-0.52457
CACNA2D3	1.4043
LRTM1	1.3673
WNT5A	-0.99784
ERC2	-0.53649
CCDC66	0.65639
FAM208A	0.48139
ARHGEF3	0.25237
SPATA12	-0.53693
IL17RD	0.53174
HESX1	0.70529
APPL1	0.5313
ASB14	0.41974
DNAH12	-0.57029
PDE12	0.48904
ARF4	0.65518
DENND6A	0.087075
SLMAP	0.33183
FLNB	-0.94851
LOC105377650	-0.39747
DNASE1L3	-1.0641
ABHD6	-0.10302
RPP14	-0.027657
PXK	0.41879
PDHB	0.64409
KCTD6	1.0037
ACOX2	0.3373
FAM107A	0.64073
FAM3D	-0.018913
C3orf67	0.59645
FHIT	0.71655
PTPRG	0.49448
C3orf14	0.31353
FEZF2	0.69832
CADPS	1.6449
SYNPR	1.199
SNTN	0.18637
LOC100130345	-0.34098
THOC7	1.0459
ATXN7	1.5132
PSMD6	0.83196
PRICKLE2	1.6106
ADAMTS9	0.42432
MAGI1	-1.929
SLC25A26	0.13855
LRIG1	-0.66474
KBTBD8	-1.608
SUCLG2	0.93332
FAM19A1	0.017364
FAM19A4	0.74068
EOGT	-0.21677
TMF1	-0.83925
UBA3	-0.056368
ARL6IP5	2.0539
LMOD3	1.8678
FRMD4B	0.47139
MITF	0.090239
FOXP1	2.1971
LOC105377206	1.3483
EIF4E3	0.29822
GPR27	0.027377
PROK2	-0.017306
RYBP	-0.52242
SHQ1	0.16872
GXYLT2	0.77726
PPP4R2	2.116
EBLN2	2.3261
PDZRN3	-0.45804
CNTN3	0.67022
LOC105377207	0.78722
LOC105377170	0.78528
FRG2C	1.8189
ZNF717	0.33086
ROBO2	0.035134
ROBO1	2.6636
GBE1	2.0805
CADM2	2.1898
VGLL3	1.3997
CHMP2B	0.63487
POU1F1	0.34404
HTR1F	1.1492
CGGBP1	-1.648
LOC105377200	-1.5949
ZNF654	-1.1631
C3orf38	-1.5727
LOC100506944	-0.81657
EPHA3	-1.7984
PROS1	1.7138
ARL13B	1.9369
STX19	1.8915
DHFRL1	1.7638
NSUN3	2.0486
EPHA6	0.61591
ARL6	-1.2875
CRYBG3	-1.419
MINA	-1.1084
GABRR3	0.4
OR5AC2	-0.573
OR5H1	-0.48996
OR5H14	-0.70035
OR5H15	-1.4267
OR5H6	-2.2455
OR5H2	-2.2348
OR5K4	-2.475
OR5K3	-1.0314
OR5K1	0.22901
OR5K2	-0.1045
CLDND1	0.0433
GPR15	1.196
CPOX	-0.97029
ST3GAL6	1.0241
DCBLD2	0.33575
COL8A1	-0.4207
CMSS1	-0.95176
FILIP1L	-0.93012
TBC1D23	-1.4656
NIT2	-1.8642
TOMM70A	-1.8706
LNP1	-1.9183
TMEM45A	-0.47301
ADGRG7	1.3782
TFG	1.3716
ABI3BP	2.0712
IMPG2	0.77583
SENP7	0.53943
TRMT10C	1.5117
PCNP	1.5367
ZBTB11	2.3369
RPL24	2.5695
LOC105374013	2.6052
CEP97	2.5354
NXPE3	2.2151
NFKBIZ	0.9604
ZPLD1	0.54123
ALCAM	2.0855
CBLB	-0.1278
CCDC54	1.1148
BBX	1.2239
CD47	-0.47582
IFT57	0.2275
HHLA2	-0.50573
MYH15	0.14042
KIAA1524	0.97283
DZIP3	0.59621
RETNLB	1.3752
TRAT1	-0.9038
GUCA1C	0.68938
MORC1	0.46833
DPPA2	-0.81287
DPPA4	-0.36748
PVRL3	0.029984
CD96	-1.4932
ZBED2	-0.68741
PLCXD2	-0.88664
PHLDB2	-0.84958
ABHD10	0.075117
TAGLN3	0.19045
TMPRSS7	-1.4271
C3orf52	-0.47439
GCSAM	-0.4404
SLC9C1	-0.18368
CD200	-0.26688
BTLA	0.080692
ATG3	-0.034226
SLC35A5	-0.27679
CCDC80	-0.44398
CD200R1L	-1.0174
CD200R1	-0.11102
GTPBP8	1.5576
C3orf17	1.1049
BOC	-0.53067
CFAP44	-0.51056
SPICE1	-0.53253
SIDT1	-1.1757
KIAA2018	-0.86603
NAA50	-0.010671
ATP6V1A	0.17978
GRAMD1C	-0.39827
ZDHHC23	0.34433
KIAA1407	-0.48724
QTRTD1	-1.0946
DRD3	-1.3349
ZNF80	0.017361
TIGIT	-0.79071
ZBTB20	0.5331
GAP43	-0.21447
LSAMP	1.7349
IGSF11	0.35092
C3orf30	-0.64769
UPK1B	-0.73467
B4GALT4	-1.4032
ARHGAP31	-1.1273
TMEM39A	-0.13802
POGLUT1	-0.37455
TIMMDC1	-0.17512
CD80	-0.37317
ADPRH	0.090371
PLA1A	-0.4329
POPDC2	-0.49814
COX17	-0.95354
MAATS1	1.4068
NR1I2	0.30343
GSK3B	1.5142
GPR156	0.56033
LRRC58	1.3254
FSTL1	0.70049
NDUFB4	1.0383
HGD	1.5693
RABL3	1.823
GTF2E1	1.7768
STXBP5L	-0.1703
POLQ	0.24445
ARGFX	1.5481
FBXO40	0.63706
HCLS1	0.17982
GOLGB1	0.95248
IQCB1	1.0507
EAF2	1.4016
SLC15A2	-0.10891
ILDR1	0.7279
CD86	1.1617
CASR	-0.26627
CSTA	-0.010052
CCDC58	0.66247
FAM162A	0.81507
WDR5B	0.8582
KPNA1	0.99422
PARP9	1.1063
DTX3L	-0.1288
PARP15	-1.8107
PARP14	-0.6886
HSPBAP1	-0.39206
DIRC2	0.063632
SEMA5B	1.9319
PDIA5	0.5854
SEC22A	0.079232
ADCY5	0.39295
HACD2	-1.113
MYLK	0.80881
CCDC14	1.3342
ROPN1	0.35014
KALRN	0.2487
UMPS	-1.6581
ITGB5	-2.1293
MUC13	-0.5289
HEG1	-0.32197
SLC12A8	2.2867
ZNF148	-0.43294
SNX4	-1.3151
OSBPL11	-0.86062
LOC105374312	-0.040296
ALG1L	0.98464
ROPN1B	0.0053241
SLC41A3	-0.6357
ALDH1L1	0.62541
LOC105374086	0.92036
KLF15	0.050572
CCDC37	0.15562
LOC105374089	0.35182
ZXDC	0.79965
UROC1	-0.40968
C3orf22	-1.8282
CHST13	-1.6645
TXNRD3NB	-0.31723
TXNRD3	0.17892
CHCHD6	-0.32927
LOC105374091	-0.14871
PLXNA1	0.015976
C3orf56	0.45636
TPRA1	2.6151
MCM2	2.6143
PODXL2	2.4368
ABTB1	2.3097
MGLL	1.2595
KBTBD12	0.71982
SEC61A1	3.0142
RUVBL1	2.7229
EEFSEC	1.3765
DNAJB8	0.1197
GATA2	1.0093
RPN1	1.7163
RAB7A	0.33219
ACAD9	0.15991
KIAA1257	-0.31134
EFCC1	-0.38647
GP9	-0.83488
RAB43	-0.67705
ISY1-RAB43	-0.84994
ISY1	-0.98121
CNBP	-0.46834
COPG1	0.015423
HMCES	0.070807
H1FX	0.015758
EFCAB12	1.5568
MBD4	1.2418
IFT122	1.2262
RHO	1.629
H1FOO	1.3132
PLXND1	-0.0084782
TMCC1	0.65723
TRH	-0.14362
ALG1L2	-1.2663
LOC105374103	0.71944
COL6A5	0.5948
COL6A6	-0.10467
PIK3R4	0.74467
ATP2C1	0.99663
ASTE1	0.57858
NEK11	0.58838
NUDT16	0.68565
MRPL3	0.47014
CPNE4	1.9354
ACPP	1.3099
DNAJC13	-0.16364
ACAD11	-0.50552
ACKR4	-0.41577
UBA5	-0.39974
NPHP3	-0.7654
TMEM108	0.099673
BFSP2	-2.1054
CDV3	0.062138
TOPBP1	-0.44504
TF	0.0079581
SRPRB	-0.37082
RAB6B	-1.4612
C3orf36	0.76421
SLCO2A1	0.34232
RYK	2.041
AMOTL2	1.1646
ANAPC13	0.73984
CEP63	0.74601
KY	-0.0094393
EPHB1	2.5003
PPP2R3A	2.2836
MSL2	1.3539
PCCB	0.61129
STAG1	0.95722
SLC35G2	-0.12783
NCK1	-0.1429
IL20RB	-0.08081
SOX14	-0.88286
CLDN18	-0.43671
DZIP1L	0.56311
A4GNT	1.9982
DBR1	2.2175
ARMC8	1.2041
NME9	0.23119
MRAS	0.57574
ESYT3	1.8157
CEP70	2.3944
FAIM	2.0873
PIK3CB	0.96013
FOXL2	0.36222
FOXL2NB	0.46097
PRR23A	-0.062312
PRR23B	0.43544
PRR23C	-0.033873
MRPS22	0.36898
COPB2	-0.10399
RBP2	-0.24961
RBP1	-0.21088
NMNAT3	-1.1222
CLSTN2	-0.59364
TRIM42	1.7771
SLC25A36	1.0374
SPSB4	-0.60345
PXYLP1	-0.93862
ZBTB38	-1.0914
RASA2	-0.15253
LOC646730	-0.67133
RNF7	0.94786
GRK7	0.43044
ATP1B3	0.93894
TFDP2	2.0068
GK5	1.4931
XRN1	1.7468
ATR	1.2066
PLS1	1.4253
TRPC1	1.0528
PCOLCE2	-0.32864
PAQR9	-0.3559
U2SURP	-2.303
CHST2	-2.272
SLC9A9	-1.5725
C3orf58	0.52609
PLOD2	0.052024
PLSCR4	2.1097
PLSCR2	1.0472
PLSCR1	-0.020285
PLSCR5	0.34658
ZIC4	0.79521
ZIC1	0.64716
AGTR1	2.4538
CPB1	1.771
CPA3	-0.65988
GYG1	0.052079
HLTF	0.0012181
HPS3	0.25012
CP	0.37526
TM4SF18	-0.25134
TM4SF1	-1.4075
TM4SF4	0.45195
WWTR1	-1.2641
COMMD2	-0.6949
ANKUB1	-0.26793
RNF13	-0.041946
PFN2	0.20035
TMEM183B	0.42734
LOC105374313	-1.438
TSC22D2	1.1779
SERP1	1.4312
EIF2A	1.6917
SELT	0.72299
ERICH6	-0.41385
SIAH2	-0.40181
LOC105374156	2.096
CLRN1	-1.7182
MED12L	-0.63048
GPR171	0.54141
P2RY14	-0.60129
GPR87	-0.64898
P2RY13	-0.66614
P2RY12	-0.66551
IGSF10	-0.18001
AADACL2	1.6347
AADAC	-0.96627
SUCNR1	-0.98305
MBNL1	-0.059745
TMEM14E	-0.21385
P2RY1	0.86547
RAP2B	-2.1633
C3orf79	0.066398
ARHGEF26	0.22618
DHX36	0.2613
GPR149	0.7482
MME	0.754
PLCH1	0.096994
C3orf33	-0.46999
SLC33A1	-0.14506
GMPS	-0.23106
KCNAB1	0.30128
SSR3	0.073654
TIPARP	0.0031085
LEKR1	-0.46938
CCNL1	1.0679
VEPH1	0.1689
PTX3	-0.58111
PQLC2L	2.2005
SHOX2	2.9781
RSRC1	3.7632
MLF1	2.1702
GFM1	1.2527
LXN	1.0027
RARRES1	0.91393
LOC100287290	0.50792
MFSD1	1.1627
IQCJ	1.8802
IQCJ-SCHIP1	0.54546
SCHIP1	-0.75973
IL12A	-1.3334
LOC105374314	-0.21237
C3orf80	0.40342
IFT80	-0.28509
SMC4	0.076767
TRIM59	0.015538
KPNA4	-0.5229
ARL14	-0.18509
PPM1L	-0.098444
B3GALNT1	-0.32403
NMD3	-0.41693
SPTSSB	-0.58394
OTOL1	0.83073
SI	1.2619
SLITRK3	0.11172
BCHE	0.24239
ZBBX	2.0219
SERPINI2	0.36933
WDR49	-0.31387
PDCD10	-0.62608
SERPINI1	0.0014871
GOLIM4	1.2411
MECOM	-0.63101
ACTRT3	0.75857
MYNN	0.58475
LRRC34	0.51766
LRRIQ4	1.0279
LRRC31	1.1603
SAMD7	1.6936
SEC62	2.3261
GPR160	1.7948
PHC3	1.1609
PRKCI	-0.9406
SKIL	-0.9219
CLDN11	0.084879
SLC7A14	0.099489
RPL22L1	-0.18301
EIF5A2	-0.22303
SLC2A2	1.4603
TNIK	-0.54518
PLD1	0.77459
TMEM212	2.0672
FNDC3B	-0.78279
GHSR	0.00080828
TNFSF10	0.14282
NCEH1	-0.39722
ECT2	-0.44884
SPATA16	0.23132
NLGN1	0.064027
NAALADL2	1.2592
TBL1XR1	0.67286
KCNMB2	-0.49163
ZMAT3	1.5683
PIK3CA	0.38913
KCNMB3	1.1096
ZNF639	1.296
MFN1	0.33491
GNB4	0.31299
ACTL6A	1.3521
MRPL47	1.271
NDUFB5	1.7467
USP13	1.2393
PEX5L	-1.5119
TTC14	1.7237
CCDC39	1.539
FXR1	0.062655
DNAJC19	-0.26302
SOX2	2.377
ATP11B	0.92179
DCUN1D1	-0.34088
MCCC1	-0.79036
LAMP3	-0.48613
MCF2L2	-0.011738
B3GNT5	-0.49393
KLHL6	-0.4119
KLHL24	0.047389
YEATS2	2.3212
MAP6D1	2.4104
PARL	2.0747
ABCC5	0.81724
HTR3D	1.5524
HTR3C	2.6637
HTR3E	2.757
EIF2B5	1.6895
DVL3	1.0472
AP2M1	0.93469
ABCF3	0.67694
VWA5B2	-0.35939
ALG3	-0.61037
ECE2	0.48062
CAMK2N2	-0.50734
PSMD2	1.061
EIF4G1	1.0287
FAM131A	0.89189
CLCN2	0.67325
POLR2H	0.18667
THPO	0.24721
CHRD	0.38362
LOC105374250	-0.58387
EPHB3	0.84711
MAGEF1	0.39201
VPS8	0.19254
C3orf70	1.1523
EHHADH	-0.83607
MAP3K13	-2.8209
TMEM41A	0.06854
LIPH	-0.70042
SENP2	0.46692
IGF2BP2	-1.3031
TRA2B	0.40757
ETV5	-1.8468
DGKG	0.26377
CRYGS	-0.81286
TBCCD1	-1.1189
DNAJB11	-0.57624
AHSG	-0.93098
FETUB	-0.65689
HRG	0.61907
KNG1	1.5796
EIF4A2	0.26622
RFC4	0.5178
ADIPOQ	-2.6635
ST6GAL1	0.51521
RPL39L	-0.39476
RTP1	0.072367
MASP1	-0.15077
RTP4	0.90886
SST	1.5222
RTP2	-0.051847
BCL6	0.504
LPP	0.77971
TPRG1	0.32698
TP63	-1.532
P3H2	0.10434
CLDN1	0.81397
CLDN16	-0.036737
TMEM207	0.37372
IL1RAP	0.45949
GMNC	0.85635
OSTN	2.4356
UTS2B	1.3007
CCDC50	-1.7395
PYDC2	1.8071
FGF12	1.3636
LOC105374278	-0.036656
MB21D2	-0.82553
HRASLS	1.0839
ATP13A5	0.65506
ATP13A4	0.30894
OPA1	-0.1996
LOC102724877	0.12115
HES1	1.0827
CPN2	0.26976
LRRC15	0.73302
GP5	-0.23359
ATP13A3	-0.16646
TMEM44	1.9329
LSG1	2.7267
FAM43A	1.1059
XXYLT1	-0.27815
ACAP2	1.0603
PPP1R2	-0.89939
APOD	-0.048449
MUC20	-1.5779
MUC4	0.65851
LOC105374299	0.78166
TNK2	-0.0014091
LOC105374301	0.73649
TFRC	-0.46975
ZDHHC19	0.094689
SLC51A	0.23456
PCYT1A	0.33573
TCTEX1D2	0.59063
TM4SF19	0.081308
UBXN7	0.58127
RNF168	1.1817
SMCO1	2.0591
WDR53	0.74655
FBXO45	0.89662
NRROS	-0.75152
CEP19	-1.3664
PIGX	-0.39306
PAK2	0.76767
SENP5	1.1516
NCBP2	0.15775
PIGZ	1.0276
MFI2	1.5237
DLG1	1.197
BDH1	0.54443
KIAA0226	-0.93069
FYTTD1	-1.4626
LRCH3	-1.2979
IQCG	-0.045731
RPL35A	0.11319
LMLN	1.0675
FAM157A	0.13125
ZNF595	-0.011076
ZNF718	-1.2842
ZNF732	1.3327
ZNF141	0.15822
ZNF721	-0.045186
PIGG	0.80316
PDE6B	1.991
ATP5I	1.157
MYL5	1.1645
MFSD7	1.3764
PCGF3	1.8962
CPLX1	2.6259
GAK	0.46447
TMEM175	-0.26289
DGKQ	0.11922
SLC26A1	-0.068784
IDUA	0.18604
FGFRL1	1.1101
LOC105374379	2.1256
RNF212	0.16047
SPON2	1.799
LOC101928548	2.2168
CTBP1	2.2672
MAEA	1.7724
LOC101928621	1.4302
UVSSA	1.4061
CRIPAK	1.5356
NKX1-1	1.3711
FAM53A	0.47958
SLBP	1.6276
TMEM129	1.3497
TACC3	1.3908
FGFR3	0.73156
LETM1	1.7598
WHSC1	1.5086
NELFA	0.52088
C4orf48	0.77875
NAT8L	2.022
POLN	1.2656
HAUS3	-0.19057
MXD4	-0.99089
ZFYVE28	0.55933
CFAP99	-0.61797
RNF4	-0.17533
FAM193A	1.4392
TNIP2	1.8701
SH3BP2	0.12519
ADD1	-0.051275
MFSD10	0.80883
NOP14	1.4668
GRK4	1.3361
HTT	-0.39464
MSANTD1	-0.72237
RGS12	-0.23972
HGFAC	-2.1977
DOK7	-0.44748
LRPAP1	0.15653
LOC105374357	-0.82406
ADRA2C	-0.20595
OTOP1	0.7297
TMEM128	2.4581
LYAR	-0.38034
ZBTB49	-0.49569
NSG1	-0.1372
STX18	-0.64923
MSX1	-0.58048
CYTL1	0.78679
STK32B	0.39024
EVC2	-0.22455
EVC	0.49162
CRMP1	2.0774
C4orf50	0.77859
LOC105374380	0.22121
JAKMIP1	0.92356
WFS1	1.2773
PPP2R2C	-0.6837
MAN2B2	-0.58661
MRFAP1	-0.49948
S100P	0.11533
MRFAP1L1	0.024866
BLOC1S4	-0.74399
KIAA0232	-0.59833
TBC1D14	0.60595
CCDC96	-0.30283
TADA2B	-1.1322
GRPEL1	-2.0824
SORCS2	1.2632
PSAPL1	-0.36536
AFAP1	0.43921
LOC105374372	1.6073
LOC389199	1.5677
ABLIM2	-1.2308
SH3TC1	0.98678
HTRA3	0.58293
ACOX3	-1.2379
TRMT44	-0.63561
GPR78	-0.89026
CPZ	-0.77506
HMX1	1.2565
LOC105374474	-0.26465
LOC650293	0.21465
FAM86KP	-0.042256
USP17L30	-1.6644
DEFB131	-0.064303
LOC101928948	0.18893
SLC2A9	0.61475
DRD5	0.38237
WDR1	0.89325
ZNF518B	0.99119
CLNK	0.74385
HS3ST1	0.16263
RAB28	0.57205
NKX3-2	0.6289
BOD1L1	0.6712
CPEB2	1.6905
C1QTNF7	0.62721
CC2D2A	0.50232
FBXL5	0.21119
FAM200B	0.20953
BST1	-0.22985
CD38	-1.1711
FGFBP1	-1.6352
FGFBP2	-0.49297
PROM1	-0.69269
TAPT1	-0.28348
LDB2	-0.21258
QDPR	0.70124
CLRN2	-0.20702
LAP3	-1.6335
MED28	-1.9802
FAM184B	-1.2611
DCAF16	1.459
NCAPG	1.5332
LCORL	0.48309
SLIT2	0.78898
PACRGL	1.1084
KCNIP4	0.089779
ADGRA3	2.4987
GBA3	-0.9199
PPARGC1A	-0.29162
DHX15	-1.4765
SOD3	1.1224
CCDC149	0.50782
LGI2	1.9202
SEPSECS	0.044919
PI4K2B	0.82043
ZCCHC4	1.2358
ANAPC4	0.73577
SLC34A2	0.61217
SEL1L3	2.1936
SMIM20	0.852
RBPJ	0.77014
CCKAR	-1.6245
TBC1D19	-1.4666
STIM2	0.56186
PCDH7	-0.46054
ARAP2	-0.80347
DTHD1	2.0302
NWD2	-0.58843
C4orf19	0.54477
RELL1	-0.6163
PGM2	1.0776
TBC1D1	1.1343
PTTG2	2.3102
LOC102723415	0.17629
KLF3	-1.4358
TLR10	-0.56951
TLR1	-1.3018
TLR6	-0.29059
FAM114A1	0.46465
TMEM156	-1.213
KLHL5	-1.5158
WDR19	-0.2827
RFC1	0.12378
KLB	1.8202
RPL9	1.9423
LIAS	1.7107
UGDH	1.8909
SMIM14	0.2152
UBE2K	1.7851
PDS5A	0.91521
N4BP2	0.36213
RHOH	0.12614
CHRNA9	-0.26853
RBM47	1.8373
NSUN7	0.43911
APBB2	0.45558
UCHL1	1.6005
LIMCH1	2.0984
PHOX2B	-1.0354
TMEM33	0.64837
DCAF4L1	2.8853
SLC30A9	3.5715
BEND4	2.7722
SHISA3	1.5487
ATP8A1	0.48603
GRXCR1	-2.4165
KCTD8	0.32223
YIPF7	-0.020448
GUF1	0.50187
GNPDA2	0.41651
GABRG1	-0.70384
GABRA2	0.55876
COX7B2	0.57242
GABRA4	1.2404
GABRB1	-1.1875
COMMD8	0.51741
ATP10D	-0.90497
CORIN	0.24413
NFXL1	-1.2148
CNGA1	-1.1509
NIPAL1	-0.65118
TXK	-1.1103
TEC	0.22228
SLAIN2	-0.054877
SLC10A4	0.64325
ZAR1	0.65713
FRYL	-0.37513
OCIAD1	-0.07803
OCIAD2	0.75816
CWH43	0.41123
DCUN1D4	0.38084
LRRC66	0.66436
SGCB	1.1517
SPATA18	0.33034
USP46	-0.36848
ERVMER34-1	-0.49226
RASL11B	-0.44216
SCFD2	1.0686
FIP1L1	1.0866
LNX1	0.0040434
LOC101928879	-1.0376
CHIC2	-0.60292
GSX2	-0.43304
PDGFRA	-0.053498
KIT	1.0137
KDR	-0.027775
SRD5A3	0.72347
TMEM165	1.7682
CLOCK	1.9821
PDCL2	1.5384
NMU	1.064
EXOC1	1.147
CEP135	-1.1504
KIAA1211	1.7212
AASDH	0.89131
PPAT	0.98051
LOC100506514	0.87474
PAICS	0.89735
SRP72	0.18808
ARL9	-0.2002
THEGL	-1.7294
HOPX	-1.433
SPINK2	0.27303
REST	1.598
NOA1	0.86153
POLR2B	0.41003
IGFBP7	-0.51018
ADGRL3	2.4839
TECRL	1.134
EPHA5	1.366
CENPC	-1.017
STAP1	-0.30555
UBA6	0.65799
GNRHR	0.55643
TMPRSS11D	0.65766
TMPRSS11A	0.27604
TMPRSS11F	-0.4389
TMPRSS11B	-0.38801
YTHDC1	0.0091054
TMPRSS11E	-0.41265
UGT2B15	-1.2633
UGT2B10	-1.056
UGT2A3	-1.7294
UGT2B7	-1.9239
LOC105377267	-1.2846
UGT2B11	-1.637
UGT2B4	0.48572
UGT2A2	-0.06559
UGT2A1	-0.18243
SULT1B1	0.74277
SULT1E1	0.3412
CSN1S1	0.024765
CSN2	0.45887
STATH	1.0081
HTN3	1.1561
HTN1	0.7355
PRR27	-0.36386
ODAM	0.25336
FDCSP	0.33025
CSN3	0.71928
CABS1	2.2001
SMR3A	1.6996
SMR3B	2.0732
PROL1	1.7372
MUC7	2.8756
AMTN	2.9858
AMBN	1.3555
ENAM	-0.16004
JCHAIN	-0.72383
UTP3	-0.93186
RUFY3	-0.60658
GRSF1	-0.81572
MOB1B	0.53784
DCK	0.67864
SLC4A4	0.31038
GC	1.3979
NPFFR2	-0.69139
ADAMTS3	-0.40861
COX18	-2.1134
ANKRD17	-2.3752
ALB	-0.89686
AFP	-1.5167
AFM	0.63821
RASSF6	0.75012
CXCL8	0.0056098
CXCL6	0.42566
PF4V1	0.6179
CXCL1	-0.53969
PF4	0.92413
PPBP	0.98234
CXCL5	0.72633
CXCL3	0.5287
CXCL2	-0.64247
MTHFD2L	-1.1525
EPGN	-2.1266
EREG	0.47544
AREG	1.0985
BTC	-1.0052
PARM1	1.2784
RCHY1	-0.42632
THAP6	-0.8626
C4orf26	-0.7366
CDKL2	1.2382
G3BP2	0.29544
USO1	0.51087
PPEF2	1.3687
NAAA	1.2414
SDAD1	-0.46288
CXCL9	-0.089107
ART3	0.74371
CXCL10	0.37525
CXCL11	0.458
NUP54	1.4919
SCARB2	1.1557
FAM47E	0.74201
FAM47E-STBD1	1.209
STBD1	2.1543
CCDC158	1.9236
SHROOM3	0.33619
SOWAHB	1.1445
SEPT11	-0.3924
CCNI	-0.089327
CCNG2	1.458
CXCL13	1.0033
CNOT6L	0.63215
MRPL1	1.267
FRAS1	-0.49634
ANXA3	-0.45765
BMP2K	-1.0634
PAQR3	-0.89773
NAA11	0.38777
GK2	1.3506
ANTXR2	-0.21395
PRDM8	-0.77548
FGF5	-1.2385
C4orf22	-0.39879
BMP3	1.0222
PRKG2	2.4572
RASGEF1B	0.98126
HNRNPD	3.3954
HNRNPDL	0.81625
ENOPH1	1.0933
LOC105377310	1.1097
TMEM150C	0.63207
SCD5	-0.37905
SEC31A	-0.53383
THAP9	-0.84774
LIN54	-1.1899
COPS4	-0.51728
PLAC8	-0.33676
COQ2	-0.89898
HPSE	-0.61014
HELQ	-0.49405
MRPS18C	-1.1417
FAM175A	-0.57127
AGPAT9	-1.0623
NKX6-1	-0.037726
CDS1	-0.535
WDFY3	1.6641
ARHGAP24	0.50823
MAPK10	0.86499
PTPN13	1.0283
SLC10A6	0.4141
C4orf36	-0.15252
AFF1	-1.4424
KLHL8	0.57215
HSD17B13	0.26737
HSD17B11	0.68308
NUDT9	0.56353
SPARCL1	1.445
DSPP	-0.67897
DMP1	1.1234
IBSP	1.034
MEPE	0.48357
SPP1	-0.17218
PKD2	-0.22283
ABCG2	-0.57099
PPM1K	-0.54236
HERC6	-0.3529
HERC5	-0.35678
PYURF	0.62708
PIGY	0.62708
HERC3	-0.40927
NAP1L5	-0.46564
FAM13A	-0.19151
TIGD2	1.516
GPRIN3	0.95795
SNCA	2.0897
MMRN1	2.6148
CCSER1	-0.036283
GRID2	1.9052
ATOH1	-0.64872
SMARCAD1	-0.80401
HPGDS	-1.3541
PDLIM5	0.68254
BMPR1B	-1.5269
UNC5C	0.010744
PDHA2	0.26621
STPG2	1.8799
RAP1GDS1	1.2293
TSPAN5	0.93901
EIF4E	-0.4846
METAP1	1.1433
ADH5	0.78483
ADH4	-0.68005
ADH6	0.05498
ADH1A	0.031563
ADH1B	-0.042802
ADH1C	0.76667
ADH7	-0.053537
C4orf17	-1.0872
TRMT10A	-0.51809
MTTP	-1.0197
LOC285556	-1.5767
DAPP1	-0.64821
LAMTOR3	0.032585
DNAJB14	0.14182
H2AFZ	0.24491
DDIT4L	1.8536
EMCN	-0.43529
PPP3CA	0.75991
BANK1	0.32863
SLC39A8	0.72723
LOC105377621	2.2635
NFKB1	1.4096
MANBA	3.9701
UBE2D3	3.6034
CISD2	3.6459
SLC9B1	3.3553
SLC9B2	2.5595
BDH2	1.0095
CENPE	0.53819
TACR3	0.30955
CXXC4	3.1214
TET2	-0.11554
PPA2	0.62525
ARHGEF38	0.19644
INTS12	0.34952
GSTCD	0.37689
NPNT	0.043525
TBCK	-1.2228
AIMP1	-1.6723
GIMD1	-0.54122
DKK2	0.50947
PAPSS1	1.5669
SGMS2	-1.1909
CYP2U1	0.20466
HADH	-0.39466
LEF1	-0.62048
RPL34	1.3291
OSTC	0.11153
ETNPPL	-1.2616
COL25A1	0.5928
SEC24B	0.22172
CCDC109B	-0.064282
CASP6	0.1728
PLA2G12A	0.18225
CFI	-0.17733
GAR1	0.42179
RRH	0.8055
LRIT3	0.64179
EGF	1.8851
ELOVL6	1.8109
ENPEP	0.6866
PITX2	-2.0766
LOC105377368	0.42968
C4orf32	-1.3472
AP1AR	-0.80723
TIFA	-0.81215
ALPK1	2.1354
NEUROG2	2.005
ZGRF1	1.6201
LARP7	1.0563
ANK2	0.058952
CAMK2D	-0.15789
ARSJ	0.38607
UGT8	-0.85568
NDST4	1.0477
TRAM1L1	2.6439
NDST3	0.95457
PRSS12	1.9496
METTL14	1.664
SEC24D	2.0069
SYNPO2	1.1359
MYOZ2	-0.98848
USP53	-0.19903
C4orf3	0.86143
FABP2	0.80795
PDE5A	0.29185
MAD2L1	-0.25071
PRDM5	1.4796
NDNF	-1.234
TNIP3	0.44337
QRFPR	-0.99447
ANXA5	1.3499
TMEM155	2.1604
EXOSC9	2.0379
CCNA2	2.0844
BBS7	2.1547
TRPC3	2.2714
KIAA1109	-0.25408
ADAD1	-1.198
IL2	-1.1186
IL21	-1.6238
BBS12	0.89232
FGF2	0.54701
NUDT6	0.93215
SPATA5	1.4245
SPRY1	0.23328
ANKRD50	-0.036453
FAT4	-0.34776
INTU	-0.044227
SLC25A31	0.78113
HSPA4L	0.94749
PLK4	0.85743
MFSD8	0.47098
C4orf29	0.29608
LARP1B	0.2453
PGRMC2	-0.52273
JADE1	-2.0638
SCLT1	-2.1416
C4orf33	-1.9457
PCDH10	0.64812
PABPC4L	-0.13115
PCDH18	0.1384
SLC7A11	0.52902
CCRN4L	-3.5081
ELF2	-2.4203
MGARP	-1.7347
NDUFC1	-2.9975
NAA15	-2.7499
RAB33B	-2.3883
SETD7	-0.44707
LOC105377622	-0.45797
MGST2	-0.88806
MAML3	-0.72763
SCOC	2.5094
CLGN	2.2792
MGAT4D	1.1083
ELMOD2	0.22367
UCP1	0.23002
TBC1D9	0.21903
RNF150	-0.68105
ZNF330	-0.12807
IL15	0.24137
INPP4B	-1.5188
LOC105377623	2.3208
USP38	2.2494
GAB1	1.4267
SMARCA5	0.14678
FREM3	0.32094
GYPE	-1.4732
GYPB	-0.64439
GYPA	-1.7443
HHIP	-0.098229
ANAPC10	-0.8153
ABCE1	0.087947
OTUD4	-0.33167
SMAD1	1.5519
MMAA	0.39632
C4orf51	0.87503
ZNF827	0.10401
LSM6	0.51424
SLC10A7	-1.4321
POU4F2	0.59352
TTC29	-1.8188
EDNRA	-0.10936
TMEM184C	-2.6068
PRMT9	-3.2065
ARHGAP10	-0.69351
NR3C2	1.637
LOC285423	0.65689
DCLK2	0.13753
LRBA	0.24748
MAB21L2	-0.34868
RPS3A	1.4494
SH3D19	1.7522
PRSS48	0.80534
FAM160A1	2.5455
GATB	2.7553
FBXW7	2.2463
TMEM154	-0.053123
TIGD4	1.66
ARFIP1	0.78054
FHDC1	-0.061905
TRIM2	1.0199
MND1	1.3413
KIAA0922	-0.53974
TLR2	0.067206
RNF175	1.0177
SFRP2	0.60368
DCHS2	-0.98403
PLRG1	0.28159
FGB	1.584
FGA	-0.90185
FGG	0.25538
LRAT	0.05037
RBM46	0.61194
NPY2R	-1.3144
MAP9	-1.8629
GUCY1A3	-0.36011
GUCY1B3	-2.5975
ASIC5	-0.38975
TDO2	0.085667
CTSO	-0.70597
PDGFC	-0.3091
GLRB	0.12278
GRIA2	1.4973
FAM198B	-1.4247
TMEM144	1.4085
RXFP1	1.7465
C4orf46	1.8207
ETFDH	1.8523
PPID	1.4805
FNIP2	0.63704
C4orf45	0.87614
RAPGEF2	0.4845
FSTL5	-0.73792
NAF1	-1.4203
NPY1R	0.14038
NPY5R	-0.11142
TKTL2	0.79172
TMA16	0.67406
MARCH1	3.1207
ANP32C	2.1951
APELA	0.19086
LOC101059914	0.56413
TRIM61	1.0662
FAM218A	0.54858
TRIM60	-0.09384
TMEM192	-1.7574
KLHL2	-0.43646
MSMO1	-1.4985
CPE	-0.29408
TLL1	-0.9691
SPOCK3	-0.5871
ANXA10	1.159
DDX60	-0.54745
DDX60L	1.2814
PALLD	0.98267
CBR4	0.059064
SH3RF1	0.51822
NEK1	0.092693
CLCN3	0.45636
C4orf27	1.0424
MFAP3L	2.4469
AADAT	2.5533
LOC105377532	2.2349
GALNTL6	0.92966
GALNT7	1.1978
HMGB2	0.61373
SAP30	0.55234
SCRG1	2.2966
HAND2	-0.35942
LOC105377542	0.93222
FBXO8	0.58078
CEP44	1.2704
HPGD	3.0817
GLRA3	0.86954
ADAM29	0.07301
GPM6A	0.55652
WDR17	-0.93099
SPATA4	-0.38212
ASB5	-2.4353
SPCS3	-2.1307
VEGFC	-1.0224
NEIL3	1.2747
AGA	-0.0023588
LOC285500	-0.27567
TENM3	0.40901
DCTD	0.21303
WWC2	-2.3439
CLDN22	-1.5787
CLDN24	-1.5387
CDKN2AIP	-0.89243
ING2	-0.8583
RWDD4	2.318
TRAPPC11	0.19985
STOX2	-0.047807
ENPP6	1.026
IRF2	-0.44078
CASP3	0.78425
PRIMPOL	0.34165
CENPU	0.67102
ACSL1	0.39117
HELT	2.3328
SLC25A4	0.14248
CFAP97	1.0526
SNX25	-0.17454
LRP2BP	-1.0163
ANKRD37	-0.70798
UFSP2	-0.82905
C4orf47	-1.0946
CCDC110	-0.62683
PDLIM3	1.2924
LOC105377624	0.83549
SORBS2	-0.85235
TLR3	-0.63087
LOC105377594	0.4836
FAM149A	0.55268
LOC105377595	0.59074
CYP4V2	0.9365
KLKB1	1.6255
F11	1.5864
LOC102723888	-0.080005
MTNR1A	0.27761
FAT1	0.36377
ZFP42	-0.14931
TRIML2	0.87247
TRIML1	-1.4267
FRG1	0.73033
FRG2	1.6768
LOC105374752	-0.093203
PLEKHG4B	0.76397
LRRC14B	1.8718
CCDC127	3.2503
SDHA	3.3516
PDCD6	3.3188
AHRR	1.1157
EXOC3	0.86225
SLC9A3	0.34748
CEP72	-2.367
TPPP	-1.2697
LOC101929895	-2.0509
ZDHHC11B	-0.83226
ZDHHC11	0.15335
BRD9	0.45991
TRIP13	0.56911
NKD2	0.26317
SLC12A7	0.91492
LOC101928793	-0.41066
SLC6A19	-0.34791
SLC6A18	-1.1509
TERT	-0.35978
CLPTM1L	-0.32548
SLC6A3	-2.9184
LPCAT1	-0.30004
MRPL36	-0.51504
NDUFS6	-0.63542
IRX4	1.0612
IRX2	0.4231
C5orf38	0.84909
LOC105374620	0.61692
IRX1	1.0976
ADAMTS16	0.77933
ICE1	-0.29711
LOC105374638	0.91686
MED10	1.3255
UBE2QL1	0.99434
NSUN2	0.041027
SRD5A1	-0.5664
PAPD7	0.87858
ADCY2	0.3171
C5orf49	0.31128
MTRR	0.39233
FASTKD3	0.5591
SEMA5A	1.1208
TAS2R1	2.3142
FAM173B	-1.3588
CCT5	-0.43021
CMBL	1.5279
MARCH6	-0.32577
ROPN1L	-1.7651
LOC105369214	-0.69433
ANKRD33B	-0.088914
DAP	-0.22177
CTNND2	1.624
DNAH5	-0.23165
TRIO	-0.19655
FAM105A	0.19297
OTULIN	0.28007
ANKH	-1.029
FBXL7	-0.46534
MARCH11	-0.70157
ZNF622	0.9458
FAM134B	-1.1053
MYO10	1.8338
BASP1	0.46828
CDH18	1.0982
LOC100506217	0.6562
CDH12	-2.0029
PRDM9	-1.7974
CDH10	0.41684
LOC105374693	2.2328
CDH9	0.69783
LOC105374700	0.43857
CDH6	0.53235
DROSHA	-0.07635
C5orf22	0.8395
PDZD2	1.3166
GOLPH3	-0.35609
MTMR12	0.88604
ZFR	-0.48189
SUB1	-1.0353
NPR3	0.33017
TARS	1.7988
ADAMTS12	0.22933
RXFP3	1.0925
SLC45A2	-0.61604
AMACR	0.49896
C1QTNF3	0.11699
LOC105374753	-1.3414
RAI14	-1.3744
TTC23L	-0.6381
RAD1	-0.29762
BRIX1	-0.51589
DNAJC21	-0.76026
AGXT2	0.62273
PRLR	2.1849
SPEF2	-0.41344
IL7R	0.69902
CAPSL	0.39286
UGT3A1	-0.27362
UGT3A2	-0.42078
LMBRD2	0.59077
SKP2	0.7401
NADK2	-0.1951
RANBP3L	-0.37944
SLC1A3	-0.9266
NIPBL	-0.65936
C5orf42	-1.1905
NUP155	-0.098
WDR70	-0.92611
GDNF	1.8056
GDNF-AS1	1.7783
EGFLAM	2.1633
LIFR	2.1181
OSMR	0.63803
RICTOR	-0.59433
FYB	1.2745
C9	0.95474
DAB2	1.2683
PTGER4	-0.34548
TTC33	-0.88865
PRKAA1	-0.23846
RPL37	-0.16989
CARD6	0.39251
C7	-0.63462
MROH2B	0.08179
C6	0.70602
PLCXD3	-2.3726
OXCT1	-1.2506
C5orf51	-2.3971
FBXO4	-1.8586
GHR	0.50822
CCDC152	-0.77325
SEPP1	-0.94344
ANXA2R	0.77248
ZNF131	1.7439
NIM1K	0.62624
HMGCS1	1.0293
CCL28	0.43454
C5orf28	0.0606
C5orf34	-0.40223
PAIP1	-0.12352
NNT	0.14341
FGF10	-0.94792
MRPS30	-0.41734
HCN1	0.24291
EMB	-1.6765
PARP8	-1.3538
ISL1	1.166
PELO	0.0066069
ITGA1	2.2653
ITGA2	1.1841
MOCS2	1.7288
FST	1.1243
NDUFS4	2.5503
ARL15	-0.15895
HSPB3	-0.074901
SNX18	0.70913
ESM1	1.4537
GZMK	-0.90398
GZMA	2.2824
CDC20B	3.0561
GPX8	2.2836
MCIDAS	2.0047
CCNO	1.6592
DHX29	0.45095
SKIV2L2	1.0586
PPAP2A	1.1344
SLC38A9	-0.32164
DDX4	-1.2444
IL31RA	-0.023833
IL6ST	-1.2554
ANKRD55	0.45613
C5orf67	1.6132
LOC105378979	0.69212
MAP3K1	1.3072
SETD9	0.56099
MIER3	0.39973
GPBP1	1.3932
ACTBL2	0.12259
PLK2	0.90978
GAPT	1.676
RAB3C	1.8717
PDE4D	0.10531
DEPDC1B	2.2419
ELOVL7	1.5689
ERCC8	0.77211
NDUFAF2	0.57912
SMIM15	0.60801
LOC105378994	1.4316
ZSWIM6	2.1271
C5orf64	2.5115
KIF2A	-0.19581
DIMT1	0.083992
IPO11	0.037314
LRRC70	-0.53826
HTR1A	-0.039777
RNF180	1.4269
RGS7BP	2.9202
FAM159B	1.4089
SREK1IP1	1.2912
CWC27	-0.20592
ADAMTS6	0.91879
CENPK	-0.25824
PPWD1	-0.29764
TRIM23	-0.15496
TRAPPC13	-0.29759
SGTB	0.22885
NLN	-0.3563
ERBB2IP	-1.1954
SREK1	0.2173
MAST4	-0.10732
CD180	0.52138
PIK3R1	0.84596
SLC30A5	-0.70452
CCNB1	-1.4066
CENPH	-1.0094
MRPS36	-0.87438
CDK7	-0.34632
CCDC125	-0.29837
AK6	-0.50631
TAF9	-0.57938
RAD17	-0.43199
MARVELD2	-0.45286
OCLN	-1.103
GTF2H2C	-2.3191
NAIP	-1.223
BDP1	-2.191
MCCC2	-0.85068
CARTPT	-0.66048
MAP1B	0.099366
MRPS27	-0.047992
PTCD2	-0.64088
ZNF366	-1.2527
TNPO1	0.62478
FCHO2	1.0761
LOC105379029	0.89169
TMEM171	0.4487
TMEM174	1.2133
FOXD1	0.96789
BTF3	-0.75597
ANKRA2	-0.60033
UTP15	-0.46653
ARHGEF28	-0.3522
ENC1	0.23219
HEXB	0.14765
GFM2	0.8433
NSA2	0.65019
FAM169A	0.46955
GCNT4	-0.58056
ANKRD31	-0.35412
HMGCR	-0.141
COL4A3BP	-0.24451
POLK	-0.42327
ANKDD1B	0.13897
POC5	0.53662
SV2C	-1.5359
IQGAP2	0.79542
F2RL2	1.1332
F2R	-0.7043
F2RL1	1.1205
S100Z	0.51006
CRHBP	0.90863
AGGF1	-1.8782
ZBED3	-1.0939
PDE8B	0.96311
WDR41	-0.37261
OTP	-0.48271
TBCA	1.6334
LOC105379045	1.549
AP3B1	0.70869
SCAMP1	3.0772
LHFPL2	3.2277
ARSB	1.7264
DMGDH	0.50328
BHMT2	-0.061544
BHMT	0.38019
JMY	1.351
HOMER1	0.28135
LOC105379046	1.0918
PAPD4	-0.99451
CMYA5	-1.3923
MTX3	0.85886
THBS4	0.11232
SERINC5	1.6703
SPZ1	-0.21109
ZFYVE16	-1.3508
FAM151B	-1.0384
ANKRD34B	-0.52972
DHFR	0.86705
MTRNR2L2	0.77705
MSH3	0.5067
RASGRF2	1.3511
CKMT2	1.2243
ZCCHC9	0.12327
ACOT12	1.1225
SSBP2	1.3051
ATG10	2.528
RPS23	1.815
ATP6AP1L	1.6496
TMEM167A	-0.5349
XRCC4	-0.24343
VCAN	-1.488
LOC105379054	-1.2845
HAPLN1	-1.2942
EDIL3	-0.057064
COX7C	0.71716
RASA1	1.5586
CCNH	1.4705
TMEM161B	3.2943
MEF2C	0.49695
LOC105379072	1.8733
CETN3	1.1861
MBLAC2	0.0021178
POLR3G	-0.73844
LYSMD3	-1.1914
ADGRV1	-0.17392
ARRDC3	-1.6537
NR2F1	0.38343
FAM172A	0.66347
POU5F2	0.78322
KIAA0825	-0.59797
ANKRD32	0.54725
MCTP1	0.7245
FAM81B	1.2841
TTC37	0.018499
ARSK	0.57761
GPR150	0.18613
RFESD	-0.20034
SPATA9	-0.23546
RHOBTB3	1.7812
GLRX	1.6979
ELL2	0.29281
PCSK1	0.20681
CAST	0.86179
ERAP1	2.8667
ERAP2	1.4351
LOC101929747	1.063
LNPEP	1.5415
LIX1	-0.12353
RIOK2	-1.3298
RGMB	0.13109
CHD1	1.4378
LOC100652833	0.69831
LOC441098	1.6395
FAM174A	0.43491
ST8SIA4	-0.77135
SLCO4C1	-0.12675
SLCO6A1	0.14423
PAM	0.34242
GIN1	0.78432
PPIP5K2	1.2483
C5orf30	1.3228
LOC105379197	0.12773
NUDT12	2.5744
EFNA5	1.4748
FBXL17	1.5384
FER	0.074215
PJA2	0.94391
MAN2A1	1.6626
TMEM232	0.9172
SLC25A46	0.52425
TSLP	-0.36881
WDR36	-0.6682
CAMK4	0.3682
STARD4	-0.15504
NREP	2.3424
EPB41L4A	1.2352
APC	1.4463
SRP19	1.1564
REEP5	1.2068
DCP2	-1.0636
MCC	0.0093438
TSSK1B	-1.4851
YTHDC2	-1.9166
KCNN2	3.2605
TRIM36	0.061231
PGGT1B	0.28409
CCDC112	0.58589
FEM1C	-0.98073
TICAM2	-0.0073875
TMED7-TICAM2	-0.087716
TMED7	-0.18906
CDO1	-0.19408
ATG12	0.55956
AP3S1	-0.19347
LVRN	-0.095615
ARL14EPL	-0.21353
COMMD10	1.6109
SEMA6A	-0.22808
DTWD2	0.64837
DMXL1	0.96917
TNFAIP8	0.049067
HSD17B4	1.2426
FAM170A	2.1734
PRR16	2.2003
FTMT	0.81007
SRFBP1	-0.13171
LOX	-1.0747
ZNF474	0.23055
LOC100505841	0.20069
SNCAIP	1.5685
SNX2	-1.8554
SNX24	-0.64818
PPIC	0.925
PRDM6	1.2162
CEP120	-0.72151
CSNK1G3	0.21684
ZNF608	2.0102
GRAMD3	-0.73356
ALDH7A1	0.85058
PHAX	0.34572
TEX43	0.51953
LMNB1	1.9525
MARCH3	0.85912
C5orf63	1.1183
LOC105379198	0.20135
MEGF10	1.2075
LOC105379199	0.46079
PRRC1	-1.4565
CTXN3	0.85805
SLC12A2	2.193
FBN2	3.0928
SLC27A6	-0.16054
ISOC1	0.61212
ADAMTS19	1.2316
KIAA1024L	0.79261
CHSY3	1.3827
HINT1	1.0656
LYRM7	0.87462
CDC42SE2	0.17432
RAPGEF6	-0.37896
FNIP1	-0.23512
MEIKIN	-0.38374
ACSL6	-0.4067
IL3	-0.42282
CSF2	-0.67175
P4HA2	-1.0673
PDLIM4	-1.4534
SLC22A4	-0.27691
SLC22A5	-0.042843
IRF1	-1.5892
LOC105379200	-0.96318
IL5	-0.28757
RAD50	-0.30758
IL13	-1.2327
IL4	-0.2349
KIF3A	0.19415
CCNI2	-1.7845
SEPT8	-1.7419
SOWAHA	0.15851
SHROOM1	0.32365
GDF9	0.83608
UQCRQ	0.84153
LEAP2	1.2029
AFF4	1.5702
LOC105379177	1.6576
ZCCHC10	0.83705
HSPA4	2.5342
FSTL4	0.0077097
C5orf15	0.67214
VDAC1	1.4571
LOC101060024	1.2591
TCF7	-0.11584
SKP1	-0.38199
PPP2CA	0.35891
CDKL3	-0.1125
UBE2B	-0.44059
CDKN2AIPNL	-0.50435
JADE2	0.82165
SAR1B	-0.16571
SEC24A	0.079075
CAMLG	0.73492
DDX46	0.079753
C5orf24	1.4875
TXNDC15	1.1377
PCBD2	0.73724
CATSPER3	0.52386
PITX1	1.1501
C5orf66	0.64921
H2AFY	-0.56578
DCANP1	-0.11502
TIFAB	-0.30468
NEUROG1	-0.78844
CXCL14	-0.66994
SLC25A48	0.50915
IL9	1.5752
FBXL21	1.4925
LECT2	1.1995
TGFBI	1.1006
SMAD5	1.5152
TRPC7	1.9761
SPOCK1	2.745
KLHL3	1.4699
HNRNPA0	-0.57177
MYOT	-0.72809
PKD2L2	-1.3361
FAM13B	-1.0514
WNT8A	-0.94481
NME5	0.60981
BRD8	-0.7057
KIF20A	-0.47398
CDC23	-0.67656
GFRA3	-0.24337
CDC25C	1.6109
FAM53C	1.13
KDM3B	1.7895
REEP2	1.5448
EGR1	0.69977
ETF1	0.59003
HSPA9	-0.32635
LOC105379194	-0.12774
CTNNA1	-0.13833
LRRTM2	-0.48387
SIL1	-1.15
MATR3	0.80581
PAIP2	0.86427
SLC23A1	0.13552
MZB1	-0.73866
PROB1	-1.0196
SPATA24	-1.7467
DNAJC18	-2.1548
TMEM173	-1.5882
UBE2D2	-0.91513
CXXC5	-1.5981
PSD2	1.6056
NRG2	-1.1433
PURA	-0.45769
IGIP	-0.58683
CYSTM1	0.26879
PFDN1	-0.3166
HBEGF	0.12237
SLC4A9	-1.2269
ANKHD1	-1.7937
ANKHD1-EIF4EBP3	-1.8524
EIF4EBP3	-2.7371
SRA1	-2.3402
APBB3	-1.6394
SLC35A4	-1.2654
TMCO6	-0.11296
CD14	-0.33984
NDUFA2	0.52606
IK	0.73858
WDR55	0.9655
DND1	1.0179
HARS	1.0847
HARS2	1.1475
ZMAT2	1.1327
PCDHA1	0.89599
PCDHA2	0.88648
PCDHA3	0.86974
PCDHA4	0.8874
PCDHA5	0.88395
PCDHA6	0.90927
PCDHA7	0.91208
PCDHA8	0.9104
PCDHA9	0.92367
PCDHA10	0.93848
PCDHA11	0.93848
PCDHA12	0.95571
PCDHA13	0.96436
PCDHAC1	1.1106
PCDHAC2	0.11325
PCDHB1	-1.5152
PCDHB2	-0.27856
PCDHB3	-0.38417
PCDHB4	-1.0175
PCDHB5	-1.1682
PCDHB6	-0.61247
PCDHB7	-0.75276
PCDHB8	-0.69106
PCDHB16	-0.72619
PCDHB9	-0.67169
PCDHB10	-0.66999
PCDHB11	-0.71951
PCDHB12	-0.88433
PCDHB13	-0.77964
PCDHB14	-0.73643
PCDHB15	-1.0243
SLC25A2	-1.7578
TAF7	-0.64709
PCDHGA1	-3.0988
PCDHGA2	-3.1596
PCDHGA3	-3.0852
PCDHGB1	-3.1245
PCDHGA4	-3.0545
PCDHGB2	-3.0602
PCDHGA5	-3.0762
PCDHGB3	-3.1946
PCDHGA6	-3.1159
PCDHGA7	-3.3351
PCDHGB4	-2.9963
PCDHGA8	-3.2169
PCDHGB5	-3.014
PCDHGA9	-2.9331
PCDHGB6	-2.9823
PCDHGA10	-2.8353
PCDHGB7	-2.8723
PCDHGA11	-2.7867
PCDHGA12	-2.7359
PCDHGC3	-2.7072
PCDHGC4	-2.6649
PCDHGC5	-2.6526
DIAPH1	-3.2672
HDAC3	-2.5482
RELL2	-1.7249
FCHSD1	-1.0628
ARAP3	0.17249
PCDH1	0.024975
KIAA0141	-0.89261
PCDH12	0.08967
RNF14	0.78747
GNPDA1	0.59072
NDFIP1	0.13108
SPRY4	0.73354
FGF1	0.55232
ARHGAP26	1.6794
NR3C1	0.69415
HMHB1	0.24682
YIPF5	1.6603
KCTD16	1.4023
PRELID2	1.0367
GRXCR2	-0.44255
SH3RF2	-1.5921
PLAC8L1	-2.0959
LARS	-1.7929
RBM27	-0.8822
POU4F3	0.8799
TCERG1	0.55035
GPR151	0.5333
PPP2R2B	0.40899
STK32A	-2.3088
DPYSL3	-2.2015
JAKMIP2	-0.53491
SPINK1	-0.18604
SCGB3A2	0.88266
C5orf46	0.82234
SPINK5	-0.94034
SPINK14	0.49253
SPINK6	-0.5452
LOC105378220	-0.61472
SPINK13	-0.63611
SPINK7	-0.18321
SPINK9	-0.16838
FBXO38	0.95917
HTR4	0.99626
ADRB2	-2.3367
SH3TC2	0.10151
ABLIM3	0.4797
AFAP1L1	0.32363
GRPEL2	0.27656
PCYOX1L	0.31325
IL17B	0.51493
CSNK1A1	-0.88723
ARHGEF37	-1.1228
PPARGC1B	0.88556
PDE6A	0.76928
SLC26A2	-0.15101
TIGD6	0.00054754
HMGXB3	0.29204
CSF1R	0.26709
PDGFRB	0.39534
CDX1	0.47555
SLC6A7	0.74471
CAMK2A	1.4169
ARSI	2.2745
TCOF1	-1.6483
CD74	-1.2201
RPS14	0.23217
NDST1	1.2166
SYNPO	2.7348
MYOZ3	0.20589
RBM22	0.22786
DCTN4	-0.65491
SMIM3	-0.15987
IRGM	1.0075
ZNF300	0.68894
GPX3	1.0791
TNIP1	0.39584
ANXA6	-0.22483
CCDC69	-0.040086
GM2A	0.89049
SLC36A3	0.72118
SLC36A2	-0.011246
SLC36A1	-1.6834
FAT2	-1.0578
SPARC	-0.35286
ATOX1	-0.82345
LOC100652758	-1.7765
G3BP1	-1.8255
GLRA1	-1.4216
NMUR2	1.0275
GRIA1	2.6429
FAM114A2	0.33466
MFAP3	0.46841
GALNT10	1.4598
SAP30L	-0.38863
HAND1	-1.1733
LARP1	0.46985
FAXDC2	0.08411
CNOT8	0.43661
GEMIN5	0.15849
MRPL22	0.19127
KIF4B	-2.0537
SGCD	1.3052
TIMD4	-1.1157
HAVCR1	0.25714
HAVCR2	0.96053
MED7	-0.18916
FAM71B	-0.22536
ITK	-0.35722
CYFIP2	0.46752
FNDC9	0.49005
LOC102724404	0.27413
NIPAL4	1.2055
ADAM19	0.97453
SOX30	0.54783
C5orf52	0.249
THG1L	-0.011473
LSM11	-0.41849
CLINT1	1.1715
EBF1	0.7273
RNF145	0.070751
UBLCP1	-0.46556
IL12B	-0.52654
ADRA1B	-0.47497
TTC1	-0.9847
PWWP2A	-0.49158
FABP6	-0.44342
CCNJL	-1.0385
C1QTNF2	0.24807
ZBED8	0.37915
SLU7	0.36158
PTTG1	-0.12107
ATP10B	1.7438
GABRB2	2.1314
GABRA6	1.3359
GABRA1	-1.0076
GABRG2	-1.9965
CCNG1	0.17666
NUDCD2	0.01815
HMMR	-0.43255
MAT2B	-0.73115
TENM2	2.2511
WWC1	0.46159
RARS	-0.10551
PANK3	-1.1228
SLIT3	-0.084507
SPDL1	0.97357
DOCK2	-0.19707
FAM196B	0.87789
FOXI1	-0.022064
C5orf58	-0.045949
LCP2	-0.73202
KCNIP1	2.1261
KCNMB1	0.66074
LOC105377716	1.3083
GABRP	-0.1236
RANBP17	-0.015194
TLX3	1.3871
NPM1	1.3761
FGF18	2.7807
SMIM23	-0.60484
FBXW11	0.16367
STK10	0.93028
EFCAB9	1.0392
UBTD2	0.56277
SH3PXD2B	-1.0826
NEURL1B	1.9877
LOC101928093	-0.90734
DUSP1	0.58317
ERGIC1	-0.35305
RPL26L1	-0.45977
ATP6V0E1	-0.73175
CREBRF	-1.1925
BNIP1	-1.1018
NKX2-5	-0.44906
STC2	0.54608
BOD1	0.12488
CPEB4	0.16319
C5orf47	0.055202
HMP19	-1.2963
MSX2	-0.59971
DRD1	-0.5354
SFXN1	-0.60855
HRH2	-0.65334
CPLX2	0.45332
THOC3	0.99163
FAM153B	-0.22142
SIMC1	-0.85279
KIAA1191	-0.70951
ARL10	-0.91097
NOP16	-0.88552
HIGD2A	-0.61951
CLTB	-0.74508
FAF2	-0.54561
RNF44	-0.15814
CDHR2	-0.15412
GPRIN1	-0.4099
SNCB	0.034885
EIF4E1B	0.54818
TSPAN17	0.8742
UNC5A	-0.78697
HK3	-0.73282
UIMC1	-0.75249
ZNF346	-0.38302
FGFR4	-0.030047
LOC101928726	0.037098
NSD1	0.031198
RAB24	0.81826
PRELID1	0.84391
MXD3	0.61035
LMAN2	0.79508
RGS14	1.7667
SLC34A1	1.5794
PFN3	0.83807
F12	0.75421
GRK6	-0.21018
PRR7	-0.22161
DBN1	-0.52409
PDLIM7	-0.77767
DOK3	-0.0013461
DDX41	0.0020835
FAM193B	0.16845
TMED9	1.6758
B4GALT7	1.2482
FAM153A	1.3972
PROP1	-1.4068
LOC105377772	-1.3841
N4BP3	0.96479
RMND5B	0.93166
NHP2	1.0746
HNRNPAB	-0.71234
PHYKPL	-0.82127
COL23A1	-1.5367
CLK4	-1.0511
LOC102724657	-0.76357
ZNF354A	-0.11273
ZNF354B	-0.59257
ZFP2	-0.38121
ZNF454	0.53172
GRM6	-0.2472
ZNF879	-0.85052
ZNF354C	-0.35729
ADAMTS2	-0.99143
RUFY1	-0.073231
HNRNPH1	0.00013836
C5orf60	-1.2113
CBY3	1.0857
CANX	1.4615
MAML1	1.7334
LTC4S	1.5331
MGAT4B	0.96956
SQSTM1	-0.034194
C5orf45	-0.68302
TBC1D9B	-0.90988
RNF130	0.12744
RASGEF1C	-0.28286
MAPK9	1.0797
GFPT2	-1.1609
CNOT6	1.0403
SCGB3A1	1.9237
FLT4	0.9783
OR2Y1	0.21187
MGAT1	1.7382
ZFP62	0.12068
BTNL8	-0.46995
BTNL3	0.6327
BTNL9	1.1586
OR2V1	1.146
OR2V2	0.085499
TRIM7	2.0097
TRIM41	0.077716
GNB2L1	-0.33679
TRIM52	-1.8809
LOC105377771	-0.45433
DUSP22	1.2389
LOC105375104	1.6745
IRF4	0.48519
EXOC2	-0.45003
LOC105374874	-1.3686
HUS1B	-0.90667
LOC101927353	-1.0935
FOXQ1	-0.55049
FOXF2	-0.3984
FOXC1	0.49581
GMDS	0.76736
MYLK4	0.16905
WRNIP1	0.62868
SERPINB1	0.36291
SERPINB9	0.93999
SERPINB6	2.2655
NQO2	0.74019
RIPK1	1.1939
BPHL	-0.58669
TUBB2A	-0.30593
TUBB2B	1.2717
PSMG4	0.33175
SLC22A23	0.7614
PXDC1	-1.8951
FAM50B	0.081456
PRPF4B	-0.067829
FAM217A	-0.049644
C6orf201	0.17037
ECI2	-0.026442
CDYL	-0.48065
RPP40	-0.91311
LYRM4	0.71272
PPP1R3G	1.3216
FARS2	-0.1961
NRN1	1.2488
F13A1	-0.26626
LY86	-0.14498
RREB1	1.2016
SSR1	1.0059
CAGE1	-0.79155
RIOK1	-2.3697
DSP	1.037
SNRNP48	0.92292
BMP6	-1.3832
TXNDC5	-1.6947
LOC105374908	-1.5466
BLOC1S5	2.4653
EEF1E1	2.4351
SLC35B3	-0.63713
OFCC1	-0.91216
LOC105369145	-0.68016
TFAP2A	-0.49122
GCNT2	-1.9263
C6orf52	-0.30429
PAK1IP1	-1.206
TMEM14C	0.62265
TMEM14B	-0.15019
MAK	-0.83112
GCM2	-1.1245
SYCP2L	-0.31446
ELOVL2	0.8362
SMIM13	0.9951
ERVFRD-1	0.77387
NEDD9	1.4235
TMEM170B	1.6899
ADTRP	3.7923
HIVEP1	0.37606
EDN1	0.72425
PHACTR1	-1.8266
LOC100130357	-0.97605
TBC1D7	-0.92229
GFOD1	0.85051
SIRT5	-1.937
NOL7	-0.68996
RANBP9	0.71846
MCUR1	0.52948
RNF182	0.32897
CD83	-0.88536
JARID2	2.3012
DTNBP1	1.3483
MYLIP	0.78449
GMPR	1.4382
ATXN1	2.9723
LOC101928433	3.8813
STMND1	0.14441
RBM24	1.2249
CAP2	-0.62158
FAM8A1	0.7293
NUP153	0.34505
KIF13A	0.10062
NHLRC1	0.51192
TPMT	-0.30723
KDM1B	0.22152
DEK	1.3345
RNF144B	0.73186
ID4	1.4269
MBOAT1	0.4018
LOC105375105	-0.61783
E2F3	1.4967
CDKAL1	1.8989
SOX4	0.68194
PRL	-1.0188
HDGFL1	-0.20117
NRSN1	-1.3764
DCDC2	0.62923
KAAG1	1.6324
MRS2	0.041683
GPLD1	-0.99211
ALDH5A1	-1.3654
KIAA0319	-0.91837
TDP2	-0.76866
ACOT13	-1.006
C6orf62	-0.22598
GMNN	-0.092388
C6orf229	-0.76345
FAM65B	-1.4824
LOC105375106	0.6424
LRRC16A	0.49394
SCGN	-1.1844
HIST1H2AA	-0.24541
HIST1H2BA	-0.24541
SLC17A4	-0.35788
SLC17A1	0.41629
SLC17A3	0.7453
SLC17A2	0.39005
TRIM38	1.5349
HIST1H1A	1.758
HIST1H3A	1.6973
HIST1H4A	1.7531
HIST1H4B	1.679
HIST1H3B	1.456
HIST1H2AB	1.5989
HIST1H2BB	1.8599
HIST1H3C	1.6317
HIST1H1C	1.6008
HFE	1.7366
HIST1H4C	1.9564
HIST1H1T	1.9882
HIST1H2BC	2.0741
HIST1H2AC	2.0073
HIST1H1E	-0.1157
HIST1H2BD	0.89971
HIST1H2BE	1.4703
HIST1H4D	1.4355
HIST1H3D	1.4178
HIST1H2AD	1.3896
HIST1H2BF	1.3504
HIST1H4E	1.3226
HIST1H2BG	1.525
HIST1H2AE	1.5079
HIST1H3E	1.5725
HIST1H1D	1.3171
HIST1H4F	1.1647
HIST1H4G	1.086
HIST1H3F	1.0042
HIST1H2BH	1.1841
LOC105374986	1.7217
HIST1H3G	2.4371
HIST1H2BI	2.5177
HIST1H4H	3.0228
BTN3A2	1.0175
BTN2A2	0.91334
BTN3A1	0.3518
BTN3A3	0.28275
BTN2A1	0.060095
BTN1A1	1.1513
HMGN4	1.538
ABT1	1.408
ZNF322	0.45894
LOC105374995	2.0684
HIST1H2BJ	1.6436
HIST1H2AG	1.7303
HIST1H2BK	1.7006
HIST1H4I	1.7237
HIST1H2AH	1.6191
PRSS16	1.5852
POM121L2	1.7443
LOC105375107	1.862
ZNF391	2.8321
ZNF184	2.6745
HIST1H2BL	-0.19148
HIST1H2AI	-0.13595
HIST1H3H	0.072308
HIST1H2AJ	-0.10063
HIST1H2BM	-0.10982
HIST1H4J	0.35229
HIST1H4K	0.34163
HIST1H2AK	0.78401
HIST1H2BN	0.53457
HIST1H2AL	1.0722
HIST1H1B	1.0831
HIST1H3I	0.96038
HIST1H4L	0.85851
HIST1H3J	-0.38854
HIST1H2AM	-0.3263
HIST1H2BO	-0.19258
OR2B2	-0.52623
OR2B6	-0.40976
ZNF165	-0.50889
ZSCAN16	-0.20747
ZKSCAN8	-0.0034162
ZSCAN9	0.016622
ZKSCAN4	0.21688
NKAPL	0.18222
ZSCAN26	0.26084
PGBD1	-0.03641
ZSCAN31	0.22005
ZKSCAN3	0.2812
ZSCAN12	0.45109
ZSCAN23	0.92161
GPX6	0.93888
GPX5	0.6193
ZBED9	0.013318
TRIM27	-0.062118
ZNF311	0.4332
OR2W1	0.95714
OR2B3	0.95061
LOC105375003	0.68026
OR2J3	0.70786
OR2J2	0.71219
OR14J1	0.58994
OR5V1	0.054054
OR12D3	0.15103
OR12D2	-0.32767
OR11A1	-0.19064
OR10C1	0.52977
OR2H1	0.68194
MAS1L	0.97107
LOC105375007	1.1046
UBD	1.1976
OR2H2	1.774
GABBR1	3.68
MOG	1.3846
ZFP57	1.3407
HLA-F	2.8865
LOC554223	2.3717
HLA-G	2.8087
HLA-A	2.0463
ZNRD1	1.3976
PPP1R11	1.1617
RNF39	0.88836
TRIM31	1.198
TRIM40	0.85173
TRIM10	0.8878
TRIM15	0.70201
TRIM26	1.2659
TRIM39	-0.21968
TRIM39-RPP21	-0.13085
RPP21	0.46452
LOC105375108	0.31197
HLA-E	-0.18599
GNL1	0.81828
PRR3	0.83783
ABCF1	0.078304
PPP1R10	0.018631
MRPS18B	0.21489
ATAT1	0.055503
C6orf136	-0.162
DHX16	-0.1404
PPP1R18	0.050314
NRM	-0.13514
MDC1	-0.51644
TUBB	-0.83143
FLOT1	-0.8702
IER3	-0.44052
DDR1	0.99026
GTF2H4	1.451
VARS2	1.8537
SFTA2	2.0707
DPCR1	2.7832
MUC21	0.32138
MUC22	1.0088
C6orf15	1.5784
PSORS1C1	1.0565
CDSN	1.4934
PSORS1C2	0.061986
CCHCR1	0.28156
TCF19	0.52689
POU5F1	0.98407
HLA-C	0.21909
HLA-B	1.6538
MICA	0.73313
MICB	-0.14393
MCCD1	-0.15147
DDX39B	-0.27482
ATP6V1G2	-0.3605
NFKBIL1	-0.43346
LTA	-0.23285
TNF	0.028342
LTB	0.47675
LST1	1.0262
NCR3	1.0168
AIF1	0.44033
PRRC2A	0.11606
BAG6	-0.51297
APOM	-0.65127
C6orf47	-0.77507
GPANK1	-0.65415
CSNK2B	-0.80875
LY6G5B	-0.89481
LY6G5C	-0.89164
ABHD16A	-0.86055
LY6G6F	-0.89147
LY6G6D	-1.435
LY6G6C	-1.4968
C6orf25	-1.1512
DDAH2	-0.70966
CLIC1	-0.72393
MSH5	-0.59431
SAPCD1	-0.70514
VWA7	-0.83661
VARS	-1.1685
LSM2	-1.1528
HSPA1L	-1.5232
HSPA1A	-1.6847
HSPA1B	-1.8244
C6orf48	-1.2476
NEU1	-0.77034
SLC44A4	-1.0255
EHMT2	-0.46538
C2	-0.45529
ZBTB12	0.28197
CFB	-0.76777
NELFE	-0.64331
SKIV2L	-0.68617
DXO	-0.4537
STK19	-0.46443
C4A	-0.20756
C4B	1.0003
CYP21A2	0.21051
TNXB	0.60147
ATF6B	0.47892
FKBPL	0.52366
PRRT1	0.81361
PPT2	0.56659
EGFL8	0.57175
AGPAT1	0.60756
RNF5	0.10324
AGER	0.32619
PBX2	0.97344
GPSM3	1.113
NOTCH4	1.0777
LOC101929163	0.89894
C6orf10	0.31567
BTNL2	1.7059
HLA-DRA	1.8918
HLA-DRB5	0.26683
HLA-DRB1	0.49483
HLA-DQA1	-0.67187
HLA-DQB1	-0.13588
HLA-DQA2	0.88581
HLA-DQB2	1.483
HLA-DOB	0.27708
TAP2	-0.41119
PSMB8	-1.4946
TAP1	-1.7827
PSMB9	-2.1455
HLA-DMB	-1.2221
HLA-DMA	-1.3671
LOC105375109	-1.3131
BRD2	-1.1732
HLA-DOA	-1.008
HLA-DPA1	1.6298
HLA-DPB1	1.5996
COL11A2	1.4233
RXRB	1.8938
SLC39A7	0.34822
HSD17B8	0.70265
RING1	0.95104
VPS52	0.6907
RPS18	0.73037
B3GALT4	0.60435
WDR46	0.68674
PFDN6	0.96761
RGL2	1.2086
TAPBP	1.5574
ZBTB22	1.414
DAXX	1.4006
KIFC1	0.14793
PHF1	0.067619
CUTA	-0.34424
SYNGAP1	0.55891
ZBTB9	0.86837
BAK1	0.78686
ITPR3	2.5709
UQCC2	2.0601
IP6K3	1.7428
LEMD2	0.95472
MLN	1.1338
GRM4	0.68662
HMGA1	2.8259
C6orf1	2.2684
NUDT3	-0.29445
RPS10-NUDT3	-0.098129
RPS10	0.49946
PACSIN1	1.791
SPDEF	1.466
C6orf106	-0.31555
SNRPC	-0.6873
UHRF1BP1	-0.75344
TAF11	-0.021548
ANKS1A	-0.52269
TCP11	0.42461
SCUBE3	-1.5847
ZNF76	-1.8538
DEF6	-1.512
PPARD	-1.4521
FANCE	0.19568
RPL10A	0.26443
TEAD3	-0.59321
TULP1	-1.2953
FKBP5	-0.53014
LOC105375110	0.050328
ARMC12	0.26339
CLPSL2	0.48811
CLPSL1	-0.30659
CLPS	0.017584
LHFPL5	0.51062
SRPK1	0.58137
SLC26A8	0.19361
MAPK14	-0.67608
MAPK13	-0.91897
BRPF3	-0.6226
PNPLA1	-0.41077
C6orf222	0.23258
ETV7	-0.40641
PXT1	-0.19706
KCTD20	-1.2462
STK38	-1.458
SRSF3	-0.50702
CDKN1A	-0.57128
LOC105375039	-0.27855
RAB44	-1.492
CPNE5	-0.41418
PPIL1	0.42251
C6orf89	0.9564
PI16	1.0952
MTCH1	0.1816
FGD2	-0.41772
PIM1	1.7154
TMEM217	-1.9532
TBC1D22B	-0.55355
RNF8	0.20305
CMTR1	-0.28311
CCDC167	0.27293
MDGA1	1.1073
ZFAND3	0.9402
BTBD9	0.045439
GLO1	-0.38521
DNAH8	-0.026028
GLP1R	-0.28689
SAYSD1	-0.12555
KCNK5	0.23194
KCNK17	-0.16689
KCNK16	0.073612
KIF6	-0.58791
DAAM2	-0.065322
MOCS1	0.90715
LRFN2	-0.70411
UNC5CL	-1.9702
TSPO2	-1.6845
APOBEC2	-0.57587
OARD1	-0.38972
NFYA	-0.37002
TREML1	0.0014058
TREM2	-0.05596
TREML2	1.0733
TREML4	0.53416
LOC105375057	0.27831
TREM1	0.062841
NCR2	-0.29061
FOXP4	0.7545
MDFI	0.28183
TFEB	-0.5013
PGC	-1.6943
FRS3	-0.50956
PRICKLE4	-0.25962
TOMM6	-0.010372
USP49	0.35638
MED20	-0.48362
BYSL	-0.22476
CCND3	-0.043137
TAF8	0.98097
C6orf132	1.5689
GUCA1A	1.9128
GUCA1B	1.4513
MRPS10	1.4419
TRERF1	0.58681
UBR2	0.040191
PRPH2	-0.046499
TBCC	0.17692
GLTSCR1L	-0.1885
RPL7L1	0.68999
C6orf226	0.15459
PTCRA	-1.3135
CNPY3	-1.1127
GNMT	-1.6763
PEX6	-1.2727
MEA1	-1.3038
PPP2R5D	-1.2548
KLHDC3	-0.84263
RRP36	-1.1841
CUL7	-1.4
MRPL2	-0.7709
KLC4	-0.81666
PTK7	-0.78926
SRF	-0.51941
CUL9	-0.20725
DNPH1	-0.35106
TTBK1	0.91285
SLC22A7	2.8565
CRIP3	3.0587
ZNF318	3.3012
ABCC10	1.7463
DLK2	1.5062
TJAP1	2.1205
LRRC73	1.9751
YIPF3	2.173
POLR1C	1.8989
XPO5	1.8714
POLH	1.8827
GTPBP2	2.2628
MAD2L1BP	2.2583
RSPH9	1.8879
MRPS18A	1.8706
VEGFA	1.2021
C6orf223	-1.0175
MRPL14	-0.090898
TMEM63B	0.060912
CAPN11	0.7437
SLC29A1	-1.0294
HSP90AB1	-1.2589
SLC35B2	-1.1279
NFKBIE	-0.060002
TMEM151B	0.38928
TCTE1	0.22237
AARS2	0.081731
SPATS1	-0.20186
CDC5L	-1.3297
SUPT3H	0.25261
RUNX2	-0.057782
CLIC5	-0.35443
ENPP4	1.2114
ENPP5	1.1133
RCAN2	1.151
CYP39A1	-0.6281
SLC25A27	-1.5667
TDRD6	-2.4602
PLA2G7	-1.0946
ANKRD66	-0.2525
MEP1A	-0.31123
ADGRF5	-1.4086
ADGRF1	0.75672
TNFRSF21	1.034
CD2AP	1.0769
ADGRF2	0.82618
ADGRF4	-0.065794
OPN5	-0.090689
PTCHD4	-1.1499
MUT	0.20112
CENPQ	-0.37605
GLYATL3	-2.9935
C6orf141	-2.229
RHAG	-0.26874
CRISP2	-1.0254
CRISP3	-1.1093
PGK2	-0.70091
CRISP1	-1.4493
DEFB133	0.62938
DEFB114	0.78845
DEFB113	1.0686
DEFB110	0.64817
DEFB112	0.49633
TFAP2D	2.7863
TFAP2B	3.61
PKHD1	0.43614
IL17A	1.4749
IL17F	0.18304
MCM3	-0.70196
PAQR8	0.42063
EFHC1	0.24337
TRAM2	-0.022545
TMEM14A	1.5423
GSTA2	-0.28422
GSTA1	-0.55211
GSTA5	-0.76184
GSTA3	-0.76635
GSTA4	-0.20608
ICK	-1.9134
FBXO9	-1.4212
LOC105375092	-1.9593
GCM1	-0.34157
ELOVL5	1.8005
GCLC	-0.81594
KLHL31	0.062989
LRRC1	1.7271
MLIP	0.0017788
TINAG	0.1668
FAM83B	0.42233
HCRTR2	-0.87044
GFRAL	-0.45809
HMGCLL1	-0.071538
BMP5	-0.030508
COL21A1	-0.48436
DST	-0.1499
BEND6	-0.39793
KIAA1586	1.0068
ZNF451	0.82056
BAG2	0.56216
RAB23	0.94394
PRIM2	0.44589
MTRNR2L9	-0.67409
KHDRBS2	-0.39662
LGSN	0.1814
PTP4A1	2.3452
PHF3	1.8449
EYS	-0.44984
LOC441155	1.1256
ADGRB3	-0.10489
LMBRD1	-0.14383
COL19A1	1.173
COL9A1	0.38285
FAM135A	1.1011
SDHAF4	0.88618
SMAP1	1.1084
B3GAT2	0.40886
LOC105369204	1.2811
OGFRL1	1.2925
RIMS1	1.0865
KCNQ5	0.11914
KHDC1L	1.3298
KHDC1	-0.17021
DPPA5	-0.91457
KHDC3L	-0.91629
OOEP	-0.67183
DDX43	-0.50498
MB21D1	-0.12415
MTO1	0.69213
EEF1A1	0.68674
SLC17A5	0.97436
CD109	-1.3735
COL12A1	0.76023
COX7A2	0.39938
TMEM30A	0.48557
FILIP1	0.89063
SENP6	0.83821
MYO6	1.1375
IMPG1	0.49708
HTR1B	-1.0865
MEI4	-1.1969
IRAK1BP1	-0.10762
PHIP	-0.26886
HMGN3	0.62662
LCA5	-0.99063
LOC105377866	-0.38216
SH3BGRL2	-0.8718
C6orf7	0.25405
ELOVL4	-1.3338
TTK	-0.54506
BCKDHB	-0.43216
FAM46A	-1.5667
IBTK	0.2302
TPBG	0.92199
UBE3D	-0.13139
DOPEY1	-2.2209
PGM3	-0.011111
RWDD2A	2.2026
ME1	1.6468
PRSS35	-0.82103
SNAP91	-0.96954
LOC105378158	-0.66104
RIPPLY2	0.40456
CYB5R4	0.4213
MRAP2	1.0741
CEP162	0.61382
TBX18	0.30879
NT5E	0.66921
SNX14	0.67023
SYNCRIP	0.82793
HTR1E	-0.67317
CGA	-0.6067
LOC101928870	0.68866
ZNF292	0.75412
GJB7	1.1122
SMIM8	0.84955
C6orf163	1.0832
C6orf165	0.39348
SLC35A1	-0.50085
RARS2	-0.64771
ORC3	-0.40264
AKIRIN2	-0.15911
SPACA1	-0.53759
CNR1	1.7037
RNGTT	-1.231
PNRC1	1.7512
SRSF12	1.195
PM20D2	1.3904
GABRR1	1.9003
GABRR2	1.578
UBE2J1	1.3735
RRAGD	0.1848
ANKRD6	-0.71277
LYRM2	-0.86352
MDN1	-1.4588
CASP8AP2	-0.45012
GJA10	-0.82877
BACH2	1.2355
MAP3K7	-0.41042
LOC102724665	-0.7237
EPHA7	2.2425
MANEA	0.68528
FUT9	2.4321
UFL1	1.6545
FHL5	1.3488
GPR63	1.5448
NDUFAF4	1.0922
KLHL32	0.35447
MMS22L	0.74356
POU3F2	1.0497
FBXL4	1.491
FAXC	-0.62402
COQ3	-0.17191
PNISR	0.10933
USP45	-0.15424
TSTD3	-0.95469
CCNC	-1.2392
PRDM13	0.56086
MCHR2	1.1181
SIM1	0.98303
ASCC3	-0.02707
GRIK2	-1.1293
HACE1	0.99807
LIN28B	1.5448
BVES	1.2271
POPDC3	1.8611
PREP	-0.54217
PRDM1	-0.315
ATG5	0.32377
AIM1	0.38501
RTN4IP1	-0.87195
QRSL1	-0.099063
C6orf203	-0.085407
BEND3	0.4918
PDSS2	-1.99
SOBP	-1.7745
SCML4	-1.7751
SEC63	0.17027
OSTM1	-1.5805
NR2E1	-0.30497
SNX3	0.25332
LACE1	0.6702
FOXO3	-0.77855
ARMC2	0.6731
SESN1	0.83142
CEP57L1	-0.33047
LOC105377934	1.5071
LOC100996634	2.6515
CD164	2.5058
PPIL6	2.3738
SMPD2	2.1475
MICAL1	2.2913
ZBTB24	2.2131
AK9	1.4331
FIG4	2.0131
GPR6	-0.83665
WASF1	1.7565
CDC40	1.8728
METTL24	1.1427
DDO	-0.91112
SLC22A16	-0.71034
CDK19	1.3576
AMD1	2.1158
GTF3C6	0.40741
RPF2	0.90024
SLC16A10	0.75584
KIAA1919	1.6328
REV3L	1.9472
TRAF3IP2	0.66574
FYN	-0.053947
LOC102724646	-1.269
WISP3	0.97898
TUBE1	0.89539
FAM229B	0.44763
LAMA4	-0.10701
RFPL4B	0.094926
MARCKS	-1.0133
HDAC2	0.65209
HS3ST5	0.84206
FRK	0.74812
NT5DC1	0.75104
COL10A1	0.77371
TSPYL4	-0.82115
TSPYL1	-1.7084
DSE	-0.38565
FAM26F	-0.3435
TRAPPC3L	1.7476
FAM26E	1.9967
FAM26D	1.589
RWDD1	1.2154
RSPH4A	0.70493
ZUFSP	0.9692
KPNA5	1.3783
FAM162B	0.70243
GPRC6A	-0.41601
RFX6	-1.6422
VGLL2	0.92651
ROS1	0.11572
DCBLD1	-0.24008
GOPC	-0.31965
NUS1	-0.038436
SLC35F1	0.16908
CEP85L	1.7088
PLN	1.2233
MCM9	0.021846
ASF1A	0.09393
FAM184A	1.4104
MAN1A1	0.60804
TBC1D32	-1.8595
GJA1	0.54761
HSF2	0.7785
SERINC1	1.0833
PKIB	-0.18056
FABP7	-1.6031
SMPDL3A	-1.8078
CLVS2	2.3812
TRDN	0.27646
NKAIN2	1.1561
RNF217	0.71415
TPD52L1	0.0099829
HDDC2	-1.2776
HEY2	-1.4635
NCOA7	-1.203
HINT3	-1.6645
TRMT11	-1.327
CENPW	-0.43674
RSPO3	-0.12714
RNF146	1.9183
ECHDC1	2.1488
KIAA0408	1.7719
SOGA3	2.1267
C6orf58	2.8038
THEMIS	1.0293
PTPRK	1.5647
LAMA2	-0.44745
ARHGAP18	0.0028157
TMEM244	-0.48061
L3MBTL3	0.55226
SAMD3	0.33396
LOC105378159	-0.035627
TMEM200A	-0.052268
SMLR1	-0.71722
EPB41L2	0.32258
AKAP7	1.298
ARG1	-0.46382
MED23	0.14615
ENPP3	0.49574
OR2A4	1.2495
CTAGE9	0.27587
ENPP1	-0.162
CTGF	0.35922
MOXD1	-0.86881
STX7	-0.73679
TAAR9	-2.4593
TAAR8	-1.8763
TAAR6	-0.26421
TAAR5	0.03794
TAAR2	-0.57625
TAAR1	0.16801
VNN1	0.034275
VNN3	0.0090515
VNN2	0.82262
SLC18B1	1.2099
RPS12	0.92854
EYA4	0.96227
TCF21	-0.98466
TBPL1	1.2189
SLC2A12	0.75639
SGK1	-0.84301
ALDH8A1	0.50561
HBS1L	-0.068794
MYB	-1.0975
AHI1	1.0777
PDE7B	0.62489
MTFR2	0.68089
BCLAF1	0.94066
MAP7	1.332
MAP3K5	0.88615
PEX7	-0.63805
SLC35D3	-1.5306
IL20RA	-1.2215
IL22RA2	-0.25265
IFNGR1	-1.2677
OLIG3	0.29351
TNFAIP3	0.23159
PERP	-0.0436
ARFGEF3	-0.95903
PBOV1	-0.87667
HEBP2	0.81082
NHSL1	-0.67955
LOC100507462	1.5379
CCDC28A	0.88037
ECT2L	0.51389
REPS1	1.2264
ABRACL	1.1455
HECA	-1.012
TXLNB	1.1083
CITED2	2.1395
NMBR	0.47928
VTA1	0.66609
ADGRG6	3.4561
HIVEP2	1.5848
AIG1	-1.6813
ADAT2	-1.3408
PEX3	0.058052
FUCA2	0.20428
PHACTR2	1.7204
LTV1	2.2153
ZC2HC1B	1.3984
PLAGL1	-0.081105
SF3B5	-0.069145
STX11	1.4664
UTRN	-0.10987
EPM2A	-0.23222
FBXO30	0.28136
SHPRH	0.065024
GRM1	-0.52099
RAB32	0.58597
ADGB	0.16824
STXBP5	1.7421
SAMD5	1.7046
SASH1	-0.067388
UST	-0.40317
TAB2	0.75553
SUMO4	0.43216
ZC3H12D	1.3905
PPIL4	2.9206
GINM1	2.0942
KATNA1	1.5029
LATS1	1.6314
NUP43	1.764
PCMT1	1.7515
LRP11	1.6111
RAET1E	0.51025
RAET1G	0.4621
ULBP2	-0.79226
ULBP1	-0.57685
RAET1L	0.54988
ULBP3	-1.5884
PPP1R14C	0.90907
IYD	-0.89185
PLEKHG1	0.35337
LOC105378056	1.0587
MTHFD1L	-0.17556
AKAP12	-2.6753
ZBTB2	0.23095
RMND1	0.57615
ARMT1	0.29589
CCDC170	-0.43233
ESR1	-1.2201
SYNE1	-2.0556
MYCT1	-0.5404
VIP	0.30281
FBXO5	-0.15963
MTRF1L	-0.19103
RGS17	-1.0314
OPRM1	0.26982
IPCEF1	1.0092
CNKSR3	-1.0237
LOC101928868	-0.76113
SCAF8	-0.37087
TIAM2	0.64356
TFB1M	1.4532
CLDN20	1.6737
NOX3	1.1528
ARID1B	-1.2708
TMEM242	-0.1213
ZDHHC14	-0.23058
SNX9	0.40078
SYNJ2	2.8628
SERAC1	-0.43711
GTF2H5	0.040329
TULP4	1.8683
TMEM181	-0.82405
DYNLT1	-0.47901
SYTL3	-0.38593
EZR	-1.2121
C6orf99	0.89407
RSPH3	0.97357
TAGAP	-0.24289
LOC105378081	-0.62386
FNDC1	0.77752
SOD2	-1.7901
WTAP	-1.2703
ACAT2	-1.6072
TCP1	-1.5097
MRPL18	-1.6585
PNLDC1	-0.59876
MAS1	0.76839
IGF2R	2.1362
SLC22A1	0.26812
SLC22A2	2.5239
SLC22A3	0.98713
LPA	-0.59947
PLG	-0.11445
MAP3K4	0.67121
AGPAT4	1.2519
PARK2	0.65551
PACRG	0.88854
LOC105378101	0.54848
QKI	1.0805
LOC105378105	-0.96229
LOC105378107	0.11873
C6orf118	0.78906
PDE10A	1.1094
T	0.7403
PRR18	-0.33852
SFT2D1	0.18609
MPC1	0.38386
RPS6KA2	0.066179
RNASET2	2.3871
FGFR1OP	2.2187
CCR6	0.62088
GPR31	0.082208
TCP10L2	-1.2844
LOC102724205	-0.98598
UNC93A	-1.7547
TTLL2	-1.3334
LOC105378160	0.48718
TCP10	0.081752
MLLT4	0.31344
HGC6.3	1.2621
KIF25	-0.53585
FRMD1	0.63351
DACT2	0.63402
SMOC2	-0.18361
LOC105378146	0.63631
LOC105378145	0.23271
THBS2	-1.422
LOC105378148	0.50185
WDR27	2.6191
C6orf120	2.6273
PHF10	2.7019
TCTE3	2.3947
ERMARD	2.2694
LOC105378152	-0.059871
DLL1	0.21873
FAM120B	-0.10483
LOC105378161	-0.95887
PSMB1	-0.67456
TBP	-0.57545
PDCD2	-0.39356
LOC102723872	0.15555
LOC105375112	-0.31415
LOC105375116	0.50422
FAM20C	0.30747
WI2-2373I1.2	-0.4041
PDGFA	-1.139
PRKAR1B	-2.0666
DNAAF5	-0.88486
SUN1	-0.68708
LOC102723743	-1.3317
GET4	-0.12601
ADAP1	0.89212
COX19	0.2731
C7orf50	-0.85084
CYP2W1	-0.48356
GPR146	-1.0947
GPER1	-0.43374
ZFAND2A	0.3421
UNCX	2.88
MICALL2	1.9497
INTS1	0.45482
MAFK	2.0091
TMEM184A	1.742
PSMG3	0.4354
LOC105375303	-0.3867
ELFN1	-0.80501
MAD1L1	0.22433
FTSJ2	-1.3227
NUDT1	-1.1448
SNX8	-1.293
EIF3B	1.636
CHST12	-0.29694
GRIFIN	0.90145
LFNG	1.756
BRAT1	1.6511
IQCE	2.0758
TTYH3	0.18403
AMZ1	-0.019162
GNA12	0.1242
CARD11	1.063
SDK1	1.2133
LOC105375131	0.2926
FOXK1	0.58593
AP5Z1	0.3651
RADIL	1.049
PAPOLB	1.1418
MMD2	3.0166
RBAK	2.1835
RBAK-RBAKDN	2.1559
WIPI2	3.3057
SLC29A4	1.0683
TNRC18	1.4421
FBXL18	0.1862
ACTB	0.29895
FSCN1	1.6165
RNF216	1.5157
OCM	-0.407
CCZ1	0.47222
RSPH10B	-0.78339
PMS2	0.99926
AIMP2	0.78164
EIF2AK1	0.28872
ANKRD61	0.098818
USP42	0.1614
CYTH3	0.32936
FAM220A	2.1362
RAC1	3.2743
DAGLB	3.3539
KDELR2	1.7397
GRID2IP	0.28179
ZDHHC4	-0.58879
C7orf26	-0.44632
ZNF853	-0.026257
ZNF316	0.24342
ZNF12	-0.21842
CCZ1B	-0.84628
C1GALT1	-0.91101
COL28A1	0.9163
MIOS	0.59179
RPA3	-0.14629
UMAD1	0.82555
GLCCI1	-1.3377
ICA1	-1.6543
NXPH1	-0.71731
NDUFA4	-1.1112
PHF14	0.11404
THSD7A	0.023506
TMEM106B	0.913
VWDE	0.59357
LOC102725191	-0.019826
SCIN	-1.1611
ARL4A	0.16083
ETV1	-0.39017
DGKB	-0.03349
AGMO	0.0082141
MEOX2	-0.87307
ISPD	0.62029
SOSTDC1	0.52739
LRRC72	-0.37318
ANKMY2	-1.1088
BZW2	0.60052
TSPAN13	2.0082
AGR2	0.36901
AGR3	0.75757
AHR	-0.54151
SNX13	0.48175
PRPS1L1	0.51382
HDAC9	-0.11209
TWIST1	1.5103
FERD3L	0.20882
TWISTNB	-1.1329
TMEM196	-0.79192
MACC1	0.26164
ITGB8	1.0509
ABCB5	0.2196
SP8	-0.79454
SP4	-0.58511
DNAH11	0.2312
CDCA7L	0.1023
RAPGEF5	0.44469
STEAP1B	1.342
IL6	1.1691
TOMM7	1.0647
FAM126A	2.3638
KLHL7	1.4755
NUPL2	-0.073321
GPNMB	0.60459
MALSU1	0.035395
IGF2BP3	0.17638
TRA2A	0.54325
CCDC126	0.39554
FAM221A	-1.5792
STK31	-0.52922
NPY	-1.6007
MPP6	0.62793
DFNA5	1.6382
OSBPL3	0.68444
CYCS	1.3303
C7orf31	0.90476
NPVF	0.8285
LOC646588	-0.77602
NFE2L3	0.43866
HNRNPA2B1	0.35022
CBX3	-0.68535
SNX10	-1.1672
LOC105375304	-0.3275
LOC101930332	-0.37051
C7orf71	-0.4364
SKAP2	1.1429
HOXA1	-0.29735
HOXA2	-0.88099
HOXA3	-0.77424
LOC105375205	-1.1239
HOXA4	-0.87676
HOXA5	-0.50604
HOXA6	-0.21958
HOXA7	-0.52077
HOXA9	-0.87115
HOXA10	0.088441
HOXA11	1.3696
HOXA13	1.7664
EVX1	-1.0474
HIBADH	1.6121
TAX1BP1	0.59906
JAZF1	-0.55737
CREB5	1.3892
TRIL	0.93909
CPVL	0.64805
CHN2	-0.89684
PRR15	-1.4988
LOC101928208	-0.1624
WIPF3	1.3742
SCRN1	2.8889
FKBP14	-0.16859
PLEKHA8	-0.70476
MTURN	0.85957
ZNRF2	0.17588
NOD1	-0.047135
LOC101928268	0.50052
GGCT	-0.52773
GARS	1.1133
CRHR2	0.47424
INMT	-0.19522
FAM188B	-1.3622
AQP1	-1.7864
GHRHR	-0.39906
ADCYAP1R1	0.41301
NEUROD6	-0.83077
CCDC129	0.40802
PDE1C	-0.29868
PPP1R17	-0.10417
LSM5	1.1672
AVL9	0.44262
LOC102724668	1.0068
KBTBD2	0.40916
FKBP9	-0.10618
NT5C3A	-0.9356
RP9	0.10778
BBS9	-0.74911
FLJ20712	0.82115
BMPER	0.30522
NPSR1	-1.0911
DPY19L1	-1.3462
TBX20	-0.50386
HERPUD2	0.81425
LOC101930085	0.093493
SEPT7	-0.84187
EEPD1	1.2158
KIAA0895	-1.4334
ANLN	-0.12527
AOAH	-0.64011
ELMO1	-0.36436
GPR141	2.307
NME8	1.7424
SFRP4	0.66079
EPDR1	0.099256
STARD3NL	0.55538
TRG	1.9161
TARP	1.9827
AMPH	0.039559
VPS41	1.9142
POU6F2	1.2252
YAE1D1	0.79306
RALA	1.1879
LOC105375305	0.84808
CDK13	0.77854
MPLKIP	1.0301
SUGCT	1.2314
INHBA	0.060853
GLI3	0.061816
C7orf25	0.27629
PSMA2	0.24487
MRPL32	0.14837
HECW1	-1.0885
STK17A	-1.0203
COA1	-0.37624
BLVRA	-0.26592
MRPS24	0.60595
URGCP-MRPS24	-0.022842
URGCP	-0.33971
UBE2D4	-0.29255
SPDYE1	0.82549
DBNL	0.27018
PGAM2	0.13714
POLM	0.28199
AEBP1	0.082116
POLD2	0.49119
MYL7	0.79415
GCK	0.77999
YKT6	-0.016471
CAMK2B	-0.55422
NUDCD3	-0.63451
NPC1L1	-2.0485
DDX56	-1.1795
TMED4	-1.1998
OGDH	-1.0657
ZMIZ2	0.22247
PPIA	2.1553
H2AFV	1.889
LOC101929301	2.1059
PURB	1.6429
MYO1G	0.60154
CCM2	0.92599
NACAD	0.51731
TBRG4	1.3905
RAMP3	0.18688
ADCY1	1.4626
LOC101929008	0.71854
IGFBP1	-0.036119
IGFBP3	0.12112
TNS3	-0.144
C7orf65	-0.028625
PKD1L1	-0.39919
C7orf69	-1.3005
HUS1	0.801
SUN3	1.4132
C7orf57	1.9971
UPP1	0.98945
ABCA13	-0.97251
LOC105375274	-1.7827
VWC2	-0.19504
ZPBP	-0.51689
C7orf72	-0.82818
IKZF1	0.72384
FIGNL1	1.8387
DDC	1.6347
GRB10	-1.5615
COBL	1.0992
LOC101928675	-0.7678
POM121L12	1.6778
VSTM2A	0.28885
SEC61G	0.016747
EGFR	0.7659
LANCL2	-0.2465
VOPP1	-0.3619
LOC101060341	-0.32056
SEPT14	-0.19293
ZNF713	-0.1016
MRPS17	0.55534
GBAS	0.11362
PSPH	-0.01884
CCT6A	-0.46704
SUMF2	-0.92882
PHKG1	-0.50417
CHCHD2	0.15221
NUPR1L	0.42448
LOC101928468	-1.3733
LOC101928587	-0.02823
ZNF479	-2.2472
LOC105375297	-0.2054
ZNF716	-0.15718
LOC105375302	0.072175
LOC402269	0.65057
LOC100996414	-0.04065
LOC100996365	-0.49317
LOC102724777	-1.4322
LOC105375316	-1.5289
ZNF727	-0.055576
ZNF735	0.97535
ZNF679	0.40583
ZNF736	0.3413
ZNF680	-0.23403
ZNF107	-0.30923
ZNF138	-0.050349
ZNF273	-1.005
LOC441239	-1.3854
ZNF117	0.70313
ERV3-1	0.69774
ZNF92	0.87087
LOC101929322	1.0083
VKORC1L1	0.12756
GUSB	0.028966
ASL	-0.34846
CRCP	-0.60131
TPST1	-0.90568
KCTD7	-0.57944
RABGEF1	-0.3311
TMEM248	0.023283
SBDS	-0.44931
TYW1	-1.8398
AUTS2	-0.026106
WBSCR17	-0.54035
CALN1	3.1399
TYW1B	0.45399
POM121	1.5076
TRIM74	0.20096
NSUN5	-0.0095302
TRIM50	0.73076
FKBP6	0.87177
FZD9	1.2336
BAZ1B	2.0002
BCL7B	1.5216
TBL2	1.5776
MLXIPL	1.9961
VPS37D	1.7791
DNAJC30	1.7988
WBSCR22	1.7848
STX1A	1.5875
ABHD11	0.89622
CLDN3	0.39371
CLDN4	-0.23966
WBSCR27	-0.33822
WBSCR28	-2.164
ELN	0.3625
LIMK1	0.21378
EIF4H	-0.069742
LAT2	1.2426
RFC2	1.0543
CLIP2	-0.60493
GTF2IRD1	0.48682
GTF2I	1.399
NCF1	-1.7808
GTF2IRD2	-1.3041
GATSL2	1.5384
WBSCR16	1.298
TRIM73	0.79242
POM121C	0.40619
SPDYE5	-0.030309
HIP1	1.2826
CCL26	1.2725
CCL24	-2.541
RHBDD2	-1.3524
POR	0.58764
TMEM120A	-0.077345
STYXL1	-0.68636
MDH2	-0.90816
LOC101927160	-0.64448
SRRM3	0.062573
HSPB1	0.49662
YWHAG	-0.08068
SSC4D	0.95309
ZP3	0.7776
DTX2	1.0463
LOC105375355	1.1376
LOC105375354	1.1715
SPDYE16	1.0727
POMZP3	0.56877
SPDYE18	-0.77884
CCDC146	1.3733
FGL2	1.5358
GSAP	-0.0023637
PTPN12	0.6006
RSBN1L	0.3636
TMEM60	0.33026
PHTF2	0.73268
MAGI2	1.6032
GNAI1	0.097076
GNAT3	1.0981
CD36	0.033581
SEMA3C	0.5413
LOC105369146	0.12281
HGF	-0.52049
CACNA2D1	1.3143
PCLO	-1.1117
SEMA3E	-0.55122
SEMA3A	-0.70829
SEMA3D	-0.020688
GRM3	-0.4883
KIAA1324L	0.57942
LOC105375383	0.17941
LOC101927420	-0.068864
DMTF1	0.096555
TMEM243	-0.060357
CROT	0.95136
ABCB4	0.44458
ABCB1	0.40773
RUNDC3B	1.5629
SLC25A40	1.791
DBF4	1.7984
ADAM22	0.85617
SRI	2.2513
STEAP4	1.7081
ZNF804B	0.55839
C7orf62	1.9669
STEAP1	-0.20068
STEAP2	0.15738
CFAP69	-0.34909
GTPBP10	0.34877
CLDN12	-1.3959
LOC102723899	-1.2014
CDK14	-0.76665
FZD1	0.60816
MTERF1	-0.68175
AKAP9	1.1291
CYP51A1	1.0904
LRRD1	1.0482
KRIT1	0.05834
ANKIB1	0.871
LOC105375396	0.56589
GATAD1	-0.36559
ERVW-1	-0.090634
PEX1	-0.64983
RBM48	-0.44947
FAM133B	-0.76797
CDK6	-0.55264
SAMD9	-1.6842
SAMD9L	-1.4185
HEPACAM2	-1.795
CCDC132	-1.1371
CALCR	0.1842
TFPI2	-0.044278
GNGT1	0.37799
GNG11	0.61774
BET1	2.2667
COL1A2	-1.0509
CASD1	-0.70689
SGCE	-0.38886
PEG10	-0.36882
PPP1R9A	-0.095329
PON1	-0.64344
PON3	-0.36524
PON2	-0.13068
ASB4	0.69675
PDK4	-0.25208
DYNC1I1	0.68172
SLC25A13	-0.22185
C7orf76	-1.2745
SHFM1	-1.11
DLX6	0.46404
DLX5	0.52328
SDHAF3	2.1831
TAC1	1.7284
ASNS	1.4478
OCM2	0.11355
LMTK2	0.18258
BHLHA15	0.34411
TECPR1	1.1299
BRI3	0.92138
BAIAP2L1	0.86067
NPTX2	0.39303
TMEM130	-0.2561
TRRAP	-0.20949
SMURF1	-0.47808
KPNA7	0.0013034
ARPC1A	1.2702
ARPC1B	1.7198
PDAP1	1.2509
BUD31	1.5507
PTCD1	1.7677
ATP5J2-PTCD1	2.0316
CPSF4	2.1883
ATP5J2	2.2685
ZNF789	2.1048
ZNF394	1.904
ZKSCAN5	1.551
FAM200A	1.8989
ZNF655	2.0719
GS1-259H13.2	2.0353
ZSCAN25	1.6148
CYP3A5	1.3271
CYP3A7-CYP3A51P	1.5166
CYP3A7	1.5449
CYP3A4	1.4739
CYP3A43	0.18787
OR2AE1	-0.010057
TRIM4	0.4291
GJC3	0.030881
AZGP1	0.70972
ZKSCAN1	-0.28923
ZSCAN21	-0.61194
ZNF3	-0.78184
COPS6	-0.54763
MCM7	-0.71509
AP4M1	-0.87325
TAF6	-0.81619
CNPY4	-1.0517
MBLAC1	-1.0282
LAMTOR4	-0.72607
C7orf43	-1.026
GAL3ST4	-0.9823
GPC2	-1.0882
STAG3	-0.64647
GATS	-0.41847
PVRIG	-0.57581
SPDYE3	0.42177
PILRB	0.52683
PILRA	0.67043
ZCWPW1	0.88309
MEPCE	0.90077
PPP1R35	0.93073
C7orf61	0.88634
TSC22D4	0.65331
NYAP1	0.59485
AGFG2	-0.38661
SAP25	-0.45273
LRCH4	-0.45506
ZASP	-0.29795
FBXO24	0.77168
PCOLCE	1.6404
MOSPD3	1.4711
TFR2	1.0177
ACTL6B	0.37978
GNB2	0.0025605
GIGYF1	-0.5015
POP7	-0.47078
EPO	-1.2242
ZAN	0.21097
EPHB4	0.38284
SLC12A9	0.024315
TRIP6	0.028358
SRRT	0.04279
UFSP1	0.205
ACHE	0.042884
MUC3A	0.90389
MUC12	0.35325
MUC17	-1.4288
TRIM56	-1.4654
SERPINE1	-1.6337
AP1S1	-1.0294
VGF	-1.2689
NAT16	-0.98713
MOGAT3	0.35883
PLOD3	0.4707
ZNHIT1	0.28289
CLDN15	-0.1992
FIS1	-0.21728
IFT22	1.143
COL26A1	-0.26125
MYL10	0.58632
CUX1	0.53618
SH2B2	2.391
SPDYE6	1.4206
LOC100289561	0.49519
PRKRIP1	0.40218
LOC105375433	0.056611
ORAI2	1.444
ALKBH4	0.967
LRWD1	0.59533
POLR2J	0.61243
RASA4B	0.24527
FBXL13	1.3273
FAM185A	0.73072
LRRC17	-0.65263
NFE4	-0.68561
ARMC10	0.43038
NAPEPLD	0.84582
PMPCB	0.29607
DNAJC2	0.37807
PSMC2	0.86754
SLC26A5	-0.076151
RELN	-0.069272
ORC5	0.57174
LHFPL3	-1.1733
KMT2E	2.0722
SRPK2	3.8903
PUS7	2.4001
RINT1	2.2651
ATXN7L1	1.1207
CDHR3	-1.3427
SYPL1	-0.1223
NAMPT	-0.43556
CCDC71L	-0.17793
PIK3CG	0.046936
PRKAR2B	-0.30732
HBP1	-0.47008
COG5	-0.57893
GPR22	0.20883
DUS4L	-0.2063
BCAP29	-0.33437
SLC26A4	-0.59645
CBLL1	-0.46557
SLC26A3	0.66563
DLD	0.63678
LAMB1	-0.065301
LAMB4	0.071951
NRCAM	0.48082
PNPLA8	0.548
THAP5	0.35675
DNAJB9	0.21749
C7orf66	0.78387
IMMP2L	1.0625
LRRN3	1.8643
DOCK4	0.45299
ZNF277	0.30927
IFRD1	0.76259
LSMEM1	0.42696
TMEM168	1.3845
C7orf60	1.2553
GPR85	2.084
PPP1R3A	0.58846
FOXP2	1.6698
MDFIC	1.6978
TFEC	-0.46327
TES	-0.24377
CAV2	-1.1562
CAV1	-0.58535
MET	0.58575
CAPZA2	-0.041945
ST7	-0.68481
WNT2	-0.50028
ASZ1	-1.3258
CFTR	-0.57368
CTTNBP2	1.0105
LSM8	-0.93004
ANKRD7	-0.067612
KCND2	-0.91319
TSPAN12	1.4287
ING3	1.1827
CPED1	0.52856
WNT16	1.9876
FAM3C	1.9919
PTPRZ1	0.11566
AASS	0.1052
FEZF1	0.31954
CADPS2	-1.2871
RNF133	-0.29648
RNF148	-0.21718
TAS2R16	-0.49001
SLC13A1	-0.24325
IQUB	0.84182
NDUFA5	0.62248
ASB15	0.61052
LMOD2	0.6357
WASL	0.65108
HYAL4	-1.6513
SPAM1	0.020128
TMEM229A	0.42343
GPR37	1.3427
C7orf77	1.2897
POT1	2.2967
GRM8	-2.5182
ZNF800	-0.19967
GCC1	0.22215
ARF5	0.27127
FSCN3	0.11847
PAX4	0.21246
SND1	1.969
LRRC4	2.1031
LEP	-0.033508
RBM28	1.9872
PRRT4	1.1559
IMPDH1	1.5503
HILPDA	1.6284
METTL2B	0.73855
LOC101928451	1.1459
FAM71F2	1.0815
FAM71F1	1.7022
CALU	-0.11555
OPN1SW	0.049362
CCDC136	1.0797
FLNC	1.0821
ATP6V1F	0.38485
LOC100130705	0.4559
KCP	1.9897
IRF5	1.358
TNPO3	1.9548
TSPAN33	0.28834
SMO	0.98084
AHCYL2	1.0619
STRIP2	0.61956
SMKR1	0.8998
LOC105375620	0.28813
NRF1	0.47777
UBE2H	0.83948
ZC3HC1	1.2271
KLHDC10	-1.1723
TMEM209	0.24982
SSMEM1	0.03651
CPA2	-0.44425
CPA4	-1.3264
CPA5	-0.93836
CPA1	-0.2265
CEP41	-0.27954
MEST	-0.25572
COPG2	-0.18985
TSGA13	-0.18304
KLF14	-0.44
MKLN1	0.66727
PODXL	-0.029027
PLXNA4	3.2826
CHCHD3	0.96295
EXOC4	2.8297
LRGUK	-0.15005
SLC35B4	-0.67387
AKR1B1	0.67891
AKR1B10	-0.74487
AKR1B15	1.0331
BPGM	-0.22344
CALD1	-1.419
AGBL3	-1.6487
TMEM140	-1.7977
C7orf49	-1.6337
WDR91	-1.2099
STRA8	0.17653
CNOT4	0.40428
NUP205	-0.26632
C7orf73	-0.65387
SLC13A4	0.48684
FAM180A	0.79196
LUZP6	-0.49358
MTPN	-0.49358
CHRM2	1.8649
PTN	0.24018
DGKI	0.17521
CREB3L2	-1.0282
LOC100130880	-1.1766
AKR1D1	0.08234
TRIM24	0.94313
SVOPL	-0.30004
ATP6V0A4	-0.066839
TMEM213	0.46645
KIAA1549	1.4642
ZC3HAV1L	0.83607
ZC3HAV1	0.32573
TTC26	-0.39742
UBN2	-1.4326
LUC7L2	-0.53199
C7orf55	-0.77322
C7orf55-LUC7L2	-0.53199
KLRG2	0.83264
CLEC2L	0.81282
HIPK2	0.31404
TBXAS1	0.04089
PARP12	0.54311
KDM7A	2.6529
SLC37A3	0.53233
RAB19	-0.74456
MKRN1	0.78956
DENND2A	-0.16101
ADCK2	0.66455
NDUFB2	0.71734
BRAF	1.0719
MRPS33	2.4134
TMEM178B	1.6191
AGK	-0.39489
KIAA1147	-0.82681
WEE2	0.6029
SSBP1	0.65179
TAS2R3	0.73476
TAS2R4	0.86935
TAS2R5	0.83763
PRSS37	0.6707
OR9A4	-1.4774
CLEC5A	-1.7276
TAS2R38	-0.38403
MGAM	1.391
MGAM2	0.28752
PRSS58	-0.28347
TRB	1.5102
MTRNR2L6	1.2024
PRSS1	-0.19052
PRSS2	-0.69914
EPHB6	-1.2731
TRPV6	-0.84809
TRPV5	0.34856
C7orf34	0.82873
KEL	0.1994
OR9A2	-1.789
OR6V1	-0.42502
PIP	-0.94263
TAS2R39	-0.46197
TAS2R40	1.198
GSTK1	0.36638
TMEM139	0.13708
CASP2	1.0842
CLCN1	2.0648
FAM131B	1.3243
ZYX	0.5497
LOC100507507	0.46333
EPHA1	1.4879
TAS2R60	1.0632
TAS2R41	0.76729
TCAF2	-0.55173
TCAF1	-0.27258
OR2F1	0.17322
OR2F2	-0.61674
OR6B1	-1.4059
OR2A5	-0.85097
OR2A25	-0.60032
OR2A12	-0.13049
OR2A2	0.32652
OR2A14	0.026636
CTAGE4	-0.88243
ARHGEF35	-0.55892
ARHGEF5	-2.2181
NOBOX	-0.68244
TPK1	-0.26
CNTNAP2	2.1186
C7orf33	1.368
CUL1	0.19041
EZH2	-0.60629
PDIA4	-0.99821
ZNF786	0.26356
ZNF425	-0.08552
ZNF398	-0.40669
ZNF282	-0.92046
ZNF212	-0.54828
ZNF783	-0.63541
ZNF777	0.4111
ZNF746	0.83855
KRBA1	1.0341
ZNF467	0.27333
SSPO	-0.1522
ZNF862	-0.081946
ATP6V0E2	-0.90614
ACTR3C	-1.2697
LRRC61	-0.70113
ZBED6CL	-0.50906
RARRES2	-0.35195
REPIN1	-1.5233
ZNF775	0.099777
GIMAP8	0.8941
GIMAP7	-0.88415
GIMAP4	-1.3877
GIMAP6	-1.4022
GIMAP2	-0.85467
GIMAP1	0.386
GIMAP1-GIMAP5	0.33842
GIMAP5	0.38145
TMEM176B	1.2004
TMEM176A	0.93082
AOC1	-0.18564
KCNH2	0.25716
NOS3	1.6344
ATG9B	1.6047
ABCB8	0.86433
ASIC3	0.0050356
CDK5	0.14033
SLC4A2	-0.073795
FASTK	-0.17065
TMUB1	-0.023263
AGAP3	2.7106
GBX1	3.5479
ASB10	3.5069
IQCA1L	3.042
ABCF2	-1.1922
CHPF2	-0.7951
SMARCD3	-0.067254
NUB1	0.74455
WDR86	0.72775
CRYGN	1.7012
RHEB	2.0091
PRKAG2	0.19356
GALNTL5	0.010953
GALNT11	-0.90357
KMT2C	-0.72488
XRCC2	-0.93151
ACTR3B	-0.33107
LOC101929087	-1.064
DPP6	0.035487
LOC101929998	-0.099154
PAXIP1	-3.0968
HTR5A	-0.47977
INSIG1	-0.93377
EN2	1.5463
CNPY1	0.76505
RBM33	-0.33381
SHH	-1.2154
LOC389602	1.2552
RNF32	1.0313
LMBR1	1.0556
LOC105375604	1.6712
NOM1	1.189
MNX1	0.20649
UBE3C	-0.18814
DNAJB6	1.9506
LOC105375621	0.036472
PTPRN2	2.1596
LOC105375612	-0.44378
NCAPG2	0.51735
ESYT2	-0.042228
WDR60	-0.87971
VIPR2	0.38149
ZNF596	-0.61571
FBXO25	-0.47735
TDRP	0.82427
ERICH1	-0.033852
LOC105377774	0.096532
LOC105377777	0.47834
DLGAP2	0.70611
CLN8	1.2249
ARHGEF10	-0.17673
KBTBD11	-0.18804
LOC101928058	0.25951
MYOM2	0.71679
CSMD1	1.5585
LOC105377792	0.018365
LOC105377789	1.1929
MCPH1	0.11813
ANGPT2	0.55955
AGPAT5	-1.8567
XKR5	-1.5721
DEFB1	0.58786
DEFA6	-2.9406
DEFA4	-1.7006
DEFA1	-1.1176
DEFA3	0.72804
DEFA5	0.3203
USP17L1	1.2071
USP17L4	1.2756
SGK223	1.9772
CLDN23	2.2222
MFHAS1	5.1241
ERI1	3.8952
PPP1R3B	2.5833
TNKS	2.502
MSRA	5.207
PRSS55	2.444
RP1L1	4.4519
LOC105379238	4.0809
C8orf74	4.0263
SOX7	4.1018
PINX1	3.619
XKR6	4.7721
LOC105379247	3.5281
MTMR9	4.0855
SLC35G5	4.1264
FAM167A	3.8352
BLK	4.4968
GATA4	3.6271
LOC101929490	3.2117
NEIL2	2.81
FDFT1	3.1566
CTSB	3.7296
DEFB136	2.6651
DEFB135	2.676
DEFB134	3.1686
LOC100133267	-0.22677
USP17L7	-1.6429
USP17L2	-1.6429
DEFB130	-0.16685
LONRF1	-1.6896
KIAA1456	0.51913
LOC105379290	0.64009
DLC1	-1.4811
C8orf48	-0.95671
SGCZ	0.51446
TUSC3	-1.0174
MSR1	-0.18177
FGF20	0.66765
MICU3	-1.2368
ZDHHC2	-0.06944
CNOT7	0.0017003
VPS37A	-0.3516
MTMR7	0.38664
SLC7A2	-1.8125
PDGFRL	-0.11578
MTUS1	0.93761
FGL1	-0.76372
PCM1	-0.94812
ASAH1	-0.13083
NAT1	-0.43349
NAT2	0.35944
PSD3	0.52365
SH2D4A	0.067039
CSGALNACT1	-0.71897
INTS10	-0.30467
LPL	-0.18147
SLC18A1	0.33023
ATP6V1B2	0.9805
LZTS1	0.24543
LOC105379398	1.396
LOC105379399	0.40511
GFRA2	1.7011
DOK2	1.5252
XPO7	0.093849
NPM2	0.98761
FGF17	1.8036
DMTN	1.0527
FAM160B2	0.43435
NUDT18	0.74482
HR	0.78156
REEP4	0.93622
LGI3	0.70258
SFTPC	-0.04419
BMP1	-0.05158
PHYHIP	0.032817
POLR3D	0.25418
PIWIL2	-0.48627
SLC39A14	-0.80213
PPP3CC	0.061253
SORBS3	-0.069277
PDLIM2	-0.13466
C8orf58	-0.21058
CCAR2	0.33503
BIN3	0.86063
EGR3	-0.64191
PEBP4	0.50252
RHOBTB2	0.44634
TNFRSF10B	-2.0598
TNFRSF10C	-0.53165
TNFRSF10D	0.62127
TNFRSF10A	-0.2198
CHMP7	0.80366
R3HCC1	-0.5204
LOXL2	-2.0014
ENTPD4	-0.12388
SLC25A37	-1.8405
NKX3-1	0.24584
NKX2-6	0.14768
STC1	-0.24251
ADAM28	0.46325
ADAMDEC1	1.3808
ADAM7	0.67692
NEFM	2.7556
NEFL	1.6093
DOCK5	0.54779
GNRH1	0.91436
KCTD9	0.75718
CDCA2	0.41538
EBF2	-0.33535
PPP2R2A	2.0402
BNIP3L	2.2174
PNMA2	0.038223
DPYSL2	0.92833
ADRA1A	0.39202
STMN4	-0.32215
TRIM35	-1.2404
PTK2B	-0.91115
CHRNA2	-1.4508
EPHX2	-0.43546
CLU	0.63624
SCARA3	-0.71991
CCDC25	0.028975
ESCO2	-0.034517
PBK	0.10257
SCARA5	-0.60812
NUGGC	-1.0261
ELP3	-0.093151
PNOC	0.43174
ZNF395	-0.52058
FBXO16	-0.81152
FZD3	-2.0403
EXTL3	2.8852
INTS9	0.33652
HMBOX1	0.80846
KIF13B	1.5603
DUSP4	0.86746
SARAF	0.94337
LEPROTL1	0.35015
MBOAT4	0.38967
DCTN6	0.36482
RBPMS	-0.38303
GTF2E2	0.16933
SMIM18	0.23831
GSR	0.30353
UBXN8	1.2925
LOC105379356	0.70332
PPP2CB	2.0091
TEX15	0.66629
PURG	1.7298
WRN	1.7651
NRG1	1.5542
FUT10	-0.47759
MAK16	-1.2956
TTI2	-1.452
RNF122	-1.4246
DUSP26	-0.58489
UNC5D	-1.1183
KCNU1	0.12601
ZNF703	0.52387
ERLIN2	-0.89373
PROSC	0.50807
ADGRA2	-0.865
BRF2	0.39558
RAB11FIP1	-0.31609
GOT1L1	0.093304
ADRB3	0.67678
EIF4EBP1	1.7876
ASH2L	-0.60272
STAR	2.0931
LSM1	4.1623
BAG4	4.1085
DDHD2	4.2296
PPAPDC1B	4.2731
WHSC1L1	4.1572
LETM2	4.3107
FGFR1	4.4157
C8orf86	1.6239
TACC1	1.5483
PLEKHA2	1.8569
HTRA4	2.4555
TM2D2	2.3878
ADAM9	1.5352
ADAM32	-0.7367
ADAM18	-0.35287
ADAM2	-0.90341
IDO1	0.33035
IDO2	0.29889
C8orf4	-0.12328
ZMAT4	2.1488
SFRP1	0.35948
GOLGA7	0.17605
GINS4	0.92377
AGPAT6	0.72261
NKX6-3	-0.5185
ANK1	1.6086
KAT6A	3.144
AP3M2	-0.69237
PLAT	-0.54023
IKBKB	-0.71577
POLB	-0.56713
DKK4	0.32334
VDAC3	1.0379
SLC20A2	1.1244
SMIM19	-0.38006
CHRNB3	0.60439
CHRNA6	-2.278
THAP1	-0.69152
RNF170	0.32666
HOOK3	0.14879
FNTA	0.083694
POMK	-0.22761
HGSNAT	0.31947
POTEA	-0.29809
LOC105375816	1.4559
LOC105375817	1.4227
SPIDR	1.5973
CEBPD	-0.4449
PRKDC	0.83685
MCM4	0.4808
UBE2V2	1.3321
EFCAB1	-0.16695
SNAI2	-0.67233
C8orf22	-2.138
SNTG1	-0.3252
PXDNL	1.8377
PCMTD1	2.0223
ST18	2.5974
FAM150A	2.339
RB1CC1	1.9148
NPBWR1	-0.074821
OPRK1	1.3426
ATP6V1H	-0.49798
RGS20	-0.18161
TCEA1	0.65378
LYPLA1	0.862
MRPL15	0.12437
LOC105375840	0.88813
SOX17	-0.57672
LOC100129098	-0.90902
RP1	0.4231
XKR4	0.6005
TMEM68	0.5925
TGS1	0.90791
LYN	-0.012413
RPS20	0.56308
MOS	0.16343
PLAG1	2.0888
CHCHD7	0.80194
SDR16C5	-0.060816
PENK	1.2611
IMPAD1	1.0804
FAM110B	0.83961
UBXN2B	-0.42525
CYP7A1	-1.7058
SDCBP	-0.37368
NSMAF	-0.8277
TOX	0.10514
LOC105375861	-1.9828
CA8	-0.14867
RAB2A	-0.69267
CHD7	1.487
LOC105375938	1.0012
CLVS1	0.24143
ASPH	0.32322
NKAIN3	0.30524
GGH	-0.051394
TTPA	-0.73577
YTHDF3	-0.5683
BHLHE22	0.15382
CYP7B1	0.45771
ARMC1	2.1889
MTFR1	2.5024
PDE7A	2.1982
DNAJC5B	0.61159
TRIM55	-0.4386
CRH	-0.87738
RRS1	-0.7564
ADHFE1	-0.60024
C8orf46	0.56669
MYBL1	-0.28868
VCPIP1	-0.050223
C8orf44	-0.99278
C8orf44-SGK3	0.42082
SGK3	0.61069
MCMDC2	0.67866
TCF24	0.19094
PPP1R42	0.045027
COPS5	0.1939
CSPP1	0.30049
ARFGEF1	1.3543
LOC102724708	1.4004
CPA6	1.2344
PREX2	-0.61588
C8orf34	-1.2023
SULF1	-1.3193
SLCO5A1	-0.80867
PRDM14	1.8401
NCOA2	-0.76685
TRAM1	-0.9157
LACTB2	-0.78321
XKR9	-0.52983
EYA1	1.6984
MSC	-0.13748
TRPA1	-0.49964
KCNB2	-1.8651
TERF1	-0.33535
SBSPON	-0.34356
C8orf89	0.49149
RPL7	0.14944
RDH10	0.28322
STAU2	2.0592
UBE2W	-1.315
TCEB1	1.5503
TMEM70	0.82125
LY96	0.62169
JPH1	0.29724
GDAP1	0.53627
PI15	-0.82365
CRISPLD1	-0.8115
HNF4G	2.4407
ZFHX4	2.4514
PEX2	-1.9585
PKIA	-0.10131
ZC2HC1A	0.62465
IL7	0.41686
STMN2	0.74067
HEY1	0.93979
MRPS28	0.51721
TPD52	0.91157
ZBTB10	1.2084
ZNF704	-0.88119
PAG1	-0.51153
FABP5	0.11423
PMP2	-0.25361
FABP9	-0.6697
FABP4	0.50501
FABP12	0.067358
IMPA1	0.51263
SLC10A5	-0.091427
ZFAND1	-0.45575
CHMP4C	1.612
SNX16	2.9998
RALYL	3.0862
LRRCC1	-0.49073
E2F5	-0.097739
C8orf59	0.39781
CA13	0.56824
CA1	0.59557
CA3	1.0081
CA2	1.0056
PSKH2	-1.9066
ATP6V0D2	-0.030954
SLC7A13	0.74853
WWP1	1.1314
RMDN1	1.1642
CPNE3	0.76341
CNGB3	1.2687
CNBD1	0.82116
DCAF4L2	0.49428
MMP16	-0.27346
RIPK2	0.50436
OSGIN2	0.67979
NBN	-0.47455
DECR1	-0.11815
CALB1	0.18321
TMEM64	0.19178
NECAB1	0.54851
C8orf88	-0.14033
TMEM55A	0.081169
OTUD6B	0.64871
LRRC69	0.49243
SLC26A7	0.9821
RUNX1T1	1.2576
TRIQK	-0.040177
C8orf87	-0.55153
FAM92A1	1.786
RBM12B	1.7796
TMEM67	2.3309
PDP1	2.062
CDH17	1.1351
GEM	1.4542
RAD54B	0.42124
FSBP	0.16628
KIAA1429	0.73137
ESRP1	-0.15192
DPY19L4	-0.36879
INTS8	0.010331
CCNE2	0.10042
NDUFAF6	0.25672
TP53INP1	0.30767
PLEKHF2	1.5051
C8orf37	-0.33867
GDF6	-1.2848
UQCRB	-1.2582
MTERF3	-1.2272
PTDSS1	-1.11
SDC2	2.4799
CPQ	-0.79029
TSPYL5	-0.19768
MTDH	1.5036
LAPTM4B	0.39661
MATN2	1.1563
RPL30	0.11086
ERICH5	-1.1597
HRSP12	-1.0142
POP1	-0.64151
NIPAL2	-1.4229
STK3	-0.28157
KCNS2	0.57715
LOC105375661	-0.097043
OSR2	0.33257
VPS13B	-0.28359
COX6C	1.4397
RGS22	-0.084496
LOC105375667	1.5134
FBXO43	1.1771
POLR2K	1.1164
SPAG1	0.91778
RNF19A	0.65149
ANKRD46	-0.44572
SNX31	0.63869
PABPC1	1.6289
YWHAZ	1.3398
ZNF706	-0.45653
LOC105375678	0.92334
GRHL2	2.5984
NCALD	4.1267
RRM2B	-0.77854
UBR5	0.26053
ODF1	2.0967
KLF10	-0.12455
LOC101927245	0.32165
AZIN1	0.58387
ATP6V1C1	0.34761
BAALC	0.25144
FZD6	0.47198
CTHRC1	0.09945
SLC25A32	0.41726
DCAF13	0.59181
RIMS2	-0.48288
DCSTAMP	0.51123
DPYS	0.066331
LRP12	-0.071345
ZFPM2	-0.64546
OXR1	-0.030487
ABRA	1.4548
ANGPT1	0.10997
RSPO2	-0.59379
EIF3E	1.5179
EMC2	1.9429
TMEM74	-1.0905
TRHR	0.72249
NUDCD1	1.2962
ENY2	0.52487
PKHD1L1	-0.28193
EBAG9	0.24228
SYBU	-0.43787
KCNV1	0.63575
CSMD3	0.18863
TRPS1	-0.72184
EIF3H	2.08
UTP23	1.5401
RAD21	0.087039
AARD	-0.41807
SLC30A8	0.30413
MED30	0.79612
EXT1	0.77566
SAMD12	0.61039
TNFRSF11B	-0.18266
COLEC10	-0.93151
MAL2	-1.1132
NOV	0.36958
ENPP2	-0.33037
TAF2	-0.33263
DSCC1	0.14276
DEPTOR	-0.70138
COL14A1	0.18022
MRPL13	-0.89672
MTBP	-0.61183
SNTB1	0.64986
HAS2	-0.56027
ZHX2	1.2465
DERL1	0.54369
TBC1D31	0.43446
FAM83A	1.0575
C8orf76	0.66867
ZHX1-C8orf76	0.41994
ZHX1	0.14693
ATAD2	1.091
WDYHV1	0.35089
FBXO32	0.12174
KLHL38	0.22476
ANXA13	0.85287
FAM91A1	2.0154
FER1L6	-0.32687
TMEM65	-0.33587
TRMT12	2.5614
RNF139	2.4825
TATDN1	1.7072
NDUFB9	1.5582
MTSS1	-0.54095
ZNF572	-0.49722
SQLE	-0.41576
KIAA0196	-0.50027
NSMCE2	-0.49553
TRIB1	0.95578
FAM84B	-0.94705
LOC105375751	-0.68462
POU5F1B	0.61703
MYC	1.8454
GSDMC	1.1433
FAM49B	1.5412
ASAP1	1.3257
ADCY8	0.0086101
EFR3A	1.2766
OC90	-1.7744
HHLA1	0.8181
KCNQ3	0.048051
LRRC6	-1.3554
TMEM71	-1.5317
PHF20L1	-1.733
TG	-0.050021
SLA	0.86345
WISP1	1.1712
NDRG1	0.37916
ST3GAL1	-1.2235
ZFAT	0.39837
KHDRBS3	2.3217
FAM135B	0.85024
COL22A1	-1.1514
KCNK9	-1.1071
TRAPPC9	1.25
CHRAC1	1.1356
AGO2	1.9903
PTK2	0.65533
DENND3	-0.99215
SLC45A4	0.70944
GPR20	-1.5277
PTP4A3	-0.38507
MROH5	-1.8337
TSNARE1	0.48649
ADGRB1	1.1006
ARC	2.41
JRK	0.68629
PSCA	-0.31195
LY6K	-0.82409
THEM6	-2.1891
SLURP1	-2.1822
LYPD2	-1.3555
LYNX1	-1.6681
LY6D	-0.93288
GML	-0.9906
CYP11B1	-0.69875
CYP11B2	-1.047
LY6E	0.19407
C8orf31	-1.2336
LOC101928108	-1.3988
LY6H	3.0273
GPIHBP1	0.23703
ZFP41	0.093234
GLI4	0.082078
ZNF696	-0.50635
TOP1MT	0.94857
RHPN1	2.3177
MAFA	-0.072141
ZC3H3	1.0847
GSDMD	2.0392
MROH6	2.5529
NAPRT	2.9619
EEF1D	2.698
TIGD5	2.0931
PYCRL	1.9699
TSTA3	1.2947
ZNF623	2.2341
ZNF707	0.64993
CCDC166	-0.49969
MAPK15	-1.0058
FAM83H	-1.0498
LOC642574	-0.39993
SCRIB	0.028704
PUF60	-0.77696
NRBP2	-1.2037
EPPK1	-1.6733
PLEC	1.0593
PARP10	0.99433
GRINA	1.0106
SPATC1	0.98752
SMPD5	-0.027649
OPLAH	-0.7431
EXOSC4	-1.1118
GPAA1	-0.95539
CYC1	-0.80138
SHARPIN	-1.1362
MAF1	-0.72987
HGH1	0.25288
MROH1	0.56536
BOP1	0.63365
SCX	0.94456
HSF1	0.51966
DGAT1	0.2564
SCRT1	-0.22606
TMEM249	-1.4537
FBXL6	-1.5768
SLC52A2	-1.527
ADCK5	-1.0909
CPSF1	-1.2953
SLC39A4	-1.3327
VPS28	-0.34712
TONSL	-0.029479
CYHR1	1.8868
KIFC2	2.3803
FOXH1	2.2399
PPP1R16A	2.3264
GPT	1.9941
MFSD3	1.9155
RECQL4	1.9633
LRRC14	2.0003
LRRC24	2.0076
C8orf82	2.1507
ARHGAP39	0.81858
ZNF251	0.035253
ZNF34	-0.43927
RPL8	-0.45235
ZNF517	-0.17474
ZNF7	0.20397
COMMD5	0.45168
ZNF250	1.0218
ZNF16	0.14794
LOC105369148	-0.28242
C8orf33	-0.56056
FOXD4	-0.15863
CBWD1	1.4948
C9orf66	0.1679
DOCK8	-0.52382
KANK1	-1.0462
DMRT1	-1.0057
LOC105375950	-0.035286
DMRT3	0.071317
DMRT2	1.2433
SMARCA2	1.5488
VLDLR	0.5781
KCNV2	0.38117
KIAA0020	-0.3536
RFX3	0.77784
GLIS3	2.2576
SLC1A1	0.44225
SPATA6L	-0.70882
PPAPDC2	-1.6663
CDC37L1	-3.6305
AK3	-0.085463
RCL1	0.32962
JAK2	-1.0951
INSL6	-0.84134
INSL4	-0.57397
RLN2	0.09448
RLN1	0.23843
PLGRKT	-0.5549
CD274	-0.054701
PDCD1LG2	-0.09465
RIC1	0.59352
ERMP1	-0.42591
KIAA2026	1.0327
MLANA	1.5654
RANBP6	0.64986
IL33	1.5165
TPD52L3	0.88905
UHRF2	0.38624
GLDC	-0.31579
KDM4C	-0.092878
TMEM261	0.04441
PTPRD	-1.4328
LOC105375975	0.071933
TYRP1	1.1324
LURAP1L	0.92878
MPDZ	0.63578
NFIB	1.9318
ZDHHC21	1.0057
CER1	0.27447
FREM1	0.51286
TTC39B	1.7442
SNAPC3	-0.084625
PSIP1	-0.15335
CCDC171	-0.9403
C9orf92	-0.22502
BNC2	1.6195
CNTLN	-1.1187
SH3GL2	-0.49494
ADAMTSL1	2.2362
SAXO1	0.11327
RRAGA	-0.72932
HAUS6	-0.73081
PLIN2	-0.83275
DENND4C	0.11165
RPS6	0.84679
ACER2	-0.46803
SLC24A2	-0.93307
MLLT3	0.17845
FOCAD	-0.24726
HACD4	0.59634
IFNB1	-1.2168
IFNW1	-1.5003
IFNA21	1.5974
IFNA4	0.43876
IFNA7	1.162
IFNA10	1.1492
IFNA16	0.9688
IFNA17	0.28948
IFNA14	0.23026
IFNA5	0.878
KLHL9	1.2303
IFNA6	1.0476
IFNA13	0.83958
IFNA2	-0.24902
IFNA8	-0.90133
IFNA1	-0.45059
IFNE	0.324
MTAP	0.10491
CDKN2A	0.13476
CDKN2B	-1.6201
DMRTA1	0.99936
ELAVL2	-0.095708
IZUMO3	0.47119
TUSC1	0.069322
LOC100506422	-0.47397
CAAP1	-0.049871
PLAA	0.2667
IFT74	0.22589
LRRC19	0.0948
TEK	0.62585
EQTN	-0.25751
MOB3B	-0.48658
IFNK	0.25218
C9orf72	-0.71013
LINGO2	2.0939
LOC105376008	-0.33888
ACO1	-1.1414
DDX58	-1.0985
LOC101060445	-1.3484
TOPORS	-1.7021
NDUFB6	-0.85485
TAF1L	2.6916
TMEM215	1.912
APTX	0.5359
DNAJA1	0.66094
SMU1	0.29286
B4GALT1	-0.68832
SPINK4	-1.6352
BAG1	-1.2255
CHMP5	-1.7649
NFX1	-0.89714
AQP7	-0.025256
AQP3	-0.75659
NOL6	-0.15585
ANKRD18B	1.1949
PRSS3	0.90366
UBE2R2	0.25258
UBAP2	0.68019
DCAF12	-1.1238
UBAP1	-0.053668
KIF24	-0.50967
NUDT2	-0.36816
KIAA1161	-0.19452
C9orf24	-0.57989
FAM219A	-0.0052175
DNAI1	0.85673
ENHO	0.64398
CNTFR	1.8732
RPP25L	0.92057
DCTN3	0.86469
ARID3C	0.65407
SIGMAR1	0.69328
GALT	0.7116
IL11RA	0.688
CCL27	0.50032
CCL19	-0.25942
CCL21	0.56473
FAM205A	0.48866
KIAA1045	0.40984
DNAJB5	0.94953
C9orf131	0.8134
VCP	0.94122
FANCG	0.85716
PIGO	0.40508
STOML2	0.65717
FAM214B	-0.50786
UNC13B	-1.7818
RUSC2	0.077473
FAM166B	0.79956
TESK1	-0.69359
CD72	0.57456
SIT1	0.92479
CCDC107	0.80432
ARHGEF39	0.80776
CA9	0.86713
TPM2	0.72024
TLN1	0.40276
CREB3	-0.23416
GBA2	-0.35492
RGP1	-0.36408
NPR2	-0.10439
MSMP	-0.23051
SPAG8	0.23604
HINT2	0.24463
FAM221B	0.29822
TMEM8B	0.20816
OR13J1	1.0486
HRCT1	-1.0748
OR2S2	1.0758
RECK	-0.097048
GLIPR2	1.1314
CCIN	1.1774
CLTA	0.88544
GNE	1.585
RNF38	0.42226
MELK	0.57212
PAX5	0.83995
ZCCHC7	-0.6752
GRHPR	1.4423
ZBTB5	1.0043
POLR1E	-1.0545
FBXO10	-1.1264
TOMM5	0.24091
FRMPD1	-1.6416
TRMT10B	-0.20158
EXOSC3	-0.53858
DCAF10	0.31818
SLC25A51	-0.18016
SHB	0.69688
ALDH1B1	0.73207
IGFBPL1	-0.4068
ANKRD18A	0.279
LOC105376068	1.4918
CNTNAP3	1.3208
ZNF658	0.97978
SPATA31A3	-0.4916
ANKRD20A1	0.15477
CBWD3	-1.728
FOXD4L3	-2.0621
PGM5	0.42244
TMEM252	-1.6558
PIP5K1B	2.4545
FAM122A	2.423
PRKACG	-0.50947
FXN	2.0366
TJP2	1.1412
FAM189A2	0.84233
APBA1	1.0048
PTAR1	0.751
C9orf135	1.4826
MAMDC2	1.4141
SMC5	1.5141
KLF9	-1.0681
TRPM3	-1.2908
TMEM2	-0.74123
ABHD17B	-0.30094
C9orf85	-0.58514
C9orf57	0.63211
GDA	1.2983
ZFAND5	-0.69526
TMC1	1.471
ALDH1A1	1.2457
ANXA1	1.865
RORB	-0.32289
TRPM6	-1.5077
C9orf40	-0.14343
C9orf41	-0.17838
NMRK1	1.111
OSTF1	1.8244
PCSK5	1.9352
RFK	0.39068
GCNT1	-0.78937
PRUNE2	-2.0353
FOXB2	1.3112
VPS13A	0.58291
GNA14	0.38711
GNAQ	0.28062
CEP78	-0.06731
PSAT1	-0.86468
TLE4	0.52508
TLE1	0.87096
SPATA31D3	1.2864
SPATA31D1	1.4433
RASEF	-1.0339
FRMD3	-0.38253
IDNK	2.4075
UBQLN1	1.418
LOC105376114	1.6729
GKAP1	2.2378
KIF27	1.5788
LOC105376335	1.6795
C9orf64	1.6345
HNRNPK	1.5275
RMI1	1.5121
SLC28A3	-1.5252
NTRK2	1.627
AGTPBP1	-0.53821
NAA35	0.29703
GOLM1	-0.74263
C9orf153	0.54117
ISCA1	1.8489
ZCCHC6	1.8936
GAS1	1.2299
C9orf170	0.40343
DAPK1	0.7522
CTSL	0.12234
SPATA31E1	-0.27157
SPATA31C1	-0.45853
LOC105369200	-1.0357
CDK20	0.053767
LOC105369216	-0.55347
SPATA31C2	-2.1547
SPIN1	1.1256
NXNL2	1.2135
LOC286238	2.1616
C9orf47	1.0613
S1PR3	1.7864
SHC3	2.5184
CKS2	1.7074
SECISBP2	1.4496
SEMA4D	2.5064
GADD45G	1.5659
LOC105376141	-1.6907
LOC102724237	-1.6604
DIRAS2	0.73505
SYK	-1.2991
AUH	1.1169
NFIL3	0.34914
ROR2	-0.29469
SPTLC1	0.31516
IARS	-0.86565
NOL8	-0.43256
CENPP	-1.038
OGN	-1.7753
OMD	-0.74044
ASPN	-0.8693
ECM2	-0.77348
IPPK	-0.41646
LOC105376149	-0.30312
BICD2	-1.5677
LOC101929748	-1.1569
ZNF484	-1.2963
FGD3	-0.35958
SUSD3	0.2165
C9orf89	0.059552
NINJ1	-0.2908
WNK2	0.28023
C9orf129	-1.0629
FAM120AOS	-0.91128
FAM120A	-1.2759
PHF2	-0.49866
LOC101929519	0.086038
BARX1	-0.12916
PTPDC1	0.26325
ZNF169	-1.4804
NUTM2F	-0.063814
LOC728026	0.75589
LOC105376153	-0.23675
HIATL1	-1.1029
FBP2	0.56892
FBP1	0.54573
C9orf3	0.40678
FANCC	1.2978
PTCH1	0.11791
ERCC6L2	-0.10354
LOC158434	0.88567
HSD17B3	0.40418
SLC35D2	1.5517
ZNF367	1.0474
HABP4	1.4958
CDC14B	1.9642
AAED1	2.298
ZNF510	-0.66507
ZNF782	1.0856
NUTM2G	1.497
CTSV	0.95444
CCDC180	1.9634
TDRD7	1.2745
TMOD1	-0.21113
TSTD2	0.69631
NCBP1	0.6706
XPA	0.72311
FOXE1	-0.27769
C9orf156	0.3668
HEMGN	0.98593
ANP32B	0.066936
NANS	0.51864
TRIM14	0.31862
CORO2A	1.5292
TBC1D2	0.83296
GABBR2	1.2497
ANKS6	1.5263
GALNT12	0.53934
COL15A1	0.90287
TGFBR1	-0.40621
ALG2	-0.034808
SEC61B	0.043869
NR4A3	-0.37044
STX17	-0.88075
ERP44	-0.45892
INVS	-0.87236
TEX10	-0.46895
MSANTD3	0.67027
MSANTD3-TMEFF1	0.0056544
TMEFF1	-0.22736
MURC	0.92094
LPPR1	0.31508
BAAT	0.56716
MRPL50	0.26532
ZNF189	0.15997
ALDOB	0.39841
TMEM246	1.8192
RNF20	2.4768
GRIN3A	0.95473
PPP3R2	2.0188
CYLC2	2.6558
SMC2	0.84821
LOC105376194	-0.63424
OR13F1	0.039016
OR13C4	0.42507
OR13C3	0.2681
OR13C8	2.0164
OR13C5	1.9304
OR13C2	1.9926
OR13C9	1.8928
OR13D1	0.12509
NIPSNAP3A	1.6351
NIPSNAP3B	1.8681
ABCA1	1.9922
SLC44A1	-0.037541
FSD1L	0.96181
FKTN	1.1395
TAL2	0.36801
TMEM38B	1.3799
LOC105376204	0.24662
ZNF462	-0.0086274
LOC105376336	0.80757
RAD23B	0.33289
KLF4	1.0187
ACTL7B	0.14159
ACTL7A	0.20423
IKBKAP	0.88631
FAM206A	1.1239
CTNNAL1	0.94094
TMEM245	0.017747
FRRS1L	1.6052
EPB41L4B	1.061
PTPN3	-0.91213
PALM2	-1.0062
PALM2-AKAP2	-0.44219
AKAP2	-1.0779
C9orf152	-1.5503
TXN	-1.7276
TXNDC8	0.49712
SVEP1	0.64316
MUSK	-1.7786
LPAR1	-0.51058
OR2K2	1.0014
KIAA0368	1.3398
ZNF483	0.59948
PTGR1	-0.090133
DNAJC25	0.42132
DNAJC25-GNG10	0.021489
GNG10	-0.76595
C9orf84	-1.6052
UGCG	-0.82088
SUSD1	-0.75053
PTBP3	-0.69795
HSDL2	0.68069
KIAA1958	0.85469
INIP	0.63465
SNX30	0.27258
SLC46A2	0.6354
ZNF883	-0.16609
ZFP37	0.17462
SLC31A2	-1.5631
FKBP15	-1.5993
SLC31A1	-1.2381
CDC26	-2.103
PRPF4	-2.0812
RNF183	-1.8758
WDR31	-1.6008
BSPRY	-0.34723
HDHD3	0.29128
ALAD	0.66953
POLE3	0.89654
C9orf43	0.67339
RGS3	-0.016439
ZNF618	-0.0088329
AMBP	-0.9717
KIF12	-0.018244
COL27A1	-1.9354
ORM1	-1.4004
ORM2	-0.92901
AKNA	0.11929
DFNB31	-1.8357
ATP6V1G1	-0.10343
C9orf91	-0.33105
LOC100505478	0.397
TNFSF15	-1.1305
TNFSF8	-0.91653
TNC	-0.67356
DEC1	-0.2017
PAPPA	2.2193
ASTN2	3.4613
TRIM32	1.7728
TLR4	1.0895
BRINP1	-0.53086
CDK5RAP2	1.0839
MEGF9	0.33206
FBXW2	2.5311
PSMD5	2.2713
PHF19	1.4476
TRAF1	0.050548
C5	-0.59151
CNTRL	-0.98925
RAB14	-0.84544
LOC105376337	-0.67939
GSN	-0.5166
STOM	-0.2303
DAB2IP	-0.96777
TTLL11	2.8553
NDUFA8	-1.0193
MORN5	-0.080428
LHX6	1.2152
RBM18	-0.13002
MRRF	-1.7538
PTGS1	0.71295
OR1J2	-0.31361
OR1J1	0.011436
OR1J4	-0.54038
OR1N1	-0.39306
OR1L8	1.1909
OR1N2	-0.81257
OR1Q1	0.83724
OR1B1	1.8232
OR1L1	1.1192
OR1L3	1.8354
OR1L4	1.5536
OR1L6	1.2876
OR5C1	1.9723
OR1K1	0.26366
PDCL	-0.67979
RC3H2	1.7807
ZBTB6	1.7469
ZBTB26	1.8366
RABGAP1	1.9401
GPR21	2.0616
STRBP	2.0881
CRB2	1.1605
DENND1A	1.1038
LHX2	-0.69282
NEK6	-0.42392
PSMB7	0.19393
ADGRD2	-0.12317
NR5A1	0.43902
NR6A1	0.91948
OLFML2A	0.26546
WDR38	0.86024
RPL35	0.79942
ARPC5L	0.66996
GOLGA1	0.66091
SCAI	0.75955
PPP6C	0.52526
RABEPK	0.32124
HSPA5	-1.5323
GAPVD1	-0.65565
MAPKAP1	0.321
PBX3	0.22952
MVB12B	-0.26304
LMX1B	0.94569
ZBTB43	0.36171
ZBTB34	-0.12048
RALGPS1	0.41335
ANGPTL2	0.47981
GARNL3	0.88889
SLC2A8	0.35988
ZNF79	0.14294
RPL12	-0.035325
LRSAM1	0.38464
FAM129B	0.0041598
STXBP1	-0.0092364
C9orf117	-0.08687
PTRH1	0.065725
TTC16	-0.2116
TOR2A	-0.1673
SH2D3C	0.36439
CDK9	-0.16329
FPGS	-2.0304
ENG	-1.7111
LOC102723566	-2.1138
AK1	-1.3482
ST6GALNAC6	-0.69038
ST6GALNAC4	-1.3656
PIP5KL1	-0.91973
DPM2	-1.019
FAM102A	-1.4166
NAIF1	-0.69564
SLC25A25	-0.96414
PTGES2	-0.56372
LCN2	1.7349
C9orf16	2.0572
CIZ1	2.6202
DNM1	2.7229
GOLGA2	2.7375
SWI5	1.4833
TRUB2	0.77396
COQ4	1.2216
SLC27A4	1.4593
URM1	1.1331
CERCAM	-0.54276
ODF2	0.21356
GLE1	0.09483
SPTAN1	-0.25619
WDR34	-0.43256
SET	-0.017085
PKN3	-0.4232
ZDHHC12	-0.0086019
ZER1	-0.87013
TBC1D13	0.52374
ENDOG	0.64755
C9orf114	0.71898
CCBL1	0.12264
LRRC8A	-0.78204
PHYHD1	0.37568
DOLK	0.52987
NUP188	0.32611
SH3GLB2	0.9794
FAM73B	1.7276
DOLPP1	0.98702
CRAT	0.99777
PPP2R4	0.79647
IER5L	0.53154
C9orf106	-0.42405
NTMT1	-1.0996
C9orf50	-1.281
ASB6	-0.85259
PRRX2	-0.2705
PTGES	0.77699
TOR1B	0.2186
TOR1A	0.20647
C9orf78	-0.13881
USP20	-0.55214
FNBP1	-0.39838
GPR107	2.654
NCS1	2.1945
HMCN2	0.50663
ASS1	-0.35442
FUBP3	-0.34581
PRDM12	0.35895
EXOSC2	0.41595
ABL1	-0.031472
QRFP	-0.24558
FIBCD1	-1.5835
LAMC3	-0.18388
AIF1L	-1.2593
NUP214	0.82043
FAM78A	1.0032
PPAPDC3	0.39096
PRRC2B	-0.43281
POMT1	-0.27311
UCK1	0.08368
LOC642515	-1.6957
RAPGEF1	-0.14422
MED27	-0.7746
NTNG2	-1.2158
SETX	-1.661
TTF1	-0.011109
C9orf171	1.4623
BARHL1	0.076349
DDX31	0.27343
GTF3C4	0.88595
AK8	1.5598
C9orf9	1.2071
TSC1	0.63867
GFI1B	1.3199
GTF3C5	0.57605
LOC100996574	0.062135
CEL	1.9983
RALGDS	2.7195
GBGT1	2.3795
LOC101928193	0.19301
OBP2B	-1.1668
ABO	-1.0274
SURF6	0.037851
MED22	0.32819
RPL7A	0.60859
SURF1	0.64803
SURF2	0.64156
SURF4	0.56399
STKLD1	0.83304
REXO4	0.95998
ADAMTS13	1.1448
CACFD1	0.73525
SLC2A6	0.35728
TMEM8C	-1.6135
ADAMTSL2	-0.22907
FAM163B	-0.97755
DBH	1.2452
SARDH	1.4628
VAV2	-0.14576
BRD3	-0.23043
WDR5	0.80088
RXRA	0.33118
COL5A1	0.175
FCN2	1.4395
FCN1	0.27268
OLFM1	0.41679
C9orf62	1.2001
PPP1R26	-0.94182
C9orf116	-0.19291
MRPS2	-0.33481
LCN1	-0.64255
OBP2A	0.68144
PAEP	0.91255
LOC102723971	-1.4733
GLT6D1	-1.3926
LCN9	-0.37725
SOHLH1	-0.79659
KCNT1	0.65251
CAMSAP1	0.49101
UBAC1	-0.59172
NACC2	-0.56317
C9orf69	0.75912
LHX3	2.5061
QSOX2	1.7157
LOC101928722	-0.53082
MGC50722	-0.05076
GPSM1	2.0355
DNLZ	2.3706
CARD9	2.5898
SNAPC4	2.5219
SDCCAG3	1.8755
PMPCA	1.4128
INPP5E	0.85085
SEC16A	0.61121
C9orf163	0.7371
NOTCH1	0.48029
EGFL7	0.62831
AGPAT2	0.36565
FAM69B	0.087486
LCN10	0.78447
LCN6	0.85931
LCN8	0.98483
LCN15	0.70935
TMEM141	-0.082714
CCDC183	-0.70221
RABL6	-0.42399
C9orf172	0.55835
PHPT1	0.7837
MAMDC4	0.69434
EDF1	0.26837
TRAF2	0.24676
FBXW5	-0.849
C8G	-1.1336
LCN12	-1.3927
PRR31	-0.22441
PTGDS	0.45021
LCNL1	0.89156
C9orf142	1.1251
CLIC3	1.2572
ABCA2	0.4724
C9orf139	-0.24824
FUT7	-0.15387
NPDC1	-0.016665
ENTPD2	-0.24275
SAPCD2	0.31082
UAP1L1	0.67079
MAN1B1	0.47078
DPP7	-0.069545
GRIN1	0.56195
LRRC26	-0.053788
TMEM210	0.18109
ANAPC2	0.80956
SSNA1	0.98652
TPRN	0.96825
TMEM203	0.83327
NDOR1	0.96044
RNF208	0.97154
CYSRT1	0.78403
RNF224	0.81619
SLC34A3	1.0258
TUBB4B	0.62396
FAM166A	0.72126
C9orf173	0.5046
NELFB	0.50488
TOR4A	0.36899
NRARP	0.6155
EXD3	-0.41236
NOXA1	-1.3155
ENTPD8	-1.3073
NSMF	0.028228
PNPLA7	-0.33382
MRPL41	0.46866
DPH7	0.17042
ZMYND19	0.38543
ARRDC1	0.48313
EHMT1	1.5364
CACNA1B	0.30636
FAM157B	-1.9599
TUBB8	-0.36924
ZMYND11	0.78821
DIP2C	0.966
LOC105376339	0.7744
LARP4B	0.45995
LOC105376341	0.65225
GTPBP4	0.99965
IDI2	0.65244
LOC102723422	0.70059
IDI1	0.19318
WDR37	-0.91895
ADARB2	-1.5396
LOC105376351	0.20895
LOC101927824	0.033719
PFKP	-0.59667
PITRM1	-0.16475
LOC105376353	-0.45729
LOC105376501	0.98542
KLF6	1.1796
AKR1E2	1.8492
AKR1C1	1.2384
AKR1C2	0.96911
AKR1C3	-1.1977
AKR1C4	-1.2502
UCN3	-0.39606
TUBAL3	1.3689
NET1	1.0309
CALML5	0.74722
CALML3	-0.96289
ASB13	0.066017
FAM208B	0.55194
GDI2	1.2024
ANKRD16	0.54907
FBXO18	-0.42262
IL15RA	-1.6316
IL2RA	0.21385
RBM17	0.65913
PFKFB3	-0.63438
PRKCQ	-1.0346
SFMBT2	1.8958
ITIH5	-0.37416
ITIH2	-0.038121
KIN	-0.15199
ATP5C1	0.18791
TAF3	1.0684
GATA3	2.4962
LOC105376502	1.761
CELF2	0.61154
USP6NL	-2.0424
ECHDC3	-1.1316
PROSER2	-0.58582
UPF2	0.4107
DHTKD1	0.17153
SEC61A2	0.39856
NUDT5	0.16016
CDC123	1.4378
CAMK1D	0.44793
CCDC3	-1.3065
OPTN	-1.9849
MCM10	0.30894
UCMA	0.35274
PHYH	-0.4291
SEPHS1	0.58755
BEND7	-0.068425
PRPF18	1.2088
FRMD4A	0.0282
FAM107B	1.5341
CDNF	0.35616
HSPA14	0.59116
SUV39H2	0.67687
DCLRE1C	0.30231
MEIG1	0.69433
LOC105376432	-0.95538
OLAH	-0.55505
ACBD7	0.61414
C10orf111	1.0343
RPP38	1.1596
NMT2	0.17507
FAM171A1	-0.69052
ITGA8	1.9964
FAM188A	0.03618
PTER	-0.6734
C1QL3	0.33425
RSU1	-0.4622
CUBN	0.86134
TRDMT1	-0.028046
VIM	1.9225
ST8SIA6	0.68685
HACD1	-0.55723
STAM	-1.4966
TMEM236	0.022818
MRC1	1.5046
SLC39A12	0.5645
CACNB2	2.3942
NSUN6	1.8952
ARL5B	1.6934
MALRD1	0.065278
PLXDC2	-0.48573
NEBL	0.38846
C10orf113	1.2935
CASC10	1.3818
SKIDA1	1.6884
MLLT10	1.069
DNAJC1	0.3772
EBLN1	-0.2533
LOC105376446	-0.44743
COMMD3	1.4928
COMMD3-BMI1	1.2342
BMI1	1.161
SPAG6	1.3363
PIP4K2A	0.82337
ARMC3	-0.076851
MSRB2	-0.14322
PTF1A	-1.207
C10orf67	-1.0165
OTUD1	0.76858
KIAA1217	-0.0069027
ARHGAP21	1.4327
PRTFDC1	-0.47677
ENKUR	-0.0068584
THNSL1	0.25436
GPR158	0.25235
MYO3A	0.21761
GAD2	-0.87584
APBB1IP	1.4404
PDSS1	-0.34267
ABI1	1.4108
ANKRD26	-1.8827
YME1L1	-1.3224
MASTL	-0.94177
ACBD5	-0.20381
ARMC4P1	-0.90929
PTCHD3	-1.4495
RAB18	0.11053
MKX	-1.141
ARMC4	0.87306
MPP7	0.31724
WAC	0.3699
BAMBI	-0.52471
C10orf126	1.3772
LYZL1	0.73281
SVIL	0.31048
KIAA1462	0.49745
LOC101929256	0.17995
MTPAP	0.16709
MAP3K8	1.3318
LYZL2	-0.044802
ZNF438	-0.44609
ZEB1	-0.35082
LOC100505502	0.32681
ARHGAP12	1.0973
KIF5B	0.11909
EPC1	-0.83433
CCDC7	-0.16075
ITGB1	-0.50006
NRP1	0.36285
PARD3	1.6907
CUL2	-0.24037
CREM	-0.13785
CCNY	0.49552
GJD4	1.753
FZD8	0.7469
ANKRD30A	-0.94982
MTRNR2L7	0.16503
ZNF248	-0.66717
ZNF25	-0.96557
ZNF33A	-0.51691
ZNF37A	-0.10629
LOC101929373	1.5802
ZNF33B	1.039
BMS1	0.54658
RET	-0.71541
CSGALNACT2	-0.079408
RASGEF1A	0.18213
FXYD4	-0.13757
HNRNPF	-0.30365
ZNF239	0.11261
ZNF485	-0.20997
ZNF32	-1.9698
LOC105378276	-0.24244
C10orf142	0.73562
CXCL12	0.0047199
TMEM72	0.33397
RASSF4	0.082699
C10orf10	-0.035925
C10orf25	0.58705
ZNF22	0.58169
LOC105378283	-0.26334
OR13A1	0.25169
ALOX5	0.49949
MARCH8	-0.31521
ZFAND4	-0.91575
FAM21C	-1.6302
AGAP4	-0.63113
TIMM23	-0.079378
NCOA4	-0.29667
MSMB	-0.96886
LOC105378577	0.90696
ANTXRL	0.4224
GDF10	-0.34647
GDF2	0.1649
RBP3	0.64275
ZNF488	0.56002
ANXA8	-0.42632
FAM25C	-0.4587
FRMPD2	0.26809
MAPK8	0.27327
ARHGAP22	-1.1901
WDFY4	2.0449
LRRC18	1.4176
VSTM4	-0.40407
FAM170B	1.0535
C10orf128	0.54555
C10orf71	1.2416
DRGX	1.0607
ERCC6	-0.22118
PGBD3	-0.62706
ERCC6-PGBD3	-0.13242
CHAT	0.93919
SLC18A3	1.8538
C10orf53	1.1026
OGDHL	1.2502
PARG	-1.0544
TIMM23B	-0.82938
AGAP6	-1.0053
FAM21A	0.48468
ASAH2	0.68386
SGMS1	-0.048698
ASAH2B	-0.40242
A1CF	-1.303
PRKG1	1.6697
CSTF2T	1.0421
DKK1	-0.99193
MBL2	0.49713
PCDH15	0.67522
MTRNR2L5	-0.88393
ZWINT	0.75144
IPMK	-0.72697
CISD1	-0.87762
UBE2D1	-0.71359
TFAM	-0.6595
BICC1	-1.1581
PHYHIPL	-1.6948
FAM13C	-2.1678
SLC16A9	-1.9303
MRLN	-2.1799
CCDC6	0.34422
ANK3	-0.51412
CDK1	-1.4881
RHOBTB1	0.0034494
TMEM26	0.3875
C10orf107	1.7372
ARID5B	-0.20481
RTKN2	-0.080551
ZNF365	1.822
ADO	2.0742
EGR2	3.3329
NRBF2	0.38868
JMJD1C	0.59439
REEP3	0.63145
CTNNA3	0.64963
LRRTM3	-0.48211
DNAJC12	1.5473
SIRT1	1.8294
HERC4	1.8996
MYPN	0.51562
ATOH7	-0.65471
PBLD	-1.2114
HNRNPH3	-0.77529
RUFY2	-0.08419
DNA2	-0.12495
SLC25A16	-0.43166
TET1	-0.086686
CCAR1	0.052206
STOX1	-0.038772
DDX50	0.70822
DDX21	0.6975
KIF1BP	0.21678
SRGN	1.1943
VPS26A	1.9583
SUPV3L1	2.1471
HKDC1	2.4052
HK1	0.24331
TACR2	0.28316
TSPAN15	0.72172
NEUROG3	-0.13261
C10orf35	1.1913
COL13A1	0.70049
H2AFY2	-0.33433
AIFM2	-0.091098
TYSND1	-2.0982
SAR1A	-2.0554
PPA1	-1.0219
NPFFR1	0.99158
LRRC20	-1.48
EIF4EBP2	-0.29402
NODAL	0.2356
PALD1	-0.18857
PRF1	-0.65713
ADAMTS14	1.4801
TBATA	0.9062
SGPL1	-0.30579
PCBD1	0.45013
UNC5B	0.33569
SLC29A3	-0.86857
CDH23	-2.0513
C10orf105	-0.99483
C10orf54	-1.0759
PSAP	-0.44606
CHST3	-0.41343
SPOCK2	0.0061898
ASCC1	1.2433
ANAPC16	1.8963
DDIT4	0.67805
DNAJB12	-1.1405
MICU1	1.1887
MCU	1.3995
OIT3	1.2013
PLA2G12B	1.2361
P4HA1	-0.63812
NUDT13	-0.76385
ECD	-0.58435
FAM149B1	-0.50856
DNAJC9	-0.13114
MRPS16	-0.14914
CFAP70	-0.23897
ANXA7	0.065767
MSS51	-0.17114
PPP3CB	0.63451
USP54	-0.1508
MYOZ1	0.20977
SYNPO2L	0.51217
AGAP5	0.86123
SEC24C	0.27805
FUT11	-0.13089
CHCHD1	-0.19761
ZSWIM8	-0.14063
NDST2	0.57383
CAMK2G	1.6734
PLAU	1.5435
C10orf55	1.8298
VCL	0.90624
AP3M1	-0.66025
ADK	1.0149
KAT6B	0.51814
DUPD1	0.197
DUSP13	0.039398
SAMD8	-0.34074
VDAC2	-0.17206
COMTD1	-0.063386
ZNF503	-0.0251
C10orf11	-0.20803
KCNMA1	1.4675
DLG5	1.1355
POLR3A	0.2877
RPS24	0.9775
ZMIZ1	1.1145
PPIF	-0.43399
ZCCHC24	-0.090095
EIF5AL1	-0.15251
SFTPA2	-0.44806
SFTPA1	-0.96475
NUTM2B	-0.11309
SFTPD	-1.2148
TMEM254	-0.89593
PLAC9	-0.58367
ANXA11	-0.3436
MAT1A	-1.2002
DYDC1	-0.57373
DYDC2	-0.50497
FAM213A	-0.88612
TSPAN14	-1.7195
SH2D4B	-0.51439
LOC105378386	-0.50593
NRG3	2.3818
GHITM	-0.56472
C10orf99	-0.30574
CDHR1	-0.28488
LRIT2	-0.42468
LRIT1	0.37099
RGR	0.83413
CCSER2	0.25183
LOC105378578	-1.2241
GRID1	1.2343
WAPAL	0.38337
OPN4	0.46446
LDB3	-0.5112
BMPR1A	-0.25644
MMRN2	2.3673
SNCG	2.1629
ADIRF	2.8798
AGAP11	3.091
FAM25A	2.9998
GLUD1	1.0834
FAM35A	1.4578
NUTM2A	-0.089554
MINPP1	1.94
PAPSS2	1.5937
ATAD1	-0.455
KLLN	1.1715
PTEN	1.5376
RNLS	0.7182
LIPJ	1.2607
LIPF	0.71172
LIPK	-1.0981
LIPN	-0.25425
LIPM	-0.35952
ANKRD22	0.27421
STAMBPL1	0.09644
ACTA2	0.37264
FAS	0.62735
CH25H	-0.34738
LIPA	-0.66551
IFIT2	-0.59791
IFIT3	-0.32163
IFIT1B	-0.074671
IFIT1	-0.83252
IFIT5	-1.0227
SLC16A12	-0.1809
PANK1	1.3122
KIF20B	1.657
LOC105378423	1.6528
HTR7	0.84719
RPP30	0.82719
ANKRD1	-0.0053177
PCGF5	-0.4755
HECTD2	0.76186
PPP1R3C	0.92402
TNKS2	-0.35108
FGFBP3	-0.20458
BTAF1	0.88194
CPEB3	0.33127
MARCH5	0.39357
IDE	0.0059792
KIF11	1.966
HHEX	0.76213
EXOC6	0.51375
CYP26C1	0.71207
CYP26A1	-0.027446
MYOF	0.49766
CEP55	0.75277
FFAR4	-0.50488
RBP4	-1.0426
PDE6C	-1.2737
FRA10AC1	-0.20569
LGI1	1.627
SLC35G1	-0.1381
PLCE1	-0.38028
NOC3L	0.17008
TBC1D12	-0.21803
HELLS	-0.63254
CYP2C18	0.9883
CYP2C19	1.421
CYP2C9	0.4198
CYP2C8	-0.16037
ACSM6	1.0671
PDLIM1	1.6004
SORBS1	1.992
ALDH18A1	-1.8311
TCTN3	-1.8249
ENTPD1	-1.4251
C10orf131	-2.0789
CC2D2B	-0.75593
CCNJ	-0.32055
ZNF518A	-0.72571
BLNK	-1.6674
DNTT	0.099189
OPALIN	0.21603
TLL2	-1.0271
TM9SF3	-0.1103
PIK3AP1	0.37654
LOC102723665	0.94836
LCOR	0.89048
C10orf12	1.2666
SLIT1	0.15561
ARHGAP19	0.11104
FRAT1	1.107
FRAT2	-0.075201
RRP12	-1.5815
LOC644215	-1.8441
PGAM1	-1.3529
EXOSC1	-2.3514
ZDHHC16	-2.5221
MMS19	-1.7856
UBTD1	-2.2703
ANKRD2	-1.8378
HOGA1	-1.0268
C10orf62	-0.58629
MORN4	-0.3288
PI4K2A	-0.35502
AVPI1	-0.23685
MARVELD1	0.83883
ZFYVE27	-0.0050231
SFRP5	0.13384
GOLGA7B	-0.74295
CRTAC1	-1.506
R3HCC1L	-0.37786
LOXL4	-0.069343
PYROXD2	0.16227
HPS1	1.439
HPSE2	1.1572
CNNM1	1.2119
GOT1	0.038294
NKX2-3	-0.42845
SLC25A28	0.93071
ENTPD7	0.99807
COX15	1.0451
CUTC	0.61536
ABCC2	1.1134
DNMBP	0.90697
CPN1	0.8137
ERLIN1	0.80189
CHUK	1.2436
CWF19L1	1.4213
BLOC1S2	1.775
PKD2L1	0.70574
SCD	-1.5135
WNT8B	-0.61809
SEC31B	-0.12699
NDUFB8	-0.39174
HIF1AN	-0.61557
PAX2	-1.4742
FAM178A	1.0487
SEMA4G	0.47637
MRPL43	0.37989
C10orf2	0.26137
LZTS2	0.2518
PDZD7	-0.12141
SFXN3	-0.96358
KAZALD1	-1.2236
TLX1	-0.22584
LBX1	-2.257
BTRC	0.50199
POLL	1.7648
DPCD	2.0904
FBXW4	2.1259
FGF8	-1.3823
NPM3	-1.559
MGEA5	-0.91831
KCNIP2	-0.82488
C10orf76	-0.8162
HPS6	1.1824
LDB1	0.082256
PPRC1	-0.43073
NOLC1	1.0078
ELOVL3	2.3321
PITX3	2.1626
GBF1	2.4273
NFKB2	1.8439
PSD	2.4824
FBXL15	3.3952
CUEDC2	3.5517
C10orf95	3.1925
TMEM180	1.58
ACTR1A	1.4013
SUFU	1.4716
TRIM8	1.0031
ARL3	0.64363
SFXN2	0.71195
WBP1L	0.36567
CYP17A1	-0.87782
C10orf32	-0.23755
AS3MT	1.4012
CNNM2	1.2957
NT5C2	0.33704
RPEL1	0.95121
INA	0.98649
PCGF6	0.77747
TAF5	0.14536
USMG5	-0.35015
PDCD11	1.277
CALHM2	2.2372
CALHM1	2.5551
CALHM3	2.7317
NEURL1	2.0789
SH3PXD2A	-0.738
OBFC1	-2.4591
SLK	0.079769
COL17A1	-1.3578
SFR1	-0.055075
CFAP43	-0.80976
GSTO1	-0.12099
GSTO2	0.57827
ITPRIP	0.036237
CFAP58	-0.71534
SORCS3	3.0241
SORCS1	0.062818
XPNPEP1	1.0111
ADD3	1.7614
LOC105378479	2.3491
MXI1	0.87329
SMNDC1	-0.20497
DUSP5	0.047582
SMC3	0.3097
RBM20	-0.17403
PDCD4	0.0021412
BBIP1	-0.30754
SHOC2	-0.56448
ADRA2A	-0.081901
GPAM	0.39686
TECTB	0.90384
ACSL5	-0.87163
ZDHHC6	-0.76868
VTI1A	-1.0261
TCF7L2	-1.5648
HABP2	2.6057
NRAP	2.1011
CASP7	2.3005
PLEKHS1	-0.67378
DCLRE1A	-0.50105
NHLRC2	-0.12657
ADRB1	-0.24104
CCDC186	-2.2492
TDRD1	-2.4218
VWA2	-1.3673
AFAP1L2	-0.62699
ABLIM1	-0.72272
FAM160B1	1.4312
TRUB1	1.8227
ATRNL1	1.052
GFRA1	-0.42848
CCDC172	0.53177
PNLIPRP3	0.13565
PNLIP	0.49533
PNLIPRP1	0.13814
PNLIPRP2	0.2162
C10orf82	0.48469
HSPA12A	-0.79036
ENO4	0.20604
KIAA1598	-1.2109
VAX1	-1.1576
KCNK18	0.95847
SLC18A2	0.12514
PDZD8	0.74957
EMX2	-1.0372
RAB11FIP2	1.1813
FAM204A	1.6835
PRLHR	-0.26015
CACUL1	-3.51
NANOS1	0.69081
EIF3A	1.1833
FAM45A	-1.0332
SFXN4	-1.0765
PRDX3	-0.9068
LOC105378579	-0.92155
GRK5	0.033954
LOC105378510	-0.42222
RGS10	-1.6929
TIAL1	0.75934
BAG3	-0.20934
INPP5F	-0.34005
MCMBP	0.38149
SEC23IP	0.095899
PPAPDC1A	0.21656
WDR11	0.91179
FGFR2	-0.13775
ATE1	0.043372
NSMCE4A	0.81553
TACC2	-0.052458
BTBD16	-0.46077
PLEKHA1	0.55486
ARMS2	1.1525
HTRA1	2.293
DMBT1	2.3552
C10orf120	-0.41374
CUZD1	1.6737
FAM24B	1.2654
FAM24A	0.79389
C10orf88	-0.056989
PSTK	0.75676
IKZF5	0.37765
ACADSB	0.368
HMX3	-0.58364
HMX2	-1.5678
BUB3	-1.7006
GPR26	0.63058
CPXM2	0.55006
CHST15	-0.18903
OAT	-2.0707
NKX1-2	0.52102
LHPP	0.26869
FAM53B	0.18282
METTL10	1.4653
FAM175B	0.55859
ZRANB1	2.3059
CTBP2	1.5832
TEX36	0.43907
EDRF1	0.12037
MMP21	-0.45487
UROS	-0.38747
BCCIP	-0.53552
DHX32	-0.45613
FANK1	-0.1595
ADAM12	0.56029
C10orf90	-0.1683
DOCK1	1.8978
FAM196A	0.18624
NPS	0.79555
FOXI2	0.30595
CLRN3	1.0857
PTPRE	0.67439
MKI67	-0.50695
MGMT	-0.20634
LOC105378559	-0.68902
EBF3	-0.85554
GLRX3	1.0451
LOC101927435	0.5289
TCERG1L	1.0018
LOC105378564	0.45202
PPP2R2D	2.1529
BNIP3	1.3391
JAKMIP3	0.46717
DPYSL4	0.49976
STK32C	0.14695
LRRC27	0.22407
PWWP2B	1.7738
C10orf91	-1.2708
INPP5A	0.6623
NKX6-2	0.79997
CFAP46	-1.5896
ADGRA1	1.6508
KNDC1	0.0016752
UTF1	0.10859
VENTX	0.41516
ADAM8	0.70516
TUBGCP2	0.27937
ZNF511	-0.20054
CALY	0.088668
PRAP1	0.053378
FUOM	-0.096679
ECHS1	-0.014269
PAOX	-0.35981
MTG1	-0.9135
SPRN	0.18091
CYP2E1	-0.41952
SYCE1	0.54474
FRG2B	-0.52593
LOC102725043	0.10634
SCGB1C1	-0.82921
ODF3	-0.23663
BET1L	-0.2218
RIC8A	0.027204
SIRT3	0.7104
PSMD13	1.0001
NLRP6	-0.085845
ATHL1	0.065248
IFITM5	0.27881
IFITM2	0.11268
IFITM1	0.32839
IFITM3	0.20677
B4GALNT4	-1.1582
PKP3	-0.84738
SIGIRR	-0.85897
ANO9	0.73371
PTDSS2	1.0271
RNH1	0.82712
LRRC56	-0.61307
LOC101059906	-0.64856
HRAS	-0.5245
LMNTD2	0.11692
RASSF7	0.58703
LOC105376667	1.2008
PHRF1	0.81079
IRF7	0.53976
CDHR5	0.36943
SCT	0.11553
DRD4	0.26346
DEAF1	-0.54214
TMEM80	-1.3765
EPS8L2	-1.8093
TALDO1	-0.3647
PDDC1	-0.29639
LOC105369190	0.017413
CEND1	0.45885
SLC25A22	0.67442
PANO1	0.72835
PIDD1	0.80197
RPLP2	0.96737
PNPLA2	0.401
CRACR2B	0.12138
CD151	-0.47799
POLR2L	-0.77441
TSPAN4	-1.2737
CHID1	-1.3512
AP2A2	-0.99682
MUC6	-0.92485
LOC101927503	-2.2663
MUC2	-1.9119
MUC5AC	-0.54561
MUC5B	-1.2963
TOLLIP	-1.823
BRSK2	0.61838
MOB2	0.019876
DUSP8	0.34891
LOC101927562	-0.047293
KRTAP5-1	0.30366
KRTAP5-2	0.17186
KRTAP5-3	0.16
KRTAP5-5	0.94388
LOC100505570	-1.3228
KRTAP5-6	-0.54846
IFITM10	-0.69128
CTSD	-0.82818
SYT8	1.0402
TNNI2	0.7573
LSP1	1.6865
TNNT3	-0.41968
MRPL23	0.26328
IGF2	-0.4389
INS-IGF2	-0.50849
INS	-0.66117
TH	-1.0065
ASCL2	0.55682
C11orf21	0.00082569
TSPAN32	-0.091059
CD81	0.66803
TSSC4	0.82812
TRPM5	0.8088
KCNQ1	-0.64927
CDKN1C	-0.42098
SLC22A18AS	0.0059415
SLC22A18	-0.42076
PHLDA2	-0.32467
NAP1L4	0.77865
CARS	1.5042
OSBPL5	0.67204
MRGPRG	1.4853
MRGPRE	2.3184
ZNF195	0.65804
LOC105376525	-1.0333
LOC105376526	-0.018876
ART5	0.60067
ART1	0.84427
CHRNA10	1.1726
NUP98	0.93151
PGAP2	0.26409
RHOG	0.99223
STIM1	1.8896
RRM1	1.0349
OR52B4	-1.4643
TRIM21	-2.2881
OR52K2	0.88683
OR52K1	0.98773
OR52M1	1.7122
C11orf40	1.6358
OR52I2	1.5329
OR52I1	1.5502
TRIM68	1.502
OR51D1	1.0873
OR51E1	0.73054
OR51E2	-0.059314
OR51F1	1.0806
OR52R1	0.9732
OR51F2	1.0556
OR51S1	-0.39884
OR51T1	0.7435
OR51A7	0.58043
OR51G2	-0.03713
OR51G1	-0.0901
OR51A4	0.11728
OR51A2	-0.85079
MMP26	-0.16006
OR51L1	-0.43418
OR52J3	0.33946
OR52E2	0.2374
OR52A5	-0.10846
OR52A1	0.57199
OR51V1	1.2403
HBB	1.801
HBD	0.98171
HBG1	0.25148
HBG2	0.47693
HBE1	0.77157
OR51B4	-1.717
OR51B2	-0.72719
OR51B5	-0.4208
OR51B6	-0.18678
OR51M1	0.40059
OR51Q1	0.29464
OR51I1	-0.30546
OR51I2	-0.59613
OR52D1	-0.51015
UBQLN3	0.51265
UBQLNL	0.73456
LOC101927763	0.83374
OR52H1	0.94462
OR52B6	-0.83092
TRIM5	-1.314
TRIM6	-0.14965
TRIM6-TRIM34	-0.78577
TRIM34	-0.14989
TRIM22	-0.63469
OR52N4	-1.1922
OR56B1	-0.27243
OR52N5	-1.4027
OR52N1	-1.8227
OR52N2	-1.4948
OR52E6	0.80938
OR52E8	0.90871
OR52E4	0.19259
OR56A3	-1.0116
OR56A5	-0.73191
OR52L1	-0.63893
OR56A4	1.4214
OR56A1	0.78388
OR56B4	0.93969
OR52B2	1.3885
OR52W1	1.2977
C11orf42	0.30276
FAM160A2	0.17477
CNGA4	-0.56165
CCKBR	-0.24067
PRKCDBP	-0.13797
SMPD1	0.51936
APBB1	0.18321
HPX	-0.41868
TRIM3	1.2522
ARFIP2	1.5129
TIMM10B	1.4071
DNHD1	2.1537
RRP8	1.759
ILK	-0.05103
TAF10	0.10793
TPP1	0.19116
DCHS1	-0.55193
MRPL17	-0.31067
LOC105376531	-0.14577
OR2AG2	0.3335
OR2AG1	0.23189
OR6A2	0.25102
OR10A5	0.42044
OR10A2	0.59512
OR10A4	0.69034
OR2D2	0.31697
OR2D3	0.18931
ZNF215	-0.46426
ZNF214	-0.32129
NLRP14	-0.48026
RBMXL2	-0.66993
SYT9	0.05141
OLFML1	-1.3317
PPFIBP2	-0.3532
CYB5R2	0.15693
OVCH2	-0.76427
OR5P2	-1.1806
OR5P3	-1.411
OR10A6	-0.96866
OR10A3	-0.15934
NLRP10	0.45466
EIF3F	0.24386
TUB	0.97662
RIC3	0.14912
LMO1	0.51293
STK33	1.3512
TRIM66	1.363
RPL27A	2.8953
ST5	0.26865
AKIP1	-0.31544
C11orf16	-0.18024
ASCL3	-0.18649
TMEM9B	-0.47162
NRIP3	-0.91705
SCUBE2	-1.875
DENND5A	0.011516
TMEM41B	-0.15343
IPO7	-0.15423
ZNF143	-0.74744
WEE1	-0.15489
SWAP70	0.36788
LOC101927955	0.65495
SBF2	0.43223
LOC105376544	-0.11512
ADM	-0.25073
AMPD3	0.21642
MTRNR2L8	1.2698
RNF141	1.4056
LYVE1	0.34954
MRVI1	-0.61714
CTR9	0.80051
EIF4G2	-0.47101
ZBED5	-0.13967
GALNT18	-2.3726
CSNK2A3	0.16067
USP47	0.23889
DKK3	-0.22627
MICAL2	-0.318
MICALCL	1.3297
PARVA	0.67933
TEAD1	-0.62504
RASSF10	0.61308
ARNTL	1.6657
BTBD10	-0.016826
PTH	-0.23175
FAR1	0.23311
SPON1	1.3302
RRAS2	0.17034
COPB1	-0.49391
PSMA1	-1.1098
PDE3B	-0.49367
CYP2R1	-0.83139
CALCA	-2.4274
CALCB	-0.56318
INSC	2.0261
LOC102724957	-0.097093
SOX6	1.6442
C11orf58	1.1675
PLEKHA7	0.39909
RPS13	-0.51236
PIK3C2A	-0.0035071
NUCB2	-1.4635
NCR3LG1	-1.1904
KCNJ11	-0.82264
ABCC8	-0.14699
USH1C	-1.8936
OTOG	0.66913
LOC102723330	0.062122
MYOD1	-0.13276
KCNC1	2.2646
SERGEF	2.062
TPH1	1.522
SAAL1	2.6058
MRGPRX3	2.6122
MRGPRX4	-0.74162
SAA4	-0.82554
SAA2-SAA4	-1.5104
SAA2	-1.7511
SAA1	-0.41108
HPS5	-1.5141
GTF2H1	-1.6515
LDHA	-0.063625
LDHC	-1.0294
LDHAL6A	-0.51375
TSG101	1.0283
UEVLD	0.97204
SPTY2D1	-0.81823
TMEM86A	0.13765
IGSF22	0.85593
PTPN5	0.37494
MRGPRX1	-1.2711
MRGPRX2	-0.0072864
ZDHHC13	0.29705
CSRP3	-1.7257
E2F8	0.31365
NAV2	-0.83441
DBX1	0.51544
HTATIP2	0.29581
PRMT3	0.92379
SLC6A5	0.97858
NELL1	0.16654
ANO5	0.28944
SLC17A6	-0.65049
FANCF	-1.7514
GAS2	1.3508
SVIP	-1.7198
CCDC179	-0.27341
LUZP2	-1.4354
ANO3	-0.69177
MUC15	0.051535
SLC5A12	-0.093094
FIBIN	0.8371
BBOX1	-0.49087
CCDC34	0.70918
LGR4	0.25714
LIN7C	1.0337
BDNF	1.2094
KIF18A	0.98941
METTL15	1.8577
KCNA4	-0.057534
FSHB	1.5715
ARL14EP	2.2003
LOC105376608	2.1834
MPPED2	2.2451
DCDC5	1.1754
DCDC1	0.81799
DNAJC24	0.73412
IMMP1L	-0.40741
ELP4	-0.20291
PAX6	2.2844
RCN1	0.83387
WT1	-1.5266
EIF3M	-0.5576
CCDC73	-0.29397
PRRG4	-0.87587
QSER1	0.25775
DEPDC7	-0.17573
TCP11L1	0.11761
CSTF3	1.3062
HIPK3	1.1425
KIAA1549L	1.0335
C11orf91	-0.59361
CD59	-0.11971
FBXO3	-0.091304
LMO2	1.5416
CAPRIN1	1.1335
NAT10	1.0771
ABTB2	0.86876
CAT	-0.51448
ELF5	-1.3802
EHF	-1.7008
APIP	-0.56041
PDHX	-0.86222
CD44	-0.6356
SLC1A2	0.2578
PAMR1	0.79699
FJX1	-1.4249
TRIM44	-0.95998
LDLRAD3	1.2118
COMMD9	2.3411
PRR5L	1.0296
TRAF6	2.4178
RAG1	1.5197
RAG2	0.16223
C11orf74	0.21353
LRRC4C	-0.67306
API5	1.5129
TTC17	1.3379
HSD17B12	-0.047776
ALKBH3	1.7606
ACCSL	0.57112
C11orf96	1.2995
ACCS	-0.35754
EXT2	-1.8634
ALX4	0.3347
CD82	0.89059
TSPAN18	1.0858
TP53I11	1.2085
PRDM11	-1.4005
LOC101060179	-0.40849
SYT13	-0.91292
CHST1	2.6832
SLC35C1	0.52686
CRY2	0.19563
MAPK8IP1	1.1463
C11orf94	1.7918
PEX16	1.7841
GYLTL1B	1.7934
PHF21A	1.656
CREB3L1	1.1928
DGKZ	1.2689
MDK	0.78043
CHRM4	1.5325
AMBRA1	0.95706
HARBI1	0.9959
ATG13	0.57213
ARHGAP1	0.60952
ZNF408	0.96994
F2	0.89275
CKAP5	0.6082
LRP4	0.54622
C11orf49	0.35344
ARFGAP2	0.24758
PACSIN3	0.26774
DDB2	0.37496
ACP2	0.37149
NR1H3	-0.13727
MADD	-0.096073
MYBPC3	-0.10484
SPI1	-0.040263
SLC39A13	-0.11161
PSMC3	-0.30313
RAPSN	-0.58701
CELF1	-0.17966
PTPMT1	-0.62783
KBTBD4	-0.72519
NDUFS3	-0.71266
FAM180B	-0.88322
C1QTNF4	-0.76009
MTCH2	-0.48392
AGBL2	-0.42619
FNBP4	-0.41161
NUP160	-0.40121
PTPRJ	1.4584
OR4B1	0.59665
OR4X2	-0.05422
OR4X1	0.4884
OR4S1	0.081827
OR4C3	-0.18379
OR4A47	0.44343
TRIM49B	-1.3086
TRIM64C	-0.94174
FOLH1	0.66932
OR4C13	1.1813
OR4C12	0.84276
OR4C46	-0.075
OR4A5	-0.30024
TRIM48	0.035644
OR4A16	-0.77713
OR4A15	-0.66691
OR4C15	0.077264
OR4C16	-0.17358
OR4C11	-0.73791
OR4C6	0.89294
OR5D13	0.62516
OR5D14	-0.066367
OR5L1	0.52419
OR5D18	0.52784
OR5L2	0.026814
OR5D16	-0.35982
TRIM51	-0.69378
OR5W2	-1.0055
OR5I1	-0.70675
OR10AG1	-0.45751
OR5F1	-0.37483
OR5AS1	-0.43123
OR8I2	-0.89003
OR8H2	-1.1006
OR8H3	-0.99925
OR8J3	-1.488
OR8K5	-0.70013
OR5J2	-1.5679
OR5T2	-1.2484
OR5T3	-1.3416
OR5T1	-1.5264
OR8H1	-1.3851
OR8K3	-1.267
OR8K1	-1.3523
OR8J1	-1.5571
OR8U1	-0.85896
OR5R1	-0.51616
OR5M9	-0.49765
OR5M3	-0.13285
OR5M8	0.10275
OR5M11	-1.5081
OR5M10	-1.3082
OR5M1	-1.2536
OR5AP2	-0.51914
OR5AR1	-1.0857
OR9G1	0.13246
OR9G4	-0.024049
OR5AK2	0.3543
LRRC55	0.66798
APLNR	-0.16426
TNKS1BP1	0.80116
LOC105369311	0.85416
SSRP1	0.79979
P2RX3	0.8799
PRG3	1.6777
PRG2	1.8999
SLC43A3	1.2209
RTN4RL2	0.62008
SLC43A1	0.22316
TIMM10	0.061699
SMTNL1	1.0969
UBE2L6	0.99262
SERPING1	1.6492
YPEL4	2.5536
CLP1	2.8447
ZDHHC5	3.0956
MED19	3.2763
TMX2	3.2142
C11orf31	3.1842
BTBD18	3.268
CTNND1	3.0919
OR9Q1	2.4931
OR6Q1	1.7662
OR9I1	2.8881
OR9Q2	0.93995
OR1S2	1.6094
OR1S1	1.7798
OR10Q1	1.5044
OR10W1	1.6189
OR5B17	1.6207
OR5B3	2.121
OR5B2	2.6106
OR5B12	2.5447
OR5B21	2.0633
LPXN	2.2894
ZFP91	2.7564
CNTF	2.385
GLYAT	1.7355
GLYATL2	1.4951
GLYATL1	2.0226
FAM111B	1.5747
FAM111A	1.3192
DTX4	0.23752
MPEG1	-0.18221
WARSP1	0.11425
LOC105369316	-0.15426
OR5AN1	-2.122
OR5A2	-0.70853
OR5A1	0.23649
OR4D6	0.99955
OR4D10	0.94403
OR4D11	-0.27746
OR4D9	-0.80629
OSBP	-1.0627
PATL1	-0.66275
OR10V1	-0.62707
STX3	-0.53494
MRPL16	0.2555
GIF	-0.43467
TCN1	0.69947
LOC105369444	1.5698
OOSP2	1.5474
MS4A3	1.4387
MS4A2	1.1322
MS4A6A	1.4322
MS4A4E	0.47895
MS4A4A	-0.19625
MS4A6E	-0.26008
MS4A7	-0.72626
MS4A14	0.16544
MS4A5	0.40898
MS4A1	-0.87786
MS4A12	-0.46716
MS4A13	-0.44673
MS4A8	0.66981
MS4A18	0.22638
MS4A15	-0.44148
MS4A10	1.0846
CCDC86	-0.5367
PTGDR2	-0.67906
ZP1	-0.94715
PRPF19	-0.38906
TMEM109	-0.52906
TMEM132A	-0.3971
SLC15A3	-0.30675
CD6	0.9374
CD5	0.33455
VPS37C	-0.15258
PGA3	-0.10611
PGA5	-1.211
VWCE	0.067048
DDB1	-0.82852
TKFC	0.056815
CYB561A3	0.59266
TMEM138	0.078097
TMEM216	-0.47588
CPSF7	-0.12132
SDHAF2	0.026072
PPP1R32	0.18011
LRRC10B	-0.0047924
SYT7	-0.76677
DAGLA	-0.22368
MYRF	0.014242
TMEM258	-0.30275
FEN1	-0.19193
FADS1	-0.48643
FADS2	-1.1295
FADS3	-0.27874
RAB3IL1	0.23883
BEST1	0.8804
FTH1	1.1679
INCENP	-0.15555
SCGB1D1	0.27298
SCGB2A1	0.25201
SCGB1D2	-0.60341
SCGB2A2	-0.72103
SCGB1D4	-2.0294
ASRGL1	-1.928
SCGB1A1	-0.45332
AHNAK	-0.78163
EEF1G	-0.015326
TUT1	0.12872
MTA2	-0.17593
EML3	-0.15464
ROM1	-0.044453
B3GAT3	-0.21215
GANAB	0.4613
INTS5	1.054
C11orf98	1.1429
LBHD1	1.1474
METTL12	1.1586
UQCC3	1.1505
UBXN1	0.96426
LRRN4CL	0.10449
BSCL2	-0.21519
GNG3	-0.10386
HNRNPUL2	-0.81045
TTC9C	-0.84389
ZBTB3	-0.35898
POLR2G	-0.12268
TAF6L	-1.1807
TMEM179B	-2.3714
TMEM223	-2.8214
NXF1	-3.1844
STX5	-2.4986
WDR74	-2.1636
SLC3A2	-0.22081
CHRM1	0.068898
SLC22A6	-1.4597
SLC22A8	0.044054
SLC22A24	1.0748
SLC22A25	0.43206
SLC22A10	0.28825
SLC22A9	-0.9593
HRASLS5	-1.599
LGALS12	-0.025479
RARRES3	0.0043338
HRASLS2	-0.14015
PLA2G16	0.8878
ATL3	0.81498
RTN3	0.73124
C11orf95	0.46264
C11orf84	-0.098476
LOC105369337	0.58832
MARK2	0.16958
RCOR2	-0.03094
NAA40	-0.59039
COX8A	-1.5063
OTUB1	-1.4637
MACROD1	1.0549
FLRT1	1.5198
STIP1	1.6162
FERMT3	1.3466
TRPT1	0.92078
NUDT22	0.96479
DNAJC4	0.50115
VEGFB	0.46549
FKBP2	0.082228
PPP1R14B	-0.087199
PLCB3	-0.25856
GPR137	0.024303
BAD	-0.1545
KCNK4	0.060764
TEX40	0.50208
ESRRA	-0.0059172
TRMT112	-0.40575
PRDX5	-0.62913
CCDC88B	-0.31029
RPS6KA4	0.088927
SLC22A11	0.20169
SLC22A12	2.0755
NRXN2	1.6718
RASGRP2	2.3886
PYGM	2.255
SF1	2.3287
MAP4K2	2.2226
MEN1	1.7823
CDC42BPG	1.3229
EHD1	-0.10628
ATG2A	-1.0687
PPP2R5B	-0.94784
GPHA2	-1.1031
C11orf85	-1.6775
BATF2	-1.6128
ARL2	-1.8981
SNX15	-0.6989
SAC3D1	-0.288
NAALADL1	-0.23846
CDCA5	-0.63156
ZFPL1	-0.3202
TMEM262	-0.31208
VPS51	-0.29237
TM7SF2	-0.41712
ZNHIT2	-0.50794
FAU	-0.53111
MRPL49	-0.58243
SYVN1	-0.28657
SPDYC	-0.2599
CAPN1	-0.44828
SLC22A20	-0.50792
POLA2	-0.32687
CDC42EP2	-0.43337
DPF2	0.21249
TIGD3	0.1711
SLC25A45	-0.089647
FRMD8	0.39427
LOC101927789	1.1773
SCYL1	-0.8103
LTBP3	-0.25153
SSSCA1	0.74098
FAM89B	0.99939
EHBP1L1	1.8924
KCNK7	2.0244
MAP3K11	1.8003
PCNXL3	0.25878
SIPA1	-0.21624
RELA	-0.16461
KAT5	-1.0941
RNASEH2C	-1.1733
AP5B1	-1.1529
OVOL1	-1.4512
LOC101927853	0.070603
SNX32	1.1084
CFL1	1.3485
MUS81	1.264
EFEMP2	1.5495
CTSW	1.7864
FIBP	1.9485
CCDC85B	1.8543
FOSL1	1.5633
C11orf68	-0.042883
DRAP1	0.054071
TSGA10IP	0.5538
SART1	-0.068612
EIF1AD	-0.15985
BANF1	-0.10108
CST6	0.69848
CATSPER1	1.2202
GAL3ST3	1.363
SF3B2	1.6563
PACS1	1.1424
KLC2	-0.50555
RAB1B	-0.23173
CNIH2	-0.34571
YIF1A	-0.53295
TMEM151A	-0.74525
CD248	-0.32968
RIN1	0.39393
BRMS1	0.67622
B4GAT1	0.80043
LOC102724064	0.91668
SLC29A2	0.84993
NPAS4	0.68797
MRPL11	-0.26075
PELI3	-0.34888
DPP3	-0.9789
BBS1	-1.0277
ZDHHC24	-0.37107
ACTN3	0.55386
CTSF	0.55857
CCDC87	0.21523
CCS	0.3467
RBM14	0.74899
RBM14-RBM4	0.94812
RBM4	1.1052
RBM4B	0.83386
SPTBN2	0.31696
LOC105369445	-0.0015111
C11orf80	0.91044
RCE1	1.4172
PC	1.6241
LRFN4	1.6442
C11orf86	0.91954
SYT12	1.6676
RHOD	1.5709
KDM2A	1.4848
ADRBK1	1.3552
ANKRD13D	1.1562
SSH3	1.2215
POLD4	1.2534
CLCF1	1.137
RAD9A	0.70064
PPP1CA	0.55283
TBC1D10C	0.51262
CARNS1	0.21096
RPS6KB2	0.046242
PTPRCAP	0.017955
CORO1B	0.010253
GPR152	-0.045142
CABP4	-0.0039359
TMEM134	-0.19574
AIP	-0.29523
PITPNM1	-0.24031
CDK2AP2	-0.44018
CABP2	-0.63846
GSTP1	0.8409
NDUFV1	0.80825
NUDT8	0.75279
TBX10	0.51116
ACY3	-0.24132
ALDH3B2	0.075451
LOC105369358	-0.57479
UNC93B1	-0.96683
ALDH3B1	-1.0193
NDUFS8	-0.8673
TCIRG1	-1.201
CHKA	-0.7809
SUV420H1	-0.72274
C11orf24	-0.26225
LRP5	-0.32898
PPP6R3	-0.083737
GAL	-0.45416
MTL5	-0.5133
CPT1A	-1.3933
MRPL21	0.26454
IGHMBP2	0.88062
MRGPRD	0.83367
MRGPRF	0.82495
TPCN2	0.65724
MYEOV	-0.5225
CCND1	1.0589
ORAOV1	1.3143
FGF19	0.49417
FGF4	1.6566
FGF3	1.5026
ANO1	1.0816
FADD	0.27554
PPFIA1	0.9825
CTTN	0.30758
SHANK2	1.7803
DHCR7	1.8901
NADSYN1	1.4151
KRTAP5-7	-1.2606
KRTAP5-8	-1.4625
KRTAP5-9	-1.7049
KRTAP5-10	-2.3391
KRTAP5-11	0.60529
FAM86C1	-0.94124
ZNF705E	-1.0191
DEFB108B	-1.4446
LOC100129216	-0.30103
RNF121	-0.080861
IL18BP	0.19482
NUMA1	-0.35351
LRTOMT	-0.43459
LAMTOR1	-0.22333
ANAPC15	-0.17442
FOLR3	0.066179
FOLR1	-0.85562
FOLR2	-0.29432
INPPL1	0.075381
PHOX2A	0.56408
CLPB	0.065651
PDE2A	0.92075
ARAP1	0.98305
STARD10	0.25574
ATG16L2	-0.51258
FCHSD2	-1.0629
P2RY2	-0.91544
P2RY6	-1.3894
ARHGEF17	-0.34891
RELT	-0.063457
FAM168A	-0.30581
LOC105379411	0.39704
PLEKHB1	0.47645
RAB6A	0.5174
MRPL48	-0.15556
COA4	-0.76022
PAAF1	-0.45393
DNAJB13	-0.7909
UCP2	-1.012
UCP3	-2.6867
C2CD3	-0.23923
PPME1	0.32847
P4HA3	-0.89154
PGM2L1	-0.6925
KCNE3	-1.2529
LIPT2	-0.13474
POLD3	-0.3219
CHRDL2	-1.0904
RNF169	-0.55047
XRRA1	-0.51814
SPCS2	-1.4078
NEU3	-1.1992
OR2AT4	0.089464
SLCO2B1	0.1679
TPBGL	-0.54775
ARRB1	-0.46419
RPS3	0.17408
KLHL35	0.90143
GDPD5	2.3229
SERPINH1	1.51
MAP6	0.93397
MOGAT2	0.016682
DGAT2	0.21859
UVRAG	0.32375
WNT11	0.0061547
PRKRIR	0.60227
LOC100506127	0.55241
C11orf30	0.76329
LRRC32	0.23938
TSKU	-0.85455
ACER3	-1.2919
B3GNT6	-1.5657
CAPN5	0.33523
OMP	0.95633
MYO7A	-0.56888
GDPD4	-1.1621
PAK1	-0.92854
AQP11	1.3595
CLNS1A	1.4492
RSF1	2.2213
AAMDC	2.1048
INTS4	2.286
KCTD14	0.48734
NDUFC2-KCTD14	0.06751
THRSP	-1.0715
NDUFC2	-0.89824
ALG8	-0.47284
KCTD21	-0.048509
USP35	0.50047
GAB2	0.53592
NARS2	-1.1602
TENM4	0.84462
FAM181B	0.89051
PRCP	-1.1529
DDIAS	-1.1356
RAB30	-0.66929
PCF11	-1.3028
ANKRD42	-0.25862
CCDC90B	0.24354
DLG2	1.135
TMEM126B	2.3017
TMEM126A	1.9872
CREBZF	2.0175
CCDC89	1.8386
SYTL2	0.77734
CCDC83	1.8679
PICALM	1.0432
EED	-2.3699
C11orf73	-1.7463
CCDC81	-1.2986
ME3	-1.8278
PRSS23	-1.2603
FZD4	-1.1244
TMEM135	0.86729
RAB38	-0.81562
CTSC	1.5782
GRM5	2.1414
TYR	0.19042
NOX4	-1.2487
FOLH1B	-1.1396
TRIM77	-1.4609
TRIM49	0.90092
LOC105369176	0.17736
TRIM49D1	0.60969
TRIM49D2	0.64498
LOC105378955	0.6116
UBTFL1	1.3347
NAALAD2	2.0547
CHORDC1	1.0679
FAT3	0.21565
MTNR1B	0.97384
SLC36A4	0.19072
LOC105369447	0.34311
CCDC67	0.8701
SMCO4	-0.54169
CEP295	-0.83272
TAF1D	-1.3313
C11orf54	-0.57887
MED17	-0.017413
VSTM5	0.057988
HEPHL1	2.6099
PANX1	0.64173
IZUMO1R	0.24863
GPR83	0.16439
MRE11A	1.4779
ANKRD49	1.6046
C11orf97	-1.217
FUT4	-0.29605
PIWIL4	-0.30521
AMOTL1	-1.6186
CWC15	0.89002
KDM4D	1.0634
KDM4E	0.33062
SRSF8	0.51883
ENDOD1	0.53382
SESN3	-0.16024
FAM76B	0.29898
CEP57	0.13377
MTMR2	0.19857
MAML2	1.7142
CCDC82	1.0653
JRKL	0.60489
CNTN5	-0.38268
ARHGAP42	-0.75552
TMEM133	-1.1051
PGR	1.1045
TRPC6	-0.041296
ANGPTL5	-0.368
CEP126	-0.52908
C11orf70	-1.4574
YAP1	-1.0954
BIRC3	0.28793
BIRC2	0.059941
TMEM123	-0.12581
MMP7	0.95454
MMP20	-0.58179
MMP27	-0.54452
MMP8	-0.29895
MMP10	1.2428
MMP1	1.678
MMP3	1.896
MMP12	3.496
MMP13	-0.071422
DCUN1D5	-0.29441
DYNC2H1	0.21972
PDGFD	0.46603
DDI1	0.018451
CASP12	0.44101
CASP4	-0.32385
CASP5	0.85008
CASP1	1.0888
CARD16	1.2597
CARD17	1.7255
CARD18	1.5474
GRIA4	1.0273
MSANTD4	0.45176
KBTBD3	1.9756
AASDHPPT	1.9019
GUCY1A2	2.0027
CWF19L2	1.5059
ALKBH8	-0.7666
ELMOD1	-0.74164
SLN	0.19981
SLC35F2	-1.3493
RAB39A	0.21932
CUL5	-0.030154
ACAT1	0.6686
NPAT	0.55787
ATM	0.34404
C11orf65	0.10967
KDELC2	0.78147
EXPH5	1.7226
DDX10	-0.10384
C11orf87	-2.4265
ZC3H12C	0.26128
RDX	0.97939
FDX1	1.1634
ARHGAP20	-1.3036
C11orf53	-0.7689
COLCA1	-1.2274
COLCA2	-1.3786
POU2AF1	-2.5945
BTG4	-0.46299
LOC644277	-0.31945
C11orf88	0.28528
LAYN	0.71971
SIK2	1.139
PPP2R1B	0.12498
ALG9	-1.2093
FDXACB1	-0.25746
C11orf1	-0.65332
CRYAB	-0.93363
HSPB2	-0.86307
C11orf52	0.2572
DIXDC1	0.83697
DLAT	0.78567
PIH1D2	0.96571
C11orf57	1.0866
TIMM8B	0.76139
SDHD	0.4187
IL18	-0.73229
TEX12	-0.53322
BCO2	-0.42319
PTS	1.3109
PLET1	1.4144
NCAM1	0.50599
TTC12	-1.2381
ANKK1	-0.79252
DRD2	0.5524
TMPRSS5	-0.22826
ZW10	-0.59573
CLDN25	-0.69859
USP28	0.34377
HTR3B	-0.23013
HTR3A	2.0175
ZBTB16	-0.64859
NNMT	0.50584
C11orf71	-0.54426
RBM7	-0.82414
REXO2	-0.094225
NXPE1	0.80255
NXPE4	0.96732
NXPE2	0.44293
CADM1	-1.7112
BUD13	-0.20007
ZPR1	0.49205
APOA5	0.41224
APOA4	0.62098
APOC3	0.6607
APOA1	0.53501
SIK3	0.43574
PAFAH1B2	0.5419
SIDT2	0.5722
TAGLN	1.0004
PCSK7	1.6415
RNF214	0.5989
BACE1	-0.72644
CEP164	-1.2286
DSCAML1	-0.2768
FXYD2	0.22125
FXYD6-FXYD2	-0.22736
FXYD6	-0.41083
TMPRSS13	0.15093
IL10RA	-1.4723
TMPRSS4	-0.77855
SCN4B	-0.23267
SCN2B	-0.53762
AMICA1	-1.2696
MPZL3	-0.39195
MPZL2	-0.41546
CD3E	-0.60683
CD3D	-1.6724
CD3G	-1.3813
UBE4A	-1.2317
ATP5L	-0.83193
KMT2A	-0.76819
TTC36	-0.70642
TMEM25	-0.74195
IFT46	-0.97039
ARCN1	-1.4339
PHLDB1	0.29353
TREH	1.2344
DDX6	1.367
CXCR5	-0.39357
BCL9L	-0.60714
UPK2	0.89303
FOXR1	1.0414
CCDC84	-0.17656
RPS25	-1.5926
TRAPPC4	-1.4796
SLC37A4	-1.3346
HYOU1	0.79133
VPS11	-0.063624
HMBS	-0.36639
H2AFX	0.14132
DPAGT1	0.074856
C2CD2L	0.20026
HINFP	-0.12532
ABCG4	-0.96863
NLRX1	-1.2003
PDZD3	-2.0044
CCDC153	-0.85472
CBL	-0.30249
MCAM	1.2288
LOC105369590	1.18
RNF26	1.8822
MFRP	1.674
C1QTNF5	1.674
USP2	1.6686
THY1	1.2747
PVRL1	1.0561
TRIM29	0.17243
OAF	0.13469
POU2F3	-0.52403
TMEM136	-0.35867
ARHGEF12	-0.3827
GRIK4	1.7752
TBCEL	0.16471
TECTA	0.94521
SC5D	-0.86533
SORL1	1.5275
LOC105369535	1.6046
BLID	-0.09666
UBASH3B	1.5023
CRTAM	-1.8094
C11orf63	-0.42395
BSX	1.3811
HSPA8	-0.32755
CLMP	0.64141
GRAMD1B	1.6811
SCN3B	2.055
ZNF202	1.7798
OR6X1	1.0507
OR6M1	0.81801
TMEM225	1.7017
OR8D4	0.98059
OR4D5	1.2262
OR6T1	1.4013
OR10S1	1.3615
OR10G4	0.62629
OR10G9	0.45848
OR10G8	0.12843
OR10G7	-0.3835
VWA5A	1.5043
OR8G2	0.78437
OR8G5	0.86885
OR8G1	0.31486
OR8D1	1.7703
OR8D2	1.9571
OR8B2	0.29344
OR8B3	1.0889
OR8B4	0.86407
OR8B8	0.26351
OR8B12	-0.0448
OR8A1	0.69989
PANX3	1.2944
TBRG1	0.40924
SIAE	-0.44843
SPA17	-0.33547
NRGN	3.0392
VSIG2	2.4502
ESAM	2.0146
MSANTD2	0.037724
ROBO3	0.12367
ROBO4	-0.37009
HEPACAM	0.43582
HEPN1	1.2426
CCDC15	-0.3568
SLC37A2	-0.20671
TMEM218	0.33821
PKNOX2	0.11431
FEZ1	-0.36198
LOC403312	0.029561
EI24	-0.48428
STT3A	-1.6184
CHEK1	-0.92284
ACRV1	-0.59064
PATE1	-0.14933
PATE2	-0.65836
PATE3	-0.33924
LOC105369552	-0.4223
PATE4	-0.39191
HYLS1	-0.63425
PUS3	-0.64199
DDX25	-0.89259
LOC338667	1.4794
CDON	1.0602
LOC105369591	1.448
RPUSD4	2.0158
FAM118B	2.6547
SRPR	2.2252
FOXRED1	1.8582
TIRAP	1.9621
DCPS	1.5137
ST3GAL4	-0.16206
KIRREL3	-1.0567
ETS1	-1.2555
FLI1	2.5011
KCNJ1	1.4028
KCNJ5	1.7778
C11orf45	1.775
TP53AIP1	3.025
ARHGAP32	3.3116
BARX2	0.5687
TMEM45B	0.85281
NFRKB	0.94632
PRDM10	1.1818
APLP2	-0.1834
ST14	-0.29499
ZBTB44	-2.1954
ADAMTS8	0.021149
ADAMTS15	-0.64794
C11orf44	0.16081
SNX19	0.030129
NTM	3.3653
OPCML	1.0147
SPATA19	-0.40916
IGSF9B	-0.10335
JAM3	0.98602
NCAPD3	1.1489
VPS26B	1.2003
THYN1	1.0824
ACAD8	1.1692
GLB1L3	0.2132
GLB1L2	0.3679
B3GAT1	-1.0781
IQSEC3	0.33488
SLC6A12	0.014889
SLC6A13	-0.59494
KDM5A	0.38631
CCDC77	-0.064108
B4GALNT3	-0.54766
NINJ2	-1.2006
WNK1	-1.75
RAD52	-1.3855
ERC1	-0.10801
WNT5B	1.6149
FBXL14	-0.70832
ADIPOR2	0.090004
CACNA2D4	-0.82162
LRTM2	-2.3856
DCP1B	0.066851
CACNA1C	1.2127
FKBP4	1.0363
ITFG2	0.56408
NRIP2	0.59363
LOC101929469	0.24005
FOXM1	-0.25069
RHNO1	-0.29441
TULP3	0.032425
TEAD4	0.94585
TSPAN9	-0.57551
PRMT8	-1.2996
CRACR2A	-1.1045
PARP11	0.52249
CCND2	-0.22796
TIGAR	-1.1626
FGF23	-0.8354
FGF6	-0.49912
C12orf4	-2.5742
RAD51AP1	-1.3896
DYRK4	-0.35192
AKAP3	0.024499
NDUFA9	-0.26632
GALNT8	-0.10218
KCNA6	-0.27485
KCNA1	-0.85147
KCNA5	-0.56623
NTF3	-1.3199
ANO2	0.0096474
VWF	1.0545
CD9	-1.2859
PLEKHG6	-2.7921
TNFRSF1A	-0.18223
SCNN1A	0.66274
LTBR	0.98929
CD27	-2.087
TAPBPL	-2.0442
VAMP1	-1.1833
MRPL51	-0.88554
NCAPD2	-1.0865
GAPDH	-0.013353
IFFO1	-0.1224
NOP2	-0.51355
CHD4	-0.1883
LPAR5	-0.91822
ACRBP	-0.70586
ING4	-0.46854
ZNF384	-0.80168
PIANP	-0.83682
COPS7A	-1.6507
MLF2	-1.1188
PTMS	-0.71288
LAG3	-0.75823
CD4	0.45377
GPR162	1.0688
P3H3	0.33234
GNB3	0.27253
CDCA3	0.67428
USP5	1.054
TPI1	1.2181
SPSB2	1.2428
KLRF1	-0.14545
CLEC2B	-0.15777
CLEC2A	-1.0904
KLRF2	-1.003
CLEC12A	-0.0018317
CLEC1B	-0.09496
CLEC12B	0.55095
CLEC9A	0.67123
CLEC1A	0.63175
CLEC7A	1.6723
OLR1	-0.94687
TMEM52B	-0.77157
GABARAPL1	-0.89905
KLRD1	0.83208
KLRK1	-0.14885
KLRC4-KLRK1	0.14063
KLRC4	0.7541
KLRC3	0.60755
KLRC2	0.46903
KLRC1	0.19337
MAGOHB	-0.093688
STYK1	0.87095
YBX3	-1.1187
LOC105369660	-0.25375
TAS2R7	0.2683
TAS2R8	-0.62461
TAS2R9	-0.56163
TAS2R10	-1.3951
PRR4	-1.1217
PRH1	-0.43108
TAS2R13	0.018278
PRH2	-0.48117
TAS2R14	-0.34657
TAS2R50	-0.20918
TAS2R20	-0.25369
TAS2R19	-0.37034
TAS2R31	-0.065606
TAS2R46	-0.078442
TAS2R43	0.42155
TAS2R30	0.26834
SMIM10L1	-0.66635
TAS2R42	-0.63266
PRB3	1.7268
PRB4	1.1
PRB1	1.8394
PRB2	-1.1298
ETV6	-0.60058
BCL2L14	-1.7262
LOC100506248	0.39388
LRP6	0.83234
MANSC1	-0.11226
LOH12CR1	-0.63252
DUSP16	-1.3534
CREBL2	-1.236
GPR19	-0.98566
CDKN1B	-1.0212
APOLD1	-2.6737
DDX47	-0.94892
GPRC5A	0.95726
GPRC5D	-0.33874
HEBP1	0.51883
KIAA1467	-0.97855
GSG1	-0.34208
EMP1	-0.79148
GRIN2B	0.14866
ATF7IP	0.18041
PLBD1	-0.0032984
GUCY2C	-1.3738
LOC105369669	0.35004
HIST4H4	0.45918
H2AFJ	0.28782
C12orf60	-0.23764
WBP11	-0.087723
SMCO3	-0.58111
ART4	-0.56698
MGP	-0.12155
ERP27	-2.04
ARHGDIB	-2.2351
PDE6H	-1.9567
RERG	1.995
PTPRO	0.29778
EPS8	-0.78723
STRAP	-2.18
DERA	-0.85542
SLC15A5	1.0652
MGST1	-0.70867
LMO3	1.6929
RERGL	0.053677
PIK3C2G	-0.91272
PLCZ1	0.67216
CAPZA3	-1.1761
PLEKHA5	-1.9266
AEBP2	0.51789
PDE3A	-0.83683
SLCO1C1	-0.70468
SLCO1B3	1.6016
SLCO1B7	0.96096
SLCO1B1	1.2819
SLCO1A2	1.0354
IAPP	0.45388
PYROXD1	0.82985
RECQL	0.35756
GOLT1B	0.049011
SPX	-0.66984
GYS2	-0.39528
LDHB	-1.4397
KCNJ8	-1.8586
ABCC9	-0.14988
CMAS	-0.28793
ST8SIA1	-0.3136
C2CD5	0.59065
ETNK1	-0.57814
SOX5	2.4518
BCAT1	-1.0027
LOC102724371	-0.048847
C12orf77	-1.1166
LOC645177	0.73997
LRMP	1.2913
CASC1	-0.11162
LYRM5	0.24992
KRAS	0.37192
LMNTD1	0.36956
RASSF8	0.46311
BHLHE41	0.048373
SSPN	-0.68694
ITPR2	-1.4022
ASUN	-0.31929
FGFR1OP2	0.50177
TM7SF3	0.12169
MED21	-0.41293
C12orf71	0.10178
STK38L	-0.90162
ARNTL2	-0.56857
SMCO2	-0.41251
PPFIBP1	-1.2392
REP15	-1.4333
MRPS35	-1.9763
MANSC4	-0.93004
KLHL42	-1.4818
PTHLH	1.47
CCDC91	0.77523
FAR2	0.044372
ERGIC2	0.14256
OVCH1	-0.31739
TMTC1	-1.5115
IPO8	1.3574
CAPRIN2	-0.019224
TSPAN11	-2.0302
DDX11	-0.8853
OVOS2	-1.6657
FAM60A	-0.54854
DENND5B	0.15147
METTL20	1.9236
AMN1	0.57177
H3F3C	-0.00265
KIAA1551	2.2615
BICD1	0.10791
FGD4	1.8155
DNM1L	0.60925
YARS2	0.70505
PKP2	-0.51404
SYT10	1.4957
ALG10	0.2069
LOC105369729	-0.59253
ALG10B	0.61978
CPNE8	0.18335
KIF21A	-2.2919
ABCD2	-1.127
C12orf40	0.41889
SLC2A13	0.88937
LRRK2	-0.21085
MUC19	0.50515
CNTN1	-0.47576
PDZRN4	1.3538
GXYLT1	-0.36893
YAF2	-0.19184
ZCRB1	1.2382
PPHLN1	1.1447
PRICKLE1	0.35191
ADAMTS20	0.38448
PUS7L	1.3546
IRAK4	1.1437
TWF1	-0.19237
TMEM117	-0.060271
NELL2	0.4815
DBX2	-0.50897
ANO6	-0.53344
ARID2	1.6086
SCAF11	1.5262
LOC105369970	1.1563
SLC38A1	0.86341
SLC38A2	-0.071544
SLC38A4	-0.75609
AMIGO2	0.1887
PCED1B	-0.83773
RPAP3	0.87321
ENDOU	0.16895
RAPGEF3	0.035587
SLC48A1	0.069576
HDAC7	-0.67723
VDR	0.57928
TMEM106C	0.089386
COL2A1	-0.016511
SENP1	0.47355
PFKM	0.87087
ASB8	0.83893
CCDC184	0.95079
OR10AD1	1.2311
H1FNT	0.42856
ZNF641	0.39104
C12orf54	1.3636
ANP32D	1.4202
OR8S1	1.4049
LALBA	-0.11305
KANSL2	-1.0361
CCNT1	-1.1795
ADCY6	0.30933
CACNB3	1.9477
DDX23	2.3566
RND1	2.664
CCDC65	0.40394
FKBP11	0.46095
ARF3	0.77822
WNT10B	0.8181
WNT1	1.2714
DDN	0.99115
PRKAG1	-0.019707
KMT2D	-0.11245
RHEBL1	0.45095
DHH	-0.12848
LMBR1L	0.47098
TUBA1B	0.62567
TUBA1A	0.53982
TUBA1C	0.16489
PRPH	1.2826
TROAP	0.48006
C1QL4	-0.071074
DNAJC22	-0.61463
SPATS2	0.38666
KCNH3	0.1046
MCRS1	0.50488
FAM186B	0.45708
PRPF40B	-0.32725
FMNL3	-0.47357
TMBIM6	-0.79379
NCKAP5L	0.54339
BCDIN3D	0.30139
FAIM2	1.4912
AQP2	0.81339
AQP5	0.31434
AQP6	-0.068263
RACGAP1	-0.88908
ASIC1	0.9136
SMARCD1	-0.067816
GPD1	-0.76926
COX14	-1.1356
CERS5	-0.63524
LIMA1	-0.33956
FAM186A	0.31605
LARP4	1.6617
DIP2B	0.5385
ATF1	-0.44249
TMPRSS12	-1.3283
METTL7A	0.24425
HIGD1C	1.3793
SLC11A2	1.3854
LETMD1	2.3142
CSRNP2	2.2606
TFCP2	1.9046
POU6F1	0.93049
DAZAP2	1.0226
SMAGP	1.0561
BIN2	0.95875
CELA1	0.50074
GALNT6	0.45464
SLC4A8	-0.063661
SCN8A	0.29585
FIGNL2	0.45003
LOC105378249	0.63325
LOC105369971	0.35177
ANKRD33	1.2493
ACVRL1	1.0392
ACVR1B	2.3005
GRASP	1.1923
NR4A1	0.57326
ATG101	-0.0074998
KRT80	-0.7083
C12orf80	0.80217
KRT7	-0.3371
KRT86	1.2039
KRT81	1.2313
KRT83	0.27923
KRT85	-0.75961
KRT84	0.14688
KRT82	-0.015743
KRT75	0.74854
KRT6B	0.43288
KRT6C	0.60716
KRT6A	1.0744
KRT5	-0.48307
KRT71	-0.47847
KRT74	0.018949
KRT72	0.63628
KRT73	0.67106
KRT2	1.2217
KRT1	0.63873
KRT77	0.45625
KRT76	0.54697
KRT3	0.1679
KRT4	0.9377
KRT79	1.668
KRT78	1.6597
KRT8	-0.21632
KRT18	-0.59046
EIF4B	-0.87264
TNS2	-0.86788
SPRYD3	-0.86428
IGFBP6	-0.97293
SOAT2	-0.94013
CSAD	-0.0032196
ZNF740	0.084885
ITGB7	-0.087329
RARG	0.4876
MFSD5	0.84339
ESPL1	0.76769
PFDN5	0.28266
C12orf10	0.11802
AAAS	0.37501
SP7	1.0991
SP1	0.55645
AMHR2	0.44231
PRR13	0.41848
PCBP2	0.93207
MAP3K12	0.78799
TARBP2	-0.38044
NPFF	-0.22563
ATF7	0.4714
ATP5G2	0.47233
CALCOCO1	1.1196
HOXC13	-0.58342
HOXC12	-0.56573
HOXC11	-0.0056919
HOXC10	0.46681
HOXC9	0.84938
HOXC8	0.73167
HOXC6	-0.56128
HOXC5	-0.40439
HOXC4	-0.84162
SMUG1	0.85391
CBX5	0.026131
HNRNPA1	0.31325
NFE2	0.29375
COPZ1	-1.0941
GPR84	-1.0255
ZNF385A	-0.023065
ITGA5	-0.92447
GTSF1	-0.64242
NCKAP1L	0.35386
PDE1B	0.99937
PPP1R1A	0.76098
LACRT	-0.11699
DCD	0.0052202
MUCL1	-2.1404
TESPA1	-1.9358
NEUROD4	0.30334
OR9K2	-0.91172
OR10A7	-1.0471
OR6C74	-0.50611
OR6C6	-0.33963
OR6C1	-1.6022
OR6C3	-1.8058
OR6C75	-1.2931
OR6C65	-1.1622
OR6C76	-1.8223
OR6C2	-1.5996
OR6C70	0.33593
OR6C68	1.1174
OR6C4	0.72311
OR2AP1	-0.30157
OR10P1	-1.0865
METTL7B	-0.69906
ITGA7	-0.63036
BLOC1S1	-0.71543
RDH5	-1.4087
CD63	-1.3601
GDF11	-1.7473
SARNP	-1.399
ORMDL2	-1.4061
DNAJC14	-1.31
MMP19	-1.4917
WIBG	-0.15669
DGKA	-0.41221
PMEL	-0.58637
CDK2	-0.43317
RAB5B	-0.012127
SUOX	0.091562
IKZF4	0.3499
RPS26	0.58431
ERBB3	0.38984
PA2G4	0.32358
RPL41	0.17567
ZC3H10	0.21027
ESYT1	-0.20121
MYL6B	0.5429
MYL6	0.21829
SMARCC2	-0.35438
RNF41	0.46889
NABP2	1.0171
SLC39A5	1.1463
ANKRD52	1.3814
COQ10A	1.7254
CS	1.6175
CNPY2	1.5775
PAN2	1.5667
IL23A	1.5349
STAT2	1.5384
APOF	1.7085
TIMELESS	0.39709
MIP	0.50718
SPRYD4	-0.64294
GLS2	-0.74324
RBMS2	-0.9874
BAZ2A	-0.52225
ATP5B	-0.74422
PTGES3	-0.73456
NACA	-1.5273
PRIM1	-1.5561
HSD17B6	-2.1019
SDR9C7	-0.67284
RDH16	1.716
GPR182	2.2987
ZBTB39	2.4121
TAC3	2.5028
MYO1A	2.3776
TMEM194A	2.2232
NAB2	1.574
STAT6	0.41089
LRP1	1.5598
NXPH4	1.4883
SHMT2	1.5107
NDUFA4L2	1.341
STAC3	1.102
R3HDM2	1.483
INHBC	1.4822
INHBE	1.5903
GLI1	1.6563
ARHGAP9	1.2771
MARS	0.12832
DDIT3	0.28046
MBD6	0.33458
DCTN2	0.23824
KIF5A	0.70404
PIP4K2C	0.13148
DTX3	1.193
ARHGEF25	1.3286
SLC26A10	1.6472
B4GALNT1	1.4416
OS9	1.6444
AGAP2	1.7943
TSPAN31	1.5963
CDK4	1.4117
MARCH9	1.5342
CYP27B1	1.4673
METTL1	1.3923
METTL21B	1.4376
TSFM	1.4925
AVIL	1.7589
CTDSP2	2.682
XRCC6BP1	1.6627
LOC105369972	0.4462
LRIG3	-0.64934
SLC16A7	-0.47952
FAM19A2	-1.1993
USP15	0.50577
MON2	-0.8769
PPM1H	0.98274
AVPR1A	-1.0956
DPY19L2	-1.5584
TMEM5	-1.4393
SRGAP1	-1.9409
C12orf66	-0.74652
C12orf56	1.4874
XPOT	0.64022
TBK1	-0.24216
RASSF3	0.36709
GNS	-0.012648
TBC1D30	-0.024445
WIF1	1.837
LEMD3	0.72377
MSRB3	1.6021
HMGA2	-0.86811
LOC100129940	-0.842
LLPH	0.073908
TMBIM4	0.051744
IRAK3	0.31875
HELB	1.2314
GRIP1	-1.2176
CAND1	-2.1438
DYRK2	2.3728
IFNG	-1.4196
IL26	-1.8246
IL22	-0.10653
MDM1	0.97444
RAP1B	0.58296
NUP107	1.5384
SLC35E3	1.1372
MDM2	0.064009
CPM	1.8376
CPSF6	2.533
LYZ	2.2068
YEATS4	2.1386
FRS2	1.0954
CCT2	0.89654
LRRC10	0.040404
BEST3	0.21592
RAB3IP	0.31943
MYRFL	-0.050461
CNOT2	-1.1674
KCNMB4	0.050462
PTPRB	1.542
PTPRR	1.9867
TSPAN8	0.33595
LOC105369834	-0.85233
LGR5	1.46
ZFC3H1	0.039928
THAP2	-0.87813
TMEM19	-1.6414
RAB21	0.36994
TBC1D15	0.2617
TPH2	-0.78132
TRHDE	0.64855
ATXN7L3B	-1.6447
KCNC2	0.45604
CAPS2	-0.1918
GLIPR1L1	-0.044821
GLIPR1L2	1.3159
GLIPR1	1.0997
KRR1	0.5288
PHLDA1	0.42796
NAP1L1	-1.1485
BBS10	0.14007
OSBPL8	0.51953
ZDHHC17	1.2756
CSRP2	1.1493
E2F7	1.2636
NAV3	-0.077928
SYT1	-0.38014
PAWR	0.52324
PPP1R12A	2.6003
OTOGL	2.121
LOC105369868	1.5109
LOC105378254	1.39
PTPRQ	0.29788
MYF6	1.2828
MYF5	1.3372
LIN7A	-1.7172
LOC105369869	-0.95187
ACSS3	0.17898
PPFIA2	-0.20643
CCDC59	0.65147
METTL25	0.64429
TMTC2	-1.5444
SLC6A15	0.070594
TSPAN19	0.093258
LRRIQ1	0.34333
ALX1	0.46744
RASSF9	0.66286
NTS	0.29387
MGAT4C	0.71443
C12orf50	-1.7586
C12orf29	-1.028
CEP290	-0.38701
TMTC3	-0.50333
KITLG	-0.30614
DUSP6	2.2413
LOC105369889	1.7318
POC1B	0.58081
GALNT4	0.48197
POC1B-GALNT4	0.45141
LOC102724782	0.11965
ATP2B1	-0.8214
CCER1	0.99695
EPYC	0.24222
KERA	-0.34268
LUM	-0.28812
DCN	-0.42397
C12orf79	1.4838
BTG1	1.0881
LOC101930023	0.60073
CLLU1OS	-1.6561
CLLU1	-1.6968
C12orf74	0.23037
PLEKHG7	-0.74993
EEA1	0.038507
NUDT4	-0.81396
UBE2N	-1.6168
MRPL42	-1.4981
SOCS2	1.8401
CRADD	-0.44016
PLXNC1	0.1925
CEP83	2.0235
TMCC3	1.8909
LOC105369914	2.0334
NDUFA12	-0.06804
NR2C1	-0.58606
FGD6	-1.1813
VEZT	-1.109
METAP2	-0.39885
USP44	-0.059333
NTN4	0.61574
SNRPF	1.5523
CCDC38	1.1429
AMDHD1	0.56793
HAL	-0.32489
LTA4H	-0.32853
ELK3	1.9361
CDK17	1.5777
CFAP54	-1.8025
NEDD1	0.033335
TMPO	-0.61805
SLC25A3	-1.6013
IKBIP	-0.15012
APAF1	-0.015518
ANKS1B	0.74102
FAM71C	0.065772
UHRF1BP1L	0.32924
ACTR6	-0.11385
DEPDC4	-0.046833
SCYL2	-0.18835
SLC17A8	1.3988
NR1H4	-0.13477
GAS2L3	0.11667
ANO4	1.9056
SLC5A8	0.62172
UTP20	1.6267
ARL1	1.5611
SPIC	-0.94738
MYBPC1	0.74967
CHPT1	0.56142
SYCP3	0.21847
GNPTAB	-0.11412
DRAM1	0.030666
CCDC53	-0.9489
NUP37	-1.2761
PARPBP	-0.74081
PMCH	-1.2211
IGF1	0.38311
PAH	1.5083
ASCL1	2.3223
C12orf42	0.40458
STAB2	-0.38528
NT5DC3	0.3567
HSP90B1	0.62405
C12orf73	-0.0054562
TDG	-0.61969
GLT8D2	-0.73644
HCFC2	-0.035181
NFYB	0.45896
TXNRD1	-1.3167
EID3	-0.29717
CHST11	-0.56073
SLC41A2	0.23716
C12orf45	0.38069
ALDH1L2	0.91497
KIAA1033	1.0213
APPL2	0.85655
C12orf75	-0.2985
NUAK1	-1.4379
CKAP4	0.097464
TCP11L2	0.31046
POLR3B	-0.77055
RFX4	-1.6183
RIC8B	-1.5492
TMEM263	-1.2336
MTERF2	-2.3406
CRY1	-1.4784
BTBD11	1.3828
PWP1	0.0050931
PRDM4	-0.52459
ASCL4	-0.78313
WSCD2	0.55248
CMKLR1	0.17958
FICD	-1.5394
SART3	-1.3108
ISCU	-0.93506
TMEM119	-0.39915
SELPLG	0.17911
CORO1C	0.3075
SSH1	0.76717
DAO	-1.9395
SVOP	-1.2603
USP30	-0.43825
ALKBH2	-0.70971
UNG	0.12475
ACACB	-0.43959
FOXN4	-0.25168
MYO1H	0.64947
KCTD10	0.91947
UBE3B	0.94531
MMAB	0.83487
MVK	0.41191
FAM222A	1.4486
TRPV4	0.437
GLTP	0.67966
TCHP	1.7371
GIT2	1.7894
ANKRD13A	1.8155
C12orf76	0.91336
IFT81	0.28353
ATP2A2	0.87428
ANAPC7	0.042196
ARPC3	0.34071
GPN3	0.64504
FAM216A	0.79217
VPS29	1.0459
RAD9B	0.96325
PPTC7	0.75137
TCTN1	0.8536
HVCN1	0.72381
PPP1CC	0.83508
CCDC63	-1.2688
MYL2	-1.307
CUX2	-0.35262
FAM109A	0.88637
SH2B3	1.4519
ATXN2	1.2776
BRAP	1.4647
ACAD10	1.365
ALDH2	1.638
MAPKAPK5	1.701
TMEM116	1.4852
ERP29	0.33454
NAA25	0.6219
TRAFD1	0.28137
HECTD4	0.28363
RPL6	0.226
PTPN11	0.40375
RPH3A	0.98006
OAS1	0.74267
OAS3	0.2552
OAS2	-0.2948
DTX1	2.319
RASAL1	2.015
CCDC42B	-0.21045
DDX54	-0.53665
RITA1	-0.61218
IQCD	-0.63308
TPCN1	-0.85954
SLC8B1	-0.86663
PLBD2	0.8825
SDS	1.268
SDSL	1.3893
LHX5	1.4848
RBM19	1.2225
TBX5	-0.9577
LOC105369997	0.32728
TBX3	-0.54307
MED13L	0.096915
MAP1LC3B2	-0.59365
C12orf49	-0.5479
RNFT2	1.5329
HRK	0.3849
FBXW8	-0.14017
TESC	-0.73859
FBXO21	1.9128
NOS1	0.97796
KSR2	1.261
RFC5	2.3264
WSB2	2.3328
VSIG10	1.6645
PEBP1	1.4952
TAOK3	2.0063
SUDS3	1.9953
SRRM4	1.5328
HSPB8	1.0578
CCDC60	-0.6277
TMEM233	0.28083
PRKAB1	0.41622
CIT	0.34169
CCDC64	1.107
RAB35	1.0786
GCN1L1	-0.88008
RPLP0	-0.71049
PXN	1.1315
SIRT4	1.4355
PLA2G1B	1.5634
MSI1	1.6173
COX6A1	0.72509
TRIAP1	0.37586
GATC	0.39358
SRSF9	0.20547
DYNLL1	0.36202
COQ5	0.33114
RNF10	-0.031461
POP5	-0.22165
CABP1	0.27802
MLEC	0.41207
UNC119B	0.39317
ACADS	0.46696
SPPL3	0.56483
HNF1A	-0.99209
C12orf43	-0.74459
OASL	0.17749
P2RX7	0.59024
P2RX4	0.031663
CAMKK2	0.8114
ANAPC5	0.072429
RNF34	2.8245
KDM2B	2.4424
ORAI1	0.71394
MORN3	0.26335
TMEM120B	-0.96324
RHOF	0.24138
SETD1B	0.8208
HPD	-1.8106
PSMD9	-1.571
WDR66	-1.3966
BCL7A	-1.024
MLXIP	0.46641
LRRC43	-0.091872
IL31	-0.30274
B3GNT4	0.17468
DIABLO	0.15244
VPS33A	0.31351
CLIP1	0.43583
ZCCHC8	0.56901
RSRC2	-0.57036
KNTC1	-0.2977
HCAR2	0.83445
HCAR3	0.81392
HCAR1	1.4916
DENR	0.81532
CCDC62	1.3119
HIP1R	1.5216
VPS37B	1.6594
ABCB9	0.94744
OGFOD2	0.91947
ARL6IP4	1.0092
PITPNM2	0.36619
MPHOSPH9	0.14772
C12orf65	-0.055554
CDK2AP1	-0.43813
SBNO1	-0.57521
LOC100293704	-0.31421
SETD8	-1.4989
RILPL2	-0.85214
SNRNP35	1.1682
RILPL1	2.383
TMED2	0.8702
DDX55	1.376
EIF2B1	1.5077
GTF2H3	1.1873
TCTN2	1.1533
ATP6V0A2	0.60743
DNAH10	-0.55583
CCDC92	-0.41281
ZNF664	-0.66898
ZNF664-FAM101A	-1.6685
FAM101A	-0.34758
LOC105370045	0.20246
NCOR2	1.679
SCARB1	0.31496
UBC	-0.50061
DHX37	0.17461
BRI3BP	0.16581
AACS	-0.1315
TMEM132B	1.519
LOC105370059	-2.098
TMEM132C	2.0157
SLC15A4	-0.33669
GLT1D1	-0.91926
TMEM132D	-1.0894
FZD10	-0.6771
PIWIL1	1.6819
RIMBP2	1.2114
STX2	0.57325
RAN	0.027869
ADGRD1	-0.45479
LOC100996701	-0.57378
SFSWAP	1.163
MMP17	1.2519
ULK1	0.008418
PUS1	1.4553
EP400	2.0821
DDX51	0.68212
NOC4L	0.62362
MUC8	1.4108
FBRSL1	1.1039
LOC100996573	1.013
LRCOL1	0.43155
P2RX2	-0.055395
POLE	-0.1685
PXMP2	-0.31749
PGAM5	0.074549
ANKLE2	0.44203
GOLGA3	0.63825
CHFR	1.4392
ZNF605	1.3793
ZNF140	2.4906
ZNF891	2.4867
ZNF10	2.3102
ZNF268	1.5338
ANHX	1.5788
LOC105370098	-0.30029
LOC105377819	2.6796
TUBA3C	-0.39523
TPTE2	-0.2909
MPHOSPH8	0.71045
PSPC1	1.0354
ZMYM5	1.144
ZMYM2	-1.2385
GJA3	-1.7279
GJB2	-0.41485
GJB6	0.26299
CRYL1	0.39366
IFT88	-0.09902
IL17D	-0.86601
N6AMT2	-0.96758
XPO4	-0.60101
LATS2	0.25966
SAP18	1.1642
SKA3	0.8725
MRPL57	0.48044
LOC101928764	-1.0498
ZDHHC20	0.78265
MICU2	-0.28668
FGF9	1.3192
SGCG	-1.229
SACS	-1.3214
TNFRSF19	-2.4869
MIPEP	0.19017
C1QTNF9B-AS1	0.41981
C1QTNF9B	0.45583
SPATA13	-2.2886
C1QTNF9	-1.6248
PARP4	0.20025
LOC105370295	0.11167
LOC101927375	0.064872
ATP12A	0.27171
RNF17	0.39375
CENPJ	0.79533
PABPC3	-0.39974
AMER2	1.4049
MTMR6	1.0556
NUPL1	1.4207
ATP8A2	-1.2433
SHISA2	-0.49187
RNF6	0.092987
CDK8	-0.03454
WASF3	-0.18423
GPR12	1.0674
USP12	-0.73373
RPL21	-1.6941
RASL11A	-0.92313
GTF3A	-2.0759
MTIF3	-1.5467
LNX2	-1.0979
POLR1D	-1.8181
GSX1	0.095895
PDX1	0.13689
CDX2	0.25608
URAD	-0.95547
FLT3	-0.29936
PAN3	1.2129
FLT1	1.091
POMP	-0.30435
SLC46A3	-0.94581
MTUS2	0.57077
SLC7A1	-0.32702
UBL3	-0.083459
KATNAL1	-0.46702
HMGB1	-0.094456
USPL1	0.33404
ALOX5AP	1.3017
MEDAG	0.58579
TEX26	-0.12382
HSPH1	-2.9711
B3GALTL	-0.50611
RXFP2	1.7795
FRY	0.12254
ZAR1L	-1.205
BRCA2	-1.1377
N4BP2L1	-0.25162
N4BP2L2	-0.021136
PDS5B	-1.0355
LOC101927403	0.45029
KL	0.26177
STARD13	-0.17935
RFC3	0.13436
NBEA	1.4219
MAB21L1	-0.11949
DCLK1	-0.41037
SOHLH2	-0.79126
CCDC169-SOHLH2	-1.4749
CCDC169	-1.5946
SPG20	-1.4192
CCNA1	-0.69255
SERTM1	0.38258
SMAD9	-0.28146
RFXAP	-1.7697
ALG5	1.8011
EXOSC8	0.74533
SUPT20H	0.40545
CSNK1A1L	-0.29733
POSTN	0.47268
TRPC4	0.43263
UFM1	0.75924
FREM2	-0.59327
STOML3	-1.3516
PROSER1	-0.38216
NHLRC3	-0.079581
LHFP	-1.0564
LOC105370296	-0.14426
COG6	0.36227
LOC105370172	0.022896
FOXO1	-0.11387
MRPS31	-0.51453
SLC25A15	0.04957
ELF1	0.2985
WBP4	1.6547
KBTBD6	-0.55381
KBTBD7	0.64539
MTRF1	0.75763
NAA16	-0.92407
RGCC	-0.56648
VWA8	1.1761
DGKH	-0.62855
AKAP11	0.057271
TNFSF11	-0.12342
FAM216B	-0.34668
EPSTI1	1.1549
DNAJC15	-0.50733
ENOX1	1.0157
CCDC122	2.8116
LACC1	2.3109
SMIM2	2.118
LOC105370297	0.96435
SERP2	1.3044
TSC22D1	1.6437
NUFIP1	0.7887
GPALPP1	0.1002
GTF2F2	-1.0576
KCTD4	-1.1708
TPT1	-0.16973
SLC25A30	-0.29217
COG3	-0.63165
ERICH6B	-0.85802
SPERT	-0.57669
SIAH3	1.6058
ZC3H13	2.9848
CPB2	2.4444
LCP1	-0.70939
LRRC63	-0.41441
KIAA0226L	1.1443
LRCH1	-0.80206
ESD	0.94949
HTR2A	-1.0222
SUCLA2	-0.031372
NUDT15	0.28522
MED4	0.8635
ITM2B	-1.6316
RB1	-1.0925
LPAR6	-1.8542
RCBTB2	-1.1484
CYSLTR2	-0.77185
FNDC3A	0.80961
MLNR	0.46533
CDADC1	-0.32178
CAB39L	-0.04124
SETDB2	-1.0937
PHF11	-1.6984
RCBTB1	-2.6964
ARL11	-1.2973
EBPL	-0.98784
KPNA3	-0.25696
SPRYD7	-1.3804
TRIM13	-0.61825
KCNRG	-0.17989
DLEU7	0.76568
RNASEH2B	0.50361
FAM124A	-0.24523
SERPINE3	0.79711
INTS6	1.4525
WDFY2	0.45854
DHRS12	0.36889
CCDC70	-0.14467
ATP7B	-0.51691
ALG11	-0.7796
UTP14C	-0.37906
NEK5	-0.43498
NEK3	-0.73985
THSD1	-0.097813
VPS36	0.079162
CKAP2	0.089724
HNRNPA1L2	-0.25002
SUGT1	-0.21344
LECT1	0.081692
PCDH8	0.72018
OLFM4	2.5602
PRR20A	-1.3511
PRR20B	-1.1995
PRR20D	-1.4446
PRR20E	-0.38979
PCDH17	0.50264
DIAPH3	0.58899
TDRD3	-2.0228
PCDH20	-0.24701
LOC101927016	0.08512
PCDH9	3.4354
KLHL1	0.96461
DACH1	1.815
MZT1	0.44858
BORA	0.88989
DIS3	1.4697
PIBF1	1.2195
KLF5	1.2044
KLF12	0.60471
TBC1D4	-0.1715
COMMD6	0.13816
UCHL3	-0.39794
LMO7	-0.30963
LMO7DN	0.48728
KCTD12	1.5271
IRG1	-1.4617
CLN5	-1.2279
FBXL3	-1.3215
MYCBP2	-0.036678
SCEL	1.3233
LOC100129307	1.7267
SLAIN1	1.8629
EDNRB	-0.21711
POU4F1	-0.8995
RNF219	-0.63415
RBM26	-2.2537
NDFIP2	-0.65005
LOC101927216	0.39696
SPRY2	1.5785
SLITRK1	1.247
LOC105370288	-1.0602
SLITRK6	0.82151
SLITRK5	-0.6467
GPC5	0.66233
GPC6	2.6677
DCT	0.89484
TGDS	1.2987
GPR180	0.93483
SOX21	-0.54756
LOC105376685	-0.62516
ABCC4	0.71506
CLDN10	-0.027911
DZIP1	0.37207
DNAJC3	0.78179
UGGT2	0.70321
LOC105370367	1.6023
HS6ST3	0.20861
OXGR1	0.47212
MBNL2	0.79122
RAP2A	-1.4905
IPO5	-0.90188
FARP1	1.3256
RNF113B	1.1538
STK24	-0.0063431
SLC15A1	0.064951
DOCK9	0.15197
UBAC2	0.72993
GPR18	1.2087
GPR183	0.53629
TM9SF2	0.017246
CLYBL	3.1992
ZIC5	0.43522
ZIC2	0.31447
PCCA	1.8007
GGACT	1.3396
TMTC4	-0.66492
LOC105370368	-1.2675
NALCN	0.8326
ITGBL1	0.085985
FGF14	-0.7027
TPP2	0.82074
METTL21C	0.31698
CCDC168	1.0245
TEX30	0.0059837
KDELC1	-1.1654
BIVM	-1.2799
BIVM-ERCC5	-0.85454
ERCC5	-0.38004
SLC10A2	0.36178
DAOA	-1.9085
EFNB2	-0.98371
ARGLU1	0.63454
FAM155A	0.96579
LIG4	0.84001
ABHD13	0.73845
TNFSF13B	1.1777
MYO16	0.39416
IRS2	-0.050436
COL4A1	1.4198
COL4A2	0.040721
RAB20	-0.48884
CARKD	-1.1107
CARS2	-0.28493
LOC105376684	-0.69536
ING1	-0.74232
LOC105370362	-0.74685
ANKRD10	0.89571
ARHGEF7	-0.66056
TEX29	-0.96901
LOC105370369	0.13558
LOC105378193	0.86727
SOX1	1.3868
SPACA7	-0.58912
TUBGCP3	-0.67879
ATP11AUN	-0.29333
ATP11A	1.1488
LOC105370374	1.8933
LOC105378192	0.20443
MCF2L	-0.28922
F7	-0.07551
F10	0.48953
LOC102724474	0.34241
PROZ	1.4438
PCID2	1.7218
CUL4A	2.0051
LAMP1	1.5265
GRTP1	0.85472
LOC101928841	-0.41807
ADPRHL1	0.50237
DCUN1D2	2.3708
TMCO3	2.7006
TFDP1	2.2833
ATP4B	3.2606
LOC105377805	1.9801
TMEM255B	2.2142
LOC105370380	1.6592
GAS6	1.4469
LINC00452	-1.6188
LOC100507747	-0.31446
RASA3	-0.41276
LOC105377808	0.16288
LOC101929355	-1.8817
CDC16	-0.15038
UPF3A	0.28713
CHAMP1	0.81839
OR4K14	1.3402
OR4K13	0.87594
OR4L1	0.13685
OR4K17	-1.4781
OR4N5	-0.35896
OR11G2	0.39277
OR11H6	-0.41397
OR11H4	-0.50899
TTC5	-0.31853
CCNB1IP1	0.70921
PARP2	1.0135
TEP1	0.50086
KLHL33	0.29284
OSGEP	0.51762
APEX1	-0.090228
TMEM55B	-0.017598
PNP	0.47288
RNASE10	-0.023769
RNASE9	0.64505
RNASE11	0.81067
RNASE12	1.1065
OR6S1	2.619
ANG	-0.59046
RNASE4	-0.5997
EDDM3A	-0.89811
EDDM3B	0.094344
RNASE6	1.1588
RNASE1	0.619
RNASE3	0.94296
RNASE2	1.2616
METTL17	0.020641
SLC39A2	-1.1539
NDRG2	-0.29269
TPPP2	-1.6693
RNASE13	-1.5178
RNASE7	-0.29732
RNASE8	1.6702
ARHGEF40	0.32569
ZNF219	-0.4033
TMEM253	-0.5779
OR5AU1	-1.7923
HNRNPC	-0.087009
RPGRIP1	1.0177
SUPT16H	-0.75405
CHD8	-1.0103
RAB2B	0.29192
TOX4	1.3154
METTL3	1.4212
SALL2	0.98561
OR10G3	0.2202
TRA	0.35045
OR10G2	0.42984
OR4E2	0.72919
TRD	0.83609
LOC105370399	-1.0451
DAD1	-0.71338
ABHD4	0.61722
OXA1L	0.17173
SLC7A7	1.6897
MRPL52	-0.64856
MMP14	-1.7526
LRP10	-0.94247
REM2	-0.15096
RBM23	0.079429
PRMT5	-0.028017
HAUS4	-0.30442
AJUBA	-0.54714
C14orf93	-0.067356
PSMB5	-0.50387
PSMB11	-1.504
CDH24	-1.5381
LOC105370705	-1.48
ACIN1	-0.91978
C14orf119	-0.57081
CEBPE	-0.13026
SLC7A8	0.096397
RNF212B	-0.44181
HOMEZ	-0.19639
PPP1R3E	-0.89942
LOC105378176	-0.82167
BCL2L2	-0.67159
BCL2L2-PABPN1	-0.34872
PABPN1	-0.040156
SLC22A17	0.64836
EFS	0.90067
IL25	1.1068
CMTM5	1.0565
MYH6	1.1589
MYH7	1.5893
NGDN	1.8389
THTPA	0.83969
ZFHX2	0.4036
AP1G2	0.22688
JPH4	0.10637
DHRS2	-0.30046
DHRS4	0.3267
DHRS4L2	-0.31241
DHRS4L1	-0.33128
LRRC16B	-1.1566
CPNE6	-0.12557
NRL	-0.58104
PCK2	-0.8251
DCAF11	-0.34774
FITM1	-0.13122
PSME1	-0.13156
EMC9	-0.16082
PSME2	-0.088418
RNF31	0.81793
IRF9	1.0336
REC8	1.0371
IPO4	1.0579
TM9SF1	0.71692
TSSK4	-0.14214
CHMP4A	0.032597
MDP1	-0.30111
NEDD8-MDP1	-0.42348
NEDD8	-0.36073
GMPR2	-1.2147
TINF2	-1.278
TGM1	-0.17637
RABGGTA	0.29492
DHRS1	-0.13244
NOP9	-0.29509
CIDEB	-0.13774
LTB4R2	0.052434
LTB4R	0.17178
ADCY4	0.17281
RIPK3	0.40681
NFATC4	1.4855
NYNRIN	0.21573
KHNYN	-0.88518
CBLN3	-0.81804
SDR39U1	-0.771
CMA1	0.18843
CTSG	0.079322
GZMH	0.015065
GZMB	-1.3735
STXBP6	0.36239
NOVA1	2.5177
FOXG1	-0.23464
PRKD1	0.83948
G2E3	-0.56935
SCFD1	-0.45342
COCH	0.91763
STRN3	0.72715
AP4S1	1.387
HECTD1	1.265
HEATR5A	0.59147
DTD2	-0.12501
GPR33	0.50737
NUBPL	-0.12774
ARHGAP5	-0.15508
AKAP6	0.74743
NPAS3	-0.13154
EGLN3	-0.38757
SPTSSA	0.34364
EAPP	2.0108
SNX6	1.4783
CFL2	1.3703
BAZ1A	1.5834
SRP54	2.0029
FAM177A1	0.96667
PPP2R3C	1.4507
KIAA0391	0.63243
PSMA6	0.60209
NFKBIA	-0.97896
INSM2	-1.6527
RALGAPA1	-1.0128
BRMS1L	-0.53358
LOC102723418	1.5261
MBIP	-0.61725
SFTA3	1.5456
NKX2-1	1.9234
NKX2-8	-0.57418
PAX9	0.62651
SLC25A21	2.6547
MIPOL1	2.5616
FOXA1	1.9462
TTC6	0.30083
SSTR1	0.57037
CLEC14A	1.1932
LOC102723503	1.1202
SEC23A	0.64643
GEMIN2	0.61371
TRAPPC6B	0.88153
PNN	1.4917
MIA2	0.11789
CTAGE5	-0.86214
FBXO33	0.19858
LRFN5	-1.0601
FSCB	1.3508
C14orf28	0.39249
KLHL28	0.35517
FAM179B	0.41117
PRPF39	0.36708
FKBP3	0.42963
FANCM	0.54347
MIS18BP1	1.0638
RPL10L	1.2804
MDGA2	-0.11853
RPS29	1.0727
LRR1	0.80349
RPL36AL	0.34524
MGAT2	0.25976
DNAAF2	0.22973
POLE2	0.2897
KLHDC1	0.41692
KLHDC2	0.16488
NEMF	0.42924
ARF6	0.40642
VCPKMT	0.10679
SOS2	-0.28048
L2HGDH	-0.80411
ATP5S	-0.39091
CDKL1	-1.0065
MAP4K5	1.0256
ATL1	1.0221
SAV1	0.65357
NIN	0.73226
ABHD12B	-0.017783
PYGL	0.15975
TRIM9	-0.14853
TMX1	-0.015785
FRMD6	0.21813
GNG2	0.16214
C14orf166	0.046315
NID2	1.4489
PTGDR	2.5667
PTGER2	-0.56601
TXNDC16	-0.6843
GPR137C	-0.24837
ERO1L	1.1712
PSMC6	2.7292
STYX	2.7654
GNPNAT1	2.3767
FERMT2	1.8615
DDHD1	-0.62905
BMP4	-0.47403
CDKN3	-0.656
CNIH1	-0.782
GMFB	-1.0047
CGRRF1	-0.74704
SAMD4A	-0.0074139
GCH1	0.5693
WDHD1	-0.27719
SOCS4	-1.0875
MAPK1IP1L	-1.1101
LGALS3	-0.52412
DLGAP5	-0.94405
FBXO34	-0.33517
ATG14	-0.52476
TBPL2	-1.1243
KTN1	-0.998
PELI2	1.2392
TMEM260	1.3385
OTX2	0.80755
EXOC5	0.5044
AP5M1	0.96933
NAA30	0.97416
C14orf105	2.5306
SLC35F4	-1.2572
C14orf37	-0.54423
ACTR10	-0.38429
PSMA3	-0.45567
ARID4A	0.015135
TOMM20L	-0.91158
TIMM9	-0.31368
KIAA0586	-0.38853
DACT1	0.5069
DAAM1	-2.4528
GPR135	-1.7605
L3HYPDH	-2.1281
JKAMP	-1.951
CCDC175	-1.4622
RTN1	-0.94234
PCNXL4	-1.376
DHRS7	-1.0333
PPM1A	0.43388
C14orf39	2.9123
SIX6	1.9484
LOC105378189	0.28909
SIX1	0.67085
SIX4	-0.47849
MNAT1	0.70627
TRMT5	-0.61787
SLC38A6	0.17775
TMEM30B	-0.39202
PRKCH	-0.62185
HIF1A	-1.3118
SNAPC1	-1.0477
SYT16	-0.61351
KCNH5	1.8605
RHOJ	0.02822
GPHB5	1.0343
PPP2R5E	-0.19998
WDR89	1.7952
SGPP1	-0.74709
SYNE2	1.4533
ESR2	0.49549
MTHFD1	-0.031149
ZBTB25	-0.018759
AKAP5	-0.061821
ZBTB1	0.013109
HSPA2	-1.066
PPP1R36	-0.64929
PLEKHG3	-0.043453
SPTB	1.0052
CHURC1	0.84957
CHURC1-FNTB	0.14615
GPX2	0.90849
RAB15	0.71893
FNTB	-0.81084
MAX	-0.52408
FUT8	-1.1644
GPHN	-0.12734
FAM71D	0.66657
MPP5	0.89848
ATP6V1D	0.78745
EIF2S1	0.71607
PLEK2	0.45093
TMEM229B	0.99118
PLEKHH1	0.36987
PIGH	-0.16099
ARG2	0.07362
VTI1B	0.82104
RDH11	0.60939
RDH12	0.91269
ZFYVE26	0.2158
RAD51B	1.0178
LOC100996664	1.553
ZFP36L1	1.6442
LOC105370548	1.4599
ACTN1	-0.45939
DCAF5	-1.3942
EXD2	-0.52672
GALNT16	0.55074
ERH	0.95473
SLC39A9	1.1802
LOC105370551	0.46304
PLEKHD1	0.36278
CCDC177	-0.40793
SUSD6	-0.63751
SRSF5	-0.0051305
SLC10A1	0.14898
SMOC1	0.79865
SLC8A3	-1.021
LOC105370553	-1.0241
COX16	-0.40929
SYNJ2BP-COX16	-0.30502
LOC105370554	-0.42719
SYNJ2BP	-0.27541
ADAM21	-1.2686
ADAM20	0.334
MED6	0.54425
TTC9	0.040533
MAP3K9	0.41463
PCNX	-0.47268
LOC105370706	-0.76166
SIPA1L1	0.63158
RGS6	0.25912
DPF3	0.41748
DCAF4	2.2197
ZFYVE1	2.5591
RBM25	2.8013
PSEN1	1.9246
PAPLN	2.4106
NUMB	0.73016
HEATR4	0.74356
C14orf169	0.76398
ACOT1	0.23864
ACOT2	1.041
ACOT4	0.88477
ACOT6	1.236
DNAL1	-0.93478
PNMA1	-0.50295
ELMSAN1	-0.11376
PTGR2	0.55625
ZNF410	0.29399
FAM161B	0.55882
COQ6	0.43185
ENTPD5	0.68227
CCDC176	1.1449
ALDH6A1	1.1251
LIN52	1.2456
VSX2	0.47708
ABCD4	0.026116
VRTN	0.74978
SYNDIG1L	3.014
NPC2	1.4818
ISCA2	1.4609
LTBP2	1.1174
AREL1	-0.5529
FCF1	-0.53463
YLPM1	-0.56627
PROX2	-1.1345
DLST	-1.1065
RPS6KL1	-0.9546
PGF	-1.6222
EIF2B2	0.35134
MLH3	0.42364
ACYP1	0.54169
ZC2HC1C	0.42731
NEK9	0.23263
TMED10	0.18882
FOS	0.053499
JDP2	-1.1109
BATF	-0.38779
FLVCR2	-0.10326
C14orf1	0.065239
TTLL5	-0.4302
TGFB3	-0.63932
IFT43	-0.86137
GPATCH2L	-1.0447
ESRRB	1.8765
VASH1	1.4137
ANGEL1	1.4082
LRRC74A	1.8594
IRF2BPL	0.086928
LOC105370579	0.12845
CIPC	-0.1646
ZDHHC22	-1.0135
TMEM63C	0.34868
NGB	0.3388
POMT2	2.0322
GSTZ1	2.6906
TMED8	1.7756
SAMD15	1.6003
NOXRED1	1.6471
VIPAS39	1.8934
AHSA1	2.1613
ISM2	1.4111
SPTLC2	1.4376
ALKBH1	0.92265
SLIRP	0.72126
SNW1	0.77876
C14orf178	0.69925
ADCK1	1.066
NRXN3	1.7172
DIO2	-1.2645
CEP128	-0.97526
TSHR	-1.449
GTF2A1	1.5086
STON2	0.36504
SEL1L	0.22744
FLRT2	1.066
GALC	0.80163
GPR65	0.26882
KCNK10	-0.67721
SPATA7	0.39392
PTPN21	0.42543
ZC3H14	0.22399
EML5	-0.13108
TTC8	-1.3178
FOXN3	1.4001
EFCAB11	0.16622
TDP1	0.5876
LOC101927029	1.2978
KCNK13	1.0229
PSMC1	1.3475
NRDE2	0.58372
CALM1	-0.37543
TTC7B	-1.7783
RPS6KA5	-0.94366
C14orf159	-0.26704
GPR68	0.068729
CCDC88C	-1.4476
SMEK1	-1.5342
CATSPERB	-1.7267
TC2N	-1.6749
FBLN5	-1.4313
TRIP11	0.82013
ATXN3	1.1245
NDUFB1	1.5914
CPSF2	1.7466
SLC24A4	-0.39279
LOC105370707	0.12074
RIN3	1.2911
LGMN	0.78578
GOLGA5	0.93095
CHGA	1.6958
ITPK1	0.75535
MOAP1	-0.47042
TMEM251	-0.2891
C14orf142	0.39147
UBR7	0.31344
BTBD7	0.30351
UNC79	0.24948
COX8C	0.099213
PRIMA1	1.6646
FAM181A	0.74365
ASB2	1.145
OTUB2	0.99051
DDX24	0.36635
IFI27L1	0.37218
IFI27	1.0813
IFI27L2	0.99023
PPP4R4	0.12885
SERPINA10	0.78806
SERPINA6	1.2376
SERPINA2	1.4449
SERPINA1	3.1352
SERPINA11	-0.24566
SERPINA9	0.04718
SERPINA12	0.30767
SERPINA4	0.57654
SERPINA5	-0.14935
SERPINA3	0.24336
GSC	-0.5783
DICER1	1.0365
CLMN	0.59568
SYNE3	-0.99481
LOC105370641	-1.5242
GLRX5	0.46406
TCL1B	0.9322
TCL1A	0.13232
C14orf132	0.53732
BDKRB2	-0.45538
BDKRB1	-0.32146
ATG2B	-0.8136
GSKIP	-0.2329
AK7	-0.19437
PAPOLA	-0.69811
VRK1	1.5204
LOC105370649	0.11553
C14orf177	-0.57894
BCL11B	0.70144
SETD3	0.94518
CCNK	1.3288
CCDC85C	0.31801
HHIPL1	1.5016
CYP46A1	0.27137
EML1	0.031985
EVL	-0.03429
DEGS2	0.24886
YY1	0.99846
SLC25A29	0.22602
SLC25A47	-0.67438
WARS	-0.35537
WDR25	-1.0479
BEGAIN	-0.28597
DLK1	0.20541
RTL1	-0.30799
DIO3	0.19693
PPP2R5C	-0.084645
DYNC1H1	-0.0096239
HSP90AA1	0.030754
WDR20	0.32158
MOK	0.51212
ZNF839	-0.21232
CINP	0.45693
TECPR2	0.81961
ANKRD9	0.79121
RCOR1	-1.0461
TRAF3	1.2157
AMN	0.97782
CDC42BPB	0.88585
EXOC3L4	-1.218
TNFAIP2	0.60368
EIF5	1.4595
MARK3	2.2661
CKB	2.2382
TRMT61A	2.4355
BAG5	1.8985
APOPT1	1.408
KLC1	2.0585
XRCC3	1.6255
ZFYVE21	0.88536
PPP1R13B	-0.28986
C14orf2	-0.11554
TDRD9	-0.1544
RD3L	0.13622
LOC105370691	0.20502
ASPG	0.67623
LOC105370708	1.7073
KIF26A	0.70676
LOC105378190	-0.11641
C14orf180	1.235
TMEM179	1.4699
INF2	0.39455
ADSSL1	-0.42812
SIVA1	0.0064014
AKT1	0.15817
ZBTB42	0.0044638
CEP170B	-0.50109
PLD4	0.39014
AHNAK2	0.10356
C14orf79	-1.8808
CDCA4	-1.0177
GPR132	-1.1974
JAG2	0.9797
NUDT14	-0.074576
BRF1	-0.80894
BTBD6	-2.3586
PACS2	-1.5885
TEX22	-0.93114
MTA1	0.072716
CRIP2	-0.25263
LOC105378191	-1.9348
CRIP1	-2.4117
C14orf80	-2.4965
TMEM121	-0.2981
IGH	-1.1851
GOLGA6L2	3.9173
MKRN3	2.5548
MAGEL2	0.67658
NDN	0.65908
NPAP1	-0.38097
SNRPN	0.2014
SNURF	0.79267
UBE3A	-1.678
ATP10A	1.8661
GABRB3	0.070671
GABRA5	1.3272
GABRG3	1.299
OCA2	1.6737
HERC2	-0.08521
GOLGA8M	1.9328
APBA2	-0.090922
FAM189A1	-0.74171
NDNL2	-0.44096
TJP1	0.042659
GOLGA8J	-1.0048
LOC101927579	-0.15769
GOLGA8H	-0.61676
ARHGAP11B	0.15152
LOC105370748	-0.59075
FAN1	-0.43617
MTMR10	-0.11323
TRPM1	-1.0959
LOC102725022	0.82286
LOC283710	0.7166
KLF13	0.30398
LOC105370939	-0.45526
OTUD7A	0.67553
LOC105370940	-0.70141
CHRNA7	-1.6538
LOC101928042	-0.66599
GOLGA8N	-0.56763
ARHGAP11A	-0.59161
SCG5	0.48791
GREM1	-1.4092
FMN1	0.94532
RYR3	0.17207
AVEN	0.95776
CHRM5	1.1373
EMC7	0.15554
PGBD4	-0.19061
KATNBL1	-0.1278
EMC4	-0.29627
SLC12A6	-0.97995
NOP10	-0.64298
NUTM1	-0.51747
LPCAT4	-0.46291
GOLGA8A	-0.55039
GOLGA8B	2.044
GJD2	-0.013451
ACTC1	-1.0026
AQR	2.1686
ZNF770	1.8174
DPH6	0.38215
C15orf41	2.1595
MEIS2	1.0308
TMCO5A	-0.21787
SPRED1	0.32979
FAM98B	0.99648
RASGRP1	1.2902
C15orf53	-0.21394
C15orf54	0.22273
THBS1	-0.72755
FSIP1	0.93024
LOC105370941	2.4513
GPR176	2.0885
EIF2AK4	-1.7311
SRP14	-0.40159
BMF	-0.78376
BUB1B	-0.093466
PAK6	1.6945
C15orf56	1.0605
ANKRD63	1.0704
PLCB2	0.83325
INAFM2	0.96235
C15orf52	1.4506
PHGR1	1.9161
DISP2	1.6236
KNSTRN	1.0877
IVD	0.75525
BAHD1	1.8661
CHST14	2.067
C15orf57	1.652
RPUSD2	1.782
CASC5	0.94511
RAD51	2.3289
RMDN3	2.2944
GCHFR	1.3575
DNAJC17	0.6624
C15orf62	0.49115
ZFYVE19	0.55601
PPP1R14D	0.33111
SPINT1	0.93996
RHOV	1.3589
VPS18	1.6183
LOC105370943	1.6936
DLL4	1.6402
CHAC1	0.39108
INO80	-0.18634
EXD1	-0.58074
CHP1	-0.98684
OIP5	-1.4309
NUSAP1	-1.2783
NDUFAF1	-0.83695
RTF1	-0.45555
ITPKA	-0.80164
LTK	-1.1476
RPAP1	0.83372
TYRO3	1.1463
MGA	-0.24307
MAPKBP1	0.17754
JMJD7	0.1945
JMJD7-PLA2G4B	0.088902
PLA2G4B	-0.12046
SPTBN5	0.081405
EHD4	-0.27848
PLA2G4E	-1.3154
PLA2G4D	0.25023
PLA2G4F	2.4172
VPS39	3.3556
TMEM87A	2.4139
GANC	3.1354
CAPN3	3.1538
ZNF106	2.0207
SNAP23	1.9515
LRRC57	1.8762
HAUS2	1.9133
STARD9	1.2099
CDAN1	1.0484
TTBK2	0.27115
UBR1	-0.35407
TMEM62	-0.33484
CCNDBP1	0.31293
EPB42	1.0308
TGM5	1.9313
TGM7	2.1722
LCMT2	2.1251
ADAL	2.3265
ZSCAN29	2.4899
TUBGCP4	2.7536
TP53BP1	2.7426
MAP1A	2.6727
PPIP5K1	2.6488
CKMT1B	2.3659
STRC	2.2681
CATSPER2	2.1561
CKMT1A	1.7786
PDIA3	2.255
ELL3	2.1343
SERF2	2.0615
SERINC4	2.0053
HYPK	1.8665
MFAP1	2.0511
WDR76	1.9704
FRMD5	1.5274
CASC4	0.41425
CTDSPL2	0.69107
EIF3J	0.82874
SPG11	1.6198
PATL2	0.46829
B2M	-0.58689
TRIM69	-0.47357
C15orf43	2.0617
SORD	2.4689
DUOX2	0.521
DUOXA2	-0.61935
DUOXA1	-0.31552
DUOX1	1.8239
SHF	1.7124
LOC105369153	0.54526
SLC28A2	0.67866
GATM	0.09455
SPATA5L1	0.44263
C15orf48	-0.29153
LOC105376714	-0.49593
SLC30A4	-0.34929
BLOC1S6	0.61742
SQRDL	-0.12964
SEMA6D	0.98308
SLC24A5	-0.27167
MYEF2	-1.6088
CTXN2	0.34291
SLC12A1	1.3823
DUT	-0.0013143
FBN1	0.54238
CEP152	-1.5685
SHC4	-0.79373
EID1	-0.90688
SECISBP2L	1.1533
COPS2	0.025995
GALK2	0.027804
FAM227B	-0.081264
FGF7	-0.62771
DTWD1	0.77999
ATP8B4	-0.37272
SLC27A2	-0.28889
HDC	0.19037
GABPB1	0.21031
USP8	-0.27483
USP50	-0.2486
TRPM7	-0.82094
SPPL2A	-0.39552
AP4E1	-0.14546
TNFAIP8L3	-0.55771
LOC105370815	-0.33641
CYP19A1	-1.363
GLDN	0.49792
DMXL2	1.9919
SCG3	2.6409
LYSMD2	2.0898
TMOD2	1.9752
TMOD3	2.154
LEO1	2.0757
MAPK6	0.7547
BCL2L10	1.3188
GNB5	-0.24048
MYO5C	-1.1349
MYO5A	0.55525
ARPP19	-0.35521
FAM214A	-0.69311
ONECUT1	0.16171
LOC101928499	0.94853
WDR72	-1.7568
LOC105370828	-0.1424
UNC13C	0.5382
RSL24D1	-0.022728
RAB27A	-0.64492
PIGB	-1.6086
CCPG1	-0.47186
C15orf65	-0.39977
DYX1C1	-0.42742
PYGO1	1.2624
PRTG	2.4366
NEDD4	-1.147
RFX7	-1.0377
TEX9	-1.61
MNS1	-1.6384
ZNF280D	-1.1985
TCF12	0.42162
CGNL1	0.21946
MYZAP	0.62854
GCOM1	0.5195
POLR2M	-0.23589
ALDH1A2	-0.78117
AQP9	0.6715
LOC101928635	-0.38299
LIPC	0.24101
ADAM10	-0.34011
FAM63B	-1.363
SLTM	-1.1765
RNF111	-0.24797
CCNB2	-1.0754
MYO1E	0.64409
LDHAL6B	-0.60935
FAM81A	1.0235
GCNT3	-0.91252
GTF2A2	0.72685
BNIP2	0.85781
FOXB1	2.4924
LOC105370838	1.82
ANXA2	1.8058
ICE2	2.0369
RORA	2.3853
VPS13C	2.9538
C2CD4A	3.0879
C2CD4B	1.6845
LOC105370849	1.4793
TLN2	-0.27366
TPM1	2.1004
LACTB	2.0059
RPS27L	1.512
RAB8B	0.50156
APH1B	-0.23264
CA12	0.90545
USP3	0.8965
FBXL22	0.86533
HERC1	0.21296
DAPK2	0.14123
FAM96A	-0.86178
SNX1	-0.37142
SNX22	0.77619
PPIB	1.0162
CSNK1G1	1.1515
KIAA0101	1.2339
TRIP4	0.77415
ZNF609	0.64487
OAZ2	-0.2128
RBPMS2	0.13521
PIF1	-1.1994
PLEKHO2	-0.31352
ANKDD1A	0.069223
SPG21	0.25332
MTFMT	0.30373
SLC51B	1.3388
RASL12	1.6633
KBTBD13	1.989
UBAP1L	0.069335
PDCD7	-0.38913
CLPX	0.36446
CILP	0.31523
PARP16	0.83403
IGDCC3	0.81958
IGDCC4	-0.090786
DPP8	-0.078526
HACD3	-0.58679
VWA9	-0.69599
SLC24A1	-0.75944
DENND4A	-0.4421
RAB11A	-0.98908
MEGF11	-0.27307
DIS3L	0.48794
TIPIN	0.61634
MAP2K1	0.11246
SNAPC5	0.12873
RPL4	0.17385
ZWILCH	0.042043
LCTL	0.31983
SMAD6	-0.026853
SMAD3	2.2054
AAGAB	2.8694
IQCH	2.7032
C15orf61	1.9445
MAP2K5	1.9992
SKOR1	0.59105
PIAS1	-0.7889
CALML4	0.147
CLN6	0.37161
FEM1B	-1.8683
ITGA11	-0.60304
CORO2B	0.97768
ANP32A	-0.44091
SPESP1	0.4747
NOX5	0.89111
GLCE	-0.7504
PAQR5	0.5296
KIF23	0.98516
RPLP1	1.0781
TLE3	-0.047182
UACA	0.013465
LARP6	-0.076366
LRRC49	0.42351
THAP10	0.30521
CT62	-0.3353
THSD4	1.1823
NR2E3	-0.73759
MYO9A	-0.50649
SENP8	-0.77754
GRAMD2	-0.77425
PKM	-0.58034
PARP6	-0.6333
CELF6	-0.7868
HEXA	-0.86749
TMEM202	0.072336
ARIH1	-1.1462
GOLGA6B	-1.466
LOC646670	-1.2694
BBS4	0.25383
ADPGK	0.60393
NEO1	0.78977
HCN4	0.64393
REC114	-1.544
NPTN	-1.3086
CD276	-1.4766
C15orf59	-0.56786
TBC1D21	2.0141
LOXL1	0.82671
STOML1	1.5158
PML	1.5231
GOLGA6A	1.6431
LOC732265	-0.63859
ISLR2	1.124
ISLR	3.2419
STRA6	2.7988
CCDC33	1.3487
CYP11A1	1.2683
SEMA7A	0.86938
UBL7	0.076217
ARID3B	-0.0098918
CLK3	0.0065529
LOC102723750	-0.19569
EDC3	-0.23857
CYP1A1	0.94989
CYP1A2	0.79896
CSK	1.7007
LMAN1L	1.4962
CPLX3	1.6576
ULK3	1.6482
SCAMP2	1.9486
MPI	2.1369
FAM219B	2.1155
COX5A	2.279
RPP25	1.6873
SCAMP5	0.3908
PPCDC	0.59297
C15orf39	1.5615
LOC105376731	0.46223
GOLGA6C	-0.76296
GOLGA6D	0.67346
COMMD4	1.4273
NEIL1	0.81234
MAN2C1	0.97143
SIN3A	1.2117
PTPN9	1.1141
SNUPN	1.6679
IMP3	1.5367
SNX33	0.25301
CSPG4	-1.4125
ODF3L1	-1.2641
UBE2Q2	-1.0215
FBXO22	-1.1119
NRG4	-0.87833
C15orf27	-0.42055
ETFA	-0.023322
ISL2	-0.14284
SCAPER	-0.42114
RCN2	-0.70748
PSTPIP1	-0.071874
TSPAN3	0.68839
PEAK1	0.62334
HMG20A	0.34863
LINGO1	0.33314
LOC440292	-1.2414
TBC1D2B	0.47972
SH2D7	1.765
CIB2	0.8862
LOC105370945	-0.11218
IDH3A	-1.3192
ACSBG1	-1.1258
DNAJA4	0.30995
WDR61	-0.0050208
CRABP1	0.112
IREB2	0.47044
HYKK	1.1052
PSMA4	1.2633
CHRNA5	1.3058
CHRNA3	1.2363
CHRNB4	2.0154
ADAMTS7	1.8745
MORF4L1	0.49196
CTSH	1.3907
RASGRF1	0.55132
ANKRD34C	-0.036974
TMED3	1.3217
KIAA1024	2.1831
MTHFS	0.39646
ST20-MTHFS	0.36454
ST20	0.40413
BCL2A1	0.13807
ZFAND6	-1.2956
FAH	0.70668
ARNT2	-1.1941
ABHD17C	0.78269
CEMIP	0.66241
MESDC2	-0.89246
MESDC1	-0.70397
C15orf26	-0.8773
IL16	0.50305
STARD5	0.84965
TMC3	0.91389
MEX3B	0.46941
EFTUD1	1.6215
SAXO2	1.1323
RPS17	-0.32863
CPEB1	0.53952
AP3B2	0.77306
FSD2	0.4542
WHAMM	0.41335
HOMER2	1.5065
FAM103A1	2.1715
C15orf40	2.0148
BTBD1	0.60831
TM6SF1	0.14691
HDGFRP3	0.11955
LOC105370929	0.28995
BNC1	0.39081
SH3GL3	-0.45157
ADAMTSL3	0.37309
UBE2Q2L	1.6412
GOLGA6L4	1.2118
ZSCAN2	2.1608
WDR73	2.7479
NMB	2.6088
SEC11A	2.129
ZNF592	2.2881
ALPK3	1.876
SLC28A1	0.94167
PDE8A	-1.37
LOC101929479	-0.32532
GOLGA6L3	-1.2544
AKAP13	1.2002
KLHL25	1.6946
AGBL1	-0.32542
NTRK3	0.11566
MRPL46	0.32782
MRPS11	0.15816
DET1	-0.77364
AEN	-0.71454
ISG20	-0.64168
ACAN	0.65829
HAPLN3	-0.88871
MFGE8	-0.7571
LOC105376732	-0.2096
ABHD2	0.098029
RLBP1	1.0364
FANCI	1.4576
POLG	1.1439
LOC105371031	1.9367
RHCG	0.60488
TICRR	0.096248
KIF7	0.18944
PLIN1	0.84738
PEX11A	0.45237
WDR93	-0.59844
MESP1	-1.29
MESP2	-0.47328
ANPEP	-1.1563
AP3S2	-0.40756
C15orf38-AP3S2	-0.54489
ARPIN	-0.15628
ZNF710	0.1507
IDH2	-1.1013
SEMA4B	0.89095
CIB1	0.60766
GDPGP1	0.69126
NGRN	0.0331
ZNF774	-0.15408
IQGAP1	0.35673
CRTC3	-0.38194
BLM	-0.42477
FURIN	-0.33155
FES	-0.25544
MAN2A2	0.27959
UNC45A	0.1657
HDDC3	0.78228
RCCD1	-0.707
PRC1	-0.62983
VPS33B	-0.64965
SV2B	0.81902
LOC105370971	-0.37128
SLCO3A1	1.6838
ST8SIA2	0.69404
C15orf32	0.7871
FAM174B	-2.7229
CHD2	-0.68757
RGMA	-0.02981
LOC105370980	0.48602
MCTP2	-1.2868
LOC105369212	0.25841
NR2F2	2.0884
SPATA8	0.49084
ARRDC4	-0.18638
FAM169B	-2.2993
IGF1R	-0.25872
PGPEP1L	-0.6992
SYNM	0.64026
TTC23	0.48122
LRRC28	-0.02476
MEF2A	1.774
LYSMD4	0.55855
ADAMTS17	-0.044129
CERS3	-0.85697
LINS	1.0385
ASB7	0.35622
LOC105369201	-1.7027
ALDH1A3	-0.46576
LOC101927751	-0.12748
LRRK1	-1.5402
LOC105371026	-1.2405
CHSY1	1.8472
VIMP	1.3549
SNRPA1	-0.27907
PCSK6	-1.335
TM2D3	1.2061
TARSL2	1.9049
LOC100128108	2.9098
LOC105376734	1.6625
LOC101927628	1.7785
OR4F6	1.7141
OR4F15	2.0245
POLR3K	0.9462
SNRNP25	1.0051
RHBDF1	0.37883
MPG	-0.26868
LOC105376746	-0.14502
NPRL3	-0.58281
HBZ	0.095786
HBM	0.045755
HBA2	1.0036
HBA1	0.87456
HBQ1	0.92951
LUC7L	0.37677
ITFG3	0.057256
RGS11	0.70215
ARHGDIG	2.1462
PDIA2	2.0594
AXIN1	1.9917
MRPL28	1.222
TMEM8A	0.95983
NME4	-1.0898
DECR2	-1.3954
RAB11FIP3	-0.12414
CAPN15	0.63871
PRR35	-0.22223
NHLRC4	-0.18729
PIGQ	0.08309
RAB40C	-0.10331
WFIKKN1	-0.67135
C16orf13	-0.31012
FAM195A	0.66143
WDR90	1.0446
RHOT2	1.0491
RHBDL1	1.2475
LOC105371184	1.28
STUB1	1.008
JMJD8	0.85721
WDR24	0.42445
FBXL16	0.02948
METRN	-1.0256
FAM173A	-0.67181
CCDC78	-0.55772
HAGHL	-0.58181
NARFL	0.6871
MSLN	0.26419
RPUSD1	0.063591
CHTF18	-0.39852
GNG13	-0.91337
PRR25	-0.65624
LMF1	-0.27642
SOX8	-0.70866
SSTR5	1.1726
C1QTNF8	-0.0018239
CACNA1H	-1.4713
TPSG1	-0.56777
TPSB2	-0.68853
TPSAB1	-0.96351
TPSD1	-0.48886
UBE2I	1.2123
BAIAP3	0.84335
TSR3	-0.26758
GNPTG	-0.4035
UNKL	-1.2104
C16orf91	-1.6094
LOC105371045	-1.0609
CCDC154	-0.96753
CLCN7	-0.097357
PTX4	0.44739
TELO2	-0.14641
IFT140	0.34211
TMEM204	0.0059806
CRAMP1L	1.1579
HN1L	1.4149
MAPK8IP3	1.1499
NME3	0.50295
MRPS34	0.50145
EME2	0.77164
SPSB3	0.95549
NUBP2	0.84471
IGFALS	0.84782
HAGH	2.4149
FAHD1	2.4452
MEIOB	2.3022
HS3ST6	1.4561
MSRB1	0.40163
RPL3L	-0.94713
NDUFB10	-0.82968
RPS2	-0.72048
RNF151	-0.56425
TBL3	-0.018872
NOXO1	0.16436
GFER	0.22924
SYNGR3	0.14926
ZNF598	0.49076
NPW	0.4444
SLC9A3R2	-0.37132
NTHL1	-0.73765
TSC2	-1.2879
PKD1	-0.96912
RAB26	0.40173
TRAF7	-0.094037
CASKIN1	0.90463
MLST8	1.4978
BRICD5	1.4496
PGP	1.4435
E4F1	1.1933
DNASE1L2	1.0011
ECI1	1.0727
RNPS1	0.69355
ABCA3	0.16408
CCNF	0.8254
C16orf59	0.54509
NTN3	0.35339
TBC1D24	-0.9851
ATP6V0C	0.32919
AMDHD2	0.79563
CEMP1	-0.21824
PDPK1	-0.073544
KCTD5	-0.80455
PRSS27	-0.69714
SRRM2	-1.216
TCEB2	-0.63069
PRSS33	-0.18883
PRSS41	-0.38507
PRSS21	0.60289
ZG16B	0.91313
PRSS22	1.0907
FLYWCH2	0.88231
FLYWCH1	0.34683
KREMEN2	0.024023
PAQR4	-0.17771
PKMYT1	-0.50421
CLDN9	-0.56293
CLDN6	-0.29586
TNFRSF12A	0.080692
HCFC1R1	0.24671
THOC6	0.64903
CCDC64B	1.3361
MMP25	1.481
IL32	0.3142
ZSCAN10	-0.58535
ZNF205	-0.089153
ZNF213	0.30323
OR1F1	0.73937
ZNF200	-0.19536
MEFV	0.32433
ZNF263	1.4654
TIGD7	1.5224
ZNF75A	1.4527
OR2C1	-2.103
MTRNR2L4	-1.7778
ZSCAN32	-1.445
ZNF174	-1.7582
ZNF597	-1.5422
NAA60	-1.1303
C16orf90	-1.9753
CLUAP1	-1.2408
NLRC3	-0.21033
SLX4	0.099207
DNASE1	0.32284
TRAP1	-0.14078
CREBBP	-0.30918
ADCY9	-0.23086
SRL	-0.033326
LOC105371063	-0.89233
TFAP4	0.44698
GLIS2	0.28773
PAM16	0.56606
CORO7-PAM16	0.85385
CORO7	0.8503
VASN	1.2607
DNAJA3	-0.055575
NMRAL1	-0.63656
HMOX2	-0.37822
CDIP1	0.25842
C16orf96	-0.084712
UBALD1	0.90078
MGRN1	0.31868
NUDT16L1	-1.1173
ANKS3	-1.5839
C16orf71	-1.482
ZNF500	-1.6104
SEPT12	-0.22347
SMIM22	-0.50197
ROGDI	-1.2291
GLYR1	-0.91039
UBN1	-1.234
PPL	-0.11788
SEC14L5	1.5851
NAGPA	0.90247
C16orf89	0.96962
ALG1	-0.32942
EEF2KMT	-0.28839
RBFOX1	2.3731
TMEM114	0.73285
METTL22	-0.58399
ABAT	-1.6557
TMEM186	-0.47906
PMM2	-0.3363
CARHSP1	1.2728
LOC101929989	3.3511
USP7	2.3431
C16orf72	1.7099
GRIN2A	0.77956
ATF7IP2	0.68337
EMP2	-0.30904
TEKT5	-0.61637
NUBP1	-1.2652
TVP23A	-0.22765
CIITA	-2.4599
DEXI	-1.5457
CLEC16A	-1.0233
SOCS1	-1.5236
TNP2	-1.8186
PRM3	-1.722
PRM2	-1.6411
PRM1	-1.399
RMI2	-0.619
LOC400499	-0.48446
LITAF	-0.86882
SNN	-2.9754
TXNDC11	-1.7752
ZC3H7A	-0.90316
RSL1D1	-0.48325
GSPT1	-0.22348
TNFRSF17	-0.72412
SNX29	2.3088
LOC101929304	2.7658
CPPED1	1.3996
SHISA9	1.4652
ERCC4	-0.28291
MKL2	-0.2965
PARN	-0.55958
BFAR	-2.3157
PLA2G10	-2.096
LOC105371095	-1.2097
NPIPA2	0.036293
NOMO1	1.0967
LOC101927469	-0.060195
NPIPA1	0.82038
PDXDC1	0.62732
NTAN1	0.18411
RRN3	0.73754
LOC105369154	1.1668
NPIPA5	-0.55566
MPV17L	-0.56411
C16orf45	0.505
KIAA0430	-0.075914
NDE1	-0.21264
MYH11	-1.1014
FOPNL	-0.61483
ABCC1	-1.0683
ABCC6	0.78942
NOMO3	-0.93381
XYLT1	-0.12687
NOMO2	1.0376
RPS15A	0.61575
ARL6IP1	0.59451
SMG1	0.84713
TMC7	-1.2382
COQ7	-0.10845
ITPRIPL2	-1.6387
SYT17	0.75669
CLEC19A	1.7496
TMC5	0.14506
GDE1	0.92843
CCP110	1.0658
C16orf62	1.2864
KNOP1	1.5184
IQCK	1.6968
GPRC5B	1.3026
GPR139	0.12324
GP2	0.61395
UMOD	0.10682
PDILT	-0.7714
ACSM5	-1.3487
ACSM2A	-0.56623
ACSM2B	1.625
ACSM1	0.47946
LOC105379461	1.0152
THUMPD1	1.1274
ACSM3	0.71816
ERI2	0.71703
LOC81691	0.67779
DCUN1D3	1.1266
LYRM1	1.1303
DNAH3	-0.19933
TMEM159	0.012828
ZP2	0.66078
ANKS4B	0.80705
CRYM	1.2089
METTL9	1.5992
IGSF6	1.6916
OTOA	1.1299
NPIPB4	1.851
UQCRC2	0.072981
PDZD9	-0.12912
C16orf52	0.010699
VWA3A	0.38785
SDR42E2	0.093365
EEF2K	-0.39292
POLR3E	-0.21047
CDR2	-1.1174
LOC105371130	-0.20122
HS3ST2	2.2666
USP31	1.6385
SCNN1G	0.68733
SCNN1B	-0.098168
COG7	1.3186
GGA2	1.7308
EARS2	1.3216
UBFD1	1.3141
NDUFAB1	0.88234
PALB2	0.83577
DCTN5	1.1663
PLK1	1.0591
ERN2	1.3669
CHP2	-0.82224
PRKCB	1.5674
CACNG3	-0.29516
RBBP6	0.60973
TNRC6A	4.0475
SLC5A11	1.5445
ARHGAP17	0.19637
LCMT1	0.85662
AQP8	1.0018
ZKSCAN2	1.288
HS3ST4	1.0294
C16orf82	-1.1577
KDM8	-1.5055
NSMCE1	-0.97763
IL4R	-1.9015
IL21R	0.036463
GTF3C1	1.3129
KIAA0556	1.7013
GSG1L	0.63339
XPO6	0.64632
SBK1	-0.32247
NPIPB6	0.57107
EIF3CL	0.41607
CLN3	-0.35909
APOBR	-0.14379
IL27	0.09583
NUPR1	-0.30689
CCDC101	-0.53105
SULT1A2	-0.38833
LOC105371164	-0.43683
SULT1A1	-0.56662
NPIPB8	-0.124
EIF3C	0.3189
NPIPB9	0.3189
ATXN2L	-0.24411
TUFM	-0.1955
SH2B1	-0.16395
ATP2A1	-0.25317
RABEP2	-0.55559
CD19	0.63333
NFATC2IP	1.212
SPNS1	0.87367
LAT	0.30677
LOC105371162	0.043717
NPIPB11	-0.71066
BOLA2	-0.81562
SPN	-1.9171
QPRT	0.30494
C16orf54	1.6694
ZG16	1.5369
KIF22	1.4647
MAZ	2.2343
PRRT2	2.2891
PAGR1	2.2788
MVP	2.2989
CDIPT	1.9526
SEZ6L2	1.3931
ASPHD1	1.3532
KCTD13	1.3474
TMEM219	2.33
TAOK2	2.5936
HIRIP3	2.7071
INO80E	2.4147
DOC2A	1.7749
C16orf92	0.70917
FAM57B	0.96342
ALDOA	1.6303
PPP4C	1.9679
TBX6	1.8023
YPEL3	1.8095
GDPD3	1.565
MAPK3	1.005
CORO1A	-0.061342
BOLA2B	-0.026046
SLX1A	0.36588
CD2BP2	-0.034483
TBC1D10B	-0.23785
LOC105371169	0.072665
MYLPF	0.4559
SEPT1	0.57032
ZNF48	1.0094
LOC105379472	1.0507
ZNF771	0.72112
DCTPP1	0.14524
SEPHS2	0.79545
ITGAL	1.5847
ZNF768	0.93084
ZNF747	0.71494
ZNF764	0.15023
ZNF688	-0.12177
ZNF785	-0.71563
ZNF689	-0.76931
PRR14	-1.0398
FBRS	-0.5752
LOC730183	-0.48197
SRCAP	-0.17694
TMEM265	-0.3967
PHKG2	-0.97779
C16orf93	-1.138
RNF40	-1.0807
ZNF629	-0.87291
BCL7C	-0.93588
CTF1	-0.69127
FBXL19	-0.42243
SETD1A	-0.6389
ORAI3	-0.40124
HSD3B7	-1.2387
STX1B	-1.1462
STX4	-0.43105
ZNF668	-1.1581
ZNF646	-1.2206
PRSS53	-1.2978
VKORC1	-1.3827
BCKDK	-0.89653
KAT8	-0.89236
PRSS8	-1.1723
PRSS36	-2.0247
FUS	0.38123
PYCARD	0.65183
TRIM72	0.48496
PYDC1	0.57277
ITGAM	-0.90843
ITGAX	0.4911
ITGAD	1.2078
COX6A2	1.2368
ZNF843	0.54006
ARMC5	0.59635
TGFB1I1	0.65111
SLC5A2	-0.63605
C16orf58	0.87423
AHSP	0.59723
ZNF720	0.07931
ZNF267	-0.21966
TP53TG3D	0.35202
LOC100507221	0.053938
LOC105369184	-1.9079
LOC102724062	-0.032352
LOC105371192	0.69286
LOC102724207	1.4635
LOC102724928	-1.0181
SHCBP1	0.83343
VPS35	0.36248
ORC6	0.30373
MYLK3	0.30251
C16orf87	0.14553
GPT2	-0.434
DNAJA2	-1.6095
NETO2	0.87126
ITFG1	0.78521
PHKB	0.51575
ABCC12	1.9372
ABCC11	1.0164
LONP2	0.90153
SIAH1	0.69937
N4BP1	1.1024
CBLN1	-0.40165
C16orf78	0.18478
ZNF423	1.5788
CNEP1R1	0.5598
HEATR3	0.25071
LOC101927250	-0.022842
PAPD5	0.024119
ADCY7	1.1668
BRD7	0.95845
NKD1	0.78851
SNX20	-0.011233
NOD2	1.8812
CYLD	2.0059
LOC105371253	-1.0277
SALL1	-0.0055673
C16orf97	0.44447
TOX3	-0.0046189
CHD9	-0.15686
LOC643802	1.5366
RBL2	0.57381
AKTIP	0.40432
RPGRIP1L	0.43547
FTO	1.1245
IRX3	-0.83776
IRX5	1.1073
IRX6	0.44341
MMP2	1.1341
LPCAT2	-0.40238
CAPNS2	-0.05843
SLC6A2	-0.078168
CES1	-0.086167
CES5A	-0.77501
GNAO1	0.72469
AMFR	0.50804
NUDT21	1.0287
OGFOD1	1.0302
BBS2	0.36609
MT4	-0.94346
MT3	-0.38104
MT2A	-0.92465
MT1E	-1.3969
MT1M	-1.7461
MT1A	-1.6981
MT1B	-0.24829
MT1F	-0.12759
MT1G	0.097379
MT1H	-0.054274
MT1X	0.38603
NUP93	1.1207
SLC12A3	0.48921
HERPUD1	-0.64899
CETP	-0.13184
NLRC5	-0.84107
CPNE2	0.77205
FAM192A	0.50507
RSPRY1	0.34147
ARL2BP	0.12696
PLLP	0.28069
CCL22	-0.029295
CX3CL1	0.064885
CCL17	0.27009
CIAPIN1	0.12776
COQ9	-0.10408
POLR2C	0.21395
DOK4	0.4686
CCDC102A	-0.099211
ADGRG5	0.099056
ADGRG1	-1.1394
ADGRG3	0.18975
DRC7	0.40352
KATNB1	-1.099
KIFC3	-1.9364
LOC388282	-1.0082
CNGB1	-1.157
TEPP	0.45354
ZNF319	0.12075
USB1	0.39747
MMP15	2.0639
CFAP20	0.8706
CSNK2A2	1.6549
CCDC113	-0.45345
PRSS54	-1.349
GINS3	-0.61053
NDRG4	0.56751
SETD6	0.69644
CNOT1	0.36999
SLC38A7	0.68942
GOT2	0.49767
LOC729159	0.38997
CDH8	1.0453
CDH11	1.4784
CDH5	-0.31192
BEAN1	2.06
TK2	1.7821
CKLF	2.097
CKLF-CMTM1	2.1128
CMTM1	2.198
CMTM2	2.1071
CMTM4	1.8999
CMTM3	2.4179
DYNC1LI2	1.6658
CCDC79	1.6481
NAE1	1.6004
CA7	1.9278
PDP2	1.7883
CDH16	1.6747
RRAD	0.7868
FAM96B	0.37297
CES2	0.46069
CES3	0.79176
CES4A	0.41887
CBFB	-0.23706
C16orf70	0.01507
B3GNT9	0.64511
TRADD	0.86053
FBXL8	-0.066165
HSF4	-0.99472
NOL3	-0.81131
KIAA0895L	-1.4763
EXOC3L1	-1.4063
E2F4	-1.0085
ELMO3	-0.9081
LRRC29	-0.97566
LOC105369155	-0.91571
TMEM208	-0.51601
FHOD1	-0.80802
SLC9A5	-0.26541
PLEKHG4	-0.046114
KCTD19	-0.37901
LRRC36	-0.16636
TPPP3	0.093918
ZDHHC1	0.17284
HSD11B2	-0.84601
ATP6V0D1	-0.67543
AGRP	-0.0091659
FAM65A	-0.50917
CTCF	-0.60635
RLTPR	-0.23145
ACD	0.28205
PARD6A	0.48628
ENKD1	0.37177
C16orf86	0.20804
GFOD2	0.27915
RANBP10	-0.0040131
TSNAXIP1	-0.13648
CENPT	-0.23819
THAP11	-0.31094
NUTF2	-0.30753
EDC4	-0.33385
NRN1L	-0.5164
PSKH1	0.15039
CTRL	-0.070881
PSMB10	-0.28119
LCAT	-0.47906
SLC12A4	0.35143
DPEP3	0.47924
DPEP2	-0.34523
LOC100131303	-1.3557
DDX28	-0.40015
DUS2	-0.45109
NFATC3	-0.14406
ESRP2	0.24969
PLA2G15	0.13408
SLC7A6	0.82507
SLC7A6OS	0.71793
PRMT7	1.0949
SMPD3	0.93391
ZFP90	-2.6359
CDH3	-1.5328
CDH1	-1.7218
TANGO6	0.46432
HAS3	0.21295
CHTF8	0.064832
CIRH1A	-0.066014
SNTB2	-0.097795
VPS4A	0.0088268
PDF	0.11794
COG8	0.3732
NIP7	0.2572
TMED6	0.15102
TERF2	0.38541
CYB5B	0.85714
NFAT5	-0.44528
NQO1	-0.26687
NOB1	-0.048527
WWP2	0.075588
CLEC18A	-0.94802
PDPR	-0.39169
CLEC18C	0.71221
EXOSC6	-0.55791
AARS	-0.13469
DDX19B	0.16615
DDX19A	-0.18861
ST3GAL2	-0.35765
FUK	-0.27202
COG4	0.16303
SF3B3	0.39631
IL34	-0.038307
MTSS1L	0.54762
VAC14	-0.53397
HYDIN	0.60298
CMTR2	-1.6137
CALB2	0.38521
LOC102723796	0.87825
ZNF23	1.6491
ZNF19	1.1171
CHST4	0.97377
TAT	0.62551
MARVELD3	1.0628
PHLPP2	0.96643
AP1G1	1.1405
ATXN1L	1.5501
ZNF821	1.6286
IST1	1.6703
PKD1L3	1.9034
DHODH	3.6201
HP	4.087
HPR	4.0606
TXNL4B	3.5625
DHX38	3.5429
PMFBP1	3.5887
ZFHX3	3.6201
C16orf47	-1.0464
LOC101927998	0.50138
PSMD7	0.6931
CLEC18B	-1.1764
GLG1	-1.3876
RFWD3	-1.1209
MLKL	-1.6574
FA2H	-1.5539
WDR59	-0.35128
ZNRF1	-0.328
LDHD	1.538
ZFP1	1.9535
CTRB2	-1.1781
CTRB1	-0.25471
BCAR1	0.047829
CFDP1	0.41213
TMEM170A	0.46693
CHST6	0.51167
CHST5	1.0635
TMEM231	1.3072
GABARAPL2	0.53611
ADAT1	0.44583
KARS	0.57958
TERF2IP	0.67783
DUXB	0.036013
LOC105371346	0.18417
CNTNAP4	-1.0394
MON1B	-0.3587
SYCE1L	-0.58932
ADAMTS18	-0.3474
NUDT7	0.49739
VAT1L	0.089576
CLEC3A	0.30034
WWOX	0.83321
MAF	-0.058002
DYNLRB2	1.5532
CDYL2	0.9574
CMC2	-1.0246
CENPN	-1.7456
ATMIN	-0.85444
C16orf46	-2.6286
GCSH	-2.9316
PKD1L2	0.050113
BCO1	0.33222
GAN	0.17663
CMIP	1.0792
PLCG2	-0.10935
SDR42E1	-0.10486
HSD17B2	1.899
MPHOSPH6	0.096427
CDH13	-0.49151
HSBP1	0.52044
MLYCD	-0.077652
LOC105371371	-1.0907
OSGIN1	0.22191
NECAB2	1.7522
SLC38A8	0.84179
MBTPS1	-0.85305
HSDL1	-1.0052
DNAAF1	1.3991
TAF1C	2.0584
ADAD2	2.2195
KCNG4	0.75207
LOC105376777	1.368
WFDC1	0.87029
ATP2C2	2.6461
TLDC1	0.33779
COTL1	-0.089439
KLHL36	-0.63891
USP10	1.0214
CRISPLD2	-0.4677
ZDHHC7	1.0419
KIAA0513	-0.84285
FAM92B	-0.93794
GSE1	2.1173
GINS2	0.36825
C16orf74	0.67372
EMC8	0.77425
COX4I1	0.7235
IRF8	-0.21642
FOXF1	-0.22117
MTHFSD	-1.5479
FOXC2	-1.1604
FOXL1	-0.082569
C16orf95	1.3418
FBXO31	1.3089
MAP1LC3B	1.4259
ZCCHC14	0.27505
JPH3	0.15112
KLHDC4	-1.9518
LOC105371397	-1.5416
SLC7A5	1.2115
CA5A	0.44316
BANP	-0.47301
LOC105369246	0.57394
ZNF469	1.5606
LOC105376779	1.3725
ZFPM1	3.4222
ZC3H18	1.2896
IL17C	1.2263
CYBA	1.6163
MVD	1.6474
SNAI3	-0.0028961
RNF166	-0.50736
CTU2	-0.94669
PIEZO1	-0.79703
CDT1	-0.53104
APRT	-0.24342
GALNS	0.075765
TRAPPC2L	-0.13582
PABPN1L	-0.24953
CBFA2T3	-0.27348
LOC105371409	-0.094158
LOC100129697	0.64498
ACSF3	-0.59611
CDH15	-0.29925
SLC22A31	-0.045306
ZNF778	-0.797
LOC105376780	-0.85753
ANKRD11	-0.043738
LOC105371414	-0.97348
LOC100287036	-0.71724
SPG7	0.40678
RPL13	0.88205
CPNE7	-0.50287
DPEP1	-0.49231
CHMP1A	-1.6143
SPATA33	-2.1794
CDK10	-1.4395
SPATA2L	-0.52949
LOC105371417	-0.089484
VPS9D1	-0.83266
ZNF276	-1.8282
FANCA	-1.2888
SPIRE2	-1.3598
LOC102724730	-2.1058
LOC105371419	-3.1282
TCF25	-1.2743
MC1R	-1.1344
TUBB3	-1.0134
DEF8	-0.71144
CENPBD1	-0.22924
DBNDD1	-0.37325
GAS8	-0.024345
PRDM7	0.56229
LOC105376785	-1.064
DOC2B	-0.23453
RPH3AL	1.1918
LOC100506388	-0.12736
LOC105371432	-0.48965
LOC105371430	-1.0145
C17orf97	-0.80017
FAM101B	-0.87225
VPS53	1.5742
FAM57A	1.569
GEMIN4	0.77157
GLOD4	1.3938
RNMTL1	1.4059
NXN	-1.2929
TIMM22	0.7058
ABR	-0.026288
LOC105371478	-0.65721
BHLHA9	-0.32614
TUSC5	1.4224
YWHAE	1.0841
CRK	0.064548
MYO1C	-0.15005
INPP5K	-0.04782
PITPNA	0.11499
SLC43A2	0.94485
SCARF1	-0.73958
RILP	-1.5778
PRPF8	-1.3379
TLCD2	-0.029705
WDR81	0.29651
SERPINF2	-0.18303
SERPINF1	-0.76032
SMYD4	-0.23211
RPA1	0.23886
RTN4RL1	-0.24572
DPH1	1.2745
OVCA2	1.3281
HIC1	1.6419
SMG6	0.013937
SRR	1.0161
TSR1	2.462
SGSM2	2.9635
MNT	2.1015
METTL16	3.2128
PAFAH1B1	1.7026
CLUH	1.4935
LOC105371591	1.268
LOC105371592	0.90916
LOC101928991	-1.9273
RAP1GAP2	0.51281
OR1D5	0.41574
OR1D2	2.0266
OR1G1	1.1002
OR1A2	-0.50866
OR1A1	-0.78915
OR3A2	0.048423
OR3A1	-0.4082
OR1E1	-0.076999
OR3A3	-1.1786
OR1E2	-0.19394
SPATA22	0.067828
ASPA	-0.24465
TRPV3	1.1037
TRPV1	-0.62717
SHPK	-1.4774
CTNS	-1.0245
TAX1BP3	-0.35704
EMC6	-0.3872
P2RX5	-0.24968
ITGAE	0.041028
GSG2	-0.81659
C17orf85	1.0268
CAMKK1	-0.94559
P2RX1	0.45188
ATP2A3	-0.47255
ZZEF1	-0.10178
CYB5D2	-0.23274
ANKFY1	-0.90596
UBE2G1	-1.5346
SPNS3	-1.4668
SPNS2	-0.19471
MYBBP1A	-1.3163
GGT6	-1.158
SMTNL2	0.53164
ALOX15	2.7412
PELP1	1.359
ARRB2	0.96798
MED11	-0.91803
CXCL16	-1.1716
ZMYND15	-1.033
TM4SF5	0.44281
VMO1	1.0908
GLTPD2	1.113
PSMB6	0.34827
PLD2	-0.86406
MINK1	-0.99074
CHRNE	-0.75151
C17orf107	-0.47965
GP1BA	-0.24051
SLC25A11	0.27621
RNF167	0.23879
PFN1	0.43216
ENO3	0.78874
SPAG7	1.2138
CAMTA2	0.69459
INCA1	0.39565
KIF1C	1.2383
SLC52A1	1.5431
ZFP3	2.6529
LOC105376798	2.8754
ZNF232	2.9206
USP6	2.7882
ZNF594	2.5738
SCIMP	2.6181
RABEP1	0.78494
NUP88	0.9226
RPAIN	0.63319
C1QBP	0.68217
DHX33	0.57334
DERL2	-0.92982
MIS12	-1.1314
LOC728392	-0.52146
NLRP1	-0.21284
WSCD1	1.0639
AIPL1	-1.099
FAM64A	-0.91304
PITPNM3	0.32532
KIAA0753	1.7521
TXNDC17	2.0653
MED31	2.1405
C17orf100	2.1598
SLC13A5	0.64853
XAF1	0.52753
FBXO39	0.63831
TEKT1	-0.1081
ALOX12	-0.038323
RNASEK	-0.013253
C17orf49	0.050746
BCL6B	-0.83533
SLC16A13	-2.0863
SLC16A11	-1.6597
CLEC10A	0.26295
ASGR2	0.0026769
ASGR1	1.0038
DLG4	0.6095
ACADVL	0.30492
DVL2	0.18848
PHF23	0.19466
GABARAP	0.13282
CTDNEP1	0.22569
ELP5	0.37698
CLDN7	0.20157
SLC2A4	0.29747
YBX2	0.1966
EIF5A	0.84016
GPS2	1.1388
NEURL4	1.4308
ACAP1	0.79546
KCTD11	-1.4561
TMEM95	-1.2082
TNK1	0.51645
PLSCR3	0.22844
TMEM256	-0.42405
NLGN2	-0.20021
SPEM1	0.45387
C17orf74	0.23296
TMEM102	-0.11369
FGF11	0.34776
CHRNB1	0.66958
ZBTB4	1.8447
SLC35G6	1.9845
POLR2A	2.0496
TNFSF12	0.51629
TNFSF12-TNFSF13	0.79554
TNFSF13	1.4044
SENP3	2.3728
EIF4A1	2.7543
CD68	2.8768
LOC102724164	2.9796
MPDU1	2.7416
SOX15	2.2483
FXR2	2.2765
SHBG	2.669
SAT2	2.2259
ATP1B2	2.3482
TP53	0.78726
WRAP53	0.54081
EFNB3	-0.087665
DNAH2	-1.1339
KDM6B	-0.24898
TMEM88	-0.39535
NAA38	-0.010676
CYB5D1	-0.49633
CHD3	0.82105
KCNAB3	0.026481
TRAPPC1	-0.46453
CNTROB	-0.99403
GUCY2D	0.039092
ALOX15B	-0.093152
ALOX12B	-0.63135
ALOXE3	-1.351
HES7	-2.0573
PER1	-0.93753
VAMP2	-0.87151
TMEM107	-0.98558
C17orf59	-1.3549
AURKB	-1.035
CTC1	-0.43452
PFAS	-0.33571
SLC25A35	-0.2325
RANGRF	-0.274
ARHGEF15	-0.22736
ODF4	0.9074
KRBA2	-0.45017
RPL26	-0.56922
RNF222	-0.078714
NDEL1	-1.5684
MYH10	-1.9783
CCDC42	1.0247
SPDYE4	0.69543
MFSD6L	-1.0674
PIK3R6	0.34451
PIK3R5	0.33636
NTN1	-0.23526
STX8	-0.099374
CFAP52	-1.0933
USP43	1.1294
DHRS7C	-0.040929
LOC644070	-1.2687
GLP2R	-0.8828
RCVRN	-0.081673
GAS7	-0.86556
MYH13	1.1133
MYH8	0.94586
MYH4	0.689
MYH1	0.67175
MYH2	0.27677
MYH3	-1.7271
SCO1	-0.58043
ADPRM	0.053652
TMEM220	0.095724
PIRT	0.7245
SHISA6	0.099033
DNAH9	-0.56441
ZNF18	1.2056
MAP2K4	2.2679
MYOCD	-0.082634
ARHGAP44	-0.099586
ELAC2	-0.30657
HS3ST3A1	0.80329
COX10	1.2059
CDRT15	0.15897
HS3ST3B1	0.34732
PMP22	-1.8045
TEKT3	-0.3898
CDRT4	-1.2431
TVP23C-CDRT4	-1.8429
TVP23C	-1.3058
CDRT1	-0.94705
TRIM16	-1.2599
ZNF286A	-0.53049
TBC1D26	-0.66089
LOC105371558	-1.0321
ADORA2B	0.31686
ZSWIM7	0.84286
TTC19	0.70927
NCOR1	0.69582
PIGL	1.3087
CENPV	1.8937
UBB	0.50597
TRPV2	-0.029942
LRRC75A	-0.0085304
ZNF287	0.84142
ZNF624	-0.88289
CCDC144A	-0.11404
TBC1D27	0.18598
TNFRSF13B	-1.235
MPRIP	-0.78347
PLD6	-1.7409
FLCN	-0.49338
COPS3	0.36687
NT5M	0.19607
MED9	0.8467
RASD1	1.0352
PEMT	1.322
RAI1	2.1784
SREBF1	2.72
TOM1L2	3.2346
LRRC48	2.9865
ATPAF2	2.8784
GID4	2.8868
DRG2	3.0147
LOC105371566	2.9623
MYO15A	2.1405
ALKBH5	-0.90706
LLGL1	-1.126
FLII	-1.2485
MIEF2	-1.0878
TOP3A	-1.1805
SMCR8	-1.315
SHMT1	-0.61145
EVPLL	1.4228
TBC1D28	0.59273
ZNF286B	1.7999
TRIM16L	1.967
FBXW10	0.9134
TVP23B	0.76445
LOC101929141	1.1121
PRPSAP2	1.2284
SLC5A10	0.19901
FAM83G	-0.019754
GRAP	-0.32977
EPN2	1.1911
B9D1	1.1836
MAPK7	1.5947
MFAP4	1.3697
RNF112	1.5683
SLC47A1	0.2446
LOC100996813	0.45691
ALDH3A2	0.057315
SLC47A2	-0.36481
ALDH3A1	-2.1584
ULK2	-0.82047
AKAP10	0.088876
SPECC1	-0.96767
LGALS9B	-1.6212
CDRT15L2	0.043142
CCDC144NL	-1.4542
LOC105369205	-0.1768
USP22	0.21242
DHRS7B	0.56592
TMEM11	0.24122
NATD1	0.54481
MAP2K3	-1.5316
KCNJ12	0.55567
C17orf51	0.36337
MTRNR2L1	-1.1328
WSB1	1.7019
KSR1	-0.91565
LGALS9	-0.16297
NOS2	0.08748
LYRM9	0.86973
NLK	0.73455
LOC105371930	1.4452
TMEM97	0.93911
IFT20	0.88986
TNFAIP1	0.75651
POLDIP2	0.78416
TMEM199	0.74802
SEBOX	0.56177
VTN	0.58416
SARM1	0.75322
SLC46A1	1.1694
SLC13A2	-0.002191
FOXN1	0.8471
UNC119	0.62676
PIGS	1.053
ALDOC	0.28074
SPAG5	0.4395
SGK494	0.017277
KIAA0100	0.39349
SDF2	0.63687
SUPT6H	-0.0016873
PROCA1	-0.50571
RAB34	-1.0956
NARR	-0.95594
RPL23A	-1.3293
TLCD1	-1.0084
NEK8	0.055019
TRAF4	0.88868
FAM222B	1.2485
ERAL1	1.0982
FLOT2	0.28007
DHRS13	0.13708
PHF12	0.799
SEZ6	0.45259
PIPOX	1.5572
MYO18A	1.1486
TIAF1	2.2788
CRYBA1	-0.33671
NUFIP2	0.080731
LOC105371931	-0.51145
TAOK1	-0.017917
ABHD15	-0.81856
TP53I13	-0.77971
GIT1	-0.74983
ANKRD13B	-0.59743
CORO6	-0.99467
SSH2	-0.95838
EFCAB5	-0.90756
NSRP1	-0.3124
SLC6A4	-0.94123
BLMH	-0.12563
TMIGD1	0.7674
CPD	1.5888
GOSR1	1.4755
TBC1D29	1.1258
CRLF3	0.64738
ATAD5	-0.14985
TEFM	-0.19045
ADAP2	0.11805
RNF135	0.60623
NF1	2.0998
OMG	2.1502
EVI2B	1.6689
EVI2A	1.5914
RAB11FIP4	0.41433
COPRS	0.89771
UTP6	-0.37382
SUZ12	-0.22002
LRRC37B	-0.28548
LOC105371730	-0.23453
RHOT1	-0.25241
RHBDL3	-0.27681
C17orf75	0.64374
ZNF207	0.51202
PSMD11	1.1448
CDK5R1	0.91226
MYO1D	1.6261
TMEM98	2.7872
SPACA3	0.2026
ASIC2	0.30162
CCL2	-0.87578
CCL7	-1.1977
CCL11	-1.7597
CCL8	-0.50149
CCL13	0.24716
CCL1	0.07512
C17orf102	-0.99095
TMEM132E	0.4265
CCT6B	0.0599
ZNF830	-0.26978
LIG3	0.76829
RFFL	1.144
RAD51D	0.9366
FNDC8	0.81055
NLE1	1.1385
UNC45B	2.3111
SLC35G3	1.6824
LOC105371932	0.81116
SLFN5	0.23503
SLFN11	0.25961
LOC105371933	-0.45491
SLFN12	-1.6894
SLFN13	-1.3286
SLFN12L	1.1802
SLFN14	-0.37837
PEX12	-0.94208
AP2B1	-1.1687
RASL10B	-0.27716
GAS2L2	0.68007
MMP28	0.93488
C17orf50	0.94684
TAF15	0.44776
HEATR9	0.35008
CCL5	0.16456
RDM1	0.95447
LYZL6	0.73391
CCL16	-0.45345
CCL14	0.1161
CCL15	0.023192
CCL23	-0.48197
CCL18	0.17475
CCL3	-1.4949
CCL4	-1.3509
TBC1D3B	-2.2758
TBC1D3F	-0.37099
TBC1D3J	-0.39489
ZNHIT3	1.7968
MYO19	1.8545
PIGW	1.6426
GGNBP2	1.413
DHRS11	0.81493
MRM1	-0.062589
LOC102723456	-0.55289
LHX1	1.4203
AATF	0.52402
ACACA	-0.60957
C17orf78	-1.226
TADA2A	-0.21756
DUSP14	-0.26471
SYNRG	-0.60891
DDX52	-0.60599
HNF1B	-1.2889
MRPL45	-0.0091545
GPR179	-0.81804
SOCS7	0.41541
ARHGAP23	0.77345
SRCIN1	0.23669
C17orf96	-0.5789
MLLT6	-1.8016
CISD3	-1.9577
PCGF2	-1.8474
PSMB3	-1.116
PIP4K2B	-1.1385
CWC25	-0.55342
C17orf98	0.45734
RPL23	0.85351
LASP1	-1.1573
FBXO47	0.16657
PLXDC1	1.6689
ARL5C	1.9196
CACNB1	1.4735
RPL19	-0.0011899
STAC2	-0.39527
LOC101929578	-0.33185
FBXL20	-0.50023
MED1	-0.17751
CDK12	-0.46105
NEUROD2	0.64246
PPP1R1B	0.55667
STARD3	-0.82683
TCAP	-1.9225
PNMT	-1.3758
PGAP3	-0.97841
ERBB2	-0.93114
MIEN1	-0.99751
GRB7	-0.74469
IKZF3	-0.78598
ZPBP2	-0.47468
GSDMB	0.59263
ORMDL3	1.1117
LRRC3C	0.76423
GSDMA	-0.68753
PSMD3	-0.953
CSF3	-2.1905
MED24	-2.3635
THRA	0.36219
NR1D1	0.56069
MSL1	1.4189
CASC3	1.4398
RAPGEFL1	1.0638
WIPF2	0.34878
CDC6	0.48312
RARA	0.33286
LOC105371934	0.45933
GJD3	0.085734
TOP2A	0.058377
IGFBP4	-0.83279
TNS4	-0.59871
CCR7	-0.65765
SMARCE1	0.056275
KRT222	0.74299
KRT24	0.58375
KRT25	1.6982
KRT26	1.941
KRT27	2.1044
KRT28	1.6819
KRT10	1.343
TMEM99	1.5338
KRT12	1.786
KRT20	1.1526
KRT23	0.91747
KRT39	0.45596
KRT40	0.046743
KRTAP3-3	0.87304
KRTAP3-2	1.0086
KRTAP3-1	1.2795
KRTAP1-5	0.66003
KRTAP1-4	0.66798
KRTAP1-3	0.51402
KRTAP1-1	0.30632
KRTAP2-1	0.23807
KRTAP2-2	0.0037482
KRTAP2-3	-0.21234
KRTAP2-4	-0.59023
KRTAP4-7	-0.14433
KRTAP4-8	0.44237
KRTAP4-9	1.0686
KRTAP4-11	1.3097
KRTAP4-12	1.3835
KRTAP4-6	0.7673
KRTAP4-5	0.31409
KRTAP4-4	0.28903
KRTAP4-3	-0.87564
KRTAP4-2	-1.4258
KRTAP4-1	-0.91848
KRTAP9-1	-0.34409
KRTAP9-2	0.13564
KRTAP9-3	-0.5389
KRTAP9-8	-0.30355
KRTAP9-4	-0.35433
KRTAP9-9	0.0014456
KRTAP9-6	0.4095
KRTAP9-7	-0.34115
KRTAP29-1	-0.55088
KRTAP16-1	-0.95127
KRTAP17-1	-1.2318
KRT33A	-0.62923
KRT33B	0.074619
KRT34	1.479
KRT31	1.5375
KRT37	1.8861
KRT38	1.8865
KRT32	1.2385
KRT35	0.28784
KRT36	0.23468
KRT13	-0.18498
KRT15	-1.1348
KRT19	-0.41844
KRT9	-0.59591
KRT14	-0.80332
KRT16	-1.7229
KRT17	-1.0415
EIF1	-0.20729
GAST	1.3933
HAP1	2.5678
JUP	1.607
P3H4	-0.64078
FKBP10	-0.53079
NT5C3B	-0.18614
KLHL10	-0.044161
KLHL11	0.036578
ACLY	0.30978
TTC25	0.33372
CNP	0.33501
DNAJC7	0.58346
NKIRAS2	0.83176
ZNF385C	0.82919
DHX58	1.0256
KAT2A	1.0766
HSPB9	0.64364
RAB5C	0.40409
KCNH4	0.60519
HCRT	-1.1006
GHDC	-1.8379
STAT5B	-0.075634
STAT5A	0.87979
STAT3	0.99593
PTRF	-0.66135
ATP6V0A1	0.95885
NAGLU	1.2369
HSD17B1	1.1159
COASY	0.032808
MLX	0.19598
PSMC3IP	-0.078373
FAM134C	0.3854
TUBG1	0.57664
TUBG2	0.57917
PLEKHH3	0.91135
CCR10	1.5207
CNTNAP1	1.3264
EZH1	0.98595
RAMP2	0.52653
VPS25	1.5792
WNK4	2.031
COA3	2.3697
CNTD1	2.2573
BECN1	1.3798
PSME3	1.0764
AOC2	0.83682
AOC3	0.67848
LOC102724175	1.1812
G6PC	-0.018203
AARSD1	-1.5366
PTGES3L-AARSD1	-1.0431
PTGES3L	-0.82527
RUNDC1	-0.69733
RPL27	-0.32945
IFI35	-0.48576
VAT1	-0.76945
RND2	-1.1092
BRCA1	-0.12988
NBR1	0.13057
TMEM106A	0.44458
ARL4D	2.1044
DHX8	1.5172
ETV4	1.1821
MEOX1	1.3707
SOST	1.1256
DUSP3	1.1876
C17orf105	1.09
MPP3	1.7889
CD300LG	2.2175
MPP2	0.72907
LOC102724183	0.12646
PPY	0.36465
PYY	0.17899
NAGS	0.054934
TMEM101	0.35526
LSM12	0.57697
G6PC3	0.78167
HDAC5	-0.19946
LOC105371789	-0.42717
C17orf53	-0.2002
ASB16	-0.56569
TMUB2	-0.69125
ATXN7L3	-0.77099
UBTF	-0.16403
SLC4A1	0.48355
RUNDC3A	0.58058
SLC25A39	0.76484
GRN	-0.16502
FAM171A2	-0.2201
ITGA2B	-0.11661
GPATCH8	0.81746
FZD2	2.4397
C17orf104	1.0932
CCDC43	2.1255
DBF4B	1.7384
ADAM11	2.3309
GJC1	1.8026
HIGD1B	1.9609
EFTUD2	1.0208
CCDC103	0.25077
GFAP	0.56776
KIF18B	1.3606
C1QL1	1.5661
DCAKD	-0.12087
NMT1	0.27547
PLCD3	1.1901
ACBD4	1.6957
HEXIM1	1.8338
HEXIM2	1.1083
FMNL1	1.8333
SPATA32	0.84743
MAP3K14	1.4534
ARHGAP27	4.1825
PLEKHM1	4.4936
MGC57346-CRHR1	5.2904
CRHR1	5.2716
SPPL2C	5.1307
MAPT	5.1932
STH	5.1503
KANSL1	5.1495
LRRC37A	5.259
ARL17B	5.2665
NSF	4.4982
WNT3	4.7404
WNT9B	0.31947
GOSR2	0.40518
RPRML	0.79661
CDC27	-0.21693
MYL4	-0.0027781
ITGB3	-0.082873
EFCAB13	0.4116
NPEPPS	1.4829
KPNB1	1.2896
TBKBP1	0.99072
TBX21	1.7498
OSBPL7	-0.32255
MRPL10	-0.54796
LRRC46	-0.57219
SCRN2	-0.42511
SP6	0.127
SP2	1.3465
PNPO	1.3835
PRR15L	1.106
CDK5RAP3	0.34959
COPZ2	0.46585
NFE2L1	0.40696
CBX1	0.84754
SNX11	0.90217
SKAP1	1.3228
HOXB1	0.24837
HOXB2	0.50574
HOXB3	-0.57497
HOXB4	-0.52197
HOXB5	-2.1931
HOXB6	-2.1442
HOXB7	-1.1343
HOXB8	-1.0308
HOXB9	-0.81067
LOC105371810	-0.38058
LOC101060400	-0.54689
PRAC2	-0.72625
PRAC1	-0.70619
HOXB13	-0.6539
TTLL6	0.15373
CALCOCO2	1.0458
ATP5G1	0.74647
UBE2Z	0.87512
SNF8	0.86907
GIP	0.62293
IGF2BP1	-0.45612
B4GALNT2	2.5488
GNGT2	1.6897
ABI3	1.5141
PHOSPHO1	0.42353
ZNF652	2.4512
PHB	-0.6709
NGFR	-1.8717
NXPH3	1.5377
SPOP	1.7584
SLC35B1	0.55893
FAM117A	-0.046367
KAT7	0.8761
TAC4	-0.44551
FLJ45513	-0.18508
DLX4	0.058412
DLX3	0.061015
ITGA3	-1.0326
PDK2	-0.60315
SAMD14	-0.48725
PPP1R9B	-0.33523
SGCA	1.4764
COL1A1	1.2332
TMEM92	0.25591
XYLT2	3.3678
MRPL27	3.0607
EME1	3.2615
LRRC59	3.1168
ACSF2	0.02803
CHAD	0.5178
RSAD1	-0.39701
MYCBPAP	-0.16293
EPN3	0.18497
SPATA20	0.72513
CACNA1G	2.0473
ABCC3	-0.019831
ANKRD40	-0.076248
LUC7L3	-0.57005
WFIKKN2	-0.48351
TOB1	-0.29951
SPAG9	0.089934
NME1-NME2	-1.2933
NME1	-1.3744
NME2	-0.74215
MBTD1	-0.37544
UTP18	-0.33571
CA10	0.3884
C17orf112	1.1204
KIF2B	1.8548
TOM1L1	1.7122
COX11	1.8172
STXBP4	0.88255
HLF	0.85712
MMD	-0.77672
TMEM100	0.060124
PCTP	-1.615
ANKFN1	1.5915
NOG	1.1183
C17orf67	0.72382
DGKE	0.32685
TRIM25	-1.036
COIL	-0.96909
SCPEP1	-0.86205
AKAP1	-0.91973
MSI2	0.18668
CCDC182	-0.87826
MRPS23	0.23209
CUEDC1	0.71674
VEZF1	0.29782
LOC101929185	0.077375
SRSF1	-0.094571
DYNLL2	1.1461
OR4D1	0.22995
OR4D2	0.30206
EPX	1.534
MKS1	1.7826
LPO	0.38419
MPO	1.7094
BZRAP1	0.90245
SUPT4H1	-0.62422
RNF43	1.2316
HSF5	1.8256
MTMR4	1.6148
SEPT4	1.1966
C17orf47	0.98488
TEX14	1.2489
RAD51C	1.2957
PPM1E	0.96129
TRIM37	1.0926
SKA2	0.98842
PRR11	1.0943
LOC105371844	1.0437
SMG8	1.3132
GDPD1	1.0369
YPEL2	-1.5646
DHX40	0.80117
CLTC	1.6
PTRH2	1.5498
VMP1	1.2959
TUBD1	1.064
RPS6KB1	1.1606
RNFT1	1.5687
LOC105371935	0.86941
HEATR6	0.88344
LOC105376849	0.58004
CA4	0.61356
USP32	0.63774
C17orf64	0.69027
APPBP2	-0.87409
PPM1D	0.4729
BCAS3	0.50203
LOC101927855	0.26737
TBX2	0.95931
C17orf82	1.121
TBX4	-0.05693
NACA2	-0.56279
BRIP1	0.016119
INTS2	0.3011
MED13	-0.63392
LOC105371936	0.068588
EFCAB3	1.2705
METTL2A	1.8288
LOC105371937	0.49831
TLK2	0.38667
MRC2	-0.044465
MARCH10	-0.71936
TANC2	0.4634
CYB561	-0.014744
ACE	0.40102
KCNH6	-0.078423
DCAF7	0.26874
TACO1	0.62552
MAP3K3	-0.33343
LIMD2	0.12698
STRADA	0.18007
CCDC47	0.35156
DDX42	0.3947
FTSJ3	0.54162
PSMC5	0.65562
SMARCD2	0.67999
CSH2	0.73226
GH2	0.50084
CSH1	0.3288
CSHL1	0.76743
GH1	0.63049
CD79B	-0.37807
SCN4A	-0.49022
PRR29	-0.42113
ICAM2	-0.66465
ERN1	0.39347
TEX2	1.3426
PECAM1	1.0734
MILR1	2.4788
POLG2	2.4206
DDX5	2.2725
CEP95	1.8934
SMURF2	1.4482
LRRC37A3	0.47569
GNA13	1.1315
RGS9	0.61481
AXIN2	0.25568
CEP112	1.3379
APOH	1.207
PRKCA	1.1495
CACNG5	0.63579
CACNG4	0.24588
CACNG1	1.1977
HELZ	1.3344
LOC101928021	1.9238
PSMD12	0.094456
PITPNC1	-1.0048
NOL11	-0.13316
BPTF	3.0142
C17orf58	2.475
KPNA2	2.6647
AMZ2	-0.14332
ARSG	0.66548
SLC16A6	0.55834
PRKAR1A	1.9896
WIPI1	2.0069
FAM20A	1.6147
ABCA8	0.47149
ABCA9	0.78102
ABCA6	0.53046
ABCA10	0.22345
ABCA5	-0.12716
MAP2K6	0.37173
KCNJ16	1.5633
KCNJ2	1.2137
SOX9	0.18753
SLC39A11	1.5132
SSTR2	1.1044
COG1	2.1853
FAM104A	2.3424
C17orf80	2.2897
CPSF4L	2.2373
CDC42EP4	-0.81471
SDK2	1.4767
LOC100134391	1.3411
RPL38	1.7554
TTYH2	0.74066
DNAI2	0.22132
KIF19	2.035
BTBD17	2.2001
GPR142	1.7627
GPRC5C	0.59509
CD300A	0.29924
CD300LB	2.6132
CD300C	2.2767
LOC100130520	1.5569
CD300LD	0.29952
C17orf77	-0.048286
LOC101928343	-0.62215
CD300E	-0.34307
RAB37	-0.66078
CD300LF	0.053137
SLC9A3R1	-1.1266
NAT9	-0.97628
TMEM104	0.19988
GRIN2C	0.66073
FDXR	0.41829
FADS6	1.0186
USH1G	0.20954
OTOP2	-1.1699
OTOP3	-0.49295
HID1	0.29079
CDR2L	1.1711
ICT1	1.5342
KCTD2	1.1169
ATP5H	1.0472
SLC16A5	1.6189
ARMC7	1.7044
NT5C	1.5048
HN1	1.6429
SUMO2	1.6332
NUP85	-0.42061
GGA3	1.1427
MRPS7	1.8724
MIF4GD	1.7325
SLC25A19	2.61
GRB2	1.9797
KIAA0195	2.5854
CASKIN2	2.0774
TSEN54	1.8313
LLGL2	2.0541
RECQL5	1.2664
SMIM5	1.1177
SMIM6	1.3251
SAP30BP	1.4114
ITGB4	1.2739
GALK1	-0.65981
H3F3B	-1.5919
UNK	-1.5615
UNC13D	-1.0137
WBP2	-0.72812
TRIM47	-0.79645
TRIM65	-0.22039
MRPL38	-0.055383
FBF1	0.47737
ACOX1	-0.35102
TEN1	0.044275
CDK3	0.46425
EVPL	0.41931
SRP68	-1.1221
GALR2	-0.98363
ZACN	-0.4683
EXOC7	-1.0006
FOXJ1	-0.82961
RNF157	-0.51236
UBALD2	-0.77614
QRICH2	-1.4423
PRPSAP1	-2.6483
SPHK1	0.0066324
UBE2O	1.2679
AANAT	1.4315
RHBDF2	0.85824
CYGB	1.9126
PRCD	1.8999
ST6GALNAC2	1.8314
ST6GALNAC1	0.65535
MXRA7	2.4516
LOC105376847	2.551
JMJD6	2.2618
METTL23	1.6144
SRSF2	0.33718
MFSD11	0.029064
MGAT5B	1.2107
LOC105371899	2.3287
SEC14L1	1.4148
LOC105371906	2.234
LOC105371907	2.6207
SEPT9	0.58428
LOC105371905	-1.0863
LOC100996273	-0.82383
TNRC6C	-0.85409
TMC6	0.17171
TMC8	0.084847
C17orf99	-0.84974
SYNGR2	-1.2525
TK1	-1.3382
AFMID	-0.9386
BIRC5	-0.49315
TMEM235	-0.31692
LOC105371910	-0.70892
SOCS3	-0.72331
PGS1	0.67228
DNAH17	0.88013
CYTH1	-0.27332
USP36	-0.54468
TIMP2	1.3532
CEP295NL	1.3211
LGALS3BP	0.68406
CANT1	0.20916
C1QTNF1	0.81685
ENGASE	1.5671
RBFOX3	-0.47296
ENPP7	0.92333
CBX2	1.5803
CBX8	0.74596
CBX4	0.68989
TBC1D16	-2.4217
CCDC40	-1.3985
GAA	-0.34398
EIF4A3	-1.2208
CARD14	-2.573
SGSH	-1.9239
SLC26A11	-1.5931
RNF213	-0.59347
ENDOV	-0.17793
NPTX1	-0.59765
RPTOR	0.10525
LOC105371921	0.13368
CHMP6	0.99571
BAIAP2	-1.1394
AATK	1.6391
CEP131	2.9604
ENTHD2	1.3952
C17orf89	1.9749
SLC38A10	3.5207
TMEM105	1.1125
LOC100130370	1.2755
BAHCC1	-1.6622
ACTG1	1.6496
FSCN2	1.2085
C17orf70	0.10243
NPLOC4	1.5162
TSPAN10	1.7652
PDE6G	1.1989
OXLD1	-0.55414
CCDC137	-0.54219
ARL16	0.26742
HGS	0.30618
MRPL12	0.23342
SLC25A10	0.6371
GCGR	-0.73384
FAM195B	0.69953
PPP1R27	1.0171
P4HB	1.0269
ARHGDIA	1.0888
ALYREF	0.88727
ANAPC11	0.53184
NPB	0.42262
PCYT2	0.23052
SIRT7	0.75952
MAFG	0.68215
PYCR1	-0.3147
MYADML2	-1.1416
NOTUM	0.47309
ASPSCR1	0.94806
STRA13	0.8059
LRRC45	0.057515
RAC3	-0.18712
DCXR	-0.22601
RFNG	1.1543
GPS1	1.4108
DUS1L	1.4582
FASN	0.55926
CCDC57	1.0421
SLC16A3	0.14799
CSNK1D	0.11288
CD7	-0.76906
SECTM1	-1.1205
TEX19	0.12779
UTS2R	1.3364
OGFOD3	1.8439
HEXDC	0.87115
C17orf62	0.71375
NARF	0.75544
FOXK2	0.81844
WDR45B	-0.39994
RAB40B	1.2893
LOC105376791	1.3124
LOC101929552	0.9541
FN3KRP	0.67445
FN3K	-0.41006
TBCD	0.32975
ZNF750	-0.6735
LOC105371944	0.28293
B3GNTL1	0.61799
METRNL	-0.17294
USP14	1.5288
THOC1	1.4845
COLEC12	-0.30018
LOC105376854	-0.49885
CETN1	-1.4449
CLUL1	-0.27555
TYMSOS	0.18949
TYMS	-0.75565
ENOSF1	-0.66862
YES1	1.2616
ADCYAP1	-0.77379
METTL4	0.77856
NDC80	0.80774
SMCHD1	1.1676
EMILIN2	-0.52128
LPIN2	0.78593
MYOM1	-0.5686
MYL12A	0.58398
MYL12B	0.53891
TGIF1	1.0895
DLGAP1	0.25724
LOC105372013	0.61119
C18orf42	-0.59124
ZBTB14	-0.29515
EPB41L3	1.0507
LOC105372014	0.87044
TMEM200C	0.59015
L3MBTL4	1.3205
LOC105372015	-0.61453
ARHGAP28	0.66876
LAMA1	0.92429
LRRC30	-1.4376
PTPRM	-1.7274
RAB12	-1.4842
MTCL1	0.55783
NDUFV2	-0.19398
ANKRD12	0.17045
TWSG1	0.03759
RALBP1	1.4707
PPP4R1	1.2867
RAB31	2.0402
TXNDC2	0.1857
VAPA	0.26755
APCDD1	0.68303
NAPG	0.20068
LOC101927376	0.46417
PIEZO2	0.89158
SLC35G4	-0.23971
LOC105376851	-0.69069
GNAL	0.075236
CHMP1B	-0.33729
MPPE1	1.6828
IMPA2	1.9798
ANKRD62	-0.75005
CIDEA	0.18048
TUBB6	0.8201
AFG3L2	0.59017
SLMO1	-0.82964
LOC105376855	-0.30151
SPIRE1	0.50907
PSMG2	0.64005
CEP76	0.48378
PTPN2	0.44725
SEH1L	-0.35788
CEP192	-0.62144
LDLRAD4	1.8715
FAM210A	0.2586
RNMT	0.284
MC5R	1.814
MC2R	0.31564
ZNF519	0.73296
POTEC	0.084552
ANKRD30B	-0.17539
ROCK1	1.0395
GREB1L	0.48885
ESCO1	1.6001
SNRPD1	1.7108
ABHD3	1.6775
MIB1	2.4948
GATA6	0.097289
CTAGE1	-0.6616
RBBP8	0.27551
LOC105372022	0.81383
CABLES1	0.69151
TMEM241	2.8427
RIOK3	1.722
C18orf8	1.5881
NPC1	1.5902
ANKRD29	-0.41917
LAMA3	-0.38414
TTC39C	0.58904
CABYR	-0.48423
OSBPL1A	0.59788
IMPACT	1.3835
HRH4	0.093785
ZNF521	1.6542
SS18	-0.10405
PSMA8	0.20027
TAF4B	-0.17977
KCTD1	0.68112
AQP4	-0.13314
CHST9	4.2274
CDH2	2.8129
DSC3	0.7021
DSC2	0.59032
DSC1	-1.2159
DSG1	1.6505
DSG4	1.4199
DSG3	-1.1912
DSG2	-1.1559
TTR	0.63021
B4GALT6	1.3889
SLC25A52	0.67465
TRAPPC8	-0.27145
RNF125	1.2883
RNF138	0.31122
MEP1B	0.079951
GAREM	-0.37213
KLHL14	-0.60301
CCDC178	1.1267
ASXL3	-0.11324
NOL4	-0.17092
DTNA	-1.0267
MAPRE2	-1.2536
ZNF397	-1.1874
ZSCAN30	-0.69824
ZNF24	-0.3801
ZNF396	-0.24884
INO80C	2.3475
GALNT1	-0.22293
C18orf21	0.84387
RPRD1A	0.33325
SLC39A6	2.2394
ELP2	1.9646
MOCOS	0.26204
FHOD3	1.8987
TPGS2	2.1269
KIAA1328	1.7613
CELF4	0.055351
PIK3C3	-1.0973
RIT2	-0.14507
SYT4	-0.81367
SETBP1	-0.25643
SLC14A2	1.0065
SLC14A1	-0.69907
EPG5	-0.65216
SIGLEC15	0.23573
PSTPIP2	0.5703
ATP5A1	-1.9905
HAUS1	-1.6205
C18orf25	-0.97618
RNF165	-0.13713
LOXHD1	-0.28515
ST8SIA5	1.9955
PIAS2	1.8277
KATNAL2	1.2264
TCEB3CL2	1.0404
TCEB3CL	0.91243
LOC101930171	1.3662
TCEB3C	1.6108
TCEB3B	1.5586
HDHD2	0.42146
IER3IP1	0.20685
SKOR2	0.19123
SMAD2	1.4714
ZBTB7C	-0.70623
CTIF	-0.078691
SMAD7	0.5373
LOC105372109	-0.92465
DYM	-1.3687
C18orf32	-0.84392
RPL17-C18orf32	-0.73932
RPL17	-0.54322
LIPG	-0.47557
ACAA2	1.1942
MYO5B	-0.14077
CFAP53	-0.16705
MBD1	-0.044904
CXXC1	-0.10373
SKA1	2.2117
MAPK4	-0.4242
MRO	0.08104
ME2	0.4211
ELAC1	-1.1732
SMAD4	-0.53359
MEX3C	-2.1446
DCC	0.78946
MBD2	-0.5869
POLI	0.85084
STARD6	1.8997
C18orf54	1.4429
DYNAP	-0.096367
RAB27B	-0.034765
CCDC68	-1.4148
TCF4	0.22166
TXNL1	-1.8786
WDR7	0.8008
BOD1L2	1.5288
ST8SIA3	1.3936
ONECUT2	-1.0594
FECH	-0.38522
NARS	0.20538
LOC100505549	0.39495
ATP8B1	1.1911
NEDD4L	2.7816
ALPK2	-0.61398
LOC101927322	1.6147
MALT1	1.7855
ZNF532	-0.12558
SEC11C	1.0704
GRP	2.3349
RAX	0.84974
CPLX4	1.052
LMAN1	-0.6203
CCBE1	-0.14461
PMAIP1	0.87485
MC4R	0.24618
CDH20	0.79854
RNF152	0.95752
PIGN	-1.2299
KIAA1468	-1.3995
TNFRSF11A	-0.64534
ZCCHC2	0.17705
PHLPP1	0.12989
BCL2	-1.4424
KDSR	-0.62347
VPS4B	1.3492
SERPINB5	-0.27661
SERPINB12	-0.96443
SERPINB13	0.31514
SERPINB4	1.1353
SERPINB3	1.0797
SERPINB11	0.38592
SERPINB7	1.9705
SERPINB2	0.44562
SERPINB10	1.1423
HMSD	1.3751
SERPINB8	0.3006
CDH7	0.062177
CDH19	0.51916
DSEL	1.3488
TMX3	-1.4681
CCDC102B	0.19651
DOK6	0.65241
CD226	0.91425
RTTN	-0.48553
SOCS6	-1.5872
GTSCR1	-2.1502
CBLN2	1.6516
NETO1	-1.4351
LOC100505797	-1.4587
FBXO15	0.034123
TIMM21	-0.065335
CYB5A	-1.6666
C18orf63	-1.3091
FAM69C	-0.47105
LOC105372192	-1.1917
CNDP2	-1.4513
CNDP1	-0.049565
ZNF407	1.6425
ZADH2	0.063529
TSHZ1	0.41586
SMIM21	-0.35841
LOC105372204	-0.53633
ZNF516	-1.2563
LOC101927989	-0.24777
C18orf65	0.030789
ZNF236	-1.0931
MBP	-0.60219
GALR1	0.69264
SALL3	-1.118
ATP9B	-0.19914
LOC100996274	-1.1088
NFATC1	-0.48969
CTDP1	1.0053
LOC105376875	1.1011
KCNG2	-1.117
PQLC1	-1.2436
HSBP1L1	0.15633
TXNL4A	0.24664
RBFA	1.5645
ADNP2	2.2244
PARD6G	1.6109
LOC101928344	-1.2407
PPAP2C	-0.34324
LOC101929060	1.1341
MIER2	1.3309
THEG	0.56759
C2CD4C	-2.7202
SHC2	0.041281
ODF3L2	1.5356
MADCAM1	-0.28711
TPGS1	0.7729
CDC34	-0.36453
GZMM	-1.8873
BSG	-0.54101
HCN2	-0.14685
POLRMT	-0.66391
FGF22	-0.29787
RNF126	0.10191
FSTL3	-0.24208
PRSS57	-0.68244
PALM	-1.1336
MISP	-1.1316
PTBP1	-0.85348
LPPR3	-0.9211
AZU1	-0.89628
PRTN3	-0.2812
ELANE	-0.37169
CFD	-0.98956
MED16	-1.0534
R3HDM4	1.0439
KISS1R	0.95107
ARID3A	1.0436
WDR18	0.9469
GRIN3B	1.5327
TMEM259	1.6886
CNN2	0.029391
ABCA7	-1.0225
HMHA1	-1.5676
POLR2E	-2.0748
GPX4	-1.2304
SBNO2	-0.93294
STK11	-0.47788
C19orf26	0.0092716
ATP5D	0.31332
MIDN	0.48537
CIRBP	-0.48511
C19orf24	-0.88046
EFNA2	0.035199
MUM1	-1.9641
NDUFS7	-1.1077
GAMT	-1.0359
DAZAP1	-0.25792
RPS15	-0.46082
APC2	-1.2484
C19orf25	-2.4682
PCSK4	-1.0315
REEP6	-0.71012
ADAMTSL5	-1.1318
PLK5	-1.7688
MEX3D	-0.50955
MBD3	-0.41164
UQCR11	-0.095106
TCF3	-2.0589
ONECUT3	-0.66913
ATP8B3	0.19185
REXO1	1.5221
KLF16	1.4478
ABHD17A	0.18105
ADAT3	0.29364
SCAMP4	0.11901
CSNK1G2	-0.15867
BTBD2	-1.6542
MKNK2	0.9375
MOB3A	2.252
IZUMO4	1.0009
AP3D1	0.72257
DOT1L	0.85044
PLEKHJ1	1.1937
SF3A2	1.3014
AMH	1.2061
JSRP1	0.55068
OAZ1	-1.0881
C19orf35	-0.79978
LINGO3	-0.54508
LSM7	0.11059
SPPL2B	-0.24463
TMPRSS9	-1.6899
TIMM13	-1.5122
LMNB2	-1.9794
GADD45B	0.27157
LOC101929097	0.11573
GNG7	-1.5125
DIRAS1	-0.44845
SLC39A3	0.40893
SGTA	1.5843
THOP1	1.667
ZNF554	0.70422
ZNF555	1.3971
ZNF556	1.8526
ZNF57	-0.63254
LOC101928631	-0.66225
ZNF77	-0.14174
TLE6	0.18892
TLE2	-0.1354
AES	-0.43887
GNA11	-0.41451
GNA15	-1.427
S1PR4	1.4918
NCLN	1.6992
CELF5	0.16019
NFIC	-1.6468
SMIM24	-0.84647
DOHH	-0.75709
FZR1	-0.8461
MFSD12	-1.062
C19orf71	-0.80053
HMG20B	-0.3386
GIPC3	1.4298
TBXA2R	1.6991
CACTIN	1.2361
PIP5K1C	1.0451
TJP3	0.30198
APBA3	-0.55173
MRPL54	-1.2021
RAX2	-1.0761
MATK	-1.1809
ZFR2	0.94777
ATCAY	1.0457
NMRK2	0.086161
DAPK3	0.92465
EEF2	0.066311
PIAS4	-0.52313
ZBTB7A	-0.24021
MAP2K2	-0.6971
CREB3L3	-1.4894
SIRT6	-1.0776
ANKRD24	-0.19479
EBI3	0.14079
CCDC94	0.46768
SHD	1.2197
TMIGD2	1.125
FSD1	0.83496
STAP2	0.66393
MPND	0.18879
SH3GL1	-0.62881
CHAF1A	-1.0192
UBXN6	-1.4773
HDGFRP2	-1.7369
PLIN4	-1.2846
PLIN5	-1.3118
LRG1	-0.8819
SEMA6B	0.53206
TNFAIP8L1	0.62255
MYDGF	0.12849
DPP9	-0.0164
DPP9-AS1	0.09375
FEM1A	0.65165
TICAM1	-0.091778
PLIN3	1.5629
ARRDC5	-0.0088369
UHRF1	0.12423
KDM4B	0.66489
PTPRS	0.2069
ZNRF4	-1.8325
SAFB2	0.073825
SAFB	1.1105
C19orf70	0.66568
HSD11B1L	0.56689
RPL36	0.64717
LONP1	1.1374
CATSPERD	1.1134
PRR22	-0.65051
DUS3L	-1.0142
NRTN	-0.13951
FUT6	-0.9495
FUT3	-1.4148
FUT5	-0.5996
NDUFA11	0.67305
VMAC	0.95764
CAPS	1.1093
RANBP3	0.57503
RFX2	0.71208
ACSBG2	0.81104
MLLT1	0.24991
ACER1	0.056433
CLPP	0.02914
ALKBH7	-0.62702
PSPN	-0.85087
GTF2F1	-1.7325
LOC390877	-1.7492
KHSRP	-0.86097
SLC25A41	0.16941
SLC25A23	-0.19771
CRB3	-1.0619
DENND1C	-0.91597
TUBB4A	-0.12597
TNFSF9	0.39402
CD70	0.77636
TNFSF14	-2.729
C3	-3.0612
GPR108	0.49429
TRIP10	0.19764
SH2D3A	0.59818
VAV1	-0.88467
ADGRE1	-0.29054
MBD3L3	-0.21519
ZNF557	-0.42611
INSR	2.0447
ARHGEF18	-0.61733
PEX11G	0.14234
C19orf45	0.19479
ZNF358	0.39617
MCOLN1	0.59115
PNPLA6	2.3562
CAMSAP3	1.8753
XAB2	2.3744
PET100	2.3673
PCP2	2.2705
STXBP2	2.0492
RETN	0.30946
MCEMP1	-0.31657
TRAPPC5	-0.14408
FCER2	-0.24768
CLEC4G	-1.123
CD209	0.12201
CLEC4M	0.78198
EVI5L	-0.55118
PRR36	-0.37302
LRRC8E	-0.76495
MAP2K7	-0.65897
TGFBR3L	0.36594
SNAPC2	0.91646
CTXN1	1.0518
TIMM44	1.0285
ELAVL1	0.21969
CCL25	-0.88504
FBN3	-1.7974
CERS4	-0.22564
CD320	0.64746
NDUFA7	0.32114
RPS28	0.058655
KANK3	-0.12864
ANGPTL4	-1.2139
RAB11B	-0.19827
MARCH2	0.46789
HNRNPM	0.57313
PRAM1	0.53716
ZNF414	0.54531
MYO1F	-0.55135
ADAMTS10	-1.2135
LOC105372267	0.54014
ACTL9	1.2875
OR2Z1	1.962
ZNF558	2.0015
MBD3L1	0.95649
MUC16	1.4017
OR1M1	-0.50755
OR7G2	-0.11731
OR7G1	0.27553
OR7G3	0.92136
ZNF317	1.1192
OR7D2	-1.0406
OR7D4	0.18992
OR7E24	-0.92008
ZNF699	-0.0066877
ZNF559	0.17313
ZNF559-ZNF177	0.27332
ZNF177	0.38308
LOC105372342	0.079859
ZNF266	0.35005
LOC105372269	0.58259
ZNF560	0.62522
ZNF426	0.63342
ZNF121	0.97663
ZNF561	1.7306
ZNF562	1.2937
ZNF812	0.88137
ZNF846	1.0957
LOC100505555	1.6022
FBXL12	1.6849
UBL5	2.387
PIN1	2.503
OLFM2	1.8085
COL5A3	-0.14207
RDH8	-0.89428
LOC105372271	-0.80623
C19orf66	-0.012275
ANGPTL6	-0.67414
PPAN	-0.62484
PPAN-P2RY11	-0.80375
P2RY11	-0.58362
EIF3G	-0.36275
DNMT1	1.3406
S1PR2	0.34958
MRPL4	-0.26615
ICAM1	0.6077
ICAM4	0.51431
ICAM5	0.41889
ZGLP1	0.00071086
FDX1L	0.34914
RAVER1	0.27688
ICAM3	0.15314
TYK2	0.27993
CDC37	0.3601
PDE4A	0.24072
KEAP1	0.47979
S1PR5	-0.13377
ATG4D	-0.74697
KRI1	-0.41097
CDKN2D	-0.34957
AP1M2	0.085723
SLC44A2	0.49511
ILF3	0.73656
QTRT1	0.90247
DNM2	2.1109
TMED1	0.41602
C19orf38	-0.36403
CARM1	-0.69607
YIPF2	-0.48966
C19orf52	-0.93152
SMARCA4	0.093792
LDLR	-0.19821
SPC24	-0.30935
KANK2	-0.44476
DOCK6	1.1318
C19orf80	1.4669
TSPAN16	1.4336
RAB3D	0.68282
TMEM205	0.75937
CCDC159	0.65618
LPPR2	-0.10718
SWSAP1	-1.0996
EPOR	-0.49759
RGL3	1.0829
CCDC151	1.497
PRKCSH	-0.076493
ELAVL3	-1.0207
ZNF653	-1.0591
ECSIT	-0.96619
CNN1	-0.34414
ELOF1	0.11101
ACP5	0.96823
ZNF627	0.31452
ZNF823	0.34415
ZNF441	-0.26108
ZNF491	2.0749
ZNF440	1.356
ZNF439	0.85847
ZNF69	-2.7025
ZNF700	0.68335
ZNF763	0.81863
ZNF433	1.5106
ZNF878	1.4315
ZNF844	-0.12765
ZNF20	-0.20447
ZNF625	-0.14978
ZNF136	-0.016093
LOC101060181	0.28831
ZNF44	0.32829
ZNF563	-0.7737
ZNF442	-1.7062
LOC105372277	-2.5069
ZNF799	0.58974
ZNF443	0.58223
ZNF709	0.20082
ZNF564	0.93541
ZNF490	1.5106
ZNF791	1.2957
MAN2B1	1.0908
WDR83	0.3811
WDR83OS	0.73293
DHPS	-0.28912
LOC105372280	-0.67279
FBXW9	-1.1953
TNPO2	-0.52765
C19orf43	0.05718
ASNA1	-0.63673
BEST2	-0.89356
HOOK2	-0.50028
JUNB	-0.47137
PRDX2	-1.0465
RNASEH2A	-0.93302
RTBDN	-0.45327
MAST1	0.27253
DNASE2	0.87656
KLF1	0.96241
GCDH	1.0907
SYCE2	0.99107
FARSA	0.83531
CALR	0.66163
RAD23A	0.79354
GADD45GIP1	0.57329
DAND5	0.44126
NFIX	0.59656
LYL1	-0.63023
TRMT1	-2.1739
NACC1	-2.5046
STX10	-2.4543
IER2	-2.6068
CACNA1A	1.582
CCDC130	-0.52975
MRI1	-1.504
C19orf53	-0.99001
ZSWIM4	0.067097
NANOS3	0.78707
C19orf57	0.63264
CC2D1A	0.28082
PODNL1	-0.62872
DCAF15	-1.2108
RFX1	-1.2826
LOC105372285	-1.7995
RLN3	-1.618
IL27RA	-0.9989
PALM3	0.69683
LOC113230	0.86959
C19orf67	0.69834
SAMD1	0.54836
PRKACA	0.050879
ASF1B	-0.0060544
ADGRL1	0.31473
ADGRE5	1.0446
DDX39A	0.2672
PKN1	-0.80723
PTGER1	-0.13023
GIPC1	0.43008
DNAJB1	1.4333
TECR	1.19
NDUFB7	1.096
CLEC17A	1.3791
ADGRE3	-0.59214
ZNF333	0.69944
ADGRE2	-1.2022
OR7C1	-1.3957
OR7A5	-0.38915
OR7A10	-1.1167
OR7A17	-0.77324
OR7C2	0.43984
SLC1A6	0.19571
CCDC105	0.20384
CASP14	-1.379
OR1I1	0.20214
SYDE1	0.61613
ILVBL	-0.51065
NOTCH3	-0.78879
EPHX3	-0.14006
BRD4	-0.65838
AKAP8	-0.23182
AKAP8L	-0.85263
WIZ	-1.2645
RASAL3	-0.85417
PGLYRP2	0.13877
CYP4F22	0.93235
CYP4F8	-0.51001
CYP4F3	-1.1463
CYP4F12	-2.324
OR10H2	-0.37788
OR10H3	-0.095579
OR10H5	-0.14347
OR10H1	-0.55683
LOC102724279	-1.9687
LOC105369202	-1.8899
CYP4F2	-1.4612
CYP4F11	-1.0683
OR10H4	-0.31751
TPM4	1.4739
RAB8A	-0.88293
HSH2D	-1.1889
CIB3	-0.12744
FAM32A	0.32534
AP1M1	0.12287
KLF2	-1.0245
EPS15L1	-0.32277
CALR3	-0.42532
C19orf44	-0.42126
CHERP	-0.014214
SLC35E1	0.48539
MED26	0.62397
SMIM7	-0.63723
TMEM38A	-1.0692
NWD1	-1.6597
SIN3B	0.62144
F2RL3	0.77092
CPAMD8	0.46055
HAUS8	0.23212
MYO9B	1.652
USE1	2.0066
OCEL1	2.0805
NR2F6	2.1126
USHBP1	0.66867
BABAM1	1.5343
ANKLE1	1.7061
ABHD8	2.1653
MRPL34	2.1561
DDA1	1.5311
ANO8	0.80747
GTPBP3	0.26695
PLVAP	-0.52704
LOC105372343	-2.1605
BST2	-2.3653
MVB12A	-1.3823
TMEM221	-0.32572
NXNL1	-0.22007
SLC27A1	-0.53645
PGLS	-0.80469
FAM129C	-0.34288
COLGALT1	0.25445
UNC13A	1.3302
MAP1S	2.3003
FCHO1	2.2124
B3GNT3	-0.28446
INSL3	-0.46926
JAK3	0.21636
RPL18A	0.39133
SLC5A5	-0.26825
CCDC124	-0.38439
KCNN1	-0.52504
ARRDC2	-0.97152
IL12RB1	0.96652
MAST3	1.907
PIK3R2	1.2347
IFI30	0.97717
MPV17L2	0.81568
RAB3A	0.88368
PDE4C	0.87485
KIAA1683	0.9918
JUND	0.47594
LSM4	-0.105
PGPEP1	-0.57436
GDF15	-2.5181
LRRC25	-1.5932
SSBP4	-0.53888
ISYNA1	-0.9277
ELL	-1.5847
FKBP8	-0.85495
KXD1	1.0362
UBA52	1.332
C19orf60	2.5509
CRLF1	2.6966
TMEM59L	2.7163
KLHL26	1.4511
CRTC1	0.56478
COMP	0.68311
UPF1	-0.51858
GDF1	-0.35676
CERS1	-0.38627
COPE	0.013692
DDX49	0.34972
HOMER3	-0.040324
SUGP2	0.97642
ARMC6	1.0765
SLC25A42	0.65039
TMEM161A	0.21825
MEF2B	-0.73212
MEF2BNB-MEF2B	-0.62657
MEF2BNB	0.054324
RFXANK	-0.23788
NR2C2AP	0.17857
NCAN	0.24851
HAPLN4	0.51294
TM6SF2	0.66201
SUGP1	0.92875
MAU2	0.74013
GATAD2A	0.44808
TSSK6	0.50971
NDUFA13	0.57622
YJEFN3	0.3534
CILP2	-0.25044
PBX4	0.60385
LPAR2	1.2899
GMIP	1.5406
ATP13A1	1.3645
ZNF101	1.693
ZNF14	-0.53253
ZNF506	-0.22187
ZNF253	-0.12882
ZNF93	-0.36616
ZNF682	0.79126
ZNF90	0.89157
ZNF486	-0.067233
LOC102724427	-0.46696
LOC105372315	1.4454
LOC102724436	1.861
ZNF737	-1.4944
ZNF626	0.62756
ZNF85	-1.87
ZNF430	-0.6813
ZNF714	-0.78755
ZNF431	-1.7062
ZNF708	-1.8183
ZNF493	-1.7807
ZNF429	-0.0060942
LOC400682	-0.55409
ZNF100	-0.37771
ZNF43	-1.3233
ZNF208	-0.50513
ZNF257	0.74859
ZNF676	-0.38652
ZNF729	-0.31937
ZNF98	-0.46491
LOC105376917	1.1665
ZNF492	1.1142
ZNF99	0.2731
ZNF728	-1.0251
ZNF730	0.53071
ZNF91	-0.11081
ZNF675	0.11743
ZNF681	0.41446
LOC101929206	2.0865
ZNF726	-0.64881
ZNF254	0.45237
LOC105376906	2.0266
LOC102724908	0.65336
UQCRFS1	1.0151
VSTM2B	-0.14383
POP4	0.53183
PLEKHF1	-0.48475
C19orf12	-0.17953
CCNE1	3.4903
URI1	0.48675
ZNF536	-0.39912
LOC101927254	-0.70176
TSHZ3	2.3481
LOC105372487	-0.084875
THEG5	2.462
ZNF507	-0.21231
DPY19L3	-0.18924
PDCD5	0.23894
ANKRD27	-0.11557
NUDT19	0.36961
RGS9BP	0.090137
TDRD12	-0.3127
SLC7A9	-0.61271
CEP89	-0.93141
C19orf40	-1.4537
RHPN2	-1.2414
GPATCH1	0.13399
WDR88	-0.75519
LRP3	-1.8432
SLC7A10	-0.8592
CEBPA	0.55113
CEBPG	-0.08597
PEPD	1.8388
CHST8	0.18117
KCTD15	-0.087542
LSM14A	0.91704
KIAA0355	-0.3885
GPI	-0.36381
PDCD2L	-0.36059
UBA2	-0.33606
WTIP	-0.77902
SCGB2B2	0.44108
ZNF302	0.2023
ZNF181	1.8018
ZNF599	0.57853
ZNF30	1.4157
ZNF792	0.69011
GRAMD1A	-1.3163
SCN1B	-0.89351
HPN	-0.045134
LOC105372378	-0.034558
FXYD3	1.5102
LGI4	1.0965
FXYD1	0.68133
FXYD7	0.65046
FXYD5	-0.14006
FAM187B	-0.67324
LSR	-0.87369
USF2	-2.2395
HAMP	-1.8969
MAG	-1.5014
CD22	0.33765
FFAR1	0.30314
FFAR3	0.31164
LOC105372382	-0.0022857
FFAR2	0.056031
KRTDAP	0.86051
DMKN	1.0397
SBSN	1.0332
GAPDHS	-0.024337
TMEM147	-0.57007
ATP4A	1.9474
HAUS5	0.31526
RBM42	0.25144
ETV2	0.33821
COX6B1	0.83984
UPK1A	0.77287
ZBTB32	-0.23708
KMT2B	0.29881
IGFLR1	0.75947
U2AF1L4	0.68927
PSENEN	0.55025
LIN37	0.30253
HSPB6	0.30009
PROSER3	0.22563
ARHGAP33	0.68646
PRODH2	2.2299
NPHS1	2.023
KIRREL2	0.38111
APLP1	0.16628
NFKBID	0.047429
HCST	0.34206
TYROBP	0.23379
LRFN3	-0.81773
LOC105372384	-0.13185
SDHAF1	-2.3567
SYNE4	-1.9678
ALKBH6	-1.4437
LOC101927572	0.44801
CLIP3	0.28737
THAP8	1.0009
WDR62	1.1475
OVOL3	1.0712
POLR2I	0.96244
TBCB	1.2507
CAPNS1	-0.25542
COX7A1	-0.794
ZNF565	1.369
ZNF146	1.6111
LOC105376900	0.88157
LOC105376907	0.95615
ZFP14	0.82826
ZFP82	0.97713
ZNF566	-0.20774
ZNF260	0.35569
ZNF529	0.67695
ZNF382	0.429
ZNF461	0.98985
ZNF567	0.65746
ZNF850	1.1407
LOC728485	0.66419
ZNF790	0.88149
ZNF345	1.0471
ZNF829	0.53101
ZNF568	1.1386
ZNF420	1.5251
ZNF585A	1.2013
ZNF585B	1.4323
ZNF383	1.3352
HKR1	0.7269
ZNF527	0.80774
ZNF569	0.9119
ZNF570	1.3618
ZNF793	1.7339
ZNF540	0.91723
ZNF571	0.86129
ZFP30	0.91576
ZNF781	0.24767
ZNF607	0.67075
ZNF573	0.40021
WDR87	1.0129
SIPA1L3	1.0901
DPF1	2.0975
PPP1R14A	-0.95804
SPINT2	-0.72039
YIF1B	0.31514
C19orf33	-0.036604
KCNK6	0.37341
CATSPERG	0.25048
PSMD8	0.0062046
GGN	-0.18149
SPRED3	-0.12523
FAM98C	-0.51234
RASGRP4	-1.0894
RYR1	0.55887
MAP4K1	0.3535
EIF3K	-0.71675
ACTN4	-0.82451
CAPN12	-0.46921
LGALS7	-0.27989
LGALS7B	-0.38359
LGALS4	-0.29836
ECH1	0.16719
HNRNPL	0.05869
RINL	0.18356
SIRT2	1.2785
NFKBIB	0.70735
CCER2	0.090044
SARS2	-0.068324
MRPS12	0.075947
FBXO17	0.75323
FBXO27	0.85072
PAPL	-0.065409
PAK4	-0.74975
NCCRP1	-1.1068
SYCN	-1.289
IFNL3	-0.70249
IFNL4	-0.71063
IFNL2	0.3207
IFNL1	0.25137
LRFN1	-0.78958
GMFG	-0.73067
SAMD4B	-0.5068
PAF1	-0.71073
MED29	-0.85342
ZFP36	-1.3482
PLEKHG2	-1.434
RPS16	-1.4796
SUPT5H	-1.1679
TIMM50	-0.99949
DLL3	-0.3182
SELV	-0.24148
EID2B	-0.59813
EID2	-0.44388
LGALS13	0.19965
LGALS16	0.5628
LGALS14	-1.6605
CLC	-0.92544
LEUTX	0.10008
DYRK1B	1.5664
FBL	1.3847
FCGBP	1.3049
PSMC4	-0.71836
ZNF546	-0.87634
ZNF780B	-0.2519
ZNF780A	-0.6866
MAP3K10	-0.99425
TTC9B	-0.74907
CNTD2	-0.073506
AKT2	0.048631
C19orf47	0.12824
PLD3	0.3265
HIPK4	0.76826
PRX	-0.069376
SERTAD1	0.59477
SERTAD3	0.20763
LOC105372489	0.1705
BLVRB	-0.22365
SPTBN4	-0.77959
SHKBP1	-0.5038
LTBP4	-0.39917
NUMBL	-0.042304
ADCK4	0.45003
ITPKC	0.53949
C19orf54	0.2374
SNRPA	0.46247
MIA	1.2039
RAB4B	1.221
EGLN2	1.1069
CYP2A6	-0.778
CYP2A7	-0.78102
CYP2B6	0.22651
CYP2A13	0.42346
CYP2F1	0.78322
LOC105376908	0.35825
CYP2S1	1.2041
AXL	1.0316
HNRNPUL1	-0.29144
CCDC97	-0.091328
TGFB1	-0.87796
B9D2	-0.94221
TMEM91	-0.80954
EXOSC5	-0.32872
BCKDHA	-0.038626
B3GNT8	-0.15454
ATP5SL	0.058179
ERICH4	-0.13391
CEACAM21	1.6513
CEACAM4	-0.65315
CEACAM7	0.82395
CEACAM5	1.0557
CEACAM6	0.70312
CEACAM3	0.75573
LYPD4	0.88227
DMRTC2	0.95779
RPS19	0.88568
CD79A	0.87563
ARHGEF1	0.82893
LOC390937	0.50383
RABAC1	-0.20282
ATP1A3	-0.27262
GRIK5	-1.6735
ZNF574	-1.342
POU2F2	-1.067
DEDD2	0.19751
ZNF526	0.69583
GSK3A	0.97267
ERF	1.0352
CIC	1.7626
PAFAH1B3	1.8573
PRR19	1.7523
TMEM145	1.8242
MEGF8	1.507
CNFN	1.1806
LIPE	-0.50389
CXCL17	-0.22279
CEACAM1	-1.8257
CEACAM8	-0.44972
PSG3	0.9677
PSG8	1.1334
PSG1	-0.32099
PSG6	-0.42422
PSG7	-0.099779
PSG11	0.47493
PSG5	0.14968
PSG2	0.6503
PSG4	-0.12556
PSG9	-0.52322
CD177	1.4769
TEX101	0.43462
LYPD3	-0.033308
PHLDB3	-0.39337
ETHE1	-0.89252
ZNF575	-0.26519
XRCC1	-0.85164
PINLYP	-1.817
IRGQ	-1.4887
ZNF576	-1.1948
ZNF428	-1.0136
SRRM5	-1.4955
CADM4	-1.1182
PLAUR	-0.015329
LOC105372412	-0.053558
IRGC	-0.74082
SMG9	0.25942
KCNN4	-0.30892
LYPD5	-1.0505
ZNF283	-1.6874
ZNF404	-2.0751
LOC105376909	0.69736
ZNF45	0.94992
ZNF221	1.7107
ZNF155	1.522
ZNF230	1.8579
ZNF222	1.109
ZNF223	0.95907
ZNF284	0.81837
ZNF224	-0.02041
ZNF225	-0.90603
ZNF234	-2.315
ZNF226	-1.494
ZNF227	-1.8058
ZNF233	-2.1351
ZNF235	-1.6413
ZNF112	-2.3365
ZNF285	-0.0055047
ZNF229	0.035291
ZNF180	-1.651
CEACAM20	-1.2062
IGSF23	-0.84128
PVR	-0.76012
CEACAM19	-0.94835
CEACAM16	-0.99532
LOC105372417	-0.25503
BCL3	-0.40819
CBLC	0.60183
BCAM	0.19299
PVRL2	-0.40505
TOMM40	0.21757
APOE	0.63802
APOC1	0.52287
APOC4	0.20279
APOC2	0.38105
CLPTM1	0.19725
RELB	0.03762
CLASRP	-0.19331
ZNF296	-1.3022
GEMIN7	-1.8397
PPP1R37	-0.67283
NKPD1	0.068843
TRAPPC6A	0.00042304
BLOC1S3	1.2784
EXOC3L2	0.94479
MARK4	1.3717
CKM	0.58318
KLC3	0.53768
ERCC2	0.14775
PPP1R13L	-0.21267
CD3EAP	0.26405
ERCC1	0.22405
FOSB	0.21754
RTN2	-0.67865
PPM1N	-1.6875
VASP	-1.323
OPA3	-1.4578
GPR4	-0.48973
EML2	-0.93836
GIPR	-0.5088
SNRPD2	-0.34958
QPCTL	-0.33927
FBXO46	-0.10084
BHMG1	-0.32515
SIX5	-0.25588
DMPK	0.34193
DMWD	0.64903
RSPH6A	1.3299
SYMPK	1.391
FOXA3	1.0754
IRF2BP1	0.79704
MYPOP	0.47923
NANOS2	-0.23424
NOVA2	-1.0967
CCDC61	-1.159
PGLYRP1	-1.2009
IGFL4	0.043501
IGFL2	1.509
IGFL3	1.151
IGFL1	0.89596
HIF3A	-0.51971
PPP5C	0.008677
CCDC8	-0.048506
PNMAL1	-1.3495
PPP5D1	-0.47358
PNMAL2	-0.63758
CALM3	-0.26149
PTGIR	-0.96008
GNG8	-1.5183
DACT3	-1.7363
PRKD2	-0.66301
STRN4	-0.66699
FKRP	-0.52982
SLC1A5	-0.3915
AP2S1	-0.43764
ARHGAP35	0.71191
NPAS1	0.36444
TMEM160	0.93386
ZC3H4	0.90737
SAE1	0.57728
BBC3	0.93497
CCDC9	0.77814
INAFM1	0.81659
C5AR1	0.97814
C5AR2	0.56612
DHX34	1.0863
MEIS3	1.0944
SLC8A2	0.10821
KPTN	1.0445
NAPA	0.87469
ZNF541	0.74841
GLTSCR1	1.2211
EHD2	-0.049381
GLTSCR2	-0.047168
SEPW1	-0.23871
TPRX1	-1.1122
CRX	-1.3801
SULT2A1	-0.026963
BSPH1	1.0496
ELSPBP1	-0.23724
CABP5	-0.23887
PLA2G4C	0.0043848
LIG1	-0.67377
C19orf68	-1.054
CARD8	1.6003
ZNF114	2.0746
CCDC114	0.025363
EMP3	-1.3933
TMEM143	0.013598
SYNGR4	0.42858
KDELR1	-0.8955
GRIN2D	-0.53748
GRWD1	0.552
KCNJ14	0.52716
CYTH2	0.67494
LMTK3	-0.13806
SULT2B1	-0.41212
FAM83E	-0.6184
SPACA4	-0.50786
RPL18	-0.3535
SPHK2	-0.096474
DBP	0.34198
CA11	1.042
NTN5	0.27514
FUT2	-0.41787
MAMSTR	0.11959
RASIP1	1.0096
IZUMO1	1.1502
FUT1	1.013
FGF21	0.6474
BCAT2	-1.2222
HSD17B14	0.071409
PLEKHA4	-1.1378
PPP1R15A	-0.97581
TULP2	-0.41652
NUCB1	0.41732
DHDH	0.43316
BAX	1.1009
FTL	1.3987
GYS1	1.4829
RUVBL2	1.0301
LHB	0.99027
CGB	0.5406
CGB2	0.83979
CGB1	0.93414
CGB5	1.8801
CGB8	1.7601
CGB7	1.6975
LOC105376902	1.6702
NTF4	1.7374
KCNA7	1.3363
SNRNP70	0.88592
LIN7B	1.1799
C19orf73	0.99922
PPFIA3	1.2184
HRC	1.5023
TRPM4	1.2251
SLC6A16	-0.27737
CD37	-0.11464
TEAD2	0.089751
DKKL1	-0.0438
CCDC155	0.2839
GFY	-0.54698
PTH2	-0.42414
SLC17A7	-1.0797
PIH1D1	-1.4958
ALDH16A1	-2.3828
FLT3LG	-2.2886
RPL13A	-2.4088
RPS11	-1.17
FCGRT	-0.25384
RCN3	-0.76287
NOSIP	-1.4716
PRRG2	-1.0225
PRR12	-0.65535
RRAS	-0.17504
SCAF1	-0.14023
IRF3	0.44432
BCL2L12	0.25607
PRMT1	0.90145
ADM5	0.57112
CPT1C	0.43829
TSKS	0.51022
AP2A1	0.68655
FUZ	0.40665
MED25	0.1589
PTOV1	0.33614
PNKP	0.8198
AKT1S1	1.1545
TBC1D17	1.2836
IL4I1	2.5531
NUP62	2.5886
ATF5	2.679
SIGLEC11	0.82951
VRK3	0.1002
ZNF473	0.16744
LOC100287477	0.11819
IZUMO2	-0.2386
MYH14	0.35133
KCNC3	0.33834
NAPSA	-0.80718
NR1H2	-0.16508
POLD1	-0.4419
SPIB	-0.0062345
MYBPC2	0.32269
FAM71E1	0.053701
EMC10	-0.70023
JOSD2	-0.96331
ASPDH	-1.0221
LRRC4B	-1.1421
SYT3	0.80979
C19orf81	0.94208
SHANK1	0.85231
CLEC11A	0.043142
GPR32	0.65998
ACPT	0.22596
C19orf48	0.49293
KLK1	0.73927
KLK15	0.93941
KLK3	-0.74901
KLK2	-0.74513
KLK4	0.25091
KLK5	-1.357
KLK6	-1.6158
KLK7	-0.1695
KLK8	0.85687
KLK9	0.30856
KLK10	-0.20409
KLK11	-0.97265
KLK12	-0.13481
KLK13	0.38009
KLK14	0.87249
CTU1	-0.038733
SIGLEC9	0.22056
SIGLEC7	-0.43191
CD33	0.67474
SIGLECL1	0.32915
LOC105372444	0.49572
IGLON5	-0.5451
VSIG10L	-0.99355
ETFB	0.025609
CLDND2	0.37029
NKG7	0.56363
LIM2	0.071912
C19orf84	0.1368
SIGLEC10	-1.0782
LOC100129083	-1.2714
SIGLEC8	0.47456
CEACAM18	1.1195
SIGLEC12	-0.28263
SIGLEC6	-0.6992
LOC105372490	1.2154
ZNF175	0.80853
SIGLEC5	-0.38895
SIGLEC14	-1.1774
HAS1	1.3248
FPR1	2.2542
FPR2	0.52531
FPR3	0.33176
ZNF577	-0.42344
ZNF649	-0.18861
ZNF613	0.85094
ZNF350	0.76605
ZNF615	0.93686
ZNF614	0.78055
ZNF432	0.77341
ZNF841	1.7793
ZNF616	1.3116
ZNF836	-1.1853
PPP2R1A	-1.1673
ZNF766	-0.32978
ZNF480	-0.32437
ZNF610	0.35428
ZNF880	-0.10729
ZNF528	-0.64669
ZNF534	-0.51524
ZNF578	0.16375
ZNF808	0.30679
ZNF701	1.1684
ZNF83	0.62281
ZNF611	-0.42415
ZNF600	0.33636
ZNF28	0.30357
ZNF468	0.92432
ZNF320	0.75179
ZNF888	0.88874
ZNF816-ZNF321P	-0.62464
ZNF816	-0.39376
ERVV-1	-0.86599
ERVV-2	-0.82743
ZNF160	-0.14668
ZNF415	0.64946
ZNF347	0.17781
ZNF665	1.1658
ZNF677	0.066345
VN1R2	-0.20005
VN1R4	-0.42288
BIRC8	-0.8771
ZNF845	0.85169
ZNF765	1.1465
ZNF761	0.61022
ZNF813	0.4828
ZNF331	-0.98163
DPRX	0.10866
NLRP12	1.4342
MYADM	-0.24205
PRKCG	0.28268
CACNG7	-0.16011
CACNG8	1.4598
CACNG6	0.59924
VSTM1	0.43641
TARM1	1.0298
OSCAR	1.9461
NDUFA3	2.0288
TFPT	1.8668
PRPF31	1.1157
CNOT3	-1.1163
LENG1	-0.93042
TMC4	-0.1557
MBOAT7	0.86472
TSEN34	1.7489
RPS9	1.725
LILRB3	0.99807
LILRA6	0.8943
LILRB5	0.49416
LILRB2	0.34532
LILRA5	-0.90596
LILRA4	0.48445
LAIR1	0.75132
TTYH1	1.3841
LENG8	0.93266
LENG9	0.25048
CDC42EP5	0.31921
LAIR2	-0.5516
LOC101929818	-1.0431
LILRA2	1.1276
LILRA1	0.81765
LILRB1	1.3396
LILRB4	0.88809
KIR3DL3	-1.742
KIR2DL3	-0.7267
KIR2DL1	-0.54567
KIR2DL4	0.76228
KIR3DL1	0.43736
KIR2DS4	1.3022
KIR3DL2	1.9828
FCAR	1.6464
NCR1	-0.043149
NLRP7	-0.86847
NLRP2	-0.79403
GP6	1.0789
RDH13	1.2647
EPS8L1	0.72392
PPP1R12C	0.726
TNNT1	0.26716
TNNI3	-0.50475
DNAAF3	-1.1672
SYT5	-0.48869
PTPRH	-0.44118
TMEM86B	-0.06789
PPP6R1	0.68338
HSPBP1	1.3837
BRSK1	0.32952
TMEM150B	-0.18303
SUV420H2	-0.54002
COX6B2	0.02971
FAM71E2	0.35093
IL11	-0.017161
TMEM190	0.30164
TMEM238	0.65967
RPL28	1.2601
UBE2S	1.4772
SHISA7	2.1871
ISOC2	1.152
ZNF628	-0.045602
NAT14	-0.58108
SSC5D	-0.82683
SBK2	0.4934
SBK3	0.50592
ZNF579	0.36201
FIZ1	0.14221
ZNF524	-0.1733
LOC105376905	0.09913
ZNF865	-0.58618
ZNF784	-0.091927
ZNF580	-0.074707
ZNF581	-0.021103
CCDC106	0.03004
U2AF2	0.034373
EPN1	-0.020133
NLRP9	0.040148
RFPL4A	0.44699
RFPL4AL1	-0.3015
NLRP11	1.3066
NLRP4	-0.089151
NLRP13	0.0081737
NLRP8	1.103
NLRP5	0.45628
ZNF787	0.76531
ZNF444	1.6322
GALP	0.5421
ZSCAN5B	-0.1337
ZSCAN5A	0.54241
LOC100506374	1.2192
ZNF582	2.2342
ZNF583	1.1495
ZNF667	1.0528
ZNF471	1.0481
ZFP28	1.2347
ZNF470	1.0297
ZNF71	0.69254
SMIM17	0.85522
ZNF835	-0.89748
ZIM2	-0.097909
PEG3	-0.2932
LOC105372474	1.0514
USP29	-0.69281
ZIM3	-0.36854
DUXA	-0.40669
ZNF264	-0.49568
AURKC	-1.2585
ZNF805	-1.2874
LOC105372476	1.5104
ZNF460	2.1481
ZNF543	0.79874
ZNF304	0.51405
ZNF547	0.85169
ZNF548	0.010803
ZNF17	0.12261
ZNF749	-0.66927
VN1R1	-1.2411
ZNF772	-0.83904
ZNF419	-1.4482
ZNF773	-1.5444
ZNF549	-1.7855
ZNF550	-1.9213
ZNF416	-1.7268
ZIK1	-1.4165
ZNF530	-0.5301
ZNF134	-0.32197
ZNF211	-1.5299
ZSCAN4	-1.0325
ZNF551	-0.62874
ZNF154	-1.3227
ZNF671	-0.25515
ZNF776	1.6166
ZNF586	1.6288
ZNF552	1.0605
ZNF587B	0.75671
ZNF587	0.67778
ZNF814	-0.025915
ZNF417	-0.353
ZNF418	-0.33006
ZNF256	-0.93831
C19orf18	-1.3838
ZNF606	-1.1508
LOC105372478	-1.0782
ZSCAN1	-0.6234
ZNF135	-0.10653
ZSCAN18	-2.3699
ZNF329	-1.5451
ZNF274	-1.3957
ZNF544	-0.41161
ZNF8	0.45704
LOC105372481	0.58477
ZSCAN22	1.0498
A1BG	1.4332
ZNF497	1.0212
LOC105372483	1.0837
ZNF837	1.0439
RPS5	2.3242
RNF225	3.0274
ZNF584	3.4578
ZNF324B	3.1583
ZNF132	3.1229
ZNF324	2.1093
ZNF446	2.6379
SLC27A5	2.3425
ZBTB45	1.0106
TRIM28	1.1384
CHMP2A	1.0932
UBE2M	1.1264
MZF1	0.7464
DEFB125	-0.26667
DEFB126	-1.8228
DEFB127	-1.247
DEFB128	0.37379
DEFB129	-1.3447
DEFB132	-0.50152
C20orf96	0.50862
ZCCHC3	-0.20659
SOX12	-2.0193
NRSN2	0.16389
TRIB3	-1.4096
RBCK1	1.1834
TBC1D20	0.91148
CSNK2A1	-0.71426
TCF15	-1.0001
SRXN1	0.75929
SCRT2	-0.053115
SLC52A3	-1.6505
FAM110A	-1.3121
ANGPT4	0.36696
RSPO4	-0.14651
LOC105372493	-1.0628
PSMF1	0.1629
TMEM74B	-0.95803
LOC105372496	-2.2849
C20orf202	-3.2885
RAD21L1	-1.6182
SNPH	-1.0206
SDCBP2	-0.84926
FKBP1A	-0.81632
NSFL1C	0.58023
SIRPB2	2.461
SIRPD	1.1984
SIRPB1	1.3444
SIRPG	0.59043
SIRPA	-0.11182
PDYN	1.2287
STK35	-0.83654
LOC388780	1.0678
TGM3	2.061
TGM6	0.31096
SNRPB	0.9911
ZNF343	0.71957
TMC2	-0.83731
NOP56	-1.4199
IDH3B	-0.84612
EBF4	1.5639
CPXM1	0.37373
C20orf141	0.46429
TMEM239	0.30729
PCED1A	-0.13439
VPS16	0.37625
PTPRA	0.13056
GNRH2	-0.56554
MRPS26	-0.55097
OXT	0.34098
AVP	0.73304
UBOX5	1.0472
FASTKD5	1.2257
LZTS3	0.83592
DDRGK1	0.016141
ITPA	-0.070359
SLC4A11	-0.47794
C20orf194	-0.59502
ATRN	0.20056
GFRA4	0.38275
ADAM33	0.97372
SIGLEC1	1.9992
HSPA12B	1.0169
C20orf27	-0.14634
SPEF1	0.63391
CENPB	0.88363
CDC25B	0.29929
AP5S1	-0.21409
MAVS	1.2862
PANK2	0.99432
RNF24	1.2217
SMOX	-2.085
ADRA1D	0.50582
PRNP	0.49146
PRND	-1.7369
RASSF2	-0.83281
SLC23A2	1.6002
TMEM230	-0.55485
PCNA	-0.44845
CDS2	-1.5682
PROKR2	-1.161
GPCPD1	-1.3011
C20orf196	-1.7005
CHGB	-0.21774
TRMT6	0.94702
MCM8	1.1477
CRLS1	1.5336
LRRN4	1.305
FERMT1	0.35909
BMP2	-0.92964
HAO1	0.87356
TMX4	1.9591
PLCB1	0.55444
PLCB4	-0.086692
LAMP5	-0.50951
PAK7	-0.44552
ANKEF1	-0.12861
SNAP25	-1.3002
MKKS	1.5056
SLX4IP	0.51286
JAG1	0.78787
BTBD3	1.8849
SPTLC3	-0.047169
ISM1	-0.72609
TASP1	-1.4007
ESF1	0.33513
NDUFAF5	0.64312
SEL1L2	-0.1748
MACROD2	4.4852
FLRT3	-0.80129
KIF16B	-0.47571
SNRPB2	0.22876
OTOR	1.2429
PCSK2	3.8535
BFSP1	0.9235
DSTN	-0.46492
RRBP1	0.52466
BANF2	0.7534
SNX5	-0.49415
MGME1	-0.1926
OVOL2	-0.40339
PET117	0.386
CSRP2BP	0.16637
ZNF133	-0.4671
DZANK1	0.43949
POLR3F	0.35281
RBBP9	0.22305
SEC23B	-0.018139
DTD1	0.066008
C20orf78	0.87297
SCP2D1	0.3665
SLC24A3	-0.49504
RIN2	-2.1907
NAA20	0.58502
CRNKL1	0.8211
CFAP61	-0.38254
INSM1	-0.37224
RALGAPA2	0.51365
KIZ	5.6041
XRN2	5.716
NKX2-4	5.6329
NKX2-2	3.7946
PAX1	-0.95203
FOXA2	-1.2879
LOC105372569	3.3046
SSTR4	3.1904
THBD	3.3683
CD93	0.89956
NXT1	0.59213
GZF1	0.45548
NAPB	0.32708
CSTL1	0.50473
CST11	0.82578
CST8	-1.4433
CST9L	-0.35133
CST9	-1.3614
CST3	-1.8091
CST4	-1.5691
CST1	-0.87767
CST2	-1.6307
CST5	-0.9792
GGTLC1	-0.22558
LOC105372585	0.13355
SYNDIG1	0.68693
CST7	0.59882
APMAP	0.84629
ACSS1	0.25855
VSX1	-0.65553
ENTPD6	1.4094
PYGB	0.36906
ABHD12	0.30172
GINS1	0.86501
NINL	0.62015
NANP	-0.20846
ZNF337	-0.19255
DEFB115	-1.3183
DEFB116	-0.66716
DEFB118	-0.81373
DEFB119	-0.12601
DEFB121	-0.019274
DEFB123	0.39114
DEFB124	0.781
REM1	0.76667
HM13	-0.28604
ID1	-0.61471
COX4I2	-0.88765
BCL2L1	-0.45833
TPX2	-0.50545
MYLK2	-0.050779
FOXS1	-0.93339
DUSP15	0.60008
TTLL9	0.7737
PDRG1	1.4518
XKR7	0.55641
CCM2L	0.44588
HCK	1.8777
TM9SF4	1.7378
PLAGL2	1.8071
POFUT1	1.6972
KIF3B	1.3873
ASXL1	0.93383
NOL4L	0.98136
C20orf203	-1.1153
COMMD7	-2.6715
DNMT3B	-0.44425
MAPRE1	-0.076016
EFCAB8	0.69525
SUN5	1.89
BPIFB2	1.8366
BPIFB6	1.3542
BPIFB3	2.0694
BPIFB4	2.004
LOC105372714	0.69871
BPIFA2	0.19925
BPIFA3	-1.1479
BPIFA1	-0.79422
BPIFB1	0.55603
CDK5RAP1	0.50584
SNTA1	0.59583
CBFA2T2	0.068901
NECAB3	0.32755
C20orf144	-0.19315
ACTL10	0.10755
E2F1	0.46507
PXMP4	-0.70483
ZNF341	0.88899
CHMP4B	-0.2568
RALY	0.28788
EIF2S2	0.3415
ASIP	-0.43089
AHCY	-0.83244
ITCH	0.15422
DYNLRB1	-0.70116
MAP1LC3A	-0.3212
PIGU	-0.37627
TP53INP2	0.21539
NCOA6	0.058275
GGT7	-0.35492
ACSS2	-0.33215
GSS	-0.82627
MYH7B	-1.6729
TRPC4AP	-1.3694
EDEM2	-0.54214
PROCR	0.27248
MMP24	0.70194
EIF6	0.22033
FAM83C	-0.53897
UQCC1	-0.11586
GDF5	0.18374
CEP250	0.49457
C20orf173	0.42153
ERGIC3	0.31671
SPAG4	-0.35426
CPNE1	-0.56475
RBM12	-0.93389
NFS1	-0.96062
ROMO1	-1.3529
RBM39	-0.99301
PHF20	-1.0431
SCAND1	-0.29924
CNBD2	0.15423
EPB41L1	0.53733
AAR2	0.66684
DLGAP4	0.67227
MYL9	0.22823
TGIF2	-0.36482
TGIF2-C20orf24	-0.13656
C20orf24	0.65514
SLA2	0.6848
NDRG3	0.78472
DSN1	0.081231
SOGA1	1.3482
TLDC2	1.7773
SAMHD1	1.2767
RBL1	0.58488
MROH8	0.46606
RPN2	-0.90133
GHRH	-2.6884
MANBAL	-0.11798
SRC	2.4319
BLCAP	0.64586
NNAT	0.67063
CTNNBL1	-2.4754
VSTM2L	0.51166
TTI1	0.89777
RPRD1B	0.56631
TGM2	-0.47972
KIAA1755	0.32782
BPI	-1.03
LBP	0.44258
RALGAPB	1.097
ADIG	1.4977
ARHGAP40	0.90703
SLC32A1	0.55173
ACTR5	1.7215
PPP1R16B	0.19575
FAM83D	0.79361
DHX35	0.84634
MAFB	1.1378
TOP1	0.20979
PLCG1	0.71752
ZHX3	0.69575
LPIN3	1.9834
EMILIN3	2.3541
CHD6	1.0084
PTPRT	0.40291
SRSF6	-0.70527
L3MBTL1	0.15498
SGK2	-0.87343
IFT52	-1.2012
MYBL2	-1.4002
GTSF1L	-1.8683
TOX2	1.6572
JPH2	1.1043
OSER1	1.4997
GDAP1L1	-0.053009
FITM2	0.22287
R3HDML	0.36332
HNF4A	-0.22004
C20orf62	0.78019
TTPAL	0.66607
SERINC3	0.6018
PKIG	0.29226
ADA	-0.071237
WISP2	1.0205
KCNK15	-0.13537
RIMS4	-0.37315
YWHAB	-0.025674
PABPC1L	-0.68797
TOMM34	-0.75609
STK4	0.22262
KCNS1	0.10168
WFDC5	-0.11404
WFDC12	0.031472
PI3	1.1419
SEMG1	0.90635
SEMG2	1.1569
SLPI	0.45415
MATN4	0.0014219
RBPJL	0.49378
SDC4	0.097303
SYS1	-0.36592
TP53TG5	-0.18389
DBNDD2	0.062626
PIGT	-0.19797
WFDC2	0.41094
SPINT3	-0.40526
WFDC6	0.17587
EPPIN-WFDC6	-0.34506
EPPIN	-0.31332
WFDC8	-0.64915
WFDC9	-0.52436
WFDC10A	-0.32136
WFDC11	-0.0037939
WFDC10B	-0.00091227
WFDC13	-0.0095182
SPINT4	0.42987
WFDC3	0.046159
DNTTIP1	-0.58261
UBE2C	-1.6052
TNNC2	-1.2929
SNX21	-0.96387
ACOT8	-0.83681
ZSWIM3	-0.96893
ZSWIM1	-0.88877
SPATA25	-1.0005
NEURL2	-1.1077
CTSA	-1.3191
PLTP	-2.0979
PCIF1	-0.74452
ZNF335	-0.8765
MMP9	0.86954
SLC12A5	1.9933
NCOA5	2.3616
CD40	1.8166
CDH22	0.27151
SLC35C2	-0.65398
ELMO2	0.02123
ZNF334	-0.65496
OCSTAMP	0.60024
SLC13A3	0.85903
TP53RK	1.2807
SLC2A10	0.85995
EYA2	-2.8306
ZMYND8	0.36796
NCOA3	1.7247
SULF2	-0.089765
PREX1	1.208
ARFGEF2	0.0050468
CSE1L	0.38448
STAU1	0.40617
DDX27	-1.4142
ZNFX1	-2.0011
KCNB1	1.9098
PTGIS	0.73345
LOC105372715	0.75192
B4GALT5	-0.70499
SLC9A8	-0.11723
SPATA2	0.15848
RNF114	0.79389
SNAI1	-0.26168
UBE2V1	-1.3347
TMEM189-UBE2V1	-1.5725
TMEM189	-1.571
CEBPB	-1.4027
LINC01272	0.37701
PTPN1	-0.037908
FAM65C	-0.18252
PARD6B	1.4055
BCAS4	1.9654
ADNP	-0.1186
DPM1	-0.48688
MOCS3	-0.57808
KCNG1	-0.0031749
NFATC2	-0.11566
ATP9A	0.087558
SALL4	-0.50185
ZFP64	0.2952
TSHZ2	1.1293
ZNF217	-0.31077
BCAS1	-0.42204
CYP24A1	0.8967
PFDN4	0.86205
DOK5	1.3003
CBLN4	1.359
MC3R	-1.183
FAM210B	-1.0192
AURKA	-1.3177
CSTF1	-0.76272
CASS4	1.393
RTFDC1	2.031
GCNT7	2.0844
FAM209A	2.1669
FAM209B	1.711
LOC105372682	0.13192
TFAP2C	0.67059
BMP7	1.9391
SPO11	1.0245
RAE1	1.0637
MTRNR2L3	1.0746
RBM38	0.14449
CTCFL	1.0345
PCK1	-0.04799
ZBP1	0.081094
PMEPA1	-1.204
C20orf85	1.0771
ANKRD60	-0.28153
RAB22A	-1.3555
VAPB	-0.087156
APCDD1L	-0.98266
STX16	0.79377
NPEPL1	1.9996
GNAS	1.5558
NELFCD	2.0871
CTSZ	2.3866
TUBB1	1.9778
ATP5E	2.1828
SLMO2	1.3756
ZNF831	-1.9686
EDN3	-0.47892
PHACTR3	-1.2758
SYCP2	-0.47914
FAM217B	-0.78653
PPP1R3D	-0.5825
CDH26	-0.72622
C20orf197	-0.9788
CDH4	-0.83653
TAF4	-0.44256
LOC105372704	-0.48777
LSM14B	1.2723
PSMA7	1.2425
SS18L1	1.2217
MTG2	0.79312
HRH3	0.81292
LOC105369209	0.72733
OSBPL2	0.23013
ADRM1	0.57133
LAMA5	-0.18873
RPS21	-0.21534
CABLES2	-0.080861
RBBP8NL	1.4671
GATA5	0.066025
MIR1-1HG	0.83692
SLCO4A1	-0.37251
NTSR1	-1.3825
MRGBP	0.68383
OGFR	0.83132
COL9A3	0.81993
TCFL5	0.38818
DPH3P1	0.33031
DIDO1	2.7114
GID8	2.1168
SLC17A9	1.1163
BHLHE23	-0.3472
YTHDF1	0.66396
BIRC7	1.7444
NKAIN4	1.8461
ARFGAP1	0.30007
COL20A1	0.060824
CHRNA4	-0.46926
KCNQ2	1.4972
EEF1A2	1.4315
PPDPF	-0.31692
PTK6	-0.87288
SRMS	-0.63101
C20orf195	1.6673
HELZ2	2.5458
GMEB2	2.7214
STMN3	2.0331
RTEL1	1.8308
TNFRSF6B	1.9362
ARFRP1	1.8843
ZGPAT	1.8778
LIME1	2.0418
SLC2A4RG	2.1419
ZBTB46	0.22327
ABHD16B	-1.3354
TPD52L2	0.060286
DNAJC5	0.69511
UCKL1	0.84671
ZNF512B	1.1089
SAMD10	0.8614
PRPF6	0.91121
TCEA2	1.3698
SOX18	0.49963
RGS19	1.0611
OPRL1	2.1895
LKAAEAR1	1.1176
NPBWR2	2.5355
MYT1	-0.4118
PCMTD2	-1.1087
BAGE2	0.21137
LOC105378260	0.21137
LOC105377134	0.70661
LIPI	-0.70332
RBM11	-0.96191
HSPA13	1.5971
SAMSN1	0.82071
LOC388813	-1.1477
NRIP1	-0.91921
USP25	-0.033938
LOC105369159	1.56
CXADR	0.65277
BTG3	-0.20787
C21orf91	-0.14506
CHODL	0.79662
TMPRSS15	-1.7987
NCAM2	0.74096
MRPL39	-0.12137
JAM2	-0.80756
ATP5J	-1.2044
GABPA	-2.1424
APP	-0.52468
LOC105372811	-0.041037
CYYR1-AS1	0.34273
CYYR1	0.5867
ADAMTS1	0.33636
ADAMTS5	-0.25765
N6AMT1	-1.0919
LTN1	-0.38045
RWDD2B	0.24209
USP16	0.45187
CCT8	0.24552
MAP3K7CL	-0.46528
BACH1	-0.78602
GRIK1	-0.93334
CLDN17	2.3888
CLDN8	-1.0121
KRTAP24-1	-0.15013
KRTAP25-1	-0.065202
KRTAP26-1	0.38803
KRTAP27-1	0.094418
KRTAP23-1	-0.025067
KRTAP13-2	-1.03
KRTAP13-1	-0.35541
KRTAP13-3	-0.60181
KRTAP13-4	-0.44707
KRTAP15-1	-0.96838
KRTAP19-1	-1.5281
KRTAP19-2	-1.9941
KRTAP19-3	-1.5552
KRTAP19-4	-0.88696
KRTAP19-5	-0.82472
KRTAP19-6	-1.3185
KRTAP19-7	-0.34188
KRTAP22-2	-0.4622
KRTAP6-3	-0.83477
KRTAP6-2	-1.5094
KRTAP22-1	-1.5784
KRTAP6-1	-0.60239
KRTAP20-1	-0.77213
KRTAP20-2	-0.87718
KRTAP20-3	-0.8865
KRTAP21-3	-0.21674
KRTAP21-2	-0.028815
KRTAP21-1	0.21039
KRTAP8-1	0.14413
KRTAP7-1	-0.58634
KRTAP11-1	-0.059163
KRTAP19-8	0.33462
TIAM1	0.30461
SOD1	1.7706
SCAF4	1.1614
HUNK	-0.37829
MIS18A	-0.022071
MRAP	-0.95168
URB1	-0.81263
EVA1C	-0.89451
TCP10L	-0.028167
C21orf59	-0.88647
SYNJ1	1.3911
PAXBP1	1.829
C21orf62	1.7609
OLIG2	-0.66486
OLIG1	1.9746
IFNAR2	-1.8207
IL10RB	-1.0072
IFNAR1	-0.086141
IFNGR2	2.6434
TMEM50B	2.9307
DNAJC28	2.6279
GART	2.5494
SON	2.7196
DONSON	2.5165
CRYZL1	2.7952
ITSN1	1.8986
ATP5O	0.075136
LOC400863	0.61839
SLC5A3	-0.59018
MRPS6	-0.42242
KCNE2	-0.18542
SMIM11	-0.17251
C21orf140	-0.7319
KCNE1	0.97662
RCAN1	1.1447
CLIC6	0.44327
RUNX1	-1.8094
SETD4	0.60882
CBR1	0.82272
CBR3	1.692
DOPEY2	0.83855
MORC3	0.71266
CHAF1B	0.34584
CLDN14	-0.29362
SIM2	0.11141
HLCS	-0.1932
RIPPLY3	-0.61299
PIGP	0.48429
TTC3	0.26261
DSCR3	0.9472
DYRK1A	1.2029
KCNJ6	-0.31027
DSCR4	0.10122
KCNJ15	-0.87219
ERG	-0.043327
ETS2	1.3787
PSMG1	2.8879
BRWD1	2.7332
HMGN1	3.5472
WRB	2.0592
LCA5L	0.58959
SH3BGR	-0.43758
B3GALT5	0.74104
IGSF5	-0.89556
PCP4	-0.69577
DSCAM	0.39843
BACE2	0.25533
PLAC4	1.7298
FAM3B	-0.51028
MX2	0.73184
MX1	-1.3937
TMPRSS2	-1.039
RIPK4	0.28677
PRDM15	0.47626
C2CD2	-1.4971
ZBTB21	-1.3303
UMODL1	2.6888
ABCG1	0.82398
TFF3	0.71787
TFF2	1.4545
TFF1	1.1209
TMPRSS3	0.70802
UBASH3A	0.69718
RSPH1	-2.2227
SLC37A1	-1.1907
PDE9A	1.0803
WDR4	-0.39305
NDUFV3	-0.17598
LOC105372818	0.091701
PKNOX1	-0.037145
CBS	-0.27213
U2AF1	-0.93942
CRYAA	-2.3666
LOC105372843	-0.15855
SIK1	0.33823
HSF2BP	0.49823
RRP1B	0.038968
PDXK	-0.80684
LOC105372824	-1.2397
CSTB	-1.8784
RRP1	-2.6545
AGPAT3	-0.96345
TRAPPC10	-0.61448
PWP2	-0.53722
C21orf33	-0.46861
ICOSLG	-0.084102
DNMT3L	0.5316
AIRE	1.0123
PFKL	0.97629
C21orf2	0.29081
TRPM2	0.80343
LRRC3	0.048648
LOC105372834	-0.76929
TSPEAR	-0.90964
KRTAP10-1	-0.076332
KRTAP10-2	0.56891
KRTAP10-3	0.56015
KRTAP10-4	0.56295
KRTAP10-5	0.012918
KRTAP10-6	-0.74943
KRTAP10-7	-0.24081
KRTAP10-8	0.23355
KRTAP10-9	-0.37902
KRTAP10-10	-0.78321
KRTAP10-11	-1.5328
KRTAP12-4	-1.9333
KRTAP12-3	-1.7112
KRTAP12-2	-1.0117
KRTAP12-1	-1.4517
KRTAP10-12	-0.72836
UBE2G2	0.33325
SUMO3	0.38225
PTTG1IP	-0.20387
ITGB2	-0.14859
FAM207A	0.43048
LOC105372836	0.023772
ADARB1	-0.54772
POFUT2	-0.055847
COL18A1	0.30642
SLC19A1	-0.60144
PCBP3	0.012855
COL6A1	-1.4196
COL6A2	0.92198
FTCD	0.7159
SPATC1L	-0.34369
LSS	-0.27249
MCM3AP	0.0085708
YBEY	0.021753
C21orf58	-0.65393
PCNT	-0.060718
DIP2A	-0.00048028
S100B	-0.24336
PRMT2	0.56918
CCT8L2	1.8991
XKR3	-1.7329
GAB4	1.1954
IL17RA	2.0388
CECR6	3.2121
CECR5	2.3712
CECR1	1.7747
CECR2	-0.22459
SLC25A18	-0.52753
LOC101929372	-0.43454
ATP6V1E1	1.0011
BCL2L13	0.98898
BID	1.3709
MICAL3	2.099
PEX26	0.47528
TUBA8	0.45327
USP18	2.3599
LOC100996415	1.5907
DGCR6	0.3544
PRODH	1.2034
LOC105372855	0.87465
DGCR2	0.76524
DGCR14	0.78853
TSSK2	1.3616
GSC2	-1.2918
SLC25A1	0.21568
CLTCL1	0.083188
HIRA	0.53436
MRPL40	0.70228
C22orf39	1.428
UFD1L	1.4008
CDC45	1.2376
CLDN5	1.0286
SEPT5	-2.0074
GP1BB	-1.4225
TBX1	-0.17391
GNB1L	0.90954
C22orf29	0.58348
TXNRD2	1.4473
COMT	2.003
ARVCF	-0.20167
TANGO2	0.17501
DGCR8	1.2872
TRMT2A	1.0501
RANBP1	0.94715
ZDHHC8	1.4278
LOC388849	1.7828
RTN4R	0.46699
DGCR6L	-0.46688
LOC101927859	0.78597
LOC105377189	0.55745
USP41	-1.0242
ZNF74	-1.1429
SCARF2	-0.1915
KLHL22	0.16787
MED15	-0.051468
PI4KA	-1.2563
SERPIND1	-1.154
SNAP29	-1.4163
CRKL	-0.29059
AIFM3	0.35695
LZTR1	-0.086913
THAP7	-0.57887
P2RX6	-0.23554
SLC7A4	0.56112
LRRC74B	0.65719
GGT2	-1.1402
HIC2	-0.53497
TMEM191C	-0.57929
UBE2L3	-2.1928
YDJC	-1.5135
CCDC116	-1.0619
SDF2L1	-0.090679
PPIL2	-0.36377
YPEL1	-0.78532
MAPK1	1.2239
PPM1F	-0.26767
TOP3B	0.027501
IGL	0.92935
VPREB1	0.79022
ZNF280B	-1.0135
ZNF280A	-1.9144
GGTLC2	0.21407
IGLL5	0.78406
RSPH14	-0.97658
GNAZ	-0.77753
RAB36	-1.6634
BCR	1.6216
LOC105372954	1.2632
IGLL1	-1.1119
DRICH1	-0.66433
RGL4	0.77556
ZNF70	1.3459
VPREB3	1.8524
C22orf15	2.0871
CHCHD10	2.1318
MMP11	0.68269
SMARCB1	0.2269
DERL3	0.30731
SLC2A11	0.61687
MIF	0.24403
LOC100652871	-0.68737
GSTT2B	0.75833
DDTL	0.60221
DDT	0.58885
GSTT2	0.50542
LOC102725204	-0.48712
CABIN1	-0.34664
SUSD2	0.0040252
GGT5	0.6348
SPECC1L	-0.20893
ADORA2A	0.32585
UPB1	0.52569
GUCD1	-0.13346
SNRPD3	-0.23052
GGT1	-0.24204
LRRC75B	-0.48546
PIWIL3	-1.6378
SGSM1	1.7799
TMEM211	0.56836
KIAA1671	0.81189
CRYBB3	1.1982
CRYBB2	0.97333
LOC100652901	1.3403
LRP5L	1.6237
ADRBK2	0.7794
MYO18B	-2.4114
SEZ6L	2.1188
ASPHD2	-3.0087
HPS4	-2.2344
SRRD	-1.6295
TFIP11	-2.1949
TPST2	-1.2343
CRYBB1	-0.25908
CRYBA4	-0.12904
MN1	-0.79619
PITPNB	1.8992
TTC28	1.7842
CHEK2	0.96317
HSCB	2.0343
CCDC117	1.9092
XBP1	1.6082
ZNRF3	0.8172
C22orf31	-0.10766
KREMEN1	-0.62238
EMID1	-1.0455
RHBDD3	-0.051856
EWSR1	0.54636
GAS2L1	0.33919
RASL10A	0.19424
AP1B1	0.46908
RFPL1	-0.17541
NEFH	0.19343
THOC5	0.31178
NIPSNAP1	0.014572
NF2	0.74689
CABP7	2.9382
ZMAT5	2.7024
UQCR10	2.2148
ASCC2	2.3968
MTMR3	2.349
HORMAD2	1.0517
LIF	-0.51252
OSM	-0.79458
GATSL3	0.59151
TBC1D10A	0.97064
SF3A1	1.3987
CCDC157	1.3946
RNF215	1.2547
SEC14L2	0.24083
MTFP1	0.37184
SEC14L3	1.9634
SEC14L4	1.7124
SEC14L6	0.76295
GAL3ST1	0.64741
PES1	0.39048
TCN2	0.51158
SLC35E4	-0.074027
DUSP18	-0.35116
LOC101929728	-0.14389
OSBP2	0.70945
MORC2	-2.4267
SMTN	-0.35566
SELM	-0.72033
INPP5J	-0.75205
PLA2G3	-0.51565
RNF185	-0.89396
LIMK2	-0.3606
PIK3IP1	-0.14598
PATZ1	-0.7469
DRG1	-1.246
EIF4ENIF1	-1.1944
SFI1	-0.98552
PISD	-0.52585
PRR14L	0.11252
DEPDC5	0.050745
C22orf24	-0.28819
YWHAH	-0.53233
SLC5A1	-1.0311
C22orf42	-1.1721
RFPL2	-1.4817
SLC5A4	0.37403
RFPL3	0.24461
RTCB	0.13323
BPIFC	-0.56031
FBXO7	0.35598
SYN3	0.16336
TIMP3	-1.0613
LARGE	0.040851
ISX	-0.53854
HMGXB4	-1.1084
TOM1	-1.1548
LOC105377197	-0.7316
HMOX1	0.78655
MCM5	0.033834
RASD2	0.64217
MB	0.071332
APOL6	-0.035887
APOL5	-0.49339
RBFOX2	1.2354
APOL3	-1.1591
APOL4	0.84684
APOL2	-1.0772
APOL1	-0.24874
MYH9	0.80809
TXN2	0.42649
FOXRED2	-0.36805
EIF3D	1.3861
CACNG2	1.1719
IFT27	-1.5005
PVALB	0.30179
NCF4	-0.48537
CSF2RB	0.38836
TEX33	0.46435
TST	0.74879
MPST	0.63817
KCTD17	1.7538
TMPRSS6	0.98601
IL2RB	0.061474
C1QTNF6	-0.21
SSTR3	1.8502
RAC2	2.1982
CYTH4	0.43855
ELFN2	-1.3471
MFNG	0.78719
CARD10	0.053725
CDC42EP1	-0.090467
LGALS2	0.092325
GGA1	1.2784
SH3BP1	1.6997
PDXP	2.2503
LGALS1	2.2711
NOL12	1.644
TRIOBP	1.8809
LOC102724378	1.9453
H1F0	2.1896
GCAT	2.0892
GALR3	1.5025
ANKRD54	1.1959
EIF3L	0.92824
MICALL1	1.298
C22orf23	1.2842
POLR2F	1.2005
SOX10	1.4428
LOC105369188	1.3473
PICK1	1.3721
SLC16A8	1.7252
BAIAP2L2	1.9132
PLA2G6	1.5062
MAFF	1.541
TMEM184B	2.019
CSNK1E	0.8288
LOC400927-CSNK1E	-0.15483
KCNJ4	-1.1009
KDELR3	1.3002
DDX17	1.7253
DMC1	1.8444
FAM227A	2.5785
CBY1	2.466
TOMM22	2.5533
JOSD1	2.6544
GTPBP1	2.6613
SUN2	2.4366
DNAL4	1.1415
NPTXR	1.3099
CBX6	1.0398
APOBEC3A	0.57675
APOBEC3B	-0.82477
APOBEC3C	0.11327
APOBEC3D	0.5657
APOBEC3F	0.27785
APOBEC3G	0.99628
APOBEC3H	0.59761
CBX7	0.9521
PDGFB	-0.055377
RPL3	0.22496
SYNGR1	1.3931
TAB1	1.2863
MGAT3	1.7987
MIEF1	-0.4176
ATF4	-0.02646
RPS19BP1	0.18856
CACNA1I	0.53777
ENTHD1	0.40501
GRAP2	0.22477
FAM83F	0.29451
TNRC6B	-0.53972
ADSL	-0.61036
SGSM3	-0.37968
MKL1	-0.78628
MCHR1	-1.1689
SLC25A17	-1.1521
ST13	0.15524
XPNPEP3	0.48106
DNAJB7	0.17002
RBX1	1.0315
EP300	0.18359
L3MBTL2	0.83561
CHADL	0.82343
RANGAP1	0.91146
ZC3H7B	1.1233
TEF	0.74897
LOC100996598	1.0488
TOB2	0.29996
PHF5A	0.29274
ACO2	0.65367
POLR3H	0.89392
CSDC2	0.31663
PMM1	0.44562
DESI1	0.75784
XRCC6	0.64112
NHP2L1	0.62752
C22orf46	-0.086155
MEI1	0.50565
CCDC134	0.87434
SREBF2	0.71656
SHISA8	0.74313
TNFRSF13C	1.0268
CENPM	0.88352
LOC105373094	0.067438
SEPT3	0.33805
WBP2NL	0.22027
NAGA	-0.31657
FAM109B	-0.37174
SMDT1	-0.47154
NDUFA6	-0.6724
CYP2D6	-0.11204
LOC102723722	-0.17252
TCF20	0.076936
NFAM1	0.79812
RRP7A	0.59585
SERHL2	0.37718
POLDIP3	0.42192
CYB5R3	0.51722
ATP5L2	0.76479
A4GALT	0.78033
ARFGAP3	-1.5198
PACSIN2	-0.73938
TTLL1	1.4788
BIK	0.26362
MCAT	-0.35971
TSPO	0.31676
TTLL12	0.70405
SCUBE1	0.27547
MPPED1	0.45316
EFCAB6	1.499
SULT4A1	1.3062
LOC105373057	0.83536
PNPLA5	0.70427
PNPLA3	0.060787
SAMM50	-0.56716
PARVB	-0.95024
PARVG	-0.92265
KIAA1644	0.087929
LDOC1L	0.94492
PRR5	1.1108
PRR5-ARHGAP8	1.2852
ARHGAP8	1.4807
PHF21B	-0.74657
NUP50	-0.73975
KIAA0930	-1.4266
UPK3A	0.45374
FAM118A	-0.46085
SMC1B	-0.58843
RIBC2	-0.18771
FBLN1	-0.35916
ATXN10	-0.30543
LOC105373071	0.16702
WNT7B	0.19318
PRR34	2.197
PPARA	-0.21883
CDPF1	0.50975
PKDREJ	0.3351
TTC38	0.28676
GTSE1	0.87049
TRMU	0.93964
CELSR1	0.42362
GRAMD4	-0.97675
CERK	0.60065
TBC1D22A	-0.66072
FAM19A5	-1.0834
C22orf34	-0.20577
BRD1	1.726
LOC105373090	1.8204
LOC105373091	1.5067
ZBED4	1.8224
ALG12	1.7929
CRELD2	1.5863
PIM3	1.5692
IL17REL	1.7455
TTLL8	1.5544
MLC1	0.63701
MOV10L1	0.23076
PANX2	0.85546
TRABD	1.125
SELO	1.1613
TUBGCP6	0.34484
HDAC10	-0.11507
MAPK12	-0.073125
MAPK11	-0.58906
PLXNB2	0.47528
DENND6B	0.47118
PPP6R2	0.81398
SBF1	0.36475
ADM2	-0.014978
MIOX	-0.07867
LMF2	0.20289
NCAPH2	0.16849
SCO2	0.040943
TYMP	0.41679
ODF3B	0.098141
KLHDC7B	-0.2694
SYCE3	0.41631
CPT1B	1.2425
CHKB	1.0786
MAPK8IP2	-0.062185
LOC105373099	-0.5619
ARSA	-0.55288
SHANK3	0.93646
ACR	2.256
RABL2B	1.5201
