GENE	ASC_Pfdr
SHANK3	7.61985302416055e-24
SCN2A	1.85731142941085e-21
ADNP	2.39192611502726e-20
PTEN	1.28764411970173e-19
ARID1B	4.52712898120528e-19
SYNGAP1	1.23542681232054e-18
CHD8	2.84952768190622e-18
GRIN2B	5.83023281113202e-18
DYRK1A	1.09050069293934e-17
CHD2	1.90232267318912e-17
ANKRD11	3.13858565638038e-17
POGZ	4.94751339204038e-17
STXBP1	7.50842637201617e-17
FOXP1	1.10347120509401e-16
DEAF1	1.57767957905097e-16
EHMT1	2.20251124694403e-16
ASXL3	3.01130787096297e-16
KMT2A	4.04200656759408e-16
KDM5B	5.33743724125343e-16
TCF20	6.94561996831965e-16
SATB2	8.92006242868445e-16
DYNC1H1	1.13200573822515e-15
KDM6B	1.42109801880786e-15
NRXN1	1.7664586364084e-15
PPP2R5D	2.17593091854301e-15
TCF4	2.6580557319868e-15
CDK13	3.22210124984704e-15
TLK2	3.87809272203113e-15
CTCF	4.63684224897605e-15
MEF2C	5.50997855851664e-15
NAA15	6.50997678577855e-15
WAC	7.65018825598995e-15
KMT5B	8.94487027011321e-15
CTNNB1	1.04092158932042e-14
AHDC1	1.20593837454131e-14
GIGYF1	1.39125277955446e-14
DLG4	1.59868271571028e-14
NF1	1.83015158867475e-14
ASH1L	2.08769127850947e-14
EBF3	2.37344511997975e-14
SLC6A1	2.68967088308459e-14
CUL3	3.03874375380288e-14
HNRNPU	3.42315931505029e-14
MED13L	3.84553652784173e-14
KMT2C	4.30862071265441e-14
SETD5	4.81528653098668e-14
EP300	5.36854096710842e-14
TBR1	5.97152630999835e-14
BCL11A	6.62752313546448e-14
AUTS2	7.33995328844355e-14
MARK2	8.11238286547579e-14
BRAF	8.94852519735139e-14
MYT1L	9.85224383192519e-14
GABRA1	1.08275555170963e-13
TSC2	1.18786331839495e-13
SCN1A	1.30098089300551e-13
ZEB2	1.42255770029248e-13
DNMT3A	1.553059678362e-13
BRSK2	1.69296957705106e-13
CNOT3	1.8427872563181e-13
GATAD2B	2.00302998464808e-13
MBD5	2.17423273747188e-13
NR3C2	2.35694849559955e-13
PPP3CA	2.55174854366749e-13
TRIP12	2.75922276859909e-13
RAI1	2.97997995807869e-13
TBL1XR1	3.21464809903875e-13
DLL1	3.46387467615984e-13
IRF2BPL	3.72832697038339e-13
SRCAP	4.00869235743703e-13
ACTB	4.30567860637218e-13
TANC2	4.62001417811386e-13
ZNF292	4.9524485240225e-13
TAOK1	5.30375238446757e-13
CLTC	5.67471808741281e-13
MED13	6.06615984701305e-13
AP2S1	6.47891406222232e-13
RORB	6.91383961541313e-13
KCNQ3	7.37181817100685e-13
SOX5	7.85375447411493e-13
SON	8.36057664919092e-13
SMAD4	8.89323649869311e-13
DNM1	9.45270980175759e-13
CIC	1.00399966128818e-12
SHANK2	1.06561215606181e-12
PTPN11	1.13021341462778e-12
SMARCA2	1.19791090426448e-12
SYNCRIP	1.26881463926991e-12
PUF60	1.34303721083506e-12
CAMTA1	1.42069381691819e-12
GRIN1	1.5867831375603e-12
ZBTB20	1.67545955075421e-12
POU3F3	1.76805745549115e-12
PHF21A	1.86470553171334e-12
TCF12	1.96553524539576e-12
WDFY3	2.07068087842689e-12
SMARCA4	2.18027955849042e-12
TM9SF4	2.29447128894766e-12
FOXP2	2.41339897872105e-12
CSNK2A1	2.53720847217827e-12
TUBB2A	2.66604857901741e-12
KMT2E	2.80007110415287e-12
SPEN	2.9394308776021e-12
ZMYM2	3.08428578437316e-12
RFX3	3.23479679435317e-12
RFX7	3.39112799219744e-12
SIN3A	3.55344660721949e-12
KCNQ2	3.72192304328184e-12
NSD1	3.89673090868756e-12
QRICH1	4.07804704607263e-12
ANK2	4.26605156229905e-12
SETD1A	4.4609278583487e-12
KCNB1	4.66286265921797e-12
GRIN2A	4.87204604381319e-12
GRIA2	5.08867147484667e-12
SPTBN1	5.31293582873362e-12
PRR12	5.54503942548969e-12
NR2F1	5.78518605862932e-12
SOX11	6.03358302506473e-12
SKI	6.29044115500565e-12
PACS1	6.55597484185982e-12
CREBBP	6.83040207213402e-12
TCF7L2	7.11394445533601e-12
CHD7	7.40682725387698e-12
SETD1B	7.70927941297475e-12
CSNK1E	8.02153359055769e-12
WDR26	8.34382618716921e-12
KCNMA1	8.67639737587299e-12
VEZF1	9.01949113215887e-12
EEF1A2	9.37335526384936e-12
FOXG1	9.7382414410068e-12
ZNF865	1.01144052258412e-11
CACNA1A	1.05021061026187e-11
GABRB3	1.09016075075705e-11
TRIO	1.13131768588031e-11
NBEA	1.17370855862079e-11
YWHAG	1.26230271274932e-11
PBX1	1.30856231292852e-11
ATAT1	1.3561684942897e-11
FBXW11	1.40515045058236e-11
BRD4	1.45553779468199e-11
MSL2	1.50736056158159e-11
NSD2	1.56064921138316e-11
ARF3	1.61543463228926e-11
TNRC6B	1.67174814359471e-11
SETBP1	1.72962149867821e-11
PTPRS	1.78908688799412e-11
SCN8A	1.85017694206431e-11
KCND3	1.91292473446994e-11
TUBB3	1.97736378484346e-11
HIVEP2	2.04352806186054e-11
ZMYND8	2.11145198623212e-11
USP7	2.18117043369649e-11
FBXO11	2.25271873801144e-11
YLPM1	2.32613269394646e-11
CNOT1	2.40144856027497e-11
ZBTB34	2.47870306276665e-11
PPP2CA	2.55793339717977e-11
KCNA2	2.63917723225363e-11
ZNF536	2.72247271270102e-11
DHDDS	2.8078584622007e-11
PPP2R1A	2.89537358639e-11
HIST1H1E	2.98505767585747e-11
REV3L	3.07695080913545e-11
SETD2	3.17109355569292e-11
DSCAM	3.26752697892818e-11
XPO1	3.3662926391617e-11
NR4A2	3.46743259662901e-11
ZFHX3	3.57098941447361e-11
ITSN1	3.67700616173992e-11
SCAF1	3.78552641636637e-11
ARID1A	3.89659426817838e-11
EP400	4.01025432188158e-11
MTOR	4.12655170005487e-11
EMC7	4.24553204614374e-11
LMTK3	4.36724152745346e-11
PHF12	4.49172683814243e-11
EGR3	4.61903520221553e-11
NRXN3	4.74921437651753e-11
GNB1	4.88231265372652e-11
NCKAP1	5.01837886534746e-11
PTK2	5.15746238470566e-11
KANSL1	5.29961312994045e-11
SMARCB1	5.44488156699874e-11
PSMC5	5.59331871262875e-11
PCLO	5.74497613737375e-11
RAB14	5.89990596856579e-11
KBTBD6	6.05816089331954e-11
NFIB	6.21979416152617e-11
YY1	6.38485958884723e-11
MAGEL2	6.55341155970864e-11
MAF	6.72550503029462e-11
ATP2B2	6.9011955315418e-11
PTPRT	7.08053917213326e-11
MAP1A	7.26359264149268e-11
SYT1	7.45041321277849e-11
CGREF1	7.64105874587808e-11
CAMK2A	7.83558769040208e-11
GSE1	8.03405908867864e-11
LEMD3	8.23653257874774e-11
GABBR2	8.44306839735565e-11
TLE3	8.65372738294925e-11
JARID2	8.86857097867058e-11
UBR5	9.08766123535129e-11
KMT2D	9.31106081450721e-11
CHAMP1	9.53883299133295e-11
EFTUD2	9.77104165769649e-11
ADGRB1	1.00077513251339e-10
PTCH1	1.02490271278439e-10
LRRC4	1.0494934825683e-10
GSK3B	1.07455408071597e-10
CAPRIN1	1.10009120924297e-10
TRIM8	1.1261116336291e-10
HNRNPD	1.15262218311781e-10
FBXW7	1.20714129499227e-10
MEIS2	1.23516383737888e-10
ZBTB7A	1.26370446546881e-10
RALGAPB	1.29277033181646e-10
PSMD12	1.32236865453698e-10
SLTM	1.38319187115783e-10
BCR	1.4144315317877e-10
TOP3B	1.44623318284855e-10
GNAI1	1.47860437475193e-10
TRAF7	1.51155272526729e-10
SPPL3	1.54508591982148e-10
ACTG1	1.57921171179832e-10
SRSF1	1.61393792283815e-10
GABRA4	1.64927244313736e-10
NACC1	1.68522323174797e-10
CELF4	1.72179831687715e-10
RANBP2	1.75900579618684e-10
DIP2C	1.79685383709327e-10
ZBTB18	1.83535067706654e-10
GNAO1	1.8745046239302e-10
PPM1D	1.91432405616082e-10
HSF2	1.95481742318757e-10
KIF1A	1.99599324569182e-10
ZNF644	2.03786011590669e-10
ZCCHC14	2.08042669791669e-10
PLXNA1	2.12370172795727e-10
BRD1	2.16769401471443e-10
MAPK8IP3	2.21241243962434e-10
CXXC1	2.25786595717292e-10
INTS6	2.30406359519546e-10
TAF4	2.35101445517624e-10
MAP1B	2.39872771254812e-10
PHF2	2.44721261699217e-10
COL4A3BP	2.49647849273729e-10
EXT1	2.54653473885987e-10
BAZ2A	2.59739082958334e-10
MKX	2.64905631457787e-10
GRIK3	2.70154081925998e-10
BCAT1	2.75485404509217e-10
ZMYND11	2.80900576988259e-10
SRPRA	2.86400584808464e-10
EMSY	2.91986421109666e-10
THOC1	2.97659086756156e-10
KCNC1	3.03419590366647e-10
FOXF1	3.0926894834424e-10
NAV3	3.15208184906394e-10
UBR2	3.21238332114884e-10
CELF2	3.27360429905777e-10
ARHGAP32	3.33575526119392e-10
CSNK2B	3.39884676530271e-10
PIK3CA	3.46288944877146e-10
CTNND2	3.52789402892906e-10
ABCA2	3.59387130334565e-10
FEZF2	3.66083215013234e-10
AGO1	3.72878752824086e-10
GNB2	3.79774847776326e-10
HDAC2	3.86772612023162e-10
APBB1	3.93873165891773e-10
PCDH1	4.01077637913282e-10
ITCH	4.08387164852723e-10
CACNA1E	4.15802891739013e-10
CORO1A	4.23325971894925e-10
CBX5	4.30957566967056e-10
ZBTB17	4.386988469558e-10
ARHGAP5	4.46550990245323e-10
RELN	4.54515183633529e-10
PRH1	4.62592622362039e-10
MED15	4.70784510146158e-10
KIAA0232	4.79092059204853e-10
HECW2	4.87516490290725e-10
AP1G1	4.96059032719979e-10
CSDE1	5.04720924402405e-10
CBL	5.13503411871346e-10
TRRAP	5.22407750313675e-10
NFIX	5.31435203599772e-10
EIF4A2	5.40587044313494e-10
ATP6V1A	5.49864553782156e-10
FAM120A	5.59269022106503e-10
ANK3	5.68801748190689e-10
SMAD6	5.78464039772249e-10
RBBP5	5.8825721345208e-10
UBR3	5.98182594724415e-10
AMPD2	6.08241518006803e-10
GRIA1	6.18435326670083e-10
RALGAPA1	6.28765373068365e-10
CDH13	6.39233018569003e-10
PHIP	6.49839633582581e-10
SNRNP200	6.60586597592884e-10
CSNK1G3	6.71475299186882e-10
LONP1	6.82507136084706e-10
RYR3	6.93683515169629e-10
MYCBP2	7.05005852518045e-10
PLD5	7.16475573429449e-10
TNPO3	7.28094112456417e-10
ARID2	7.39862913434588e-10
FAM155A	7.51783429512642e-10
SALL1	7.63857123182283e-10
HNRNPDL	7.76085466308219e-10
RAC1	7.88469940158146e-10
SLC2A1	8.01012035432726e-10
SPAST	8.13713252295574e-10
NFIA	8.26575100403233e-10
TSC1	8.39599098935165e-10
DLGAP4	8.52786776623729e-10
NUS1	8.66139671784163e-10
SCAF4	8.79659332344572e-10
G3BP1	8.93347315875908e-10
FBXL16	9.07205189621954e-10
FBN1	9.2123453052931e-10
LMBRD2	9.35436925277378e-10
TRAPPC8	9.49813970308341e-10
MACO1	9.64367271857157e-10
DHX8	9.79098445981536e-10
ABL2	9.9400911859193e-10
GRM5	1.00910092548152e-09
PTPN5	1.02437551235619e-09
UBR1	1.03983453486453e-09
XKR6	1.05547965862782e-09
UNC5D	1.07131255927e-09
INTS7	1.08733492244768e-09
HECTD4	1.1035484438801e-09
GSPT1	1.11995482937916e-09
AGRN	1.13655579487935e-09
AGO2	1.15335306646779e-09
ERBB3	1.1703483804142e-09
DSCAML1	1.18754348320085e-09
ATP2B1	1.20494013155264e-09
AHCYL2	1.22254009246698e-09
U2AF2	1.24034514324388e-09
PRPF38B	1.25835707151585e-09
SMARCC2	1.27657767527795e-09
LRFN4	1.29500876291777e-09
MTF2	1.3136521532454e-09
INO80D	1.33250967552343e-09
KIF1B	1.35158316949695e-09
HNRNPUL2	1.37087448542352e-09
EPB41L1	1.3903854841032e-09
SORCS1	1.4101180369085e-09
ATRNL1	1.43007402581438e-09
CDKN1C	1.45025534342825e-09
USP32	1.47066389301998e-09
ADRM1	1.49130158855186e-09
U2SURP	1.5121703547086e-09
ROBO1	1.53327212692735e-09
FADS3	1.55460885142764e-09
ZBTB10	1.57618248524143e-09
TUT7	1.59799499624308e-09
DMWD	1.62004836317932e-09
KCNH1	1.64234457569929e-09
GPR4	1.66488563438449e-09
GRIK2	1.68767355077881e-09
USP4	1.71071034741849e-09
ANKRD35	1.73399805786217e-09
ARID4A	1.7575387267208e-09
ATP1A3	1.78133440968772e-09
PSMD11	1.80538717356862e-09
FUBP3	1.82969909631151e-09
PTPRD	1.85427226703676e-09
MAST3	1.87910878606707e-09
MAP3K12	1.90421076495748e-09
STARD7	1.92958032652536e-09
PSMA3	1.9552196048804e-09
NOC4L	1.98113074545462e-09
DOP1A	2.00731590503236e-09
CSNK1D	2.03377725178029e-09
BCL9	2.06051696527737e-09
GABBR1	2.08753723654491e-09
MAP2	2.1148402680765e-09
DDX50	2.14242827386807e-09
OTX2	2.17030347944783e-09
TRIM33	2.19846812190633e-09
ILF3	2.22692444992641e-09
PSMC3	2.25567472381321e-09
HDGFL2	2.2847212155242e-09
CHD3	2.31406620869913e-09
SECISBP2L	2.34371199869008e-09
ZNRF1	2.37366089259142e-09
PSMA7	2.40391520926983e-09
CASKIN1	2.43447727939431e-09
SPTAN1	2.46534944546614e-09
MTA1	2.49653406184894e-09
TLE4	2.52803349479862e-09
VPS33B	2.5598501224934e-09
ASPHD2	2.59198633506383e-09
DGKB	2.62444453462276e-09
GABRA5	2.65722713529537e-09
TNRC18	2.69033656324914e-09
SOBP	2.72377525672388e-09
TCERG1	2.75754566606173e-09
NRDC	2.79165025373716e-09
PHF21B	2.82609149438695e-09
MARCH4	2.86087187484024e-09
GBF1	2.89599389414848e-09
GAD2	2.93146006361547e-09
ZDHHC18	2.96727290682736e-09
RALA	3.00343495968266e-09
EIF5B	3.0399487704222e-09
UBN2	3.0768168996592e-09
GPRIN1	3.11404192040921e-09
MYH10	3.15162641812017e-09
TRPC6	3.18957299070238e-09
USP15	3.22788424855853e-09
BIRC6	3.26656281461368e-09
OTULIN	3.30561132434527e-09
CNNM2	3.34503242581317e-09
ATXN1	3.38482877968961e-09
LRRC4B	3.42500305928924e-09
PLAG1	3.46555795059913e-09
DCAF11	3.50649615230877e-09
ATXN2L	3.54782037584006e-09
YWHAE	3.58953334537736e-09
CAMSAP1	3.63163779789744e-09
GALNT1	3.67413648319953e-09
UNK	3.71703216393534e-09
CCNK	3.760327615639e-09
WDR17	3.80402562675716e-09
SSBP3	3.8481289986789e-09
PPP1R12B	3.89264054576583e-09
FRMD3	3.93756309538203e-09
ENC1	3.9828994879241e-09
CACNG3	4.02865257685115e-09
UNC79	4.07482522871482e-09
KDM5A	4.12142032318928e-09
BACH2	4.16844075310123e-09
AKIRIN1	4.21588942445995e-09
CSTF3	4.26376925648725e-09
GRIN3B	4.31208318164755e-09
MAP2K1	4.36083414567783e-09
FBXL19	4.41002510761766e-09
RTF1	4.45965903983922e-09
PURA	4.50973892807733e-09
SREK1	4.56026777145939e-09
UBE3A	4.61124858253548e-09
ZNF532	4.66268438730831e-09
PRIM1	4.71457822526324e-09
SYDE1	4.76693314939834e-09
BCL11B	4.81975222625433e-09
ZNF407	4.87303853594463e-09
MYH1	4.9267951721854e-09
FBXO21	4.98102524232548e-09
NEUROD2	5.03573186737648e-09
PUM1	5.09091818204274e-09
ADCY5	5.14658733475137e-09
ECPAS	5.20274248768224e-09
LAMB1	5.25938681679801e-09
CLIP3	5.31652351187418e-09
SYK	5.37415577652901e-09
ARFGEF1	5.43228682825362e-09
KDM4B	5.49091989844198e-09
CTNNA2	5.55005823242089e-09
MPP6	5.60970508948004e-09
ACSF2	5.66986374290202e-09
HIVEP3	5.7305374799923e-09
DLC1	5.79172960210928e-09
KCNT1	5.85344342469428e-09
ULK1	5.9156822773016e-09
USP34	5.97844950362847e-09
BAP1	6.04174846154511e-09
ZNF250	6.10558252312474e-09
EPS15L1	6.16995507467359e-09
DGKZ	6.23486951676093e-09
TUBA4A	6.30032926424905e-09
CDC42BPB	6.36633774632333e-09
XPO4	6.4328984065222e-09
LHFPL4	6.50001470276721e-09
MEX3C	6.56769010739302e-09
TNRC6A	6.6359281071774e-09
CYTH3	6.7047322033713e-09
OPCML	6.7741059117288e-09
ASF1A	6.84405276253719e-09
MEMO1	6.91457630064695e-09
SEPT2	6.9856800855018e-09
TPT1	7.05736769116866e-09
ZNF318	7.12964270636775e-09
PANX2	7.20250873450253e-09
MFSD14A	7.27596939368978e-09
UHRF2	7.35002831678959e-09
NUMA1	7.42468915143536e-09
BTBD10	7.49995556006388e-09
MARCH9	7.5758312199453e-09
DAB2IP	7.65231982321313e-09
FBXO42	7.72942507689434e-09
HDAC4	7.80715070293931e-09
HCN2	7.88550043825186e-09
MAP3K10	7.96447803471932e-09
MAPK8IP2	8.04408725924248e-09
THBS2	8.12433189376566e-09
NEDD8	8.20521573530671e-09
PSMC4	8.28674259598705e-09
PDE2A	8.36891630306165e-09
ABL1	8.45174069894911e-09
TFIP11	8.53521964126164e-09
COLEC12	8.6193570028351e-09
PRKAR1B	8.70415667175899e-09
STRN	8.78962255140653e-09
MAGI2	8.87575856046464e-09
EBF2	8.96256863296395e-09
FMN2	9.05005671830889e-09
MRTFA	9.13822678130762e-09
MDGA1	9.22708280220212e-09
DPP9	9.31662877669821e-09
NCOR1	9.40686871599553e-09
KCNA4	9.49780664681761e-09
RCOR2	9.58944661144187e-09
ZNF516	9.68179266772964e-09
ESR1	9.7748488891562e-09
INTS10	9.86861936484079e-09
TAOK3	9.96310819957665e-09
PATL1	1.0058319513861e-08
PPWD1	1.01542574439252e-08
GPR176	1.02509261417645e-08
ZFYVE9	1.03483297751685e-08
GLS	1.04464725277506e-08
SET	1.05453585989785e-08
ZNF423	1.06449922042041e-08
ADGRB2	1.07453775746935e-08
SEC24B	1.08465189576569e-08
UBB	1.09484206162789e-08
PHF23	1.10510868297481e-08
ZNF205	1.11545218932877e-08
CCDC117	1.12587301181851e-08
EIF3M	1.13637158318219e-08
BOC	1.14694833777044e-08
MLXIP	1.15760371154929e-08
ARHGAP20	1.16833814210325e-08
STMN2	1.17915206863826e-08
STK3	1.19004593198469e-08
CBFB	1.20102017460039e-08
FAM169A	1.21207524057366e-08
XPR1	1.22321157562623e-08
ARID3B	1.23442962711631e-08
RBM12	1.24572984404159e-08
FUT8	1.25711267704218e-08
PSMD6	1.26857857840369e-08
CLIP2	1.28012800206019e-08
ELFN1	1.29176140359723e-08
PFN2	1.30347924025483e-08
HOOK3	1.31528197093049e-08
ZRANB2	1.3271700561822e-08
LHX6	1.33914395823141e-08
SMTN	1.3512041409661e-08
EDEM2	1.3633510699437e-08
CEMIP	1.37558521239415e-08
ABR	1.38790703722289e-08
OSBP	1.40031701501387e-08
RIT1	1.41281561803251e-08
ADGRB3	1.42540332022877e-08
UNC13C	1.4380805972401e-08
CLCN1	1.45084792639446e-08
EPHA4	1.46370578671334e-08
CABIN1	1.47665465891474e-08
BMPR2	1.48969502541618e-08
ZNF362	1.5028273703377e-08
CACNB1	1.51605217950488e-08
UBA2	1.52936994045182e-08
ETV1	1.54278114242416e-08
GPATCH2L	1.55628627638207e-08
ZBTB26	1.56988583500326e-08
CACNA1D	1.583580312686e-08
EBF1	1.59737020555209e-08
KCNK12	1.61125601144988e-08
DEDD	1.62523822995728e-08
ELAVL3	1.63931736238476e-08
KAT6A	1.65349391177833e-08
PI4KA	1.66776838292258e-08
SLITRK5	1.68214128234367e-08
LPIN2	1.69661311831231e-08
NOS1	1.7111844008468e-08
PLEKHM3	1.72585564171602e-08
ZBTB45	1.74062735444241e-08
FAM89B	1.755500054305e-08
ANKRD13B	1.77047425834242e-08
ATP6V0A1	1.78555048535588e-08
FAXC	1.80072925591217e-08
CNTNAP1	1.8160110923467e-08
MPPED1	1.83139651876647e-08
ELAVL2	1.84688606105307e-08
HELZ2	1.86248024686573e-08
NFATC4	1.87817960564426e-08
NPAS3	1.89398466861209e-08
GRM1	1.90989596877927e-08
NOP56	1.92591404094549e-08
RANBP9	1.94203942170303e-08
WDR1	1.95827264943983e-08
IRX4	1.97461426434244e-08
DCTN5	1.99106480839905e-08
PIK3R2	2.0076248254025e-08
GALNT17	2.02429486095326e-08
ACHE	2.04107546246245e-08
ZEB1	2.05796717915485e-08
PHF3	2.07497056207187e-08
MYB	2.0920861640746e-08
RARA	2.10931453984678e-08
AP1B1	2.12665624589782e-08
PNN	2.14411184056579e-08
PTPN23	2.16168188402045e-08
CAMK4	2.1793669382662e-08
GREB1	2.19716756714516e-08
MSANTD2	2.21508433634012e-08
RIC1	2.23311781337754e-08
SPRY1	2.25126856763058e-08
ZBED6	2.26953717032212e-08
ETV6	2.2879241945277e-08
KCNA1	2.30643021517858e-08
ABCC4	2.32505580906474e-08
MAST1	2.34380155483784e-08
ALAS1	2.36266803301428e-08
ATP6V0C	2.38165582597816e-08
ASXL2	2.40076551798431e-08
ELF2	2.4199976951613e-08
CAPZA1	2.43935294551439e-08
MAPK1	2.45883185892862e-08
CUX1	2.47843502717173e-08
TNRC6C	2.49816304389723e-08
TUBG2	2.51801650464736e-08
CLCN7	2.5379960068561e-08
ATAD2B	2.55810214985222e-08
ZNF217	2.5783355348622e-08
TECPR1	2.59869676501332e-08
TRIM39	2.6191864453366e-08
DICER1	2.63980518276984e-08
MAP3K5	2.66055358616063e-08
KSR2	2.6814322662693e-08
ZC3H7B	2.702441835772e-08
OSBPL6	2.72358290926365e-08
NRXN2	2.74485610326095e-08
LDB1	2.76626203620541e-08
MAPK8IP1	2.78780132846634e-08
PHF14	2.80947460234383e-08
AJM1	2.83128248207181e-08
PML	2.85322559382098e-08
ZNF668	2.87530456570191e-08
EIF5A	2.89752002776793e-08
RPS5	2.91987261201824e-08
MMP21	2.94236295240085e-08
NSMF	2.96499168481559e-08
PAK5	2.98775944711715e-08
CORO2B	3.01066687911804e-08
CRIP2	3.03371462259164e-08
PPFIA2	3.05690332127515e-08
EYA4	3.08023362087265e-08
JAG1	3.10370616905806e-08
SLC44A5	3.12732161547816e-08
NBEAL2	3.15108061175562e-08
MAN1A1	3.17498381149196e-08
MYH13	3.19903187027058e-08
TCF3	3.22322544565977e-08
TMEM184C	3.24756519721568e-08
PREP	3.27205178648539e-08
STT3A	3.29668587700983e-08
CAMTA2	3.32146813432686e-08
LRFN1	3.34639922597421e-08
PHRF1	3.37147982149255e-08
RRAS2	3.39671059242845e-08
ATG16L1	3.42209221233737e-08
KDM3B	3.44762535678674e-08
DIP2B	3.47331070335887e-08
PCF11	3.49914893165401e-08
SKIV2L	3.52514072329337e-08
EIF4G2	3.55128676192206e-08
RICTOR	3.57758773321217e-08
CTR9	3.6040443248657e-08
PPP1R10	3.63065722661763e-08
UBE2E2	3.65742713023888e-08
ZSWIM8	3.68435472953935e-08
CKAP5	3.71144072037089e-08
PKNOX2	3.73868580063033e-08
SLC8A2	3.76609067026245e-08
ZNF618	3.79365603126306e-08
DAAM2	3.82138258768191e-08
KLHL1	3.84927104562576e-08
ITPR3	3.87732211326135e-08
TRIM23	3.90553650081844e-08
ARVCF	3.93391492059277e-08
PCBP3	3.96245808694911e-08
CDH22	3.99116671632423e-08
TRIM2	4.02004152722992e-08
BRSK1	4.04908324025598e-08
RUNX1T1	4.07829257807328e-08
PRPF19	4.10767026543666e-08
ZC3H14	4.13721702918806e-08
REXO1	4.16693359825941e-08
ZIC2	4.19682070367572e-08
RMND5A	4.22687907855803e-08
FBXO38	4.25710945812646e-08
ARID5A	4.28751257970317e-08
EED	4.3180891827154e-08
CPD	4.34884000869844e-08
PSD3	4.37976580129869e-08
ZBTB3	4.4108673062766e-08
PITPNM3	4.44214527150973e-08
PTPN14	4.47360044699572e-08
NFRKB	4.50523358485529e-08
GALNTL6	4.53704543933529e-08
RC3H2	4.56903676681165e-08
KIF21B	4.60120832579243e-08
KLHL20	4.6335608769208e-08
ST8SIA2	4.66609518297805e-08
MYBL2	4.6988120088866e-08
CYLD	4.73171212171298e-08
FAM131A	4.76479629067088e-08
JPH4	4.79806528712413e-08
SOX6	4.8315198845897e-08
USP22	4.8651608587407e-08
INSRR	4.89898898740941e-08
LRP5	4.93300505059028e-08
RNF216	4.9672098304429e-08
CHRNA2	5.00160411129505e-08
PPP2R2D	5.0361886796457e-08
XPO7	5.07096432416797e-08
KIF3A	5.10593183571219e-08
LINGO3	5.14109200730887e-08
SLC6A17	5.17644563417173e-08
ZNF335	5.21199351370069e-08
MMP24	5.24773644548486e-08
GOPC	5.28367523130559e-08
FBXO31	5.31981067513943e-08
KCNJ2	5.35614358316117e-08
MACF1	5.3926747637468e-08
CPA6	5.42940502747658e-08
PSMC2	5.46633518713799e-08
RGL1	5.50346605772876e-08
PXN	5.54079845645986e-08
PPIG	5.57833320275853e-08
GPBP1	5.61607111827126e-08
CBX6	5.65401302686682e-08
NUMBL	5.69215975463924e-08
EIF2AK4	5.73051212991081e-08
DMRTA2	5.76907098323516e-08
CCAR1	5.80783714740014e-08
APBA1	5.84681145743094e-08
C1QC	5.88599475059302e-08
EIF2AK2	5.92538786639517e-08
LEO1	5.96499164659246e-08
GTF2IRD1	6.00480693518929e-08
RBM5	6.0448345784424e-08
TRIM24	6.08507542486381e-08
ARF5	6.12553032522392e-08
SEMA6B	6.16620013255444e-08
GLCE	6.20708570215142e-08
CFI	6.24818789157826e-08
PRKRA	6.28950756066873e-08
ZNF462	6.33104557152995e-08
NCL	6.37280278854539e-08
IRS2	6.4147800783779e-08
ICE1	6.45697830997272e-08
SSR2	6.49939835456045e-08
ATP6V0D1	6.54204108566008e-08
PHF20	6.58490737908201e-08
NKX6-2	6.62799811293102e-08
INF2	6.67131416760929e-08
HIST1H2AC	6.71485642581944e-08
NWD2	6.75862577256746e-08
CAMLG	6.8026230951658e-08
HSF1	6.84684928323631e-08
JUN	6.89130522871329e-08
ARHGAP21	6.93599182584646e-08
NR2F6	6.980909971204e-08
CTDSP2	7.02606056367553e-08
HGS	7.07144450447512e-08
EIF3F	7.11706269714432e-08
TLE2	7.16291604755513e-08
ZFP62	7.20900546391301e-08
MAFB	7.25533185675993e-08
MICAL3	7.30189613897733e-08
ZNF24	7.34869922578911e-08
KIDINS220	7.39574203476471e-08
ZNF208	7.44302548582206e-08
YWHAZ	7.49055050123057e-08
DGKG	7.5383180056142e-08
ADCY1	7.58632892595439e-08
SCN4A	7.63458419159313e-08
TANC1	7.68308473423594e-08
SLC1A2	7.73183148795487e-08
NALCN	7.7808253891915e-08
INPP5E	7.83006737675999e-08
TOPORS	7.87955839185001e-08
DDX19A	7.92929937802983e-08
UVRAG	7.97929128124926e-08
SACS	8.02953504984269e-08
DIDO1	8.08003163453209e-08
TUT4	8.13078198843002e-08
RNF220	8.18178706704261e-08
POU4F1	8.23304782827259e-08
TXNL1	8.2845652324223e-08
CDH10	8.3363402421967e-08
ANKAR	8.38837382270632e-08
PGAM2	8.44066694147035e-08
ATIC	8.49322056841961e-08
SMURF1	8.54603567589951e-08
ZNF282	8.59911323867313e-08
JADE2	8.65245423392418e-08
SMC3	8.70605964126003e-08
PRKCI	8.75993044271469e-08
ZNF853	8.81406762275186e-08
CEP170	8.86847216826788e-08
RASGEF1B	8.92314506859477e-08
KAT6B	8.97808731550324e-08
GLRB	9.03329990320567e-08
DENND4A	9.08878382835915e-08
PRKCG	9.14454009006847e-08
ACSL3	9.2005696898891e-08
KBTBD2	9.25687363183024e-08
TLK1	9.31345292235782e-08
TDP1	9.37030857039746e-08
WASHC2A	9.42744158733753e-08
SLIT2	9.48485298703213e-08
ZKSCAN8	9.54254378580412e-08
ZFYVE26	9.60051500244808e-08
DLGAP1	9.65876765823336e-08
UBA7	9.71730277690707e-08
SP1	9.77612138469708e-08
PCDHGA9	9.83522451031504e-08
BOD1L1	9.89461318495939e-08
RBM12B	9.95428844231832e-08
DOCK3	1.00142513185729e-07
RNF207	1.00745028523998e-07
C1QL2	1.01350440849747e-07
GRINA	1.01958760599751e-07
GPS1	1.02569998235832e-07
EIF2AK3	1.0318416424489e-07
EEF1G	1.03801269138934e-07
AKIRIN2	1.04421323455112e-07
TACC1	1.05044337755739e-07
DUS3L	1.05670322628329e-07
MAP2K7	1.06299288685626e-07
ARCN1	1.0693124656563e-07
RB1CC1	1.07566206931632e-07
MED23	1.0820418047224e-07
C6orf62	1.08845177901413e-07
APBA2	1.09489209958486e-07
ARPC5	1.10136287408206e-07
NUAK1	1.10786421040756e-07
ITGA8	1.1143962167179e-07
DNAJA1	1.12095900142461e-07
LHX9	1.12755267319451e-07
BAIAP2	1.13417734095001e-07
USP20	1.14083311386942e-07
DYRK2	1.14752010138723e-07
ZMIZ1	1.15423841319443e-07
RGS9	1.16098815923883e-07
POLE3	1.16776944972529e-07
YTHDF1	1.17458239511611e-07
DHTKD1	1.18142710613126e-07
LASP1	1.18830369374871e-07
ARHGAP30	1.19521226920476e-07
MACROD1	1.20215294399426e-07
PRKCB	1.20912582987099e-07
ARID4B	1.21613103884793e-07
TARDBP	1.22316868319756e-07
ODC1	1.23023887545216e-07
ARF1	1.23734172840409e-07
NUDC	1.24447735510616e-07
ADGRL1	1.25164586887185e-07
HIRA	1.25884738327564e-07
SRC	1.26608201215335e-07
CDK7	1.27334986960236e-07
KIF3B	1.280651069982e-07
PPP1R2	1.28798572791378e-07
PAN3	1.29535395828173e-07
ARPC2	1.30275587623268e-07
MYCN	1.31019159717658e-07
SMARCD1	1.31766123678678e-07
PJA2	1.32516491100034e-07
PSEN1	1.33270273601834e-07
CWC15	1.34027482830616e-07
CACNA1C	1.34788130459382e-07
CGGBP1	1.35552228187622e-07
SOX9	1.36319787741349e-07
PHLDB1	1.37090820873127e-07
KIAA1324L	1.37865339362102e-07
PDZD2	1.38643355014033e-07
APH1A	1.39424879661316e-07
PRPF31	1.40209925163025e-07
GRIK5	1.40998503404931e-07
LMBR1L	1.41790626299538e-07
TPO	1.42586305786114e-07
DUSP8	1.43385553830717e-07
UBC	1.44188382426228e-07
TMEM151B	1.44994803592379e-07
CHD4	1.45804829375786e-07
SLC4A2	1.46618471849976e-07
SLC17A7	1.47435743115418e-07
PCDH10	1.48256655299555e-07
RSBN1	1.49081220556832e-07
TRIM27	1.49909451068725e-07
SLC17A6	1.50741359043775e-07
TET3	1.51576956717614e-07
EEF2K	1.52416256352999e-07
NKX6-1	1.53259270239836e-07
ABCD3	1.54106010695218e-07
ANKRD12	1.54956490063448e-07
PNPLA7	1.55810720716074e-07
HS6ST3	1.56668715051916e-07
ZNF441	1.57530485497099e-07
NOL4L	1.58396044505078e-07
TBC1D20	1.59265404556675e-07
CNNM1	1.60138578160103e-07
ADCY4	1.61015577850999e-07
TNS3	1.61896416192454e-07
SUGP1	1.62781105775043e-07
PSMB4	1.63669659216854e-07
CDYL	1.64562089163518e-07
CBX1	1.65458408288242e-07
NPTN	1.66358629291835e-07
GDF1	1.67262764902741e-07
CAMSAP2	1.68170827877068e-07
PNLDC1	1.69082830998618e-07
MAB21L1	1.69998787078917e-07
TRAF4	1.70918708957246e-07
COL11A2	1.71842609500668e-07
SIX2	1.72770501604064e-07
FYN	1.73702398190158e-07
RPL17-C18orf32	1.74638312209547e-07
FGF12	1.75578256640735e-07
ANKRD17	1.76522244490159e-07
THBS1	1.77470288792221e-07
PAX5	1.78422402609321e-07
TUBGCP3	1.79378599031878e-07
ATRN	1.80338891178371e-07
PAX2	1.81303292195363e-07
ZUP1	1.8227181525753e-07
ARIH1	1.83244473567696e-07
RC3H1	1.84221280356859e-07
SHH	1.85202248884222e-07
TMEM165	1.86187392437224e-07
ESCO1	1.8717672433157e-07
ZIC5	1.88170257911259e-07
OTUD7B	1.89168006548618e-07
KIF2A	1.90169983644327e-07
NPR3	1.91176202627455e-07
NFE2L1	1.92186676955485e-07
ZFAND5	1.93201420114345e-07
ERBB2	1.9422044561844e-07
TPST1	1.95243767010684e-07
LRRK1	1.96271397862521e-07
PAPOLG	1.97303351773968e-07
ADD2	1.98339642373633e-07
ARHGAP42	1.99380283318753e-07
NAB1	2.00425288295222e-07
POLE	2.01474671017618e-07
WDR76	2.02528445229239e-07
AFF3	2.03586624702127e-07
LY6H	2.04649223237102e-07
WASF3	2.0571625466379e-07
ADAMTS2	2.06787732840656e-07
EFCAB5	2.07863671655029e-07
MAPT	2.08944085023139e-07
TNC	2.10028986890138e-07
PCBP4	2.1111839123014e-07
MTMR11	2.12212312046244e-07
EIF4A3	2.13310763370566e-07
IWS1	2.14413759264272e-07
OTOF	2.15521313817602e-07
UNC119B	2.16633441149907e-07
EPHA3	2.17750155409674e-07
SLC25A1	2.18871470774557e-07
NAA25	2.19997401451409e-07
DCAF6	2.21127961676311e-07
ZBTB4	2.22263165714602e-07
SESTD1	2.23403027860908e-07
BABAM2	2.24547562439175e-07
TAF6L	2.25696783802696e-07
MALRD1	2.26850706334142e-07
FIZ1	2.28009344445594e-07
ZNF569	2.29172712578568e-07
RPL24	2.30340825204054e-07
PTPRZ1	2.31513696822535e-07
ARHGAP15	2.32691341964027e-07
CEP85	2.33873775188102e-07
SDCCAG8	2.35061011083922e-07
RNF20	2.36253064270269e-07
ABCG1	2.37449949395571e-07
MATK	2.38651681137937e-07
GZF1	2.39858274205187e-07
ARHGEF28	2.41069743334877e-07
INPP5J	2.42286103294333e-07
VPS26B	2.43507368880682e-07
KIF5B	2.4473355492088e-07
CUX2	2.4596467627174e-07
ZNF583	2.47200747819969e-07
LCK	2.4844178448219e-07
TGFBR1	2.49687801204977e-07
MICAL2	2.50938812964885e-07
RNF19A	2.52194834768478e-07
IPO11	2.53455881652359e-07
CPE	2.54721968683203e-07
ATG12	2.55993110957784e-07
RBFOX1	2.57269323603007e-07
INTS5	2.58550621775936e-07
KAZN	2.59837020663827e-07
GOLPH3	2.61128535484156e-07
CARMIL3	2.62425181484649e-07
CSE1L	2.63726973943313e-07
CDKAL1	2.65033928168466e-07
KARS	2.66346059498767e-07
SLC4A8	2.67663383303245e-07
CRHR1	2.6898591498133e-07
PIGK	2.70313669962884e-07
ATAD2	2.71646663708231e-07
ADAM23	2.72984911708183e-07
EPG5	2.74328429484076e-07
PPFIA1	2.75677232587796e-07
GCN1	2.77031336601813e-07
DDX39B	2.78390757139204e-07
CEP95	2.79755509843691e-07
CBLL1	2.81125610389668e-07
LRRC8D	2.82501074482228e-07
ZSWIM7	2.83881917857199e-07
POM121	2.85268156281169e-07
P2RY2	2.86659805551518e-07
KCNH5	2.88056881496448e-07
CARMIL1	2.89459399975016e-07
NCAM1	2.90867376877157e-07
KCNN3	2.92280828123721e-07
PLCG1	2.936997696665e-07
GNAL	2.95124217488257e-07
ZNF483	2.96554187602761e-07
ITM2C	2.97989696054811e-07
PRKCA	2.99430758920268e-07
GALNT2	3.00877392306088e-07
FAM208B	3.0232961235035e-07
VWA8	3.03787435222283e-07
NKX2-2	3.05250877122302e-07
WASF1	3.06719954282036e-07
DPP10	3.08194682964352e-07
CCDC28B	3.09675079463397e-07
CARNS1	3.11161160104617e-07
TNK2	3.12652941244793e-07
SLC8A1	3.14150439272069e-07
SCMH1	3.15653670605984e-07
FASN	3.17162651697498e-07
GAL3ST1	3.18677399029028e-07
BRPF3	3.20197929114472e-07
THRB	3.21724258499245e-07
CDK8	3.23256403760303e-07
NLGN2	3.24794381506178e-07
LBR	3.26338208377007e-07
BRPF1	3.27887901044559e-07
MYH6	3.29443476212269e-07
GET4	3.31004950615266e-07
DDB1	3.32572341020404e-07
HSP90AB1	3.3414566422629e-07
TMEM121	3.35724937063318e-07
NFXL1	3.37310176393696e-07
HSPA8	3.38901399111476e-07
DNAJC10	3.40498622142587e-07
ZNF484	3.4210186244486e-07
PRPF4B	3.43711137008063e-07
ZBTB5	3.45326462853931e-07
NMT1	3.46947857036191e-07
INO80B	3.48575336640597e-07
POLR3B	3.50208918784958e-07
RPL35	3.5184862061917e-07
ARMH3	3.53494459325243e-07
FAM57B	3.55146452117334e-07
TIMP3	3.56804616241773e-07
LCORL	3.584689689771e-07
CAPN15	3.60139527634089e-07
GFAP	3.61816309555779e-07
PDCD6IP	3.63499332117508e-07
ABHD17C	3.65188612726936e-07
DENND1A	3.66884168824084e-07
DPY19L1	3.68586017881357e-07
MTSS1L	3.70294177403576e-07
SHANK1	3.72008664928009e-07
DUSP10	3.73729498024403e-07
ATF7	3.75456694295007e-07
KCNH7	3.77190271374612e-07
DCAF7	3.78930246930573e-07
SPRED2	3.80676638662842e-07
USP24	3.82429464303999e-07
CHN2	3.84188741619281e-07
SCARF1	3.85954488406612e-07
AGPAT1	3.87726722496634e-07
HUNK	3.89505461752734e-07
KRAS	3.91290724071081e-07
RBM15	3.93082527380648e-07
USP38	3.94880889643246e-07
GDA	3.96685828853556e-07
LRRC8A	3.98497363039155e-07
GDAP1L1	4.00315510260548e-07
C16orf72	4.02140288611198e-07
ZFR	4.03971716217558e-07
UBTF	4.05809811239096e-07
LEPR	4.07654591868332e-07
ACTA1	4.09506076330862e-07
GOLGA5	4.1136428288539e-07
ADIPOR2	4.1322922982376e-07
YTHDC2	4.15100935470985e-07
EHBP1	4.16979418185276e-07
WTAP	4.18864696358071e-07
SUPV3L1	4.20756788414071e-07
BMP2K	4.22655712811262e-07
SMG8	4.24561488040951e-07
HLF	4.26474132627795e-07
ABCC5	4.28393665129828e-07
ALAD	4.30320104138496e-07
DCAF15	4.32253468278682e-07
PROX1	4.34193776208739e-07
RASA3	4.36141046620522e-07
SP8	4.38095298239412e-07
CAPZB	4.40056549824353e-07
SOGA1	4.42024820167878e-07
TECPR2	4.44000128096137e-07
ZCCHC4	4.45982492468935e-07
TBX2	4.47971932179754e-07
IL1B	4.49968466155787e-07
IGF2R	4.51972113357967e-07
TCF7L1	4.53982892780999e-07
INSYN2	4.56000823453385e-07
SEL1L	4.58025924437461e-07
CORO1B	4.60058214829423e-07
FAT4	4.62097713759356e-07
CBX4	4.64144440391268e-07
ITGB1	4.66198413923117e-07
HCRTR1	4.68259653586841e-07
EPOR	4.70328178648392e-07
CELF6	4.7240400840776e-07
KRT18	4.74487162199008e-07
ZFHX4	4.765776593903e-07
TCP11L1	4.78675519383932e-07
CDAN1	4.80780761616361e-07
MRAS	4.82893405558235e-07
NPEPL1	4.85013470714426e-07
EPAS1	4.87140976624055e-07
TMEM8B	4.89275942860527e-07
WDR37	4.91418389031559e-07
PPME1	4.93568334779208e-07
MORC3	4.95725799779906e-07
ACAD9	4.97890803744484e-07
CACHD1	5.0006336641821e-07
FAT1	5.02243507580809e-07
C20orf27	5.04431247046503e-07
WARS	5.06626604664035e-07
CDK19	5.088296003167e-07
XRCC6	5.11040253922376e-07
AGO4	5.13258585433556e-07
STXBP5	5.15484614837374e-07
DCAF5	5.17718362155637e-07
ACVR1C	5.19959847444856e-07
CHRM1	5.22209090796275e-07
IQSEC3	5.24466112335902e-07
ATP1A2	5.26730932224537e-07
WDR81	5.29003570657805e-07
KAT8	5.31284047866183e-07
RAB4B	5.33572384115035e-07
DNM1L	5.35868599704635e-07
ARHGAP29	5.38172714970203e-07
GABPB2	5.40484750281932e-07
PLXNA4	5.42804726045021e-07
PTPRF	5.45132662699701e-07
ANP32A	5.47468580721268e-07
SEMA5A	5.49812500620113e-07
RPS25	5.52164442941751e-07
KCNK4	5.54524428266852e-07
NTNG1	5.56892477211269e-07
STAG1	5.59268610426072e-07
GDF5	5.61652848597575e-07
UBE2R2	5.64045212447365e-07
HSPD1	5.66445722732338e-07
KCNH2	5.68854400244722e-07
ARFGEF3	5.71271265812111e-07
PITRM1	5.73696340297495e-07
MNT	5.76129644599287e-07
MRE11	5.7857119965136e-07
RHOV	5.81021026423068e-07
KLHDC10	5.83479145919283e-07
ELAVL1	5.85945579180422e-07
SRSF7	5.88420347282479e-07
NFE2L3	5.90903471337052e-07
GRIA4	5.93394972491377e-07
BORCS8	5.95894871928355e-07
GALNT13	5.98403190866584e-07
BLMH	6.00919950560387e-07
PHACTR1	6.03445172299845e-07
OTUD4	6.05978877410824e-07
SPTBN2	6.08521087255008e-07
ATP8B1	6.11071823229927e-07
TBC1D10B	6.13631106768987e-07
ARHGEF2	6.16198959341503e-07
KCTD1	6.18775402452725e-07
BRMS1L	6.21360457643871e-07
HIPK4	6.23954146492156e-07
SNRPA	6.26556490610822e-07
NKX2-1	6.29167511649168e-07
ARAP1	6.31787231292583e-07
COL9A2	6.34415671262569e-07
HLTF	6.3705285331678e-07
CPXM2	6.39698799249045e-07
PPP4C	6.42353530889403e-07
NUCB1	6.45017070104128e-07
KATNAL1	6.47689438795764e-07
FGFR2	6.50370658903154e-07
KCNN2	6.53060752401466e-07
ZFPM2	6.55759741302231e-07
TFDP1	6.58467647653363e-07
IRF4	6.61184493539198e-07
AUH	6.63910301080521e-07
USP40	6.66645092434593e-07
H6PD	6.69388889795185e-07
GFOD1	6.72141715392608e-07
GPCPD1	6.74903591493741e-07
BTBD17	6.77674540402061e-07
HOXA2	6.80454584457677e-07
RAB34	6.83243746037353e-07
GATD1	6.86042047554548e-07
IPO4	6.88849511459434e-07
NOTCH1	6.91666160238938e-07
GIPC3	6.94492016416764e-07
NAIF1	6.97327102553425e-07
KLF12	7.00171441246276e-07
HSPA1L	7.03025055129541e-07
TRADD	7.05887966874343e-07
TMEFF1	7.08760199188737e-07
PRMT8	7.11641774817737e-07
CPNE5	7.14532716543347e-07
IGSF10	7.17433047184593e-07
GNG3	7.20342789597549e-07
LRRTM2	7.23261966675371e-07
RABEP1	7.26190601348327e-07
SLC38A9	7.29128716583824e-07
IL18RAP	7.3207633538644e-07
CEP170B	7.35033480797954e-07
PCYT1A	7.38000175897377e-07
L3MBTL3	7.4097644380098e-07
MARCH8	7.43962307662327e-07
HPCAL4	7.46957790672302e-07
SNX32	7.49962916059139e-07
IFT81	7.52977707088457e-07
YTHDF3	7.56002187063283e-07
MAML1	7.5903637932409e-07
POM121L2	7.62080307248819e-07
WDR70	7.65133994252915e-07
SMARCE1	7.68197463789354e-07
PLEKHG2	7.71270739348675e-07
NAGLU	7.74353844459008e-07
SALL2	7.77446802686108e-07
TMEM63C	7.80549637633378e-07
KAT5	7.83662372941909e-07
GPR85	7.867850322905e-07
CAMK2B	7.89917639395694e-07
PPM1E	7.93060218011809e-07
PPP1CC	7.96212791930963e-07
CDH23	7.99375384983109e-07
AKAP3	8.02548021036063e-07
TBK1	8.05730723995532e-07
BRINP1	8.08923517805149e-07
CHRM2	8.12126426446499e-07
ZNF579	8.15339473939151e-07
FAM126B	8.18562684340687e-07
EML3	8.21796081746734e-07
ZDHHC3	8.25039690290992e-07
RNF149	8.28293534145264e-07
ROBO3	8.31557637519489e-07
HCN4	8.34832024661768e-07
ATMIN	8.38116719858397e-07
ATG3	8.41411747433898e-07
BRD2	8.44717131751045e-07
RHEB	8.48032897210897e-07
HK1	8.51359068252829e-07
SF3A1	8.54695669354559e-07
PLEKHO1	8.58042725032181e-07
CCHCR1	8.61400259840193e-07
UBQLN4	8.64768298371528e-07
GABRG2	8.68146865257586e-07
SKIL	8.71535985168259e-07
MYOCD	8.74935682811967e-07
TASP1	8.78345982935684e-07
ATXN7L3B	8.81766910324971e-07
ELAVL4	8.85198489804002e-07
GNG11	8.88640746235598e-07
CPSF6	8.92093704521257e-07
USP5	8.95557389601182e-07
PPP3R1	8.99031826454311e-07
SLC1A3	9.02517040098349e-07
ACIN1	9.06013055589798e-07
CDK18	9.09519898023985e-07
GLIS3	9.13037592535094e-07
MYH4	9.16566164296194e-07
MAP4K4	9.20105638519274e-07
POU2F3	9.23656040455266e-07
DEF8	9.27217395394081e-07
SEMA4F	9.30789728664636e-07
ISCU	9.34373065634886e-07
CADM2	9.37967431711853e-07
PBX2	9.41572852341654e-07
CHID1	9.45189353009535e-07
ASIC4	9.48816959239901e-07
GRAMD1B	9.52455696596341e-07
RNPC3	9.56105590681664e-07
STAG3	9.59766667137926e-07
CDH24	9.63438951646462e-07
FEZ2	9.67122469927912e-07
SIDT1	9.70817247742258e-07
SNRPA1	9.74523310888846e-07
ZDHHC8	9.78240685206423e-07
PSD	9.81969396573164e-07
ZNF770	9.85709470906701e-07
EGLN1	9.89460934164155e-07
SNRNP70	9.93223812342167e-07
CCDC62	9.96998131476926e-07
KLHL32	1.0007839176442e-06
PCSK7	1.00458119695936e-06
ZMYND15	1.00838999557743e-06
UBAP2	1.01221033969309e-06
USF2	1.01604225554073e-06
GPAT3	1.01988576939445e-06
ZNF74	1.02374090756813e-06
HS3ST3A1	1.02760769641544e-06
HAL	1.03148616232984e-06
WRNIP1	1.03537633174469e-06
HCN1	1.03927823113318e-06
TGFBR2	1.04319188700844e-06
TMTC2	1.04711732592353e-06
PPP2R1B	1.05105457447148e-06
RNF214	1.05500365928533e-06
NDST1	1.05896460703813e-06
FADS1	1.06293744444301e-06
ZC3H11A	1.06692219825318e-06
MED21	1.07091889526197e-06
PNKP	1.07492756230288e-06
GREM1	1.07894822624956e-06
PRICKLE2	1.08298091401589e-06
JKAMP	1.08702565255599e-06
INSIG2	1.09108246886424e-06
PTBP3	1.09515138997535e-06
PI4K2A	1.09923244296432e-06
UBE2B	1.10332565494655e-06
TUBA1A	1.1074310530778e-06
WAPL	1.11154866455427e-06
KMT2B	1.11567851661262e-06
ASXL1	1.11982063652996e-06
LAMA2	1.12397505162395e-06
CLIC6	1.12814178925276e-06
FOXD3	1.13232087681516e-06
ZNF324	1.13651234175049e-06
LIMS1	1.14071621153876e-06
SELENBP1	1.14493251370061e-06
SRSF3	1.14916127579739e-06
EIF3G	1.15340252543118e-06
GJA5	1.15765629024478e-06
GMEB2	1.16192259792181e-06
SAP30BP	1.16620147618669e-06
TGM1	1.17049295280467e-06
KCNA6	1.17479705558189e-06
TMC2	1.17911381236539e-06
GALC	1.18344325104313e-06
CCT2	1.18778539954405e-06
ARHGEF17	1.19214028583809e-06
FBXO8	1.19650793793619e-06
MFSD6	1.20088838389035e-06
FOXO6	1.20528165179367e-06
HPCAL1	1.20968776978035e-06
PLXNC1	1.21410676602575e-06
CACNB2	1.21853866874637e-06
BRD3	1.22298350619996e-06
CTXN1	1.22744130668546e-06
TUBG1	1.23191209854311e-06
SRP72	1.23639591015443e-06
TECTA	1.24089276994226e-06
METTL16	1.24540270637081e-06
SMAD3	1.24992574794565e-06
EPS8L2	1.25446192321379e-06
AMFR	1.25901126076368e-06
LINGO1	1.26357378922523e-06
TSC22D4	1.26814953726988e-06
LPGAT1	1.27273853361058e-06
KIT	1.27734080700187e-06
UGGT1	1.28195638623986e-06
MYBPC3	1.28658530016231e-06
DAPK3	1.29122757764863e-06
GLUD1	1.29588324761989e-06
ODF1	1.30055233903893e-06
ACVR1	1.30523488091028e-06
CRYBG2	1.30993090228027e-06
PDE4D	1.31464043223706e-06
STK24	1.3193634999106e-06
CHRM5	1.32410013447274e-06
EIF2B1	1.32885036513722e-06
LOXL3	1.3336142211597e-06
EYA3	1.33839173183781e-06
CPNE2	1.34318292651114e-06
TSPAN14	1.34798783456134e-06
SF3A3	1.35280648541206e-06
RPS20	1.35763890852907e-06
PCNX3	1.36248513342022e-06
ZBED5	1.36734518963551e-06
ZFP3	1.3722191067671e-06
MEX3B	1.37710691444935e-06
CSNK1A1	1.38200864235885e-06
C1QL4	1.38692432021446e-06
FBLN2	1.3918539777773e-06
TBCEL	1.39679764485083e-06
FLYWCH1	1.40175535128086e-06
ENY2	1.40672712695557e-06
MSL1	1.41171300180554e-06
LYSMD1	1.41671300580381e-06
INPPL1	1.42172716896588e-06
HOXA9	1.42675552134973e-06
ZNF467	1.4317980930559e-06
INTS11	1.43685491422748e-06
NFYC	1.44192601505013e-06
PGM3	1.44701142575215e-06
SIPA1	1.45211117660449e-06
MKNK2	1.45722529792076e-06
TWSG1	1.46235382005731e-06
POLR3A	1.4674967734132e-06
VPS28	1.47265418843028e-06
SPAG17	1.47782609559319e-06
BTG1	1.4830125254294e-06
INSC	1.48821350850924e-06
NR2F2	1.49342907544595e-06
YEATS2	1.49865925689566e-06
TEK	1.50390408355747e-06
C3	1.50916358617345e-06
KCNN4	1.51443779552869e-06
LRRC4C	1.51972674245133e-06
HMGXB4	1.52503045781255e-06
TBC1D5	1.53034897252665e-06
YME1L1	1.53568231755108e-06
PDZD8	1.54103052388641e-06
PTPRU	1.54639362257643e-06
KCNC4	1.55177164470816e-06
DAPK1	1.55716462141184e-06
NCBP2	1.56257258386102e-06
TNFRSF21	1.56799556327254e-06
TMEM94	1.57343359090659e-06
RNASEK	1.57888669806676e-06
SENP3	1.58435491609999e-06
RHOBTB1	1.58983827639669e-06
CBX7	1.59533681039073e-06
HPSE2	1.60085054955945e-06
PPARGC1A	1.60637952542374e-06
ETNK1	1.61192376954802e-06
HERC4	1.6174833135403e-06
TRPS1	1.62305818905223e-06
CDC42BPA	1.62864842777905e-06
PRRX1	1.63425406145972e-06
IKZF4	1.63987512187688e-06
ETF1	1.64551164085691e-06
DPP4	1.65116365026996e-06
PAPSS2	1.65683118202995e-06
HELQ	1.66251426809466e-06
IGSF3	1.66821294046569e-06
CD44	1.67392723118854e-06
DHX57	1.67965717235263e-06
ZSWIM6	1.68540279609131e-06
ZNF827	1.69116413458191e-06
ZNF143	1.69694122004577e-06
HOMER1	1.70273408474826e-06
CCDC85C	1.70854276099881e-06
VPS26A	1.71436728115096e-06
PSME4	1.72020767760235e-06
PHF10	1.7260639827948e-06
TGM6	1.73193622921429e-06
NCK2	1.73782444939105e-06
FCHSD1	1.74372867589953e-06
EZH2	1.74964894135845e-06
PICK1	1.75558527843085e-06
WDR24	1.76153771982411e-06
EYA1	1.76750629828996e-06
IMPACT	1.77349104662453e-06
CTSH	1.77949199766839e-06
SIX1	1.78550918430655e-06
PPP1R9B	1.79154263946851e-06
MTMR2	1.7975923961283e-06
ASB8	1.80365848730446e-06
LSG1	1.80974094606016e-06
RIC8B	1.81583980550313e-06
BMP7	1.82195509878576e-06
DPT	1.8280868591051e-06
ZNF276	1.8342351197029e-06
NGLY1	1.84039991386563e-06
MADD	1.84658127492453e-06
IL12RB1	1.85277923625563e-06
CPT1B	1.85899383127975e-06
CTBP2	1.86522509346258e-06
RTEL1	1.87147305631469e-06
H1F0	1.87773775339154e-06
TFAP4	1.88401921829355e-06
SLC5A1	1.89031748466609e-06
ARHGAP10	1.89663258619954e-06
FBXL4	1.90296455662931e-06
FGL2	1.90931342973584e-06
CAMK1G	1.91567923934469e-06
OPRD1	1.92206201932654e-06
LUC7L2	1.9284618035972e-06
COP1	1.93487862611766e-06
STARD9	1.94131252089413e-06
LTBP3	1.94776352197806e-06
DPP8	1.95423166346615e-06
STRADB	1.96071697950043e-06
CTDSP1	1.96721950426823e-06
PSMC6	1.97373927200225e-06
SYNPR	1.98027631698059e-06
H3F3A	1.98683067352676e-06
NDEL1	1.99340237600971e-06
MOB3B	1.9999914588439e-06
TM6SF2	2.00659795648926e-06
SEMA6A	2.01322190345129e-06
BAZ1B	2.01986333428106e-06
SHC1	2.02652228357521e-06
THOC5	2.03319878597605e-06
CCDC47	2.03989287617154e-06
TUBA3C	2.0466045888953e-06
SI	2.05333395892671e-06
EIF4B	2.06008102109088e-06
ZNF565	2.0668458102587e-06
HPS3	2.0736283613469e-06
CREBL2	2.08042870931801e-06
ZNF454	2.08724688918045e-06
LMO2	2.09408293598856e-06
CERS2	2.10093688484257e-06
RALGPS1	2.10780877088871e-06
MAP3K11	2.11469862931919e-06
ANO3	2.12160649537222e-06
CLEC16A	2.12853240433211e-06
DFFA	2.1354763915292e-06
STAB1	2.14243849233998e-06
AKT2	2.14941874218706e-06
MYO5A	2.15641717653923e-06
SND1	2.1634338309115e-06
ARHGAP44	2.17046874086507e-06
SNIP1	2.17752194200746e-06
TMEM184B	2.18459346999242e-06
GRIK1	2.19168336052009e-06
ROR1	2.1987916493369e-06
CHP1	2.20591837223571e-06
CTH	2.21306356505577e-06
RNF150	2.22022726368277e-06
SUPT5H	2.2274095040489e-06
TUBA8	2.23461032213283e-06
HBS1L	2.24182975395977e-06
ARHGEF1	2.2490678356015e-06
POMGNT1	2.25632460317638e-06
XYLT2	2.26360009284942e-06
SLC6A9	2.27089434083224e-06
DBT	2.2782073833832e-06
FEV	2.28553925680733e-06
ANGPTL1	2.29288999745644e-06
COL12A1	2.30025964172907e-06
SATB1	2.30764822607062e-06
KHSRP	2.31505578697328e-06
RAB11FIP4	2.32248236097613e-06
CRBN	2.32992798466513e-06
ARSJ	2.33739269467318e-06
RCN3	2.34487652768012e-06
HTR7	2.35237952041279e-06
STAC3	2.35990170964505e-06
HNRNPK	2.36744313219778e-06
SRGAP3	2.37500382493896e-06
DDHD1	2.38258382478366e-06
NRP1	2.39018316869411e-06
BZW1	2.39780189367968e-06
ANO5	2.40544003679695e-06
SP9	2.41309763514972e-06
GPI	2.42077472588906e-06
DGKE	2.42847134621331e-06
CCDC71L	2.43618753336813e-06
CCDC88C	2.44392332464655e-06
POLR2B	2.45167875738894e-06
PDP1	2.45945386898311e-06
PCDH8	2.46724869686428e-06
RYBP	2.47506327851517e-06
METTL2A	2.48289765146596e-06
SESN3	2.49075185329439e-06
MAP1LC3B	2.49862592162573e-06
FBXO28	2.50651989413287e-06
B4GAT1	2.5144338085363e-06
GNAS	2.52236770260414e-06
PPP4R3B	2.53032161415223e-06
S1PR2	2.53829558104408e-06
ARPC1A	2.54628964119096e-06
CEL	2.5543038325519e-06
KLHL25	2.56233819313375e-06
PSMC1	2.57039276099115e-06
CDH19	2.57846757422663e-06
EGR4	2.58656267099059e-06
IRX1	2.59467808948137e-06
NGEF	2.60281386794525e-06
RNF169	2.61097004467648e-06
SLC4A5	2.61914665801733e-06
DAGLB	2.62734374635811e-06
SLC12A5	2.63556134813719e-06
FARP2	2.64379950184105e-06
OTUB1	2.65205824600431e-06
WDR88	2.66033761920972e-06
RIMS1	2.66863766008825e-06
PRR36	2.67695840731907e-06
MTREX	2.68529989962961e-06
CYP26C1	2.69366217579559e-06
PCSK2	2.70204527464102e-06
FBXO10	2.71044923503826e-06
SEMA4A	2.71887409590806e-06
MDM1	2.72731989621954e-06
TNFAIP1	2.73578667499027e-06
RFX8	2.74427447128627e-06
TROVE2	2.75278332422207e-06
RAB27A	2.7613132729607e-06
TRA2B	2.76986435671376e-06
HSPA4	2.77843661474142e-06
USP49	2.78703008635247e-06
DCUN1D3	2.79564481090433e-06
EXOC3	2.80428082780311e-06
ANO4	2.8129381765036e-06
ISL1	2.82161689650935e-06
ATR	2.83031702737265e-06
RIF1	2.83903860869459e-06
KAT2B	2.84778168012508e-06
ATP8A2	2.8565462813629e-06
MGAT5B	2.8653324521557e-06
MED24	2.87414023230002e-06
ARNTL	2.8829696616414e-06
CDH4	2.89182078007429e-06
NTRK2	2.90069362754219e-06
GLIS2	2.90958824403761e-06
ACTBL2	2.91850466960214e-06
CHRM4	2.92744294432644e-06
ZNF366	2.93640310835033e-06
BLK	2.94538520186274e-06
KCNQ5	2.95438926510183e-06
STRBP	2.96341533835494e-06
ZBTB14	2.97246346195866e-06
TMED7-TICAM2	2.98153367629888e-06
GFPT1	2.99062602181076e-06
TMEM127	2.99974053897882e-06
ARHGEF7	3.00887726833693e-06
IL27	3.01803625046837e-06
AXIN2	3.02721752600583e-06
AXIN1	3.03642113563146e-06
CABP1	3.0456471200769e-06
SH2B1	3.05489552012331e-06
MBNL1	3.06416637660138e-06
DHX30	3.07345973039138e-06
ZNF699	3.08277562242321e-06
RTL1	3.09211409367637e-06
ELMO2	3.10147518518006e-06
HYDIN	3.11085893801314e-06
ABHD16A	3.12026539330422e-06
TAPT1	3.12969459223167e-06
HDAC11	3.13914657602365e-06
PRDM15	3.1486213859581e-06
CRTAP	3.15811906336285e-06
ZZEF1	3.16763964961559e-06
TMEM168	3.17718318614391e-06
CPM	3.18674971442535e-06
ATG13	3.19633927598741e-06
TNKS	3.2059519124076e-06
PRRC2A	3.21558766531344e-06
SLC6A15	3.22524657638251e-06
SSU72	3.23492868734249e-06
HNRNPL	3.24463403997117e-06
TIAM2	3.25436267609649e-06
FAM122A	3.26411463759657e-06
TRIR	3.27388996639973e-06
DHX15	3.28368870448455e-06
C1orf226	3.29351089387985e-06
LTF	3.30335657666476e-06
ATP6V1B2	3.31322579496875e-06
PPRC1	3.32311859097164e-06
RASAL3	3.33303500690364e-06
GTSF1	3.34297508504538e-06
NRG2	3.35293886772793e-06
GFRA2	3.36292639733285e-06
NFKBIZ	3.37293771629221e-06
KCNJ6	3.38297286708863e-06
RAB3C	3.39303189225526e-06
KRIT1	3.4031148343759e-06
AP1S1	3.41322173608496e-06
VAT1	3.42335264006748e-06
HSPBP1	3.43350758905924e-06
SMAD1	3.44368662584672e-06
ZNF710	3.45388979326715e-06
SAMD8	3.46411713420852e-06
ATF5	3.47436869160967e-06
DNAJC13	3.48464450846026e-06
NARS	3.49494462780082e-06
SLC30A1	3.50526909272278e-06
SSX2IP	3.51561794636851e-06
ABCC8	3.52599123193133e-06
SYMPK	3.53638899265557e-06
MTMR3	3.54681127183657e-06
UST	3.55725811282072e-06
CLSPN	3.56772955900549e-06
TMEM178B	3.57822565383946e-06
ADAMTS19	3.58874644082238e-06
SSRP1	3.59929196350513e-06
TTC28	3.60986226548983e-06
KPNA3	3.6204573904298e-06
TMX4	3.63107738202965e-06
SORCS2	3.64172228404527e-06
ABHD4	3.65239214028387e-06
ARHGAP35	3.66308699460403e-06
GLIS1	3.67380689091569e-06
MAP6	3.68455187318021e-06
BPTF	3.69532198541041e-06
SMC6	3.70611727167057e-06
PSMB1	3.71693777607646e-06
SMG1	3.72778354279542e-06
LATS2	3.73865461604632e-06
SRSF4	3.74955104009964e-06
MAPK6	3.76047285927749e-06
DPP6	3.77142011795361e-06
MPP4	3.78239286055344e-06
PPP1R12A	3.79339113155415e-06
TMCC2	3.80441497548463e-06
CSTF1	3.81546443692556e-06
HAS3	3.82653956050941e-06
ZNF319	3.8376403909205e-06
CDC5L	3.84876697289501e-06
PGR	3.85991935122101e-06
ANAPC2	3.87109757073851e-06
FURIN	3.88230167633945e-06
ZNF71	3.89353171296779e-06
KCNJ9	3.90478772561948e-06
STOML2	3.91606975934251e-06
NPY1R	3.92737785923698e-06
CAPZA2	3.93871207045507e-06
PROS1	3.95007243820109e-06
ANKRD28	3.96145900773154e-06
XKR3	3.97287182435511e-06
NSUN2	3.9843109334327e-06
MVK	3.99577638037748e-06
NFATC1	4.00726821065491e-06
ABI1	4.01878646978276e-06
ZFP1	4.03033120333115e-06
SDF4	4.04190245692258e-06
LRP1	4.05350027623195e-06
UBE2V1	4.0651247069866e-06
SGK1	4.07677579496635e-06
DIS3L2	4.0884535860035e-06
USP35	4.1001581259829e-06
SPTLC1	4.11188946084192e-06
ANAPC5	4.12364763657055e-06
MYH2	4.1354326992114e-06
ALDH3A1	4.14724469485971e-06
ZBTB7C	4.15908366966342e-06
AURKB	4.17094966982315e-06
HNRNPA1	4.18284274159227e-06
PRODH2	4.19476293127695e-06
TET1	4.20671028523612e-06
FZD8	4.21868484988154e-06
SPHKAP	4.23068667167786e-06
VWA5B2	4.24271579714258e-06
DNAI1	4.25477227284617e-06
IQCA1	4.26685614541199e-06
NAV1	4.27896746151643e-06
RFX1	4.29110626788887e-06
ABI2	4.30327261131172e-06
SNX2	4.31546653862047e-06
DUSP1	4.32768809670373e-06
UBE2V2	4.3399373325032e-06
XPA	4.35221429301376e-06
RXRB	4.36451902528351e-06
TMC1	4.37685157641371e-06
HOXA3	4.38921199355893e-06
RAPGEF2	4.40160032392699e-06
TTC3	4.41401661477901e-06
BECN1	4.42646091342949e-06
NDN	4.43893326724627e-06
POLR3D	4.4514337236506e-06
ING1	4.46396233011717e-06
MBD2	4.47651913417412e-06
LIMK1	4.48910418340309e-06
SCARF2	4.50171752543923e-06
TOB1	4.51435920797126e-06
LGI1	4.52702927874148e-06
EIF3B	4.53972778554578e-06
CHST1	4.55245477623372e-06
YIPF1	4.56521029870852e-06
SIRT7	4.5779944009271e-06
PLOD2	4.59080713090013e-06
VXN	4.60364853669202e-06
TERF2	4.61651866642098e-06
SERTAD2	4.62941756825906e-06
HP1BP3	4.64234529043215e-06
NUDT6	4.65530188122001e-06
MLLT10	4.66828738895634e-06
DCAF10	4.68130186202877e-06
ARHGEF19	4.69434534887891e-06
FBXO25	4.70741789800237e-06
CLCN2	4.72051955794879e-06
SLC37A3	4.73365037732188e-06
TDRD6	4.74681040477945e-06
KIFC3	4.75999968903343e-06
FMNL1	4.77321827884989e-06
EFCAB8	4.7864662230491e-06
SUDS3	4.79974357050556e-06
RTN4RL2	4.81305037014798e-06
SV2A	4.82638667095938e-06
ATP10B	4.83975252197706e-06
PIEZO2	4.85314797229266e-06
GABRB2	4.86657307105221e-06
GPR25	4.88002786745609e-06
ZC3H15	4.89351241075916e-06
DLG2	4.90702675027068e-06
THNSL2	4.92057093535445e-06
NUP210L	4.93414501542875e-06
SRSF11	4.94774903996642e-06
ZNF385D	4.96138305849487e-06
SIPA1L1	4.97504712059612e-06
ENTPD1	4.98874127590684e-06
CCSER1	5.00246557411834e-06
CCDC60	5.01622006497665e-06
CPSF7	5.03000479828252e-06
LHX2	5.04381982389145e-06
GCNT7	5.05766519171374e-06
STT3B	5.0715409517145e-06
HOXA5	5.08544715391369e-06
ERG28	5.09938384838615e-06
UPF1	5.11335108526162e-06
CTTN	5.12734891472479e-06
N4BP1	5.14137738701531e-06
LRRTM1	5.15543655242782e-06
AQP8	5.16952646131202e-06
LINGO2	5.18364716407262e-06
TMEM132C	5.19779871116947e-06
PSD4	5.21198115311751e-06
PITPNM2	5.22619454048683e-06
STAM2	5.2404389239027e-06
SHPK	5.25471435404561e-06
KPNA7	5.26902088165128e-06
RNF2	5.28335855751071e-06
KLF7	5.29772743247018e-06
OLFM2	5.31212755743131e-06
MYBPC1	5.32655898335109e-06
RARB	5.34102176124189e-06
GPR61	5.3555159421715e-06
OGDH	5.37004157726316e-06
HOXB8	5.38459871769559e-06
KCNA3	5.39918741470304e-06
HSPB6	5.41380771957527e-06
MFAP3L	5.42845968365763e-06
VPS4A	5.44314335835106e-06
CBX8	5.45785879511214e-06
SPAG5	5.47260604545311e-06
PTGFRN	5.4873851609419e-06
ACTR8	5.50219619320216e-06
MYO1G	5.51703919391329e-06
RPL19	5.53191421481048e-06
DET1	5.54682130768473e-06
NFIL3	5.56176052438287e-06
PSMD7	5.57673191680762e-06
ZBTB8B	5.59173553691758e-06
ANKRD13D	5.60677143672731e-06
CNOT2	5.62183966830731e-06
CPQ	5.63694028378409e-06
OSBPL11	5.65207333534016e-06
SLC5A10	5.6672388752141e-06
SLC2A8	5.68243695570058e-06
PIK3C2B	5.69766762915037e-06
KCNK5	5.71293094797039e-06
SPIRE2	5.72822696462371e-06
LRRTM4	5.74355573162965e-06
KCNC3	5.75891730156372e-06
ATP1A1	5.77431172705772e-06
ZNF507	5.78973906079973e-06
MAST4	5.80519935553416e-06
LARGE1	5.82069266406178e-06
RTCB	5.83621903923973e-06
ZNF800	5.85177853398158e-06
FOXK1	5.86737120125734e-06
PIAS4	5.88299709409348e-06
EEF2	5.898656265573e-06
RAD50	5.91434876883541e-06
MIGA2	5.93007465707681e-06
UBN1	5.94583398354988e-06
CLK3	5.96162680156392e-06
TRIM7	5.9774531644849e-06
OSGEP	5.99331312573547e-06
FGD6	6.009206738795e-06
SBDS	6.0251340571996e-06
RPL15	6.04109513454215e-06
VWA5B1	6.05709002447235e-06
LIN7A	6.07311878069673e-06
TJAP1	6.08918145697868e-06
GLYR1	6.10527810713851e-06
CORO1C	6.12140878505342e-06
POFUT1	6.13757354465761e-06
SEC23A	6.15377243994222e-06
DNAJC5	6.17000552495545e-06
KIF3C	6.18627285380253e-06
CUL2	6.20257448064575e-06
ZNF777	6.21891045970454e-06
KIFAP3	6.23528084525544e-06
MTFMT	6.25168569163217e-06
LMNB1	6.26812505322566e-06
FOXP4	6.28459898448405e-06
RHOQ	6.30110753991274e-06
DNAJC2	6.31765077407442e-06
MFSD11	6.33422874158911e-06
RHBDL3	6.35084149713416e-06
CDKN2AIP	6.36748909544431e-06
THEMIS	6.38417159131172e-06
TRAF5	6.40088903958596e-06
GALNT11	6.41764149517409e-06
MESP2	6.43442901304067e-06
ZBTB11	6.45125164820778e-06
PIK3AP1	6.46810945575507e-06
GRHL3	6.48500249081976e-06
SELP	6.50193080859672e-06
CAPRIN2	6.51889446433844e-06
MFAP1	6.53589351335511e-06
SP4	6.55292801101462e-06
UQCRFS1	6.56999801274261e-06
DTX3	6.58710357402248e-06
RGS14	6.60424475039543e-06
SF3B3	6.62142159746051e-06
RPL34	6.6386341708746e-06
PAPOLA	6.65588252635251e-06
SF3B4	6.67316671966693e-06
BRINP3	6.69048680664853e-06
CEPT1	6.70784284318595e-06
NUP155	6.72523488522584e-06
CCAR2	6.7426629887729e-06
PI4KB	6.76012720988989e-06
TNFRSF1A	6.77762760469769e-06
RBFOX3	6.79516422937529e-06
FZD3	6.81273714015987e-06
ST6GALNAC3	6.83034639334676e-06
SLC6A2	6.84799204528957e-06
DIP2A	6.86567415240011e-06
RAC2	6.88339277114849e-06
FBXO46	6.90114795806316e-06
PDLIM7	6.91893976973086e-06
PPP4R2	6.93676826279676e-06
SERINC1	6.95463349396439e-06
PRPF38A	6.97253551999574e-06
HDHD3	6.99047439771125e-06
MYT1	7.00845018398985e-06
NACA	7.02646293576901e-06
SOGA3	7.04451271004474e-06
MMP14	7.06259956387165e-06
HIST3H2BB	7.08072355436294e-06
CKAP4	7.09888473869047e-06
EXOC3L4	7.11708317408478e-06
TFR2	7.1353189178351e-06
IGF2BP2	7.15359202728941e-06
GABRA6	7.17190255985443e-06
TBX21	7.19025057299572e-06
RBPJ	7.20863612423761e-06
NFYA	7.22705927116333e-06
TRIM3	7.24552007141497e-06
SOS2	7.26401858269354e-06
JADE1	7.28255486275901e-06
ZFP36L2	7.30112896943031e-06
HNRNPA0	7.31974096058538e-06
WNT2B	7.3383908941612e-06
TOM1L2	7.35707882815382e-06
FLT4	7.37580482061837e-06
COL4A2	7.39456892966912e-06
RCHY1	7.41337121347949e-06
FST	7.43221173028211e-06
TOR4A	7.45109053836878e-06
EEF1A1	7.47000769609059e-06
HS6ST1	7.48896326185789e-06
ESRP2	7.50795729414033e-06
CSMD1	7.52698985146693e-06
AFDN	7.54606099242603e-06
SRRT	7.5651707756654e-06
YTHDF2	7.58431925989223e-06
NOP53	7.60350650387317e-06
CHRNG	7.62273256643436e-06
SNRPC	7.64199750646145e-06
ADCY8	7.66130138289965e-06
RPL31	7.68064425475373e-06
RNFT2	7.70002618108808e-06
SLC1A4	7.71944722102674e-06
GABRB1	7.73890743375341e-06
MAF1	7.75840687851148e-06
ALDH1A2	7.77794561460407e-06
ATAD3C	7.79752370139408e-06
KCNMB4	7.81714119830418e-06
EPB41	7.83679816481687e-06
RAPGEF1	7.85649466047449e-06
KLF13	7.87623074487927e-06
SKOR1	7.89600647769334e-06
TUBB8	7.91582191863878e-06
CTSD	7.93567712749763e-06
ZBTB21	7.95557216411195e-06
GNPTAB	7.9755070883838e-06
DYNC1I1	7.99548196027533e-06
GLYATL1	8.01549683980877e-06
SULF1	8.03555178706646e-06
TNFRSF11A	8.05564686219091e-06
ENOX1	8.0757821253848e-06
KRT36	8.09595763691103e-06
TAF5	8.11617345709272e-06
ASAH2	8.13642964631329e-06
FEM1A	8.15672626501645e-06
PIAS2	8.17706337370624e-06
HECA	8.19744103294705e-06
CDC20	8.21785930336371e-06
KDM3A	8.2383182456414e-06
GRIN2C	8.25881792052581e-06
ZC3H3	8.27935838882309e-06
OR51I2	8.29993971139991e-06
NT5C2	8.32056194918348e-06
DOK6	8.34122516316157e-06
USP1	8.36192941438258e-06
PSMD3	8.38267476395553e-06
RAB38	8.40346127305009e-06
PIM1	8.42428900289665e-06
ERGIC3	8.4451580147863e-06
LIG3	8.4660683700709e-06
SYCP2	8.48702013016309e-06
GPSM2	8.50801335653632e-06
ARFGEF2	8.52904811072488e-06
DCC	8.55012445432395e-06
ST3GAL4	8.5712424489896e-06
CAP2	8.59240215643885e-06
UBASH3B	8.61360363844967e-06
GALK1	8.63484695686103e-06
ALDH7A1	8.65613217357293e-06
GTF3C5	8.67745935054642e-06
MYPOP	8.69882854980363e-06
ITK	8.72023983342782e-06
KIAA1551	8.74169326356339e-06
MAN1A2	8.76318890241591e-06
USB1	8.78472681225216e-06
PPIP5K2	8.80630705540015e-06
FAM117B	8.82792969424918e-06
BCAN	8.84959479124981e-06
SLC17A9	8.87130240891396e-06
WASHC2C	8.89305260981488e-06
MATR3	8.91484545658723e-06
DCTN4	8.93668101192708e-06
MEF2D	8.95855933859192e-06
IL1RAP	8.98048049940076e-06
PAX3	9.00244455723409e-06
XAB2	9.02445157503396e-06
KIAA0408	9.04650161580395e-06
B4GALNT1	9.06859474260928e-06
IGF2BP1	9.09073101857678e-06
LONRF1	9.11291050689492e-06
WWP2	9.13513327081388e-06
PLA2G15	9.15739937364557e-06
ISYNA1	9.17970887876361e-06
TNKS2	9.20206184960344e-06
TAF6	9.22445834966228e-06
NNT	9.2468984424992e-06
EPHA6	9.26938219173514e-06
RAP1GDS1	9.29190966105293e-06
SBF1	9.31448091419735e-06
PTGER4	9.33709601497511e-06
FOXA1	9.35975502725493e-06
KBTBD4	9.38245801496755e-06
ZNF624	9.40520504210576e-06
HAS2	9.42799617272441e-06
SALL4	9.45083147094048e-06
ADAP1	9.4737110009331e-06
ALDH1L1	9.49663482694354e-06
PYGB	9.51960301327529e-06
HINFP	9.54261562429407e-06
DRD4	9.56567272442786e-06
CSPG4	9.58877437816693e-06
ASNS	9.61192065006387e-06
DNAH5	9.63511160473362e-06
VPS37D	9.6583473068535e-06
RBM27	9.68162782116325e-06
CCT6A	9.70495321246505e-06
PKD1	9.72832354562354e-06
DGKD	9.75173888556588e-06
CDK11B	9.77519929728174e-06
ITGA5	9.79870484582338e-06
GALNT4	9.82225559630563e-06
FAM149B1	9.84585161390594e-06
PPARGC1B	9.86949296386444e-06
ELOVL1	9.89317971148392e-06
RANBP17	9.91691192212989e-06
ERCC2	9.9406896612306e-06
CFAP70	9.96451299427708e-06
CTCFL	9.98838198682314e-06
P2RY1	1.00122967044855e-05
DHPS	1.00362572129436e-05
PLEKHO2	1.00602635779399e-05
KCTD2	1.00843158652797e-05
BTRC	1.01084141408314e-05
EGFR	1.01325584705262e-05
NYAP2	1.01567489203585e-05
TSHZ2	1.01809855563855e-05
CTIF	1.02052684447277e-05
GAK	1.02295976515685e-05
BCAS1	1.02539732431548e-05
SIK3	1.02783952857962e-05
TRIM9	1.03028638458657e-05
ACP7	1.03273789897998e-05
UEVLD	1.03519407840977e-05
IKZF3	1.03765492953224e-05
GSK3A	1.04012045900998e-05
NRF1	1.04259067351196e-05
GATAD1	1.04506557971343e-05
WWC2	1.04754518429604e-05
LRFN5	1.05002949394775e-05
CACNA1G	1.05251851536286e-05
GGT7	1.05501225524205e-05
GAREM2	1.05751072029232e-05
ATP13A2	1.06001391722705e-05
BTG3	1.06252185276597e-05
APPBP2	1.06503453363517e-05
KATNAL2	1.0675519665671e-05
LUZP1	1.07007415830059e-05
SHISA9	1.07260111558083e-05
FAT3	1.0751328451594e-05
SLC30A7	1.07766935379424e-05
CSNK1G1	1.08021064824966e-05
ZSCAN21	1.08275673529639e-05
AHNAK	1.08530762171151e-05
NCAN	1.08786331427851e-05
FOXJ2	1.09042381978726e-05
DEF6	1.09298914503403e-05
DMGDH	1.09555929682149e-05
ALKBH7	1.0981342819587e-05
IPPK	1.10071410726114e-05
SP2	1.10329877955068e-05
EPB41L3	1.10588830565563e-05
RBM25	1.10848269241067e-05
DHX16	1.11108194665692e-05
SCN3A	1.11368607524193e-05
ARHGAP12	1.11629508501964e-05
SLC24A4	1.11890898285046e-05
FNBP1L	1.12152777560117e-05
MAEA	1.12415147014504e-05
HSP90B1	1.12678007336174e-05
NOL10	1.12941359213737e-05
TJP3	1.1320520333645e-05
NOL9	1.13469540394213e-05
SMAD7	1.13734371077568e-05
VPS29	1.13999696077707e-05
RBM4	1.14265516086463e-05
CKMT1A	1.14531831796316e-05
KNL1	1.14798643900392e-05
APOBEC2	1.15065953092463e-05
HEPACAM	1.15333760066948e-05
RRN3	1.15602065518911e-05
TMEM175	1.15870870144064e-05
FOXC2	1.16140174638768e-05
NCOA6	1.16409979700028e-05
MTF1	1.166802860255e-05
ATP11A	1.16951094313487e-05
GPR26	1.17222405262941e-05
LMNA	1.17494219573463e-05
ITPRID2	1.17766537945302e-05
BHLHE41	1.18039361079357e-05
IMPAD1	1.18312689677177e-05
ZXDC	1.18586524440961e-05
TTLL9	1.18860866073558e-05
SLC35E2B	1.19135715278468e-05
OSBPL1A	1.19411072759842e-05
HDAC9	1.19686939222483e-05
L3MBTL2	1.19963315371843e-05
TFAP2C	1.20240201914028e-05
AATK	1.20517599555795e-05
PPP1CA	1.20795509004556e-05
UBE2E3	1.21073930968372e-05
MRC2	1.21352866155959e-05
UMPS	1.21632315276688e-05
ANO8	1.21912279040579e-05
KCNQ1	1.22192758158311e-05
ABCC2	1.22473753341215e-05
UBA6	1.22755265301275e-05
SYNDIG1	1.23037294751133e-05
ARHGAP26	1.23319842404084e-05
RREB1	1.2360290897408e-05
RFX4	1.23886495175727e-05
SLC5A6	1.24170601724288e-05
CAND1	1.24455229335683e-05
TRHR	1.24740378726487e-05
GPAM	1.25026050613934e-05
CFAP20	1.25312245715914e-05
PTPN4	1.25598964750974e-05
KCNS1	1.25886208438321e-05
PTGES2	1.26173977497817e-05
CWC22	1.26462272649986e-05
PPA1	1.26751094616009e-05
HERC2	1.27040444117726e-05
NCAPG2	1.27330321877636e-05
PPP1R16B	1.27620728618899e-05
ONECUT1	1.27911665065333e-05
CHD6	1.2820313194142e-05
PCMTD2	1.28495129972298e-05
ZNF300	1.28787659883768e-05
KAT7	1.29080722402294e-05
NTN1	1.29374318254998e-05
SOS1	1.29668448169666e-05
GARS	1.29963112874746e-05
GAL3ST3	1.30258313099347e-05
MGAT1	1.30554049573243e-05
SMAD5	1.30850323026869e-05
INTU	1.31147134191324e-05
ST5	1.31444483798371e-05
TSHZ1	1.31742372580436e-05
GNAI2	1.3204080127061e-05
MAP4K1	1.32339770602648e-05
LARP4B	1.3263928131097e-05
FOXB1	1.32939334130661e-05
SMYD2	1.33239929797473e-05
TGFBR3	1.3354106904782e-05
PPP1CB	1.33842752618785e-05
CIRBP	1.34144981248118e-05
MYH3	1.34447755674232e-05
INHBB	1.34751076636211e-05
IGDCC4	1.35054944873804e-05
DCLRE1A	1.35359361127427e-05
LNX2	1.35664326138165e-05
HBP1	1.35969840647771e-05
GABARAPL2	1.36275905398666e-05
CPNE9	1.36582521133941e-05
LCOR	1.36889688597354e-05
AAK1	1.37197408533333e-05
DOCK8	1.37505681686976e-05
NKD2	1.37814508804052e-05
INSYN2B	1.38123890630999e-05
SH2D4B	1.38433827914925e-05
ICMT	1.38744321403609e-05
PRDX3	1.39055371845503e-05
PIWIL2	1.39366979989728e-05
GCC2	1.39679146586078e-05
OGFRL1	1.39991872385019e-05
KLHL6	1.4030515813769e-05
FBXO30	1.406190045959e-05
ACAD11	1.40933412512135e-05
HDLBP	1.41248382639551e-05
NRL	1.41563915731978e-05
RASA1	1.41880012543921e-05
RAB15	1.42196673830559e-05
PGBD4	1.42513900347745e-05
AMER3	1.42831692852007e-05
NR2C1	1.43150052100547e-05
PRG4	1.43468978851243e-05
TSC22D1	1.4378847386265e-05
ARIH2	1.44108537893998e-05
UBASH3A	1.44429171705192e-05
SINHCAF	1.44750376056816e-05
NT5E	1.45072151710129e-05
MDM2	1.45394499427067e-05
UBR4	1.45717419970245e-05
FGD3	1.46040914102954e-05
XPC	1.46364982589166e-05
SMARCC1	1.46689626193528e-05
MED12L	1.47014845681367e-05
SLC12A6	1.4734064181869e-05
MINK1	1.47667015372181e-05
WBP11	1.47993967109207e-05
ACAP3	1.4832149779781e-05
LEF1	1.48649608206718e-05
NECTIN4	1.48978299105334e-05
MARCH11	1.49307571263745e-05
CACNA2D3	1.4963742545272e-05
PRMT9	1.49967862443705e-05
XPO5	1.50298883008833e-05
GAPDH	1.50630487920915e-05
VPS36	1.50962677953445e-05
ATG7	1.51295453880602e-05
VPS45	1.51628816477246e-05
LBX1	1.5196276651892e-05
KLHL10	1.5229730478185e-05
CACNG2	1.52632432042948e-05
STK38L	1.52968149079808e-05
DENND5B	1.5330445667071e-05
BRWD1	1.53641355594618e-05
DPAGT1	1.5397884663118e-05
NOVA2	1.5431693056073e-05
ASZ1	1.54655608164289e-05
LRRC24	1.54994880223563e-05
CDYL2	1.55334747520943e-05
RAB2A	1.55675210839507e-05
CCDC157	1.56016270963022e-05
CHST15	1.56357928675939e-05
MYH14	1.56700184763398e-05
SCN9A	1.57043040011228e-05
TULP1	1.57386495205942e-05
TWNK	1.57730551134747e-05
KDM2B	1.58075208585533e-05
EBNA1BP2	1.58420468346882e-05
CNTNAP4	1.58766331208066e-05
FUT11	1.59112797959044e-05
MAP7D1	1.59459869390466e-05
RELB	1.59807546293672e-05
WT1	1.60155829460694e-05
ARHGAP31	1.60504719684252e-05
DENR	1.60854217757759e-05
PPAT	1.61204324475318e-05
HOMER2	1.61555040631726e-05
LRRC36	1.61906367022468e-05
COL18A1	1.62258304443725e-05
TMEM39A	1.62610853692369e-05
VSIG8	1.62964015565965e-05
STIMATE	1.63317790862771e-05
MED31	1.63672180381738e-05
MITF	1.64027184922511e-05
STX18	1.64382805285431e-05
APLP1	1.6473904227153e-05
TMEM136	1.65095896682537e-05
FAM49B	1.65453369320876e-05
HSPA12A	1.65811460989664e-05
STRADA	1.66170172492716e-05
C3orf38	1.66529504634542e-05
RBBP4	1.66889458220348e-05
FUS	1.67250034056036e-05
DTX2	1.67611232948207e-05
MAP2K5	1.67973055704155e-05
CDC23	1.68335503131876e-05
PACSIN3	1.68698576040061e-05
SPARC	1.69062275238099e-05
ODR4	1.69426601536077e-05
SF3A2	1.69791555744782e-05
LAP3	1.701571386757e-05
VWC2L	1.70523351141014e-05
HIST1H2AE	1.70890193953608e-05
DGKA	1.71257667927067e-05
HTRA2	1.71625773875673e-05
SOX30	1.7199451261441e-05
GON4L	1.72363884958964e-05
EIF2S1	1.7273389172572e-05
XPOT	1.73104533731765e-05
TRERF1	1.73475811794887e-05
RNF38	1.73847726733578e-05
CNTLN	1.7422027936703e-05
HNRNPH1	1.74593470515137e-05
ANKS1B	1.74967300998499e-05
BACH1	1.75341771638416e-05
DDR2	1.75716883256892e-05
AGBL4	1.76092636676636e-05
SNRNP40	1.76469032721059e-05
RAB30	1.76846072214279e-05
SLC5A3	1.77223755981116e-05
COL22A1	1.77602084847097e-05
ZNF410	1.77981059638452e-05
CHRDL2	1.78360681182118e-05
LZTS3	1.78740950305738e-05
SLC18A3	1.7912186783766e-05
ALX4	1.7950343460694e-05
GRAMD4	1.79885651443338e-05
VPS35	1.80268519177324e-05
DNAJC6	1.80652038640075e-05
CYP51A1	1.81036210663472e-05
FAM186A	1.81421036080109e-05
SOX4	1.81806515723285e-05
ZNF713	1.82192650427008e-05
PPP2R5A	1.82579441025996e-05
RBCK1	1.82966888355674e-05
SSH2	1.83354993252179e-05
SEC63	1.83743756552356e-05
VPS53	1.8413317909376e-05
TRIM29	1.84523261714658e-05
PRPF39	1.84914005254025e-05
KIF6	1.8530541055155e-05
ZNF775	1.8569747844763e-05
GJC2	1.86090209783377e-05
ZNF324B	1.86483605400611e-05
NCOA2	1.86877666141868e-05
TEAD3	1.87272392850393e-05
PRMT1	1.87667786370146e-05
STXBP4	1.88063847545799e-05
HJURP	1.88460577222739e-05
ZBTB8A	1.88857976247064e-05
SAMD9	1.89256045465588e-05
PRKACB	1.89654785725839e-05
GJD2	1.90054197876058e-05
CHST8	1.90454282765202e-05
KCNG2	1.90855041242945e-05
PRKAG2	1.91256474159672e-05
MEX3A	1.91658582366489e-05
SEMA5B	1.92061366715213e-05
DNAJB11	1.92464828058381e-05
ROBO4	1.92868967249246e-05
DNER	1.93273785141776e-05
PTGS2	1.93679282590659e-05
BUB3	1.94085460451298e-05
SCAMP2	1.94492319579816e-05
UBE2K	1.94899860833053e-05
ZNF606	1.95308085068569e-05
ASAP1	1.95716993144639e-05
VAT1L	1.96126585920262e-05
PLPPR1	1.96536864255152e-05
TMEM67	1.96947829009747e-05
PARP6	1.973594810452e-05
CNGA1	1.97771821223389e-05
IQSEC1	1.9818485040691e-05
NME7	1.9859856945908e-05
MON1B	1.99012979243938e-05
PAAF1	1.99428080626243e-05
NR1D2	1.99843874471479e-05
STAT5A	2.00260361645848e-05
TOX4	2.00677543016277e-05
AMPD1	2.01095419450416e-05
FANCM	2.01513991816635e-05
HEXA	2.01933260984031e-05
DHX35	2.02353227822423e-05
CLEC17A	2.02773893202353e-05
ZNF207	2.03195257995088e-05
ERBB4	2.0361732307262e-05
LARP1B	2.04040089307666e-05
PRKAR2A	2.04463557573666e-05
ADAMTS6	2.04887728744788e-05
VPS11	2.05312603695924e-05
CLVS2	2.05738183302693e-05
METTL14	2.0616446844144e-05
PIK3R1	2.06591459989236e-05
AGBL3	2.07019158823879e-05
C6orf106	2.07447565823896e-05
POLDIP2	2.07876681868539e-05
FNBP4	2.0830650783779e-05
C20orf194	2.08737044612357e-05
GFRA3	2.09168293073679e-05
LIPE	2.09600254103921e-05
PRUNE2	2.10032928585978e-05
SLC18A2	2.10466317403476e-05
HAPLN2	2.10900421440768e-05
KIRREL1	2.11335241582939e-05
FLRT2	2.11770778715803e-05
DDX39A	2.12207033725906e-05
XPNPEP1	2.12644007500522e-05
CAVIN1	2.13081700927658e-05
PRMT2	2.13520114896054e-05
CLPX	2.1395925029518e-05
RASGRP1	2.14399108015236e-05
PDZD7	2.14839688947159e-05
CCNL1	2.15280993982614e-05
NUP54	2.15723024014003e-05
ZBTB41	2.16165779934457e-05
EHD2	2.16609262637845e-05
DENND5A	2.17053473018768e-05
UXS1	2.17498411972558e-05
COLGALT1	2.17944080395287e-05
CHST2	2.18390479183759e-05
KAT2A	2.18837609235511e-05
RPL9	2.1928547144882e-05
RFFL	2.19734066722695e-05
SPOP	2.20183395956882e-05
RPS6KA1	2.20633460051863e-05
WDR43	2.21084259908858e-05
CLPP	2.21535796429822e-05
MYH7	2.21988070517449e-05
CDC14B	2.22441083075169e-05
ZIC1	2.22894835007149e-05
DTWD2	2.23349327218297e-05
WASHC4	2.23804560614257e-05
WASF2	2.24260536101412e-05
GPR62	2.24717254586885e-05
ELF3	2.25174716978537e-05
TMEM107	2.25632924184969e-05
IFT80	2.26091877115523e-05
EPHA5	2.2655157668028e-05
TNS2	2.27012023790062e-05
HOXC6	2.2747321935643e-05
OMG	2.27935164291689e-05
GJA1	2.28397859508884e-05
FAM13B	2.28861305921801e-05
CENPF	2.2932550444497e-05
KIRREL3	2.2979045599366e-05
ATG4C	2.30256161483886e-05
KIAA2013	2.30722621832403e-05
MBTD1	2.31189837956713e-05
PLEKHG3	2.31657810775057e-05
DNAJC27	2.32126541206424e-05
NF2	2.32596030170543e-05
SHISA7	2.33066278587891e-05
KIF20A	2.33537287379687e-05
BCL6B	2.34009057467898e-05
IRF2BP2	2.34481589775232e-05
KDM4C	2.34954885225147e-05
USO1	2.35428944741845e-05
SAAL1	2.35903769250273e-05
DESI1	2.36379359676127e-05
RCOR1	2.36855716945848e-05
ABCB4	2.37332841986624e-05
ZNF821	2.37810735726393e-05
POFUT2	2.38289399093837e-05
KCNK9	2.38768833018389e-05
XKR4	2.39249038430229e-05
PCDH7	2.39730016260285e-05
CPSF1	2.40211767440236e-05
TDRKH	2.40694292902508e-05
PKM	2.41177593580277e-05
OSER1	2.41661670407471e-05
DLX3	2.42146524318766e-05
CPNE6	2.42632156249588e-05
STRIP1	2.43118567136115e-05
PCMT1	2.43605757915277e-05
RUNDC3A	2.44093729524752e-05
STAU2	2.44582482902973e-05
FBXL20	2.45072018989123e-05
CLPTM1L	2.45562338723138e-05
GSAP	2.46053443045706e-05
DOHH	2.4654533289827e-05
ADSS	2.47038009223022e-05
SRGAP1	2.47531472962912e-05
SLC25A25	2.4802572506164e-05
AP2B1	2.48520766463662e-05
USP48	2.49016598114189e-05
TTLL1	2.49513220959184e-05
PLCB3	2.50010635945368e-05
VDR	2.50508844020216e-05
CSGALNACT1	2.51007846131958e-05
ADGRA3	2.5150764322958e-05
TIA1	2.52008236262825e-05
PPIC	2.52509626182191e-05
TMEM102	2.53011813938935e-05
PPIL2	2.53514800485069e-05
MORC1	2.54018586773364e-05
ZNF883	2.54523173757347e-05
ADCK2	2.55028562391304e-05
RAD54L2	2.5553475363028e-05
GAS2L1	2.56041748430076e-05
MPP2	2.56549547747255e-05
LRRIQ1	2.57058152539137e-05
RDH10	2.57567563763802e-05
COPB1	2.58077782380091e-05
FOLH1	2.58588809347604e-05
ASB4	2.591006456267e-05
ANKRD27	2.59613292178501e-05
ACER2	2.6012674996489e-05
CUL9	2.6064101994851e-05
HAO1	2.61156103092765e-05
RBM38	2.61672000361823e-05
NEMP2	2.62188712720613e-05
BEND3	2.62706241134826e-05
HMCN1	2.63224586570918e-05
MTX2	2.63743749996105e-05
NFE2L2	2.64263732378368e-05
SYNE2	2.64784534686452e-05
XYLT1	2.65306157889867e-05
ANAPC7	2.65828602958883e-05
HSD17B2	2.6635187086454e-05
OXR1	2.6687596257864e-05
PDE1C	2.6740087907375e-05
RORA	2.67926621323204e-05
TSPAN33	2.68453190301101e-05
ALS2CL	2.68980586982305e-05
SYNM	2.69508812342449e-05
C12orf4	2.7003786735793e-05
SUN2	2.70567753005914e-05
SEMA3A	2.71098470264334e-05
HOXA7	2.7163002011189e-05
H2AFX	2.72162403528049e-05
MUC13	2.72695621493049e-05
NCSTN	2.73229674987895e-05
SRPK2	2.73764564994359e-05
MYH8	2.74300292494986e-05
PNPLA1	2.74836858473086e-05
KANSL2	2.75374263912744e-05
POLI	2.75912509798809e-05
CIAO2B	2.76451597116906e-05
FOXL2	2.76991526853427e-05
ZNF384	2.77532299995536e-05
WEE1	2.78073917531169e-05
OPRL1	2.78616380449031e-05
SNX11	2.79159689738603e-05
TOP2A	2.79703846390134e-05
EPB42	2.80248851394648e-05
RUSC2	2.80794705743941e-05
SPTLC2	2.81341410430583e-05
C1QTNF4	2.81888966447914e-05
BCKDK	2.82437374790053e-05
ZNF850	2.82986636451888e-05
C7	2.83536752429084e-05
NIPSNAP1	2.8408772371808e-05
PKNOX1	2.84639551316089e-05
CDH11	2.85192236221101e-05
B3GAT1	2.8574577943188e-05
ETS1	2.86300181947965e-05
ZNF629	2.86855444769674e-05
ZNF382	2.87411568898099e-05
NAP1L1	2.87968555335108e-05
BMP4	2.88526405083349e-05
RBM22	2.89085119146245e-05
IRF1	2.89644698527996e-05
ST6GAL1	2.90205144233582e-05
NUMB	2.9076645726876e-05
NFYB	2.91328638640065e-05
FAM208A	2.91891689354812e-05
PTPN9	2.92455610421094e-05
DHX29	2.93020402847785e-05
RBBP6	2.93586067644537e-05
ZHX3	2.94152605821781e-05
KCNA5	2.94720018390732e-05
PITX3	2.95288306363383e-05
FKBP1B	2.95857470752507e-05
LPAR3	2.96427512571661e-05
FGFR1	2.96998432835182e-05
AADAT	2.97570232558188e-05
LFNG	2.98142912756579e-05
CASKIN2	2.98716474447041e-05
SPECC1L	2.99290918647038e-05
ACRV1	2.9986624637482e-05
DNAJB13	3.00442458649419e-05
CEP164	3.0101955649065e-05
TOR1AIP1	3.01597540919115e-05
CS	3.02176412956196e-05
MYO18A	3.02756173624063e-05
CDK4	3.03336823945669e-05
HGFAC	3.03918364944752e-05
HRAS	3.04500797645837e-05
SH2B3	3.05084123074233e-05
HNRNPLL	3.05668342256035e-05
SYN3	3.06253456218126e-05
PRKAR2B	3.06839465988174e-05
CYR61	3.07426372594635e-05
ATP2A2	3.08014177066752e-05
ANAPC1	3.08602880434555e-05
PTPRE	3.09192483728862e-05
LLGL1	3.0978298798128e-05
ERC2	3.10374394224202e-05
NDUFS1	3.10966703490814e-05
KHDRBS3	3.11559916815086e-05
NOMO3	3.12154035231782e-05
CRY2	3.12749059776452e-05
DSE	3.13344991485438e-05
SLC16A12	3.13941831395871e-05
PPP2R3C	3.14539580545674e-05
COL4A3	3.1513823997356e-05
COL14A1	3.15737810719033e-05
SCN11A	3.16338293822388e-05
ERP44	3.16939690324713e-05
TMEM208	3.17542001267888e-05
PINX1	3.18145227694585e-05
WDR20	3.18749370648267e-05
PPP4R1	3.19354431173192e-05
CARNMT1	3.19960410314412e-05
CLN5	3.20567309117769e-05
STIM2	3.21175128629903e-05
ABCC3	3.21783869898245e-05
SLC4A10	3.22393533971023e-05
GID4	3.23004121897257e-05
WNT9A	3.23615634726765e-05
HDAC5	3.24228073510158e-05
TARS	3.24841439298845e-05
AP2A2	3.25455733145028e-05
ZDHHC5	3.26070956101707e-05
RBPJL	3.2668710922268e-05
MIOS	3.27304193562539e-05
REPIN1	3.27922210176674e-05
AEBP2	3.28541160121275e-05
TUSC2	3.29161044453326e-05
CDH7	3.29781864230612e-05
APP	3.30403620511714e-05
LRRN1	3.31026314356014e-05
HOXD9	3.31649946823692e-05
NMBR	3.32274518975727e-05
FPGS	3.32900031873898e-05
BCL2L12	3.33526486580783e-05
ZFP28	3.34153884159761e-05
TNFSF15	3.34782225675012e-05
SSTR3	3.35411512191516e-05
MX2	3.36041744775055e-05
KIAA0930	3.36672924492211e-05
WNT7B	3.37305052410368e-05
ATP1A4	3.37938129597713e-05
ATAD3A	3.38572157123235e-05
CBLN4	3.39207136056725e-05
SCN10A	3.39843067468777e-05
ERCC5	3.40479952430789e-05
CYP2U1	3.41117792014962e-05
THSD7B	3.41756587294301e-05
TBX19	3.42396339342614e-05
SLC8A3	3.43037049234515e-05
NOS1AP	3.43678718045422e-05
BEST2	3.44321346851558e-05
ERCC4	3.44964936729952e-05
GAS2	3.45609488758437e-05
COIL	3.46255004015654e-05
ATL1	3.46901483581048e-05
RNF145	3.47548928534873e-05
ZNF638	3.48197339958188e-05
PPP2R2B	3.4884671893286e-05
SIAH1	3.49497066541563e-05
RAB40C	3.50148383867778e-05
COPA	3.50800671995797e-05
DNAJC8	3.51453932010716e-05
ZC3H13	3.52108164998443e-05
DIPK1C	3.52763372045693e-05
SNAP91	3.53419554239993e-05
ZNF768	3.54076712669676e-05
KCNAB1	3.54734848423887e-05
RHOBTB2	3.5539396259258e-05
VPS50	3.56054056266521e-05
LIG4	3.56715130537285e-05
KALRN	3.5737718649726e-05
POU6F2	3.58040225239644e-05
TTC37	3.58704247858446e-05
GPR171	3.59369255448488e-05
PIP4P1	3.60035249105405e-05
AKT3	3.60702229925643e-05
CTNND1	3.61370199006462e-05
FNTB	3.62039157445934e-05
MARK3	3.62709106342947e-05
RAB3D	3.63380046797199e-05
EDF1	3.64051979909205e-05
FUCA2	3.64724906780292e-05
TRAF3	3.65398828512606e-05
ACOT7	3.66073746209102e-05
RIPK1	3.66749660973555e-05
SLC26A11	3.67426573910554e-05
PEA15	3.68104486125503e-05
DRD2	3.68783398724624e-05
CACNA2D1	3.69463312814953e-05
BMP3	3.70144229504346e-05
SUPT16H	3.70826149901473e-05
ZBTB1	3.71509075115823e-05
KDM2A	3.72193006257702e-05
TTL	3.72877944438236e-05
PRRC2B	3.73563890769367e-05
APOD	3.74250846363855e-05
POLM	3.74938812335282e-05
CKB	3.75627789798046e-05
ZNF496	3.76317779867368e-05
KCND2	3.77008783659284e-05
GABRG1	3.77700802290654e-05
GNPDA2	3.78393836879158e-05
ATP2C2	3.79087888543295e-05
HYOU1	3.79782958402386e-05
KRT14	3.80479047576574e-05
EHMT2	3.81176157186822e-05
RPLP0	3.81874288354916e-05
BAG6	3.82573442203464e-05
CBLN1	3.83273619855896e-05
ZKSCAN5	3.83974822436467e-05
KRR1	3.84677051070251e-05
FAM76A	3.8538030688315e-05
ZRANB1	3.86084591001887e-05
FGF10	3.86789904554009e-05
GINS2	3.87496248667889e-05
STAT3	3.88203624472722e-05
POU2F2	3.88912033098531e-05
TEAD1	3.89621475676162e-05
HIC2	3.90331953337287e-05
DHX33	3.91043467214405e-05
VWCE	3.91756018440839e-05
CCNG2	3.92469608150741e-05
DDX49	3.93184237479088e-05
TNIP1	3.93899907561684e-05
MRPL22	3.94616619535162e-05
SERINC3	3.95334374536979e-05
CD2BP2	3.96053173705425e-05
KIF4B	3.96773018179615e-05
ZNF219	3.97493909099492e-05
DCBLD2	3.9821584760583e-05
GAB2	3.98938834840231e-05
PDS5A	3.99662871945126e-05
MYO7A	4.00387960063778e-05
BRIP1	4.01114100340277e-05
ANGPTL2	4.01841293919546e-05
LPA	4.02569541947336e-05
ADCY3	4.03298845570232e-05
SFMBT2	4.04029205935648e-05
ARMC5	4.0476062419183e-05
NXF1	4.05493101487857e-05
SAP18	4.06226638973638e-05
PCOLCE	4.06961237799917e-05
PDE12	4.07696899118269e-05
SCRN3	4.08433624081103e-05
CCDC125	4.09171413841661e-05
PLOD3	4.09910269554018e-05
RBM33	4.10650192373084e-05
EXOC8	4.11391183454603e-05
ARHGAP39	4.12133243955154e-05
NFKBIL1	4.1287637503215e-05
DDX1	4.1362057784384e-05
SLC1A6	4.14365853549307e-05
RNF111	4.15112203308471e-05
CALN1	4.1585962828209e-05
PLEKHF2	4.16608129631754e-05
CPEB4	4.17357708519894e-05
ALKBH5	4.18108366109774e-05
NAA30	4.18860103565499e-05
IPO9	4.1961292205201e-05
BBS7	4.20366822735084e-05
KLHDC2	4.2112180678134e-05
PLAU	4.21877875358233e-05
PPM1A	4.22635029634057e-05
ESRRA	4.23393270777945e-05
FAF1	4.24152599959871e-05
DNAJC17	4.24913018350648e-05
TNS1	4.25674527121927e-05
STX1B	4.26437127446201e-05
RPH3A	4.27200820496805e-05
FCHO2	4.27965607447913e-05
DNM3	4.2873148947454e-05
WNK1	4.29498467752543e-05
ALG6	4.30266543458622e-05
ACSS1	4.31035717770318e-05
CADPS	4.31805991866013e-05
PLG	4.32577366924936e-05
NDRG4	4.33349844127154e-05
PISD	4.3412342465358e-05
ATP9A	4.34898109685972e-05
ZC3HAV1	4.35673900406928e-05
ATOH1	4.36450797999894e-05
CDC37	4.37228803649158e-05
CTPS1	4.38007918539855e-05
WDR75	4.38788143857962e-05
TLX2	4.39569480790306e-05
PEX6	4.40351930524555e-05
NUP93	4.41135494249226e-05
EXOC1	4.41920173153681e-05
TRIM55	4.42705968428131e-05
DVL3	4.4349288126363e-05
FIS1	4.44280912852082e-05
AQP3	4.45070064386239e-05
CELF3	4.45860337059698e-05
GPHN	4.46651732066908e-05
WDTC1	4.47444250603163e-05
PLK3	4.48237893864607e-05
PGAM5	4.49032663048234e-05
PHF13	4.49828559351887e-05
EIF2B5	4.50625583974258e-05
ZNF286A	4.51423738114888e-05
SLC38A2	4.52223022974171e-05
TPP2	4.53023439753349e-05
SPTY2D1	4.53824989654517e-05
TLNRD1	4.54627673880619e-05
BTBD2	4.55431493635453e-05
DCUN1D4	4.56236450123666e-05
OLFM1	4.57042544550759e-05
GALNT3	4.57849778123085e-05
CRHBP	4.58658152047849e-05
MOV10	4.59467667533111e-05
UCKL1	4.60278325787781e-05
MRPS18B	4.61090128021624e-05
DNM2	4.61903075445262e-05
ARHGEF10L	4.62717169270166e-05
WDR48	4.63532410708664e-05
TBC1D23	4.6434880097394e-05
ALDH2	4.65166341280032e-05
BACE1	4.65985032841831e-05
DHX9	4.66804876875089e-05
HMBS	4.67625874596408e-05
SH3BP4	4.68448027223251e-05
NR2C2	4.69271335973936e-05
GIGYF2	4.70095802067636e-05
TERF2IP	4.70921426724385e-05
WDR31	4.71748211165071e-05
GSDME	4.72576156611442e-05
PCDH17	4.73405264286103e-05
DHCR24	4.74235535412518e-05
NVL	4.7506697121501e-05
TSPAN3	4.7589957291876e-05
MPRIP	4.76733341749808e-05
MAPK4	4.77568278935056e-05
ZNF862	4.78404385702263e-05
BHLHE22	4.7924166328005e-05
PKP4	4.80080112897899e-05
PRPF18	4.80919735786152e-05
WDR34	4.81760533176011e-05
DYNLL2	4.82602506299541e-05
UCHL1	4.83445656389668e-05
STAT5B	4.8428998468018e-05
AP3D1	4.85135492405729e-05
CASZ1	4.85982180801827e-05
IZUMO1	4.8683005110485e-05
PDLIM5	4.87679104552039e-05
VEGFB	4.88529342381495e-05
INSM2	4.89380765832187e-05
CATSPERE	4.90233376143944e-05
CMIP	4.91087174557462e-05
NPHP4	4.91942162314301e-05
DUSP6	4.92798340656888e-05
PPP3CC	4.93655710828511e-05
MMP25	4.94514274073327e-05
SGSH	4.95374031636359e-05
KCNJ15	4.96234984763495e-05
RIMBP2	4.9709713470149e-05
PER1	4.97960482697965e-05
RETREG2	4.9882503000141e-05
AGPAT4	4.99690777861182e-05
SHF	5.00557727527503e-05
PLCD3	5.01425880251468e-05
FCHSD2	5.02295237285036e-05
EHD4	5.03165799881037e-05
TTLL11	5.04037569293169e-05
LPCAT2	5.04910546775999e-05
LRP12	5.05784733584966e-05
HSP90AA1	5.06660130976375e-05
TRIM47	5.07536740207405e-05
ZFAT	5.08414562536102e-05
TACC2	5.09293599221386e-05
FZD7	5.10173851523045e-05
RPS6KA2	5.11055320701741e-05
SMC5	5.11938008019007e-05
MOCS1	5.12821914737247e-05
OLFM3	5.13707042119738e-05
B3GNT7	5.14593391430629e-05
MFF	5.15480963934943e-05
CFAP97	5.16369760898576e-05
SPEG	5.17259783588296e-05
NBAS	5.18151033271747e-05
ZC3H12A	5.19043511217446e-05
BEND4	5.19937218694783e-05
CSK	5.20832156974026e-05
DNAJB9	5.21728327326315e-05
SLC15A2	5.22625731023666e-05
GLG1	5.23524369338972e-05
IDE	5.24424243546e-05
ZNF296	5.25325354919395e-05
IRF9	5.26227704734677e-05
TADA2B	5.27131294268244e-05
TRA2A	5.28036124797371e-05
TRIOBP	5.28942197600209e-05
VCPIP1	5.29849513955789e-05
NUBPL	5.30758075144017e-05
ZFP36L1	5.3166788244568e-05
GAL3ST4	5.32578937142443e-05
SPINDOC	5.33491240516849e-05
CTSF	5.34404793852322e-05
DPYSL3	5.35319598433163e-05
RALGPS2	5.36235655544556e-05
NEUROD4	5.37152966472561e-05
RAD54B	5.38071532504122e-05
RASL10A	5.38991354927064e-05
RAB5C	5.39912435030089e-05
TFAP2D	5.40834774102784e-05
SYTL1	5.41758373435617e-05
GRM2	5.42683234319937e-05
TGFB1	5.43609358047977e-05
LPCAT3	5.44536745912849e-05
TMX2	5.45465399208552e-05
PPL	5.46395319229965e-05
RNF103	5.47326507272853e-05
VANGL2	5.48258964633862e-05
SYT10	5.49192692610526e-05
ADAM9	5.50127692501258e-05
KIAA1549	5.51063965605361e-05
CNTN5	5.5200151322302e-05
SUMO3	5.52940336655304e-05
AKAP9	5.53880437204172e-05
VWC2	5.54821816172465e-05
ARHGEF4	5.55764474863911e-05
CISD2	5.56708414583125e-05
NAV2	5.57653636635609e-05
PPP1R15B	5.58600142327752e-05
RSBN1L	5.5954793296683e-05
SLC44A1	5.60497009861006e-05
ADAMTS18	5.61447374319333e-05
MAP3K9	5.62399027651749e-05
FZD2	5.63351971169085e-05
SUPT6H	5.64306206183058e-05
SNTA1	5.65261734006273e-05
LIN7C	5.66218555952228e-05
PTPRJ	5.67176673335308e-05
REST	5.68136087470789e-05
WWTR1	5.69096799674838e-05
MARS	5.70058811264513e-05
PBK	5.7102212355776e-05
RAD52	5.71986737873419e-05
HIPK1	5.72952655531222e-05
MEPCE	5.73919877851792e-05
BBIP1	5.74888406156643e-05
HDAC7	5.75858241768183e-05
PEAK1	5.76829386009713e-05
IPCEF1	5.77801840205426e-05
KCTD9	5.7877560568041e-05
PDIA4	5.79750683760644e-05
UBE2J2	5.80727075773003e-05
KLF16	5.81704783045257e-05
UBXN7	5.82683806906069e-05
PPP1R18	5.83664148684998e-05
MAGI3	5.84645809712497e-05
ESRRG	5.85628791319916e-05
GABRR2	5.86613094839499e-05
NUFIP2	5.87598721604389e-05
TMED3	5.88585672948622e-05
TFAP2B	5.89573950207133e-05
ZNF860	5.90563554715753e-05
NEBL	5.91554487811212e-05
TYMS	5.92546750831134e-05
KCNK10	5.93540345114046e-05
MTR	5.94535271999369e-05
STXBP5L	5.95531532827424e-05
SFXN1	5.96529128939432e-05
ZBTB6	5.9752806167751e-05
FBXO33	5.98528332384679e-05
NELFCD	5.99529942404855e-05
SARS	6.00532893082858e-05
ASCC2	6.01537185764406e-05
RNF123	6.02542821796118e-05
HCN3	6.03549802525515e-05
VWA3B	6.04558129301018e-05
PIK3CG	6.05567803471949e-05
PHB	6.06578826388534e-05
TP53BP1	6.07591199401901e-05
HMX2	6.08604923864078e-05
H2AFV	6.09620001127998e-05
DDX27	6.10636432547495e-05
PA2G4	6.1165421947731e-05
ARF4	6.12673363273084e-05
PITPNM1	6.13693865291363e-05
TM9SF3	6.14715726889599e-05
MRTFB	6.15738949426146e-05
FES	6.16763534260264e-05
TSHZ3	6.17789482752119e-05
TMTC4	6.18816796262782e-05
ERI1	6.19845476154228e-05
CKMT2	6.20875523789341e-05
ERF	6.21906940531909e-05
STK40	6.22939727746628e-05
NPHS2	6.23973886799101e-05
ASB7	6.25009419055837e-05
BHLHE40	6.26046325884255e-05
UGCG	6.27084608652678e-05
SF3B6	6.28124268730342e-05
CALM1	6.29165307487388e-05
HEYL	6.30207726294868e-05
RTN4IP1	6.3125152652474e-05
SIL1	6.32296709549875e-05
TECTB	6.33343276744051e-05
SLC9A1	6.34391229481957e-05
MAPKAPK5	6.35440569139194e-05
GLI2	6.3649129709227e-05
RNF146	6.37543414718608e-05
NEXN	6.38596923396538e-05
TAF11	6.39651824505305e-05
ARTN	6.40708119425064e-05
KCTD4	6.41765809536882e-05
DNAI2	6.4282489622274e-05
SLC25A4	6.4388538086553e-05
INTS2	6.44947264849058e-05
ACTR3B	6.46010549558043e-05
EMX1	6.47075236378117e-05
BBS4	6.48141326695828e-05
HNRNPA2B1	6.49208821898636e-05
RASL10B	6.50277723374916e-05
PLCXD3	6.51348032513958e-05
SHISA8	6.52419750705968e-05
SARNP	6.53492879342067e-05
HMGB1	6.5456741981429e-05
RPL10A	6.55643373515591e-05
DDX24	6.56720741839838e-05
GLUL	6.57799526181817e-05
DPF3	6.5887972793723e-05
RMND5B	6.59961348502697e-05
ZFR2	6.61044389275755e-05
PTPN1	6.6212885165486e-05
ARL10	6.63214737039383e-05
INO80	6.64302046829618e-05
KLF3	6.65390782426774e-05
DDX6	6.66480945232981e-05
ELMOD1	6.67572536651287e-05
SAP30L	6.68665558085662e-05
PKN2	6.69760010940994e-05
CORIN	6.7085589662309e-05
KIF1BP	6.71953216538682e-05
ADGRE5	6.73051972095418e-05
TOM1	6.74152164701871e-05
POLR1A	6.75253795767532e-05
NEFM	6.76356866702816e-05
BTBD11	6.77461378919061e-05
ME2	6.78567333828524e-05
MCU	6.79674732844388e-05
PDGFD	6.80783577380758e-05
DAXX	6.8189386885266e-05
AGBL2	6.83005608676048e-05
TDG	6.84118798267795e-05
KIAA0895	6.85233439045702e-05
ITPR2	6.86349532428493e-05
SOX17	6.87467079835816e-05
UBL5	6.88586082688246e-05
CLIP1	6.89706542407281e-05
NEUROD6	6.90828460415347e-05
PCDHGA3	6.91951838135795e-05
GATAD2A	6.93076676992902e-05
ANKDD1A	6.94202978411872e-05
SNX33	6.95330743818836e-05
TTC39A	6.96459974640852e-05
COL5A2	6.97590672305905e-05
BRINP2	6.98722838242908e-05
RPP25	6.99856473881704e-05
ALG11	7.00991580653061e-05
SLC16A1	7.02128159988679e-05
NECAP1	7.03266213321184e-05
CAPNS1	7.04405742084134e-05
OR4P4	7.05546747712016e-05
C6orf132	7.06689231640245e-05
FTH1	7.07833195305169e-05
NEU1	7.08978640144063e-05
PTPRK	7.10125567595138e-05
KLF11	7.1127397909753e-05
EDNRB	7.12423876091311e-05
KIF22	7.13575260017483e-05
FOXO3	7.14728132317981e-05
SLC6A6	7.15882494435671e-05
ESCO2	7.17038347814352e-05
RMDN3	7.18195693898756e-05
DUSP7	7.19354534134549e-05
BBS5	7.2051486996833e-05
EMG1	7.21676702847631e-05
HYPK	7.22840034220919e-05
SOST	7.24004865537597e-05
RFWD3	7.25171198247999e-05
ZFP2	7.26339033803396e-05
SEPT7	7.27508373655997e-05
DCP2	7.28679219258941e-05
ECE1	7.29851572066309e-05
FSCN1	7.31025433533113e-05
RYK	7.32200805115306e-05
ICAM5	7.33377688269774e-05
PPP3CB	7.34556084454342e-05
TPCN1	7.35735995127774e-05
ZNF490	7.36917421749768e-05
PEX5L	7.38100365780964e-05
TUBB	7.39284828682938e-05
CHML	7.40470811918205e-05
CORO2A	7.41658316950219e-05
MCMDC2	7.42847345243374e-05
DGAT2	7.44037898263003e-05
PUS7	7.45229977475379e-05
NPFFR1	7.46423584347714e-05
FOS	7.47618720348163e-05
MFAP4	7.48815386945819e-05
STARD10	7.50013585610719e-05
MYD88	7.51213317813839e-05
CKS1B	7.52414585027098e-05
SRD5A1	7.53617388723355e-05
C19orf66	7.54821730376415e-05
RAI14	7.56027611461022e-05
IKBKB	7.57235033452863e-05
VOPP1	7.58443997828573e-05
GNB4	7.59654506065723e-05
REM1	7.60866559642835e-05
LAMB2	7.6208016003937e-05
SEMA4B	7.63295308735736e-05
SORCS3	7.64512007213284e-05
DLGAP3	7.65730256954312e-05
PSMD1	7.66950059442062e-05
TFCP2	7.68171416160722e-05
RDX	7.69394328595425e-05
PRKACA	7.70618798232252e-05
MARCH1	7.71844826558229e-05
SF3B1	7.73072415061329e-05
ARHGAP33	7.74301565230473e-05
DDR1	7.75532278555529e-05
KLF4	7.76764556527312e-05
TRIM26	7.77998400637585e-05
COQ3	7.79233812379061e-05
RALGAPA2	7.80470793245401e-05
TMEM132D	7.81709344731213e-05
TDRD9	7.82949468332057e-05
USF3	7.8419116554444e-05
BUD31	7.85434437865821e-05
GTF2H3	7.86679286794608e-05
ZFAND3	7.8792571383016e-05
ST8SIA5	7.89173720472785e-05
ZFP82	7.90423308223745e-05
ETV5	7.9167447858525e-05
HS3ST3B1	7.92927233060465e-05
PCGF3	7.94181573153505e-05
DDX55	7.95437500369437e-05
LMX1A	7.96695016214282e-05
RAP2A	7.97954122195012e-05
NANP	7.99214819819553e-05
GSTA3	8.00477110596786e-05
PPP1R13B	8.01740996036543e-05
HOMEZ	8.03006477649612e-05
MYORG	8.04273556947735e-05
TBC1D16	8.05542235443607e-05
PLPPR5	8.06812514650881e-05
CTNNBL1	8.08084396084163e-05
YPEL4	8.09357881259015e-05
GRID1	8.10632971691955e-05
SOX7	8.11909668900458e-05
IQGAP1	8.13187974402955e-05
MAP3K7	8.14467889718831e-05
DHFR2	8.15749416368434e-05
CHRNB3	8.17032555873063e-05
NT5M	8.18317309754979e-05
SIRT1	8.196036795374e-05
LRP1B	8.20891666744501e-05
SMTNL2	8.22181272901416e-05
BAG1	8.2347249953424e-05
ARRB2	8.24765348170024e-05
PGAP2	8.26059820336781e-05
NFIC	8.27355917563483e-05
KCNC2	8.2865364138006e-05
PEX13	8.29952993317406e-05
F5	8.31253974907374e-05
MBD6	8.32556587682777e-05
BTBD3	8.3386083317739e-05
REM2	8.35166712925952e-05
CTNNAL1	8.3647422846416e-05
ZBTB24	8.37783381328675e-05
DOLPP1	8.39094173057122e-05
ZNF609	8.40406605188085e-05
SLC5A2	8.41720679261116e-05
SIGMAR1	8.43036396816725e-05
NOD2	8.44353759396391e-05
NCCRP1	8.45672768542553e-05
ABAT	8.46993425798617e-05
TAF12	8.48315732708951e-05
LYPLA2	8.49639690818891e-05
ZBTB7B	8.50965301674736e-05
CHD9	8.52292566823751e-05
CATSPER1	8.53621487814167e-05
HKDC1	8.54952066195181e-05
TBX18	8.56284303516956e-05
B3GNT5	8.57618201330624e-05
ETV4	8.5895376118828e-05
ACVR2B	8.60290984642991e-05
ERI2	8.61629873248787e-05
BMS1	8.6297042856067e-05
RTKN	8.64312652134608e-05
PCMTD1	8.65656545527537e-05
MC2R	8.67002110297364e-05
STRAP	8.68349348002964e-05
HIST2H2BE	8.6969826020418e-05
TBC1D8	8.71048848461827e-05
CNKSR3	8.7240111433769e-05
CCT3	8.73755059394522e-05
COL6A6	8.7511068519605e-05
FRMD4A	8.76467993306969e-05
LMX1B	8.77826985292947e-05
GCFC2	8.79187662720622e-05
IL1R2	8.80550027157605e-05
RGS1	8.81914080172481e-05
ASNA1	8.83279823334803e-05
LARP6	8.84647258215101e-05
MBTPS1	8.86016386384875e-05
AHRR	8.873872094166e-05
UBE2E1	8.88759728883725e-05
TRIM13	8.90133946360672e-05
ATXN7L1	8.91509863422837e-05
CASP12	8.92887481646593e-05
LIPK	8.94266802609283e-05
RTRAF	8.95647827889231e-05
SEMA3D	8.97030559065733e-05
DTX4	8.9841499771906e-05
TRIP11	8.99801145430463e-05
GCDH	9.01189003782165e-05
PANK4	9.02578574357369e-05
GNPNAT1	9.03969858740253e-05
N4BP2L1	9.05362858515973e-05
QSOX1	9.06757575270663e-05
ZNF598	9.08154010591433e-05
LYSMD3	9.09552166066375e-05
ATP8B2	9.10952043284554e-05
LRFN3	9.1235364383602e-05
TCERG1L	9.13756969311798e-05
RBM4B	9.15162021303893e-05
ABCA1	9.16568801405289e-05
EHD1	9.17977311209953e-05
TMEM132A	9.19387552312831e-05
TTC13	9.20799526309848e-05
INPP5D	9.22213234797911e-05
WDR5	9.23628679374908e-05
EPHB2	9.25045861639709e-05
SPIRE1	9.26464783192166e-05
RNGTT	9.27885445633112e-05
MLNR	9.29307850564363e-05
USP10	9.30731999588719e-05
PEG10	9.3215789430996e-05
SEPHS1	9.33585536332853e-05
TUBB4B	9.35014927263146e-05
TMEM178A	9.36446068707571e-05
ARFGAP2	9.37878962273846e-05
SLC5A7	9.39313609570673e-05
PTGFR	9.40750012207737e-05
GTF3C4	9.4218817179571e-05
CLPTM1	9.43628089946248e-05
TTC30B	9.45069768271996e-05
ORAI3	9.46513208386581e-05
DKK1	9.47958411904618e-05
NCS1	9.49405380441709e-05
RAP1GAP2	9.50854115614444e-05
ESPL1	9.52304619040396e-05
B4GALNT3	9.53756892338131e-05
LANCL2	9.55210937127199e-05
NOP2	9.56666755028141e-05
ABCA12	9.58124347662482e-05
TSTD2	9.59583716652742e-05
LRRC3	9.61044863622425e-05
SCTR	9.62507790196026e-05
RPL5	9.6397249799903e-05
PCDHA1	9.65438988657912e-05
RHOG	9.66907263800137e-05
ADAMTS7	9.6837732505416e-05
ADD3	9.69849174049429e-05
CA6	9.7132281241638e-05
SMCHD1	9.72798241786443e-05
SYVN1	9.74275463792038e-05
LRP4	9.75754480066579e-05
IQUB	9.77235292244471e-05
NCOA5	9.78717901961112e-05
ZNF354B	9.80202310852893e-05
GATA3	9.81688520557198e-05
WRAP53	9.83176532712405e-05
HPS6	9.84666348957886e-05
PIGG	9.86157970934008e-05
ILKAP	9.87651400282129e-05
WNK4	9.89146638644607e-05
KIAA1211	9.9064368766479e-05
HSPA2	9.92142548987025e-05
MBIP	9.93643224256654e-05
CLCN6	9.95145715120013e-05
SSH1	9.96650023224437e-05
AKAP8L	9.98156150218256e-05
CNR1	9.99664097750797e-05
ZNF641	0.000100117386747239
PYROXD2	0.000100268546103434
LIN52	0.000100419888008899
PSMA6	0.000100571412628964
EFNB2	0.000100723120129061
RTN4	0.000100875010674723
ARL4A	0.000101027084431579
KCNN1	0.000101179341565362
ABHD17B	0.000101331782241903
ANP32B	0.000101484406627133
FBXO47	0.000101637214887084
ARNT	0.000101790207187886
MXI1	0.000101943383695772
SEC16A	0.000102096744577072
ACTR1B	0.00010225028999822
BSPH1	0.000102404020125745
MAPK10	0.000102557935126282
ITPKC	0.000102712035166561
MED6	0.000102866320413415
KRT12	0.000103020791033778
SEC14L1	0.000103175447194683
DUSP5	0.000103330289063263
GTPBP1	0.000103485316806751
OR10T2	0.000103640530592484
FIGLA	0.000103795930587894
MTCH2	0.000103951516960518
FBN2	0.000104107289877992
HIST2H2AC	0.000104263249508051
PPP4R3A	0.000104419396018533
PCBP2	0.000104575729577375
BMI1	0.000104732250352615
FAM171A1	0.000104888958512391
ZNF12	0.000105045854224945
CRLF1	0.000105202937658615
PPP2R2C	0.000105360208981842
PHB2	0.000105517668363169
NUPL2	0.000105675315971237
VASH2	0.00010583315197479
MEIS1	0.000105991176542673
NUP37	0.00010614938984383
LSM11	0.000106307792047307
ATF2	0.000106466383322252
SLC35B4	0.000106625163837913
WNT3A	0.000106784133763637
NELL1	0.000106943293268877
MTHFD1L	0.000107102642523181
ZNF649	0.000107262181696204
RRM2	0.000107421910957698
ZNF697	0.000107581830477517
OR6C6	0.000107741940425619
ANGPT2	0.000107902240972058
METRNL	0.000108062732286995
SIM1	0.000108223414540688
TMEM35B	0.000108384287903497
TRPC4AP	0.000108545352545887
PCDHAC2	0.000108706608638419
KCNG1	0.000108868056351759
AC011455.2	0.000109029695856674
PPM1B	0.00010919152732403
GPAT4	0.000109353550924799
SZT2	0.00010951576683005
MAN2A2	0.000109678175210956
OGA	0.000109840776238792
BTAF1	0.000110003570084932
ARHGAP1	0.000110166556920855
MGME1	0.000110329736918139
ISLR2	0.000110493110248465
PYGO1	0.000110656677083616
PARP2	0.000110820437595476
ECEL1	0.000110984391956031
SUN1	0.000111148540337369
DLK2	0.00011131288291168
RASSF5	0.000111477419851255
CDH6	0.000111642151328488
GTF2H4	0.000111807077515875
PRPF8	0.000111972198586012
SLC50A1	0.000112137514711601
DNAJC21	0.000112303026065442
KRT33A	0.000112468732820439
TRIB2	0.000112634635149597
KIF12	0.000112800733226025
RSPRY1	0.000112967027222933
DIPK1A	0.000113133517313633
HHATL	0.00011330020367154
NR1D1	0.000113467086470169
USHBP1	0.000113634165883141
TOP3A	0.000113801442084177
FAM72C	0.000113968915247101
CHSY3	0.000114136585545837
SIX5	0.000114304453154416
PGGT1B	0.000114472518246968
SALL3	0.000114640780997726
NUDT22	0.000114809241581026
TTBK1	0.000114977900171307
RALB	0.00011514675694311
ADH1B	0.000115315812071077
YWHAB	0.000115485065729957
SH3RF1	0.000115654518094596
RPTOR	0.000115824169339947
MYSM1	0.000115994019641065
PARD6B	0.000116164069173105
SCUBE1	0.000116334318111327
DOT1L	0.000116504766631096
TMEM169	0.000116675414907874
CASP14	0.000116846263117232
AFMID	0.000117017311434839
RNASE8	0.000117188560036471
PSIP1	0.000117360009098003
RAB43	0.000117531658795416
FBXL2	0.000117703509304794
STRN4	0.000117875560802321
ASIC2	0.000118047813464287
RAD23B	0.000118220267467084
TRMT6	0.000118392922987208
EFCAB7	0.000118565780201257
SLC30A4	0.000118738839285932
SAMM50	0.000118912100418039
UMODL1	0.000119085563774486
VASP	0.000119259229532284
SNAPC3	0.000119433097868548
MEST	0.000119607168960495
CTSO	0.000119781442985448
GPATCH11	0.000119955920120832
MOV10L1	0.000120130600544174
TJP1	0.000120305484433106
EXOC4	0.000120480571965364
GABRA2	0.000120655863318787
ABHD15	0.000120831358671316
HNRNPUL1	0.000121007058200998
PNPLA6	0.000121182962085982
NSFL1C	0.000121359070504521
FBLN1	0.000121535383634972
FNDC3B	0.000121711901655797
EIF2S2	0.000121888624745558
LRRFIP1	0.000122065553082924
ACADVL	0.000122242686846667
UBTD1	0.000122420026215663
TEFM	0.000122597571368891
PBXIP1	0.000122775322485434
EIF3L	0.000122953279744481
RASGRP2	0.000123131443325321
ZNF197	0.000123309813407351
COL15A1	0.00012348839017007
GUCY1A2	0.000123667173793081
ASPHD1	0.000123846164456091
ARID5B	0.000124025362338912
C3orf20	0.000124204767621459
KIAA1549L	0.000124384380483752
SNX24	0.000124564201105916
BDP1	0.000124744229668177
MARCH5	0.00012492446635087
WWC1	0.00012510491133443
RAPGEF6	0.000125285564799398
DLX5	0.00012546642692642
NOC2L	0.000125647497896245
ANAPC10	0.000125828777889727
ANKS6	0.000126010267087826
LRRC73	0.000126191965671604
ST13	0.000126373873822228
TAS1R1	0.00012655599172097
MYO1H	0.000126738319549208
MAPK14	0.000126920857488421
ZMYM4	0.000127103605720197
RPS6KB1	0.000127286564426224
FOXK2	0.000127469733788299
KEAP1	0.000127653113988321
DOK1	0.000127836705208295
ZMAT4	0.000128020507630329
PPIF	0.000128204521436638
GNE	0.000128388746809541
SLC25A11	0.000128573183931461
MIER1	0.000128757832984928
RABGEF1	0.000128942694152573
EFNB3	0.000129127767617137
GNPTG	0.000129313053561461
HMBOX1	0.000129498552168496
DAZAP1	0.000129684263621294
FPGT	0.000129870188103013
POU1F1	0.000130056325796918
PRCC	0.000130242676886377
CASR	0.000130429241554863
LAMA1	0.000130616019985957
IGHMBP2	0.000130803012363342
CACNB3	0.000130990218870808
SLC41A2	0.000131177639692249
CABP2	0.000131365275011666
RPL21	0.000131553125013165
CLDN5	0.000131741189880955
HAGH	0.000131929469799353
BCL7C	0.000132117964952782
SIMC1	0.000132306675525767
PHOX2B	0.000132495601702942
TCTN3	0.000132684743669044
PAK2	0.000132874101608918
SLC12A7	0.000133063675707511
COL13A1	0.00013325346614988
RAB33B	0.000133443473121185
FLVCR2	0.000133633696806692
SLC38A4	0.000133824137391772
ETHE1	0.000134014795061903
IGFBP6	0.000134205670002669
UBE2Z	0.000134396762399758
GALNT18	0.000134588072438966
LRRC2	0.000134779600306193
REXO2	0.000134971346187445
MTHFD1	0.000135163310268836
KANK1	0.000135355492736584
PALLD	0.000135547893777013
ORC4	0.000135740513576554
MYOG	0.000135933352321743
L1TD1	0.000136126410199223
MOB3C	0.000136319687395743
CHRND	0.000136513184098156
SCAMP1	0.000136706900493424
SNX3	0.000136900836768615
CERS6	0.000137094993110901
APEH	0.000137289369707561
GYS1	0.000137483966745983
ZFAND4	0.000137678784413657
GTF2I	0.000137873822898182
CUEDC1	0.000138069082387264
AMMECR1L	0.000138264563068712
HGF	0.000138460265130446
RAC3	0.000138656188760488
SEPT9	0.000138852334146969
ZNF333	0.000139048701478127
HSPA5	0.000139245290942305
RBPMS2	0.000139442102727953
RAP2B	0.000139639137023628
PDE6A	0.000139836394017994
GTPBP2	0.000140033873899819
PLPBP	0.000140231576857982
GSTP1	0.000140429503081466
ADGRG6	0.00014062765275936
FGR	0.000140826026080862
C2orf42	0.000141024623235276
HDGFL3	0.000141223444412012
RTF2	0.000141422489800588
C15orf40	0.000141621759590629
E2F7	0.000141821253971865
SHISA2	0.000142020973134135
MICALL2	0.000142220917267385
SORBS2	0.000142421086561666
CNOT11	0.000142621481207139
IGF2BP3	0.000142822101394069
FAM120B	0.000143022947312831
JAK3	0.000143224019153904
NKX3-2	0.000143425317107878
PICALM	0.000143626841365447
BLNK	0.000143828592117414
TGFB2	0.000144030569554688
OSBPL7	0.000144232773868286
GCNT2	0.000144435205249333
MON2	0.00014463786388906
MYO1E	0.000144840749978806
DGAT1	0.000145043863710018
SLC24A3	0.000145247205274249
TRAPPC3	0.000145450774863161
FBXO41	0.000145654572668522
SZRD1	0.00014585859888221
EMC9	0.000146062853696208
SLC23A1	0.000146267337302608
GSS	0.000146472049893609
PAX6	0.000146676991661518
MTDH	0.000146882162798749
ME1	0.000147087563497824
MRPL19	0.000147293193951375
ERLIN1	0.000147499054352138
TMEM26	0.000147705144892958
YBX1	0.000147911465766791
ATOH7	0.000148118017166696
VEGFA	0.000148324799285844
MKRN1	0.000148531812317511
PPP5C	0.000148739056455082
ASAH1	0.000148946531892051
CROCC	0.000149154238822019
PRDM16	0.000149362177438694
GK5	0.000149570347935895
P2RX3	0.000149778750507546
SCAP	0.000149987385347681
PCDHGB7	0.000150196252650441
TBC1D24	0.000150405352610078
NCOA1	0.000150614685420948
SP140L	0.000150824251277518
PLEKHH3	0.000151034050374363
EGR1	0.000151244082906166
CUL5	0.000151454349067718
AGPAT5	0.000151664849053919
CBX3	0.000151875583059777
FBXL3	0.000152086551280409
TXNDC9	0.00015229775391104
NXPE3	0.000152509191147003
FMN1	0.00015272086318374
TLCD1	0.000152932770216803
AKR1B10	0.00015314491244185
NELFA	0.000153357290054649
FBXL7	0.000153569903251078
TTYH1	0.00015378275222712
GABRD	0.000153995837178871
TMEM245	0.000154209158302532
TRAF2	0.000154422715794415
AGA	0.000154636509850941
TMEFF2	0.000154850540668639
FLRT3	0.000155064808444147
TMEM183A	0.000155279313374211
STK35	0.000155494055655687
VTA1	0.00015570903548554
VTI1A	0.000155924253060845
ZGPAT	0.000156139708578783
FAM102A	0.000156355402236646
FOXF2	0.000156571334231836
EDC4	0.000156787504761862
NCOA3	0.000157003914024344
NOVA1	0.000157220562217009
GPS2	0.000157437449537696
ISCA1	0.000157654576184351
RRP9	0.00015787194235503
CFL1	0.000158089548247898
USP47	0.000158307394061231
ADPRHL2	0.000158525479993411
PRKAB2	0.000158743806242933
PAFAH1B1	0.000158962373008398
SLC26A5	0.00015918118048852
TMEM39B	0.00015940022888212
POLD2	0.000159619518388128
CAMK2G	0.000159839049205587
MYO1F	0.000160058821533645
CAT	0.000160278835571563
PPP2R5C	0.000160499091518711
SPG21	0.000160719589574567
FBXO34	0.00016094032993872
INTS9	0.000161161312810868
GBA	0.000161382538390821
USP19	0.000161604006878496
SGIP1	0.00016182571847392
ZNF521	0.000162047673377232
NR5A2	0.000162269871788678
KISS1R	0.000162492313908617
RAD54L	0.000162714999937516
ANKIB1	0.000162937930075952
RABGGTA	0.000163161104524612
BSCL2	0.000163384523484293
SMAP2	0.000163608187155904
DRAP1	0.00016383209574046
PUM2	0.000164056249439091
UBE2N	0.000164280648453033
PPP1R16A	0.000164505292983634
COPB2	0.000164730183232352
THOC6	0.000164955319400756
ZFPM1	0.000165180701690523
MINDY2	0.000165406330303444
HIF1AN	0.000165632205441416
INTS1	0.000165858327306449
TOR1A	0.000166084696100663
LAYN	0.000166311312026289
URGCP	0.000166538175285666
MSH5	0.000166765286081247
LYST	0.000166992644615591
FCHO1	0.000167220251091373
NOL4	0.000167448105711374
LENG1	0.000167676208678488
DNAJC7	0.000167904560195718
FAM177A1	0.00016813316046618
ZNF639	0.000168362009693097
KCNV1	0.000168591108079807
CELSR3	0.000168820455829756
FAM131B	0.000169050053146502
FDX2	0.000169279900233712
TM9SF1	0.000169509997295166
WNK2	0.000169740344534753
MAPKAP1	0.000169970942156475
HECTD1	0.000170201790364442
TWF2	0.000170432889362879
LVRN	0.000170664239356118
ANKRD33B	0.000170895840548605
DDX60	0.000171127693144894
TCP1	0.000171359797349653
ZNF746	0.000171592153367659
CETN3	0.000171824761403802
PHF19	0.000172057621663082
GALNT15	0.00017229073435061
UTP20	0.000172524099671608
MYLK2	0.000172757717831411
PPIB	0.000172991589035464
CAMKV	0.000173225713489323
RND2	0.000173460091398655
SNED1	0.000173694722969241
BANP	0.00017392960840697
ARFGAP3	0.000174164747917844
RNF121	0.000174400141707978
H2AFY	0.000174635789983595
SH3BP5L	0.000174871692951033
TMEM184A	0.000175107850816739
USP14	0.000175344263787272
CNN3	0.000175580932069305
ZNF398	0.00017581785586962
TBX1	0.000176055035395112
SAMHD1	0.000176292470852786
ROCK2	0.000176530162449761
SBSPON	0.000176768110393267
CFAP46	0.000177006314890644
CCNC	0.000177244776149347
SMC2	0.00017748349437694
PIGO	0.000177722469781101
CD19	0.000177961702569618
EPN3	0.000178201192950393
FBF1	0.000178440941131439
FN1	0.00017868094732088
ANK1	0.000178921211726953
NMD3	0.000179161734558008
PPM1G	0.000179402516022505
FBXL6	0.000179643556329018
XRCC3	0.000179884855686232
VAV3	0.000180126414302945
TUBA1C	0.000180368232388067
CLUH	0.000180610310150619
OGFR	0.000180852647799737
CXXC5	0.000181095245544666
LRRN4CL	0.000181338103594766
EPHX1	0.000181581222159508
SLC29A4	0.000181824601448475
TXN2	0.000182068241671365
MAML2	0.000182312143037986
ILVBL	0.000182556305758258
SRRM1	0.000182800730042215
SNX1	0.000183045416100005
FGFR3	0.000183290364141884
CDC40	0.000183535574378226
PRSS33	0.000183781047019513
GPN2	0.000184026782276343
GSTK1	0.000184272780359425
CA11	0.000184519041479581
BZW2	0.000184765565847746
FZD1	0.000185012353674968
ZHX1	0.000185259405172407
SCNN1G	0.000185506720551336
ZNF513	0.000185754300023142
WNT5B	0.000186002143799324
IQCE	0.000186250252091495
NRBP2	0.000186498625111378
ZNHIT6	0.000186747263070812
LENG8	0.000186996166181749
DENND6A	0.000187245334656252
IRX3	0.000187494768706499
IGLL5	0.00018774446854478
MUS81	0.000187994434383499
RPL7A	0.000188244666435171
KEL	0.000188495164912428
NUP133	0.000188745930028013
CNTNAP5	0.000188996961994781
MYC	0.000189248261025704
C11orf68	0.000189499827333862
OTX1	0.000189751661132454
BCAS2	0.000190003762634789
TRMT1L	0.00019025613205429
IRAK4	0.000190508769604495
SFT2D1	0.000190761675499052
FOXC1	0.000191014849951727
CEBPD	0.000191268293176395
ALDH3A2	0.000191522005387049
ATP6V0A2	0.000191775986797792
PGBD1	0.000192030237622843
HELZ	0.000192284758076534
SYT7	0.000192539548373309
DNAJA4	0.000192794608727728
CELA3A	0.000193049939354464
PDCD1LG2	0.000193305540468304
CUL1	0.000193561412284148
KIF15	0.000193817555017011
SLC2A14	0.000194073968882021
TRIM68	0.000194330654094419
NUDT9	0.000194587610869563
TARBP1	0.000194844839422922
RELCH	0.000195102339970081
MTSS1	0.000195360112726737
RPL4	0.000195618157908702
ANKRD61	0.000195876475731904
NDUFAF1	0.000196135066412382
FLOT2	0.00019639393016629
HECW1	0.000196653067209899
RBM28	0.000196912477759589
ISM1	0.000197172162031859
SDC2	0.000197432120243321
PEX7	0.000197692352610699
AKT1	0.000197952859350833
KRT71	0.00019821364068068
JUP	0.000198474696817306
TOMM40L	0.000198736027977895
PRKCZ	0.000198997634379745
C7orf26	0.000199259516240269
EI24	0.000199521673776992
MMS19	0.000199784107207557
KIAA1147	0.000200046816749718
ITGA3	0.000200309802621346
CASP6	0.000200573065040427
NRDE2	0.000200836604225059
SEPSECS	0.000201100420393458
ABCB8	0.000201364513763953
INSM1	0.000201628884554986
CDK5R2	0.000201893532985118
WWP1	0.000202158459273021
SNTG1	0.000202423663637484
PDGFRA	0.000202689146297409
THAP4	0.000202954907471816
PLEKHA2	0.000203220947379836
FAHD1	0.000203487266240719
LDLRAD4	0.000203753864273826
TMTC1	0.000204020741698637
F2	0.000204287898734743
TENT5C	0.000204555335601853
ERO1B	0.000204823052519791
TRMT10B	0.000205091049708495
RASGRP4	0.000205359327388018
TUBGCP4	0.000205627885778529
SERAC1	0.000205896725100312
A4GALT	0.000206165845573767
SOX8	0.000206435247419408
HIST1H1C	0.000206704930857865
ST8SIA3	0.000206974896109883
CYTH4	0.000207245143396323
ZNF177	0.000207515672938161
DPYD	0.000207786484956488
GRM7	0.000208057579672512
EIF2A	0.000208328957307554
STOX2	0.000208600618083054
SLC25A16	0.000208872562220565
NDRG2	0.000209144789941755
SRP54	0.00020941730146841
PTBP1	0.00020969009702243
IRAK2	0.000209963176825832
P4HA1	0.000210236541100746
XDH	0.000210510190069422
STAC2	0.000210784123954223
RNF43	0.000211058342977626
CCNB1	0.000211332847362229
DACT2	0.000211607637330741
AQP5	0.00021188271310599
ZNF212	0.000212158074910919
UBE2H	0.000212433722968585
DSC1	0.000212709657502164
AKAP13	0.000212985878734947
GINM1	0.00021326238689034
ZNF329	0.000213539182191867
NR4A1	0.000213816264863166
SH3GLB1	0.000214093635127992
E2F6	0.000214371293210218
PPP6R3	0.000214649239333829
NOP14	0.000214927473722931
CA8	0.000215205996601743
WDR82	0.000215484808194601
USP6NL	0.000215763908725959
SYT13	0.000216043298420385
TANGO6	0.000216322977502564
RFT1	0.000216602946197298
LAMC1	0.000216883204729506
DESI2	0.000217163753324222
SFTPA2	0.000217444592206598
DDX21	0.0002177257216019
ACAP1	0.000218007141735515
FAM81A	0.000218288852832941
HLA-DRA	0.000218570855119798
CCDC9	0.000218853148821819
R3HDM2	0.000219135734164854
EVPL	0.000219418611374873
ST3GAL2	0.000219701780677958
PODN	0.000219985242300311
PAPSS1	0.000220268996468251
CENPB	0.000220553043408211
CREB1	0.000220837383346743
SLC39A8	0.000221122016510517
FAM214B	0.000221406943126316
ADNP2	0.000221692163421045
GPR157	0.000221977677621721
SLCO2B1	0.000222263485955482
INPP5F	0.000222549588649581
FOXO1	0.000222835985931389
LARS2	0.000223122678028393
ASIC3	0.000223409665168198
GUCY2C	0.000223696947578525
PTPRM	0.000223984525487215
MCF2L2	0.000224272399122224
ME3	0.000224560568711624
WDR72	0.000224849034483608
GNAQ	0.000225137796666482
TRIM37	0.000225426855488674
SFRP2	0.000225716211178726
GATA2	0.000226005863965297
RRAGC	0.000226295814077167
ACTA2	0.000226586061743231
PANK3	0.0002268766071925
PRELID1	0.000227167450654106
EIF4G1	0.000227458592357296
SRPK1	0.000227750032531437
UBE3C	0.00022804177140601
CMTM5	0.000228333809210617
AHCYL1	0.000228626146174977
PI16	0.000228918782528925
HOXC11	0.000229211718502415
SNX20	0.000229504954325519
BDKRB2	0.000229798490228426
DDX17	0.000230092326441444
IL17RC	0.000230386463194998
ASCL1	0.000230680900719631
RER1	0.000230975639246004
TIMM50	0.000231270679004896
FLI1	0.000231566020227203
NUP50	0.000231861663143942
C1GALT1	0.000232157607986244
KCNJ14	0.000232453854985361
PRR35	0.000232750404372662
GTF3C2	0.000233047256379634
PCDHGB2	0.000233344411237882
KYAT1	0.000233641869179131
CFAP44	0.000233939630435223
DLST	0.000234237695238116
VAPA	0.000234536063819891
TUBGCP6	0.000234834736412743
LSAMP	0.000235133713248988
SMPD3	0.000235432994561058
ARHGEF15	0.000235732580581507
PTAR1	0.000236032471543004
TMPRSS5	0.000236332667678338
ZSCAN12	0.000236633169220416
DOC2A	0.000236933976402265
MEGF10	0.000237235089457028
USP42	0.000237536508617968
RPRD2	0.000237838234118467
SDHA	0.000238140266192025
TDO2	0.000238442605072262
ST7	0.000238745250992914
HNF1A	0.000239048204187838
TRAK1	0.000239351464891009
MAP2K2	0.000239655033336522
DMBT1	0.000239958909758588
PGAM1	0.000240263094391539
NCKAP5L	0.000240567587469826
MDK	0.000240872389228019
TRIT1	0.000241177499900804
LYG1	0.000241482919722991
DHCR7	0.000241788648929505
ZBTB40	0.000242094687755392
LRP2	0.000242401036435816
MANEAL	0.00024270769520606
DAB2	0.000243014664301528
TMEM163	0.000243321943957741
VPS54	0.00024362953441034
ZNF84	0.000243937435895086
ARHGEF12	0.000244245648647858
MARVELD1	0.000244554172904654
RRM1	0.000244863008901594
VPS39	0.000245172156874913
JPH1	0.00024548161706097
CDX1	0.000245791389696241
P2RX1	0.00024610147501732
EARS2	0.000246411873260924
ZNF160	0.000246722584663886
ZCRB1	0.000247033609463162
MTUS1	0.000247344947895824
NEGR1	0.000247656600199066
NUDT3	0.000247968566610201
RACGAP1	0.000248280847366661
UGT1A6	0.000248593442705999
CWC27	0.000248906352865886
MECOM	0.000249219578084115
ARPC1B	0.000249533118598596
GINS3	0.000249846974647361
THOP1	0.000250161146468561
PIWIL1	0.000250475634300467
MLF2	0.000250790438381469
HAAO	0.000251105558950079
TNFAIP3	0.000251420996244926
HBG2	0.000251736750504762
VDAC3	0.000252052821968457
PAH	0.000252369210875002
POU4F2	0.000252685917463507
TMC6	0.000253002941973204
NUDT12	0.000253320284643443
POLRMT	0.000253637945713696
RNF139	0.000253955925423553
CCDC93	0.000254274224012727
SLC6A11	0.000254592841721049
ARL14EPL	0.000254911778788471
PON1	0.000255231035455065
RPL12	0.000255550611961025
RNF40	0.000255870508546663
MED1	0.000256190725452412
WIPI2	0.000256511262918828
MAPKBP1	0.000256832121186583
PKN1	0.000257153300496473
SLC25A39	0.000257474801089413
GNB3	0.00025779662320644
TRANK1	0.000258118767088709
HMGCR	0.000258441232977498
GNL1	0.000258764021114204
C1orf116	0.000259087131740347
ITGA4	0.000259410565097564
SMARCAD1	0.000259734321427617
MTMR10	0.000260058400972385
TRHDE	0.000260382803973869
NFKB2	0.000260707530674193
RIPOR2	0.0002610325813156
SLC30A3	0.000261357956140452
PRIM2	0.000261683655391236
IL18	0.000262009679310557
LGALS3	0.000262336028141141
PWWP2B	0.000262662702125837
FAM83F	0.000262989701507613
FAM185A	0.00026331702652956
SLC45A2	0.000263644677434888
CAMKK1	0.000263972654466929
CITED4	0.000264300957869137
PCDH9	0.000264629587885087
SOX2	0.000264958544758472
SPATA13	0.000265287828733112
KDM4A	0.000265617440052944
RPN2	0.000265947378962027
LPAR1	0.000266277645704542
IFT46	0.000266608240524792
UCP3	0.000266939163667199
MORC2	0.00026727041537631
SUFU	0.00026760199589679
CABP7	0.000267933905473428
RNF11	0.000268266144351133
TRUB1	0.000268598712774936
ATP6V1C1	0.000268931610989989
DCTN2	0.000269264839241567
EXOSC9	0.000269598397775066
IMPDH2	0.000269932286836003
OSCAR	0.000270266506670018
SYT3	0.000270601057522871
PRMT6	0.000270935939640445
SLC46A2	0.000271271153268744
LRRC18	0.000271606698653895
BAG4	0.000271942576042147
ELMO1	0.000272278785679868
CCT5	0.000272615327813551
NRG3	0.00027295220268981
E2F3	0.000273289410555381
UBAP2L	0.000273626951657122
WNT8B	0.000273964826242012
WDR90	0.000274303034557153
SERPINB5	0.00027464157684977
RAB32	0.000274980453367208
PHF1	0.000275319664356937
FBXO3	0.000275659210066546
AMOTL1	0.000275999090743747
DPH5	0.000276339306636377
CCDC102A	0.000276679857992393
SENP7	0.000277020745059873
TIFA	0.000277361968087019
SLC39A14	0.000277703527322157
SEC61A1	0.000278045423013732
LRRC42	0.000278387655410313
REL	0.000278730224760592
ADAM8	0.000279073131313384
FAM234A	0.000279416375317623
FBRSL1	0.00027975995702237
CDSN	0.000280103876676806
TRIM54	0.000280448134530236
ERGIC1	0.000280792730832085
LPIN1	0.000281137665831903
CACNA2D2	0.000281482939779364
RAB11FIP1	0.000281828552924261
TRAPPC6B	0.000282174505516512
ERBIN	0.000282520797806158
LRGUK	0.000282867430043362
UMOD	0.00028321440247841
ENPP4	0.000283561715361711
CAPN10	0.000283909368943797
TTBK2	0.000284257363475323
STRN3	0.000284605699207067
GSX1	0.000284954376389929
DIPK1B	0.000285303395274933
COPS7A	0.000285652756113226
GFY	0.000286002459156079
P2RX5	0.000286352504654883
ZMYND19	0.000286702892861156
PDIK1L	0.000287053624026537
OPA1	0.000287404698402788
SOX10	0.000287756116241795
CAND2	0.000288107877795568
SLBP	0.000288459983316238
PI15	0.000288812433056062
DBN1	0.000289165227267419
FAM222B	0.000289518366202811
FAM227A	0.000289871850114863
SGSM2	0.000290225679256326
HADHA	0.000290579853880073
TMEM132E	0.000290934374239099
ZNF830	0.000291289240586524
OPLAH	0.000291644453175593
SEC14L3	0.000292000012259671
TXNL4A	0.00029235591809225
RARS	0.000292712170926944
IGSF9B	0.000293068771017491
NKTR	0.000293425718617753
PLXNA2	0.000293783013981716
BRAP	0.000294140657363488
TFG	0.000294498649017303
COL2A1	0.000294856989197518
KANSL1L	0.000295215678158613
ZNF385A	0.000295574716155193
RPS23	0.000295934103441988
TTC17	0.000296293840273849
DNMT1	0.000296653926905753
ARMC9	0.000297014363592801
NAPA	0.000297375150590218
FOXA2	0.000297736288153351
GRB10	0.000298097776537675
FAM198B	0.000298459615998787
TRIM46	0.000298821806792406
DLGAP5	0.00029918434917438
TLR2	0.000299547243400677
CDK11A	0.000299910489727391
EMP3	0.000300274088410741
NSF	0.000300638039707069
PCDHB3	0.000301002343872842
CD2AP	0.000301367001164651
TM7SF2	0.000301732011839212
TSPAN9	0.000302097376153365
ALDH6A1	0.000302463094364075
PPP2R5E	0.000302829166728431
EBF4	0.000303195593503646
SLC43A2	0.000303562374947059
MAU2	0.000303929511316132
CYP27B1	0.000304297002868454
TREH	0.000304664849861735
RBBP8NL	0.000305033052553813
EML6	0.00030540161120265
SFN	0.000305770526066331
MMP1	0.000306139797403067
SLC14A2	0.000306509425471195
ELP1	0.000306879410529175
METTL3	0.000307249752835593
ATXN7L3	0.000307620452649159
ZNF689	0.000307991510228709
SLX4	0.000308362925833202
NDOR1	0.000308734699721724
HSPA6	0.000309106832153486
MMP19	0.000309479323387823
CDC25A	0.000309852173684195
GMPPB	0.000310225383302187
PPARG	0.000310598952501512
MYLPF	0.000310972881542004
SPRED1	0.000311347170683625
ARL6IP5	0.00031172182018646
DENND1C	0.000312096830310722
OAF	0.000312472201316748
FAM3B	0.000312847933464999
ERG	0.000313224027016063
SLC37A2	0.000313600482230654
FLVCR1	0.000313977299369609
MAP3K1	0.000314354478693892
CPNE4	0.000314732020464592
EXT2	0.000315109924942925
SV2B	0.00031548819239023
YAF2	0.000315866823067974
MYO16	0.000316245817237747
GLI3	0.000316625175161268
TYSND1	0.000317004897100378
CNOT9	0.000317384983317046
TOB2	0.000317765434073366
TAF1L	0.000318146249631559
IDH3A	0.000318527430253969
RPUSD1	0.000318908976203068
HOXB5	0.000319290887741454
KLHL26	0.000319673165131849
KRT79	0.000320055808637103
FAM171B	0.000320438818520191
C1S	0.000320822195044213
ZNF395	0.000321205938472396
COL6A5	0.000321590049068094
POU2F1	0.000321974527094786
HYAL1	0.000322359372816076
HMGCS1	0.000322744586495695
PRR14	0.000323130168397501
ZCCHC8	0.000323516118785478
CENPA	0.000323902437923735
PIGM	0.000324289126076507
ZMAT5	0.000324676183508158
PANK2	0.000325063610483175
ETFB	0.000325451407266173
NOSIP	0.000325839574121894
ZNF667	0.000326228111315204
NPC1	0.000326617019111098
EXOSC5	0.000327006297774696
HNF4A	0.000327395947571245
ITFG1	0.000327785968766118
WDR12	0.000328176361624816
HTR3B	0.000328567126412963
C20orf173	0.000328958263396314
RAB11A	0.000329349772840748
SLC22A31	0.00032974165501227
FECH	0.000330133910177015
ATP6V0B	0.000330526538601242
IRS1	0.000330919540551337
RPA2	0.000331312916293813
UBFD1	0.00033170666609531
CSGALNACT2	0.000332100790222595
CD164	0.000332495288942562
VGLL2	0.000332890162522231
LRR1	0.00033328541122875
LCT	0.000333681035329393
MZT1	0.000334077035091561
VAX2	0.000334473410782783
PCSK5	0.000334870162670714
PDE1A	0.000335267291023138
INTS4	0.000335664796107962
ZSCAN20	0.000336062678193225
LPXN	0.00033646093754709
GCSAML	0.000336859574437848
ASTN1	0.000337258589133918
LOXL1	0.000337657981903845
EDRF1	0.000338057753016302
ILK	0.00033845790274009
CCDC40	0.000338858431344135
VKORC1L1	0.000339259339097493
SMG6	0.000339660626269346
ANXA4	0.000340062293129004
MCAT	0.000340464339945904
SAC3D1	0.00034086676698961
CARS	0.000341269574529816
CRYBB2	0.00034167276283634
HERPUD1	0.00034207633217913
ERO1A	0.000342480282828262
BAZ2B	0.000342884615053938
TRAF3IP1	0.000343289329126488
PKN3	0.000343694425316369
ABCA7	0.000344099903894169
KPNA6	0.000344505765130601
DRG1	0.000344912009296505
RPS16	0.000345318636662851
VSIG10L	0.000345725647500737
MUC4	0.000346133042081386
SOX12	0.000346540820676152
PRR30	0.000346948983556516
SLC5A11	0.000347357530994086
RAB5B	0.000347766463260599
NTN4	0.00034817578062792
SCAMP5	0.000348585483368042
CSF3R	0.000348995571753086
ERH	0.000349406046055301
KLHL38	0.000349816906547063
PRPH2	0.00035022815350088
AHCY	0.000350639787189384
STX4	0.000351051807885337
ELOVL2	0.000351464215861629
DYNC1LI2	0.000351877011391279
ZNF200	0.000352290194747435
ARPC4	0.00035270376620337
SLFN14	0.000353117726032489
TESK1	0.000353532074508324
PPIL1	0.000353946811904536
CSDC2	0.000354361938494912
UNC45B	0.000354777454553372
PRDM9	0.00035519336035396
CHIC2	0.000355609656170853
KLHL5	0.000356026342278352
RPF1	0.00035644341895089
RRAGD	0.000356860886463028
IPO8	0.000357278745089455
ZNF184	0.000357696995104989
ALDH1A1	0.000358115636784576
HABP2	0.000358534670403293
GPM6A	0.000358954096236344
PHTF2	0.000359373914559062
PPP1R3G	0.000359794125646909
ZNF646	0.000360214729775477
EWSR1	0.000360635727220485
MAK16	0.000361057118257783
C4orf50	0.000361478903163348
GRIK4	0.000361901082213287
EN1	0.000362323655683838
WFIKKN2	0.000362746623851364
PRKG1	0.00036316998699236
LDLR	0.00036359374538345
ZNF575	0.000364017899301387
UCP2	0.000364442449023052
ISL2	0.000364867394825456
MOSMO	0.000365292736985741
TBC1D10A	0.000365718475781175
HSD17B1	0.000366144611489158
B3GNT9	0.000366571144387218
KIF7	0.000366998074753013
P2RX2	0.000367425402864331
ACTN4	0.000367853128999088
RALGDS	0.00036828125343533
ARPC3	0.000368709776451233
SEPT1	0.000369138698325102
TOPBP1	0.000369568019335373
DMRTB1	0.000369997739760609
GRB7	0.000370427859879506
SNAI2	0.000370858379970886
GGA2	0.000371289300313703
NUDT16L1	0.00037172062118704
SPCS3	0.000372152342870111
PRMT5	0.000372584465642258
SMAD2	0.000373016989782954
KIF5C	0.000373449915571801
ZDHHC6	0.000373883243288531
NTRK1	0.000374316973213008
MGAT4C	0.000374751105625222
CNTNAP2	0.000375185640805296
ABLIM1	0.000375620579033483
PLAA	0.000376055920590164
RILPL1	0.000376491665755852
PELI2	0.000376927814811189
B4GALT4	0.000377364368036947
MME	0.00037780132571403
KRT16	0.00037823868812347
TSPYL5	0.00037867645554643
AQP1	0.000379114628264203
ACOX1	0.000379553206558213
ZC3H7A	0.000379992190710014
SCFD1	0.00038043158100129
AGMAT	0.000380871377713855
SUPT7L	0.000381311581129654
EOGT	0.000381752191530764
GATA4	0.000382193209199389
FNDC3A	0.000382634634417866
TAMM41	0.000383076467468662
LRRFIP2	0.000383518708634373
EPHA10	0.000383961358197729
STX1A	0.000384404416441588
SLC12A2	0.000384847883648938
MEX3D	0.000385291760102901
HSPA1B	0.000385736046086725
ABLIM3	0.000386180741883793
KBTBD11	0.000386625847777617
TMEM132B	0.000387071364051839
ST3GAL5	0.000387517290990233
PPFIA3	0.000387963628876704
RUFY3	0.000388410377995286
OLFML3	0.000388857538630147
ZBTB9	0.000389305111065584
CDC16	0.000389753095586024
PAPPA2	0.000390201492476027
SEPT8	0.000390650302020283
DGKH	0.000391099524503614
PRR14L	0.000391549160210971
STX10	0.000391999209427438
EEF1D	0.000392449672438231
PLEKHA3	0.000392900549528694
GPR37	0.000393351840984305
MPP5	0.000393803547090672
SEC13	0.000394255668133534
ITPKA	0.000394708204398763
NOS2	0.000395161156172361
FBXL14	0.000395614523740461
SS18	0.000396068307389328
PRPS1L1	0.000396522507405358
FEZ1	0.000396977124075079
INCENP	0.000397432157685152
UTP4	0.000397887608522365
MATN3	0.000398343476873642
FGF19	0.000398799763026037
GMPPA	0.000399256467266735
CTSS	0.000399713589883053
POLR2G	0.00040017113116244
SLC40A1	0.000400629091392478
CADM4	0.000401087470860876
AMY2B	0.000401546269855481
PWWP2A	0.000402005488664268
RPS18	0.000402465127575343
ZNF654	0.000402925186876948
WNT3	0.000403385666857452
PCED1A	0.00040384656780536
SSPN	0.000404307890009306
PHYHIP	0.000404769633758057
TM2D2	0.000405231799340513
AGAP3	0.000405694387045705
ADAR	0.000406157397162796
ZDHHC14	0.000406620829981081
PPIL3	0.000407084685789988
SLC38A1	0.000407548964879075
LSM12	0.000408013667538036
CCR7	0.000408478794056694
KCNJ13	0.000408944344725005
SNTG2	0.000409410319833057
ARMC3	0.000409876719671071
SEPT4	0.0004103435445294
PDE7B	0.000410810794698531
PCDHGA12	0.00041127847046908
PHC2	0.000411746572131797
TMUB2	0.000412215099977566
DMBX1	0.000412684054297401
LIX1L	0.000413153435382451
PLAT	0.000413623243523995
THUMPD2	0.000414093479013447
KLHL9	0.00041456414214235
CCNA2	0.000415035233202385
CCNJL	0.000415506752485361
ZFAND6	0.000415978700283222
CAPN7	0.000416451076888043
LEMD2	0.000416923882592034
AC004832.3	0.000417397117687536
PALM2-AKAP2	0.000417870782467023
IGSF8	0.000418344877223104
HECTD3	0.000418819402248517
GLP1R	0.000419294357836137
MGRN1	0.000419769744278968
RAB27B	0.000420245561870151
EIF4A1	0.000420721810902956
ZNF8	0.000421198491670789
CYB5R3	0.000421675604467188
IL4I1	0.000422153149585824
INTS12	0.000422631127320501
CHCHD3	0.000423109537965157
FAM210A	0.000423588381813861
HEATR5B	0.000424067659160819
PCDHGA8	0.000424547370300366
IL1RL1	0.000425027515526972
ADAMTS5	0.000425508095135243
STAMBP	0.000425989109419913
GRASP	0.000426470558675854
OTUD7A	0.000426952443198069
SHCBP1	0.000427434763281695
CDKL4	0.000427917519222002
FOXD2	0.000428400711314395
PIM3	0.000428884339854411
ASB6	0.00042936840513772
PDE11A	0.000429852907460128
WNT7A	0.000430337847117572
ACAD8	0.000430823224406124
SPTLC3	0.00043130903962199
GOLPH3L	0.000431795293061509
ARAP2	0.000432281985021153
DOK5	0.000432769115797529
SSTR1	0.000433256685687378
LIN54	0.000433744694987573
ECSIT	0.000434233143995123
XRRA1	0.000434722033007169
TBC1D14	0.000435211362320987
RNF208	0.000435701132233987
SLC26A2	0.000436191343043713
CDKL1	0.000436681995047841
INAVA	0.000437173088544185
KIAA1211L	0.000437664623830689
DENND2A	0.000438156601205433
PFKM	0.000438649020966631
ETNPPL	0.000439141883412632
ZNF500	0.000439635188841916
CAPG	0.000440128937553102
NCKIPSD	0.000440623129844939
SLC7A5	0.000441117766016312
SH2D3C	0.000441612846366241
COPG1	0.000442108371193879
ELMSAN1	0.000442604340798514
ATXN10	0.000443100755479567
PRPF40A	0.000443597615536597
FAM13A	0.000444094921269293
GNAI3	0.000444592672977482
CHMP1A	0.000445090870961124
PHF20L1	0.000445589515520312
PCDHGA1	0.000446088606955277
SUGP2	0.000446588145566382
HIST1H3I	0.000447088131654125
AP1S3	0.00044758856551914
PHOX2A	0.000448089447462194
INTS3	0.000448590777784189
STIP1	0.000449092556786164
CYP26B1	0.000449594784769289
SUSD1	0.000450097462034872
SH3GL1	0.000450600588884354
TNFRSF11B	0.000451104165619311
ZNF236	0.000451608192541456
TOMM20	0.000452112669952634
SCEL	0.000452617598154826
ZCCHC3	0.000453122977450149
TIMM17A	0.000453628808140854
GNA15	0.000454135090529327
TOGARAM1	0.00045464182491809
TBX15	0.000455149011609799
DCST2	0.000455656650907246
NEK11	0.000456164743113357
PSME3	0.000456673288531195
CD180	0.000457182287463956
ZNF771	0.000457691740214974
FGF18	0.000458201647087715
PHLDB2	0.000458712008385784
RBM7	0.000459222824412918
DISP1	0.000459734095472991
UNC13A	0.000460245821870012
ZNF750	0.000460758003908127
NFAT5	0.000461270641891614
PTPRB	0.00046178373612489
SEC31A	0.000462297286912507
TRIM25	0.00046281129455915
SHB	0.000463325759369642
EEA1	0.00046384068164894
HIST1H1D	0.000464356061702139
USP21	0.000464871899834468
CDV3	0.000465388196351291
ANKRD50	0.00046590495155811
TIGD4	0.00046642216576056
SIX4	0.000466939839264415
AHSA1	0.000467457972375582
GCK	0.000467976565400104
GCLM	0.000468495618644163
ZBTB47	0.000469015132414074
HECTD2	0.000469535107016287
MMD2	0.000470055542757393
SIN3B	0.000470576439944113
PHKG2	0.000471097798883308
RAB36	0.000471619619881973
AMIGO2	0.000472141903247241
TGFB3	0.00047266464928638
SEPT5	0.000473187858306793
IER5L	0.000473711530616022
EZH1	0.000474235666521742
NIPBL	0.000474760266331768
IRF6	0.000475285330354047
PRDX2	0.000475810858896667
HOXC10	0.000476336852267847
RAB5IF	0.000476863310775948
DCUN1D1	0.000477390234729463
USH1G	0.000477917624437023
RPS3	0.000478445480207396
RANBP6	0.000478973802349487
LGR5	0.000479502591172335
KCTD13	0.000480031846985118
C9orf24	0.000480561570097149
TUBB4A	0.000481091760817879
SMOC2	0.000481622419456896
FARSB	0.000482153546323921
WRB	0.000482685141728816
IL21	0.000483217205981579
CLK2	0.000483749739392342
IVD	0.000484282742271377
EPHB6	0.000484816214929091
PTPN18	0.000485350157676028
NIPSNAP2	0.00048588457082287
BMP10	0.000486419454680434
ATP8B4	0.000486954809559677
RANGAP1	0.000487490635771689
SMCR8	0.000488026933627701
GLI4	0.000488563703439078
PDS5B	0.000489100945517324
CRKL	0.000489638660174078
FAM129A	0.000490176847721119
NKD1	0.00049071550847036
DYNC1LI1	0.000491254642733855
MMP11	0.000491794250823791
NDE1	0.000492334333052495
XRCC4	0.00049287488973243
SPATS2L	0.000493415921176198
EDARADD	0.000493957427696537
RCN1	0.000494499409606322
ENTPD2	0.000495041867218566
RNF215	0.00049558480084642
IK	0.000496128210803171
SLC25A27	0.000496672097402246
TRAPPC4	0.000497216460957206
EIF5	0.000497761301781752
HID1	0.000498306620189723
RHOU	0.000498852416495094
ACER3	0.000499398691011977
SCARA5	0.000499945444054626
CCNE1	0.000500492675937427
DUSP18	0.000501040386974907
ZNF57	0.000501588577481731
YBX3	0.0005021372477727
TRIM69	0.000502686398162755
LIMD2	0.000503236028966973
DAW1	0.000503786140500569
KY	0.000504336733078896
FAP	0.000504887807017448
CFLAR	0.000505439362631852
RABL3	0.000505991400237876
EHBP1L1	0.000506543920151425
ICE2	0.000507096922688544
COG2	0.000507650408165413
FOSB	0.000508204376898352
ARHGAP23	0.00050875882920382
DNAJC3	0.000509313765398412
PMVK	0.000509869185798862
MCM3AP	0.000510425090722043
RNF26	0.000510981480484966
FER	0.000511538355404781
RAB11B	0.000512095715798773
ZNF438	0.00051265356198437
DMTF1	0.000513211894279135
RNF175	0.000513770713000771
PPIE	0.00051433001846712
RBMS2	0.00051488981099616
NPM1	0.00051545009090601
AHCTF1	0.000516010858514927
SLC12A9	0.000516572114141306
CRAMP1	0.00051713385810368
FLNB	0.000517696090720723
NFKB1	0.000518258812311245
TMEM248	0.000518822023194196
PRDX6	0.000519385723688666
LIN37	0.00051994991411388
RNF152	0.000520514594789206
LRFN2	0.000521079766034148
MEIS3	0.00052164542816835
ADAMTSL3	0.000522211581511596
RDH8	0.000522778226383806
EHD3	0.000523345363105041
CCNDBP1	0.000523912991995501
ZNF264	0.000524481113375525
KCNS2	0.000525049727565589
RNF213	0.000525618834886311
DNAJC19	0.000526188435658446
ENDOV	0.000526758530202889
CCIN	0.000527329118840674
SPATA2	0.000527900201892975
RND3	0.000528471779681103
FAM3C	0.000529043852526511
KCNIP1	0.00052961642075079
RASIP1	0.000530189484675669
ADARB1	0.000530763044623018
IL17D	0.000531337100914847
PCDH15	0.000531911653873303
JMJD6	0.000532486703820674
MIDN	0.000533062251079388
SPON1	0.000533638295972012
NPEPPS	0.00053421483882125
MCIDAS	0.000534791879949951
SH3PXD2B	0.000535369419681098
PSMD4	0.000535947458337816
AP2M1	0.000536525996243371
PLAGL1	0.000537105033721166
ANKRD46	0.000537684571094746
KMO	0.000538264608687794
IPP	0.000538845146824134
ZFHX2	0.000539426185827728
CFAP157	0.000540007726022681
PDPR	0.000540589767733234
IP6K1	0.000541172311283772
ZBTB46	0.000541755356998815
NHLH1	0.000542338905203028
SCN5A	0.000542922956221212
SYNPO	0.000543507510378311
SMOC1	0.000544092567999407
BCAR3	0.000544678129409722
MCRS1	0.00054526419493462
LOX	0.000545850764899603
DPY19L2	0.000546437839630315
EIF2D	0.000547025419452538
DYRK1B	0.000547613504692197
ENPP2	0.000548202095675355
SLC15A1	0.000548791192728215
GIPC1	0.000549380796177122
DLEC1	0.000549970906348562
BCL2L1	0.000550561523569158
ILDR2	0.000551152648165676
ZNF35	0.000551744280465023
FCN2	0.000552336420794243
LIMA1	0.000552929069480524
GRAMD2A	0.000553522226851194
ABCG8	0.000554115893233719
DLX4	0.000554710068955709
SENP2	0.000555304754344912
MESP1	0.000555899949729219
LACTBL1	0.000556495655436658
SPOCD1	0.000557091871795401
POLDIP3	0.000557688599133761
AKAP6	0.000558285837780188
PDCD4	0.000558883588063277
PRDM2	0.000559481850311762
SRMS	0.000560080624854517
NOP9	0.000560679912020559
MDGA2	0.000561279712139043
RGS17	0.000561880025539268
AIPL1	0.000562480852550672
POU5F1	0.000563082193502835
BMT2	0.000563684048725477
DPYSL2	0.00056428641854846
PABPN1	0.000564889303301787
EDAR	0.000565492703315602
B3GALT4	0.000566096618920189
SLC44A2	0.000566701050445975
SMPDL3B	0.000567305998223527
STK16	0.000567911462583554
AREL1	0.000568517443856906
PLEKHD1	0.000569123942374574
CACTIN	0.000569730958467691
ABLIM2	0.00057033849246753
ACTC1	0.000570946544705506
PLPPR2	0.000571555115513178
MPP3	0.000572164205222242
ALDH18A1	0.000572773814164538
PIP4K2A	0.000573383942672048
PABPC1L	0.000573994591076894
RPUSD2	0.00057460575971134
TNXB	0.000575217448907792
GNAT3	0.000575829658998799
TNR	0.000576442390317048
MARCH6	0.000577055643195371
IFNGR2	0.000577669417966741
BUB1	0.000578283714964271
GAB4	0.000578898534521219
WNT10A	0.000579513876970981
ZNF473	0.000580129742647097
ZNF786	0.00058074613188325
TFB1M	0.000581363045013262
ATN1	0.0005819804823711
EGFLAM	0.00058259844429087
EIF4E	0.000583216931106823
UNG	0.000583835943153349
RBX1	0.000584455480764982
TM6SF1	0.000585075544276398
PAFAH1B3	0.000585696134022414
DRAM2	0.000586317250337991
HDAC3	0.000586938893558229
ST3GAL1	0.000587561064018375
FBXO40	0.000588183762053813
OLFML2B	0.000588806988000073
TMPRSS11A	0.000589430742192826
MED22	0.000590055024967886
LRMDA	0.000590679836661207
CITED2	0.000591305177608888
AMHR2	0.00059193104814717
MYNN	0.000592557448612435
BRF2	0.00059318437934121
PBRM1	0.000593811840670161
SYTL2	0.0005944398329361
PSMD2	0.00059506835647598
FAF2	0.000595697411626895
STK11IP	0.000596326998726085
GFM2	0.000596957118110931
RPS19	0.000597587770118956
FAM160A2	0.000598218955087826
CD207	0.00059885067335535
GPR162	0.000599482925259482
MVB12B	0.000600115711138314
CCNY	0.000600749031330085
OPN5	0.000601382886173176
HIST1H1B	0.000602017276006108
FBXW2	0.00060265220116755
TTPAL	0.000603287661996309
SPATC1	0.000603923658831338
CCT4	0.000604560192011733
MAPKAPK2	0.000605197261876731
TPPP3	0.000605834868765715
VGF	0.000606473013018207
DEK	0.000607111694973877
HIST1H4A	0.000607750914972534
DNTTIP1	0.000608390673354134
ATP2A3	0.000609030970458772
LMF2	0.000609671806626689
ENPP3	0.00061031318219827
PPIL4	0.000610955097514041
SOX21	0.000611597552914673
IL6ST	0.00061224054874098
DPYSL4	0.000612884085333918
FXR2	0.000613528163034589
CDK9	0.000614172782184236
NXPH1	0.000614817943124248
PRKCH	0.000615463646196155
RNF141	0.000616109891741633
KLB	0.000616756680102499
SH3RF3	0.000617404011620716
C1QTNF3	0.00061805188663839
RAB8B	0.000618700305497768
RANBP3	0.000619349268541246
H3F3B	0.000619998776111359
KCNJ5	0.000620648828550788
ZNF823	0.000621299426202358
PLPPR4	0.000621950569409036
TMEM135	0.000622602258513935
TFEB	0.000623254493860311
DRD1	0.000623907275791563
KIF21A	0.000624560604651236
TMEM246	0.000625214480783017
BTBD9	0.000625868904530738
FRMPD1	0.000626523876238376
SLC43A3	0.000627179396250049
SCAI	0.000627835464910023
CEP295	0.000628492082562705
C7orf61	0.000629149249552648
ABHD2	0.000629806966224548
EVI5	0.000630465232923247
PPP1R3C	0.000631124049993729
NEMF	0.000631783417781124
AMBRA1	0.000632443336630706
CBLB	0.000633103806887892
VEZT	0.000633764828898245
BRD9	0.000634426403007472
FBXO2	0.000635088529561424
GPR21	0.000635751208906097
BCS1L	0.000636414441387632
KLHL41	0.000637078227352312
PAK4	0.000637742567146568
PCDHGA4	0.000638407461116973
SP3	0.000639072909610246
ZDHHC7	0.00063973891297325
NUDT4	0.000640405471552994
SPIC	0.000641072585696629
TRMT2A	0.000641740255751453
H2AFJ	0.000642408482064908
ZC3H10	0.000643077264984582
ZNF835	0.000643746604858205
TFDP2	0.000644416502033655
CCDC170	0.000645086956858953
FZD6	0.000645757969682266
ARL5A	0.000646429540851905
FLAD1	0.000647101670716326
FCRLB	0.000647774359624131
ABCE1	0.000648447607924066
CARHSP1	0.000649121415965023
VPS13C	0.000649795784096039
COL8A2	0.000650470712666295
ATP6V1F	0.000651146202025118
SASS6	0.00065182225252198
RUVBL2	0.0006524988645065
POLR2C	0.000653176038328438
NYNRIN	0.000653853774337704
IRF2BP1	0.000654532072884351
CHD5	0.000655210934318576
CTBP1	0.000655890358990725
UBE2S	0.000656570347251286
MCM4	0.000657250899450894
AZIN1	0.00065793201594033
BAG2	0.000658613697070519
PACSIN1	0.000659295943192533
STAT4	0.000659978754657588
UBE2O	0.000660662131817047
PRB3	0.000661346075022418
GLRA3	0.000662030584625354
RHOC	0.000662715660977656
FMO1	0.000663401304431268
ATM	0.00066408751533828
PHLPP1	0.000664774294050931
FAM78B	0.000665461640921602
ARL2	0.00066614955630282
KCTD11	0.000666838040547262
GREB1L	0.000667527094007746
NPAT	0.000668216717037238
TTC1	0.00066890690998885
DEPDC1	0.00066959767321584
CDC6	0.000670289007071613
HNRNPR	0.000670980911909717
CP	0.000671673388083849
RPS6KL1	0.000672366435947851
SLC17A2	0.000673060055855711
SLC2A6	0.000673754248161564
HTR1F	0.00067444901321969
ALX1	0.000675144351384516
CYP2B6	0.000675840263010615
LACTB	0.000676536748452706
CECR2	0.000677233808065655
ITGA2	0.000677931442204474
ISY1	0.000678629651224322
PRKCE	0.000679328435480502
COG4	0.000680027795328467
BMP8B	0.000680727731123814
GID8	0.000681428243222287
ATXN1L	0.000682129331979777
DNAJB14	0.000682830997752321
BCLAF1	0.000683533240896104
YOD1	0.000684236061767454
FAM110B	0.000684939460722851
PAPPA	0.000685643438118916
FSTL4	0.000686347994312422
CHST12	0.000687053129660284
CCDC144A	0.000687758844519567
EMC3	0.000688465139247483
TTLL4	0.000689172014201387
PIF1	0.000689879469738786
R3HDM1	0.00069058750621733
VKORC1	0.000691296123994818
AP3M1	0.000692005323429194
CYP7A1	0.000692715104878551
CCDC150	0.000693425468701129
ABHD6	0.000694136415255313
MAGOH	0.000694847944899637
GRK2	0.000695560057992781
LILRB5	0.000696272754893573
ARID3A	0.000696986035960988
HMGN1	0.000697699901554147
PPM1F	0.00069841435203232
LUM	0.000699129387754922
FIBP	0.000699845009081519
ADARB2	0.00070056121637182
ARMC6	0.000701278009985683
DBR1	0.000701995390283116
BMPR1A	0.00070271335762427
PON3	0.000703431912369446
RBM8A	0.000704151054879093
APOM	0.000704870785513805
ARMC1	0.000705591104634326
ST18	0.000706312012601546
ALOX12B	0.000707033509776503
PDE6H	0.000707755596520384
TTLL12	0.000708478273194521
MAPK3	0.000709201540160395
STAT1	0.000709925397779637
FGF17	0.00071064984641402
TMEM185B	0.000711374886425471
IL17B	0.000712100518176061
EIF1B	0.000712826742028011
ZNF17	0.000713553558343687
KCNIP3	0.000714280967485605
RGS12	0.00071500896981643
IDI1	0.000715737565698972
CDH17	0.000716466755496191
PARD3B	0.000717196539571194
MNAT1	0.000717926918287237
DLX2	0.000718657892007724
DENND3	0.000719389461096206
NKIRAS2	0.000720121625916382
SRRM2	0.000720854386832102
KDM7A	0.000721587744207361
BCL2	0.000722321698406303
MPHOSPH9	0.000723056249793222
ENPP1	0.000723791398732557
ELF5	0.000724527145588898
LRRC59	0.000725263490726983
BPGM	0.000726000434511697
FZD10	0.000726737977308076
TSPAN17	0.000727476119481301
TRAIP	0.000728214861396704
GFI1B	0.000728954203419764
ARL6IP1	0.00072969414591611
MIER3	0.000730434689251518
GLI1	0.000731175833791914
MRPL17	0.000731917579903372
TMPO	0.000732659927952114
CADM3	0.000733402878304512
FTSJ3	0.000734146431327085
KLHL7	0.000734890587386502
RAB3B	0.000735635346849581
KCMF1	0.000736380710083288
LTB	0.000737126677454737
TRIM28	0.000737873249331194
VPS25	0.00073862042608007
TYRO3	0.000739368208068927
PRPSAP1	0.000740116595665476
LRRN2	0.000740865589237577
CEP41	0.000741615189153238
NEURL1B	0.000742365395780617
TMCO4	0.00074311620948802
TMEM215	0.000743867630643904
EIF4ENIF1	0.000744619659616873
AFG3L2	0.000745372296775682
TPD52L2	0.000746125542489234
CHST3	0.00074687939712658
HS3ST4	0.000747633861056924
RAB10	0.000748388934649615
FEZF1	0.000749144618274155
SVEP1	0.000749900912300193
HOXA11	0.000750657817097527
FNBP1	0.000751415333036108
KDELR1	0.000752173460486031
RPS6KA5	0.000752932199817545
SVOPL	0.000753691551401046
RBM47	0.00075445151560708
HEATR5A	0.000755212092806344
AVL9	0.000755973283369684
RAD51	0.000756735087668093
LRIG3	0.000757497506072716
FANCD2	0.000758260538954848
TBC1D2B	0.000759024186685934
SMYD3	0.000759788449637566
CCDC114	0.000760553328181488
STAM	0.000761318822689594
MAK	0.000762084933533927
DLGAP2	0.000762851661086679
SLC19A3	0.000763619005720194
SNX30	0.000764386967806964
SVOP	0.000765155547719633
SMYD4	0.000765924745830992
ENSA	0.000766694562513984
SLC30A5	0.000767464998141702
LETM1	0.00076823605308739
PGPEP1	0.000769007727724439
RAPGEFL1	0.000769780022426392
TULP4	0.000770552937566944
AFAP1L2	0.000771326473519937
SMOX	0.000772100630659364
AP3B2	0.00077287540935937
UGT1A8	0.000773650809994248
NELL2	0.000774426832938443
SBK1	0.00077520347856655
AP4B1	0.000775980747253314
C1QBP	0.000776758639373629
AC118549.1	0.000777537155302542
PNP	0.000778316295415249
TPM1	0.000779096060087098
KLC1	0.000779876449693584
DGKQ	0.000780657464610357
MAP3K20	0.000781439105213214
IL17RE	0.000782221371878105
PDCD10	0.000783004264981129
TTPA	0.000783787784898536
MYH9	0.000784571932006729
TKT	0.000785356706682257
TMED9	0.000786142109301824
SDHAF4	0.000786928140242284
NAA20	0.000787714799880639
TP53I11	0.000788502088594046
IRX6	0.00078929000675981
NDST2	0.000790078554755388
FNIP1	0.000790867732958387
RAD21L1	0.000791657541746566
MEFV	0.000792447981497835
KIAA1217	0.000793239052590255
C9orf78	0.000794030755402036
KIAA1328	0.000794823090311543
PLEKHG1	0.000795616057697288
WDR45B	0.000796409657937937
A2M	0.000797203891412307
PAX8	0.000797998758499364
RECQL	0.000798794259578227
EIF4H	0.000799590395028167
PCYT2	0.000800387165228604
GPRC5D	0.000801184570559112
SYCE1	0.000801982611399414
ZC3H18	0.000802781288129385
MCRIP2	0.000803580601129053
PRDM10	0.000804380550778595
MDH1	0.000805181137458341
ERC1	0.000805982361548773
GATM	0.000806784223430523
EDNRA	0.000807586723484375
EXOC5	0.000808389862091266
ALKBH8	0.000809193639632283
AC008397.2	0.000809998056488665
SLC28A3	0.000810803113041804
CDH9	0.000811608809673241
SLC25A10	0.000812415146764671
LRP10	0.000813222124697941
JOSD2	0.000814029743855048
ZNF581	0.000814838004618142
ECHS1	0.000815646907369525
MAPRE3	0.000816456452491651
SLC2A5	0.000817266640367124
CHADL	0.000818077471378703
USP33	0.000818888945909297
TIMM9	0.000819701064341968
TYRP1	0.000820513827059929
SPIN1	0.000821327234446546
ATP6V1D	0.000822141286885336
RANBP1	0.000822955984759969
RNF219	0.000823771328454269
MTMR12	0.000824587318352208
ZNF652	0.000825403954837914
C4BPA	0.000826221238295664
CLCN3	0.000827039169109892
PPARD	0.000827857747665179
CNKSR1	0.000828676974346261
BTN2A2	0.000829496849538028
SYCE1L	0.000830317373625519
VSTM5	0.000831138546993927
PTK2B	0.000831960370028598
KCNK13	0.00083278284311503
SLC24A2	0.000833605966638874
LAMTOR2	0.000834429740985932
SCRT2	0.00083525416654216
CCL19	0.000836079243693668
SLC9A5	0.000836904972826715
KITLG	0.000837731354327715
CYC1	0.000838558388583235
APBB2	0.000839386075979995
LCMT2	0.000840214416904865
VCP	0.000841043411744872
CDH12	0.000841873060887191
DPYSL5	0.000842703364719155
KL	0.000843534323628246
GSDMA	0.0008443659380021
ERCC8	0.000845198208228508
FGFR1OP	0.00084603113469541
CRH	0.000846864717790903
GNA13	0.000847698957903234
ABCB9	0.000848533855420806
MSX2	0.000849369410732173
WDR91	0.000850205624226041
TP53I13	0.000851042496291273
CIZ1	0.000851880027316882
ACAN	0.000852718217692036
LYPLAL1	0.000853557067806055
PIK3R3	0.000854396578048413
DIAPH1	0.000855236748808737
MYRFL	0.000856077580476808
IL31RA	0.000856919073442559
RPGRIP1L	0.000857761228096078
CYB561A3	0.000858604044827606
TMEM240	0.000859447524027537
PLOD1	0.000860291666086418
CFB	0.000861136471394951
ELL2	0.00086198194034399
PDIA6	0.000862828073324545
ZNF687	0.000863674870727777
WDR19	0.000864522332945002
ANKMY2	0.00086537046036769
ERICH6	0.000866219253387463
AC010616.1	0.000867068712396098
STX5	0.000867918837785526
HABP4	0.000868769629947832
TNF	0.000869621089275254
METTL25	0.000870473216160183
PHACTR2	0.000871326010995166
EIF3I	0.000872179474172904
YTHDC1	0.000873033606086249
LIAS	0.00087388840712821
NANOS3	0.000874743877691949
RCC1	0.000875600018170781
ABCG4	0.000876456828958178
SLC25A28	0.000877314310447763
CLEC4M	0.000878172463033314
CASP3	0.000879031287108763
POGK	0.000879890783068199
SQOR	0.000880750951305861
PCSK1	0.000881611792216145
TAGLN3	0.0008824733061936
RPL22L1	0.00088333549363293
PARS2	0.000884198354928993
C19orf67	0.000885061890476802
KCNG3	0.000885926100671523
DBF4	0.000886790985908479
PLBD1	0.000887656546583144
ZNF446	0.00088852278309115
MAP6D1	0.000889389695828281
GAS7	0.000890257285190476
ADGRA2	0.00089112555157383
PCDHGC5	0.000891994495374592
ATP5PO	0.000892864116989164
ELOC	0.000893734416814105
MMRN1	0.000894605395246127
U2AF1	0.000895477052682098
LRRTM3	0.00089634938951904
ONECUT3	0.000897222406154131
CD320	0.000898096102984701
MBD1	0.000898970480408238
TSKS	0.000899845538822384
EMC4	0.000900721278624935
CRELD1	0.000901597700213842
PAQR8	0.000902474803987212
PHTF1	0.000903352590343307
NISCH	0.000904231059680543
DYNC2H1	0.000905110212397492
ACTL6A	0.00090599004889288
ANGPTL6	0.00090687056956559
ASTN2	0.000907751774814658
MVP	0.000908633665039277
RPL11	0.000909516240638795
GART	0.000910399502012713
AMIGO1	0.00091128344956069
ST6GALNAC1	0.00091216808368254
GMCL1	0.00091305340477823
IRX2	0.000913939413247886
RASGEF1A	0.000914826109491786
RBM6	0.000915713493910366
ZNF544	0.000916601566904216
POLB	0.000917490328874081
KCTD16	0.000918379780220864
ZNF526	0.000919269921345621
GRHL1	0.000920160752649565
TSG101	0.000921052274534063
RRP7A	0.000921944487400641
TMPRSS11E	0.000922837391650977
METTL11B	0.000923730987686906
ABHD8	0.00092462527591042
SP100	0.000925520256723665
AMPD3	0.000926415930528944
ZBTB12	0.000927312297728715
UBAC2	0.000928209358725593
SLC16A3	0.000929107113922347
CC2D1A	0.000930005563721904
TAF13	0.000930904708527346
CRLF3	0.00093180454874191
ERVV-1	0.00093270508476899
CCNYL1	0.000933606317012138
CCND1	0.000934508245875058
ZAR1L	0.000935410871761613
TOP1	0.000936314195075822
IFT52	0.000937218216221858
RHCG	0.000938122935604053
PLEKHA8	0.000939028353626894
SLC6A4	0.000939934470695023
PCSK6	0.000940841287213241
EVL	0.000941748803586502
STRC	0.00094265702021992
TNFRSF9	0.000943565937518762
CYTH1	0.000944475555888454
SPATA17	0.000945385875734577
C12orf10	0.000946296897462869
ITFG2	0.000947208621479224
TNFRSF1B	0.000948121048189692
THBS3	0.000949034178000483
CBX2	0.000949948011317958
KHDRBS1	0.00095086254854864
PLXDC2	0.000951777790099204
PLXDC1	0.000952693736376486
ZYX	0.000953610387787476
MMP16	0.000954527744739321
SYT17	0.000955445807639325
RCE1	0.00095636457689495
HOXD10	0.000957284052913812
RXRG	0.000958204236103687
G2E3	0.000959125126872507
AKAP1	0.000960046725628359
PLAGL2	0.00096096903277949
FOXJ3	0.0009618920487343
SCPEP1	0.000962815773901351
ADAM18	0.000963740208689358
PYGM	0.000964665353507194
TYW1	0.000965591208763891
SHC2	0.000966517774868636
ENOPH1	0.000967445052230775
SPRED3	0.000968373041259808
LCAT	0.000969301742365395
THAP11	0.000970231155957354
OSBPL8	0.000971161282445657
ARHGEF37	0.000972092122240436
RGS4	0.000973023675751979
INPP4B	0.000973955943390733
IDNK	0.0009748889255673
PIGP	0.000975822622692443
DNAH7	0.000976757035177076
CATSPERD	0.000977692163432279
ZYG11B	0.000978628007869282
GALNT16	0.000979564568899478
DNAH1	0.000980501846934413
ZNF524	0.000981439842385796
TAL1	0.000982378555665487
ACVRL1	0.000983317987185511
SIAE	0.000984258137358044
ENO2	0.000985199006595425
CDH1	0.000986140595310145
FGG	0.00098708290391486
COL19A1	0.000988025932822378
TLR4	0.000988969682445668
KANSL3	0.000989914153197855
DCLK1	0.000990859345492224
F2R	0.000991805259742215
GGT5	0.000992751896361429
LRBA	0.000993699255763622
ZDHHC2	0.000994647338362712
FEM1C	0.000995596144572771
TERT	0.000996545674808032
PPP1R37	0.000997495929482884
C9orf72	0.000998446909011877
DCDC2B	0.000999398613809715
SLC9C2	0.00100035104429126
CADM1	0.00100130420087155
SHMT1	0.00100225808396574
RHOJ	0.00100321269398919
TSPAN18	0.0010041680313574
CRIP3	0.00100512409648601
POP1	0.00100608088979084
KDSR	0.00100703841168787
RPF2	0.00100799666259322
ARHGDIB	0.00100895564292319
KRT6A	0.00100991535309423
LUC7L	0.00101087579352294
F10	0.00101183696462609
CR1	0.0010127988668206
HSPA4L	0.00101376150052355
VIRMA	0.00101472486615219
TBC1D13	0.00101568896412391
PDSS1	0.00101665379485628
THAP12	0.00101761935876702
CFAP53	0.00101858565627399
MGAT3	0.00101955268779524
MMP28	0.00102052045374895
KLC2	0.00102148895455349
TTC26	0.00102245819062737
ZBED4	0.00102342816238924
SERINC4	0.00102439887025795
CCR4	0.00102537031465249
BCL6	0.001026342495992
CNGB1	0.00102731541469578
PTN	0.00102828907118331
INPP4A	0.00102926346587421
RRBP1	0.00103023859918826
PABPC4	0.00103121447154541
TRPT1	0.00103219108336576
AFF4	0.00103316843506958
CPSF2	0.00103414652707727
RPE	0.00103512535980944
HS3ST1	0.0010361049336868
SPATA5	0.00103708524913027
MPND	0.0010380663065609
VPS8	0.00103904810639991
APC2	0.00104003064906868
EID1	0.00104101393498874
ARID3C	0.0010419979645818
DMRT2	0.0010429827382697
CAP1	0.00104396825647446
TMEM120A	0.00104495451961827
ASH2L	0.00104594152812345
ITGB3	0.00104692928241249
PRDM1	0.00104791778290806
ANKRD39	0.00104890703003296
NAA40	0.00104989702421018
PTK6	0.00105088776586284
NOXRED1	0.00105187925541424
AGAP2	0.00105287149328782
GVQW3	0.00105386447990721
ARHGAP45	0.00105485821569618
TDRD15	0.00105585270107866
SV2C	0.00105684793647874
PAMR1	0.00105784392232067
COL8A1	0.00105884065902888
ACTN1	0.00105983814702793
CYTH2	0.00106083638674255
PRPH	0.00106183537859764
RNF217	0.00106283512301825
MFHAS1	0.0010638356204296
ABRAXAS2	0.00106483687125705
MGAT2	0.00106583887592615
CNEP1R1	0.00106684163486259
SMC4	0.00106784514849222
RGS2	0.00106884941724106
GARNL3	0.00106985444153528
IARS2	0.00107086022180122
CDCP2	0.00107186675846537
FREM2	0.0010728740519544
TENM4	0.00107388210269511
SART3	0.00107489091111449
THADA	0.00107590047763968
HTT	0.00107691080269796
CELA3B	0.00107792188671681
RUSC1	0.00107893373012385
HCRTR2	0.00107994633334684
SH3BP5	0.00108095969681374
TIAL1	0.00108197382095265
PPP1R1A	0.00108298870619182
TAT	0.00108400435295969
MEGF8	0.00108502076168484
KCNV2	0.00108603793279601
APC	0.0010870558667221
MLXIPL	0.0010880745638922
ARHGEF3	0.00108909402473552
SEC61A2	0.00109011424968145
LRRC23	0.00109113523915954
EPB41L4A	0.00109215699359951
METAP1	0.00109317951343122
DCN	0.00109420279908472
RPS15	0.00109522685099019
FAM83E	0.00109625166957798
STEAP2	0.00109727725527863
TM2D3	0.00109830360852279
LHX1	0.00109933072974132
PITPNA	0.00110035861936522
MFSD10	0.00110138727782563
KCNS3	0.0011024167055539
ZNF28	0.00110344690298149
MYL3	0.00110447787054007
WIPF1	0.00110550960866143
STMN3	0.00110654211777754
ZFP37	0.00110757539832054
CYP27C1	0.00110860945072271
SDHB	0.00110964427541651
DTX3L	0.00111067987283455
MFSD4A	0.00111171624340961
FOXN4	0.00111275338757463
CDH8	0.00111379130576271
GHSR	0.00111482999840711
NPRL2	0.00111586946594124
SGSM3	0.00111690970879871
RBMS1	0.00111795072741324
HELLS	0.00111899252221876
CACNG7	0.00112003509364933
DHDH	0.00112107844213918
STPG4	0.00112212256812271
BMPR1B	0.00112316747203447
SIK2	0.00112421315430919
DTL	0.00112525961538173
SCARA3	0.00112630685568715
MSI1	0.00112735487566065
INPP5B	0.00112840367573759
HPS1	0.0011294532563535
MEN1	0.00113050361794408
TMEM131	0.00113155476094516
SNX13	0.00113260668579278
ARNT2	0.0011336593929231
FOSL2	0.00113471288277247
RNPEPL1	0.00113576715577739
STYK1	0.00113682221237452
NOLC1	0.00113787805300068
PIGX	0.00113893467809287
MYO1A	0.00113999208808824
UFL1	0.0011410502834241
ARAP3	0.00114210926453792
BSN	0.00114316903186735
CDC25B	0.00114422958585018
SMPD4	0.00114529092692439
BTG2	0.00114635305552809
FIGN	0.00114741597209957
MAP1S	0.00114847967707729
PTOV1	0.00114954417089986
DCLK2	0.00115060945400605
SLC4A3	0.00115167552683482
PDK4	0.00115274238982525
TAOK2	0.00115381004341662
DAPK2	0.00115487848804835
ZCCHC9	0.00115594772416003
RBM23	0.00115701775219142
HPGD	0.00115808857258243
VIM	0.00115916018577315
NDNF	0.00116023259220382
KCNQ4	0.00116130579231483
TGFB1I1	0.00116237978654677
ODF2L	0.00116345457534036
MYO1C	0.0011645301591365
SHTN1	0.00116560653837625
HDGF	0.00116668371350082
EMID1	0.00116776168495161
MDC1	0.00116884045317015
PM20D2	0.00116992001859817
RAG1	0.00117100038167753
CASC4	0.00117208154285028
DDX41	0.00117316350255861
CDK10	0.00117424626124489
CRLS1	0.00117532981935164
LGI4	0.00117641417732156
RPRD1B	0.00117749933559751
RFX6	0.00117858529462249
SOCS5	0.0011796720548397
PDHB	0.00118075961669248
ATG4B	0.00118184798062433
PIRT	0.00118293714707894
RNF34	0.00118402711650012
FNTA	0.0011851178893319
DNHD1	0.00118620946601842
NLGN1	0.00118730184700402
ACR	0.00118839503273319
RD3L	0.00118948902365058
DMTN	0.00119058382020102
AMPH	0.00119167942282948
NOP58	0.00119277583198111
CLINT1	0.00119387304810122
FAM91A1	0.00119497107163528
EEF1B2	0.00119606990302895
RNF6	0.00119716954272801
ZNF607	0.00119826999117843
SH3GLB2	0.00119937124882635
EIF3D	0.00120047331611806
ZKSCAN2	0.00120157619350001
TBCCD1	0.00120267988141884
PSPC1	0.00120378438032133
TMED4	0.00120488969065442
RBM14	0.00120599581286525
SLC30A9	0.00120710274740107
PAK1	0.00120821049470935
OLFML2A	0.00120931905523769
CST6	0.00121042842943386
NEUROG1	0.0012115386177458
HIST1H2BI	0.00121264962062161
NRIP3	0.00121376143850956
NCALD	0.00121487407185808
CHPF2	0.00121598752111577
SNAP25	0.00121710178673137
GPR22	0.00121821686915383
E4F1	0.00121933276883223
CYP2S1	0.00122044948621582
PRRT3	0.00122156702175402
INTS8	0.00122268537589642
NOS3	0.00122380454909275
EML1	0.00122492454179295
IGF1R	0.00122604535444708
PCGF1	0.00122716698750538
MCF2L	0.00122828944141827
RPIA	0.00122941271663631
NR6A1	0.00123053681361025
DHX40	0.00123166173279098
SIX3	0.00123278747462957
ZBTB38	0.00123391403957726
EIF3H	0.00123504142808543
BRAT1	0.00123616964060567
PARD3	0.00123729867758968
ANKRD52	0.00123842853948937
TTC22	0.00123955922675678
BTN3A3	0.00124069073984416
MFAP3	0.00124182307920387
RAB13	0.00124295624528849
EZR	0.00124409023855071
WDR59	0.00124522505944344
EIPR1	0.00124636070841971
SLC2A4	0.00124749718593275
B9D1	0.00124863449243592
MUC3A	0.00124977262838279
FZD4	0.00125091159422706
MAPK7	0.0012520513904226
B4GALT5	0.00125319201742346
SLC35E1	0.00125433347568385
HEY1	0.00125547576565814
PRRT1	0.00125661888780086
CHST11	0.00125776284256673
SLC25A36	0.00125890763041061
BICRAL	0.00126005325178754
DPH7	0.00126119970715273
ATP10D	0.00126234699696152
RNF157	0.00126349512166947
ATP5F1A	0.00126464408173227
METTL6	0.00126579387760579
DEFB1	0.00126694450974605
BIN2	0.00126809597860926
FAM149A	0.00126924828465177
CBFA2T2	0.00127040142833012
NRCAM	0.00127155541010099
PVRIG	0.00127271023042126
PRSS45	0.00127386588974794
TRPC7	0.00127502238853823
ROCK1	0.00127617972724949
SUV39H2	0.00127733790633925
ABCA3	0.00127849692626519
PMM2	0.00127965678748517
PPP1R3E	0.00128081749045722
TRAFD1	0.00128197903563953
AVEN	0.00128314142349045
TRIM63	0.00128430465446851
FBL	0.0012854687290324
GPR88	0.00128663364764097
LRIT3	0.00128779941075324
AAMP	0.00128896601882841
SLC6A3	0.00129013347232582
ZMYM6	0.00129130177170501
UBE4B	0.00129247091742565
TSSK4	0.0012936409099476
OPN1SW	0.00129481174973089
LRP3	0.0012959834372357
ZCCHC2	0.00129715597292239
SLC25A33	0.00129832935725147
HES7	0.00129950359068364
HOXB3	0.00130067867367975
SLITRK1	0.00130185460670083
CDC42	0.00130303139020805
CSF1R	0.00130420902466279
SGK2	0.00130538751052655
TMC3	0.00130656684826103
MAP2K6	0.00130774703832809
GTF2E2	0.00130892808118975
COPG2	0.00131010997730819
SENP1	0.00131129272714578
MSH6	0.00131247633116504
PTDSS1	0.00131366078982866
GPRC5B	0.0013148461035995
DPP7	0.00131603227294059
MARCH2	0.00131721929831511
CHRNA10	0.00131840718018643
FBXO24	0.00131959591901808
FAIM2	0.00132078551527375
SLC16A6	0.00132197596941731
CNDP2	0.00132316728191277
USP6	0.00132435945322435
EFCAB1	0.0013255524838164
DNAJC12	0.00132674637415345
SSSCA1	0.00132794112470021
WNT2	0.00132913673592153
ASPG	0.00133033320828246
PGP	0.0013315305422482
PDGFB	0.00133272873828411
TENM2	0.00133392779685573
PPM1L	0.00133512771842878
SPNS3	0.0013363285034691
CDC42SE2	0.00133753015244276
RAB6B	0.00133873266581596
BRIX1	0.00133993604405506
PRKAR1A	0.00134114028762662
ZMIZ2	0.00134234539699735
KIAA1958	0.00134355137263412
LIPM	0.00134475821500398
UCHL5	0.00134596592457414
SQSTM1	0.001347174501812
PELP1	0.00134838394718509
FAM43B	0.00134959426116115
HRK	0.00135080544420804
SLC6A7	0.00135201749679384
LRRC7	0.00135323041938676
EIF4E3	0.00135444421245519
ICA1L	0.00135565887646769
TMEM79	0.00135687441189299
UPF2	0.00135809081919999
CUL4A	0.00135930809885774
MBP	0.00136052625133549
UTP15	0.00136174527710262
KCTD15	0.00136296517662872
PCIF1	0.00136418595038351
DDX18	0.00136540759883691
PPP1R12C	0.00136663012245898
HEXD	0.00136785352171997
KLK11	0.00136907779709029
CFAP54	0.00137030294904052
MFSD2A	0.0013715289780414
CRTC1	0.00137275588456386
ZNF653	0.00137398366907898
CASP8	0.00137521233205801
STMN1	0.00137644187397237
GIN1	0.00137767229529366
HMG20A	0.00137890359649364
TPR	0.00138013577804423
POU6F1	0.00138136884041753
RSF1	0.00138260278408581
SLC41A1	0.00138383760952151
RPAP3	0.00138507331719722
RGS5	0.00138630990758572
PRR5	0.00138754738115996
REG3G	0.00138878573839304
TLR3	0.00139002497975824
UFC1	0.00139126510572901
PSKH1	0.00139250611677898
ELOF1	0.00139374801338192
TMPRSS9	0.0013949907960118
NELFE	0.00139623446514274
CYP1A2	0.00139747902124903
GNA12	0.00139872446480513
SMARCD3	0.00139997079628569
SUCLG2	0.0014012180161655
TNFAIP2	0.00140246612491953
VPS72	0.00140371512302293
BTN3A1	0.00140496501095101
IRF8	0.00140621578917924
RABL2A	0.00140746745818328
AMDHD2	0.00140872001843894
POLR2H	0.00140997347042221
SCYL3	0.00141122781460925
DKK3	0.00141248305147639
MTPN	0.00141373918150012
MUC16	0.00141499620515711
C1QTNF5	0.0014162541229242
ACTR3C	0.00141751293527839
PDK2	0.00141877264269685
C14orf93	0.00142003324565694
ABTB2	0.00142129474463616
SRP68	0.00142255714011221
ZDHHC12	0.00142382043256293
INHBA	0.00142508462246635
SLC16A8	0.00142634971030067
CPEB2	0.00142761569654425
ZSCAN2	0.00142888258167562
GBP2	0.00143015036617349
CNNM4	0.00143141905051672
DENND2D	0.00143268863518438
OS9	0.00143395912065566
JOSD1	0.00143523050740996
NDFIP1	0.00143650279592683
RPN1	0.00143777598668599
MINAR1	0.00143905008016734
UBR7	0.00144032507685094
EFCAB3	0.00144160097721703
GJA8	0.00144287778174602
GABARAPL1	0.00144415549091847
KHDC4	0.00144543410521514
MYL10	0.00144671362511695
SLC39A4	0.00144799405110497
VAMP2	0.00144927538366047
RBL2	0.00145055762326487
GMDS	0.00145184077039978
ASGR1	0.00145312482554696
SCO1	0.00145440978918835
POU3F2	0.00145569566180606
DNAJB5	0.00145698244388237
USP2	0.00145827013589973
PAQR3	0.00145955873834077
PPP2CB	0.00146084825168828
PLEKHA1	0.00146213867642522
ALPK1	0.00146343001303472
DZANK1	0.00146472226200009
VSTM2A	0.00146601542380481
OLFM4	0.00146730949893252
OSR1	0.00146860448786704
MASP1	0.00146990039109235
TTLL7	0.00147119720909263
ZIC4	0.00147249494235219
SNW1	0.00147379359135554
EVX1	0.00147509315658735
MTTP	0.00147639363853246
COL6A2	0.00147769503767589
NUP85	0.00147899735450283
IL5RA	0.00148030058949863
SPRY2	0.00148160474314881
AFM	0.00148290981593908
AP4E1	0.00148421580835531
PURB	0.00148552272088355
CHAF1B	0.00148683055400999
ZDBF2	0.00148813930822103
HIST1H2AJ	0.00148944898400322
ZNF420	0.0014907595818433
AC093525.2	0.00149207110222815
MANF	0.00149338354564485
DACH1	0.00149469691258064
FLT3LG	0.00149601120352293
MARC2	0.00149732641895931
EPGN	0.00149864255937753
CRK	0.00149995962526552
MAN2A1	0.00150127761711138
HYLS1	0.00150259653540339
CCM2L	0.00150391638062997
ERCC1	0.00150523715327976
NAGPA	0.00150655885384152
KLK7	0.00150788148280423
FOXN1	0.00150920504065702
MFSD14B	0.00151052952788917
CEP120	0.00151185494499017
PCDHA3	0.00151318129244967
PMM1	0.00151450857075747
VPS26C	0.00151583678040357
CFAP73	0.00151716592187813
PTPRC	0.00151849599567149
NKAIN3	0.00151982700227414
TMEM53	0.00152115894217677
EAF2	0.00152249181587023
HIST1H2AM	0.00152382562384553
TMEM179	0.00152516036659388
FAM193A	0.00152649604460663
SDF2L1	0.00152783265837533
PRSS54	0.00152917020839169
NPTX1	0.00153050869514759
ZNF397	0.00153184811913508
CCDC39	0.00153318848084639
POLG	0.00153452978077393
NFKBID	0.00153587201941026
GGT1	0.00153721519724813
YWHAH	0.00153855931478046
HEMK1	0.00153990437250034
PRR5-ARHGAP8	0.00154125037090102
SLC20A2	0.00154259731047595
EBAG9	0.00154394519171874
PDZRN3	0.00154529401512316
ALOXE3	0.00154664378118316
NADK	0.00154799449039287
TBP	0.0015493461432466
TOX	0.0015506987402388
GAD1	0.00155205228186413
TOE1	0.0015534067686174
FSTL3	0.00155476220099361
NPHS1	0.0015561185794879
TRIAP1	0.00155747590459563
SUPT3H	0.00155883417681229
SPPL2C	0.00156019339663358
LRRD1	0.00156155356455533
NCOA7	0.00156291468107358
DYTN	0.00156427674668454
USP25	0.00156563976188457
KLHDC1	0.00156700372717022
PLPP2	0.00156836864303821
LMAN2L	0.00156973450998543
GRK7	0.00157110132850895
THSD1	0.00157246909910601
TSSK6	0.00157383782227402
YIF1B	0.00157520749851057
FH	0.00157657812831341
PAM	0.00157794971218048
ACBD4	0.00157932225060989
CHRNB4	0.00158069574409991
TUB	0.001582070193149
LCLAT1	0.00158344559825578
MND1	0.00158482195991905
MUC5B	0.00158619927863779
BTN1A1	0.00158757755491115
PSMA8	0.00158895678923844
TMEM189-UBE2V1	0.00159033698211915
ROMO1	0.00159171813405296
RHOF	0.00159310024553971
TNKS1BP1	0.00159448331707942
PIK3C3	0.00159586734917226
ATP2C1	0.00159725234231861
KRT10	0.001598638297019
TPPP	0.00160002521377414
FKBP5	0.00160141309308492
UGT2A1	0.00160280193545239
HOXA6	0.00160419174137779
ZMPSTE24	0.00160558251136253
NOM1	0.00160697424590817
MTMR14	0.00160836694551648
DENND4C	0.00160976061068939
KPNA2	0.00161115524192899
SYPL1	0.00161255083973757
FERMT2	0.00161394740461757
DUSP16	0.00161534493707162
ITGB5	0.00161674343760252
VDAC2	0.00161814290671324
POLQ	0.00161954334490693
SLC9A3	0.00162094475268691
CSAD	0.00162234713055668
DCAF12	0.0016237504790199
C15orf39	0.00162515479858043
KMT5C	0.00162656008974227
GCH1	0.00162796635300964
FBXL17	0.00162937358888688
ATXN3	0.00163078179787855
LHX5	0.00163219098048936
WDR6	0.00163360113722421
BMP2	0.00163501226858815
NETO1	0.00163642437508645
MBOAT2	0.00163783745722449
DERL2	0.00163925151550789
ELMO3	0.0016406665504424
UBE2I	0.00164208256253396
SLC4A1	0.00164349955228868
ZER1	0.00164491752021287
CD96	0.00164633646681298
SP6	0.00164775639259565
MRPS25	0.00164917729806769
C16orf70	0.00165059918373609
MOB4	0.00165202205010802
PSMA1	0.00165344589769082
SLC37A1	0.001654870726992
PIGT	0.00165629653851925
OR1A2	0.00165772333278043
CPN1	0.00165915111028358
GOLGA1	0.00166057987153692
ANKRD63	0.00166200961704884
MEF2A	0.00166344034732789
SEMA3F	0.00166487206288283
PWP1	0.00166630476422257
NCKAP1L	0.00166773845185619
USP46	0.00166917312629296
PTGER3	0.00167060878804233
ABCF1	0.0016720454376139
LRRC37B	0.00167348307551748
NLRC5	0.00167492170226303
ESRRB	0.0016763613183607
PPP1R15A	0.00167780192432079
IBTK	0.00167924352065381
GOT2	0.00168068610787042
CRX	0.00168212968648147
SPSB4	0.00168357425699798
DERL1	0.00168501981993115
IDH2	0.00168646637579235
GNAT1	0.00168791392509313
ADCY2	0.0016893624683452
METAP2	0.00169081200606048
KDF1	0.00169226253875103
DND1	0.0016937140669291
ENAM	0.00169516659110713
GABPB1	0.00169662011179772
ZPLD1	0.00169807462951363
CACNG1	0.00169953014476784
REG1B	0.00170098665807347
POLR2I	0.00170244416994382
VANGL1	0.00170390268089238
CEP104	0.00170536219143281
CPLANE1	0.00170682270207894
PCDHGB1	0.00170828421334478
BABAM1	0.00170974672574453
BMPER	0.00171121023979253
DNAH2	0.00171267475600335
NGB	0.00171414027489168
DENND2C	0.00171560679697242
VRTN	0.00171707432276064
UTRN	0.00171854285277159
MAP3K21	0.00172001238752069
F13A1	0.00172148292752353
DPY19L3	0.00172295447329589
KIF19	0.00172442702535371
LIMK2	0.00172590058421314
ZMAT2	0.00172737515039046
GOT1	0.00172885072440216
HSD3B7	0.0017303273067649
ERICH3	0.00173180489799551
ANKRA2	0.00173328349861099
PIK3CD	0.00173476310912855
CCR10	0.00173624373006553
SLC19A2	0.00173772536193949
PATZ1	0.00173920800526813
FAM192A	0.00174069166056936
CRIM1	0.00174217632836123
ZNF460	0.00174366200916201
FBXL22	0.0017451487034901
CABLES1	0.00174663641186413
KLHDC3	0.00174812513480285
MARS2	0.00174961487282524
SGSM1	0.00175110562645042
SERPINB9	0.00175259739619769
CPT1A	0.00175409018258655
PPFIBP1	0.00175558398613667
DNMBP	0.00175707880736787
CNOT6L	0.00175857464680018
AGBL5	0.0017600715049538
TSNAX	0.00176156938234909
STAU1	0.0017630682795066
AK5	0.00176456819694707
ANO1	0.0017660691351914
RPS9	0.00176757109476066
GSR	0.00176907407617612
HEPHL1	0.00177057807995921
NHSL1	0.00177208310663154
BTBD19	0.00177358915671492
AAAS	0.0017750962307313
ADH5	0.00177660432920284
TAX1BP1	0.00177811345265185
CDK2	0.00177962360160083
ROR2	0.00178113477657248
TRPM3	0.00178264697808964
SLC39A6	0.00178416020667534
ADPRHL1	0.00178567446285281
CALHM1	0.00178718974714542
DPM2	0.00178870606007675
NCAPH2	0.00179022340217055
ZNF852	0.00179174177395072
TMTC3	0.00179326117594139
PPIP5K1	0.00179478160866682
RASA2	0.00179630307265147
TIGAR	0.00179782556841998
SENP5	0.00179934909649716
MTA3	0.001800873657408
AMBP	0.00180239925167768
RHBDL1	0.00180392587983152
CH25H	0.00180545354239507
GTF2H1	0.00180698223989402
ANKHD1	0.00180851197285426
PCDHGC3	0.00181004274180185
NCEH1	0.00181157454726302
SLC27A2	0.00181310738976418
MRPS5	0.00181464126983195
HM13	0.00181617618799307
CACNG5	0.00181771214477452
ETS2	0.00181924914070341
CCDC63	0.00182078717630706
CALR	0.00182232625211295
GPR19	0.00182386636864874
BAALC	0.00182540752644228
PTCD3	0.00182694972602159
GRB14	0.00182849296791488
KIF27	0.00183003725265051
ZNF891	0.00183158258075705
PELI1	0.00183312895276323
ACTR3	0.00183467636919797
OSBPL2	0.00183622483059036
MCTP1	0.00183777433746967
PLEKHF1	0.00183932489036536
LIMD1	0.00184087648980705
PITHD1	0.00184242913632456
UGT1A9	0.00184398283044787
SAFB2	0.00184553757270714
DUSP4	0.00184709336363273
TRAM2	0.00184865020375515
STAMBPL1	0.00185020809360512
CCNE2	0.0018517670337135
PMEL	0.00185332702461137
FAM160B1	0.00185488806682996
MINDY3	0.0018564501609007
ZDHHC20	0.00185801330735517
CLEC19A	0.00185957750672517
FAM19A5	0.00186114275954265
VIPAS39	0.00186270906633974
TIMM44	0.00186427642764875
TGM5	0.00186584484400219
ATP8A1	0.00186741431593273
FBXO39	0.00186898484397321
RNF44	0.00187055642865668
PTPRG	0.00187212907051635
SEC14L5	0.00187370277008561
CDK5	0.00187527752789802
TENT5A	0.00187685334448734
ZNF512B	0.0018784302203875
SLC25A22	0.00188000815613261
PMPCA	0.00188158715225696
VAX1	0.00188316720929501
TTLL13P	0.00188474832778142
DGKI	0.00188633050825102
MYOT	0.0018879137512388
HMX1	0.00188949805727997
SAMD1	0.00189108342690988
ACTN3	0.00189266986066409
SYT4	0.00189425735907831
FLII	0.00189584592268847
WRN	0.00189743555203064
SFMBT1	0.00189902624764109
EXOSC2	0.00190061801005627
PCCB	0.0019022108398128
TMEM56	0.0019038047374475
NDUFAF6	0.00190539970349734
AVP	0.0019069957384995
IMMP2L	0.00190859284299132
HOXD11	0.00191019101751033
EN2	0.00191179026259423
RXFP2	0.00191339057878092
PFDN2	0.00191499196660846
FAM8A1	0.0019165944266151
SIRT6	0.00191819795933926
NPAS1	0.00191980256531956
ATP6V1E1	0.00192140824509478
CDC42SE1	0.0019230149992039
BPIFB1	0.00192462282818606
PIKFYVE	0.00192623173258059
RHOD	0.00192784171292701
LIN9	0.001929452769765
NGFR	0.00193106490363443
ADAMTS9	0.00193267811507536
GIT2	0.00193429240462803
MAT1A	0.00193590777283283
DNAJA2	0.00193752422023037
MAZ	0.00193914174736143
KLHDC8B	0.00194076035476695
ZNF846	0.00194238004298808
CD8A	0.00194400081256612
APCDD1L	0.00194562266404258
CMTM7	0.00194724559795914
CARS2	0.00194886961485765
ZNF622	0.00195049471528016
RPS6	0.00195212089976888
TERF1	0.00195374816886622
GDAP2	0.00195537652311476
FNDC1	0.00195700596305727
CHAT	0.00195863648923668
ORMDL3	0.00196026810219614
IKZF2	0.00196190080247893
CANX	0.00196353459062856
ABCD4	0.00196516946718868
NLRP6	0.00196680543270316
KREMEN2	0.00196844248771602
RBM20	0.00197008063277148
ZNF518B	0.00197171986841393
MSX1	0.00197336019518795
SHE	0.00197500161363829
UBXN6	0.00197664412430989
ADAMTS8	0.00197828772774787
ULK2	0.00197993242449754
SPOUT1	0.00198157821510437
SPNS2	0.00198322510011403
PPCDC	0.00198487308007236
PDSS2	0.00198652215552541
MRPL48	0.00198817232701936
MAP3K3	0.00198982359510061
CDK5R1	0.00199147596031574
DNALI1	0.00199312942321149
PSEN2	0.00199478398433481
TMCO1	0.00199643964423281
RAE1	0.00199809640345279
PDE3A	0.00199975426254223
PRELID3B	0.0020014132220488
RCL1	0.00200307328252033
CNOT6	0.00200473444450485
MSANTD3	0.00200639670855058
ILF2	0.0020080600752059
PCGF2	0.00200972454501939
LRP6	0.00201139011853979
MEAF6	0.00201305679631605
GOLGA3	0.00201472457889728
TRPC1	0.00201639346683278
SRSF9	0.00201806346067204
MYCBP	0.00201973456096472
TCHHL1	0.00202140676826067
ZNF234	0.00202308008310992
ZNF502	0.00202475450606267
STAR	0.00202643003766933
RBMS3	0.00202810667848046
DDX54	0.00202978442904683
EYA2	0.00203146328991937
CCNA1	0.00203314326164921
KLHL2	0.00203482434478766
ZC3H8	0.0020365065398862
TIMP2	0.00203818984749651
HAPLN4	0.00203987426817043
WLS	0.00204155980246
CHMP2B	0.00204324645091744
NEFL	0.00204493421409515
NLRP12	0.00204662309254571
JMJD8	0.00204831308682189
ZNF791	0.00205000419747664
ZNF805	0.00205169642506309
SRD5A3	0.00205338977013456
ZNF133	0.00205508423324453
DTNB	0.00205677981494669
RPS17	0.0020584765157949
NIPAL4	0.00206017433634322
SETDB2	0.00206187327714586
RWDD4	0.00206357333875724
ZNF738	0.00206527452173195
ZNF683	0.00206697682662477
PTPN22	0.00206868025399065
POLR2J	0.00207038480438476
LYNX1	0.0020720904783624
RASD2	0.00207379727647909
DHRS3	0.00207550519929052
XIRP2	0.00207721424735257
CELSR2	0.0020789244212213
GFRA4	0.00208063572145295
GADD45B	0.00208234814860395
TRIM4	0.00208406170323089
DCP1B	0.00208577638589059
GGCX	0.00208749219714
PIP5K1B	0.00208920913753631
SLC12A8	0.00209092720763683
OSTC	0.0020926464079991
ZKSCAN4	0.00209436673918083
ADA	0.00209608820173992
TMEM198	0.00209781079623443
ZNF136	0.00209953452322264
MS4A10	0.00210125938326297
MFAP5	0.00210298537691407
SCCPDH	0.00210471250473474
PPP1R21	0.00210644076728397
ZC3HC1	0.00210817016512095
DTHD1	0.00210990069880504
NFS1	0.00211163236889577
OXCT1	0.0021133651759529
CCDC6	0.00211509912053631
NET1	0.00211683420320612
MYOZ1	0.00211857042452261
FLOT1	0.00212030778504624
RILPL2	0.00212204628533765
URB1	0.00212378592595769
EXTL1	0.00212552670746737
KIF18A	0.0021272686304279
MCOLN2	0.00212901169540065
GLE1	0.0021307559029472
PTX3	0.0021325012536293
SGF29	0.00213424774800889
TMEM263	0.00213599538664809
SLC11A2	0.00213774417010921
G3BP2	0.00213949409895473
SLC2A12	0.00214124517374735
DTNA	0.0021429973950499
ATAD1	0.00214475076342544
CNTN2	0.0021465052794372
KLHL23	0.00214826094364859
UNC45A	0.00215001775662319
ADAMTSL2	0.00215177571892481
UAP1	0.0021535348311174
ASB1	0.00215529509376511
PODXL2	0.00215705650743228
RNF130	0.00215881907268342
PDE8B	0.00216058279008325
LPP	0.00216234766019665
MARK4	0.00216411368358869
ZNF740	0.00216588086082464
ZNF330	0.00216764919246993
GIF	0.0021694186790902
CAMK1D	0.00217118932125126
CYB5R1	0.0021729611195191
CTDSPL2	0.0021747340744599
MAMSTR	0.00217650818664005
MAP3K6	0.00217828345662608
DLG5	0.00218005988498473
SPATA2L	0.00218183747228293
PGBD5	0.00218361621908779
BAZ1A	0.00218539612596659
DUS1L	0.00218717719348682
ZNF131	0.00218895942221613
GOLGB1	0.00219074281272238
CARF	0.0021925273655736
PAICS	0.002194313081338
SIPA1L3	0.00219609996058399
CSTF2T	0.00219788800388016
ADGRL2	0.00219967721179529
CHRD	0.00220146758489832
MAP2K4	0.00220325912375841
FOXQ1	0.00220505182894489
CGAS	0.00220684570102726
ORAI2	0.00220864074057525
TAS1R2	0.00221043694815872
SPACA9	0.00221223432434775
ING5	0.0022140328697126
ELL	0.00221583258482371
ASIC1	0.00221763347025171
TF	0.00221943552656742
F11R	0.00222123875434183
FAM98C	0.00222304315414613
KRT1	0.00222484872655169
PFDN6	0.00222665547213007
CD200	0.00222846339145302
GTPBP8	0.00223027248509245
DCSTAMP	0.00223208275362049
HNRNPM	0.00223389419760944
BSDC1	0.00223570681763177
RSPH10B	0.00223752061426017
TOX3	0.0022393355880675
CHTF18	0.00224115173962679
EVX2	0.00224296906951128
SENP6	0.00224478757829437
CHEK2	0.00224660726654969
CPAMD8	0.00224842813485101
FAM181A	0.00225025018377231
MAEL	0.00225207341388775
CHRNA7	0.00225389782577168
SERPINE2	0.00225572341999862
EIF4E1B	0.00225755019714331
TINF2	0.00225937815778064
FOXI3	0.00226120730248571
ATF7IP	0.0022630376318338
CNGA3	0.00226486914640037
GRSF1	0.00226670184676107
NPTXR	0.00226853573349174
DCP1A	0.0022703708071684
EPHB3	0.00227220706836728
PPCS	0.00227404451766475
PTP4A3	0.00227588315563741
RPL6	0.00227772298286203
CRTAM	0.00227956399991557
ACSS2	0.00228140620737516
WDR83	0.00228324960581815
SMURF2	0.00228509419582203
ZNF568	0.00228693997796453
SAT2	0.00228878695282353
ARPP21	0.00229063512097711
ZNF787	0.00229248448300353
ASIC5	0.00229433503948125
TMEM33	0.0022961867909889
ABCF3	0.00229803973810531
B3GALNT2	0.00229989388140948
ZNF512	0.00230174922148063
UBA5	0.00230360575889813
DNAJC14	0.00230546349424156
NR1H3	0.00230732242809067
ZNF346	0.00230918256102542
MUM1	0.00231104389362595
KNOP1	0.00231290642647256
PHLDA2	0.00231477016014578
ZP1	0.00231663509522629
RAPGEF4	0.00231850123229498
NTN3	0.00232036857193293
RPL3	0.00232223711472138
CPNE8	0.00232410686124179
LRTM2	0.00232597781207578
AIMP2	0.00232784996780518
CAD	0.002329723329012
CDIP1	0.00233159789627843
ZSCAN25	0.00233347367018684
RHO	0.00233535065131983
SAMD9L	0.00233722884026013
GOLGA7	0.0023391082375907
ZSCAN5B	0.00234098884389466
LCMT1	0.00234287065975535
SRSF10	0.00234475368575626
SLC12A1	0.0023466379224811
NOCT	0.00234852337051375
SLC17A4	0.00235041003043827
CTTNBP2NL	0.00235229790283893
LMNTD1	0.00235418698830018
CCL5	0.00235607728740665
DRAM1	0.00235796880074316
JMY	0.00235986152889472
CDS1	0.00236175547244654
MCMBP	0.002363650631984
SLC35F3	0.00236554700809267
GADD45A	0.00236744460135833
PSMD8	0.00236934341236691
DUSP26	0.00237124344170455
MAP1LC3A	0.0023731446899576
JAKMIP1	0.00237504715771255
CHRNB2	0.00237695084555612
RPS15A	0.00237885575407519
PTPA	0.00238076188385685
PITPNB	0.00238266923548836
ARMC8	0.00238457780955719
UBE2QL1	0.00238648760665097
IRF2	0.00238839862735754
PIK3CB	0.00239031087226492
SMARCAL1	0.00239222434196133
DPF1	0.00239413903703516
CCZ1B	0.00239605495807499
SPIDR	0.00239797210566961
VPS13A	0.00239989048040797
PNPLA2	0.00240181008287924
MED10	0.00240373091367275
DNAJC11	0.00240565297337803
PLPP3	0.00240757626258481
NYAP1	0.00240950078188299
HAND1	0.00241142653186266
HIST1H2BB	0.00241335351311411
PARP4	0.00241528172622782
AJUBA	0.00241721117179445
EMX2	0.00241914185040485
MCOLN1	0.00242107376265006
GCHFR	0.00242300690912131
TRIM62	0.00242494129041002
EBI3	0.00242687690710779
DSTYK	0.00242881375980643
C2orf72	0.00243075184909792
CIITA	0.00243269117557443
CPA1	0.00243463173982832
PDGFRB	0.00243657354245216
BDNF	0.00243851658403868
RAD21	0.00244046086518081
PLEKHH1	0.00244240638647168
TNFSF10	0.00244435314850459
PLCH1	0.00244630115187304
NME9	0.00244825039717072
PEX2	0.00245020088499151
SH2D3A	0.00245215261592948
HSPA12B	0.00245410559057888
PRKRIP1	0.00245605980953416
CCDC180	0.00245801527338995
DOP1B	0.00245997198274108
TAF10	0.00246192993818257
PLEKHM1	0.00246388914030961
ADAMTS16	0.0024658495897176
MRPL2	0.00246781128700213
HIRIP3	0.00246977423275896
LY75	0.00247173842758406
SRRM3	0.00247370387207358
MAP3K13	0.00247567056682387
ANKRD62	0.00247763851243146
PIK3R5	0.00247960770949306
NPRL3	0.00248157815860559
PRDX5	0.00248354986036615
USP3	0.00248552281537203
GJC1	0.00248749702422072
COX15	0.00248947248750988
ABCB11	0.00249144920583737
PPP1R3B	0.00249342717980125
RAB40B	0.00249540640999976
HHIP	0.00249738689703132
METTL1	0.00249936864149457
PRRG2	0.0025013516439883
GHITM	0.00250333590511153
SMG9	0.00250532142546344
TSN	0.00250730820564342
NR2E1	0.00250929624625104
SHMT2	0.00251128554788607
NADK2	0.00251327611114844
RAN	0.00251526793663832
SLA	0.00251726102495602
MPZ	0.00251925537670208
ACACA	0.00252125099247721
NFKBIE	0.00252324787288232
CRIP1	0.0025252460185185
TRIM41	0.00252724542998703
DNAL1	0.0025292461078894
RHAG	0.00253124805282727
SSR1	0.0025332512654025
BUD13	0.00253525574621714
RPL7L1	0.00253726149587342
TAF15	0.00253926851497377
MIA2	0.00254127680412083
ZBTB43	0.00254328636391739
CAMSAP3	0.00254529719496646
AKAP10	0.00254730929787123
CPPED1	0.0025493226732351
EDEM1	0.00255133732166162
TIGD3	0.00255335324375457
SMYD5	0.0025553704401179
PIP5K1C	0.00255738891135577
AMD1	0.0025594086580725
EMILIN1	0.00256142968087264
IREB2	0.0025634519803609
HGD	0.00256547555714219
RASSF8	0.00256750041182161
CRNKL1	0.00256952654500447
CCSAP	0.00257155395729624
TAF3	0.0025735826493026
COL20A1	0.00257561262162942
CMTM8	0.00257764387488276
RASEF	0.00257967640966887
CNOT4	0.00258171022659419
SARM1	0.00258374532626535
ZNF32	0.00258578170928918
MGAM2	0.0025878193762727
NOP16	0.00258985832782311
SRSF6	0.00259189856454781
RAB29	0.00259394008705439
PHACTR4	0.00259598289595064
ALG3	0.00259802699184452
ALDH4A1	0.0026000723753442
CPA4	0.00260211904705805
PIGN	0.0026041670075946
CTHRC1	0.00260621625756261
SREK1IP1	0.00260826679757099
NPAS4	0.00261031862822887
CIR1	0.00261237175014558
ZC3H4	0.00261442616393062
N4BP3	0.00261648187019368
SVIL	0.00261853886954466
CDS2	0.00262059716259364
GABPA	0.00262265674995089
POLK	0.00262471763222689
IDH3B	0.00262677981003229
WDR36	0.00262884328397795
LGSN	0.0026309080546749
DTYMK	0.00263297412273439
PCDHGB6	0.00263504148876783
MOB1A	0.00263711015338685
LSM14A	0.00263918011720327
PTGES3L-AARSD1	0.00264125138082907
RPS12	0.00264332394487648
GPR155	0.00264539780995785
EFL1	0.00264747297668579
MAPRE2	0.00264954944567307
LEFTY2	0.00265162721753264
STIM1	0.00265370629287767
ZNF451	0.00265578667232151
TMEM199	0.00265786835647769
CTRL	0.00265995134595997
DCHS1	0.00266203564138226
CASP4	0.00266412124335868
HRH2	0.00266620815250355
PRCP	0.00266829636943137
MYRF	0.00267038589475685
NCBP3	0.00267247672909487
SLC7A4	0.00267456887306051
TBX3	0.00267666232726906
DACT3	0.00267875709233597
RTN4RL1	0.00268085316887692
ERAP2	0.00268295055750776
CAB39	0.00268504925884454
TUBA3D	0.0026871492735035
C1QTNF2	0.00268925060210106
KTI12	0.00269135324525386
MUCL3	0.00269345720357872
MARC1	0.00269556247769264
OCM2	0.00269766906821284
KRTAP2-3	0.00269977697575672
TUBA3E	0.00270188620094186
ENTPD8	0.00270399674438604
CYP3A4	0.00270610860670726
CFAP61	0.00270822178852367
MIGA1	0.00271033629045365
DGCR2	0.00271245211311574
OSBPL3	0.00271456925712871
TMEM38B	0.0027166877231115
PCDHA6	0.00271880751168323
TMEM205	0.00272092862346325
MSS51	0.00272305105907108
MTCH1	0.00272517481912644
C2orf69	0.00272729990424923
ANKRD44	0.00272942631505956
TRPM2	0.00273155405217774
AIMP1	0.00273368311622424
GTF2B	0.00273581350781977
TMEM44	0.00273794522758519
EDIL3	0.00274007827614158
ZBTB48	0.0027422126541102
SLC34A3	0.00274434836211252
ZNF648	0.00274648540077019
SNAPC1	0.00274862377070506
NSD3	0.00275076347253916
CNTN3	0.00275290450689474
NDST4	0.00275504687439422
PRRX2	0.00275719057566023
EGFL8	0.00275933561131557
GPR65	0.00276148198198327
CDC37L1	0.00276362968828653
MTA2	0.00276577873084874
FSCN2	0.00276792911029351
RAP1B	0.00277008082724461
PYGL	0.00277223388232602
AK8	0.00277438827616193
TCF25	0.0027765440093767
POLR1B	0.00277870108259489
TCF24	0.00278085949644127
LPAR6	0.00278301925154077
MDFI	0.00278518034851856
VPS33A	0.00278734278799997
PARP16	0.00278950657061054
MPHOSPH6	0.00279167169697599
SPOCK2	0.00279383816772225
TPMT	0.00279600598347543
TPM2	0.00279817514486185
SLC44A4	0.00280034565250802
JPH3	0.00280251750704064
PPIH	0.0028046907090866
TRIP4	0.00280686525927299
SCD5	0.00280904115822711
FGGY	0.00281121840657642
SLC22A2	0.0028133970049486
FLT1	0.00281557695397153
TMPRSS2	0.00281775825427327
PARD6A	0.00281994090648207
RALBP1	0.00282212491122639
RNF19B	0.00282431026913488
SEC23B	0.00282649698083638
ABCG2	0.00282868504695993
PTCHD3	0.00283087446813476
AP3B1	0.0028330652449903
MED20	0.00283525737815618
WISP2	0.0028374508682622
CRMP1	0.00283964571593839
GRM3	0.00284184192181495
ALG2	0.00284403948652229
KIF26B	0.002846238410691
ADRB2	0.00284843869495187
CXADR	0.0028506403399359
SUCLG1	0.00285284334627428
LDHA	0.00285504771459837
CLK1	0.00285725344553975
ZNF574	0.00285946053973019
PLCL2	0.00286166899780167
CHUK	0.00286387882038633
ENPEP	0.00286609000811654
RIOX1	0.00286830256162483
PRRC1	0.00287051648154398
PDCD6	0.0028727317685069
MOCOS	0.00287494842314675
PHYHIPL	0.00287716644609685
FXN	0.00287938583799074
CDCP1	0.00288160659946213
NAMPT	0.00288382873114495
CC2D2B	0.00288605223367332
PLD4	0.00288827710768154
EIF4G3	0.00289050335380412
WDFY2	0.00289273097267577
RPL36	0.00289495996493138
NQO1	0.00289719033120605
MINDY4	0.00289942207213507
CHPT1	0.00290165518835393
TAF1C	0.0029038896804983
HIST1H2BN	0.00290612554920407
ANKRD16	0.00290836279510731
SELENOI	0.00291060141884429
CDHR2	0.00291284142105147
CPSF4	0.00291508280236552
PAQR7	0.0029173255634233
IFT57	0.00291956970486186
MS4A18	0.00292181522731845
ARHGAP11A	0.00292406213143052
TMEM106B	0.00292631041783571
MZF1	0.00292856008717186
DVL1	0.00293081114007701
TAPBPL	0.00293306357718938
SYT14	0.00293531739914741
USF1	0.00293757260658973
FBXO45	0.00293982920015514
AJAP1	0.00294208718048267
ZNF277	0.00294434654821153
SEC14L2	0.00294660730398114
SLC35G2	0.00294886944843109
GNAT2	0.0029511329822012
AGO3	0.00295339790593147
AMN	0.00295566422026208
SLC26A6	0.00295793192583343
TMEM72	0.00296020102328612
CCDC88A	0.00296247151326092
MAFA	0.00296474339639883
BMP6	0.00296701667334101
PDAP1	0.00296929134472886
SLCO3A1	0.00297156741120394
BEND5	0.00297384487340803
HSPA13	0.00297612373198308
PTGS1	0.00297840398757127
PRKDC	0.00298068564081495
SPOCK3	0.00298296869235669
KLF9	0.00298525314283924
GJA3	0.00298753899290555
ITGA11	0.00298982624319877
SDR9C7	0.00299211489436225
GP2	0.00299440494703952
PCGF6	0.00299669640187434
CHCHD4	0.00299898925951064
ZSCAN10	0.00300128352059256
PLA2G6	0.00300357918576441
CENPE	0.00300587625567075
ATP1B1	0.00300817473095629
SYNPO2	0.00301047461226595
DAP3	0.00301277590024486
CELF1	0.00301507859553835
MAG	0.00301738269879191
GLMN	0.00301968821065127
PRDM5	0.00302199513176234
HERC3	0.00302430346277124
PARN	0.00302661320432425
GPALPP1	0.00302892435706789
CIB1	0.00303123692164886
TMEM120B	0.00303355089871406
UNCX	0.00303586628891059
LRRC8E	0.00303818309288574
RHOBTB3	0.003040501311287
PDGFA	0.00304282094476206
UFSP2	0.00304514199395882
CNOT8	0.00304746445952534
COLGALT2	0.00304978834210993
FYB1	0.00305211364236106
KIAA1324	0.00305444036092742
HLX	0.00305676849845786
DNAAF2	0.00305909805560149
SAMD12	0.00306142903300755
FAM171A2	0.00306376143132554
TRIM14	0.00306609525120511
SLC25A3	0.00306843049329613
CCDC17	0.00307076715824868
KIAA0895L	0.003073105246713
CDK2AP2	0.00307544475933958
IL1R1	0.00307778569677905
TBC1D10C	0.00308012805968229
FUBP1	0.00308247184870035
PRSS22	0.00308481706448448
SERPINI2	0.00308716370768615
GADD45G	0.00308951177895699
SYNGR3	0.00309186127894886
DDX10	0.0030942122083138
RRH	0.00309656456770408
TMEM8A	0.00309891835777212
HFM1	0.00310127357917057
DDI2	0.00310363023255228
SPAG16	0.00310598831857029
BAMBI	0.00310834783787783
ZNF263	0.00311070879112835
EXOC7	0.00311307117897547
IRF3	0.00311543500207305
COQ10B	0.0031178002610751
PIGB	0.00312016695663587
ADGRE1	0.00312253508940979
TBL3	0.00312490466005148
CCM2	0.00312727566921577
ADAT2	0.00312964811755771
FAM110A	0.00313202200573249
NACAD	0.00313439733439557
NSMCE4A	0.00313677410420256
ADORA2B	0.00313915231580929
TSC22D2	0.00314153196987178
CDK20	0.00314391306704625
FANCL	0.00314629560798912
AIF1L	0.00314867959335702
RFXAP	0.00315106502380676
ALG10	0.00315345189999536
LDLRAD3	0.00315584022258004
PKD2	0.00315822999221822
CCDC136	0.0031606212095675
TBX4	0.00316301387528573
OLA1	0.00316540799003089
CEACAM4	0.00316780355446121
MPHOSPH10	0.00317020056923511
BEST3	0.00317259903501119
VRK1	0.00317499895244827
RUNDC3B	0.00317740032220536
CIDEC	0.00317980314494167
PLAC8L1	0.00318220742131662
NDUFB10	0.00318461315198981
NRP2	0.00318702033762106
WDR77	0.00318942897887037
TOMM22	0.00319183907639795
PPM1K	0.00319425063086422
HOMER3	0.00319666364292978
EGLN3	0.00319907811325545
ACBD3	0.00320149404250222
BCAS3	0.00320391143133131
CCT7	0.00320633028040413
TBX5	0.00320875059038229
SLC35A3	0.00321117236192759
PAXBP1	0.00321359559570204
KIAA0391	0.00321602029236785
ITGAV	0.00321844645258743
EPS8L1	0.00322087407702338
MAPRE1	0.00322330316633852
EYS	0.00322573372119585
TP73	0.00322816574225858
PPP6R2	0.00323059923019012
MYL6	0.00323303418565407
STK31	0.00323547060931425
MAP2K3	0.00323790850183467
COQ10A	0.00324034786387953
TRIL	0.00324278869611324
EAF1	0.00324523099920041
FAM129B	0.00324767477380587
ALCAM	0.0032501200205946
IKZF1	0.00325256674023183
SFPQ	0.00325501493338297
NETO2	0.00325746460071363
SERPINB6	0.00325991574288961
ZRANB3	0.00326236836057695
DCHS2	0.00326482245444184
ETAA1	0.00326727802515071
BACE2	0.00326973507337015
ZNF48	0.00327219359976701
PAQR5	0.00327465360500828
DDX51	0.00327711508976119
LHX8	0.00327957805469316
TESMIN	0.00328204250047179
SMARCA5	0.00328450842776492
EDEM3	0.00328697583724056
SLC26A9	0.00328944472956693
ZSCAN5A	0.00329191510541245
FRMD5	0.00329438696544575
SLC38A10	0.00329686031033566
GALNT9	0.00329933514075119
MYOM2	0.00330181145736157
PRUNE1	0.00330428926083623
TUBD1	0.00330676855184479
TBKBP1	0.00330924933105709
RAB22A	0.00331173159914316
ELF1	0.00331421535677322
ZBTB32	0.00331670060461771
DNAH9	0.00331918734334727
SOWAHA	0.00332167557363272
MAST2	0.00332416529614511
MYPN	0.00332665651155567
DACT1	0.00332914922053584
ZNF383	0.00333164342375727
GJB6	0.00333413912189178
ZKSCAN3	0.00333663631561144
YAP1	0.00333913500558847
PYROXD1	0.00334163519249534
ARSK	0.00334413687700468
GPX4	0.00334664005978934
TRIM71	0.00334914474152238
TARBP2	0.00335165092287705
SNX8	0.0033541586045268
TBCK	0.0033566677871453
CNBP	0.00335917847140638
SEPT11	0.00336169065798413
BIN1	0.00336420434755278
CA9	0.00336671954078683
FRMD4B	0.00336923623836091
TMEM9B	0.00337175444094991
LSM3	0.00337427414922888
DMPK	0.00337679536387311
JCAD	0.00337931808555806
BRF1	0.00338184231495941
KCNJ10	0.00338436805275303
KCTD18	0.00338689529961501
TCEA1	0.00338942405622162
SFSWAP	0.00339195432324934
NDUFS8	0.00339448610137487
KLHDC8A	0.00339701939127509
COA6	0.00339955419362708
PCDHGC4	0.00340209050910814
ALOX5AP	0.00340462833839576
UBE2D4	0.00340716768216764
RNF170	0.00340970854110168
REV1	0.00341225091587598
H1FX	0.00341479480716883
TMEM229B	0.00341734021565876
KCTD10	0.00341988714202445
ZBTB37	0.00342243558694484
MLLT1	0.00342498555109902
ACOD1	0.00342753703516631
SLC5A8	0.00343009003982624
GPR15	0.00343264456575851
PPP1R14A	0.00343520061364307
C1orf122	0.00343775818416002
CHST4	0.0034403172779897
ACSL6	0.00344287789581265
SUMF2	0.00344544003830959
CNGB3	0.00344800370616146
STOML1	0.0034505689000494
OARD1	0.00345313562065476
HOXD13	0.00345570386865908
ZNF233	0.0034582736447441
MTHFD2	0.00346084494959178
GOLGA7B	0.00346341778388428
ARG1	0.00346599214830394
SLC39A7	0.00346856804353334
MAP4K3	0.00347114547025523
TRIM64B	0.00347372442915258
PRDM14	0.00347630492090856
ARRDC1	0.00347888694620654
HIPK2	0.0034814705057301
MOS	0.00348405560016301
MAPK8	0.00348664223018927
DDX23	0.00348923039649304
GGCT	0.00349182009975873
ZNF572	0.00349441134067093
FABP7	0.00349700411991442
USP30	0.00349959843817421
MCM6	0.00350219429613551
TPI1	0.0035047916944837
CDH2	0.00350739063390442
PPP1R8	0.00350999111508346
PKMYT1	0.00351259313870685
SHISAL2B	0.0035151967054608
LTBR	0.00351780181603174
DOCK10	0.00352040847110629
SC5D	0.00352301667137128
SPSB2	0.00352562641751376
KLK6	0.00352823771022095
RNF112	0.00353085055018029
ZBED9	0.00353346493807945
ACTR6	0.00353608087460625
HSPB7	0.00353869836044876
GEMIN5	0.00354131739629523
PLEK	0.00354393798283413
RAB3GAP1	0.00354656012075412
THAP1	0.00354918381074406
KCNA10	0.00355180905349303
PGD	0.00355443584969031
CALM3	0.00355706420002538
PGM2L1	0.00355969410518792
SEMA3E	0.00356232556586781
INTS13	0.00356495858275517
MMS22L	0.00356759315654027
RBM26	0.00357022928791363
POLR3GL	0.00357286697756595
GPX3	0.00357550622618814
PELI3	0.0035781470344713
CNIH1	0.00358078940310677
TRIM56	0.00358343333278607
STAT2	0.00358607882420091
NOP10	0.00358872587804324
CEP78	0.00359137449500519
FGD5	0.0035940246757791
CMTM4	0.00359667642105751
CDR2L	0.00359932973153318
ZNF672	0.00360198460789906
MON1A	0.0036046410508483
ECT2	0.00360729906107428
ZDHHC19	0.00360995863927055
EHF	0.0036126197861309
EIF2B2	0.00361528250234929
NASP	0.00361794678861992
CCDC151	0.00362061264563717
CEP290	0.00362328007409562
DOK7	0.00362594907469009
ETV7	0.00362861964811556
FSIP2	0.00363129179506724
VSTM2B	0.00363396551624056
TBX6	0.00363664081233111
NTM	0.00363931768403473
COQ9	0.00364199613204744
C16orf87	0.00364467615706546
SLC16A14	0.00364735775978525
EPN2	0.00365004094090343
CLASP2	0.00365272570111687
PIGQ	0.00365541204112259
RAB25	0.00365809996161787
RAB12	0.00366078946330017
PNO1	0.00366348054686715
PTPRN2	0.00366617321301669
GPR156	0.00366886746244686
DZIP1L	0.00367156329585595
METTL7B	0.00367426071394245
XPO6	0.00367695971740504
GTF3C1	0.00367966030694264
ITGAE	0.00368236248325434
TNPO2	0.00368506624703946
CLCF1	0.00368777159899751
IL23A	0.00369047853982822
SNRPG	0.0036931870702315
PCNP	0.0036958971909075
UVSSA	0.00369860890255655
ORMDL1	0.0037013222058792
POLR2K	0.00370403710157619
VAV1	0.00370675359034849
SHISAL1	0.00370947167289725
DNA2	0.00371219134992384
NTPCR	0.00371491262212984
ADAM22	0.00371763549021702
COX5B	0.00372035995488736
TSNAXIP1	0.00372308601684307
SOX18	0.00372581367678652
IHH	0.00372854293542034
RNF17	0.00373127379344732
MRTO4	0.00373400625157049
ST7L	0.00373674031049305
NAXE	0.00373947597091845
LRTOMT	0.0037422132335503
KAZALD1	0.00374495209909246
FUOM	0.00374769256824896
ZG16B	0.00375043464172406
ASPSCR1	0.00375317832022222
C1orf198	0.0037559236044481
ANLN	0.00375867049510656
NUP210	0.0037614189929027
CARM1	0.00376416909854178
C7orf31	0.0037669208127293
TADA1	0.00376967413617096
C7orf43	0.00377242906957266
DCAF8	0.00377518561364051
WFDC5	0.00377794376908082
FBXW10	0.00378070353660011
FRG1	0.00378346491690512
UBE2G1	0.00378622791070277
GABRR1	0.00378899251870022
TNFAIP8L1	0.0037917587416048
ZNF112	0.00379452658012409
RABGAP1	0.00379729603496582
ADCY6	0.00380006710683799
SAMD10	0.00380283979644875
UBE2M	0.0038056141045065
LRRK2	0.00380839003171982
NDUFAF2	0.00381116757879751
POU4F3	0.00381394674644857
MCHR1	0.00381672753538221
BICRA	0.00381950994630786
LZTFL1	0.00382229397993512
GMIP	0.00382507963697384
IFNG	0.00382786691813406
ATXN2	0.00383065582412601
SNX18	0.00383344635566015
TSPOAP1	0.00383623851344714
RNF125	0.00383903229819784
ZFYVE28	0.00384182771062334
B3GALT2	0.00384462475143491
RPL13A	0.00384742342134404
SMG5	0.00385022372106242
KNDC1	0.00385302565130197
TMEM268	0.00385582921277478
AMN1	0.00385863440619318
AC020909.1	0.00386144123226969
HNF4G	0.00386424969171705
RAB2B	0.0038670597852482
UBQLN1	0.00386987151357628
TMEM38A	0.00387268487741464
RAP1A	0.00387549987747687
ZNF343	0.00387831651447671
COG5	0.00388113478912815
ANKRD7	0.00388395470214538
RHBG	0.00388677625424279
EPO	0.00388959944613499
ZNF341	0.00389242427853677
ZNF721	0.00389525075216316
UBE2D1	0.00389807886772939
HEY2	0.00390090862595088
GOLGA4	0.00390374002754328
SDC3	0.00390657307322243
HLA-DRB1	0.00390940776370439
MYL12A	0.00391224409970542
GCLC	0.00391508208194201
FAM57A	0.00391792171113082
SLC27A4	0.00392076298798874
CHRM3	0.00392360591323288
ZFP64	0.00392645048758054
ZNF304	0.00392929671174923
PRDM6	0.00393214458645667
NEO1	0.00393499411242078
PGAP3	0.00393784529035972
CDCA8	0.00394069812099182
SART1	0.00394355260503564
PLEKHG4	0.00394640874320994
COL9A3	0.00394926653623368
ISG20L2	0.00395212598482606
FERMT3	0.00395498708970646
NME3	0.00395784985159447
CGNL1	0.0039607142712099
ATP5F1C	0.00396358034927276
LARS	0.00396644808650328
CFAP97D1	0.00396931748362187
LOXHD1	0.0039721885413492
ENDOG	0.00397506126040609
OTUD1	0.0039779356415136
RUNDC1	0.00398081168539301
FGB	0.00398368939276578
TFPI	0.0039865687643536
ZNF608	0.00398944980087836
IL10RA	0.00399233250306215
FBLN7	0.0039952168716273
IL2RB	0.0039981029072963
AK9	0.0040009906107919
KLK8	0.00400387998283702
KERA	0.00400677102415482
NOB1	0.00400966373546864
PHF24	0.00401255811750205
TYK2	0.00401545417097882
RBM24	0.00401835189662293
LHX4	0.00402125129515857
EBPL	0.00402415236731014
DNAH17	0.00402705511380224
ODF2	0.0040299595353597
CYP4X1	0.00403286563270754
NEK9	0.004035773406571
OGG1	0.00403868285767553
ADAM30	0.00404159398674677
CLDN19	0.00404450679451059
PP2D1	0.00404742128169306
TMEM212	0.00405033744902048
EPOP	0.00405325529721932
COL4A4	0.0040561748270163
HOXD1	0.00405909603913832
APBA3	0.0040620189343125
FAM114A1	0.00406494351326617
DBX2	0.00406786977672689
ANKRD6	0.00407079772542238
HIST1H2BD	0.00407372736008062
E2F5	0.00407665868142977
CYP26A1	0.00407959169019822
KMT5A	0.00408252638711454
CLTB	0.00408546277290755
ANKFY1	0.00408840084830623
GPX8	0.00409134061403983
NRROS	0.00409428207083775
PPP1R13L	0.00409722521942965
AASS	0.00410017006054536
CHD1	0.00410311659491495
FBXO22	0.00410606482326869
ROBO2	0.00410901474633704
APOE	0.00411196636485071
LRRC1	0.00411491967954058
C5orf60	0.00411787469113776
PSMD14	0.00412083140037358
LOXL2	0.00412378980797956
FAM160A1	0.00412674991468745
AGFG1	0.00412971172122918
DENND4B	0.00413267522833692
EIF6	0.00413564043674303
CCNI	0.00413860734718011
PCDHA13	0.00414157596038093
SNRPN	0.00414454627707851
KANK2	0.00414751829800604
TLR6	0.00415049202389695
CDCA7L	0.00415346745548487
EFNA3	0.00415644459350365
MSANTD1	0.00415942343868734
BICDL1	0.0041624039917702
NME6	0.0041653862534867
ESPN	0.00416837022457154
LAMTOR1	0.0041713559057596
DMRTA1	0.004174343297786
CEP55	0.00417733240138604
RBM39	0.00418032321729526
LGALS8	0.0041833157462494
ARRDC3	0.0041863099889844
PDE8A	0.00418930594623643
MARCH3	0.00419230361874185
ATP5PB	0.00419530300723725
PLCZ1	0.00419830411245942
GALNT14	0.00420130693514537
QARS	0.0042043114760323
SIGLEC10	0.00420731773585765
CPNE3	0.00421032571535906
ANKRD36	0.00421333541527436
CHRNA9	0.00421634683634162
GUCD1	0.00421935997929911
TOX2	0.00422237484488532
SSC4D	0.00422539143383892
IDH1	0.00422840974689884
CALB2	0.00423142978480417
SCOC	0.00423445154829426
COPS5	0.00423747503810864
SYNPO2L	0.00424050025498705
MTBP	0.00424352719966946
HDDC3	0.00424655587289604
TIMM10	0.00424958627540717
H1FOO	0.00425261840794345
UHMK1	0.00425565227124569
FAM20A	0.0042586878660549
KLC3	0.0042617251931123
SSUH2	0.00426476425315936
CIP2A	0.00426780504693771
ZKSCAN7	0.00427084757518922
SLC37A4	0.00427389183865596
RIOK1	0.00427693783808024
PAX1	0.00427998557420453
ARMT1	0.00428303504777157
SYCP3	0.00428608625952426
GTF2IRD2B	0.00428913921020575
TIPRL	0.00429219390055937
ERN2	0.00429525033132871
LCN15	0.00429830850325751
TBC1D15	0.00430136841708977
RPP14	0.00430443007356967
FZD9	0.00430749347344163
LRSAM1	0.00431055861745027
AGK	0.00431362550634042
PARP10	0.00431669414085711
TSTA3	0.00431976452174561
CLEC2A	0.00432283664975138
ZNF18	0.00432591052562011
SAFB	0.00432898615009768
DUSP14	0.00433206352393019
APOBR	0.00433514264786398
SSTR2	0.00433822352264555
TMEM41A	0.00434130614902166
RAPSN	0.00434439052773926
RPL3L	0.00434747665954552
ACAA2	0.00435056454518781
POLD1	0.00435365418541372
MAN2C1	0.00435674558097106
SPA17	0.00435983873260785
SYNJ2	0.0043629336410723
BEAN1	0.00436603030711288
MAP7	0.00436912873147821
RAB3IP	0.00437222891491719
PRDM4	0.00437533085817887
ATXN7	0.00437843456201257
ADAMTS1	0.00438154002716777
CYP11A1	0.0043846472543942
KLK13	0.00438775624444179
FAM118B	0.00439086699806068
SOCS3	0.00439397951600122
SOCS4	0.004397093799014
HSPA14	0.00440020984784978
ZNF517	0.00440332766325956
TBC1D1	0.00440644724599455
PADI2	0.00440956859680618
ADORA2A	0.00441269171644607
PHC3	0.00441581660566608
FOXD1	0.00441894326521825
RCBTB1	0.00442207169585488
SPDYA	0.00442520189832843
RIMS2	0.00442833387339162
MSH4	0.00443146762179735
PKDREJ	0.00443460314429876
SCRT1	0.00443774044164917
KLF14	0.00444087951460215
ITPKB	0.00444402036391146
YKT6	0.00444716299033108
PEF1	0.00445030739461519
SRR	0.00445345357751823
FLCN	0.00445660153979478
ENDOU	0.0044597512821997
TOP2B	0.00446290280548803
TTC30A	0.00446605611041503
CD163	0.00446921119773617
RAD51D	0.00447236806820715
ZNF696	0.00447552672258386
MED25	0.00447868716162242
CELF5	0.00448184938607915
BARHL1	0.00448501339671061
TRAF3IP3	0.00448817919427353
BIVM	0.00449134677952491
GSTCD	0.00449451615322192
KIF11	0.00449768731612196
CDCA3	0.00450086026898263
PTAFR	0.00450403501256178
FAM50B	0.00450721154761743
LETMD1	0.00451038987490784
CTDP1	0.00451356999519147
SMG7	0.00451675190922702
EEF1AKMT1	0.00451993561777337
TUSC3	0.00452312112158964
SRP9	0.00452630842143515
GDPD1	0.00452949751806943
YPEL2	0.00453268841225225
CRELD2	0.00453588110474356
TJP2	0.00453907559630355
MORF4L1	0.00454227188769262
ST14	0.00454546997967137
IGSF22	0.00454866987300063
TNFRSF10A	0.00455187156844143
VCAN	0.00455507506675503
ZNF394	0.0045582803687029
PTPN12	0.00456148747504671
NR3C1	0.00456469638654838
RAPGEF3	0.00456790710396999
CCR6	0.00457111962807389
HAUS6	0.00457433395962261
TRIM72	0.0045775500993789
DPF2	0.00458076804810574
RPP21	0.00458398780656631
KLHL31	0.004587209375524
ZFYVE16	0.00459043275574244
KIF26A	0.00459365794798544
PIPOX	0.00459688495301706
TC2N	0.00460011377160154
PAK1IP1	0.00460334440450338
EGF	0.00460657685248724
CTDSPL	0.00460981111631803
DPPA5	0.00461304719676088
DOCK2	0.00461628509458111
VPS4B	0.00461952481054427
COL3A1	0.00462276634541613
TGIF2	0.00462600969996265
HYI	0.00462925487495004
ZNF287	0.00463250187114471
BRI3BP	0.00463575068931327
PVR	0.00463900133022256
FKBPL	0.00464225379463965
PLA2G12B	0.00464550808333178
ZC3H12C	0.00464876419706647
SMAP1	0.00465202213661139
TXNDC15	0.00465528190273447
MDFIC	0.00465854349620383
GPR149	0.00466180691778782
NT5DC3	0.00466507216825501
GYS2	0.00466833924837416
ZHX2	0.00467160815891428
CTDNEP1	0.00467487890064457
FOLR1	0.00467815147433444
PEX16	0.00468142588075355
ASB2	0.00468470212067175
APLF	0.0046879801948591
TCTEX1D2	0.00469126010408589
AP3S2	0.00469454184912262
LMOD2	0.00469782543074002
SLC25A23	0.00470111084970901
IGFBP5	0.00470439810680074
FAM19A4	0.00470768720278658
CHST9	0.0047109781384381
RGS10	0.00471427091452711
FAM216A	0.00471756553182562
SEMA4D	0.00472086199110585
CELSR1	0.00472416029314025
ARMC7	0.00472746043870148
CNN1	0.00473076242856241
AP5M1	0.00473406626349615
IL18R1	0.00473737194427599
SEL1L2	0.00474067947167546
BLZF1	0.00474398884646831
TMEM182	0.00474730006942848
SLC7A11	0.00475061314133016
TUFM	0.00475392806294774
SPI1	0.00475724483505581
ROPN1	0.00476056345842921
FBXO6	0.00476388393384296
PRRT4	0.00476720626207233
TUT1	0.00477053044389278
BCL3	0.00477385648008002
ADGRF1	0.00477718437140992
ATF6B	0.00478051411865863
RNF114	0.00478384572260248
TIMM23B	0.00478717918401802
CAAP1	0.00479051450368201
CD79A	0.00479385168237147
SEC11A	0.00479719072086356
ANAPC4	0.00480053161993574
SSBP2	0.00480387438036562
PLEKHA5	0.00480721900293107
IFNGR1	0.00481056548841016
POSTN	0.00481391383758116
PDGFRL	0.0048172640512226
HHIPL2	0.00482061613011318
ASL	0.00482397007503185
GPR63	0.00482732588675777
TMEM260	0.00483068356607029
PAFAH1B2	0.00483404311374902
HSF2BP	0.00483740453057376
IL12RB2	0.00484076781732453
ZNF25	0.00484413297478158
GULP1	0.00484750000372535
RBM48	0.00485086890493653
NR1H4	0.00485423967919601
CFAP410	0.00485761232728489
ANKRD24	0.0048609868499845
ARV1	0.00486436324807639
DCT	0.00486774152234231
PGLS	0.00487112167356425
CLDN12	0.00487450370252439
INAFM2	0.00487788761000516
KCNMB3	0.00488127339678917
RPL38	0.00488466106365929
SPCS2	0.00488805061139857
UBE2W	0.00489144204079029
PAX9	0.00489483535261797
KCNMB2	0.00489823054766531
TOMM40	0.00490162762671624
TNFRSF10D	0.00490502659055493
RAB6A	0.00490842743996574
PSAP	0.00491183017573327
RPL23	0.0049152347986423
ZNF506	0.00491864130947789
PIEZO1	0.00492204970902525
CCPG1	0.00492545999806986
SNUPN	0.00492887217739738
CYP21A2	0.00493228624779372
OLIG1	0.00493570221004498
THPO	0.0049391200649375
AGPAT3	0.00494253981325783
UCK2	0.00494596145579273
BOD1	0.00494938499332918
UBL3	0.0049528104266544
RNF144A	0.0049562377565558
OR51D1	0.00495966698382102
NAA60	0.00496309810923791
PACRGL	0.00496653113359457
WDFY1	0.00496996605767926
AXL	0.00497340288228051
SRRD	0.00497684160818705
SLC26A4	0.00498028223618783
CCDC183	0.00498372476707201
PPFIA4	0.00498716920162898
MYO15A	0.00499061554064833
DHX36	0.0049940637849199
CREBZF	0.00499751393523372
JAM2	0.00500096599238006
GRP	0.00500441995714938
SLC25A30	0.00500787583033239
HCRT	0.00501133361272
ALKAL1	0.00501479330510334
HIKESHI	0.00501825490827376
SCN1B	0.00502171842302284
ALDOC	0.00502518385014235
OTOG	0.00502865119042432
SLC35A1	0.00503212044466096
PRLR	0.00503559161364473
WNT11	0.00503906469816827
ELOA	0.00504253969902449
FBLN5	0.00504601661700647
ARL8B	0.00504949545290755
NOG	0.00505297620752125
FKBP8	0.00505645888164134
DCUN1D5	0.00505994347606179
RABGGTB	0.00506342999157681
SGMS1	0.0050669184289808
FAM49A	0.00507040878906841
WNT5A	0.00507390107263447
ARL8A	0.00507739528047408
ITPRID1	0.00508089141338251
PIGV	0.00508438947215528
OBSL1	0.00508788945758812
MRPS24	0.00509139137047698
KCNK3	0.00509489521161804
SLC25A44	0.00509840098180766
KRT34	0.00510190868184248
GPSM1	0.0051054183125193
TNPO1	0.00510892987463518
JMJD7	0.00511244336898739
LPL	0.0051159587963734
DEPDC5	0.00511947615759092
CXCR2	0.00512299545343789
AKAP5	0.00512651668471243
ZFP91	0.00513003985221293
FAM89A	0.00513356495673794
ZG16	0.00513709199908629
CRYGS	0.00514062098005699
ZBTB39	0.00514415190044929
ELMOD2	0.00514768476106264
DBP	0.00515121956269673
TOR1AIP2	0.00515475630615146
TSKU	0.00515829499222695
MB21D2	0.00516183562172355
WNT6	0.0051653781954418
TGIF1	0.0051689227141825
TNNI2	0.00517246917874665
PRR19	0.00517601758993546
MAGI1	0.00517956794855038
KIAA0513	0.00518312025539306
HIST4H4	0.00518667451126539
RPA1	0.00519023071696947
VWA1	0.00519378887330763
COQ8A	0.00519734898108239
SLU7	0.00520091104109653
GPATCH8	0.00520447505415302
MYO3A	0.00520804102105508
TATDN1	0.0052116089426061
PARVG	0.00521517881960976
ZNF33A	0.0052187506528699
SAMD7	0.00522232444319061
TXNDC5	0.00522590019137619
C1orf35	0.00522947789823117
TEX45	0.00523305756456029
AIFM3	0.00523663919116851
MMD	0.00524022277886103
RPS6KC1	0.00524380832844325
PDE7A	0.00524739584072079
ADD1	0.00525098531649951
DDAH1	0.00525457675658547
ADAMTSL1	0.00525817016178496
SLC51A	0.00526176553290449
ATP4A	0.00526536287075079
CDH15	0.00526896217613081
CTLA4	0.00527256344985173
PES1	0.00527616669272092
USP8	0.00527977190554602
SHISA4	0.00528337908913486
MYBL1	0.00528698824429548
TMCO3	0.00529059937183617
ZBTB16	0.00529421247256542
OR51V1	0.00529782754729195
LRRC71	0.0053014445968247
ZNF549	0.00530506362197284
SNX25	0.00530868462354573
FOXI2	0.00531230760235299
NPNT	0.00531593255920445
CTNNA3	0.00531955949491013
ARHGDIA	0.00532318841028031
MMP3	0.00532681930612548
EXPH5	0.00533045218325636
ZNF285	0.00533408704248385
TMBIM6	0.00533772388461913
MECR	0.00534136271047355
FAM124A	0.00534500352085872
GPR183	0.00534864631658645
GOLGA2	0.00535229109846878
CEBPG	0.00535593786731797
HOXA13	0.00535958662394649
ESS2	0.00536323736916705
TNFAIP6	0.00536689010379257
FNDC4	0.00537054482863621
LINGO4	0.00537420154451131
TTC4	0.00537786025223148
PRR15	0.00538152095261051
SKP2	0.00538518364646246
DMRTC2	0.00538884833460155
KRT31	0.00539251501784229
UNC119	0.00539618369699934
CHST14	0.00539985437288765
MINDY4B	0.00540352704632235
OSTM1	0.0054072017181188
GDF7	0.00541087838909258
IFITM10	0.00541455706005951
HPF1	0.00541823773183561
GNAZ	0.00542192040523714
COPS2	0.00542560508108055
CASP9	0.00542929176018257
ACVR1B	0.00543298044336008
TSEN15	0.00543667113143025
SS18L1	0.00544036382521042
NOV	0.00544405852551819
MEF2B	0.00544775523317134
MYOM1	0.00545145394898793
C1orf43	0.0054551546737862
RELA	0.00545885740838461
CCKBR	0.00546256215360187
GDAP1	0.00546626891025689
NAGK	0.00546997767916881
N4BP2	0.005473688461157
C1QTNF6	0.00547740125704104
RBP4	0.00548111606764073
ASNSD1	0.00548483289377611
SOCS7	0.00548855173626744
CDKN2C	0.00549227259593517
SLC28A2	0.00549599547360003
EML2	0.00549972037008291
PKHD1L1	0.00550344728620497
ALK	0.00550717622278757
VCL	0.00551090718065231
WARS2	0.00551464016062099
HACE1	0.00551837516351565
NKX2-4	0.00552211219015854
MSC	0.00552585124137216
PLSCR1	0.00552959231797918
NUTF2	0.00553333542080256
FXYD6	0.00553708055066542
CGRRF1	0.00554082770839116
SMIM14	0.00554457689480335
GRIP1	0.00554832811072583
DDHD2	0.00555208135698262
PXK	0.005555836634398
WNT1	0.00555959394379645
WASHC5	0.00556335328600268
SFRP1	0.00556711466184163
PGM5	0.00557087807213846
KLHL8	0.00557464351771854
WNT16	0.00557841099940748
STK19	0.0055821805180311
SELENOP	0.00558595207441547
ZC2HC1A	0.00558972566938684
ANKRD29	0.00559350130377172
SLC12A3	0.00559727897839682
GATB	0.00560105869408911
FUT10	0.00560484045167572
GPN1	0.00560862425198408
EIF4E2	0.00561241009584178
KATNB1	0.00561619798407666
DDX19B	0.0056199879175168
PPP6R1	0.00562377989699047
DMAP1	0.00562757392332617
KIAA1671	0.00563136999735266
ARMC4	0.00563516811989888
RANBP10	0.00563896829179402
FABP5	0.00564277051386747
NAGA	0.00564657478694888
CMTM6	0.00565038111186808
ARHGEF25	0.00565418948945516
ARL5B	0.00565799992054042
CHURC1-FNTB	0.00566181240595438
HR	0.00566562694652779
LAMA4	0.00566944354309161
DRGX	0.00567326219647707
GPSM3	0.00567708290751555
STK25	0.00568090567703873
RCOR3	0.00568473050587845
ATP11B	0.00568855739486683
HIST1H2AH	0.00569238634483616
SUGCT	0.005696217356619
PHOSPHO2	0.00570005043104811
PHAX	0.00570388556895648
GBX2	0.00570772277117732
SLC4A1AP	0.00571156203854408
CNOT7	0.00571540337189042
MTURN	0.00571924677205022
EPHB1	0.00572309223985759
TRIM49B	0.00572693977614688
MCM2	0.00573078938175264
TENT4A	0.00573464105750966
TNNC2	0.00573849480425295
ASPRV1	0.00574235062281775
FGA	0.00574620851403951
SAMD14	0.00575006847875392
RGR	0.00575393051779688
SPATA46	0.00575779463200454
HHIPL1	0.00576166082221324
PAQR6	0.00576552908925958
SMIM2	0.00576939943398036
STKLD1	0.00577327185721261
AIG1	0.00577714635979359
FAM136A	0.00578102294256079
SLC25A31	0.0057849016063519
ADRA1B	0.00578878235200487
POLR2L	0.00579266518035785
BFAR	0.00579655009224923
ICA1	0.0058004370885176
CCDC168	0.00580432617000181
ST6GALNAC4	0.00580821733754091
C2orf16	0.00581211059197418
DPY30	0.00581600593414114
UBA3	0.00581990336488152
TNNT1	0.00582380288503526
DENND1B	0.00582770449544257
C15orf41	0.00583160819694385
SERPINF2	0.00583551399037973
SLURP1	0.00583942187659107
CDK2AP1	0.00584333185641896
MYL2	0.00584724393070471
TMBIM1	0.00585115810028986
FCGR1A	0.00585507436601616
SLC39A1	0.00585899272872561
SNTB1	0.00586291318926041
HOXB7	0.00586683574846301
S100PBP	0.00587076040717607
NCR1	0.00587468716624248
TMEM117	0.00587861602650535
TOLLIP	0.00588254698880803
CHMP4C	0.00588648005399408
TPST2	0.0058904152229073
SLC9B2	0.0058943524963917
STK38	0.00589829187529153
PGM2	0.00590223336045125
SYNC	0.00590617695271557
QRSL1	0.0059101226529294
WHRN	0.00591407046193789
PRIMA1	0.00591802038058642
GFOD2	0.00592197240972059
STARD3	0.00592592655018621
SCYL2	0.00592988280282936
FOSL1	0.00593384116849629
VIPR2	0.00593780164803352
RLF	0.00594176424228777
CCKAR	0.00594572895210601
TAC1	0.00594969577833541
TIGD5	0.00595366472182339
TONSL	0.00595763578341757
CTSK	0.00596160896396582
BUD23	0.00596558426431623
ANTXR1	0.00596956168531712
NPY5R	0.00597354122781701
CEP350	0.00597752289266468
CREB3L1	0.00598150668070913
CATSPERG	0.00598549259279956
IDO1	0.00598948062978544
LNPK	0.00599347079251643
RRP12	0.00599746308184243
KAAG1	0.00600145749861357
TRAF6	0.0060054540436802
RAF1	0.00600945271789289
GBP5	0.00601345352210247
GRM4	0.00601745645715995
HIST1H2AD	0.0060214615239166
DLL4	0.0060254687232239
GABRP	0.00602947805593358
ZNF202	0.00603348952289755
MLH1	0.00603750312496801
EFCAB2	0.00604151886299733
ZNF334	0.00604553673783815
STIL	0.0060495567503433
NIP7	0.00605357890136586
NOTUM	0.00605760319175914
COPS8	0.00606162962237666
UBP1	0.00606565819407218
HELT	0.00606968890769968
CPLX2	0.00607372176411337
RNF10	0.0060777567641677
STK39	0.00608179390871731
CYP39A1	0.00608583319861712
ARL6	0.00608987463472223
RRAGA	0.00609391821788799
ITIH2	0.00609796394896997
IRGQ	0.00610201182882399
RBL1	0.00610606185830606
C11orf96	0.00611011403827244
SLC25A13	0.00611416836957961
NPBWR1	0.00611822485308429
LRRC30	0.00612228348964342
ACSM3	0.00612634428011416
MEGF6	0.00613040722535389
PRRG4	0.00613447232622026
RAB3GAP2	0.0061385395835711
AEBP1	0.00614260899826449
BTBD7	0.00614668057115873
DCXR	0.00615075430311236
KRT23	0.00615483019498414
SLC6A20	0.00615890824763305
CLDN11	0.00616298846191831
DDX59	0.00616707083869936
SRF	0.00617115537883587
LAMTOR3	0.00617524208318775
ACSBG1	0.00617933095261511
PRPF3	0.00618342198797832
ARHGDIG	0.00618751519013796
ARL5C	0.00619161055995483
KLRF1	0.00619570809828998
MPP7	0.00619980780600467
NACC2	0.0062039096839604
HMCES	0.00620801373301889
SLC4A11	0.0062121199540421
MMP2	0.0062162283478922
IGSF21	0.00622033891543159
CCNF	0.00622445165752293
GALNT7	0.00622856657502907
PLEKHA4	0.0062326836688131
NANOS1	0.00623680293973835
DR1	0.00624092438866836
ATF6	0.00624504801646691
RWDD2B	0.00624917382399802
UGP2	0.00625330181212591
ENGASE	0.00625743198171505
ZNF121	0.00626156433363012
SLCO1B1	0.00626569886873606
GFER	0.00626983558789801
NOSTRIN	0.00627397449198134
NUP98	0.00627811558185167
KRTAP29-1	0.00628225885837483
CRY1	0.00628640432241688
HARS	0.00629055197484412
NUP35	0.00629470181652306
PRDM12	0.00629885384832046
SLC25A34	0.0063030080711033
LARP4	0.00630716448573878
LRRC32	0.00631132309309435
ACSL1	0.00631548389403766
FAM71E1	0.00631964688943662
IKZF5	0.00632381208015933
SBNO1	0.00632797946707417
GSC	0.00633214905104971
NPLOC4	0.00633632083295476
CLIC1	0.00634049481365836
WDR7	0.00634467099402979
KLHDC4	0.00634884937493853
OMP	0.00635302995725433
TEPP	0.00635721274184712
ORAI1	0.0063613977295871
NTSR1	0.00636558492134469
ABCB5	0.00636977431799054
WSB2	0.0063739659203955
DPY19L4	0.00637815972943069
SETD7	0.00638235574596745
SIDT2	0.00638655397087733
ZNF829	0.00639075440503212
VCAM1	0.00639495704930385
QKI	0.00639916190456476
CBS	0.00640336897168735
ZNF426	0.00640757825154431
GIT1	0.0064117897450086
ARMH1	0.00641600345295336
CAPN8	0.00642021937625202
FRZB	0.00642443751577819
NUP160	0.00642865787240574
KRT73	0.00643288044700875
KIF1C	0.00643710524046154
ERICH6B	0.00644133225363865
PARP8	0.00644556148741488
PLIN4	0.00644979294266522
OR6A2	0.00645402662026491
TDRD1	0.00645826252108942
ONECUT2	0.00646250064601445
USP44	0.00646674099591592
PRDM8	0.00647098357167
RPE65	0.00647522837415307
TLE1	0.00647947540424175
ERLIN2	0.00648372466281288
IL17RD	0.00648797615074356
PCDHGA5	0.00649222986891107
LDHC	0.00649648581819297
STYX	0.00650074399946702
UHRF1BP1	0.00650500441361122
AP1M1	0.0065092670615038
SASH1	0.00651353194402322
DMRT1	0.00651779906204818
ZNF350	0.00652206841645759
TRIM10	0.0065263400081306
PITX2	0.0065306138379466
HCK	0.00653488990678519
TEAD4	0.00653916821552623
SAMD4B	0.00654344876504977
C8orf58	0.00654773155623614
VWF	0.00655201658996586
WFS1	0.0065563038671197
FICD	0.00656059338857865
RABL2B	0.00656488515522394
ZMYM1	0.00656917916793703
LPCAT1	0.00657347542759961
THNSL1	0.00657777393509359
JAZF1	0.00658207469130113
ACTR5	0.0065863776971046
GFI1	0.00659068295338663
P2RX4	0.00659499046103004
UGT3A1	0.00659930022091792
ESRP1	0.00660361223393356
USP53	0.00660792650096051
PIGZ	0.00661224302288253
MPPE1	0.00661656180058362
ENAH	0.00662088283494801
PLA2G4F	0.00662520612686015
TXLNA	0.00662953167720475
GNA11	0.00663385948686671
TRIM74	0.0066381895567312
CA4	0.0066425218876836
CAMK2D	0.00664685648060952
WBP2	0.00665119333639482
CDH5	0.00665553245592557
SNAP29	0.00665987384008809
ARHGAP27	0.0066642174897689
M6PR	0.0066685634058548
LEUTX	0.00667291158923278
ANKLE1	0.00667726204079007
GSTM3	0.00668161476141415
NTF3	0.00668596975199272
FABP6	0.0066903270134137
DMXL2	0.00669468654656526
SLC26A3	0.0066990483523358
SNX27	0.00670341243161393
MUSK	0.00670777878528851
TRIM44	0.00671214741424864
SEC24D	0.00671651831938365
PCNX1	0.00672089150158306
HIC1	0.00672526696173668
TXN	0.00672964470073452
CCDC18	0.00673402471946684
LILRB3	0.0067384070188241
STK10	0.00674279159969702
MORN3	0.00674717846297655
TP53BP2	0.00675156760955386
ZNF605	0.00675595904032036
NMUR2	0.00676035275616769
LDHB	0.00676474875798773
GALM	0.00676914704667258
PTPN13	0.00677354762311457
SPINK5	0.00677795048820628
TXNL4B	0.0067823556428405
OSBPL10	0.00678676308791027
ERMN	0.00679117282430886
STXBP3	0.00679558485292977
SNAPC4	0.00679999917466672
SLC25A17	0.00680441579041368
GXYLT1	0.00680883470106484
MYLK3	0.00681325590751464
IFT172	0.00681767941065772
MSI2	0.00682210521138899
CMPK1	0.00682653331060357
EXTL3	0.00683096370919682
CPB1	0.00683539640806433
RFC1	0.00683983140810193
SHROOM1	0.00684426871020565
ZNF585A	0.00684870831527181
MTIF2	0.00685315022419691
POU3F1	0.00685759443787772
ERN1	0.00686204095721121
MLLT6	0.00686648978309462
ZNF385B	0.00687094091642538
RDH11	0.0068753943581012
FOXA3	0.00687985010901997
PEMT	0.00688430817007986
SLC2A10	0.00688876854217925
MLF1	0.00689323122621676
PLK4	0.00689769622309123
FBXW5	0.00690216353370176
ARF6	0.00690663315894765
SAMD5	0.00691110509972846
UNC5A	0.00691557935694397
PTGDR2	0.00692005593149419
TNN	0.00692453482427938
JUNB	0.00692901603620001
ZNF621	0.0069334995681568
HLA-C	0.0069379854210507
DARS	0.00694247359578289
ZNHIT1	0.00694696409325479
TMEM115	0.00695145691436804
FGF9	0.00695595206002454
NKX2-5	0.00696044953112638
PRSS27	0.00696494932857594
GLDN	0.00696945145327577
GBX1	0.00697395590612871
TIMMDC1	0.00697846268803779
KNTC1	0.00698297179990632
SLC12A4	0.00698748324263779
PGAP1	0.00699199701713596
CSRP3	0.00699651312430482
CLIC4	0.00700103156504859
TEC	0.00700555234027171
MRPL41	0.00701007545087887
ADRA2C	0.007014600897775
ATP10A	0.00701912868186523
TPM3	0.00702365880405498
ANP32E	0.00702819126524984
DDN	0.00703272606635568
MXD4	0.00703726320827858
PRPF4	0.00704180269192487
TRAPPC13	0.00704634451820111
RNF8	0.00705088868801409
SETMAR	0.00705543520227082
IL11RA	0.00705998406187858
ZNF281	0.00706453526774485
NCDN	0.00706908882077736
CDK17	0.00707364472188407
CHMP3	0.00707820297197319
OAZ2	0.00708276357195312
CCDC173	0.00708732652273256
CSRP2	0.00709189182522038
TMEM18	0.00709645948032573
FRY	0.00710102948895797
PRXL2A	0.00710560185202671
ZFP90	0.00711017657044178
USP31	0.00711475364511325
ZNF592	0.00711933307695142
C1orf52	0.00712391486686684
GAPDHS	0.00712849901577028
PRR23B	0.00713308552457275
KIFC1	0.00713767439418549
TMEM86A	0.00714226562551998
SKOR2	0.00714685921948794
NRIP1	0.00715145517700131
ZPR1	0.00715605349897227
WDR38	0.00716065418631325
MPHOSPH8	0.00716525723993689
DCLK3	0.00716986266075608
EFCAB13	0.00717447044968394
PTDSS2	0.00717908060763383
B4GALT3	0.00718369313551934
PROX2	0.00718830803425429
PIGH	0.00719292530475275
SERTM1	0.00719754494792903
FEN1	0.00720216696469763
PTGES	0.00720679135597334
RUNX3	0.00721141812267114
MCM5	0.0072160472657063
MUC6	0.00722067878599426
DIPK2A	0.00722531268445075
ALKBH6	0.00722994896199169
COA5	0.00723458761953328
LMO3	0.00723922865799192
CD40	0.00724387207828427
CENPW	0.0072485178813272
TRABD2B	0.00725316606803783
FAAH	0.00725781663933352
OLFML1	0.00726246959613186
NAA50	0.00726712493935068
HNRNPH3	0.00727178266990803
SH2D7	0.00727644278872221
NAGS	0.00728110529671176
CPZ	0.00728577019479543
ZNF497	0.00729043748389224
MYBPC2	0.00729510716492142
KCTD8	0.00729977923880246
ANXA6	0.00730445370645504
SLC39A9	0.00730913056879914
EXD3	0.00731380982675491
ZNF354A	0.0073184914812428
ALG14	0.00732317553318343
GPR179	0.00732786198349772
SDR42E1	0.00733255083310677
PFKFB2	0.00733724208293196
GRAP	0.00734193573389487
TMEM266	0.00734663178691736
SPOPL	0.00735133024292146
HOXC13	0.0073560311028295
CLTA	0.00736073436756403
PITPNC1	0.0073654400380478
FOXS1	0.00737014811520385
CACUL1	0.00737485859995541
JAML	0.00737957149322598
EFEMP2	0.00738428679593927
DOK4	0.00738900450901925
NAPB	0.0073937246333901
SRGAP2	0.00739844716997627
DPYS	0.0074031721197024
WDR33	0.00740789948349342
C19orf12	0.00741262926227446
SPTB	0.0074173614569709
ADCK5	0.00742209606850834
PI4K2B	0.00742683309781265
INSR	0.00743157254580989
MOBP	0.00743631441342641
SOWAHC	0.00744105870158875
TAGLN	0.00744580541122372
FRAS1	0.00745055454325834
NOTCH2	0.00745530609861988
CYP11B1	0.00746006007823585
FXYD7	0.007464816483034
CADPS2	0.00746957531394229
HS3ST2	0.00747433657188895
SLC16A9	0.00747910025780243
SEPT3	0.00748386637261143
PKP1	0.00748863491724486
OST4	0.00749340589263189
NLRX1	0.00749817929970191
TRIM35	0.00750295513938458
TEF	0.00750773341260976
HPDL	0.00751251412030757
LIM2	0.00751729726340835
PATJ	0.00752208284284269
CHL1	0.0075268708595414
EXOSC3	0.00753166131443557
TBATA	0.00753645420845647
TBC1D9	0.00754124954253564
AK2	0.00754604731760486
ERI3	0.00755084753459614
GSDMC	0.00755565019444171
UAP1L1	0.00756045529807408
KIAA0355	0.00756526284642594
NME8	0.00757007284043027
TUBGCP2	0.00757488528102026
C11orf53	0.00757970016912935
SWSAP1	0.0075845175056912
TRPM1	0.00758933729163972
PNRC1	0.00759415952790906
VPS37C	0.00759898421543361
TULP2	0.00760381135514797
FBXO15	0.00760864094798702
RRAS	0.00761347299488585
ZBTB8OS	0.0076183074967798
ZNF225	0.00762314445460442
LCN9	0.00762798386929555
NMRAL1	0.00763282574178922
PMEPA1	0.00763767007302171
SDC4	0.00764251686392956
UBE2C	0.00764736611544952
ZC3H12D	0.00765221782851859
STMP1	0.00765707200407401
RBM15B	0.00766192864305325
CYCS	0.00766678774639404
BCL9L	0.0076716493150343
ELOVL4	0.00767651334991225
FCER2	0.0076813798519663
MMACHC	0.00768624882213512
GLRA1	0.00769112026135761
RSPH6A	0.00769599417057292
FGF5	0.00770087055072042
RGSL1	0.00770574940273974
SIAH2	0.00771063072757072
GNS	0.00771551452615348
CEP83	0.00772040079942832
SEMA6C	0.00772528954833584
ABCC10	0.00773018077381683
MPEG1	0.00773507447681235
HERPUD2	0.00773997065826369
ZCWPW1	0.00774486931911237
NUCB2	0.00774977046030015
KREMEN1	0.00775467408276904
KRTAP11-1	0.00775958018746128
SPDEF	0.00776448877531933
LRRC56	0.00776939984728594
VSTM2L	0.00777431340430405
PRADC1	0.00777922944731685
FBXO43	0.00778414797726779
ERMAP	0.00778906899510054
NRG1	0.00779399250175899
ADGRL4	0.00779891849818732
BTLA	0.00780384698532991
ZNF248	0.00780877796413138
SEMA3G	0.0078137114355366
SRM	0.00781864740049069
PPP2R2A	0.00782358585993898
ZDHHC16	0.00782852681482707
AICDA	0.00783347026610076
C1orf94	0.00783841621470613
CCDC84	0.00784336466158948
PLA2G3	0.00784831560769735
CLEC6A	0.00785326905397651
TMEM216	0.007858225001374
ADIPOR1	0.00786318345083706
SHOX2	0.00786814440331319
ZNF548	0.00787310785975013
BCL2L15	0.00787807382109587
TMEM59	0.0078830422882986
ANXA11	0.00788801326230679
KPNA1	0.00789298674406913
PPP4R4	0.00789796273453456
C5orf51	0.00790294123465224
OPTC	0.0079079222453716
TPTE2	0.00791290576764228
IL25	0.00791789180241418
ITIH1	0.00792288035063742
CHST6	0.00792787141326238
CANT1	0.00793286499123966
FITM1	0.00793786108552013
MTUS2	0.00794285969705487
LRRC43	0.0079478608267952
SYNRG	0.00795286447569271
KPNA4	0.00795787064469919
PTH1R	0.00796287933476669
PDCL2	0.00796789054684752
FXR1	0.00797290428189418
PAF1	0.00797792054085946
USP54	0.00798293932469637
C5orf24	0.00798796063435814
NFX1	0.00799298447079827
PER2	0.0079980108349705
GAS1	0.00800303972782878
SNX14	0.00800807115032733
TDRD10	0.00801310510342059
SULT1B1	0.00801814158806326
ELOVL7	0.00802318060521026
EIF3K	0.00802822215581677
VEGFC	0.00803326624083818
SEC23IP	0.00803831286123017
NCR3LG1	0.00804336201794861
PRSS23	0.00804841371194964
LRIT2	0.00805346794418962
RPS13	0.00805852471562517
FOXN3	0.00806358402721314
NMUR1	0.00806864587991063
PROSER1	0.00807371027467496
SPATA6L	0.00807877721246372
HEATR3	0.0080838466942347
DNAJC9	0.00808891872094598
EIF3E	0.00809399329355584
SLC16A11	0.00809907041302282
FKBP6	0.00810415008030569
C3orf18	0.00810923229636349
TIGD2	0.00811431706215545
VRK3	0.00811940437864109
GPBP1L1	0.00812449424678013
TAGLN2	0.00812958666753256
PRKAA1	0.00813468164185862
CCDC159	0.00813977917071874
FGF11	0.00814487925507365
NFKBIB	0.00814998189588427
UTP11	0.0081550870941118
RAB35	0.00816019485071767
EPHA1	0.00816530516666354
PPFIBP2	0.00817041804291131
DAD1	0.00817553348042315
MYH7B	0.00818065148016142
TMED10	0.00818577204308879
NT5DC2	0.0081908951701681
NPFF	0.00819602086236248
FABP1	0.00820114912063528
RGS8	0.00820627994595011
ITM2B	0.00821141333927078
SPHK2	0.0082165493015614
ZNF440	0.00822168783378627
LYN	0.00822682893690996
AMER2	0.00823197261189727
ARL1	0.00823711885971325
BHMG1	0.00824226768132317
SLC2A4RG	0.00824741907769258
RBM45	0.00825257304978724
BICD1	0.00825772959857316
P4HA2	0.00826288872501659
OTOP2	0.00826805043008403
E2F1	0.00827321471474222
PREPL	0.00827838157995812
HTRA3	0.00828355102669897
RASGEF1C	0.00828872305593222
HSPA9	0.00829389766862557
VEPH1	0.00829907486574697
ARHGAP9	0.0083042546482646
HIST1H3J	0.00830943701714691
LY6E	0.00831462197336255
RSPO2	0.00831980951788043
DTX1	0.00832499965166971
CACNA2D4	0.0083301923756998
SPEF2	0.00833538769094032
LRRC3B	0.00834058559836116
RASGRF1	0.00834578609893243
ZSCAN23	0.00835098919362451
LPCAT4	0.008356194883408
RNF182	0.00836140316925376
MC4R	0.00836661405213285
ZNF239	0.00837182753301664
ST8SIA4	0.00837704361287669
POLR2D	0.00838226229268481
MARCKSL1	0.00838748357341307
FAM222A	0.00839270745603378
TAF1B	0.00839793394151947
RNF180	0.00840316303084293
ORC2	0.0084083947249772
MYEF2	0.00841362902489555
TRPM8	0.00841886593157148
SUSD4	0.00842410544597877
SPART	0.00842934756909141
WDR11	0.00843459230188364
ZNF793	0.00843983964532994
SERBP1	0.00844508960040506
SLC16A10	0.00845034216808394
PSMB3	0.00845559734934183
PPTC7	0.00846085514515415
PDP2	0.00846611555649663
SAMD11	0.00847137858434519
PGRMC2	0.00847664422967602
BCL10	0.00848191249346556
REXO5	0.00848718337669046
CPLX1	0.00849245688032765
MNX1	0.00849773300535428
FAM3D	0.00850301175274775
RAB37	0.00850829312348571
IL20RA	0.00851357711854603
SLC30A8	0.00851886373890685
PCDHAC1	0.00852415298554654
GDF2	0.00852944485944372
KISS1	0.00853473936157723
SKIDA1	0.00854003649292619
ZNF594	0.00854533625446994
MTMR6	0.00855063864718806
SRA1	0.0085559436720604
FUK	0.00856125133006701
GJA9	0.00856656162218823
TPM4	0.00857187454940461
CLEC2L	0.00857719011269696
PARP9	0.00858250831304631
PRKD1	0.00858782915143398
TGIF2-RAB5IF	0.00859315262884148
L3MBTL1	0.00859847874625061
NECTIN1	0.00860380750464338
SOX1	0.00860913890500206
PDPK1	0.00861447294830915
PALM3	0.00861980963554743
DCK	0.00862514896769986
MBOAT1	0.00863049094574971
CPEB3	0.00863583557068044
KCNF1	0.00864118284347581
DIS3L	0.00864653276511976
NCF2	0.00865188533659653
IFT140	0.00865724055889056
CMYA5	0.00866259843298657
MLIP	0.0086679589598695
KIAA1257	0.00867332214052455
KBTBD7	0.00867868797593714
EIF2AK1	0.00868405646709296
WISP3	0.00868942761497793
SPAG9	0.00869480142057823
NDFIP2	0.00870017788488025
CCNL2	0.00870555700887067
KCNJ3	0.00871093879353636
BEST1	0.0087163232398645
NDUFA9	0.00872171034884245
PGK2	0.00872710012145787
ADAMTS10	0.00873249255869861
ZBTB2	0.00873788766155281
NDUFB3	0.00874328543100882
PCDHB7	0.00874868586805527
CES2	0.008754088973681
MRPL13	0.00875949474887512
TTC39C	0.00876490319462696
TMEM236	0.00877031431192613
RASSF7	0.00877572810176244
CTU2	0.00878114456512598
PRAC1	0.00878656370300706
PROK1	0.00879198551639627
AKIP1	0.0087974100062844
PCDHGA7	0.00880283717366252
FANCI	0.00880826701952191
GYPC	0.00881369954485414
GPR1	0.00881913475065099
FAM241A	0.0088245726379045
DHX58	0.00883001320760693
PDXP	0.00883545646075084
LRCOL1	0.00884090239832896
IGF1	0.00884635102133434
RGPD3	0.00885180233076022
DYNLL1	0.00885725632760011
SLC45A1	0.00886271301284776
PRKD3	0.00886817238749716
THBS4	0.00887363445254256
RUVBL1	0.00887909920897844
LMOD1	0.00888456665779952
FRA10AC1	0.00889003680000079
TEX2	0.00889550963657746
ARGLU1	0.00890098516852501
BCL2L14	0.00890646339683914
PLSCR3	0.00891194432251581
ZIM2	0.00891742794655121
ATP7B	0.00892291426994181
ARHGAP25	0.00892840329368428
ALDOA	0.00893389501877558
SPINT3	0.00893938944621287
RSRC2	0.0089448865769936
SNU13	0.00895038641211542
P4HA3	0.00895588895257628
ADH6	0.00896139419937432
BCAT2	0.00896690215350797
GADD45GIP1	0.00897241281597587
TCFL5	0.00897792618777694
LATS1	0.00898344226991032
BLM	0.00898896106337539
TMEM65	0.00899448256917181
CASS4	0.00900000678829945
VSIR	0.00900553372175846
HIST2H2AB	0.0090110633705492
MED4	0.0090165957356723
AKR1B1	0.00902213081812863
TPRN	0.0090276686189193
PRKCSH	0.00903320913904567
BAX	0.00903875237950936
VAPB	0.0090442983413122
INPP5A	0.00904984702545632
TMEM88B	0.00905539843294403
ZNF784	0.00906095256477795
PSPN	0.00906650942196089
PDZRN4	0.00907206900549597
SEZ6	0.00907763131638648
AASDH	0.00908319635563602
CHMP7	0.00908876412424841
RSPO3	0.00909433462322771
SNPH	0.00909990785357824
RPL17	0.00910548381630456
RFX2	0.00911106251241148
DPP3	0.00911664394290405
ICK	0.00912222810878757
DNAAF5	0.0091278150110676
ZNF132	0.00913340465074991
PCDHA12	0.00913899702884057
CDH18	0.00914459214634583
ZGLP1	0.00915019000427226
TTC16	0.00915579060362661
STEAP1B	0.00916139394541592
FAM83A	0.00916700003064746
MRM3	0.00917260886032876
PRSS36	0.00917822043546757
FKTN	0.00918383475707192
ARHGAP28	0.00918945182615005
DBNL	0.0091950716437105
NEK2	0.00920069421076198
DNAJC25	0.00920631952831353
NR1I3	0.00921194759737437
TGM4	0.00921757841895401
C3orf70	0.00922321199406219
HDHD2	0.0092288483237089
BPNT1	0.00923448740890437
TENT2	0.00924012925065909
SCFD2	0.00924577384998378
TALDO1	0.00925142120788942
SLC25A29	0.00925707132538724
NXN	0.00926272420348872
YARS	0.00926837984320555
TRIM22	0.00927403824554973
MAT2A	0.00927969941153344
TPD52	0.00928536334216918
MINPP1	0.00929103003846962
PTPRCAP	0.00929669950144774
CPA2	0.00930237173211672
HIST1H2AA	0.00930804673149004
FERD3L	0.00931372450058138
FRK	0.00931940504040469
ZNF837	0.00932508835197416
GALR3	0.00933077443630423
DRAXIN	0.00933646329440958
FNDC10	0.00934215492730517
SNRPF	0.00934784933600616
TMEM259	0.009353546521528
ALDH1A3	0.00935924648488635
VPS13D	0.00936494922709715
SNRPB2	0.00937065474917657
PABPC1	0.00937636305214103
DCAF13	0.0093820741370072
TMEM45A	0.00938778800479201
TPRKB	0.0093935046565126
DMP1	0.00939922409318641
GGPS1	0.00940494631583108
TSEN2	0.00941067132546455
YIPF5	0.00941639912310494
TGFBR3L	0.00942212970977068
MORN4	0.00942786308648042
APMAP	0.00943359925425306
GM2A	0.00943933821410775
AP4M1	0.00944507996706388
MGA	0.00945082451414112
DNAJC5B	0.00945657185635934
CD7	0.0094623219947387
HCAR3	0.00946807493029957
TRIM77	0.00947383066406262
CLDN4	0.00947958919704871
MC3R	0.009485350530279
SLC43A1	0.00949111466477485
DHRS4	0.00949688160155792
RDH13	0.00950265134165007
TRMU	0.00950842388607344
ZNF570	0.0095141992358504
PERM1	0.0095199773920036
CCL21	0.00952575835555588
PCDHB1	0.00953154212753041
CLMN	0.00953732870895052
MRFAP1	0.00954311810083986
CLN3	0.00954891030422228
AGBL1	0.00955470532012192
SLC2A7	0.00956050314956314
SPP2	0.00956630379357055
FBXO44	0.00957210725316902
ADIPOQ	0.00957791352938368
UGT2B4	0.00958372262323986
MEGF9	0.00958953453576321
ZNF790	0.00959534926797957
COA7	0.00960116682091505
PRX	0.00960698719559602
TPSAB1	0.00961281039304908
CALCRL	0.00961863641430109
SH2D5	0.00962446526037917
GPR180	0.00963029693231065
MRGPRG	0.00963613143112316
AC026464.3	0.00964196875784453
FILIP1L	0.00964780891350289
CNPY4	0.00965365189912657
PSMB8	0.00965949771574419
GANC	0.00966534636438458
ZNF114	0.00967119784607687
ANKRD2	0.00967705216185039
CD5L	0.00968290931273475
RLBP1	0.00968876929975978
OVOL1	0.0096946321239556
DSPP	0.00970049778635255
PEBP1	0.00970636628798123
TMEM167A	0.00971223762987248
MOB1B	0.00971811181305741
SNRPD1	0.00972398883856735
FKBP14	0.00972986870743392
TMC7	0.00973575142068893
PXMP4	0.00974163697936451
SLC6A12	0.00974752538449299
LITAF	0.00975341663710697
UPK3B	0.00975931073823928
TUBA1B	0.00976520768892303
GPRC5C	0.00977110749019156
STK32C	0.00977701014307848
EPC1	0.0097829156486176
CALCOCO1	0.00978882400784305
SIRT3	0.00979473522178914
UROD	0.0098006492914905
TMEM89	0.00980656621798195
FAM32A	0.00981248600229859
ZNF623	0.00981840864547577
CHAD	0.00982433414854908
MLYCD	0.00983026251255437
KAT14	0.00983619373852773
RHBDD2	0.0098421278275055
ZNF541	0.0098480647805243
MED27	0.00985400459862094
ZNF408	0.00985994728283255
ACAT2	0.00986589283419645
OCIAD1	0.00987184125375026
EIF2B3	0.00987779254253181
CHORDC1	0.0098837467015792
HMGA1	0.00988970373193079
SPRYD7	0.00989566363462517
TCTE1	0.00990162641070119
NHLH2	0.00990759206119795
PNLIPRP1	0.00991356058715481
GNPAT	0.00991953198961135
ADO	0.00992550626960745
OXNAD1	0.00993148342818319
EPHX4	0.00993746346637893
TMEM201	0.00994344638523528
SEZ6L2	0.00994943218579309
MBOAT4	0.00995542086909346
DBNDD2	0.00996141243617775
ZNF425	0.00996740688808758
MCTP2	0.00997340422586479
CCDC88B	0.0099794044505515
LRRC75A	0.00998540756319007
NID2	0.0099914135648231
UNC5CL	0.00999742245649347
ELFN2	0.0100034342392443
NHEJ1	0.0100094489141189
RAMP3	0.0100154664821609
HEXB	0.0100214869444143
RTN4R	0.010027510301923
PALD1	0.0100335365557315
PDCD7	0.0100395657068844
ZNF503	0.0100455977564266
FAM19A1	0.0100516327054032
RNF126	0.0100576705548595
HGSNAT	0.0100637113058413
KRT80	0.0100697549593943
AC100868.1	0.0100758015165647
CXCR4	0.0100818509783989
FAM102B	0.0100879033459434
TNFSF13B	0.0100939586202453
SH3GL2	0.0101000168023516
CASC3	0.0101060778933097
SWI5	0.0101121418941672
DTNBP1	0.0101182088059721
NLRP9	0.0101242786297725
KRT15	0.0101303513666167
B4GALNT4	0.0101364270175535
GPATCH2	0.0101425055836316
LRRC8C	0.0101485870659003
IL13	0.010154671465409
KLK4	0.0101607587832073
LRP8	0.0101668490203451
LGMN	0.0101729421778725
SF1	0.01017903825684
BBOF1	0.0101851372582983
TBX10	0.0101912391832982
HERC6	0.0101973440328909
SPDYE1	0.0102034518081278
TGOLN2	0.0102095625100606
AGT	0.0102156761397412
NEURL1	0.0102217926982218
PWP2	0.0102279121865548
HSD11B2	0.0102340346057929
UNKL	0.010240159956989
GRIN2D	0.0102462882411962
HTRA1	0.0102524194594681
FIBIN	0.0102585536128583
THAP5	0.0102646907024207
SGTB	0.0102708307292096
HNRNPAB	0.0102769736942793
C19orf47	0.0102831195986846
AACS	0.0102892684434804
RFX5	0.0102954202297219
OSGIN2	0.0103015749584646
MAP3K2	0.0103077326307641
E2F4	0.0103138932476765
PEX10	0.0103200568102579
EDN1	0.0103262233195648
STMN4	0.0103323927766539
RBM44	0.0103385651825822
VGLL4	0.0103447405384069
GORASP1	0.0103509188451855
NUFIP1	0.0103571001039756
ZNF337	0.0103632843158354
GBA2	0.0103694714818229
ZFP36	0.0103756616029968
CTC1	0.0103818546804157
N4BP2L2	0.0103880507151386
SOWAHB	0.0103942497082248
CCDC32	0.0104004516607337
RIPOR3	0.0104066565737251
KLK3	0.0104128644482591
HELB	0.0104190752853959
LHFPL5	0.0104252890861959
BHLHE23	0.01043150585172
FGD2	0.0104377255830291
SLC10A6	0.0104439482811845
SLURP2	0.0104501739472478
CYSLTR2	0.0104564025822808
ZNF587	0.0104626341873453
CLEC14A	0.0104688687635039
NOXO1	0.0104751063118188
ZNF528	0.0104813468333531
MSH3	0.0104875903291696
ZNF253	0.0104938368003318
GIMAP1	0.010500086247903
PHGDH	0.0105063386729473
TMEM11	0.0105125940765285
EDC3	0.0105188524597111
ATP23	0.0105251138235595
ZNF836	0.0105313781691386
TTC38	0.0105376454975135
FARS2	0.0105439158097494
ZNF831	0.0105501891069121
ZNF274	0.0105564653900672
NUP153	0.0105627446602809
USP12	0.0105690269186196
TMOD1	0.0105753121661498
LAMP3	0.0105816004039383
POLR1C	0.0105878916330523
SORL1	0.0105941858545591
RASL12	0.0106004830695264
SIGIRR	0.0106067832790219
RNF166	0.0106130864841138
OGFOD3	0.0106193926858706
MAFG	0.0106257018853607
SULT1C4	0.0106320140836532
CENPJ	0.010638329281817
RPL26L1	0.0106446474809217
TRIM17	0.0106509686820368
EMP1	0.0106572928862323
POTEE	0.0106636200945782
MESD	0.0106699503081451
CHMP4B	0.0106762835280035
MRPL15	0.0106826197552244
INSIG1	0.010688958990879
TPP1	0.0106953012360386
USP28	0.010701646491775
CPB2	0.01070799475916
IFT27	0.0107143460392659
STAP2	0.0107207003331651
FAM76B	0.0107270576419303
NAA35	0.0107334179666345
KIF2C	0.0107397813083508
C6orf163	0.0107461476681527
TMEM161B	0.010752517047114
CYBRD1	0.0107588894463085
MAP3K8	0.0107652648668106
FARP1	0.0107716433096947
TSPAN13	0.0107780247760355
ISLR	0.010784409266908
PAPOLB	0.0107907967833874
BBS1	0.0107971873265494
ZNF628	0.0108035808974695
PAXX	0.0108099774972239
FBN3	0.0108163771268888
TPRG1L	0.0108227797875406
KIAA0319L	0.0108291854802562
CHRAC1	0.0108355942061127
SLC22A7	0.0108420059661872
MSANTD4	0.0108484207615573
SCG5	0.0108548385933009
PLCG2	0.0108612594624959
WNT9B	0.0108676833702207
MFN2	0.0108741103175538
SLC25A32	0.0108805403055741
CFL2	0.0108869733353605
MUC1	0.0108934094079925
P2RY14	0.0108998485245497
CILP2	0.0109062906861118
LCTL	0.0109127358937589
MAMDC2	0.0109191841485714
H2AFY2	0.01092563545163
CYP4A11	0.0109320898040154
MTHFS	0.0109385472068087
NOX5	0.0109450076610914
GPR20	0.0109514711679451
SLAMF9	0.0109579377284516
EDN2	0.0109644073436931
TIMM10B	0.0109708800147519
GNGT1	0.0109773557427108
TMED8	0.0109838345286526
DISP3	0.0109903163736605
HPN	0.0109968012788179
PDCD1	0.0110032892452085
LMAN2	0.0110097802739162
NDUFA4L2	0.0110162743660251
RAB1A	0.0110227715226198
PPP1R36	0.0110292717447849
PJVK	0.0110357750336054
RBBP8	0.0110422813901664
BNC2	0.0110487908155535
ZBTB49	0.0110553033108524
SLC35A5	0.0110618188771489
PDLIM4	0.0110683375155295
LAMP1	0.0110748592270805
AL159163.1	0.0110813840128887
THSD7A	0.0110879118740411
NUBP1	0.011094442811625
TNFRSF25	0.0111009768267278
AHSG	0.0111075139204374
RELL1	0.0111140540938418
TAP1	0.0111205973480292
NPR2	0.0111271436840882
RPL14	0.0111336931031076
COCH	0.0111402456061764
NUSAP1	0.0111468011943839
ZDHHC17	0.0111533598688198
ZFYVE1	0.0111599216305739
AGAP6	0.0111664864807361
KRT9	0.0111730544203969
GLT8D1	0.0111796254506468
AK4	0.0111861995725767
STAB2	0.0111927767872777
TRIM42	0.0111993570958412
ZSCAN4	0.0112059404993587
KRT33B	0.0112125269989222
ATP5F1E	0.0112191165956238
CRYGC	0.0112257092905558
MRPS22	0.011232305084811
CD109	0.0112389039794822
NRSN1	0.0112455059756626
GHRHR	0.0112521110744456
COPS3	0.0112587192769249
CXCR1	0.0112653305841944
AATF	0.0112719449973483
SIGLEC1	0.011278562517481
NIPAL1	0.0112851831456873
FRMD8	0.0112918068830621
ZNF773	0.0112984337307006
CARD14	0.0113050636896984
BDH2	0.011311696761151
CEP85L	0.0113183329461546
HIST1H3C	0.0113249722458054
ABHD5	0.0113316146611999
DIRC2	0.0113382601934348
SPPL2B	0.0113449088436071
SEL1L3	0.0113515606128143
YPEL5	0.0113582155021536
CXXC4	0.0113648735127231
THUMPD1	0.0113715346456206
GDPD3	0.0113781989019446
FBXO27	0.0113848662827936
SLC6A16	0.0113915367892663
MARCH7	0.011398210422462
CDH3	0.0114048871834799
EEF1AKNMT	0.0114115670734196
HLA-E	0.011418250093381
RFC2	0.0114249362444642
KCTD5	0.0114316255277696
EFR3A	0.0114383179443978
THEGL	0.0114450134954496
MIEF2	0.0114517121820262
TTK	0.0114584140052291
S1PR1	0.0114651189661598
WIZ	0.0114718270659203
DES	0.0114785383056128
TAB1	0.0114852526863397
KIF13A	0.0114919702092037
RAB1B	0.0114986908753078
PDE1B	0.011505414685755
LARP1	0.0115121416416491
NCKAP5	0.0115188717440935
TMEM50B	0.0115256049941924
FCMR	0.0115323413930499
SLC10A7	0.0115390809417707
TNIP3	0.0115458236414593
LAPTM4A	0.0115525694932209
ACSM1	0.0115593184981607
LZIC	0.0115660706573842
RCC2	0.0115728259719973
KCTD19	0.011579584443106
LRMP	0.0115863460718165
BTBD6	0.0115931108592356
ELOVL6	0.0115998788064699
TMEM17	0.0116066499146266
WDR47	0.011613424184813
BAHD1	0.0116202016181368
ANKRD18B	0.0116269822157057
HIBADH	0.0116337659786279
ELK4	0.0116405529080118
BRD8	0.0116473430049661
C6orf47	0.0116541362705995
SYCP2L	0.0116609327060213
FAR2	0.0116677323123409
CYP24A1	0.0116745350906679
PKD2L2	0.0116813410421124
ALB	0.0116881501677844
B3GNT2	0.0116949624687944
TRPM6	0.0117017779462531
PPP1R7	0.0117085966012716
APOH	0.011715418434961
CD80	0.0117222434484328
TRIM38	0.0117290716427988
AKR1A1	0.0117359030191709
APLP2	0.0117427375786614
CNTFR	0.011749575322383
P2RY13	0.0117564162514482
DHRS7B	0.0117632603669702
LYPLA1	0.0117701076700623
ARPP19	0.0117769581618381
SAP30	0.0117838118434113
HMOX2	0.011790668715896
ABCD2	0.0117975287804066
WDR25	0.0118043920380577
ATG2B	0.0118112584899641
THSD4	0.011818128137241
SRSF12	0.0118250009810037
ADAMTS12	0.0118318770223678
PERP	0.0118387562624493
COBL	0.0118456387023644
ATXN7L2	0.0118525243432294
ACOT8	0.0118594131861609
ZBTB22	0.0118663052322761
BEND6	0.0118732004826919
HIF3A	0.011880098938526
MRPL55	0.011887000600896
MEP1B	0.0118939054709198
SRRM5	0.0119008135497158
SLC26A8	0.0119077248384024
CDK15	0.0119146393380983
PMS1	0.0119215570499227
SPATA20	0.0119284779749947
SULT2B1	0.0119354021144339
ACLY	0.0119423294693601
PSMB2	0.0119492600408933
ZSWIM4	0.0119561938301539
PNISR	0.0119631308382625
MYO1B	0.0119700710663398
EPS15	0.0119770145155069
LYZL4	0.0119839611868854
ACKR4	0.0119909110815966
RNF24	0.0119978642007626
UBXN1	0.0120048205455054
H2AFZ	0.0120117801169475
TAF9	0.0120187429162115
TMEM204	0.0120257089444204
AGTR1	0.0120326782026972
CARD11	0.0120396506921656
VIL1	0.012046626413949
TMEM41B	0.0120536053691716
TGM3	0.0120605875589576
FCGR2B	0.0120675729844313
MAPK11	0.0120745616467176
TXK	0.0120815535469415
KIF5A	0.0120885486862283
USPL1	0.0120955470657034
PNPT1	0.0121025486864926
CTTNBP2	0.012109553549722
GGH	0.012116561656518
RPS7	0.012123573008007
DLD	0.0121305876053159
EXD1	0.0121376054495718
SPSB1	0.0121446265419021
ZNF317	0.0121516508834343
XKR7	0.0121586784752964
C1QL3	0.0121657093186164
ABHD17A	0.0121727434145229
SPAG4	0.0121797807641443
CXCR5	0.0121868213686097
NDUFA4	0.0121938652290481
RP1	0.0122009123465892
ANKRD34B	0.0122079627223625
CCR8	0.0122150163574981
PLA2G2E	0.0122220732531261
HINT1	0.0122291334103771
ZNF134	0.0122361968303818
CLNS1A	0.0122432635142711
RGL2	0.0122503334631765
CAMKMT	0.0122574066782293
RPP30	0.0122644831605615
SLC6A19	0.012271562911305
RASL11B	0.0122786459315921
ABHD3	0.0122857322225556
ZSCAN29	0.0122928217853281
SBNO2	0.0122999146210428
KYAT3	0.0123070107308331
TYW5	0.0123141101158325
KLK1	0.0123212127771751
PLEKHG5	0.0123283187159948
LSM7	0.0123354279334262
SHC4	0.0123425404306039
TGM2	0.0123496562086628
IKBKE	0.0123567752687381
SOSTDC1	0.0123638976119654
NRBP1	0.0123710232394803
PCBP1	0.0123781521524187
ING2	0.012385284351917
SUZ12	0.0123924198391117
GCM2	0.0123995586151394
EXOG	0.0124067006811373
ZNF316	0.0124138460382427
BATF	0.012420994687593
WNT10B	0.0124281466303262
GORASP2	0.0124353018675803
PPM1H	0.0124424604004935
NUTM2B	0.0124496222302047
ACO2	0.0124567873578525
SLC22A23	0.0124639557845762
MMP15	0.0124711275115151
NAF1	0.0124783025398088
RAPH1	0.0124854808705974
GPR158	0.012492662505021
KCTD20	0.0124998474442199
HEXIM1	0.012507035689335
PHC1	0.0125142272415072
SERPINB13	0.0125214221018776
CDK3	0.0125286202715879
GRXCR2	0.0125358217517798
E2F8	0.0125430265435952
NUCKS1	0.0125502346481765
PIDD1	0.0125574460666662
RIN1	0.0125646608002071
LIMCH1	0.0125718788499422
SFXN2	0.012579100217015
OCSTAMP	0.012586324902569
STUB1	0.012593552907748
MARF1	0.0126007842336962
ABI3	0.012608018881558
C1orf123	0.0126152568524779
LIFR	0.012622498147601
THOC7	0.0126297427680724
AKTIP	0.0126369907150374
LMAN1L	0.0126442419896419
ALDH16A1	0.0126514965930318
EMC6	0.0126587545263533
ALPL	0.0126660157907529
GPR107	0.0126732803873773
IMPG2	0.0126805483173735
NLRP4	0.0126878195818889
PDGFC	0.012695094182071
UFM1	0.0127023721190675
CENPS	0.0127096533940266
YIPF3	0.0127169380080966
TRPA1	0.012724225962426
ZBTB25	0.0127315172581638
HMCN2	0.012738811896459
LIN28B	0.0127461098784611
ADSL	0.0127534112053196
CBWD2	0.0127607158781845
DRD3	0.0127680238982061
SGPP1	0.0127753352665346
EEF1AKMT2	0.0127826499843208
LCP2	0.0127899680527157
CYB561	0.0127972894728705
FOXI1	0.0128046142459368
ELN	0.0128119423730662
CACNA1B	0.0128192738554107
YIF1A	0.0128266086941228
ORC5	0.0128339468903549
PHYHD1	0.0128412884452598
BARHL2	0.0128486333599906
CMSS1	0.0128559816357007
SLC5A9	0.0128633332735437
BTN3A2	0.0128706882746733
SHC3	0.0128780466402439
DST	0.0128854083714097
ZPBP2	0.0128927734693254
KLF15	0.012900141935146
BLOC1S6	0.0129075137700267
HNRNPC	0.0129148889751228
NPSR1	0.0129222675515901
CSRNP2	0.0129296495005847
RNF39	0.0129370348232627
DYRK3	0.0129444235207807
KDELC1	0.0129518155942954
SOX13	0.0129592110449639
CHRNA4	0.0129666098739434
ATP1B3	0.0129740120823917
RNF187	0.0129814176714664
NDUFV2	0.0129888266423257
GPR160	0.012996238996128
TERB1	0.0130036547340318
FDFT1	0.0130110738571961
CETN1	0.0130184963667801
NECTIN2	0.0130259222639431
LMOD3	0.0130333515498448
RBPMS	0.0130407842256453
SLCO4C1	0.0130482202925046
PCNX2	0.0130556597515833
SLC29A2	0.0130631026040422
TSEN34	0.0130705488510422
BRDT	0.0130779984937447
OVGP1	0.0130854515333111
UBIAD1	0.0130929079709033
TSPAN15	0.0131003678076833
FBH1	0.0131078310448135
NOBOX	0.0131152976834565
IGDCC3	0.0131227677247751
ETFA	0.0131302411699326
IER5	0.0131377180200921
FCRL1	0.0131451982764176
SYT9	0.0131526819400727
DDX31	0.0131601690122219
ACTG2	0.0131676594940294
TEX10	0.0131751533866601
DAB1	0.0131826506912789
MYLK4	0.0131901514090511
SYT12	0.0131976555411422
MRPL37	0.0132051630887179
ADM5	0.0132126740529444
CCR9	0.0132201884349879
ALKBH2	0.0132277062360151
AAR2	0.0132352274571927
C8orf34	0.0132427520996879
WFIKKN1	0.013250280164668
DCTD	0.0132578116533008
SLC22A5	0.0132653465667541
KDM4D	0.013272884906196
VPS51	0.0132804266727951
SLA2	0.01328797186772
SWT1	0.0132955204921398
RGPD1	0.0133030725472235
RPS2	0.0133106280341408
PODXL	0.0133181869540614
C1orf127	0.0133257493081554
PRTG	0.013333315097593
KCNIP4	0.0133408843235448
CISH	0.0133484569871817
PAWR	0.0133560330896747
LEPROT	0.0133636126321953
KLF1	0.013371195615915
B9D2	0.0133787820420057
TMED1	0.0133863719116396
IL16	0.0133939652259892
STX12	0.0134015619862271
FRS3	0.0134091621935263
TMX3	0.01341676584906
DOK3	0.0134243729540018
SEC62	0.0134319835095253
LGALS1	0.0134395975168046
PKDCC	0.013447214977014
ARHGEF26	0.0134548358913281
MRPL27	0.0134624602609216
SPPL2A	0.0134700880869698
FAM204A	0.0134777193706479
FHIT	0.0134853541131315
GCG	0.0134929923155966
PDILT	0.0135006339792193
TIMM13	0.0135082791051761
PCCA	0.0135159276946436
TMEM62	0.0135235797487988
AP1AR	0.0135312352688189
ZNF704	0.0135388942558814
THG1L	0.0135465567111641
SLC25A37	0.013554222635845
ERVFRD-1	0.0135618920311024
LRRC38	0.0135695648981149
PLEKHB2	0.0135772412380612
TRMT61A	0.0135849210521205
MYO1D	0.0135926043414722
HMX3	0.0136002911072958
LONRF2	0.0136079813507712
SLC36A3	0.0136156750730787
OR52I1	0.0136233722753987
SLC22A1	0.0136310729589118
SFXN3	0.013638777124799
CENPV	0.0136464847742415
PLEKHH2	0.0136541959084209
RAB31	0.0136619105285189
VPS16	0.0136696286357175
CHERP	0.0136773502311991
MYO10	0.0136850753161461
SPRYD3	0.0136928038917415
TFRC	0.0137005359591684
KIAA0100	0.01370827151961
RPP25L	0.0137160105742501
RRP1	0.0137237531242726
PSME1	0.0137314991708616
SLC1A1	0.0137392487152015
VTN	0.0137470017584771
MTHFR	0.0137547583018734
SLC35F2	0.0137625183465755
OSGEPL1	0.013770281893769
PHLDA3	0.0137780489446397
NUP58	0.0137858195003736
LCP1	0.0137935935621571
FAM104A	0.0138013711311766
ID2	0.0138091522086191
AURKC	0.0138169367956717
RELL2	0.0138247248935218
CPT2	0.0138325165033569
HNF1B	0.0138403116263651
TNFRSF19	0.0138481102637345
RECK	0.0138559124166536
ZNF213	0.0138637180863111
PAN2	0.013871527273896
SLC17A8	0.0138793399805975
MPI	0.0138871562076052
DKKL1	0.0138949759561089
ZNF844	0.0139027992272986
ETV3L	0.0139106260223647
PEAR1	0.0139184563424978
VWA7	0.0139262901888887
SGO2	0.0139341275627286
DHX38	0.0139419684652089
CCDC134	0.0139498128975213
MKRN2	0.0139576608608576
NDUFS5	0.0139655123564102
RHOT1	0.0139733673853715
NSUN4	0.0139812259489342
CD34	0.0139890880482914
SAR1B	0.0139969536846363
OVOL2	0.0140048228591626
ST6GALNAC6	0.0140126955730639
LUC7L3	0.0140205718275345
CKLF	0.0140284516237686
MED17	0.014036334962961
CIPC	0.0140442218463064
KDR	0.0140521122750001
KRT25	0.0140600062502375
STK17A	0.0140679037732143
ABCB10	0.0140758048451265
DNAJC16	0.0140837094671703
RNPEP	0.0140916176405422
ST8SIA1	0.0140995293664391
TMEM51	0.0141074446460578
ACVR2A	0.0141153634805959
CLASP1	0.0141232858712508
CYHR1	0.0141312118192204
GLP2R	0.0141391413257029
GPR55	0.0141470743918966
NECAB3	0.0141550110190002
NUP205	0.0141629512082125
TLE6	0.014170894960733
LSM14B	0.0141788422777609
UTP23	0.014186793160496
IBA57	0.0141947476101384
PCDHB4	0.0142027056278883
TNNC1	0.0142106672149463
FOXB2	0.0142186323725132
C6	0.01422660110179
ZNF215	0.0142345734039782
GRIN3A	0.0142425492802792
PLEKHN1	0.0142505287318952
HSD17B13	0.0142585117600282
C9	0.0142664983658806
TLL1	0.0142744885506551
VAV2	0.0142824823155548
OR2J2	0.0142904796617828
PLCB4	0.0142984805905427
RASD1	0.0143064851030382
CHKA	0.0143144932004735
TELO2	0.0143225048840528
SLC48A1	0.0143305201549807
VHL	0.0143385390144621
EIF1AD	0.0143465614637021
ZNF625	0.0143545875039061
MGAT5	0.0143626171362798
IMP4	0.0143706503620291
SLC9B1	0.0143786871823603
CPED1	0.0143867275984797
LRRC3C	0.0143947716115943
DCPS	0.0144028192229109
NPDC1	0.0144108704336369
HADH	0.0144189252449799
CHDH	0.0144269836581476
TRMT1	0.0144350456743482
C12orf40	0.01444311129479
PRL	0.0144511805206818
ZNF585B	0.0144592533532323
OAS3	0.0144673297936508
TSHR	0.0144754098431467
GPC2	0.0144834935029299
PRSS56	0.0144915807742101
RPAP1	0.0144996716581978
CLEC2D	0.0145077661561034
AS3MT	0.0145158642691378
C3orf67	0.0145239659985121
SUSD2	0.0145320713454375
ADRA2A	0.0145401803111257
NOXA1	0.0145482928967886
TRPV4	0.0145564091036383
EPN1	0.0145645289328873
SLC20A1	0.0145726523857483
NAAA	0.0145807794634342
TGFA	0.0145889101671584
TMEM123	0.0145970444981342
KLHL11	0.0146051824575755
TARSL2	0.0146133240466963
RIOX2	0.014621469266711
GTF3A	0.0146296181188341
LRPPRC	0.0146377706042806
WTIP	0.0146459267242655
P2RY12	0.0146540864800043
AKAIN1	0.0146622498727127
FAM71F1	0.0146704169036065
RFPL4AL1	0.0146785875739021
GRAMD2B	0.0146867618848158
ABHD14B	0.0146949398375646
EXTL2	0.0147031214333653
GUSB	0.0147113066734354
SLC15A3	0.0147194955589924
MARCO	0.0147276880912542
EIF4EBP1	0.0147358842714387
PTPRO	0.0147440841007646
FAM189A1	0.0147522875804504
YDJC	0.014760494711715
MROH2A	0.0147687054957777
C12orf49	0.014776919933858
WDR83OS	0.0147851380271755
MYADM	0.0147933597769504
ZNF10	0.0148015851844029
ZNF469	0.0148098142507535
KBTBD8	0.0148180469772231
SLC15A4	0.0148262833650329
TMEM160	0.0148345234154041
ZNF576	0.0148427671295585
SLC17A5	0.0148510145087179
CHPF	0.0148592655541046
ZNF331	0.014867520266941
GPR68	0.0148757786484499
HYAL2	0.0148840406998543
C12orf66	0.0148923064223774
CALB1	0.0149005758172428
TRPV6	0.0149088488856743
CD47	0.0149171256288961
ADK	0.0149254060481325
MATN2	0.0149336901446081
UNC93B1	0.0149419779195479
ATP5MC3	0.014950269374177
RGS6	0.0149585645097209
GPR12	0.0149668633274053
PSMB6	0.0149751658284563
SLIT3	0.0149834720141001
PIK3C2A	0.0149917818855632
FAM214A	0.0150000954440725
TMED2	0.015008412690855
NR1H2	0.0150167336271382
ING4	0.0150250582541496
KLHL28	0.0150333865731173
YES1	0.0150417185852692
CDH20	0.015050054291834
PCNA	0.0150583936940403
KLF10	0.0150667367931171
PSMA5	0.0150750835902937
MALT1	0.0150834340867997
SCHIP1	0.0150917882838649
GABRG3	0.0151001461827192
RPS8	0.0151085077845932
TBRG4	0.0151168730907175
THOC3	0.0151252421023229
SLC4A7	0.0151336148206406
M1AP	0.0151419912469021
PIAS1	0.0151503713823391
METTL21C	0.0151587552281837
LRIG2	0.015167142785668
TPSD1	0.0151755340560246
GAS2L3	0.0151839290404864
C18orf21	0.0151923277402864
KIAA1755	0.0152007301566581
TRNAU1AP	0.0152091362908349
PLCD4	0.0152175461440509
CHST10	0.0152259597175402
PRXL2B	0.0152343770125373
EMC10	0.0152427980302769
DHRS9	0.015251222771994
TMEM244	0.0152596512389239
LGALS9	0.0152680834323022
NAPEPLD	0.0152765193533646
ASS1	0.0152849590033472
OGDHL	0.0152934023834865
STC1	0.015301849495019
RBM17	0.0153103003391817
PFKL	0.0153187549172118
IPO5	0.0153272132303467
STXBP2	0.0153356752798241
TRIM36	0.0153441410668822
NR4A3	0.0153526105927591
SLC5A12	0.0153610838586934
EXOSC10	0.0153695608659239
SYCE3	0.0153780416156898
SLC17A3	0.0153865261092304
SCNM1	0.0153950143477854
TMEM147	0.0154035063325947
NR1I2	0.0154120020648985
GRID2IP	0.0154205015459373
KIF18B	0.0154290047769518
CBLN2	0.015437511759183
APAF1	0.0154460224938723
CD163L1	0.0154545369822611
NKX2-6	0.0154630552255914
IQCF5	0.0154715772251053
FBLIM1	0.0154801029820451
CXCL11	0.0154886324976535
FAM83H	0.0154971657731735
SLC9C1	0.0155057028098482
BCL2L2	0.0155142436089212
OGFOD1	0.0155227881716361
RNF138	0.0155313364992372
VPS37A	0.0155398885929686
MPIG6B	0.0155484444540749
NRM	0.015557004083801
CLDN23	0.015565567483392
SP5	0.0155741346540934
CD101	0.0155827055971508
EEPD1	0.0155912803138101
PLEKHG6	0.0155998588053177
HSPB8	0.0156084410729199
ASGR2	0.0156170271178636
GPATCH1	0.0156256169413959
RIMKLB	0.015634210544764
CDC27	0.0156428079292156
HMGCLL1	0.0156514090959985
SURF4	0.0156600140463609
C17orf113	0.0156686227815512
NPFFR2	0.0156772353028182
AAMDC	0.0156858516114107
SCLY	0.0156944717085781
HTR1D	0.0157030955955698
DENND6B	0.0157117232736358
VCPKMT	0.0157203547440259
SRP19	0.0157289900079907
GEM	0.0157376290667806
MERTK	0.0157462719216467
CEP192	0.0157549185738401
MYOZ2	0.0157635690246122
NUP188	0.0157722232752148
CNIH2	0.0157808813268998
GRWD1	0.0157895431809196
TAF8	0.0157982088385267
ADAM7	0.0158068783009739
YIPF7	0.0158155515695143
CRABP2	0.0158242286454013
SYDE2	0.0158329095298886
CCDC90B	0.01584159422423
ZFP14	0.0158502827296798
ZNF841	0.0158589750474924
HLCS	0.0158676711789226
SFXN4	0.0158763711252255
LRRC27	0.0158850748876563
FBXL18	0.0158937824674706
REEP2	0.0159024938659242
BCAR1	0.0159112090842734
ZNF480	0.0159199281237745
DCLRE1B	0.0159286509856841
API5	0.0159373776712593
CLEC4F	0.0159461081817572
GGNBP2	0.0159548425184354
ALG5	0.0159635806825517
JAM3	0.0159723226753641
DPCD	0.0159810684981309
BAIAP2L2	0.0159898181521108
DDX46	0.0159985716385627
PREX2	0.0160073289587456
SACM1L	0.0160160901139191
CREB3L2	0.0160248551053429
ZNF444	0.016033623934277
LMNB2	0.0160423966019815
NDUFA8	0.0160511731097172
TGS1	0.0160599534587447
ZNF7	0.0160687376503251
EFEMP1	0.01607752568572
PIAS3	0.0160863175661908
FKBP9	0.0160951132929995
MRPL12	0.0161039128674084
DNAL4	0.0161127162906799
NDUFA13	0.0161215235640767
VSIG2	0.0161303346888618
ANTXR2	0.0161391496662986
ATP6V1E2	0.0161479684976507
CCDC74B	0.0161567911841819
CEP128	0.0161656177271564
STYXL1	0.0161744481278385
CYP4B1	0.0161832823874929
PCDHB12	0.0161921205073847
SPATA1	0.016200962488779
S100A11	0.0162098083329413
CFAP299	0.0162186580411375
LRIT1	0.0162275116146337
OVCA2	0.0162363690546961
RAB17	0.0162452303625914
CRYZ	0.0162540955395864
ADH1C	0.0162629645869484
DPH3	0.0162718375059449
ARL6IP4	0.0162807142978435
IZUMO4	0.0162895949639122
ADAM28	0.0162984795054194
SYCN	0.0163073679236336
A4GNT	0.0163162602198236
ADAMTS13	0.0163251563952585
OTUB2	0.0163340564512078
STX3	0.0163429603889411
DUPD1	0.0163518682097283
ACOT6	0.0163607799148397
PGA5	0.0163696955055458
WDR49	0.0163786149831173
LAMB3	0.0163875383488254
MRPL36	0.0163964656039412
EEF1AKMT4	0.0164053967497365
FKBP15	0.0164143317874831
ICAM2	0.0164232707184532
ST3GAL6	0.0164322135439193
ZNF529	0.0164411602651539
HDGFL1	0.0164501108834303
SCGN	0.0164590654000215
ERP29	0.0164680238162011
SLIRP	0.0164769861332431
KRBOX1	0.0164859523524215
CCL24	0.0164949224750106
SPINK2	0.0165038965022851
BANF1	0.01651287443552
TGM7	0.0165218562759905
OR1E1	0.0165308420249721
ZAN	0.0165398316837405
UBL7	0.0165488252535718
RHBDD1	0.0165578227357424
HAPLN1	0.0165668241315287
MBLAC2	0.0165758294422078
METTL2B	0.0165848386690567
RABEPK	0.0165938518133529
CRADD	0.0166028688763741
PHETA2	0.0166118898593983
KRT6B	0.0166209147637038
UGT2B15	0.0166299435905691
UGT8	0.0166389763412731
POPDC2	0.0166480130170948
CBARP	0.0166570536193136
GAA	0.0166660981492093
SBK3	0.0166751466080617
FGF2	0.016684198997151
HIST1H2BL	0.0166932553177578
PRR15L	0.0167023155711628
REEP1	0.0167113797586471
HNRNPA1L2	0.016720447881492
KDM8	0.0167295199409791
RPL7	0.0167385959383902
ANKRD26	0.0167476758750077
BIRC2	0.0167567597521138
ENPP5	0.0167658475709914
KIAA0040	0.0167749393329234
ZNF345	0.0167840350391931
SARAF	0.0167931346910841
SAMSN1	0.0168022382898802
ALPP	0.0168113458368655
MARCKS	0.0168204573333244
LSM1	0.0168295727805416
ZNF326	0.016838692179802
SNAI1	0.0168478155323909
NUDCD2	0.0168569428395937
DCAF4	0.0168660741026963
CDC26	0.0168752093229847
SOD1	0.0168843485017452
SCN3B	0.0168934916402646
IMPA1	0.0169026387398296
SLC45A3	0.0169117898017275
CEMIP2	0.0169209448272458
SLC4A9	0.0169301038176721
MAD2L1	0.0169392667742945
RPL18A	0.0169484336984013
FAM98B	0.016957604591281
MPC2	0.0169667794542225
TMEM200A	0.016975958288515
SLC2A3	0.0169851410954479
CNP	0.0169943278763108
RBM42	0.0170035186323938
SNRNP35	0.017012713364987
CFHR3	0.017021912075381
WIPI1	0.0170311147648666
MTIF3	0.017040321434735
ADRB1	0.0170495320862774
RNFT1	0.0170587467207856
PLCE1	0.0170679653395513
SCIN	0.017077187943867
SNX21	0.017086414535025
PFAS	0.0170956451143181
HNRNPA3	0.0171048796830394
NFATC2	0.0171141182424821
RARRES1	0.0171233607939399
ZNF677	0.0171326073387067
RASGRF2	0.0171418578780766
MRO	0.0171511124133441
BAIAP3	0.0171603709458039
BNIP3	0.017169633476751
PIH1D2	0.0171789000074807
KRT74	0.0171881705392886
LINS1	0.0171974450734704
APOBEC3A	0.0172067236113223
PTK7	0.0172160061541408
PIANP	0.0172252927032224
CCNT1	0.0172345832598642
TCEA3	0.0172438778253635
TES	0.0172531764010176
ELP2	0.0172624789881245
HSD17B6	0.0172717855879821
ARSI	0.017281096201889
GNL3	0.0172904108311437
ARSA	0.0172997294770451
CHAF1A	0.0173090521408924
CCDC189	0.0173183788239852
SLC16A13	0.0173277095276232
RSPH3	0.0173370442531064
FHOD3	0.0173463830017351
HIST1H2BA	0.0173557257748101
DNTTIP2	0.017365072573632
B4GALT2	0.0173744233995022
HCLS1	0.0173837782537221
SCNN1D	0.0173931371375933
SLC39A2	0.0174025000524179
EPHB4	0.0174118669994982
CNNM3	0.0174212379801368
FAM43A	0.0174306129956365
MFSD8	0.0174399920473004
HS3ST6	0.0174493751364319
DSG4	0.0174587622643347
RNMT	0.0174681534323129
SH3TC2	0.0174775486416706
PGS1	0.0174869478937125
ABHD16B	0.0174963511897432
HOXA10	0.0175057585310679
SLC35C2	0.017515169918992
TIPARP	0.0175245853548211
CCND3	0.0175340048398612
FAS	0.0175434283754185
ZNF90	0.0175528559627994
PPP1R14B	0.0175622876033109
JAKMIP2	0.0175717232982598
TAF5L	0.0175811630489536
ZNF175	0.0175906068567
AP2A1	0.0176000547228067
PRSS16	0.017609506648582
IGLON5	0.0176189626353344
CBLC	0.0176284226843726
CDKL3	0.0176378867970056
ZBTB42	0.0176473549745428
SLC16A4	0.0176568272182937
SOX14	0.0176663035295682
LRP11	0.0176757839096766
APOB	0.0176852683599291
ZNF808	0.0176947568816365
MPO	0.0177042494761099
GRK6	0.0177137461446604
AURKAIP1	0.0177232468885998
RND1	0.0177327517092397
TMED6	0.0177422606078924
CLIC3	0.0177517735858703
EVA1A	0.017761290644486
KLHL40	0.0177708117850525
GPR87	0.0177803370088831
FYB2	0.0177898663172912
DIMT1	0.0177993997115908
HEG1	0.0178089371930959
CALD1	0.0178184787631209
DMXL1	0.0178280244229805
MGAT4B	0.0178375741739896
ZC2HC1C	0.0178471280174634
PANX3	0.0178566859547174
IQCB1	0.0178662479870674
DONSON	0.0178758141158296
CSF3	0.0178853843423202
CFAP43	0.0178949586678559
CRIPT	0.0179045370937536
MYOM3	0.0179141196213306
CLDN14	0.0179237062519042
MBD3	0.0179332969867923
SH3GL3	0.0179428918273128
HMGB2	0.0179524907747843
DIXDC1	0.0179620938305251
A1CF	0.0179717009958543
EPHX3	0.017981312272091
HS3ST5	0.0179909276605547
CSRNP3	0.0180005471625652
TAF7	0.0180101707794423
GSKIP	0.0180197985125065
PFKP	0.0180294303630784
PSMA2	0.0180390663324787
MN1	0.0180487064220288
DUOXA1	0.0180583506330499
KPRP	0.0180679989668638
SERPINA9	0.0180776514247926
RPL10L	0.0180873080081584
PRR3	0.018096968718284
IZUMO1R	0.0181066335564921
SURF1	0.0181163025241058
NLRC3	0.0181259756224486
MYCT1	0.0181356528528442
BORCS7	0.0181453342166165
ZNF77	0.0181550197150898
RBP1	0.0181647093495888
AK7	0.0181744031214381
PABPN1L	0.0181841010319629
PRSS41	0.0181938030824886
CYP3A5	0.018203509274341
REEP4	0.0182132196088458
TSPAN11	0.0182229340873295
TSPAN2	0.0182326527111185
IFT88	0.0182423754815396
DNAJC24	0.01825210239992
PPID	0.0182618334675869
CLN8	0.0182715686858682
MAD2L1BP	0.0182813080560916
PSAT1	0.0182910515795855
RPA3	0.0183007992576784
ZNF556	0.018310551091699
PTPDC1	0.0183203070829765
RPL28	0.0183300672328401
SPN	0.0183398315426197
SLC8B1	0.0183496000136449
MTFR2	0.0183593726472462
DEFB118	0.0183691494447539
TSBP1	0.0183789304074989
ZNF727	0.0183887155368122
LYPD4	0.0183985048340252
PROK2	0.0184082983004695
CD59	0.018418095937477
RCSD1	0.0184278977463799
SNX16	0.0184377037285107
PRSS37	0.0184475138852022
MRPL45	0.0184573282177874
CTRB2	0.0184671467275997
FIGNL2	0.0184769694159726
DNAJB4	0.0184867962842401
TSSK2	0.0184966273337363
AP1G2	0.0185064625657958
RBP7	0.0185163019817533
DCAF4L1	0.0185261455829437
PLAC8	0.0185359933707025
NT5C1A	0.0185458453463653
GPER1	0.0185557015112678
PCOLCE2	0.0185655618667464
RPS28	0.0185754264141375
TSPYL1	0.0185852951547778
ARL4D	0.0185951680900043
PITX1	0.0186050452211544
DUSP11	0.0186149265495656
SESN2	0.0186248120765758
IL7R	0.0186347018035232
ATG101	0.0186445957317463
TTC6	0.0186544938625837
GP6	0.0186643961973746
NXPE2	0.0186743027374581
BNIP3L	0.0186842134841739
PXDNL	0.0186941284388619
PI3	0.0187040476028622
ST6GALNAC5	0.0187139709775152
PROCR	0.0187238985641617
MOB3A	0.0187338303641427
CD68	0.0187437663787995
CASQ1	0.0187537066094736
CASP5	0.018763651057507
CBFA2T3	0.0187735997242417
ARRB1	0.0187835526110203
RAB24	0.0187935097191854
MX1	0.01880347105008
ZNF655	0.0188134366050475
VPS37B	0.0188234063854313
ZNF34	0.0188333803925754
KLK12	0.0188433586278239
GALR1	0.0188533410925212
FAIM	0.0188633277880121
COMT	0.0188733187156415
ZNF70	0.0188833138767548
RING1	0.0188933132726974
JPT2	0.0189033169048154
PTPMT1	0.0189133247744547
FADS2	0.0189233368829618
ACTR2	0.0189333532316834
SLC7A6	0.0189433738219666
POP4	0.0189533986551586
FLG2	0.018963427732607
ZFPL1	0.0189734610556595
IPO7	0.0189834986256645
SLC22A17	0.0189935404439702
CXCR6	0.0190035865119255
MAB21L4	0.0190136368308792
LIPH	0.0190236914021807
SCAF11	0.0190337502271796
C11orf58	0.0190438133072256
LTBP1	0.019053880643669
PAIP1	0.0190639522378601
KCTD17	0.0190740280911496
CSNK2A2	0.0190841082048887
CHRNB1	0.0190941925804284
COG3	0.0191042812191205
PARP14	0.0191143741223167
KCNH6	0.0191244712913691
UIMC1	0.0191345727276303
ITIH5	0.019144678432453
NSRP1	0.01915478840719
FCRL5	0.0191649026531947
ANKRD34C	0.0191750211718207
RFTN1	0.0191851439644218
ZNF226	0.0191952710323522
WDR92	0.0192054023769662
NTNG2	0.0192155379996186
PSD2	0.0192256779016645
COL27A1	0.019235822084459
DTWD1	0.0192459705493577
BOLA3	0.0192561232977166
ZNF165	0.0192662803308917
PACRG	0.0192764416502395
RAB5A	0.0192866072571166
COPS6	0.0192967771528802
NKAIN2	0.0193069513388874
VSTM4	0.0193171298164959
MSH2	0.0193273125870636
BBX	0.0193374996519485
G6PC3	0.019347691012509
FGF14	0.0193578866701041
PXYLP1	0.0193680866260925
PIP5K1A	0.0193782908818337
GMPR	0.0193884994386872
SERTAD1	0.0193987122980128
MED7	0.0194089294611708
ZNF613	0.0194191509295216
CAPN9	0.0194293767044258
SRL	0.0194396067872446
MEOX2	0.0194498411793392
ZNF559	0.0194600798820712
PDCD2	0.0194703228968024
ENTHD1	0.0194805702248951
AKR7A2	0.0194908218677117
VPS9D1	0.019501077826615
SUGT1	0.0195113381029679
ZDHHC11	0.0195216026981337
SLF1	0.0195318716134761
PARD6G	0.019542144850359
CACNG4	0.0195524224101464
DEDD2	0.019562704294203
RAD51B	0.0195729905038934
ALOX15B	0.0195832810405826
PEX14	0.019593575905636
TRAF3IP2	0.0196038751004192
DDX4	0.0196141786262981
STK11	0.0196244864846388
SFI1	0.0196347986768079
GOSR1	0.019645115204172
PGLYRP3	0.0196554360680983
SUPT4H1	0.0196657612699541
PMS2	0.019676090811107
RPL36AL	0.0196864246929249
XRCC2	0.0196967629167759
B3GALT6	0.0197071054840287
IL23R	0.0197174523960518
ZNF691	0.0197278036542145
KLHL21	0.0197381592598861
GALT	0.0197485192144361
CDH26	0.0197588835192345
PCTP	0.0197692521756516
ABCC12	0.0197796251850578
SPINT1	0.0197900025488238
JMJD7-PLA2G4B	0.0198003842683209
PLB1	0.0198107703449203
SLCO1B3	0.0198211607799936
TSSK3	0.0198315555749129
ZNF260	0.0198419547310503
MYBPHL	0.0198523582497784
GUCA1A	0.0198627661324699
SLC9A3R1	0.019873178380498
ZNF785	0.019883594995236
ADAM29	0.0198940159780576
SPATA32	0.0199044413303367
MTFR1	0.0199148710534476
FSTL1	0.0199253051487649
CCS	0.0199357436176632
SLC35F4	0.0199461864615178
S100A14	0.019956633681704
FGF7	0.0199670852795976
ALPI	0.0199775412565744
SLC39A11	0.0199880016140108
TWIST2	0.0199984663532832
HOXB6	0.0200089354757686
ETFDH	0.0200194089828441
STAP1	0.020029886875887
YBEY	0.0200403691562751
DLEU7	0.0200508558253864
LSM8	0.0200613468845991
SLC25A2	0.0200718423352918
GCNT3	0.0200823421788434
RTP1	0.020092846416633
XCR1	0.0201033550500401
HSPB2	0.0201138680804443
ZNF789	0.0201243855092257
VPS18	0.0201349073377646
WDR18	0.0201454335674416
RPRM	0.0201559641996375
F7	0.0201664992357336
TRPM5	0.0201770386771112
SRPRB	0.0201875825251522
PXT1	0.0201981307812385
AGR2	0.0202086834467526
AQP11	0.0202192405230769
GALNS	0.0202298020115944
TSPAN12	0.0202403679136883
MED28	0.0202509382307421
TICAM1	0.0202615129641395
TUBE1	0.0202720921152647
MSMO1	0.0202826756855018
ERGIC2	0.0202932636762357
NID1	0.0203038560888512
SPECC1	0.0203144529247335
VLDLR	0.0203250541852681
KLHL36	0.0203356598718409
MED26	0.0203462699858379
SYT11	0.0203568845286455
TPX2	0.0203675035016503
PGF	0.0203781269062394
IRF5	0.0203887547437999
UHRF1	0.0203993870157193
C1orf174	0.0204100237233856
SCARB2	0.0204206648681868
PYM1	0.0204313104515113
ATP9B	0.0204419604747478
PLIN1	0.0204526149392853
SEC24A	0.020463273846513
CNGA4	0.0204739371978206
QPCT	0.0204846049945978
LTK	0.0204952772382349
MSTO1	0.0205059539301222
KRT19	0.0205166350716504
TRPC4	0.0205273206642106
CEP97	0.0205380107091941
PMP2	0.0205487052079924
BSX	0.0205594041619975
FKBP11	0.0205701075726015
NBL1	0.0205808154411969
FUT4	0.0205915277691763
URI1	0.020602244557933
RRAD	0.0206129658088601
ZNF91	0.0206236915233513
CSF1	0.0206344217028005
AFAP1	0.020645156348602
EVA1B	0.0206558954621502
USE1	0.0206666390448399
APOC2	0.0206773870980662
SLC25A41	0.0206881396232244
NECTIN3	0.0206988966217101
HEBP2	0.0207096580949195
OPN3	0.0207204240442485
CASQ2	0.0207311944710939
NSA2	0.0207419693768524
ADRA1D	0.0207527487629211
GBP3	0.0207635326306974
ZNF311	0.020774320981579
CRYAB	0.0207851138169639
TCTEX1D4	0.0207959111382503
CDKL2	0.0208067129468368
TNNT2	0.0208175192441223
SLC9A8	0.0208283300315059
SDAD1	0.020839145310387
CDKN1B	0.0208499650821653
NUDT21	0.020860789348241
RTN3	0.0208716181100142
DROSHA	0.0208824513688855
BHMT	0.0208932891262559
PFDN5	0.0209041313835266
HSDL2	0.020914978142099
SERPINA5	0.0209258294033748
ATG5	0.0209366851687561
AXDND1	0.0209475454396453
MGP	0.0209584102174449
PMPCB	0.020969279503558
IRX5	0.0209801532993877
TRIML2	0.0209910316063376
NIT1	0.0210019144258114
FDPS	0.0210128017592132
TAP2	0.0210236936079474
POLD3	0.0210345899734187
UNC5B	0.021045490857032
DUSP13	0.0210563962601927
BTBD1	0.0210673061843062
B4GALT1	0.0210782206307783
HPCA	0.0210891396010153
RNF41	0.0211000630964235
RHPN2	0.0211109911184097
FBP2	0.0211219236683808
EPHA7	0.0211328607477442
ESYT2	0.0211438023579074
SDSL	0.0211547485002784
SUN5	0.0211656991762652
ZNF169	0.0211766543872764
C2orf40	0.0211876141347207
CHCHD5	0.0211985784200071
SMO	0.0212095472445451
ATL3	0.0212205206097442
TUBB2B	0.0212314985170143
ACTN2	0.0212424809677657
IL2RA	0.0212534679634088
UBE4A	0.0212644595053546
MMP8	0.021275455595014
STARD3NL	0.0212864562337984
MRPL24	0.0212974614231196
ANAPC16	0.0213084711643895
ASB5	0.0213194854590203
MSANTD3-TMEFF1	0.0213305043084246
TOMM70	0.0213415277140152
C17orf80	0.0213525556772054
RGS7BP	0.0213635881994084
TRIM11	0.0213746252820381
ETV3	0.0213856669265084
TRPV2	0.0213967131342337
HTR2A	0.0214077639066285
ABCC9	0.0214188192451078
PSMD13	0.0214298791510866
CRTC2	0.0214409436259806
FABP3	0.0214520126712054
AKAP12	0.0214630862881772
ZNRF2	0.0214741644783122
CNOT10	0.0214852472430272
EPS8L3	0.021496334583739
KATNBL1	0.021507426501865
CENPC	0.0215185229988225
DDX58	0.0215296240760295
ORC3	0.021540729734904
TBC1D32	0.0215518399768645
RGMA	0.0215629548033296
ATP6V0E1	0.0215740742157183
PRODH	0.02158519821545
SNX22	0.0215963268039441
KATNA1	0.0216074599826206
SP140	0.0216185977528996
WDSUB1	0.0216297401162016
WEE2	0.0216408870739473
TBX20	0.0216520386275577
KCNJ8	0.0216631947784542
HSPG2	0.0216743555280584
FAM107B	0.0216855208777923
TBC1D22B	0.021696690829078
RETREG1	0.021707865383338
OR13A1	0.0217190445419952
CC2D1B	0.0217302283064726
ATP6V1G2	0.0217414166781936
RASSF4	0.021752609658582
KCNK17	0.0217638072490616
SLC25A18	0.0217750094510567
DRC7	0.0217862162659919
RASSF10	0.0217974276952921
TMEM170B	0.0218086437403823
GFRA1	0.0218198644026881
ZNF614	0.0218310896836351
RCC1L	0.0218423195846495
FPR1	0.0218535541071574
CD276	0.0218647932525856
NEU4	0.0218760370223609
CCDC85A	0.0218872854179105
ABCG5	0.0218985384406619
MR1	0.021909796092043
PHPT1	0.0219210583734817
CEBPA	0.0219323252864065
ASB17	0.0219435968322461
OXT	0.0219548730124293
SPEF1	0.0219661538283856
CERCAM	0.0219774392815443
LRRC52	0.0219887293733354
ZFYVE27	0.022000024105189
TMPPE	0.0220113234785356
DSP	0.0220226274948058
CNPY2	0.0220339361554306
HLA-DPB1	0.0220452494618415
GLB1L	0.02205656741547
ATP13A3	0.022067890017748
ATP8B3	0.0220792172701078
KPTN	0.0220905491739817
SSBP4	0.0221018857308026
COPZ1	0.0221132269420036
CD4	0.0221245728090181
CEBPB	0.0221359233332797
AMY2A	0.0221472785162224
TIMM23	0.0221586383592804
HIST1H2BK	0.0221700028638883
EPPK1	0.022181372031481
PIP4K2B	0.0221927458634936
RBKS	0.0222041243613615
NIPA2	0.0222155075265205
PPP6C	0.0222268953604065
CCT8	0.022238287864456
SLC10A4	0.0222496850401055
TXNDC8	0.0222610868887919
TRPV3	0.0222724934119525
FAM92A	0.0222839046110248
ZNF778	0.0222953204874464
SFXN5	0.0223067410426556
SMARCD2	0.0223181662780908
GTPBP4	0.0223295961951905
LIPF	0.0223410307953938
PHACTR3	0.0223524700801399
AP3M2	0.0223639140508684
ZNF814	0.0223753627090192
HOXB4	0.0223868160560324
TBC1D7	0.0223982740933485
CCDC71	0.0224097368224082
GBP1	0.0224212042446526
ABRACL	0.0224326763615229
TATDN3	0.0224441531744609
PLPP4	0.0224556346849084
RNF25	0.0224671208943076
DNAJB12	0.0224786118041012
COL6A3	0.0224901074157319
APOBEC3H	0.0225016077306427
LIX1	0.0225131127502772
FTO	0.0225246224760789
HCAR2	0.022536136909492
NMNAT1	0.0225476560519607
ATRIP	0.0225591799049295
PREB	0.0225707084698433
ZNF732	0.0225822417481474
CRYBA2	0.0225937797412872
ZNF555	0.0226053224507085
TBCA	0.0226168698778573
NR2C2AP	0.0226284220241799
OXSR1	0.0226399788911231
ANKRD1	0.0226515404801338
GLO1	0.0226631067926592
GPR135	0.0226746778301469
SPACA1	0.0226862535940447
POLR2A	0.0226978340858007
EGLN2	0.0227094193068634
ICAM1	0.0227210092586816
SETD3	0.0227326039427041
ZMYND10	0.0227442033603803
P3H1	0.0227558075131599
B3GAT3	0.0227674164024928
PEX19	0.0227790300298291
FHL3	0.0227906483966194
CLP1	0.0228022715043144
HS2ST1	0.0228138993543653
STX16	0.0228255319482234
DUS2	0.0228371692873405
SLC2A13	0.0228488113731684
SLC9A9	0.0228604582071596
UCHL3	0.0228721097907665
CREG1	0.022883766125442
PGGHG	0.0228954272126393
CCNT2	0.0229070930538119
IL36B	0.0229187636504135
ZFP30	0.0229304390038982
LRRC37A3	0.0229421191157204
PPA2	0.0229538039873346
SLK	0.0229654936201958
OC90	0.0229771880157593
TMPRSS12	0.0229888871754807
POTEF	0.0230005911008156
IRAK3	0.0230122997932204
HTR3A	0.0230240132541513
GPR137	0.0230357314850652
SORD	0.0230474544874191
DIO3	0.0230591822626702
ZNF471	0.0230709148122762
MUC17	0.0230826521376951
OR4E2	0.0230943942403849
DDB2	0.0231061411218043
SCP2	0.023117892783412
CHCHD7	0.0231296492266672
ADGB	0.0231414104530291
CBY1	0.0231531764639577
IYD	0.0231649472609127
FUCA1	0.0231767228453545
C4B	0.0231885032187438
CCK	0.0232002883825413
HAVCR2	0.0232120783382082
MELK	0.0232238730872062
LCN12	0.0232356726309968
NUTM1	0.0232474769710422
P2RX6	0.0232592861088048
PMP22	0.0232711000457472
CIART	0.0232829187833324
CCL20	0.0232947423230237
QPCTL	0.0233065706662845
CLEC2B	0.0233184038145789
PPP1R42	0.0233302417693709
TFAP2E	0.0233420845321249
MFN1	0.0233539321043058
SLC13A1	0.0233657844873786
VTCN1	0.0233776416828085
C12orf29	0.0233895036920614
TNFSF12-TNFSF13	0.0234013705166031
PLD3	0.0234132421578998
EEF1AKMT3	0.023425118617418
CDKN2D	0.0234369998966247
EIF3CL	0.023448885996987
PLCB2	0.0234607769199722
TBC1D17	0.0234726726670481
RFESD	0.0234845732396828
POC1A	0.0234964786393445
EFNA1	0.0235083888675019
CIAPIN1	0.0235203039256239
TRIM66	0.0235322238151797
PLD6	0.0235441485376388
LGALSL	0.023556078094471
GRAP2	0.0235680124871465
FGF4	0.0235799517171357
CA10	0.0235918957859092
HIP1R	0.0236038446949381
OBSCN	0.0236157984456937
RYR1	0.0236277570396476
MAP4K2	0.0236397204782716
CHRNA3	0.0236516887630381
PPM1J	0.0236636618954194
TMEM209	0.0236756398768884
FBLL1	0.0236876227089181
SNX6	0.023699610392982
RPS27A	0.0237116029305538
ESM1	0.0237236003231074
ARPC5L	0.0237356025721171
RIPOR1	0.0237476096790576
GLCCI1	0.0237596216454037
SF3B5	0.0237716384726305
SBF2	0.0237836601622136
PIN1	0.0237956867156288
GABARAP	0.0238077181343521
ZC3H6	0.0238197544198599
COMP	0.0238317955736289
KLF6	0.0238438415971361
YWHAQ	0.0238558924918587
RPL22	0.0238679482592743
RPL30	0.0238800089008608
LMLN	0.0238920744180964
RPRD1A	0.0239041448124595
ANGPT1	0.0239162200854289
CLVS1	0.0239283002384837
GANAB	0.0239403852731032
PLA2G4A	0.0239524751907671
NPAS2	0.0239645699929554
JHY	0.0239766696811483
TM9SF2	0.0239887742568265
CCDC149	0.0240008837214707
NLK	0.0240129980765621
IMPA2	0.0240251173235822
NRBF2	0.0240372414640127
TBXA2R	0.0240493704993358
ZNF546	0.0240615044310338
SMIM12	0.0240736432605893
UBXN4	0.0240857869894852
LETM2	0.024097935619205
TNFSF8	0.024110089151232
CD79B	0.0241222475870502
LSM6	0.0241344109281437
DLX6	0.024146579175997
MRPL30	0.0241587523320949
DGCR6L	0.0241709303979223
TMCO6	0.0241831133749647
RASGRP3	0.0241953012647077
ATL2	0.0242074940686372
OTOR	0.0242196917882396
PKLR	0.0242318944250013
MFRP	0.0242441019804092
TSPEAR	0.0242563144559505
DNPEP	0.0242685318531127
CILP	0.0242807541733834
BTBD8	0.0242929814182508
SNAPC5	0.0243052135892031
RNF168	0.0243174506877291
SLC10A1	0.0243296927153177
TMEM106C	0.0243419396734581
CDX2	0.02435419156364
WFDC1	0.0243664483873531
PRKAG1	0.0243787101460876
TXNDC12	0.024390976841334
C1QB	0.024403248474583
CELA2A	0.0244155250473257
ZNF273	0.0244278065610534
HOXB1	0.0244400930172579
LAG3	0.0244523844174309
AHR	0.0244646807630649
LIN28A	0.0244769820556523
CDADC1	0.024489288296686
NLRP3	0.0245015994876592
RPS14	0.0245139156300653
SYNGR1	0.0245262367253981
CELA1	0.0245385627751517
USP37	0.0245508937808203
SCX	0.0245632297438987
RAB7A	0.0245755706658819
IL1A	0.024587916548265
GTF2A1	0.0246002673925437
MANEA	0.0246126232002138
BCL7B	0.0246249839727714
SPATA22	0.0246373497117131
MEAK7	0.0246497204185356
CAPSL	0.024662096094736
CFAP45	0.0246744767418116
MGAM	0.0246868623612601
PIP4P2	0.0246992529545794
TADA3	0.0247116485232679
ADAMTS4	0.0247240490688242
GPC1	0.024736454592747
SIGLEC11	0.0247488650965355
NOA1	0.0247612805816893
TAS2R38	0.0247737010497081
EFNA5	0.024786126502092
AMT	0.0247985569403413
GPRC6A	0.0248109923659567
CLSTN2	0.0248234327804393
TRIP13	0.0248358781852903
PAOX	0.0248483285820112
LCA5	0.024860783972104
PAG1	0.0248732443570708
IL17RA	0.0248857097384142
SPAG8	0.0248981801176369
ECH1	0.024910655496242
CNTNAP3	0.0249231358757329
PRDM11	0.0249356212576133
DPPA4	0.0249481116433871
ZNRD1	0.0249606070345588
ZNF267	0.0249731074326328
EPC2	0.0249856128391141
HRH1	0.0249981232555078
CDC20B	0.0250106386833196
KCNB2	0.0250231591240551
LEP	0.0250356845792205
MOGS	0.0250482150503221
VSX2	0.0250607505388668
GLMP	0.0250732910463615
FAM168B	0.0250858365743135
TBCD	0.0250983871242304
TM7SF3	0.0251109426976202
FOCAD	0.0251235032959911
ZNF224	0.0251360689208515
AMACR	0.0251486395737104
CLK4	0.0251612152560767
RGS7	0.0251737959694601
PXDN	0.0251863817153701
OSTF1	0.0251989724953169
SCN7A	0.0252115683108107
ADAMTS3	0.0252241691633622
HNRNPF	0.0252367750544823
TMEM71	0.0252493859856823
PLCL1	0.0252620019584737
RGS21	0.0252746229743683
IL26	0.0252872490348783
FAM173B	0.0252998801415162
TRAM1	0.0253125162957947
KCNE4	0.0253251574992268
TRIP10	0.0253378037533259
RSPH9	0.0253504550596057
TPH2	0.0253631114195801
ANO9	0.0253757728347635
CCDC43	0.0253884393066702
DLX1	0.0254011108368153
BICD2	0.0254137874267139
ALS2	0.0254264690778814
PACSIN2	0.0254391557918337
TLX3	0.0254518475700868
MRGBP	0.0254645444141571
ZSWIM9	0.0254772463255613
ARHGEF5	0.0254899533058164
KCNJ4	0.0255026653564397
PLA2G4C	0.0255153824789487
POLA2	0.0255281046748614
OR6Y1	0.025540831945696
CA1	0.0255535642929709
WDR93	0.025566301718205
JAGN1	0.0255790442229174
ESAM	0.0255917918086275
CD2	0.025604544476855
GSTA4	0.0256173022291198
CNTN6	0.0256300650669425
YIPF4	0.0256428329918435
APEX1	0.0256556060053438
GLS2	0.0256683841089647
JUND	0.0256811673042276
DLAT	0.0256939555926544
TTC14	0.0257067489757672
RGL4	0.0257195474550886
NXPH2	0.0257323510321411
GTF3C3	0.025745159708448
AASDHPPT	0.0257579734855325
POP5	0.0257707923649183
TNFRSF12A	0.0257836163481293
MTFR1L	0.0257964454366899
BORCS5	0.0258092796321245
NHP2	0.0258221189359582
KIAA0319	0.025834963349716
UTP3	0.0258478128749234
C19orf18	0.0258606675131062
COL7A1	0.0258735272657905
SLC19A1	0.0258863921345026
DUS4L	0.0258992621207694
SETX	0.0259121372261177
CACNG6	0.025925017452075
BRMS1	0.0259379028001687
RRS1	0.0259507932719268
OR5A1	0.0259636888688775
PSMD5	0.0259765895925493
TARS2	0.0259894954444711
GPC6	0.026002406426172
UBAP1L	0.0260153225391814
BTBD18	0.026028243785029
SIRPB2	0.0260411701652449
POLR3K	0.0260541016813594
MATN4	0.0260670383349032
FAM189B	0.0260799801274072
NXPH3	0.0260929270604027
MBLAC1	0.0261058791354213
PRSS38	0.0261188363539947
PNPLA3	0.0261317987176552
USP29	0.0261447662279353
PDF	0.0261577388863677
RERGL	0.0261707166944854
HRC	0.026183699653822
GSG1L	0.0261966877659111
STK33	0.0262096810322866
EFCAB6	0.0262226794544829
EPCAM	0.0262356830340346
PRSS35	0.0262486917724765
PABPC4L	0.026261705671344
TBC1D31	0.0262747247321725
UNC50	0.0262877489564978
DSC2	0.0263007783458561
PAIP2	0.0263138129017838
JAKMIP3	0.0263268526258177
PYCR1	0.0263398975194947
HBA1	0.0263529475843523
DPH1	0.026366002821928
FSD1	0.0263790632337599
PACS2	0.0263921288213862
C6orf222	0.0264051995863454
REG1A	0.0264182755301765
B4GALT6	0.0264313566544186
SOCS2	0.0264444429606113
SLCO2A1	0.0264575344502942
MROH8	0.0264706311250074
RAB23	0.0264837329862915
TNIP2	0.026496840035687
SAPCD2	0.026509952274735
RAB21	0.0265230697049769
VDAC1	0.0265361923279541
DYNLT1	0.0265493201452087
CIAO2A	0.0265624531582828
WSB1	0.0265755913687191
ZNF567	0.0265887347780603
IL34	0.0266018833878495
IGFBP2	0.0266150371996304
FOLR2	0.0266281962149465
REPS1	0.026641360435342
FCER1G	0.0266545298623612
SCAF8	0.0266677044975488
HPR	0.0266808843424498
SLAMF6	0.0266940693986094
PREX1	0.0267072596675733
NFASC	0.0267204551508874
FAM53C	0.0267336558500978
RALY	0.026746861766751
SFTPC	0.026760072902394
DDRGK1	0.0267732892585737
HACD1	0.0267865108368376
ZSWIM2	0.0267997376387335
TMEM167B	0.0268129696658093
ZNF23	0.0268262069196135
MGLL	0.0268394494016946
SLC17A1	0.0268526971136017
ELMOD3	0.0268659500568839
REEP3	0.0268792082330909
PRELID2	0.0268924716437726
ZNF391	0.026905740290479
ANKH	0.0269190141747607
C17orf75	0.0269322932981685
ERRFI1	0.0269455776622535
PDE9A	0.026958867268567
WNT8A	0.0269721621186609
LPAR5	0.026985462214087
SQLE	0.0269987675563978
GKAP1	0.0270120781471458
ARHGEF39	0.0270253939878841
ITGB8	0.0270387150801657
ERCC6	0.0270520414255444
NUDT15	0.0270653730255739
INTS14	0.0270787098818083
SFRP4	0.0270920519958023
OAS2	0.0271053993691105
CFAP65	0.027118752003288
GRK1	0.0271321098998902
RFC4	0.0271454730604729
HAS1	0.0271588414865919
CAMK1	0.0271722151798037
MED16	0.0271855941416647
UGT1A3	0.0271989783737321
C5orf46	0.0272123678775629
CHSY1	0.0272257626547147
METTL21A	0.0272391627067454
SLC13A5	0.0272525680352131
F3	0.0272659786416762
GOLT1A	0.0272793945276936
ANXA2	0.0272928156948242
CLSTN1	0.0273062421446275
P4HTM	0.0273196738786632
KCTD7	0.0273331108984913
GCSH	0.0273465532056719
ABCA10	0.0273600008017658
SERPINB10	0.0273734536883339
THUMPD3	0.0273869118669374
GPR146	0.0274003753391378
BBS10	0.0274138441064969
PRTFDC1	0.0274273181705769
SLC25A48	0.0274407975329402
TMEM87B	0.0274542821951496
ENO3	0.0274677721587682
TATDN2	0.0274812674253593
NMI	0.0274947679964866
EGR2	0.0275082738737141
GRAMD1C	0.0275217850586061
ZFP69B	0.0275353015527272
PCDHA7	0.0275488233576422
ITGB4	0.0275623504749165
FUT1	0.0275758829061155
KLKB1	0.0275894206528051
DYRK4	0.0276029637165514
NQO2	0.0276165120989208
HIBCH	0.0276300658014801
SWAP70	0.0276436248257964
FOPNL	0.0276571891734371
NUDT17	0.0276707588459698
ZNF571	0.0276843338449625
MAPKAPK3	0.0276979141719835
LRIG1	0.0277114998286014
THRAP3	0.0277250908163851
PROZ	0.0277386871369038
STRA8	0.0277522887917271
LPAR2	0.0277658957824248
HTR1E	0.027779508110567
SLC25A35	0.0277931257777242
DPH6	0.0278067487854672
RARG	0.027820377135367
SLC7A7	0.027834010828995
PNMA1	0.0278476498679228
KRI1	0.0278612942537225
CES4A	0.0278749439879664
FAM126A	0.027888599072227
SCNN1B	0.0279022595080773
CHAC1	0.0279159252970906
ZSCAN16	0.0279295964408403
BLOC1S2	0.0279432729409003
NSG1	0.0279569547988447
TTC7B	0.027970642016248
ZSCAN18	0.027984334594685
LGALS3BP	0.0279980325357308
MRPL58	0.0280117358409607
SAMD13	0.0280254445119504
FEM1B	0.0280391585502759
CPOX	0.0280528779575135
SMIM20	0.02806660273524
PTGES3L	0.0280803328850321
NFU1	0.0280940684084671
AQP9	0.0281078093071226
ALPG	0.0281215555825764
CYP11B2	0.0281353072364067
MCM9	0.028149064270192
NTF4	0.028162826685511
CPLX3	0.0281765944839428
ENPP7	0.0281903676670669
ACAA1	0.0282041462364629
HTR1B	0.0282179301937109
SLAMF8	0.0282317195403912
PATE2	0.0282455142780844
AGRP	0.0282593144083714
ATP6V1H	0.0282731199328336
DLL3	0.0282869308530525
AFAP1L1	0.0283007471706099
ZBTB44	0.0283145688870881
DEPTOR	0.0283283960040695
ARHGEF11	0.0283422285231369
MEOX1	0.0283560664458735
TMEM30A	0.0283699097738626
KCNH4	0.0283837585086881
ITGA9	0.0283976126519339
CCDC116	0.0284114722051843
HESX1	0.0284253371700241
IGF2	0.0284392075480382
PALB2	0.0284530833408119
ATP4B	0.0284669645499308
PRKCQ	0.0284808511769807
RIMS4	0.0284947432235478
NSUN7	0.0285086406912188
WWOX	0.0285225435815804
USH1C	0.0285364518962197
FOXN2	0.0285503656367242
LRRIQ4	0.0285642848046817
TWF1	0.0285782094016802
C2CD4A	0.028592139429308
GPAT2	0.028606074889154
UTP14C	0.0286200157828069
VARS	0.0286339621118563
PBX4	0.0286479138778916
OR2M4	0.0286618710825029
LHFPL3	0.0286758337272803
CEP131	0.0286898018138143
HBG1	0.0287037753436959
IL1RN	0.0287177543185162
EIF4EBP2	0.0287317387398667
C9orf43	0.0287457286093392
MLLT3	0.0287597239285257
MRS2	0.0287737246990187
GH1	0.0287877309224108
ANKRD22	0.0288017426002952
SLC35C1	0.0288157597342651
ZP2	0.0288297823259142
KLC4	0.0288438103768364
EREG	0.0288578438886261
RPL27	0.0288718828628777
HOXC9	0.0288859273011862
BRD7	0.0288999772051468
DDA1	0.028914032576355
MAX	0.0289280934164067
LDB2	0.0289421597268978
CD74	0.028956231509425
IFNLR1	0.0289703087655849
C5	0.0289843914969746
MKRN2OS	0.0289984797051915
SPG7	0.0290125733918332
SESN1	0.0290266725584978
EVC	0.0290407772067836
LRRC46	0.0290548873382892
ZCCHC10	0.0290690029546134
DNAH10	0.0290831240573556
ANXA7	0.0290972506481154
GPR45	0.0291113827284924
SAR1A	0.0291255203000871
RUNX2	0.0291396633644997
RAD51AP1	0.0291538119233312
ADTRP	0.0291679659781826
ATF4	0.0291821255306553
MYH11	0.0291962905823511
FAM133B	0.029210461134872
GCSAM	0.0292246371898203
RASSF3	0.0292388187487988
SERPINA11	0.0292530058134103
IL1RL2	0.0292671983852583
AIP	0.0292813964659462
NTAN1	0.029295600057078
SPTSSA	0.0293098091602579
TDRD5	0.0293240237770904
KCTD12	0.0293382439091804
PCDHB11	0.029352469558133
FUT7	0.0293667007255537
SPATA5L1	0.0293809374130483
BAIAP2L1	0.0293951796222228
CRYL1	0.0294094273546837
POU2AF1	0.0294236806120377
MCM3	0.0294379393958917
CFAP58	0.0294522037078532
CALML4	0.0294664735495297
SREBF2	0.0294807489225293
CD53	0.0294950298284601
TMEM68	0.0295093162689309
ANKFN1	0.0295236082455504
ZNF146	0.0295379057599279
STOML3	0.0295522088136729
FGD4	0.0295665174083952
CNTN1	0.029580831545705
TRIB1	0.0295951512272128
TRAPPC12	0.0296094764545292
VPS52	0.0296238072292654
PNPLA8	0.0296381435530327
ANKEF1	0.0296524854274429
CFHR4	0.029666832854108
PPP1R9A	0.0296811858346403
RB1	0.0296955443706525
ZSCAN22	0.0297099084637574
TH	0.0297242781155684
HOXD4	0.029738653327699
PAQR4	0.0297530341017632
GCC1	0.029767420439375
TEAD2	0.0297818123421491
GFPT2	0.0297962098117003
TRABD	0.0298106128496437
ZNF626	0.0298250214575947
TMEM192	0.0298394356371691
ZNF662	0.029853855389983
ST6GALNAC2	0.0298682807176529
VASN	0.0298827116217952
DVL2	0.0298971481040272
ZNF557	0.0299115901659661
TMEM131L	0.0299260378092296
AUP1	0.0299404910354355
PEX1	0.0299549498462023
HSPB11	0.0299694142431484
HLA-DMA	0.0299838842278927
TMEM37	0.0299983598020545
MRC1	0.0300128409672532
CAPN13	0.0300273277251088
ATP6V1B1	0.0300418200772412
OAS1	0.0300563180252711
GYPA	0.0300708215708191
AGTPBP1	0.0300853307155064
POMT2	0.0300998454609543
MYOD1	0.0301143658087846
ITGB1BP1	0.0301288917606192
ELSPBP1	0.0301434233180805
HRG	0.0301579604827911
PDX1	0.0301725032563741
FBXO48	0.0301870516404526
ADRA1A	0.0302016056366503
FAM98A	0.0302161652465911
NMT2	0.0302307304718991
ARHGAP24	0.0302453013141989
CCDC28A	0.0302598777751154
FBXO4	0.0302744598562737
CPS1	0.0302890475592993
CMTR2	0.0303036408858179
NCAPD2	0.0303182398374556
RRP8	0.0303328444158389
ADGRD1	0.0303474546225945
TET2	0.0303620704593494
TRAPPC5	0.030376691927731
SDE2	0.0303913190293668
FKBP3	0.030405951765885
GPD1L	0.0304205901389137
PRKG2	0.0304352341500817
IGSF11	0.0304498838010177
LRRC40	0.0304645390933511
TBPL1	0.0304792000287114
GTPBP3	0.0304938666087284
HSF4	0.0305085388350324
LRRC49	0.0305232167092537
ADAM33	0.0305379002330233
F2RL2	0.0305525894079722
SCN2B	0.0305672842357318
WDR78	0.030581984717934
POC1B	0.0305966908562106
MLX	0.0306114026521943
ANKDD1B	0.0306261201075175
PLCD1	0.0306408432238134
RGS11	0.0306555720027151
HMOX1	0.0306703064458565
TUSC1	0.0306850465548713
GLB1	0.0306997923313939
KIAA1109	0.0307145437770588
GRK3	0.030729300893501
DDX56	0.0307440636823555
ASPH	0.0307588321452581
BCL7A	0.0307736062838443
CEP57	0.0307883860997505
ACMSD	0.030803171594613
ACBD5	0.0308179627700687
PDC	0.0308327596277546
SYNJ2BP	0.0308475621693081
TSGA13	0.030862370396367
TRAV2	0.0308771843105693
ANXA9	0.0308920039135532
DEFB131A	0.0309068292069576
FOXD4	0.0309216601924213
GIMAP4	0.0309364968715837
EDDM3B	0.0309513392460844
EME2	0.0309661873175632
EVC2	0.0309810410876605
FAM162B	0.0309959005580167
OTOL1	0.0310107657302728
TRIM5	0.0310256366060698
RFPL2	0.0310405131870494
CINP	0.0310553954748533
CRNN	0.0310702834711237
FABP2	0.0310851771775029
CYP4F2	0.0311000765956338
CRB1	0.0311149817271594
KDM4E	0.0311298925737231
LRRN4	0.0311448091369686
C11orf91	0.03115973141854
ADGRF4	0.0311746594200815
CALML3	0.0311895931432378
MRPS9	0.0312045325896538
NPIPB6	0.0312194777609749
LY6D	0.0312344286588467
MYO15B	0.031249385284915
TTLL2	0.031264347640826
SURF2	0.0312793157282264
SLC14A1	0.0312942895487629
BST1	0.0313092691040828
ASB15	0.0313242543958336
HLA-F	0.0313392454256629
DPRX	0.031354242195219
ZNF501	0.0313692447061503
KRT35	0.0313842529601055
ANGPTL8	0.0313992669587337
TMC4	0.0314142867036843
PTCD1	0.031429312196607
RSPH14	0.0314443434391518
AMZ1	0.031459380432969
COLEC10	0.0314744231797092
AC073610.2	0.0314894716810235
EXOC3L1	0.0315045259385631
UGGT2	0.0315195859539796
SIRT4	0.0315346517289249
CST9	0.0315497232650513
ACSM2A	0.0315648005640112
SPACA4	0.0315798836274575
FAM110C	0.0315949724570434
SMIM4	0.0316100670544225
VSIG10	0.0316251674212484
RAMP2	0.0316402735591753
TYMP	0.0316553854698577
KDELC2	0.0316705031549504
ACP4	0.0316856266161083
TICRR	0.0317007558549868
RNF32	0.0317158908732418
SLC38A8	0.0317310316725292
WFDC8	0.0317461782545053
FAM200A	0.0317613306208267
SPAG6	0.0317764887731506
KLHDC9	0.0317916527131341
TPPP2	0.0318068224424348
DNASE1L3	0.0318219979627106
ESPNL	0.0318371792756199
CLHC1	0.0318523663828212
UPK2	0.0318675592859733
YJEFN3	0.0318827579867353
LY6G5B	0.0318979624867669
ZNF776	0.0319131727877278
ABT1	0.0319283888912782
BDKRB1	0.0319436107990785
ACAD10	0.0319588385127895
ITPRIP	0.0319740720340723
SLC22A10	0.0319893113645883
LRRC66	0.0320045565059992
DEFB121	0.032019807459967
PMFBP1	0.0320350642281541
UBQLN3	0.0320503268122232
LYG2	0.0320655952138372
ENG	0.0320808694346595
NSG2	0.0320961494763537
TRARG1	0.0321114353405838
LRRC26	0.0321267270290139
COX7A1	0.0321420245433087
RHBDD3	0.0321573278851331
GOLIM4	0.0321726370561522
S100A9	0.0321879520580316
ATP5MG	0.0322032728924371
NBPF9	0.032218599561035
RAG2	0.0322339320654916
UGT2B7	0.0322492704074738
COMMD6	0.0322646145886487
PLA2G7	0.0322799646106837
MTG2	0.0322953204752466
RGS18	0.0323106821840054
COPRS	0.0323260497386286
OSGIN1	0.0323414231407848
ADM2	0.032356802392143
ATF7IP2	0.0323721874943726
IFT74	0.0323875784491433
CYP4F12	0.032402975258125
TCL1A	0.0324183779229879
POM121C	0.0324337864454028
ITLN2	0.0324492008270406
SERPINE3	0.0324646210695724
UBE3D	0.0324800471746698
TTC21A	0.0324954791440048
CLEC12A	0.0325109169792495
GPR3	0.0325263606820765
TIMD4	0.0325418102541585
RNF135	0.0325572656971688
OSMR	0.0325727270127807
NUDT5	0.0325881942026682
COMMD1	0.0326036672685052
ZSWIM3	0.0326191462119663
SOHLH1	0.0326346310347261
SMIM30	0.0326501217384597
LCN2	0.0326656183248426
AKR1C2	0.0326811207955503
ANGPTL4	0.032696629152259
PKD1L3	0.0327121433966449
CCDC9B	0.0327276635303847
NOL11	0.0327431895551554
UQCRB	0.0327587214726343
FNDC9	0.0327742592844989
LRRIQ3	0.0327898029924273
SMIM7	0.0328053525980976
MB	0.0328209081031884
URB2	0.0328364695093786
RPS29	0.0328520368183474
PTS	0.0328676100317743
IL27RA	0.0328831891513392
MRPL47	0.0328987741787222
DMAC2L	0.0329143651156037
HFE	0.0329299619636647
PFDN4	0.0329455647245862
APOA1	0.0329611734000496
MFAP2	0.0329767879917366
ACOT11	0.0329924085013295
NUDCD1	0.0330080349305105
ZNF534	0.0330236672809623
KRT17	0.033039305554368
AC008764.4	0.0330549497524109
ANKS3	0.0330705998767747
SH3BGR	0.0330862559291434
GABRR3	0.0331019179112013
PEX3	0.033117585824633
NLRP11	0.0331332596711234
STX6	0.0331489394523579
RNF14	0.0331646251700218
UTF1	0.0331803168258014
C1orf56	0.0331960144213826
GALNT8	0.033211717958452
ABCA8	0.0332274274386966
SPRYD4	0.0332431428638034
P2RX7	0.03325886423546
NPY4R	0.0332745915553542
PRTN3	0.0332903248251741
CAMK2N2	0.0333060640466083
CHCHD10	0.0333218092213454
IMPG1	0.0333375603510745
CFAP206	0.0333533174374851
EPYC	0.0333690804822668
ANXA5	0.0333848494871099
ZNF514	0.0334006244537046
SERGEF	0.0334164053837415
KHK	0.0334321922789119
GTDC1	0.0334479851409068
BTD	0.0334637839714182
GSTM2	0.0334795887721377
GAR1	0.0334953995447579
CA2	0.0335112162909712
AP3S1	0.0335270390124707
CHCHD2	0.0335428677109495
PSPH	0.0335587023881013
CLMP	0.03357454304562
C11orf24	0.0335903896851997
BNIP1	0.0336062423085349
C16orf45	0.0336221009173206
FAM19A2	0.0336379655132519
PCDHGB5	0.0336538360980242
SPRTN	0.0336697126733335
ZNF780A	0.0336855952408759
TRIM61	0.0337014838023477
CFHR1	0.0337173783594458
EIF3J	0.0337332789138673
RNF225	0.0337491854673095
MASTL	0.0337650980214703
VAMP1	0.0337810165780476
SEC61G	0.0337969411387398
TIMP4	0.0338128717052457
RPS24	0.0338288082792642
LMBR1	0.0338447508624947
DHRS11	0.0338606994566369
EID2	0.0338766540633907
NPTX2	0.0338926146844564
MYL12B	0.0339085813215347
HIST1H2BG	0.0339245539763264
ADAD1	0.0339405326505329
BSG	0.0339565173458557
CSPG5	0.0339725080639967
HLA-DQB1	0.0339885048066582
PER3	0.0340045075755427
EMC8	0.034020516372353
DEFB107A	0.0340365311987924
RNPS1	0.0340525520565643
SLX1A	0.0340685789473726
UPK1A	0.0340846118729215
ALDH3B2	0.0341006508349153
CYFIP2	0.0341166958350589
SULT1A2	0.0341327468750574
TMEM100	0.0341488039566163
RHBDL2	0.0341648670814412
DECR1	0.0341809362512383
KRT38	0.0341970114677139
AARS	0.0342130927325749
WSCD2	0.0342291800475281
SORBS3	0.034245273414281
MVD	0.0342613728345413
SNTB2	0.0342774783100169
CFH	0.0342935898424162
IFFO1	0.0343097074334479
TEDC2	0.0343258310848209
DGCR8	0.0343419607982444
PDK1	0.0343580965754281
ZNF566	0.034374238418082
C8orf37	0.0343903863279162
NTRK3	0.0344065403066414
MRPL21	0.0344227003559684
ZNF76	0.0344388664776086
CLCA1	0.0344550386732733
TRAPPC11	0.0344712169446745
PLCB1	0.0344874012935244
ZNF792	0.0345035917215354
SKAP2	0.0345197882304204
ANHX	0.0345359908218926
ZNF560	0.0345521994976653
NBR1	0.0345684142594525
PDIA5	0.0345846351089682
UBE2J1	0.0346008620479268
APBB1IP	0.0346170950780432
LIF	0.0346333342010323
SLC35D2	0.0346495794186097
RNASEH1	0.0346658307324909
ROPN1B	0.0346820881443922
DDX47	0.0346983516560297
CNN2	0.0347146212691203
EXOC2	0.034730896985381
RRM2B	0.034747178806529
KIAA0586	0.034763466734282
SUSD6	0.0347797607703581
SYT6	0.0347960609164755
CD36	0.0348123671743528
COX11	0.0348286795457091
BEST4	0.0348449980322635
NAB2	0.0348613226357356
WASL	0.0348776533578454
MEI1	0.0348939902003131
CHURC1	0.0349103331648593
CYP2R1	0.0349266822532048
SAV1	0.0349430374670709
TBC1D4	0.0349593988081791
DNTT	0.0349757662782512
KRT86	0.0349921398790094
PDE5A	0.0350085196121762
TTR	0.0350249054794745
KLHL14	0.0350412974826273
BCO2	0.035057695623358
RDH12	0.0350740999033907
SPCS1	0.0350905103244492
HTR5A	0.0351069268882581
NECAB1	0.0351233495965421
UBAP1	0.0351397784510263
HJV	0.0351562134534361
KTN1	0.0351726546054973
GPR137B	0.0351891019089357
SNX29	0.0352055553654779
PDE4DIP	0.0352220149768506
KCNK1	0.0352384807447807
LCN6	0.0352549526709955
C15orf65	0.0352714307572228
NPC1L1	0.0352879150051906
ZCCHC24	0.0353044054166271
SKAP1	0.035320901993261
RIPK3	0.0353374047368212
NLRP13	0.035353913649037
TOMM20L	0.0353704287316381
C4BPB	0.0353869499863543
ENTPD4	0.0354034774149159
ZNF543	0.0354200110190534
RBM34	0.0354365508004979
HLA-DPA1	0.0354530967609804
CSRP1	0.0354696489022326
ADAMTS14	0.0354862072259863
ANPEP	0.0355027717339736
C11orf65	0.0355193424279272
WRAP73	0.0355359193095798
KLHL30	0.0355525023806646
CLEC3B	0.0355690916429152
NUP43	0.0355856870980652
CHD1L	0.0356022887478489
TRMT13	0.0356188965940007
HOXD8	0.0356355106382553
SLC35E3	0.035652130882348
ALYREF	0.0356687573280141
HIST1H2BM	0.0356853899769893
TBPL2	0.0357020288310098
MAP4K5	0.0357186738918119
VPS35L	0.0357353251611324
RABGAP1L	0.0357519826407084
ELOVL5	0.0357686463322772
ETNK2	0.0357853162375764
NCLN	0.0358019923583442
TMCC1	0.0358186746963188
PARM1	0.035835363253239
ABHD14A	0.0358520580308437
FKRP	0.0358687590308723
SMCO2	0.0358854662550643
RSU1	0.0359021797051599
CLEC9A	0.0359188993828991
NIPAL2	0.0359356252900228
DUSP12	0.0359523574282718
SLCO4A1	0.0359690957993874
FTMT	0.0359858404051111
SPIB	0.0360025912471849
TNNI3	0.0360193483273511
REXO4	0.0360361116473521
RHPN1	0.0360528812089309
KIAA2026	0.0360696570138307
ZNF599	0.0360864390637951
SCG3	0.0361032273605678
SDCBP	0.0361200219058931
TMEM126A	0.0361368227015155
RIMS3	0.0361536297491799
POLR3H	0.0361704430506313
EFNA4	0.0361872626076153
PRSS42	0.0362040884218777
ATP6V1G3	0.0362209204951647
SOCS6	0.0362377588292226
SLC9A2	0.0362546034257983
HACD3	0.0362714542866389
ZNF558	0.0362883114134918
PRDM13	0.0363051748081048
C8orf76	0.036322044472226
AKNA	0.0363389204076038
CERKL	0.0363558026159869
ANKRD31	0.0363726910991243
TRGV9	0.0363895858587656
ACCS	0.0364064868966603
C11orf52	0.0364233942145586
RDH16	0.0364403078142107
CAV2	0.0364572276973674
MAPK1IP1L	0.0364741538657798
PRSS58	0.036491086321199
HES4	0.0365080250653769
KLRK1	0.0365249701000653
ZNF419	0.0365419214270167
FAHD2A	0.0365588790479836
ATP6V1C2	0.0365758429647189
ATPAF2	0.0365928131789762
MYDGF	0.0366097896925088
MVB12A	0.0366267725070708
PCDHGA2	0.0366437616244165
ODF3	0.0366607570463004
CSNK1A1L	0.0366777587744774
FAM209B	0.0366947668107029
NSUN6	0.0367117811567323
ZDHHC23	0.0367288018143216
PLPP5	0.036745828785227
ZNF518A	0.0367628620712051
PHETA1	0.0367799016740126
PSME2	0.036796947595407
MMP10	0.0368139998371455
C17orf49	0.0368310584009863
TSPAN19	0.0368481232886872
BMF	0.036865194502007
SPATS1	0.0368822720427045
CRYBG3	0.0368993559125387
PRSS55	0.0369164461132692
LNPEP	0.0369335426466558
SLC23A3	0.0369506455144586
CTXN2	0.0369677547184382
PATE4	0.0369848702603551
AKR1C1	0.0370019921419707
HSDL1	0.0370191203650464
CFAP100	0.0370362549313439
TREX1	0.0370533958426252
MSMP	0.0370705431006529
PNMA8A	0.0370876967071897
BLVRA	0.0371048566639986
ZFYVE21	0.0371220229728431
ZNF20	0.0371391956354869
THBD	0.037156374653694
AC005837.2	0.0371735600292289
IFITM3	0.0371907517638561
WDR73	0.0372079498593408
SEPT14	0.0372251543174484
CCNB1IP1	0.0372423651399445
ARRDC5	0.0372595823285951
HKR1	0.0372768058851665
GOLM1	0.0372940358114256
COLQ	0.0373112721091391
DEFB133	0.0373285147800745
SDHC	0.0373457638259994
TMEM230	0.0373630192486818
CYTL1	0.0373802810498901
CCNG1	0.0373975492313926
ZNF700	0.0374148237949586
MRAP2	0.0374321047423573
FBXO17	0.0374493920753582
CA14	0.0374666857957313
MXRA7	0.037483985905247
TMEM190	0.0375012924056757
FABP4	0.0375186052987884
INHA	0.0375359245863563
CTBS	0.037553250270151
GPR35	0.0375705823519445
FAM84A	0.0375879208335089
IER3IP1	0.0376052657166168
MAP1LC3C	0.0376226170030411
MAL	0.037639974694555
TTC19	0.0376573387929321
IGFN1	0.0376747092999461
MINOS1	0.0376920862173714
ZNF283	0.0377094695469824
TULP3	0.0377268592905539
TMEM243	0.0377442554498613
ATE1	0.0377616580266799
STARD4	0.0377790670227856
GAMT	0.0377964824399544
CTSC	0.0378139042799631
RRP15	0.0378313325445884
STX7	0.0378487672356073
CYB561D2	0.0378662083547974
TMEM14C	0.0378836559039364
TFPI2	0.0379011098848026
TMEM214	0.0379185702991744
GUF1	0.0379360371488304
SOD3	0.0379535104355499
NPL	0.0379709901611123
RPL13	0.0379884763272974
NCAPH	0.0380059689358852
QPRT	0.0380234679886562
LSM5	0.0380409734873911
DCLRE1C	0.0380584854338711
ZNF432	0.0380760038298774
HIST2H2BF	0.0380935286771919
PRNP	0.0381110599775966
RNF181	0.038128597732874
CHEK1	0.0381461419448066
IMMP1L	0.0381636926151777
RPL32	0.0381812497457705
WDR74	0.0381988133383688
SERPINC1	0.0382163833947565
RMC1	0.0382339599167182
ZNF445	0.0382515429060384
COLEC11	0.0382691323645022
HSPA1A	0.0382867282938949
TEX261	0.0383043306960022
LRCH4	0.0383219395726101
NKX1-1	0.038339554925505
SLAIN1	0.0383571767564735
EXOC6	0.0383748050673026
HLA-DQA1	0.0383924398597796
TP53	0.0384100811356922
PHF5A	0.0384277288968283
KRT13	0.0384453831449763
TKTL2	0.0384630438819248
TMEM150A	0.0384807111094628
UBE2L3	0.0384983848293795
TEKT5	0.0385160650434646
KCNJ18	0.038533751753508
ZNF367	0.0385514449613001
MYL4	0.0385691446686313
CHMP2A	0.0385868508772928
CALU	0.0386045635890757
STC2	0.0386222828057716
DEPDC1B	0.0386400085291724
C8orf88	0.0386577407610705
NBEAL1	0.0386754795032584
LRRC28	0.0386932247575289
ARHGAP18	0.0387109765256754
NDUFB4	0.0387287348094915
PPEF2	0.0387464996107711
BIRC3	0.0387642709313082
ZNF596	0.0387820487728976
RCN2	0.0387998331373341
CCDC175	0.038817624026413
ACOT12	0.0388354214419297
TM4SF18	0.0388532253856802
CD22	0.0388710358594607
PLA2G2A	0.0388888528650677
CCDC12	0.0389066764042981
BICC1	0.0389245064789491
ZNF554	0.0389423430908181
GRK5	0.0389601862417032
CD300LF	0.0389780359334024
HSCB	0.0389958921677142
C1orf105	0.0390137549464376
C17orf53	0.0390316242713717
STARD6	0.0390495001443159
C11orf42	0.0390673825670703
NDRG1	0.0390852715414348
HDAC1	0.03910316706921
TMEM158	0.0391210691521967
FSHB	0.0391389777921961
MIS18BP1	0.0391568929910097
RAB8A	0.0391748147504393
NOTO	0.039192743072287
RAB3A	0.0392106779583553
IST1	0.039228619410447
ZSCAN30	0.0392465674303653
FGFR4	0.0392645220199135
PEX11A	0.0392824831808956
ZMYM5	0.0393004509151157
COL21A1	0.0393184252243781
FRAT1	0.0393364061104877
PLPP7	0.0393543935752497
PRKCD	0.0393723876204694
RPUSD4	0.0393903882479526
CREBRF	0.0394083954595055
TM2D1	0.0394264092569345
DZIP1	0.0394444296420463
NDUFA2	0.0394624566166481
CEACAM1	0.0394804901825473
C1orf87	0.0394985303415516
TTC7A	0.0395165770954692
METRN	0.0395346304461085
PCDHGA10	0.0395526903952781
C16orf90	0.0395707569447874
CTRC	0.0395888300964455
PGLYRP2	0.0396069098520623
RABAC1	0.0396249962134479
DDX52	0.0396430891824126
RASSF1	0.0396611887607673
WSCD1	0.039679294950323
NSMCE3	0.0396974077528909
PTPN3	0.0397155271702831
RGL3	0.0397336532043114
GIPR	0.0397517858567883
ZNF510	0.0397699251295264
DISP2	0.039788071024339
FBRS	0.0398062235430392
BCKDHB	0.039824382687441
WBP1L	0.0398425484593582
NEUROD1	0.0398607208606054
TAB2	0.0398788998929972
SERPINB7	0.0398970855583486
ZNF37A	0.039915277858475
RLN3	0.0399334767951922
CCDC171	0.0399516823703162
UBE2L6	0.0399698945856633
SUB1	0.0399881134430502
CCDC126	0.0400063389442941
CALHM6	0.0400245710912122
CIAO1	0.0400428098856222
ADAM10	0.0400610553293422
TRIM58	0.0400793074241905
CYP3A7	0.0400975661719859
RNF185	0.0401158315745472
MRPL53	0.040134103633694
SULT1E1	0.0401523823512459
RBFOX2	0.0401706677290229
FRS2	0.0401889597688453
SEC11C	0.0402072584725338
BLCAP	0.0402255638419095
WDPCP	0.0402438758787937
PAQR9	0.040262194585008
LRIF1	0.0402805199623745
MICU1	0.0402988520127156
CACFD1	0.0403171907378538
POC5	0.0403355361396122
COG8	0.0403538882198141
KIF20B	0.0403722469802833
RTP2	0.0403906124228436
RPSA	0.0404089845493195
FCRL3	0.0404273633615356
DHRS2	0.0404457488613168
HTRA4	0.0404641410504886
TARM1	0.0404825399308766
KIRREL2	0.0405009455043068
LMF1	0.0405193577726054
VRK2	0.0405377767375993
IDUA	0.0405562024011153
ZNF442	0.0405746347649808
CPNE1	0.0405930738310234
TNS4	0.0406115196010712
GLTP	0.0406299720769523
PLA2G12A	0.0406484312604956
CDO1	0.04066689715353
TTF2	0.0406853697578849
FNDC5	0.0407038490753897
HOXB13	0.0407223351078746
JMJD4	0.0407408278571699
DSG3	0.0407593273251062
BIN3	0.0407778335135144
CHGA	0.040796346424226
RBM18	0.0408148660590726
PRKN	0.0408333924198861
ACYP2	0.0408519255084988
TINAGL1	0.0408704653267434
ZNF692	0.040889011876453
FAH	0.0409075651594607
TEP1	0.0409261251776002
CYP4F11	0.0409446919327055
MED29	0.040963265426611
ALDH8A1	0.0409818456611513
C2orf68	0.0410004326381613
GPR18	0.0410190263594763
GUCA1B	0.0410376268269321
CST3	0.0410562340423646
SH3BGRL3	0.04107484800761
FANK1	0.0410934687245051
MTMR9	0.0411120961948868
BPHL	0.0411307304205924
MRPL43	0.0411493714034595
ZNF256	0.0411680191453263
SLC39A12	0.0411866736480309
FPR3	0.0412053349134119
UBA52	0.0412240029433085
ARFIP2	0.0412426777395598
BIRC5	0.0412613593040056
B3GALT5	0.0412800476384858
DQX1	0.0412987427448407
ENOSF1	0.041317444624911
TSPAN1	0.0413361532805376
NEUROG3	0.0413548687135619
ZNF181	0.0413735909258254
WDR86	0.0413923199191703
OCLN	0.0414110556954388
TWISTNB	0.0414297982564736
MIB2	0.0414485476041175
L3MBTL4	0.041467303740214
PFKFB3	0.0414860666666067
NUP62	0.0415048363851396
ELANE	0.0415236128976569
TTC25	0.0415423962060034
BATF3	0.0415611863120241
BTF3L4	0.0415799832175642
NDUFS7	0.0415987869244694
SNRPD3	0.0416175974345857
PTPRR	0.0416364147497594
OR2AT4	0.0416552388718372
BCDIN3D	0.041674069802666
MCHR2	0.0416929075440932
OR14A2	0.0417117520979665
CPTP	0.0417306034661338
RAPGEF5	0.0417494616504434
ZNF660	0.0417683266527441
COMMD7	0.0417871984748849
PTTG1IP	0.0418060771187149
FAM160B2	0.041824962586084
PVALB	0.0418438548788421
CFAP161	0.0418627539988395
VNN1	0.041881659947927
TESK2	0.0419005727279554
UTP25	0.0419194923407763
TNFRSF13C	0.0419384187882412
PTPRQ	0.041957352072202
SFTPA1	0.0419762921945113
OLAH	0.0419952391570217
FAM83G	0.0420141929615861
PARG	0.0420331536100579
DCTN3	0.0420521211042908
SECISBP2	0.0420710954461388
IQCG	0.0420900766374562
SMCO1	0.0421090646800978
ITGAX	0.0421280595759186
CRYBG1	0.0421470613267739
LRRC10	0.0421660699345194
CYBA	0.0421850854010111
NDUFB5	0.0422041077281054
ACPP	0.042223136917659
LYSMD2	0.0422421729715289
ANKMY1	0.0422612158915725
SLC35D3	0.0422802656796475
CTSA	0.0422993223376119
EPRS	0.0423183858673241
SCRIB	0.0423374562706428
RAD17	0.042356533549427
CALCOCO2	0.0423756177055362
LIG1	0.04239470874083
CSKMT	0.0424138066571684
TMEM145	0.0424329114564119
ERICH1	0.0424520231404212
C12orf65	0.0424711417110573
LYVE1	0.0424902671701816
TMOD3	0.0425093995196559
GATA5	0.0425285387613422
ARHGEF10	0.0425476848971029
RFTN2	0.0425668379288007
CAMP	0.0425859978582988
ENO1	0.0426051646874604
LRWD1	0.0426243384181494
MYLIP	0.0426435190522297
ANKRD10	0.042662706591566
TNFSF11	0.0426819010380228
NDUFA6	0.0427011023934652
DOCK7	0.0427203106597587
GTF3C6	0.0427395258387691
ZNF135	0.0427587479323624
ASCC3	0.042777976942405
SH3D21	0.0427972128707637
SAMD3	0.0428164557193056
GAS6	0.0428357054898982
FGFRL1	0.0428549621844092
TCEA2	0.0428742258047066
MFSD6L	0.0428934963526591
B3GNT4	0.0429127738301353
TBC1D19	0.0429320582390043
HIST1H2BO	0.0429513495811356
CHRNA5	0.042970647858399
NEK6	0.0429899530726646
IFNAR1	0.0430092652258029
NLRP10	0.0430285843196846
KIF17	0.043047910356181
PPIA	0.0430672433371634
ACYP1	0.0430865832645037
NEK4	0.043105930140074
KLK10	0.0431252839657468
GSC2	0.0431446447433949
LUZP2	0.0431640124748914
SLC25A38	0.0431833871621099
POLR2F	0.0432027688069242
RHOH	0.0432221574112084
CFAP36	0.043241552976837
ARMC10	0.0432609555056848
NUP88	0.0432803649996272
ZNF804B	0.0432997814605394
HACD4	0.0433192048902975
MSGN1	0.0433386352907775
RIOK3	0.043358072663856
EMC2	0.0433775170114098
COA4	0.0433969683353162
TRIML1	0.0434164266374526
ARL14EP	0.043435891919697
NAA16	0.0434553641839276
AFP	0.0434748434320227
TEX36	0.0434943296658615
RXRA	0.043513822887323
SH3YL1	0.0435333230982868
TNFAIP8	0.0435528303006328
GCAT	0.0435723444962413
LGALS7B	0.0435918656869928
SELL	0.0436113938747681
SERPINA10	0.0436309290614486
OSCP1	0.0436504712489158
ERMARD	0.0436700204390517
OR4D2	0.0436895766337384
MPV17L2	0.0437091398348585
C6orf203	0.0437287100442951
VNN3	0.0437482872639313
RUBCNL	0.0437678714956508
CKAP2	0.0437874627413374
TIRAP	0.0438070610028755
IL15RA	0.0438266662821497
PCDHA5	0.0438462785810449
ALG10B	0.0438658979014464
C16orf58	0.0438855242452398
SRP14	0.0439051576143112
NUDCD3	0.0439247980105467
L2HGDH	0.0439444454358331
CD151	0.0439640998920573
TMEM181	0.0439837613811066
TST	0.0440034299048688
PRELP	0.0440231054652316
POP7	0.0440427880640836
QRICH2	0.0440624777033134
DUSP15	0.0440821743848099
HOXB2	0.0441018781104625
ACSS3	0.044121588882161
CREB3	0.0441413067017953
CFHR2	0.0441610315712557
PCDHA10	0.0441807634924329
AZGP1	0.0442005024672181
DMRT3	0.0442202484975026
POMK	0.044240001585178
TMEM144	0.0442597617321364
PSMA4	0.0442795289402703
CAPNS2	0.0442993032114722
LRRC20	0.0443190845476354
ATG9B	0.0443388729506532
STEAP3	0.0443586684224193
LDHD	0.0443784709648278
FAM198A	0.0443982805797731
SLC25A51	0.04441809726915
TOR1B	0.0444379210348536
CRYBB1	0.0444577518787793
PTGER1	0.0444775898028229
LLGL2	0.0444974348088804
CBLN3	0.0445172868988485
RWDD2A	0.0445371460746237
MIA3	0.0445570123381032
ANKRD18A	0.0445768856911846
PLEK2	0.0445967661357656
PHOSPHO1	0.0446166536737443
NTMT1	0.0446365483070193
MYRIP	0.0446564500374892
FAM181B	0.0446763588670535
HBEGF	0.0446962747976114
AQP4	0.0447161978310629
NDUFS3	0.044736127969308
SOD2	0.0447560652142474
ARNTL2	0.0447760095677819
SDK2	0.0447959610318127
RPS10	0.0448159196082412
TMEM219	0.0448358852989694
CERS4	0.0448558581058996
C1QTNF1	0.0448758380309341
WDR46	0.0448958250759759
ANKRD13C	0.0449158192429284
PUM3	0.0449358205336949
TCF23	0.0449558289501795
FAM161A	0.0449758444942862
DNAH6	0.0449958671679199
MUC12	0.0450158969729853
NTHL1	0.0450359339113877
POT1	0.0450559779850329
HPS5	0.0450760291958265
LGALS12	0.0450960875456751
KLHL12	0.0451161530364851
SCAPER	0.0451362256701635
SNF8	0.0451563054486177
PHLDA1	0.0451763923737553
ANKRD37	0.0451964864474842
EXOSC6	0.0452165876717129
SELENOW	0.0452366960483498
C17orf58	0.0452568115793042
BMP1	0.0452769342664851
FANCD2OS	0.0452970641118025
OSR2	0.0453172011171662
NXT1	0.0453373452844866
SLC3A1	0.0453574966156745
KLK14	0.0453776551126409
LMNTD2	0.0453978207772971
CDC7	0.0454179936115549
ANKRD45	0.0454381736173262
MRVI1	0.0454583607965237
DHX34	0.0454785551510599
INMT	0.0454987566828479
CLEC4C	0.0455189653938012
OCA2	0.0455391812858335
CEP44	0.0455594043608589
MRNIP	0.0455796346207919
PKD2L1	0.0455998720675472
ZNF365	0.04562011670304
NEDD4	0.0456403685291857
ALPK3	0.0456606275479001
SPP1	0.0456808937610994
NUF2	0.0457011671707
AMH	0.0457214477786188
ADRB3	0.0457417355867729
SERPINE1	0.0457620305970798
PLXND1	0.0457823328114575
GEMIN4	0.0458026422318239
NKPD1	0.0458229588600978
TMEM64	0.0458432826981979
SAP130	0.0458636137480435
MDM4	0.045883952011554
HAT1	0.0459042974906495
GSTM5	0.04592465018725
MYL9	0.0459450101032763
TMEM119	0.0459653772406492
OR8B8	0.0459857516012899
EPB41L4B	0.04600613318712
ZNRF3	0.0460265220000616
OR1D5	0.0460469180420368
ADPGK	0.0460673213149682
CEP57L1	0.0460877318207789
CALHM3	0.0461081495613921
PCP4L1	0.0461285745387314
TVP23A	0.0461490067547209
SPOCK1	0.0461694462112848
SNX17	0.0461898929103478
PTBP2	0.046210346853835
SHROOM3	0.0462308080436716
SFT2D2	0.0462512764817833
CYP8B1	0.0462717521700963
SLCO1A2	0.0462922351105368
KCNJ1	0.0463127253050315
TUBB6	0.0463332227555075
P3H4	0.0463537274638922
SGMS2	0.0463742394321134
CD82	0.046394758662099
ATG10	0.0464152851557775
PLEC	0.0464358189150778
ASF1B	0.0464563599419288
ITGB7	0.04647690823826
SYNJ1	0.0464974638060012
C9orf64	0.0465180266470826
GCM1	0.0465385967634345
GAP43	0.0465591741569878
PIP4K2C	0.0465797588296737
TEKT4	0.0466003507834236
PRR16	0.0466209500201693
FBP1	0.0466415565418431
TK1	0.0466621703503775
FUT9	0.0466827914477053
FLRT1	0.0467034198357597
MCM8	0.0467240555164742
HOXC4	0.0467446984917829
CLRN2	0.0467653487636198
PYCR2	0.0467860063339195
NOL3	0.046806671204617
GKN2	0.0468273433776474
PAX7	0.0468480228549465
AGAP1	0.0468687096384502
CCDC190	0.0468894037300945
CSF2	0.0469101051318164
LRRC25	0.0469308138455527
NFKBIA	0.0469515298732407
RNF4	0.046972253216818
KLF5	0.0469929838782226
FAM53B	0.047013721859393
TLX1	0.0470344671622677
DIO2	0.0470552197887858
MCC	0.0470759797408866
SAE1	0.0470967470205098
ATP5MPL	0.0471175216295955
CYP46A1	0.0471383035700841
CACNB4	0.0471590928439163
FOXE1	0.0471798894530331
LRRC57	0.0472006933993761
XRCC5	0.0472215046848868
DYNC1I2	0.0472423233115076
ATG16L2	0.0472631492811807
PEG3	0.047283982595849
RABEP2	0.0473048232574555
S100Z	0.0473256712679439
PPP1R17	0.0473465266292579
ZNF878	0.0473673893433417
RPS27	0.0473882594121396
AGPAT2	0.0474091368375967
LRRC17	0.047430021621658
NAA11	0.0474509137662692
PRSS12	0.047471813273376
SLC25A20	0.0474927201449248
HNRNPCL1	0.047513634382862
VARS2	0.0475345559891346
NUP214	0.0475554849656898
GPANK1	0.0475764213144752
PSAPL1	0.0475973650374387
TMEM134	0.0476183161365287
STXBP6	0.0476392746136936
TEX14	0.0476602404708826
CTRB1	0.0476812137100448
PURG	0.04770219433313
CLDN16	0.047723182342088
TMCC3	0.0477441777388694
TMEM255B	0.0477651805254248
PCNT	0.047786190703705
FAM189A2	0.0478072082756616
TPCN2	0.0478282332432463
TG	0.0478492656084111
BRCA1	0.0478703053731083
FGF6	0.0478913525392908
RINT1	0.0479124071089116
FAT2	0.0479334690839241
ZNF763	0.0479545384662822
FBXO9	0.0479756152579399
GLOD4	0.0479966994608517
MUC5AC	0.0480177910769724
RGS22	0.0480388901082571
PRSS21	0.0480599965566613
FAM81B	0.0480811104241409
B2M	0.0481022317126521
MS4A3	0.0481233604241513
MXD1	0.0481444965605954
RBMXL2	0.0481656401239418
CARMIL2	0.0481867911161478
ECM1	0.0482079495391714
SCAMP3	0.0482291153949708
DPM3	0.0482502886855046
CTNNBIP1	0.0482714694127319
C19orf33	0.0482926575786117
TM4SF4	0.0483138531851038
POPDC3	0.0483350562341681
MAD1L1	0.048356266727765
ORMDL2	0.048377484667855
PROM2	0.0483987100563992
C4orf3	0.0484199428953589
C17orf107	0.0484411831866959
ZNF783	0.048462430932372
CCDC152	0.0484836861343497
SEC31B	0.0485049487945918
CCDC106	0.0485262189150613
ANGPTL7	0.0485474964977216
ARSG	0.0485687815445364
CAPN3	0.0485900740574699
ENTPD5	0.0486113740384865
MTFP1	0.0486326814895509
COX5A	0.0486539964126284
RNF13	0.0486753188096843
DNASE2B	0.0486966486826846
SCIMP	0.0487179860335953
CCDC191	0.048739330864383
CRACR2A	0.0487606831770146
SPAG1	0.0487820429734572
IFI35	0.0488034102556784
IL12A	0.0488247850256461
IL2	0.0488461672853285
CHMP1B	0.0488675570366942
CEP19	0.0488889542817121
TAF1A	0.0489103590223516
SLC30A2	0.0489317712605821
SLC35B1	0.0489531909983737
PDE6C	0.0489746182376967
TMPRSS13	0.0489960529805217
DNAJC1	0.0490174952288198
ACKR3	0.0490389449845622
SIGLEC15	0.0490604022497206
OVOL3	0.0490818670262672
CRABP1	0.0491033393161743
ATP2A1	0.0491248191214145
PHF11	0.049146306443961
TSPYL4	0.0491678012857872
PTPN21	0.0491893036488669
TADA2A	0.0492108135351741
SERP1	0.0492323309466832
AC093155.3	0.0492538558853692
WNT4	0.0492753883532071
HRH3	0.0492969283521724
YPEL3	0.049318475884241
LRRC8B	0.049340030951389
ARL4C	0.049361593555593
MZB1	0.0493831636988299
SAMD4A	0.0494047413830767
STPG2	0.0494263266103112
ING3	0.0494479193825112
IPO13	0.049469519701655
ARPC4-TTLL3	0.0494911275697212
SERPINA1	0.0495127429886887
SMU1	0.0495343659605368
KPNB1	0.0495559964872452
MKS1	0.0495776345707938
TTI1	0.049599280213163
CEACAM7	0.0496209334163335
CENPP	0.0496425941822862
ZNF22	0.0496642625130025
LURAP1L	0.0496859384104642
PIK3C2G	0.0497076218766533
BNC1	0.0497293129135523
PENK	0.0497510115231438
OR9Q1	0.049772717707411
FXYD1	0.0497944314683373
RTCA	0.0498161528079066
CARD19	0.0498378817281029
LRCH1	0.0498596182309107
DOCK5	0.049881362318315
DNAAF4	0.0499031139923007
THAP9	0.0499248732548536
CYGB	0.0499466401079594
ZNF563	0.0499684145536044
RTL6	0.049990196593775
EPDR1	0.0500119862304584
SPATA9	0.0500337834656417
LGALS9B	0.0500555883013125
FAM47E	0.0500774007394587
SLITRK3	0.0500992207820687
TACO1	0.0501210484311311
KIAA1522	0.0501428836886349
ZNF682	0.0501647265565694
CCDC172	0.0501865770369244
NSL1	0.0502084351316899
CD209	0.0502303008428561
SELENOT	0.0502521741724139
OTP	0.0502740551223544
BHMT2	0.0502959436946689
NT5DC1	0.0503178398913493
SIPA1L2	0.0503397437143875
OR4D10	0.0503616551657763
ANKRD49	0.0503835742475082
DOLK	0.0504055009615765
FREM3	0.0504274353099746
CCL25	0.0504493772946965
PLS1	0.0504713269177363
COL24A1	0.0504932841810886
GOLGA8M	0.0505152490867482
DDX5	0.0505372216367104
ITGA6	0.0505592018329709
FIP1L1	0.0505811896775254
DEFB123	0.0506031851723703
RFC5	0.0506251883195023
COL4A1	0.0506471991209184
NDUFA12	0.0506692175786157
FAM135B	0.0506912436945921
CCDC51	0.0507132774708455
TLR9	0.0507353189093743
TRAPPC10	0.0507573680121773
GPR52	0.0507794247812533
TTYH3	0.0508014892186021
TSSK1B	0.0508235613262231
DNAJC4	0.0508456411061167
PUS1	0.0508677285602831
TTYH2	0.0508898236907232
PLET1	0.0509119264994383
CAPZA3	0.0509340369884297
INO80C	0.0509561551596992
RINL	0.0509782810152493
CCBE1	0.0510004145570822
FBXW4	0.0510225557872011
PROP1	0.0510447047076089
MFSD13A	0.0510668613203095
SGCE	0.0510890256273066
C16orf78	0.0511111976306046
EXOC3L2	0.0511333773322081
NIPAL3	0.0511555647341222
FARSA	0.0511777598383521
MICAL1	0.0511999626469034
SBSN	0.0512221731617822
SLC13A4	0.051244391384995
ZFAND2A	0.0512666173185484
TMEM256	0.0512888509644495
SLC25A12	0.0513110923247056
DPPA2	0.0513333414013246
EFR3B	0.0513555981963147
PCARE	0.0513778627116841
CCDC112	0.0514001349494418
NXNL2	0.0514224149115969
AC099489.1	0.051444702600159
CNTN4	0.0514669980171379
GPR75-ASB3	0.0514893011645436
PLXNB2	0.051511612044387
PCDHGA11	0.0515339306586789
MCUR1	0.0515562570094304
CLCNKB	0.0515785910986532
AL592490.1	0.0516009329283592
DRC1	0.0516232825005609
NT5DC4	0.0516456398172707
APOBEC3C	0.0516680048805017
MAFF	0.0516903776922673
SMIM19	0.0517127582545811
CYP4Z1	0.0517351465694572
OR51S1	0.0517575426389099
FRYL	0.0517799464649541
S1PR3	0.0518023580496048
PPBP	0.0518247773948774
CLEC11A	0.0518472045027877
BLOC1S1	0.051869639375352
APOBEC1	0.0518920820145866
GNB5	0.0519145324225083
ALMS1	0.0519369906011345
ZNF707	0.0519594565524826
DCDC2	0.0519819302785705
ATP5MC2	0.0520044117814164
WDR60	0.052026901063039
KRTCAP3	0.0520493981254571
FKBP4	0.0520719029706901
SEH1L	0.0520944156007575
COMTD1	0.0521169360176794
CASP10	0.0521394642234761
ARHGEF33	0.0521620002201682
FBXW8	0.0521845440097768
CHST13	0.0522070955943233
TMPRSS15	0.0522296549758294
AKT1S1	0.0522522221563172
CD300E	0.0522747971378091
EMC1	0.0522973799223279
TMF1	0.0523199705118967
SPAM1	0.052342568908539
COG7	0.0523651751142787
RSL24D1	0.0523877891311398
JAG2	0.052410410961147
SPSB3	0.0524330406063251
ZNF83	0.0524556780686993
UPB1	0.0524783233502953
CNTD2	0.0525009764531389
TSTD1	0.0525236373792564
CBR1	0.0525463061306744
BNIP2	0.0525689827094201
NEK8	0.0525916671175205
LIPN	0.0526143593570036
LYRM7	0.0526370594298971
MYL1	0.0526597673382296
PTRH1	0.0526824830840299
UGT2B10	0.0527052066693268
GORAB	0.0527279380961499
PAM16	0.0527506773665291
LILRB4	0.0527734244824943
CD27	0.0527961794460761
C1orf112	0.0528189422593053
TNFSF12	0.0528417129242131
RIBC2	0.052864491442831
TWIST1	0.052887277817191
SELE	0.0529100720493251
ELAC2	0.0529328741412662
SMIM23	0.052955684095047
LZTS2	0.0529785019127008
FDXACB1	0.0530013275962613
LYRM4	0.0530241611477625
C16orf54	0.0530470025692388
LTO1	0.0530698518627247
MUC22	0.0530927090302553
CHRNE	0.0531155740738662
CCNJ	0.0531384469955928
ODAM	0.0531613277974715
TLR10	0.0531842164815385
RPAP2	0.0532071130498308
OBP2B	0.0532300175043854
ZNF703	0.0532529298472399
MSTN	0.053275850080432
S100A6	0.0532987782060001
TMOD2	0.0533217142259826
LTBP4	0.0533446581424185
DNASE2	0.0533676099573469
MAIP1	0.0533905696728076
TEPSIN	0.0534135372908404
SLC39A5	0.0534365128134857
CSRNP1	0.053459496242784
MYO5C	0.0534824875807766
NCR3	0.0535054868295046
LYPD1	0.0535284939910098
COQ2	0.0535515090673342
ZIM3	0.0535745320605204
SERTAD4	0.053597562972611
EFNA2	0.0536206018056491
TOR2A	0.0536436485616783
TECR	0.0536667032427423
GEMIN2	0.0536897658508854
DTD1	0.053712836388152
STON2	0.053735914856587
EPM2AIP1	0.0537590012582357
FKBP2	0.0537820955951436
MRPL39	0.0538051978693566
RXYLT1	0.0538283080829211
AL603832.3	0.0538514262378837
FLT3	0.0538745523362913
MTO1	0.0538976863801913
AARS2	0.0539208283716314
PHF7	0.0539439783126597
CFAP300	0.0539671362053245
TBL2	0.0539903020516745
SST	0.0540134758537589
SEMA7A	0.0540366576136271
KCNMB1	0.054059847333329
KRT7	0.0540830450149146
DPH2	0.0541062506604345
ZNF230	0.0541294642719396
DDI1	0.054152685851481
SF3B2	0.0541759154011102
RAB3IL1	0.0541991529228794
GNA14	0.0542223984188406
ZNF33B	0.0542456518910466
ZNF665	0.0542689133415502
SLC45A4	0.0542921827724048
LALBA	0.0543154601856642
TRIM43	0.0543387455833823
PLEKHS1	0.0543620389676134
PQLC1	0.0543853403404124
TMEM161A	0.0544086497038343
DGUOK	0.0544319670599346
ZC2HC1B	0.054455292410769
STK17B	0.0544786257583938
LYZL1	0.0545019671048654
IGFBPL1	0.0545253164522406
ITPA	0.0545486738025766
ZNF880	0.054572039157931
NWD1	0.0545954125203618
TSPAN5	0.0546187938919272
SNX4	0.0546421832746857
LGR4	0.0546655806706965
RAB11FIP2	0.0546889860820187
HMSD	0.054712399510712
NOMO2	0.0547358209588365
ARG2	0.0547592504284526
FAM227B	0.054782687921621
ZSWIM5	0.0548061334404028
PON2	0.0548295869868593
UBAC1	0.0548530485630525
C1RL	0.0548765181710445
ZSCAN1	0.0548999958128977
PTGER2	0.0549234814906749
CENPH	0.0549469752064396
AARD	0.054970476962255
AGXT2	0.0549939867601853
HSPBAP1	0.0550175046022945
WDFY4	0.0550410304906475
CAPN1	0.055064564427309
AGPS	0.0550881064143446
LHX3	0.0551116564538197
TNNI1	0.0551352145478005
ABCC1	0.0551587806983534
VSNL1	0.055182354907545
NKX2-3	0.0552059371774425
OR5P2	0.0552295275101134
RUFY2	0.0552531259076253
TBC1D12	0.0552767323720466
UBLCP1	0.0553003469054456
SPNS1	0.0553239695098913
GMPS	0.0553476001874528
JMJD1C	0.0553712389401998
RERE	0.055394885770202
ZNF415	0.05541854067953
TP63	0.0554422036702542
NDUFV1	0.0554658747444455
SFRP5	0.0554895539041755
FGF20	0.0555132411515158
TMEM200C	0.0555369364885384
PARVA	0.0555606399173156
FAM20B	0.0555843514399204
GAL3ST2	0.0556080710584257
CD81	0.0556317987749051
FBXL15	0.0556555345914322
KLK9	0.0556792785100814
RPH3AL	0.0557030305329272
FMO3	0.0557267906620444
SLC39A10	0.0557505588995082
NMRK2	0.0557743352473943
AVPR1A	0.0557981197077786
SMPDL3A	0.0558219122827374
AMDHD1	0.0558457129743472
ITIH3	0.0558695217846853
SLC1A7	0.0558933387158288
CMPK2	0.0559171637698556
RGP1	0.0559409969488435
NAXD	0.0559648382548713
DNAJA3	0.0559886876900175
ZNF148	0.0560125452563613
ZNF235	0.0560364109559821
KHDRBS2	0.05606028479096
HTR4	0.056084166763375
CDKN2A	0.0561080568753077
COL1A1	0.0561319551288389
LIPC	0.05615586152605
SYS1	0.0561797760690226
CACNG8	0.0562036987598386
ADCY9	0.0562276296005803
THAP10	0.0562515685933306
CALHM4	0.0562755157401723
DHH	0.0562994710431888
RBM43	0.056323434504464
C4orf54	0.0563474061260818
CYP2A6	0.0563713859101269
C1orf131	0.056395373858684
MTHFD2L	0.0564193699738381
NENF	0.0564433742576749
LRRC63	0.0564673867122803
NOX3	0.0564914073397404
MS4A13	0.0565154361421419
PIGC	0.0565394731215717
KLHL3	0.0565635182801171
HAUS8	0.0565875716198657
PSMB9	0.0566116331429056
TIMM29	0.0566357028513251
FETUB	0.0566597807472129
SOAT1	0.0566838668326581
CABYR	0.0567079611097501
TAAR1	0.0567320635805788
CLPB	0.0567561742472343
GMFG	0.056780293111807
CCDC33	0.0568044201763878
SIK1	0.0568285554430679
POLR3C	0.0568526989139389
NAT8L	0.0568768505910927
GDF6	0.0569010104766215
PLK1	0.0569251785726181
ATP5F1B	0.0569493548811753
CDHR1	0.0569735394043866
IARS	0.0569977321443456
BEGAIN	0.0570219331031464
CD244	0.0570461422828833
HCFC2	0.0570703596856512
TFCP2L1	0.0570945853135452
CD72	0.0571188191686607
PDCL	0.0571430612530937
HIF1A	0.0571673115689401
SMUG1	0.0571915701182967
ACTL9	0.0572158369032603
NOL7	0.0572401119259282
KLHL24	0.057264395188398
GAPVD1	0.0572886866927677
TPRA1	0.0573129864411355
CDC45	0.0573372944356002
DOC2B	0.0573616106782608
COX7C	0.0573859351712167
KCNIP2	0.0574102679165677
TMEM220	0.0574346089164138
PCLAF	0.0574589581728555
PIGU	0.0574833156879938
ASAP2	0.0575076814639296
ART1	0.0575320555027646
MEIOB	0.0575564378066006
GLT1D1	0.0575808283775399
TCIRG1	0.0576052272176852
COG6	0.0576296343291393
ERAL1	0.0576540497140055
GCNT4	0.0576784733743877
DRG2	0.0577029053123897
SEC61B	0.057727345530116
MBNL2	0.0577517940296712
MROH2B	0.0577762508131607
RPTN	0.0578007158826896
CHMP5	0.057825189240364
LDB3	0.0578496708882899
CNR2	0.0578741608285739
MRPL49	0.0578986590633229
MFSD9	0.0579231655946441
C2CD5	0.057947680424645
GTF2F2	0.0579722035554338
SNX15	0.0579967349891187
ALDH3B1	0.0580212747278083
ADAM32	0.0580458227736116
UBE2G2	0.0580703791286382
ZNF3	0.0580949437949977
PPT1	0.0581195167748001
UROC1	0.058144098070156
MOCS2	0.0581686876831763
LGALS2	0.0581932856159719
COX6B1	0.0582178918706546
GLIPR1L2	0.0582425064493361
UNC93A	0.0582671293541287
RNASEH2A	0.058291760587145
GTF2H5	0.058316400150498
CHN1	0.058341048046301
CCP110	0.0583657042766676
ADGRG7	0.058390368843712
CYSTM1	0.0584150417495484
SLC39A3	0.0584397229962916
GTPBP10	0.0584644125860568
MMP7	0.0584891105209593
SEMA6D	0.0585138168031151
DCDC1	0.0585385314346402
COPS9	0.0585632544176513
TMIGD2	0.0585879857542652
ICOSLG	0.0586127254465992
CCDC15	0.0586374734967708
NDUFA10	0.0586622299068981
PRCD	0.0586869946790994
IL5	0.0587117678154933
CLCA4	0.0587365493181989
SLC35E4	0.0587613391893356
ANKLE2	0.0587861374310231
TXNRD1	0.0588109440453816
TRDN	0.0588357590345315
RBM19	0.0588605824005937
ACADM	0.0588854141456894
RACK1	0.0589102542719401
SPACA7	0.0589351027814676
WDHD1	0.0589599596763943
ZNF729	0.0589848249588429
SLC24A1	0.0590096986309362
OR1A1	0.0590345806947976
ADCYAP1	0.0590594711525508
SDC1	0.0590843700063199
TMEM70	0.0591092772582293
CYP2A13	0.0591341929104037
CTU1	0.0591591169649683
NOMO1	0.0591840494240487
SLC22A18	0.0592089902897705
AAGAB	0.05923393956426
FHOD1	0.0592588972496439
DYDC2	0.059283863348049
LGI2	0.0593088378616025
C10orf88	0.0593338207924322
ABCC6	0.0593588121426661
XBP1	0.0593838119144325
TMEM30B	0.0594088201098601
WFDC9	0.059433836731078
NEIL3	0.0594588617802157
ETFBKMT	0.0594838952594029
THEMIS2	0.0595089371707697
LNP1	0.0595339875164468
UBOX5	0.0595590462985649
FAM45A	0.0595841135192554
CXCL10	0.0596091891806497
COMMD3	0.0596342732848799
FAM161B	0.0596593658340783
TTC8	0.0596844668303774
RETSAT	0.0597095762759104
ERICH5	0.0597346941728106
ZNF749	0.0597598205232118
SNORC	0.0597849553292481
POMGNT2	0.0598100985930539
RFK	0.0598352503167641
HAUS5	0.0598604105025138
MTERF4	0.0598855791524387
ATP13A4	0.0599107562686745
PLCXD2	0.0599359418533575
GXYLT2	0.0599611359086245
PRLHR	0.0599863384366123
RSPO1	0.0600115494394582
HAPLN3	0.0600367689193001
AOX1	0.0600619968782759
ZNF664	0.0600872333185241
HSPE1	0.0601124782421834
NDST3	0.060137731651393
C18orf25	0.0601629935482924
TXNRD3	0.0601882639350215
KRT6C	0.0602135428137203
FAM168A	0.0602388301865296
MLST8	0.0602641260555903
UBE2F	0.0602894304230436
PRAG1	0.0603147432910312
TGFBI	0.0603400646616952
DMC1	0.0603653945371779
DIRAS1	0.060390732919622
KANK4	0.0604160798111706
KDM1B	0.0604414352139673
HMGN3	0.0604667991301558
SLC22A11	0.0604921715618802
CEACAM8	0.0605175525112852
OR2D3	0.0605429419805156
DOCK4	0.0605683399717167
PNPO	0.0605937464870341
GADL1	0.0606191615286137
GPRC5A	0.060644585098602
HSD17B3	0.0606700171991456
CDC42EP4	0.0606954578323916
KCNH8	0.0607209070004873
STK32B	0.0607463647055806
ITGB2	0.0607718309498196
DUXA	0.0607973057353528
ADCY10	0.0608227890643291
SPINK9	0.0608482809388976
CATIP	0.0608737813612081
PDXDC1	0.0608992903334104
POTEG	0.0609248078576547
MAP3K4	0.0609503339360919
SMYD1	0.0609758685708728
MAB21L3	0.061001411764149
PRPF6	0.0610269635180721
RAD23A	0.0610525238347942
AHI1	0.0610780927164679
SCRN2	0.0611036701652459
TP53INP2	0.0611292561832813
FBXO16	0.0611548507727279
BPIFA2	0.0611804539357395
NKAPL	0.0612060656744704
C1orf158	0.0612316859910751
BFSP1	0.0612573148877087
NDUFB9	0.0612829523665266
PRR26	0.0613085984296844
SMIM39	0.0613342530793383
C3orf22	0.0613599163176446
TMEM126B	0.0613855881467603
GJA10	0.0614112685688423
CRP	0.0614369575860484
SKA3	0.0614626552005363
SAA2-SAA4	0.0614883614144643
THEM4	0.0615140762299909
APOBEC3D	0.0615397996492752
CD33	0.0615655316744766
UPK3BL1	0.0615912723077546
ABCC11	0.0616170215512693
C16orf95	0.0616427794071812
CCL26	0.061668545877651
IAH1	0.0616943209648399
CCDC24	0.0617201046709093
LYZL2	0.0617458969980212
GIMAP6	0.0617716979483377
TRIM15	0.0617975075240215
SMIM24	0.0618233257272353
GTSF1L	0.0618491525601427
C8G	0.0618749880249072
SLX4IP	0.0619008321236929
WFDC12	0.0619266848586641
CLEC12B	0.0619525462319857
KCNE2	0.0619784162458227
HEATR4	0.0620042949023406
STPG1	0.0620301822037053
UGT2A2	0.0620560781520829
XCL2	0.06208198274964
KCNE3	0.0621078959985436
EID2B	0.0621338179009609
TMEM213	0.0621597484590596
CCDC166	0.0621856876750077
CCDC115	0.0622116355509735
B3GNTL1	0.0622375920891258
OXGR1	0.0622635572916337
MRPL28	0.0622895311606667
FCAR	0.0623155136983946
SAYSD1	0.0623415049069875
CYP2C19	0.0623675047886161
TEX9	0.0623935133454512
SLC22A13	0.0624195305796641
CR1L	0.0624455564934264
GPIHBP1	0.0624715910889101
WHAMM	0.0624976343682877
TXNDC16	0.0625236863337317
ZNF493	0.0625497469874153
OAZ3	0.062575816331512
DHRS7	0.0626018943681955
FRMD1	0.0626279810996401
RRP36	0.0626540765280202
EFHD1	0.0626801806555107
LEFTY1	0.062706293484287
IFT43	0.0627324150165247
MORN1	0.0627585452543996
STBD1	0.0627846842000882
ACSM6	0.0628108318557673
KRTAP5-3	0.0628369882236138
IL17REL	0.0628631533058051
CPLANE2	0.0628893271045192
ACP6	0.0629155096219342
ZNF587B	0.0629417008602286
HORMAD2	0.0629679008215812
CD84	0.0629941095081713
AKR7A3	0.0630203269221787
MORN2	0.0630465530657831
ANXA3	0.063072787941165
RNASE4	0.0630990315505051
BATF2	0.0631252838959845
HERC5	0.0631515449797845
MILR1	0.063177814804087
MRPS36	0.0632040933710741
IRAK1BP1	0.0632303806829284
MRPS30	0.0632566767418327
RP1L1	0.0632829815499702
SLC25A47	0.0633092951095247
TCP11L2	0.0633356174226801
CALHM5	0.0633619484916206
CASP1	0.0633882883185311
THYN1	0.0634146369055966
CXCL13	0.0634409942550025
MAGEF1	0.0634673603689345
DNAJC30	0.063493735249579
PCDHB10	0.0635201188991223
DEFB129	0.0635465113197514
MS4A8	0.0635729125136534
LPO	0.0635993224830162
SULT1C2	0.0636257412300275
PPP1R35	0.0636521687568757
ADAMDEC1	0.0636786050657496
UGT2A3	0.0637050501588382
BAD	0.0637315040383309
PCDHB8	0.0637579667064176
FCGR2A	0.0637844381652883
ZNF600	0.0638109184171337
TCTN1	0.0638374074641446
MRPS27	0.0638639053085122
KRT3	0.0638904119524281
ZNF611	0.0639169273980845
RANBP3L	0.0639434516476735
CYP4F3	0.0639699847033879
SMIM10L1	0.0639965265674208
AL032819.3	0.0640230772419655
NPM2	0.064049636729216
ZNF284	0.0640762050313664
C6orf15	0.0641027821506111
CCDC127	0.0641293680891452
LAPTM5	0.0641559628491638
KRBA2	0.0641825664328626
TXNDC2	0.0642091788424374
ZNF519	0.0642358000800849
MRPL4	0.0642624301480015
ZNF578	0.0642890690483845
RIC3	0.0643157167834311
EFHC1	0.0643423733553394
SLCO1B7	0.0643690387663074
SMCO3	0.0643957130185336
FAM163A	0.064422396114217
CNFN	0.0644490880555569
TMEM141	0.0644757888447528
PPP5D1	0.0645024984840048
SLC28A1	0.0645292169755132
PSG11	0.0645559443214788
PLK5	0.0645826805241026
CYP2J2	0.0646094255855862
OR2A4	0.0646361795081312
CDA	0.06466294229394
SERINC2	0.0646897139452151
PNOC	0.0647164944641594
A1BG	0.0647432838529761
KRTAP8-1	0.0647700821138689
DBNDD1	0.0647968892490419
IDO2	0.0648237052606993
VENTX	0.064850530151046
FAM186B	0.0648773639222871
SHLD1	0.064904206576628
LENEP	0.0649310581162745
FUT2	0.0649579185434329
ALS2CR12	0.0649847878603098
TVP23C	0.065011666069112
MTX3	0.0650385531720469
GPRIN2	0.0650654491713222
TXNDC17	0.0650923540691458
GPR152	0.0651192678677262
FAM114A2	0.0651461905692721
TMEM171	0.0651731221759926
CYBC1	0.0652000626900973
CCDC107	0.065227012113796
AKR1B15	0.0652539704492989
DCAKD	0.0652809376988166
LAIR2	0.0653079138645602
OMD	0.0653348989487408
C1orf210	0.0653618929535702
GPR150	0.0653888958812603
MARCH10	0.0654159077340238
CLCA2	0.0654429285140734
CLPSL2	0.065469958223622
FUT6	0.0654969968648834
MRPL46	0.0655240444400714
NDUFB2	0.0655511009514002
MROH6	0.0655781664010844
DDIAS	0.0656052407913391
RAMP1	0.0656323241243796
PLLP	0.0656594164024215
GPATCH3	0.065686517627681
TMEM233	0.0657136278023745
ADPRH	0.0657407469287188
APOF	0.0657678750089312
TEX43	0.0657950120452289
ARL6IP6	0.0658221580398303
CEP63	0.0658493129949533
ISG15	0.0658764769128167
GBP6	0.0659036497956394
DUSP23	0.0659308316456409
FCRL4	0.0659580224650409
WFDC2	0.0659852222560595
VMO1	0.0660124310209171
TRIM60	0.0660396487618347
SVBP	0.0660668754810334
TEX101	0.0660941111807348
IFRD2	0.0661213558631607
CSNK2A3	0.0661486095305337
PCDHB9	0.0661758721850763
HUS1	0.0662031438290115
HIST1H3H	0.0662304244645627
LCN8	0.0662577140939539
BBS12	0.066285012719409
CEP135	0.0663123203431525
PRR9	0.0663396369674094
RBFA	0.066366962594405
C10orf90	0.0663942972263647
DNAJB8	0.0664216408655146
CLRN3	0.066448993514081
SCT	0.0664763551742907
ARGFX	0.0665037258483707
PALMD	0.0665311055385484
CBWD1	0.0665584942470516
RTP5	0.0665858919761087
MACC1	0.066613298727948
TSPYL6	0.0666407145047985
CEP89	0.0666681393088895
C8orf33	0.0666955731424506
FGL1	0.0667230160077118
ZNF486	0.0667504679069036
PRKACG	0.0667779288422566
SULT2A1	0.066805398816002
HSBP1	0.0668328778303712
SERPINB4	0.0668603658875962
LRRC61	0.0668878629899091
NCF4	0.0669153691395425
ZCCHC7	0.0669428843387294
GSTA1	0.0669704085897031
KLK2	0.0669979418946972
NUDT16	0.0670254842559459
MAP1LC3B2	0.0670530356756835
INHBC	0.0670805961561449
ZNF589	0.0671081656995651
HMGB4	0.0671357443081799
FOXD4L1	0.0671633319842249
IL18BP	0.0671909287299365
CA3	0.0672185345475513
ZADH2	0.0672461494393064
KRTAP4-8	0.067273773407439
GPHB5	0.067301406454187
EMCN	0.0673290485817883
CES1	0.0673566997924815
G6PC2	0.0673843600885055
TANK	0.0674120294720994
SPTA1	0.0674397079455027
CENPX	0.0674673955109555
RSC1A1	0.0674950921706981
VGLL3	0.0675227979269711
CAVIN4	0.0675505127820155
SIGLECL1	0.0675782367380728
FNDC7	0.0676059697973848
ZNF430	0.0676337119621936
KHDC3L	0.0676614632347418
TRAM1L1	0.0676892236172722
RNF223	0.0677169931120281
SPACA3	0.067744771721253
ACADL	0.0677725594471911
STN1	0.0678003562920866
ZNF280B	0.0678281622581844
ZNHIT2	0.0678559773477293
HAUS4	0.0678838015629671
ZNF418	0.0679116349061434
PPM1M	0.0679394773795045
SP110	0.067967328985297
MBL2	0.0679951897257678
KIAA1586	0.0680230596031642
PDCL3	0.0680509386197339
BCAM	0.0680788267777248
FBXW12	0.0681067240793856
ZNF726	0.0681346305269649
CERS3	0.068162546122712
AGER	0.0681904708688761
TNFSF9	0.0682184047677075
ZNF680	0.0682463478214562
C7orf50	0.0682743000323729
TMEM108	0.0683022614027085
AKR1C3	0.0683302319347145
PLSCR4	0.0683582116306427
TSR3	0.068386200492745
ZNF485	0.068414198523274
CCDC74A	0.0684422057244825
MTX1	0.0684702220986238
RDH5	0.0684982476479514
SPATA4	0.0685262823747191
CNBD1	0.0685543262811816
TYW3	0.0685823793695933
TP53I3	0.0686104416422093
CYP2D6	0.0686385131012851
C5orf34	0.0686665937490765
TOMM7	0.0686946835878396
ZP3	0.0687227826198309
PXMP2	0.0687508908473074
METTL23	0.0687790082725264
MEIG1	0.0688071348977455
ANXA10	0.0688352707252227
OOSP2	0.0688634157572163
DNAJC15	0.0688915699959853
TBCE	0.0689197334437886
CRCP	0.0689479061028858
CPA5	0.0689760879755366
MAATS1	0.0690042790640015
TCTE3	0.0690324793705409
TUFT1	0.0690606888974159
ACADSB	0.0690889076468877
COX7A2L	0.0691171356212181
TCEANC2	0.0691453728226692
TMEM221	0.0691736192535035
IL22	0.0692018749159836
TMEM97	0.0692301398123729
BLOC1S4	0.069258413944935
PDRG1	0.0692866973159337
IL7	0.0693149899276332
MRFAP1L1	0.0693432917822985
FBXO7	0.0693716028821943
TMEM242	0.0693999232295863
KRT81	0.06942825282674
FAM162A	0.0694565916759218
CEP70	0.0694849397793982
DHRS7C	0.0695132971394359
NRTN	0.0695416637583023
STX2	0.0695700396382651
DYNLRB2	0.0695984247815922
EME1	0.0696268191905519
RBP3	0.0696552228674131
PATL2	0.0696836358144449
ARMC2	0.0697120580339168
EFCAB11	0.0697404895280985
DEFB124	0.0697689302992603
TMEM267	0.069797380349673
CHCHD1	0.0698258396816073
ASB3	0.0698543082973347
OMA1	0.0698827861991267
NKX6-3	0.0699112733892557
TMEM237	0.0699397698699939
PCDHB14	0.0699682756436142
GTF2H2C	0.0699967907123899
CRYBB3	0.0700253150785944
DALRD3	0.0700538487445018
PCDHGA6	0.0700823917123862
TEX30	0.0701109439845224
WDR53	0.0701395055631855
METTL18	0.0701680764506508
C1orf185	0.0701966566491941
NPY	0.0702252461610917
MPDU1	0.07025384498862
LBH	0.070282453134056
ZNF586	0.0703110705996768
SNX19	0.0703396973877603
RPRML	0.0703683335005843
CYP2E1	0.0703969789404273
NDUFB7	0.070425633709568
SDHAF2	0.0704542978102856
ID1	0.0704829712448596
ECHDC3	0.0705116540155697
NHLRC3	0.0705403461246964
SMC1B	0.0705690475745201
SCO2	0.070597758367322
AP4S1	0.0706264785053833
PLSCR2	0.0706552079909857
NPHP1	0.0706839468264115
RARRES3	0.070712695013943
ECI1	0.0707414525558631
C10orf67	0.070770219454455
MFSD2B	0.0707989957120023
RXFP3	0.070827781330789
RSRC1	0.0708565763130994
SLC16A5	0.0708853806612182
TMBIM4	0.0709141943774305
IQCM	0.0709430174640217
ELOVL3	0.0709718499232776
HTATIP2	0.0710006917574845
GSTT2B	0.0710295429689289
TNFAIP8L2	0.0710584035598977
MED8	0.0710872735326783
ATP5MD	0.0711161528895582
SYNDIG1L	0.0711450416328257
ZNF470	0.0711739397647691
ALG12	0.0712028472876771
TOMM6	0.071231764203839
COQ4	0.0712606905155443
ANKRD36C	0.0712896262250829
HPSE	0.0713185713347452
NSMCE1	0.0713475258468216
DIABLO	0.0713764897636034
ZNF155	0.0714054630873818
INKA1	0.0714344458204487
MOB2	0.0714634379650962
POMP	0.0714924395236168
ZNF669	0.0715214504983035
CLDN1	0.0715504708914494
TCAF2	0.0715795007053481
PRR23D1	0.0716085399422939
PTPRH	0.0716375886045809
LDHAL6A	0.071666646694504
MPZL1	0.0716957142143582
ADAD2	0.0717247911664392
NME4	0.0717538775530427
PAGR1	0.0717829733764649
VAMP8	0.0718120786390025
FHL5	0.0718411933429526
DEFB106B	0.0718703174906125
ANGPT4	0.0718994510842798
BCL2L13	0.0719285941262527
SERPING1	0.0719577466188297
SNRNP25	0.0719869085643096
OPA3	0.0720160799649917
N6AMT1	0.0720452608231755
ZNF584	0.0720744511411611
TSHB	0.0721036509212488
LYZ	0.0721328601657392
ASTL	0.0721620788769335
TM4SF5	0.0721913070571332
ACSM5	0.0722205447086401
ARL3	0.0722497918337563
CDHR5	0.0722790484347846
FAM205A	0.0723083145140278
UQCC2	0.0723375900737893
IP6K3	0.0723668751163727
MXD3	0.0723961696440822
METTL15	0.0724254736592223
FAU	0.0724547871640976
ZNF101	0.0724841101610134
PIBF1	0.0725134426522754
ACP1	0.0725427846401894
FAM174A	0.0725721361270618
IGHG1	0.0726014971151992
GPRIN3	0.0726308676069087
HSD17B11	0.0726602476044978
DELE1	0.0726896371102743
CGB2	0.0727190361265463
RWDD1	0.0727484446556224
MIXL1	0.0727778626998116
CCNH	0.0728072902614231
SERPINH1	0.0728367273427666
HORMAD1	0.0728661739461523
CLDN15	0.0728956300738905
SIT1	0.072925095728292
GSX2	0.0729545709116679
RRP1B	0.07298405562633
PIGR	0.07301354987459
MAL2	0.0730430536587603
CCDC58	0.0730725669811534
NEMP1	0.0731020898440826
TIMM22	0.0731316222498613
OR6J1	0.0731611642008031
PRR5L	0.0731907156992222
LACTB2	0.0732202767474334
TMUB1	0.0732498473477513
ASAH2B	0.0732794275024914
SNCB	0.0733090172139692
CCNO	0.0733386164845009
PGBD2	0.0733682253164028
UQCRC1	0.0733978437119918
TAGAP	0.0734274716735849
MCFD2	0.0734571092034998
SCART1	0.0734867563040544
RTN2	0.0735164129775669
TMEM98	0.0735460792263559
RPL27A	0.0735757550527406
KRT85	0.0736054404590403
SERF2	0.0736351354475749
INSYN1	0.0736648400206644
ZNF195	0.0736945541806295
GOLT1B	0.073724277929791
OR2A7	0.0737540112704702
CWC25	0.0737837542049887
UBALD1	0.0738135067356686
COL26A1	0.0738432688648324
APBB3	0.0738730405948028
SRRM4	0.0739028219279028
LRRC9	0.0739326128664562
PRH2	0.0739624134127868
CACYBP	0.0739922235692189
NAP1L5	0.074022043338077
CREM	0.0740518727216863
HBB	0.0740817117223723
SUMO2	0.0741115603424605
CHRFAM7A	0.0741414185842772
ZNF804A	0.074171286450149
CAV3	0.0742011639424028
NEDD1	0.0742310510633658
CARD6	0.0742609478153656
GTF2A2	0.0742908542007304
FAM72A	0.0743207702217885
KHNYN	0.0743506958808688
USP16	0.0743806311803002
STUM	0.0744105761224126
NBPF1	0.0744405307095356
YBX2	0.0744704949439997
RPL37A	0.0745004688281353
POLR3F	0.0745304523642738
OR2AJ1	0.0745604455547463
UBE2D2	0.0745904484018847
IGHA1	0.0746204609080213
ZNF595	0.0746504830754884
CALM2	0.0746805149066191
NPIPB5	0.0747105564037465
TIAM1	0.0747406075692045
SDR42E2	0.074770668405327
OOSP1	0.0748007389144484
PRSS2	0.0748308190989035
LYPD6	0.0748609089610276
PIK3IP1	0.0748910085031561
USP39	0.074921117727625
TAS1R3	0.0749512366367705
MMP17	0.0749813652329294
GFM1	0.0750115035184387
GMNC	0.0750416514956358
MKI67	0.0750718091668585
NDUFS4	0.075101976534445
COMMD3-BMI1	0.0751321536007339
CDK14	0.075162340368064
HOXC5	0.0751925368387747
ATP6V0A4	0.0752227430152057
PRKD2	0.0752529588996971
SMIM15	0.0752831844945892
PLA2R1	0.0753134198022228
CASC1	0.0753436648249392
HOXD3	0.0753739195650799
FFAR2	0.075404184024987
PARP12	0.0754344582070025
NAALAD2	0.0754647421134694
ZNF676	0.0754950357467305
HPGDS	0.0755253391091295
CAMKK2	0.0755556522030101
ZNF684	0.0755859750307165
DECR2	0.0756163075945933
CHGB	0.0756466498969854
IFI44L	0.0756770019402381
TIE1	0.0757073637266973
DSEL	0.0757377352587089
OR1D2	0.0757681165386194
GRPEL1	0.0757985075687756
NUGGC	0.0758289083515249
CEP162	0.0758593188892147
VSTM1	0.075889739184193
ADORA1	0.0759201692388081
DGLUCY	0.0759506090554088
CLEC18C	0.0759810586363443
MROH9	0.0760115179839638
ELK3	0.0760419871006173
ASPA	0.0760724659886552
CASP2	0.0761029546504278
MAPK9	0.0761334530882863
STOM	0.0761639613045819
SRSF5	0.0761944793016664
ADAM17	0.076225007081892
CSNK1G2	0.0762555446476111
MREG	0.0762860920011766
RHOB	0.0763166491449417
GBGT1	0.0763472160812601
SAMD15	0.0763777928124858
DNAJB2	0.076408379340973
MISP3	0.0764389756690767
MCCC2	0.0764695817991519
FAM207A	0.0765001977335542
OR5P3	0.0765308234746393
KRTCAP2	0.0765614590247636
CHKB	0.0765921043862838
THEG	0.0766227595615569
NCOR2	0.0766534245529401
HASPIN	0.0766840993627914
ALDH5A1	0.076714783993469
OR11H6	0.0767454784473312
IFIT3	0.076776182726737
C2	0.0768068968340457
MMRN2	0.076837620771617
APCDD1	0.076868354541811
PMF1	0.0768990981469879
C1orf50	0.0769298515895087
MCCC1	0.0769606148717345
LIPT2	0.0769913879960268
EXOSC1	0.0770221709647477
PDZD9	0.0770529637802594
RITA1	0.0770837664449246
IFI6	0.0771145789611063
KIAA0556	0.077145401331168
ZNF227	0.0771762335574736
LDLRAD2	0.0772070756423872
BMP5	0.0772379275882734
PDYN	0.0772687893974971
CHIA	0.0772996610724238
SRD5A2	0.0773305426154191
LAPTM4B	0.0773614340288491
PPARA	0.0773923353150803
CFHR5	0.0774232464764795
PTGIR	0.0774541675154139
ADAM12	0.0774850984342512
REEP5	0.0775160392353593
PDE4A	0.0775469899211067
TRIM67	0.077577950493862
CDK6	0.0776089209559944
GLT8D2	0.0776399013098733
ATF3	0.0776708915578687
PTPRA	0.0777018917023508
LRRCC1	0.0777329017456902
BARX2	0.077763921690258
RAMAC	0.0777949515384255
EXOSC4	0.0778259912925645
CLDN10	0.0778570409550471
MT3	0.077888100528246
GPD2	0.077919170014534
MAML3	0.0779502494162843
GSTZ1	0.0779813387358707
ENTPD6	0.0780124379756671
DCST1	0.0780435471380481
COQ8B	0.0780746662253885
RASAL2	0.0781057952400632
CARTPT	0.0781369341844481
CCDC174	0.078168083060919
FSTL5	0.0781992418718522
ZNF19	0.0782304106196243
NEIL2	0.0782615893066126
GTF2F1	0.0782927779351944
MED19	0.0783239765077476
SEC16B	0.0783551850266504
TCL1B	0.0783864034942814
TCP10L2	0.0784176319130195
LY6G6E	0.0784488702852442
OSM	0.0784801186133351
CCDC105	0.0785113768996724
RGS13	0.0785426451466365
KLHL33	0.0785739233566084
CCDC182	0.0786052115319692
COX6A2	0.0786365096751006
ARL14	0.0786678177883847
RNASE2	0.0786991358742038
TMEM25	0.0787304639349405
TAS2R60	0.0787618019729783
A2ML1	0.0787931499907005
CCDC8	0.078824507990491
CYB5R2	0.0788558759747342
C19orf81	0.0788872539458146
STOX1	0.0789186419061175
RPAIN	0.0789500398580281
CER1	0.0789814478039323
SLC26A1	0.0790128657462163
FADD	0.0790442936872667
ZNF488	0.0790757316294704
STEAP1	0.0791071795752146
MRPL11	0.0791386375268872
KRTAP22-2	0.0791701054868762
PKHD1	0.0792015834575701
GDF15	0.0792330714413576
FAM180B	0.0792645694406282
FN3K	0.0792960774577714
RPGRIP1	0.0793275954951771
EXOSC7	0.0793591235552356
ZNF550	0.0793906616403379
NCAPG	0.079422209752875
TMPRSS11D	0.0794537678952383
FFAR4	0.0794853360698199
ZIK1	0.079516914279012
TSFM	0.0795485025252071
PINK1	0.0795801008107984
COMMD4	0.0796117091381793
PBLD	0.0796433275097435
ALKBH3	0.0796749559278853
NHLRC1	0.0797065943949991
MPZL2	0.0797382429134799
ZNF561	0.0797699014857231
COL23A1	0.0798015701141244
VIP	0.0798332488010796
PEX12	0.0798649375489855
C5AR1	0.0798966363602387
CD93	0.0799283452372366
OAZ1	0.0799600641823766
MEDAG	0.0799917931980569
PADI1	0.0800235322866758
HSD11B1L	0.0800552814506319
UPF3A	0.0800870406923244
CAGE1	0.0801188100141528
ZNF688	0.0801505894185171
ANAPC15	0.0801823789078174
TMEM42	0.0802141784844544
KIZ	0.0802459881508293
NME1	0.0802778079093432
CCDC184	0.0803096377623981
AQP10	0.0803414777123961
TMEM239	0.0803733277617398
AVIL	0.0804051879128322
GP9	0.0804370581680764
TACR2	0.0804689385298762
TTC24	0.0805008290006357
NOX4	0.0805327295827595
TRIM65	0.0805646402786522
CAPN11	0.080596561090719
RNF148	0.0806284920213658
KRT76	0.0806604330729984
CD3EAP	0.0806923842480231
SMPD2	0.0807243455488467
COL10A1	0.0807563169778765
FRRS1	0.0807882985375198
INAFM1	0.0808202902301845
GCKR	0.080852292058279
OTOP3	0.0808843040242119
MOGAT2	0.0809163261303922
HAO2	0.0809483583792294
ZW10	0.0809804007731331
FAM206A	0.0810124533145138
PROC	0.0810445160057819
SGO1	0.0810765888493483
ILDR1	0.0811086718476244
ISOC2	0.0811407650030219
KCNK16	0.0811728683179529
REX1BD	0.0812049817948298
NUB1	0.0812371054360656
NABP1	0.0812692392440734
LHFPL2	0.081301383221267
CERK	0.0813335373700602
BHLHA15	0.0813657016928674
PTGES3	0.0813978761921036
COPS7B	0.0814300608701837
AQP2	0.0814622557295234
ODF4	0.0814944607725385
FYTTD1	0.0815266760016453
KBTBD13	0.0815589014192606
SLC38A11	0.0815911370278014
ITPRIPL1	0.081623382829685
IL17A	0.0816556388273295
ANAPC11	0.0816879050231529
LDLRAP1	0.0817201814195739
PCDHA2	0.0817524680190113
MANSC1	0.0817847648238847
RNF5	0.0818170718366138
CHTF8	0.0818493890596186
GPHA2	0.0818817164953195
AC005324.3	0.0819140541461378
ATP5F1D	0.0819464020144944
SPDYC	0.081978760102811
RGPD4	0.0820111284135098
UQCRC2	0.0820435069490131
ZNF843	0.0820758957117438
POLR1D	0.0821082947041249
MCL1	0.0821407039285802
MAD2L2	0.0821731233875335
IER2	0.0822055530834092
ASPM	0.0822379930186318
PTGIS	0.0822704431956267
PIWIL4	0.0823029036168193
ACTL8	0.0823353742846355
ZNF140	0.0823678552015013
CCDC82	0.0824003463698436
ZNF845	0.0824328477920894
CASTOR1	0.082465359470666
HES1	0.0824978814080011
ISPD	0.0825304136065231
PLEKHJ1	0.0825629560686604
NKX2-8	0.0825955087968419
RSAD2	0.082628071793497
AFF1	0.0826606450610553
CTSV	0.0826932286019471
BARD1	0.0827258224186027
D2HGDH	0.0827584265134528
AQP7	0.0827910408889289
NEK5	0.0828236655474625
CASP7	0.0828563004914857
SLC39A13	0.0828889457234306
CEP76	0.0829216012457303
UBXN2B	0.0829542670608178
DYNLRB1	0.0829869431711266
RCAN3	0.0830196295790907
HIGD1A	0.0830523262871444
DNAJB1	0.0830850332977223
BBS9	0.0831177506132595
STX17	0.0831504782361915
FBXO32	0.0831832161689541
COBLL1	0.0832159644139836
ISCA2	0.0832487229737165
CFAP74	0.0832814918505897
LSM2	0.0833142710470408
IGFBP3	0.0833470605655075
ZDHHC22	0.0833798604084278
RPL26	0.0834126705782403
RAD18	0.083445491077384
ALKAL2	0.0834783219082981
EFHD2	0.0835111630734223
ASCC1	0.0835440145751966
MKRN3	0.0835768764160616
LARP7	0.083609748598458
ORC1	0.0836426311248271
C3orf80	0.0836755239976103
COQ6	0.0837084272192498
NIN	0.0837413407921879
PPP1R1B	0.0837742647188674
MAFK	0.0838071990017313
RPS3A	0.0838401436432233
NRAS	0.0838730986457872
CAB39L	0.0839060640118672
AP5B1	0.0839390397439081
ITPK1	0.083972025844355
JCHAIN	0.0840050223156532
PLPPR3	0.0840380291602487
CELA2B	0.0840710463805875
RSPH10B2	0.0841040739791164
C6orf118	0.0841371119582823
POLR1E	0.0841701603205325
HSD3B2	0.0842032190683148
MST1	0.0842362882040774
PLIN5	0.0842693677302689
SREBF1	0.0843024576493379
NPY2R	0.0843355579637339
ZNF436	0.0843686686759066
EXD2	0.084401789788306
TTC39B	0.0844349213033826
AP1M2	0.0844680632235871
ACTL7B	0.0845012155513708
ATAD5	0.0845343782891854
ZGRF1	0.0845675514394827
LYRM9	0.0846007350047153
CLSTN3	0.0846339289873357
TPBG	0.0846671333897972
TMEM60	0.0847003482145533
NRAP	0.0847335734640579
PIGF	0.0847668091407653
TMEM121B	0.0848000552471302
PARK7	0.0848333117856076
SIX6	0.0848665787586531
SLC32A1	0.0848998561687225
RALYL	0.0849331440182719
HMG20B	0.0849664423097579
COX10	0.0849997510456377
LHFPL6	0.0850330702283686
CNIH3	0.0850663998604083
SHISA6	0.0850997399442149
IPMK	0.0851330904822471
SLAMF7	0.0851664514769638
RTN1	0.0851998229308242
MOG	0.085233204846288
KDELR2	0.0852665972258154
KLHL42	0.0853000000718669
RAB11FIP3	0.0853334133869032
KLHL29	0.0853668371733855
CUEDC2	0.0854002714337756
LRRC41	0.0854337161705355
POLR2M	0.0854671713861275
NDRG3	0.0855006370830144
FCF1	0.0855341132636594
PRPSAP2	0.085567599930526
SLMAP	0.0856010970860783
SYT16	0.0856346047327804
MTMR4	0.0856681228730972
C14orf180	0.0857016515094937
SLC33A1	0.0857351906444354
MICA	0.0857687402803881
FRMD6	0.0858023004198183
SETDB1	0.0858358710651924
DHFR	0.0858694522189776
MMAB	0.0859030438836411
CR2	0.085936646061651
TNIK	0.0859702587554753
PPP1R14C	0.0860038819675825
HPD	0.0860375157004417
EIF3A	0.0860711599565223
INO80E	0.0861048147382939
LHPP	0.0861384800482268
ZNF540	0.0861721558887912
DDX43	0.0862058422624583
HLA-DMB	0.0862395391716993
ATG2A	0.0862732466189858
MRPS14	0.0863069646067898
CATSPERZ	0.0863406931375839
MPDZ	0.086374432213841
SSTR5	0.0864081818380341
SLC6A5	0.0864419420126368
USP36	0.0864757127401232
LGALS13	0.0865094940229678
HEATR6	0.0865432858636451
TTF1	0.0865770882646303
RHOA	0.0866109012283992
DISC1	0.0866447247574275
RP9	0.0866785588541915
OR1L8	0.0867124035211678
CLDN18	0.0867462587608338
CPNE7	0.0867801245756668
UQCC1	0.0868140009681447
NDUFAF3	0.0868478879407456
NHLRC2	0.0868817854959483
LILRB2	0.0869156936362318
CHFR	0.0869496123640755
SNRNP27	0.0869835416819591
TPH1	0.0870174815923629
OSBPL5	0.0870514320977675
TCP11	0.0870853932006538
DOCK6	0.087119364903503
CCER2	0.0871533472087971
ADAMTS15	0.0871873401190181
MRPS17	0.0872213436366484
ACOX3	0.0872553577641711
KNG1	0.0872893825040693
OR2K2	0.0873234178588269
RADIL	0.0873574638309277
GPT	0.0873915204228563
YJU2	0.0874255876370975
ANKRD13A	0.0874596654761366
GPN3	0.087493753942459
SEPT10	0.0875278530385509
SAG	0.0875619627668987
CROT	0.087596083129989
MED30	0.087630214130309
GRN	0.0876643557703465
ANGEL2	0.0876985080525891
TNFRSF4	0.0877326709795253
ARHGEF18	0.0877668445536438
NUAK2	0.0878010287774337
LMO1	0.0878352236533844
SGK3	0.087869429183986
AL096814.1	0.0879036453717284
ZNF286B	0.0879378722191027
TTC5	0.0879721097285996
TCHP	0.0880063579027107
NINJ2	0.0880406167439277
MFSD5	0.088074886254743
KPNA5	0.088109166437649
GPR139	0.0881434572951388
TMEM150C	0.0881777588297056
CD63	0.0882120710438434
THTPA	0.0882463939400462
SLC22A9	0.0882807275208087
GAREM1	0.0883150717886255
ANO2	0.0883494267459922
MICALL1	0.0883837923954045
MGAT4A	0.0884181687393584
SLC30A10	0.0884525557803503
GPX5	0.0884869535208772
SPINK14	0.0885213619634364
AANAT	0.0885557811105254
UPP1	0.0885902109646423
PTPRN	0.0886246515282856
FOXM1	0.088659102803954
RPP40	0.0886935647941468
FMC1	0.0887280375013635
FGF3	0.0887625209281041
COX4I1	0.088797015076869
ZNF675	0.088831519950159
ARL16	0.088866035550475
CD37	0.0889005618803189
DNASE1L2	0.0889350989421925
TMEM74B	0.088969646738598
GRTP1	0.0890042052720381
AGMO	0.089038774545016
LPIN3	0.0890733545600352
HDHD5	0.0891079453195994
RAVER2	0.089142546826213
ZFP42	0.0891771590823807
NAA38	0.0892117820906075
DDIT4	0.0892464158533987
PRKAG3	0.0892810603732601
ID4	0.0893157156526982
LY6G5C	0.0893503816942194
TTLL10	0.0893850585003306
WDR64	0.0894197460735392
LIN7B	0.0894544444163532
GALK2	0.0894891535312805
ZNF433	0.0895238734208298
CYP2C18	0.0895586040875099
CCR3	0.0895933455338302
OXSM	0.0896280977623004
ZNF610	0.0896628607754306
FNDC8	0.0896976345757312
DEFB126	0.0897324191657133
BTC	0.089767214547888
HRASLS2	0.089802020724767
CRYGB	0.0898368376988623
NAE1	0.0898716654726865
TMEM143	0.0899065040487523
EPHX2	0.0899413534295729
HES3	0.089976213617662
ZMAT3	0.0900110846155336
PCYOX1	0.090045966425702
BSPRY	0.090080859050682
KCNU1	0.0901157624929889
HYAL3	0.0901506767551381
NDUFA11	0.0901856018396456
PDHX	0.0902205377490277
THAP7	0.0902554844858013
C8B	0.0902904420524834
LY6G6C	0.0903254104515915
PPAN	0.0903603896856434
MTRF1L	0.0903953797571577
SLC34A2	0.0904303806686528
SERP2	0.0904653924226479
REG3A	0.0905004150216624
PATE3	0.0905354484682162
CEACAM16	0.0905704927648296
C9orf40	0.0906055479140231
R3HDM4	0.0906406139183178
IGFBP1	0.0906756907802351
CCDC80	0.0907107785022968
KIF14	0.0907458770870252
SRBD1	0.0907809865369427
THAP6	0.0908161068545725
SHISA3	0.0908512380424378
BARX1	0.0908863801030624
CD9	0.0909215330389704
TRMT112	0.0909566968526864
LTB4R2	0.0909918715467355
GRHPR	0.0910270571236427
IRF7	0.0910622535859339
RAB18	0.0910974609361352
BPIFB4	0.0911326791767732
SNRPB	0.0911679083103745
ADAL	0.0912031483394666
YRDC	0.0912383992665771
LRRC55	0.0912736610942341
MTPAP	0.091308933824966
KCNJ11	0.0913442174613016
RIPK4	0.0913795120057703
LRRC47	0.0914148174609017
OXCT2	0.0914501338292256
INPP5K	0.0914854611132725
DUSP3	0.0915207993155734
C11orf95	0.0915561484386593
NRGN	0.0915915084850618
C18orf63	0.0916268794573129
RFPL4A	0.091662261357945
COLCA2	0.0916976541894908
CEBPE	0.0917330579544834
TCAF1	0.0917684726554564
ZNF98	0.0918038982949438
NCK1	0.0918393348754798
MRPS10	0.0918747823995992
GAB1	0.0919102408698371
ITGB6	0.0919457102887289
ZNF492	0.0919811906588106
HIPK3	0.0920166819826185
MAN1B1	0.092052184262689
XRN1	0.0920876975015596
RCBTB2	0.0921232217017675
ZFC3H1	0.0921587568658505
NMS	0.0921943029963469
ZAP70	0.0922298600957954
TBC1D30	0.092265428166735
KHDC1L	0.092301007211705
MYO5B	0.0923365972332453
SCGB1D2	0.0923721982338962
CD6	0.0924078102161981
IBSP	0.0924434331826921
PCDHA9	0.0924790671359195
IGFL2	0.0925147120784222
TMEM95	0.0925503680127422
OXLD1	0.0925860349414222
TSNARE1	0.0926217128670049
RARS2	0.0926574017920339
ERICH2	0.0926931017190529
ST3GAL3	0.0927288126506059
TMX1	0.0927645345892374
SFTPD	0.0928002675374925
ZMYND12	0.0928360114979163
NKX3-1	0.0928717664730545
OR4K14	0.0929075324654533
ZNF414	0.0929433094776592
POGLUT1	0.0929790975122189
IL22RA1	0.0930148965716798
PELO	0.0930507066585894
MYO9B	0.093086527775496
DUOX1	0.0931223599249478
CDK12	0.0931582031094937
FXYD3	0.093194057331683
RNF186	0.0932299225940652
TPK1	0.0932657988991905
TMPRSS11F	0.093301686249609
TEDC1	0.0933375846478717
BTNL9	0.0933734940965298
SULT4A1	0.0934094145981349
FAM187A	0.0934453461552388
PTCHD4	0.0934812887703941
ZNF679	0.0935172424461533
HARBI1	0.0935532071850698
FAM19A3	0.0935891829896969
SNX10	0.0936251698625888
PIGL	0.0936611678062997
UMAD1	0.0936971768233844
MPL	0.0937331969163978
GALNT5	0.0937692280878956
HAP1	0.0938052703404337
MTMR7	0.0938413236765684
OSBPL9	0.0938773880988563
C4orf45	0.0939134636098546
FUZ	0.0939495502121207
C9orf84	0.0939856479082125
KLF2	0.0940217567006881
PROB1	0.0940578765921065
LZTS1	0.0940940075850266
HAUS3	0.0941301496820077
PTGDS	0.0941663028856098
CISD1	0.0942024671983931
PDE6D	0.0942386426229182
SCAND1	0.0942748291617461
TMEM92	0.0943110268174382
SSH3	0.0943472355925565
FCGRT	0.094383455489663
TMEM59L	0.0944196865113203
TSPAN32	0.0944559286600914
UGDH	0.0944921819385398
KYNU	0.0945284463492292
RCVRN	0.0945647218947238
ALG1	0.094601008577588
PARP15	0.094637306400387
SLC22A3	0.094673615365686
FAM209A	0.0947099354760508
PYGO2	0.0947462667340474
KCNH3	0.0947826091422426
SNRK	0.0948189627032032
SLC9A4	0.0948553274194965
EMILIN3	0.0948917032936901
PRMT3	0.0949280903283523
GGTLC1	0.0949644885260516
RGS16	0.0950008978893568
CD38	0.0950373184208372
OTUD3	0.0950737501230626
TPGS2	0.0951101929986029
ZNF266	0.0951466470500288
TTC21B	0.0951831122799108
PEX11B	0.0952195886908206
CPSF3	0.0952560762853297
LYPD6B	0.0952925750660101
GCNT1	0.0953290850354342
RASL11A	0.0953656061961749
TMEM52	0.0954021385508056
GPT2	0.0954386821018997
DSTN	0.0954752368520312
NSMAF	0.0955118028037748
RILP	0.0955483799597051
ABCB1	0.0955849683223973
TMEM159	0.0956215678944271
ACSBG2	0.0956581786783705
HSD17B14	0.0956948006768038
RMDN2	0.0957314338923038
TMEM9	0.0957680783274479
CUL7	0.0958047339848134
IQCK	0.0958414008669785
LAX1	0.0958780789765213
FXYD2	0.0959147683160208
NAPG	0.0959514688880561
KLRD1	0.0959881806952067
MGST2	0.0960249037400525
LIPJ	0.0960616380251741
B3GNT3	0.096098383553152
USP13	0.0961351403265674
SLC41A3	0.0961719083480018
SEPT12	0.0962086876200372
NINJ1	0.0962454781452559
CLDN9	0.0962822799262406
TIMELESS	0.0963190929655743
DHODH	0.0963559172658408
GPAA1	0.0963927528296237
B3GNT6	0.0964295996595075
FAM110D	0.0964664577580767
TP53RK	0.0965033271279165
ROGDI	0.0965402077716125
TRMO	0.0965770996917504
RAB19	0.0966140028909165
DCAF17	0.0966509173716975
DBH	0.0966878431366805
METTL24	0.096724780188453
TMEM258	0.0967617285296027
SLC13A2	0.096798688162718
ANGEL1	0.0968356590903875
GPR182	0.0968726413152002
ARHGAP22	0.0969096348397456
MAT2B	0.0969466396666135
C17orf78	0.0969836557983942
PIP5KL1	0.0970206832376783
HIST1H2BJ	0.0970577219870567
XXYLT1	0.097094772049121
SLC11A1	0.0971318334264629
PATE1	0.0971689061216747
TLR1	0.0972059901373488
HOXA1	0.0972430854760785
GNG10	0.0972801921404571
MIA	0.0973173101330784
PRRT2	0.0973544394565364
SLC7A9	0.0973915801134259
SLC1A5	0.0974287321063419
CFAP57	0.0974658954378797
MAP9	0.097503070110635
TMEM217	0.0975402561272041
HYKK	0.0975774534901835
NT5C	0.0976146622021703
QSER1	0.0976518822657616
CYP27A1	0.0976891136835555
PRAM1	0.0977263564581499
TBC1D9B	0.0977636105921435
MOCS3	0.097800876088135
NDUFAF5	0.0978381529487241
KLHL35	0.0978754411765104
HADHB	0.0979127407740939
AES	0.0979500517440752
TACSTD2	0.0979873740890554
FAM172A	0.0980247078116357
EXOSC8	0.0980620529144178
CMKLR1	0.0980994094000038
LYAR	0.0981367772709963
ARL13B	0.0981741565299982
IMMT	0.0982115471796129
RXFP1	0.0982489492224438
ZNF251	0.0982863626610954
TESC	0.098323787498172
STK4	0.0983612237362785
PSMB5	0.0983986713780202
LYL1	0.0984361304260029
SLC25A19	0.0984736008828325
IGFBP4	0.0985110827511157
KIAA1841	0.0985485760334592
HHEX	0.0985860807324704
THAP2	0.098623596850757
ERLEC1	0.0986611243909269
CHST5	0.0986986633555889
EOMES	0.0987362137473516
SELENOS	0.0987737755688243
AMIGO3	0.0988113488226167
ARFGAP1	0.0988489335113389
CBR4	0.0988865296376014
SMIM17	0.098924137204015
HOXC8	0.0989617562131908
SCML4	0.0989993866677408
ABCB6	0.0990370285702768
GLRX2	0.0990746819234114
GALP	0.0991123467297572
PRKAB1	0.0991500229919277
CCDC92	0.0991877107125364
BST2	0.0992254098941975
GZMA	0.0992631205395251
FGFR1OP2	0.0993008426511344
LAMC3	0.0993385762316406
LKAAEAR1	0.0993763212836591
TEN1	0.099414077809806
COA3	0.0994518458126979
SPDYE2	0.0994896252949515
CAV1	0.0995274162591841
CCDC141	0.0995652187080131
CCDC59	0.0996030326440567
TEKT3	0.0996408580699333
FAM71B	0.0996786949882618
PSMG1	0.0997165434016611
HACD2	0.0997544033127512
AIDA	0.0997922747241519
SNAI3	0.0998301576384837
SPC24	0.0998680520583672
KSR1	0.0999059579864239
SOX15	0.0999438754252751
GPR17	0.0999818043775431
ARFIP1	0.10001974484585
PTRH2	0.100057696832819
SDR16C5	0.100095660341073
AIF1	0.100133635373235
HOOK2	0.10017162193193
AC008770.2	0.100209620019783
C5orf49	0.100247629639417
SLCO6A1	0.100285650793458
LIPI	0.100323683484531
RASAL1	0.100361727715263
CDKN3	0.10039978348828
ZNF879	0.100437850806209
NCR2	0.100475929671677
GNG8	0.100514020087311
RECQL5	0.10055212205574
ZYG11A	0.100590235579592
RFC3	0.100628360661495
AMZ2	0.100666497304079
VAMP4	0.100704645509973
PCSK4	0.100742805281808
DDX42	0.100780976622213
NLN	0.10081915953382
SLC30A6	0.10085735401926
ACE	0.100895560081164
FAM129C	0.100933777722164
FNDC11	0.100972006944892
EVA1C	0.101010247751982
TSPAN16	0.101048500146067
NODAL	0.101086764129779
STK32A	0.101125039705754
RBP2	0.101163326876624
C16orf74	0.101201625645027
PANK1	0.101239936013595
C5orf30	0.101278257984965
FAM84B	0.101316591561773
TENT5B	0.101354936746655
TMEM210	0.101393293542248
UTP18	0.10143166195119
ATF1	0.101470041976117
GTF2E1	0.101508433619667
GPR108	0.10154683688448
CMAS	0.101585251773193
FAR1	0.101623678288446
PRICKLE1	0.101662116432878
TGFBRAP1	0.10170056620913
REG4	0.101739027619842
RAB11FIP5	0.101777500667654
DAGLA	0.101815985355208
C10orf99	0.101854481685145
NOL6	0.101892989660107
DIS3	0.101931509282737
DLG1	0.101970040555677
NLRP2	0.102008583481571
C16orf71	0.102047138063061
ZNF79	0.102085704302792
ADGRG1	0.102124282203409
AZI2	0.102162871767556
KLHL17	0.102201472997878
C22orf31	0.10224008589702
UBTD2	0.10227871046763
HRASLS	0.102317346712352
RBP5	0.102355994633834
TMEM202	0.102394654234723
TRIM64C	0.102433325517667
TMEM241	0.102472008485313
AKR1D1	0.10251070314031
CNTD1	0.102549409485307
CNTROB	0.102588127522952
UGT1A7	0.102626857255895
PRR11	0.102665598686787
CRISPLD1	0.102704351818278
KRT8	0.102743116653017
C2orf76	0.102781893193658
LSR	0.10282068144285
C22orf46	0.102859481403246
MRPS23	0.102898293077499
PIGS	0.102937116468261
BUB1B-PAK6	0.102975951578185
DUSP19	0.103014798409926
TXLNB	0.103053656966135
SPERT	0.10309252724947
SUMF1	0.103131409262583
GPD1	0.10317030300813
CWF19L2	0.103209208488767
OR1E2	0.10324812570715
KBTBD3	0.103287054665934
APOLD1	0.103325995367778
SSNA1	0.103364947815337
SPC25	0.10340391201127
IGLL1	0.103442887958235
RAP1GAP	0.103481875658889
IFI27L1	0.103520875115892
SGCA	0.103559886331903
OR52A5	0.103598909309581
CENPT	0.103637944051587
ACOX2	0.10367699056058
IL4	0.103716048839222
HSD3B1	0.103755118890173
AIM2	0.103794200716096
NXPH4	0.103833294319652
PDE3B	0.103872399703504
ZNF799	0.103911516870314
LRRC69	0.103950645822746
ACOT1	0.103989786563463
PCDH18	0.10402893909513
METTL22	0.10406810342041
OPN4	0.104107279541968
GZMK	0.10414646746247
LY96	0.104185667184581
WDR61	0.104224878710967
CXCL17	0.104264102044295
SLC25A15	0.104303337187231
BCKDHA	0.104342584142443
SLC3A2	0.104381842912598
ZNF551	0.104421113500365
ODF3B	0.10446039590841
IFNL1	0.104499690139405
AOC3	0.104538996196017
DDX11	0.104578314080916
CEP126	0.104617643796772
FAM167A	0.104656985346256
COG1	0.104696338732039
MROH7	0.104735703956791
CDHR4	0.104775081023185
ZNF764	0.104814469933892
MYF5	0.104853870691585
ULK3	0.104893283298936
C11orf88	0.104932707758619
NIF3L1	0.104972144073308
OLIG3	0.105011592245676
CCDC81	0.105051052278399
ZNF396	0.10509052417415
GMPR2	0.105130007935605
PCP4	0.10516950356544
TMEM150B	0.10520901106633
CNTRL	0.105248530440953
ANXA1	0.105288061691985
PCGF5	0.105327604822103
OTUD6B	0.105367159833985
CUTC	0.105406726730309
DAG1	0.105446305513754
ZBED8	0.105485896186998
FERMT1	0.10552549875272
WDR63	0.105565113213601
ZFP57	0.10560473957232
UBE2T	0.105644377831558
DIRAS2	0.105684027993996
RGS20	0.105723690062315
LAMC2	0.105763364039197
GRB2	0.105803049927323
TACR3	0.105842747729376
PRPF40B	0.10588245744804
ADAM19	0.105922179085997
POLR3G	0.105961912645932
C6orf201	0.106001658130527
ZNF839	0.106041415542468
GLTPD2	0.10608118488444
SHKBP1	0.106120966159128
TTC36	0.106160759369218
TMEM231	0.106200564517396
CTSW	0.106240381606347
CDC42BPG	0.106280210638761
SLC18A1	0.106320051617322
QTRT2	0.10635990454472
FMOD	0.106399769423643
DBX1	0.106439646256778
NDC80	0.106479535046815
NUDT2	0.106519435796444
KRTDAP	0.106559348508354
CEP152	0.106599273185235
DTD2	0.106639209829777
KLRG1	0.106679158444672
NEURL2	0.106719119032612
SLAMF1	0.106759091596287
AADACL2	0.10679907613839
CEACAM18	0.106839072661614
KCNAB2	0.106879081168651
NDUFC2	0.106919101662195
MRPL42	0.10695913414494
PDCD5	0.106999178619579
TMEM128	0.107039235088809
CLEC5A	0.107079303555322
GOLGA8G	0.107119384021815
GRM8	0.107159476490985
SCYL1	0.107199580965526
GC	0.107239697448135
TEX29	0.10727982594151
GPNMB	0.107319966448348
PEX5	0.107360118971347
XKR9	0.107400283513204
GNGT2	0.107440460076619
RTKN2	0.107480648664291
ECM2	0.107520849278919
POLE2	0.107561061923203
GJA4	0.107601286599842
RABL6	0.107641523311539
C6orf52	0.107681772060994
NEDD9	0.107722032850908
SLC2A2	0.107762305683982
RNASEL	0.107802590562921
ELP4	0.107842887490426
HTR2B	0.107883196469199
SH3TC1	0.107923517501946
SLIT1	0.107963850591369
WDR27	0.108004195740173
GRXCR1	0.108044552951062
KCNJ16	0.108084922226743
ECE2	0.108125303569919
TRMT44	0.108165696983297
MINAR2	0.108206102469584
CEACAM3	0.108246520031486
SULF2	0.10828694967171
BPI	0.108327391392964
CAVIN2	0.108367845197955
TRDMT1	0.108408311089393
ALDH1B1	0.108448789069985
SLC22A24	0.108489279142441
DHRS1	0.108529781309471
ZNF717	0.108570295573784
CENPU	0.10861082193809
EPSTI1	0.108651360405102
NAT10	0.108691910977529
YARS2	0.108732473658083
PC	0.108773048449477
STAC	0.108813635354422
GOLGA8Q	0.108854234375632
SERTAD3	0.108894845515819
SLC46A1	0.108935468777698
JPH2	0.108976104163982
FAM219B	0.109016751677385
MYZAP	0.109057411320623
ATP5MF	0.109098083096411
PABPC3	0.109138767007464
ASIP	0.109179463056499
STPG3	0.109220171246231
KLHDC7B	0.109260891579378
SPTBN5	0.109301624058657
C5orf52	0.109342368686785
PLXNB1	0.109383125466481
S100A7L2	0.109423894400464
KRTAP4-12	0.109464675491451
AUNIP	0.109505468742162
CRB2	0.109546274155318
ST6GAL2	0.109587091733637
POLL	0.109627921479841
SLC31A1	0.10966876339665
CCDC122	0.109709617486786
AGAP5	0.109750483752971
AL669918.1	0.109791362197926
TMEM129	0.109832252824374
FAM13C	0.109873155635038
HACL1	0.109914070632642
DCD	0.109954997819908
PRMT7	0.109995937199562
SLFN11	0.110036888774328
FSHR	0.11007785254693
SLC25A26	0.110118828520094
MYO3B	0.110159816696547
NUDT13	0.110200817079013
PLD1	0.11024182967022
MAP3K19	0.110282854472895
POLR2E	0.110323891489765
OR1K1	0.110364940723558
IFT22	0.110406002177002
ATP13A5	0.110447075852825
C12orf50	0.110488161753757
ATG4D	0.110529259882527
PARP11	0.110570370241866
CHRNA1	0.110611492834502
SLC35B2	0.110652627663167
SLF2	0.110693774730593
PLA2G5	0.110734934039509
NEDD4L	0.110776105592649
EXO5	0.110817289392744
FBXL5	0.110858485442528
ACP2	0.110899693744733
RDH14	0.110940914302092
CLU	0.11098214711734
C11orf71	0.111023392193212
GALNT12	0.111064649532441
TCN1	0.111105919137762
KLK5	0.111147201011912
SIVA1	0.111188495157627
RAB20	0.111229801577642
C1orf100	0.111271120274694
TMEM104	0.111312451251521
TFB2M	0.11135379451086
TPGS1	0.11139515005545
LIPA	0.111436517888027
FAM221A	0.111477898011332
LTN1	0.111519290428103
ZNF100	0.11156069514108
DAPP1	0.111602112153004
RHBDF2	0.111643541466613
CASD1	0.11168498308465
LSM4	0.111726437009856
VAC14	0.111767903244971
CTNS	0.111809381792739
IVNS1ABP	0.111850872655901
CNTF	0.111892375837201
UBE2Q1	0.111933891339382
B3GALNT1	0.111975419165187
ECHDC1	0.11201695931736
MMADHC	0.112058511798646
CSPP1	0.112100076611791
CYP2C8	0.112141653759538
BLVRB	0.112183243244634
SYF2	0.112224845069826
TEX35	0.112266459237858
WDCP	0.11230808575148
AKR7L	0.112349724613437
RPS19BP1	0.112391375826477
CYP2A7	0.112433039393349
GPR161	0.112474715316802
CXCL9	0.112516403599584
NPM3	0.112558104244444
GLDC	0.112599817254133
NAALADL2	0.1126415426314
HGH1	0.112683280378996
DEFB127	0.112725030499673
ACTL7A	0.112766792996181
GJD3	0.112808567871273
MS4A5	0.112850355127701
ALDOB	0.112892154768216
TRAPPC2L	0.112933966795574
MKNK1	0.112975791212525
CUBN	0.113017628021826
ALX3	0.11305947722623
BCHE	0.113101338828491
ZNF562	0.113143212831365
CCR5	0.113185099237607
WDYHV1	0.113226998049974
KRT5	0.113268909271221
COX6A1	0.113310832904105
LRRC70	0.113352768951383
TBCC	0.113394717415814
TMEM88	0.113436678300154
COL17A1	0.113478651607162
EMP2	0.113520637339598
TMEM63A	0.113562635500219
B3GLCT	0.113604646091786
PSTPIP1	0.113646669117059
SDHAF3	0.113688704578798
ANO10	0.113730752479764
C19orf53	0.113772812822719
SYT2	0.113814885610422
VIPR1	0.113856970845638
YEATS4	0.113899068531128
AK1	0.113941178669655
PYURF	0.113983301263983
RGS9BP	0.114025436316874
STAT6	0.114067583831094
MAP3K7CL	0.114109743809406
EFCAB14	0.114151916254576
SAA1	0.114194101169369
RHD	0.11423629855655
COASY	0.114278508418886
ESR2	0.114320730759143
SDF2	0.114362965580089
SPATA24	0.11440521288449
CERS5	0.114447472675114
DDAH2	0.11448974495473
GYPE	0.114532029726105
GPX2	0.11457432699201
SLC25A52	0.114616636755213
CABLES2	0.114658959018485
MRPL10	0.114701293784595
NUTM2F	0.114743641056314
NRSN2	0.114786000836413
LRRC6	0.114828373127664
FAM117A	0.114870757932838
ARL9	0.114913155254708
ADGRE2	0.114955565096046
ACOT4	0.114997987459626
INHBE	0.115040422348221
SLC13A3	0.115082869764604
GATC	0.115125329711551
FZR1	0.115167802191836
MT1F	0.115210287208234
SLC7A14	0.11525278476352
EIF5A2	0.115295294860471
R3HCC1L	0.115337817501863
LAMB4	0.115380352690473
CAPN14	0.115422900429077
KIR2DL3	0.115465460720454
MRRF	0.115508033567382
C12orf54	0.115550618972639
DUSP2	0.115593216939003
ZCCHC17	0.115635827469254
TRAPPC3L	0.115678450566172
CLBA1	0.115721086232536
LRRC74B	0.115763734471128
TTC9	0.115806395284727
TTC9B	0.115849068676116
MRPL1	0.115891754648076
PCP2	0.115934453203389
C5orf58	0.115977164344837
CIAO3	0.116019888075204
TRAPPC9	0.116062624397273
TRNT1	0.116105373313828
QSOX2	0.116148134827652
MRM2	0.116190908941531
TRPV5	0.116233695658249
CDON	0.116276494980592
HP	0.116319306911345
TEX26	0.116362131453296
TMEM69	0.116404968609229
PKIB	0.116447818381933
NOTCH3	0.116490680774194
NLRP7	0.116533555788802
SPDYE4	0.116576443428543
CLIP4	0.116619343696207
PRR27	0.116662256594583
GKN1	0.11670518212646
C16orf86	0.116748120294628
CD1E	0.116791071101877
IGFL3	0.116834034550999
ATP5MC1	0.116877010644783
RABIF	0.116919999386023
CFAP126	0.11696300077751
ALKBH1	0.117006014822036
DAO	0.117049041522393
ZNF774	0.117092080881376
ARMH4	0.117135132901778
GSTO1	0.117178197586392
NMU	0.117221274938014
LSP1	0.117264364959438
CD46	0.117307467653459
FAM131C	0.117350583022873
MDN1	0.117393711070477
CEACAM5	0.117436851799065
PCDH12	0.117480005211437
C18orf54	0.117523171310387
GZMB	0.117566350098716
GLIPR1	0.11760954157922
AGXT	0.117652745754698
SCLT1	0.117695962627949
FAM83B	0.117739192201773
FIBCD1	0.117782434478969
TXNDC11	0.117825689462338
PCID2	0.117868957154679
NAT1	0.117912237558795
GPA33	0.117955530677486
ORC6	0.117998836513554
ASCL3	0.118042155069802
F13B	0.118085486349032
DUSP28	0.118128830354047
MOK	0.118172187087652
KLF17	0.118215556552649
TRPV1	0.118258938751842
MDP1	0.118302333688038
HLA-B	0.11834574136404
ZNF737	0.118389161782655
BCL2A1	0.118432594946688
SLCO5A1	0.118476040858946
NANOS2	0.118519499522235
CCL28	0.118562970939363
RHBDF1	0.118606455113137
FFAR1	0.118649952046366
FAM71F2	0.118693461741857
SYNE3	0.11873698420242
ZNF322	0.118780519430863
JDP2	0.118824067429997
ATP6AP1L	0.118867628202632
SLC25A46	0.118911201751578
METTL7A	0.118954788079645
EEF1E1	0.118998387189646
HTR1A	0.119041999084392
WDR62	0.119085623766695
RARRES2	0.119129261239367
PLPP1	0.119172911505223
TREML2	0.119216574567074
APPL2	0.119260250427735
CCDC155	0.11930393909002
HTN1	0.119347640556744
SETD6	0.119391354830721
ACER1	0.119435081914768
SH3RF2	0.1194788218117
CTNNA1	0.119522574524332
PARVB	0.119566340055483
GNPDA1	0.119610118407968
KDM1A	0.119653909584606
MIPEP	0.119697713588215
CDRT1	0.119741530421612
CSMD2	0.119785360087617
GRPEL2	0.119829202589048
TMEM156	0.119873057928726
MKKS	0.11991692610947
RIN2	0.1199608071341
B3GALT1	0.120004701005438
CRYBA1	0.120048607726304
CNDP1	0.120092527299521
DEXI	0.12013645972791
BFSP2	0.120180405014294
SARS2	0.120224363161495
ABTB1	0.120268334172338
PPP1R3A	0.120312318049645
SNTN	0.12035631479624
IER3	0.120400324414949
LRRC45	0.120444346908597
PTF1A	0.120488382280008
KLHL18	0.120532430532008
C1orf194	0.120576491667424
FTCDNL1	0.120620565689081
SPATS2	0.120664652599809
NUDT14	0.120708752402432
ODF3L1	0.12075286509978
C6orf89	0.120796990694681
ADGRD2	0.120841129189963
LTA	0.120885280588455
FAM135A	0.120929444892988
S100A13	0.12097362210639
DYM	0.121017812231492
UCN3	0.121062015271125
FITM2	0.12110623122812
APOL1	0.121150460105309
MYH15	0.121194701905523
RD3	0.121238956631595
TEKT1	0.121283224286358
PLSCR5	0.121327504872644
EXO1	0.121371798393289
LLPH	0.121416104851125
CDKN2AIPNL	0.121460424248987
DSN1	0.12150475658971
SPATA16	0.121549101876129
NIPSNAP3B	0.12159346011108
ADAMTSL4	0.1216378312974
APOPT1	0.121682215437924
DYNAP	0.121726612535489
ZNF302	0.121771022592933
TMEM139	0.121815445613094
MEP1A	0.12185988159881
C5orf15	0.12190433055292
SELENOO	0.121948792478261
TMPRSS4	0.121993267377675
MAN2B2	0.122037755254001
COX6C	0.122082256110078
SIRPG	0.122126769948749
CUTA	0.122171296772853
HOXD12	0.122215836585232
HTR6	0.122260389388729
SLC35F1	0.122304955186185
ACADS	0.122349533980443
RIN3	0.122394125774347
KIAA1614	0.12243873057074
TMEM222	0.122483348372466
NLRC4	0.12252797918237
FRRS1L	0.122572623003295
METTL27	0.122617279838089
UHRF1BP1L	0.122661949689595
GDPGP1	0.122706632560661
ITGAL	0.122751328454132
CRISP1	0.122796037372856
SLAIN2	0.12284075931968
RORC	0.122885494297451
AURKA	0.122930242309019
ZKSCAN1	0.12297500335723
PLEKHA7	0.123019777444935
RUFY1	0.123064564574983
AKAP8	0.123109364750224
TACR1	0.123154177973507
MYOF	0.123199004247683
RPL18	0.123243843575604
C9orf152	0.123288695960121
MROH5	0.123333561404085
DARS2	0.12337843991035
DDO	0.123423331481767
ABHD11	0.12346823612119
TCAP	0.123513153831473
AC026464.6	0.123558084615469
RFPL1	0.123603028476033
MRPS11	0.12364798541602
KIR3DL3	0.123692955438284
RGPD8	0.123737938545682
TVP23B	0.123782934741069
TRMT10C	0.123827944027302
ANXA13	0.123872966407238
CCDC96	0.123918001883734
AKNAD1	0.123963050459648
CDC42EP3	0.124008112137837
C21orf91	0.124053186921161
LILRB1	0.124098274812478
PRSS3	0.124143375814648
ASRGL1	0.124188489930531
HBM	0.124233617162986
MCOLN3	0.124278757514875
FANCG	0.124323910989057
PKD1L2	0.124369077588396
AOAH	0.124414257315752
PFKFB4	0.124459450173988
UGT2B28	0.124504656165967
KBTBD12	0.124549875294551
CAPN2	0.124595107562605
CRISP2	0.124640352972992
TLCD2	0.124685611528576
C19orf25	0.124730883232223
OR52W1	0.124776168086797
TTC33	0.124821466095165
PRB1	0.124866777260191
CPSF4L	0.124912101584743
UCMA	0.124957439071687
QDPR	0.125002789723892
APH1B	0.125048153544223
AADACL3	0.12509353053555
ACY1	0.125138920700741
PPP2R3A	0.125184324042665
REN	0.125229740564192
CKM	0.12527517026819
PPP1R1C	0.125320613157531
ZSCAN9	0.125366069235084
PTGR2	0.125411538503722
SGK494	0.125457020966314
THAP3	0.125502516625734
PPY	0.125548025484854
UGT2B11	0.125593547546546
PUS10	0.125639082813683
OIP5	0.125684631289138
RTBDN	0.125730192975787
MRPL52	0.125775767876502
CATSPER3	0.12582135599416
BBS2	0.125866957331634
A3GALT2	0.125912571891801
SERPIND1	0.125958199677537
PPDPFL	0.126003840691718
CCDC14	0.126049494937221
INKA2	0.126095162416924
PCDHB13	0.126140843133703
MYADML2	0.126186537090437
CPLX4	0.126232244290005
PNMT	0.126277964735286
SHARPIN	0.126323698429159
NDUFB8	0.126369445374503
SGCG	0.126415205574199
MUC19	0.126460979031128
ACOXL	0.12650676574817
GAST	0.126552565728208
CLGN	0.126598378974122
ZNF222	0.126644205488795
CLC	0.126690045275111
MRPL35	0.126735898335951
GDF3	0.1267817646742
SLFNL1	0.126827644292741
TGDS	0.12687353719446
DOK2	0.12691944338224
LGALS7	0.126965362858967
TMOD4	0.127011295627526
AIFM2	0.127057241690804
TRIM73	0.127103201051688
TAAR6	0.127149173713063
CCL2	0.127195159677817
CNIH4	0.127241158948838
CYP2W1	0.127287171529015
SELENOK	0.127333197421235
ACAT1	0.127379236628387
FASTK	0.127425289153362
SPESP1	0.127471354999049
MTNR1A	0.127517434168337
RAD9A	0.127563526664118
SLC7A8	0.127609632489283
PROM1	0.127655751646724
TMEM106A	0.127701884139331
EMILIN2	0.127748029969998
GAL	0.127794189141617
ZNF75A	0.127840361657082
CNPPD1	0.127886547519285
SEZ6L	0.127932746731122
CCL11	0.127978959295485
ZNF416	0.128025185215271
ASAP3	0.128071424493375
IQGAP2	0.128117677132691
TSSC4	0.128163943136117
LRRC34	0.128210222506548
SPDYE3	0.128256515246882
UACA	0.128302821360016
MCM7	0.128349140848848
CX3CR1	0.128395473716276
KCNK18	0.128441819965198
FAM228B	0.128488179598513
VAMP5	0.128534552619122
ZBP1	0.128580939029923
SEC14L6	0.128627338833818
CCDC38	0.128673752033706
ZNF461	0.128720178632489
CD55	0.128766618633069
CLRN1	0.128813072038347
ATOX1	0.128859538851226
TEDDM1	0.128906019074608
NEFH	0.128952512711397
SLC7A13	0.128999019764496
FBXW9	0.12904554023681
WBP4	0.129092074131243
MMEL1	0.129138621450699
STRIP2	0.129185182198085
BOK	0.129231756376305
NIT2	0.129278343988267
FSCN3	0.129324945036876
CDC42EP1	0.129371559525039
CALML6	0.129418187455664
SMPD1	0.129464828831659
COMMD8	0.129511483655932
ROM1	0.129558151931391
SEMG1	0.129604833660947
SLC5A5	0.129651528847507
TMC8	0.129698237493982
GGA3	0.129744959603283
RWDD3	0.129791695178321
CNRIP1	0.129838444222005
CDR2	0.129885206737249
CEND1	0.129931982726963
IGSF23	0.129978772194061
ZNF254	0.130025575141455
IFI27	0.130072391572059
OR52D1	0.130119221488786
IFI16	0.130166064894551
SMR3B	0.130212921792267
BPIFA3	0.13025979218485
TREML4	0.130306676075216
LARGE2	0.130353573466279
LACRT	0.130400484360957
APOA5	0.130447408762165
MSR1	0.130494346672822
C11orf94	0.130541298095844
PSORS1C2	0.13058826303415
CYB5RL	0.130635241490657
NPIPB2	0.130682233468284
KCNK6	0.130729238969951
C16orf96	0.130776257998577
CEBPZOS	0.130823290557082
OR6N1	0.130870336648387
OR5C1	0.130917396275412
ART5	0.130964469441079
MITD1	0.131011556148309
MRPS33	0.131058656400024
CDCA2	0.131105770199148
MGST1	0.131152897548602
FAM228A	0.131200038451311
AGL	0.131247192910197
RNASE9	0.131294360928186
COL28A1	0.131341542508202
MRPS35	0.131388737653169
CDK5RAP3	0.131435946366014
NDUFAF7	0.131483168649663
RESP18	0.13153040450704
KRTAP17-1	0.131577653941074
CCL8	0.131624916954692
GNRH1	0.13167219355082
TIGIT	0.131719483732388
IMPDH1	0.131766787502323
OSBP2	0.131814104863554
MARK1	0.131861435819011
ROPN1L	0.131908780371623
SUN3	0.13195613852432
KANK3	0.132003510280033
ARHGAP19	0.132050895641692
MAJIN	0.13209829461223
OR5J2	0.132145707194577
MPV17L	0.132193133391667
USP45	0.132240573206431
PCBD2	0.132288026641803
SKA2	0.132335493700717
PKP2	0.132382974386105
HSD17B8	0.132430468700903
TMEM176B	0.132477976648045
OR2F1	0.132525498230466
UGT1A10	0.132573033451102
CPO	0.132620582312889
CIB2	0.132668144818763
LGALS16	0.132715720971661
ZNF714	0.132763310774521
CYP3A43	0.13281091423028
ASB13	0.132858531341875
TMIGD3	0.132906162112247
KCTD6	0.132953806544333
OR5H6	0.133001464641073
ABCA13	0.133049136405407
UPK1B	0.133096821840275
C22orf39	0.133144520948617
NIM1K	0.133192233733375
CAPN5	0.133239960197491
CD83	0.133287700343905
OGFOD2	0.133335454175561
UNC5C	0.1333832216954
ESYT1	0.133431002906367
ZDHHC13	0.133478797811405
SCARB1	0.133526606413458
FMNL3	0.13357442871547
SNX31	0.133622264720386
ART4	0.133670114431152
PRRC2C	0.133717977850713
THRA	0.133765854982015
POLD4	0.133813745828005
TM4SF1	0.133861650391629
GCA	0.133909568675836
PTCRA	0.133957500683573
CDC73	0.134005446417788
CCDC146	0.134053405881429
OR5H1	0.134101379077447
TMPRSS7	0.13414936600879
TOGARAM2	0.134197366678408
PRR34	0.134245381089252
OR11H1	0.134293409244273
ATP5IF1	0.134341451146421
C4orf46	0.134389506798648
CLCNKA	0.134437576203906
FRAT2	0.134485659365149
MRI1	0.134533756285328
C1orf68	0.134581866967396
TBC1D26	0.134629991414309
HMGXB3	0.134678129629019
CCDC3	0.134726281614482
OTOS	0.134774447373652
TNFRSF6B	0.134822626909484
CABP5	0.134870820224936
WIF1	0.134919027322962
VILL	0.134967248206519
MIF	0.135015482878566
ADPRM	0.135063731342058
KCTD14	0.135111993599955
TRIM6	0.135160269655214
UCK1	0.135208559510795
INSL5	0.135256863169656
ROS1	0.135305180634757
PUS3	0.135353511909059
DEPDC7	0.135401856995521
ZNF728	0.135450215897105
RPUSD3	0.135498588616772
TRMT11	0.135546975157484
RNASE1	0.135595375522203
PEAK3	0.135643789713891
AIRE	0.135692217735512
DRICH1	0.135740659590029
VWDE	0.135789115280406
POLN	0.135837584809607
CDRT4	0.135886068180597
REC114	0.135934565396341
COX16	0.135983076459805
B4GALT7	0.136031601373955
IFITM1	0.136080140141757
SPO11	0.136128692766178
ALDH9A1	0.136177259250185
AC135068.1	0.136225839596746
HIST1H2AG	0.136274433808829
TNFAIP8L3	0.136323041889402
CDT1	0.136371663841435
GDPD5	0.136420299667898
MRAP	0.136468949371758
RFXANK	0.136517612955988
SLC27A6	0.136566290423558
TNP2	0.136614981777438
DUT	0.136663687020601
KIR3DL1	0.136712406156017
PXDC1	0.136761139186661
AACSP1	0.408022266100567
AADAC	0.408022266100567
AADACL4	0.408022266100567
AARSD1	0.408022266100567
ABCA11P	0.408022266100567
ABCA17P	0.408022266100567
ABCA4	0.408022266100567
ABCA5	0.408022266100567
ABCA6	0.408022266100567
ABCA9	0.408022266100567
ABCC13	0.408022266100567
ABCC6P1	0.408022266100567
ABCC6P2	0.408022266100567
ABCD1P2	0.408022266100567
ABCD1P4	0.408022266100567
ABCD1P5	0.408022266100567
ABCF2	0.408022266100567
ABHD1	0.408022266100567
ABHD10	0.408022266100567
ABHD12	0.408022266100567
ABHD12B	0.408022266100567
ABHD13	0.408022266100567
ABHD14A-ACY1	0.408022266100567
ABHD18	0.408022266100567
ABI3BP	0.408022266100567
ABO	0.408022266100567
ABRA	0.408022266100567
ABRAXAS1	0.408022266100567
AC000041.1	0.408022266100567
AC000095.1	0.408022266100567
AC000120.2	0.408022266100567
AC002428.1	0.408022266100567
AC002472.4	0.408022266100567
AC002486.2	0.408022266100567
AC002519.1	0.408022266100567
AC003002.2	0.408022266100567
AC004080.3	0.408022266100567
AC004129.2	0.408022266100567
AC004147.2	0.408022266100567
AC004233.2	0.408022266100567
AC004381.2	0.408022266100567
AC004551.1	0.408022266100567
AC004593.3	0.408022266100567
AC004706.1	0.408022266100567
AC004754.1	0.408022266100567
AC004801.4	0.408022266100567
AC004837.3	0.408022266100567
AC004890.2	0.408022266100567
AC004899.1	0.408022266100567
AC004922.1	0.408022266100567
AC004951.3	0.408022266100567
AC004967.1	0.408022266100567
AC004980.1	0.408022266100567
AC005008.2	0.408022266100567
AC005154.5	0.408022266100567
AC005165.1	0.408022266100567
AC005301.1	0.408022266100567
AC005551.1	0.408022266100567
AC005632.1	0.408022266100567
AC005670.2	0.408022266100567
AC005697.1	0.408022266100567
AC005702.1	0.408022266100567
AC005726.1	0.408022266100567
AC005758.1	0.408022266100567
AC005775.1	0.408022266100567
AC005863.1	0.408022266100567
AC005865.1	0.408022266100567
AC006001.3	0.408022266100567
AC006059.2	0.408022266100567
AC006262.4	0.408022266100567
AC006288.1	0.408022266100567
AC006305.1	0.408022266100567
AC006372.4	0.408022266100567
AC006378.1	0.408022266100567
AC006445.1	0.408022266100567
AC006453.4	0.408022266100567
AC006504.5	0.408022266100567
AC006509.2	0.408022266100567
AC006511.2	0.408022266100567
AC006518.7	0.408022266100567
AC006538.2	0.408022266100567
AC006557.2	0.408022266100567
AC007000.3	0.408022266100567
AC007040.2	0.408022266100567
AC007218.1	0.408022266100567
AC007225.1	0.408022266100567
AC007238.1	0.408022266100567
AC007249.1	0.408022266100567
AC007318.1	0.408022266100567
AC007319.1	0.408022266100567
AC007342.3	0.408022266100567
AC007389.1	0.408022266100567
AC007391.1	0.408022266100567
AC007405.3	0.408022266100567
AC007536.1	0.408022266100567
AC007557.3	0.408022266100567
AC007663.1	0.408022266100567
AC007792.1	0.408022266100567
AC007846.2	0.408022266100567
AC007906.2	0.408022266100567
AC007907.1	0.408022266100567
AC007952.2	0.408022266100567
AC007993.3	0.408022266100567
AC007998.2	0.408022266100567
AC008060.1	0.408022266100567
AC008069.1	0.408022266100567
AC008080.1	0.408022266100567
AC008132.1	0.408022266100567
AC008267.2	0.408022266100567
AC008267.3	0.408022266100567
AC008397.1	0.408022266100567
AC008443.3	0.408022266100567
AC008543.1	0.408022266100567
AC008554.1	0.408022266100567
AC008555.2	0.408022266100567
AC008592.4	0.408022266100567
AC008619.1	0.408022266100567
AC008676.3	0.408022266100567
AC008687.4	0.408022266100567
AC008694.1	0.408022266100567
AC008740.1	0.408022266100567
AC008752.3	0.408022266100567
AC008758.1	0.408022266100567
AC008758.4	0.408022266100567
AC008759.1	0.408022266100567
AC008763.3	0.408022266100567
AC008805.1	0.408022266100567
AC008840.1	0.408022266100567
AC008878.1	0.408022266100567
AC008878.3	0.408022266100567
AC009041.3	0.408022266100567
AC009053.1	0.408022266100567
AC009055.1	0.408022266100567
AC009086.1	0.408022266100567
AC009093.3	0.408022266100567
AC009094.1	0.408022266100567
AC009102.2	0.408022266100567
AC009119.2	0.408022266100567
AC009126.1	0.408022266100567
AC009139.2	0.408022266100567
AC009264.1	0.408022266100567
AC009403.2	0.408022266100567
AC009518.2	0.408022266100567
AC009533.1	0.408022266100567
AC009686.1	0.408022266100567
AC010136.1	0.408022266100567
AC010186.1	0.408022266100567
AC010186.3	0.408022266100567
AC010198.2	0.408022266100567
AC010203.1	0.408022266100567
AC010255.3	0.408022266100567
AC010325.1	0.408022266100567
AC010329.2	0.408022266100567
AC010468.3	0.408022266100567
AC010487.3	0.408022266100567
AC010522.1	0.408022266100567
AC010542.3	0.408022266100567
AC010547.2	0.408022266100567
AC010624.2	0.408022266100567
AC010894.3	0.408022266100567
AC011005.1	0.408022266100567
AC011195.2	0.408022266100567
AC011294.1	0.408022266100567
AC011330.1	0.408022266100567
AC011410.1	0.408022266100567
AC011431.1	0.408022266100567
AC011447.1	0.408022266100567
AC011447.2	0.408022266100567
AC011447.3	0.408022266100567
AC011448.1	0.408022266100567
AC011467.1	0.408022266100567
AC011475.1	0.408022266100567
AC011479.1	0.408022266100567
AC011487.2	0.408022266100567
AC011499.1	0.408022266100567
AC011503.1	0.408022266100567
AC011525.1	0.408022266100567
AC011530.1	0.408022266100567
AC011773.3	0.408022266100567
AC011921.1	0.408022266100567
AC012065.1	0.408022266100567
AC012236.1	0.408022266100567
AC012464.1	0.408022266100567
AC012476.1	0.408022266100567
AC012485.1	0.408022266100567
AC012560.1	0.408022266100567
AC012618.3	0.408022266100567
AC013271.1	0.408022266100567
AC013470.2	0.408022266100567
AC013717.1	0.408022266100567
AC015688.3	0.408022266100567
AC015802.6	0.408022266100567
AC015818.1	0.408022266100567
AC015909.4	0.408022266100567
AC015910.1	0.408022266100567
AC016205.1	0.408022266100567
AC016304.1	0.408022266100567
AC016582.2	0.408022266100567
AC016582.3	0.408022266100567
AC016700.1	0.408022266100567
AC016705.2	0.408022266100567
AC016722.1	0.408022266100567
AC016747.4	0.408022266100567
AC017002.5	0.408022266100567
AC017007.5	0.408022266100567
AC017083.3	0.408022266100567
AC018462.1	0.408022266100567
AC018630.2	0.408022266100567
AC018688.1	0.408022266100567
AC018695.1	0.408022266100567
AC018709.1	0.408022266100567
AC018755.3	0.408022266100567
AC018816.1	0.408022266100567
AC018892.1	0.408022266100567
AC019068.1	0.408022266100567
AC019178.1	0.408022266100567
AC019294.1	0.408022266100567
AC019294.3	0.408022266100567
AC020633.1	0.408022266100567
AC020637.1	0.408022266100567
AC020907.6	0.408022266100567
AC021066.2	0.408022266100567
AC021072.1	0.408022266100567
AC021097.2	0.408022266100567
AC021146.1	0.408022266100567
AC021146.10	0.408022266100567
AC021218.1	0.408022266100567
AC021660.3	0.408022266100567
AC021723.1	0.408022266100567
AC022150.4	0.408022266100567
AC022167.5	0.408022266100567
AC022182.2	0.408022266100567
AC022217.2	0.408022266100567
AC022335.1	0.408022266100567
AC022336.2	0.408022266100567
AC022364.1	0.408022266100567
AC022390.1	0.408022266100567
AC022400.3	0.408022266100567
AC022414.1	0.408022266100567
AC022506.1	0.408022266100567
AC022509.2	0.408022266100567
AC022517.1	0.408022266100567
AC022748.2	0.408022266100567
AC022826.2	0.408022266100567
AC022905.1	0.408022266100567
AC023424.2	0.408022266100567
AC023469.1	0.408022266100567
AC023590.1	0.408022266100567
AC023794.1	0.408022266100567
AC024405.1	0.408022266100567
AC024592.3	0.408022266100567
AC024651.2	0.408022266100567
AC024940.1	0.408022266100567
AC025048.4	0.408022266100567
AC025048.6	0.408022266100567
AC025165.3	0.408022266100567
AC025252.2	0.408022266100567
AC025262.1	0.408022266100567
AC025278.1	0.408022266100567
AC025278.3	0.408022266100567
AC025279.2	0.408022266100567
AC025287.4	0.408022266100567
AC025445.1	0.408022266100567
AC025470.2	0.408022266100567
AC025574.1	0.408022266100567
AC025575.2	0.408022266100567
AC025580.2	0.408022266100567
AC025588.1	0.408022266100567
AC025884.3	0.408022266100567
AC026271.4	0.408022266100567
AC026310.2	0.408022266100567
AC026316.5	0.408022266100567
AC026410.1	0.408022266100567
AC026412.1	0.408022266100567
AC026458.2	0.408022266100567
AC026461.4	0.408022266100567
AC026746.1	0.408022266100567
AC026784.1	0.408022266100567
AC026786.1	0.408022266100567
AC027369.5	0.408022266100567
AC027559.1	0.408022266100567
AC027612.2	0.408022266100567
AC027807.1	0.408022266100567
AC034198.1	0.408022266100567
AC034244.2	0.408022266100567
AC037459.1	0.408022266100567
AC048334.1	0.408022266100567
AC053481.2	0.408022266100567
AC053481.3	0.408022266100567
AC055736.1	0.408022266100567
AC055872.1	0.408022266100567
AC055876.1	0.408022266100567
AC058822.1	0.408022266100567
AC061975.1	0.408022266100567
AC061975.6	0.408022266100567
AC062028.1	0.408022266100567
AC063924.1	0.408022266100567
AC063977.6	0.408022266100567
AC064805.2	0.408022266100567
AC064862.3	0.408022266100567
AC067752.1	0.408022266100567
AC068134.3	0.408022266100567
AC068446.3	0.408022266100567
AC068473.1	0.408022266100567
AC068481.1	0.408022266100567
AC068533.2	0.408022266100567
AC068538.1	0.408022266100567
AC068580.4	0.408022266100567
AC068587.7	0.408022266100567
AC068631.2	0.408022266100567
AC068633.1	0.408022266100567
AC068643.2	0.408022266100567
AC068775.1	0.408022266100567
AC068790.8	0.408022266100567
AC068831.2	0.408022266100567
AC068987.5	0.408022266100567
AC069240.1	0.408022266100567
AC069287.3	0.408022266100567
AC072022.1	0.408022266100567
AC073111.3	0.408022266100567
AC073111.5	0.408022266100567
AC073136.1	0.408022266100567
AC073254.1	0.408022266100567
AC073310.1	0.408022266100567
AC073316.1	0.408022266100567
AC073343.1	0.408022266100567
AC073348.1	0.408022266100567
AC073349.1	0.408022266100567
AC073349.3	0.408022266100567
AC073530.1	0.408022266100567
AC073610.3	0.408022266100567
AC073648.1	0.408022266100567
AC073869.1	0.408022266100567
AC073869.2	0.408022266100567
AC073896.1	0.408022266100567
AC074043.1	0.408022266100567
AC074051.5	0.408022266100567
AC074085.2	0.408022266100567
AC074135.1	0.408022266100567
AC074386.1	0.408022266100567
AC078880.2	0.408022266100567
AC078881.1	0.408022266100567
AC078899.1	0.408022266100567
AC078899.3	0.408022266100567
AC078899.4	0.408022266100567
AC078899.5	0.408022266100567
AC078962.2	0.408022266100567
AC079174.2	0.408022266100567
AC079298.2	0.408022266100567
AC079298.3	0.408022266100567
AC079385.1	0.408022266100567
AC079395.2	0.408022266100567
AC079610.1	0.408022266100567
AC079612.1	0.408022266100567
AC079776.1	0.408022266100567
AC079781.5	0.408022266100567
AC079804.1	0.408022266100567
AC079848.1	0.408022266100567
AC079921.1	0.408022266100567
AC083800.1	0.408022266100567
AC083864.1	0.408022266100567
AC083899.1	0.408022266100567
AC083982.1	0.408022266100567
AC084121.13	0.408022266100567
AC084121.9	0.408022266100567
AC084357.2	0.408022266100567
AC084879.1	0.408022266100567
AC084880.2	0.408022266100567
AC087482.1	0.408022266100567
AC087491.1	0.408022266100567
AC087498.1	0.408022266100567
AC087499.2	0.408022266100567
AC087521.3	0.408022266100567
AC087575.1	0.408022266100567
AC090099.1	0.408022266100567
AC090099.4	0.408022266100567
AC090114.3	0.408022266100567
AC090150.2	0.408022266100567
AC090151.1	0.408022266100567
AC090155.1	0.408022266100567
AC090192.2	0.408022266100567
AC090377.1	0.408022266100567
AC090458.1	0.408022266100567
AC090517.4	0.408022266100567
AC090527.2	0.408022266100567
AC090541.1	0.408022266100567
AC090568.1	0.408022266100567
AC090615.1	0.408022266100567
AC090616.1	0.408022266100567
AC090616.2	0.408022266100567
AC090616.3	0.408022266100567
AC090673.2	0.408022266100567
AC090825.1	0.408022266100567
AC090971.3	0.408022266100567
AC091045.1	0.408022266100567
AC091057.6	0.408022266100567
AC091076.1	0.408022266100567
AC091163.2	0.408022266100567
AC091167.6	0.408022266100567
AC091304.1	0.408022266100567
AC091390.1	0.408022266100567
AC091685.1	0.408022266100567
AC091812.1	0.408022266100567
AC091820.2	0.408022266100567
AC091874.1	0.408022266100567
AC091948.1	0.408022266100567
AC091951.1	0.408022266100567
AC091951.2	0.408022266100567
AC091959.3	0.408022266100567
AC092070.2	0.408022266100567
AC092071.1	0.408022266100567
AC092111.3	0.408022266100567
AC092118.1	0.408022266100567
AC092143.1	0.408022266100567
AC092175.1	0.408022266100567
AC092378.1	0.408022266100567
AC092422.1	0.408022266100567
AC092442.1	0.408022266100567
AC092574.2	0.408022266100567
AC092587.1	0.408022266100567
AC092634.1	0.408022266100567
AC092647.5	0.408022266100567
AC092651.1	0.408022266100567
AC092656.1	0.408022266100567
AC092675.1	0.408022266100567
AC092687.1	0.408022266100567
AC092718.3	0.408022266100567
AC092718.8	0.408022266100567
AC092747.1	0.408022266100567
AC092747.2	0.408022266100567
AC092821.2	0.408022266100567
AC092835.1	0.408022266100567
AC092978.1	0.408022266100567
AC093162.2	0.408022266100567
AC093323.1	0.408022266100567
AC093330.1	0.408022266100567
AC093512.2	0.408022266100567
AC093616.1	0.408022266100567
AC093668.1	0.408022266100567
AC093668.2	0.408022266100567
AC093668.3	0.408022266100567
AC093720.1	0.408022266100567
AC093724.1	0.408022266100567
AC093752.1	0.408022266100567
AC093752.2	0.408022266100567
AC093802.1	0.408022266100567
AC093826.1	0.408022266100567
AC093827.5	0.408022266100567
AC093829.1	0.408022266100567
AC093909.3	0.408022266100567
AC095038.1	0.408022266100567
AC096677.3	0.408022266100567
AC096736.2	0.408022266100567
AC096888.1	0.408022266100567
AC097374.1	0.408022266100567
AC097374.2	0.408022266100567
AC097518.1	0.408022266100567
AC098583.2	0.408022266100567
AC098591.1	0.408022266100567
AC098650.1	0.408022266100567
AC098824.1	0.408022266100567
AC098934.1	0.408022266100567
AC098976.1	0.408022266100567
AC099522.1	0.408022266100567
AC099552.1	0.408022266100567
AC099654.2	0.408022266100567
AC099782.2	0.408022266100567
AC100756.3	0.408022266100567
AC100826.1	0.408022266100567
AC100827.2	0.408022266100567
AC100858.1	0.408022266100567
AC102945.2	0.408022266100567
AC103563.3	0.408022266100567
AC103564.2	0.408022266100567
AC103796.1	0.408022266100567
AC103810.4	0.408022266100567
AC103993.1	0.408022266100567
AC103996.1	0.408022266100567
AC104211.1	0.408022266100567
AC104472.1	0.408022266100567
AC104667.1	0.408022266100567
AC104758.1	0.408022266100567
AC104758.2	0.408022266100567
AC104758.3	0.408022266100567
AC104843.1	0.408022266100567
AC105277.1	0.408022266100567
AC105460.2	0.408022266100567
AC105942.1	0.408022266100567
AC106038.2	0.408022266100567
AC106707.1	0.408022266100567
AC106774.4	0.408022266100567
AC106795.1	0.408022266100567
AC106795.2	0.408022266100567
AC107023.1	0.408022266100567
AC107401.1	0.408022266100567
AC107918.4	0.408022266100567
AC107926.1	0.408022266100567
AC107959.5	0.408022266100567
AC107976.1	0.408022266100567
AC107990.1	0.408022266100567
AC108073.1	0.408022266100567
AC108078.3	0.408022266100567
AC108103.1	0.408022266100567
AC108488.2	0.408022266100567
AC108729.3	0.408022266100567
AC108751.3	0.408022266100567
AC109361.1	0.408022266100567
AC109466.1	0.408022266100567
AC109588.1	0.408022266100567
AC109635.1	0.408022266100567
AC109635.2	0.408022266100567
AC109635.3	0.408022266100567
AC109635.5	0.408022266100567
AC109780.1	0.408022266100567
AC110023.1	0.408022266100567
AC110079.1	0.408022266100567
AC110285.1	0.408022266100567
AC110285.2	0.408022266100567
AC110998.1	0.408022266100567
AC111152.2	0.408022266100567
AC111188.1	0.408022266100567
AC111200.1	0.408022266100567
AC112198.3	0.408022266100567
AC112484.1	0.408022266100567
AC112693.2	0.408022266100567
AC112693.3	0.408022266100567
AC112715.1	0.408022266100567
AC112721.1	0.408022266100567
AC113174.1	0.408022266100567
AC113385.3	0.408022266100567
AC113607.1	0.408022266100567
AC114490.3	0.408022266100567
AC114741.1	0.408022266100567
AC114755.5	0.408022266100567
AC114786.1	0.408022266100567
AC115220.1	0.408022266100567
AC115837.2	0.408022266100567
AC116366.3	0.408022266100567
AC116655.1	0.408022266100567
AC116903.1	0.408022266100567
AC117392.1	0.408022266100567
AC117402.1	0.408022266100567
AC118470.1	0.408022266100567
AC118758.3	0.408022266100567
AC118942.1	0.408022266100567
AC119396.1	0.408022266100567
AC119674.2	0.408022266100567
AC119676.1	0.408022266100567
AC120036.1	0.408022266100567
AC121161.1	0.408022266100567
AC122108.1	0.408022266100567
AC122719.2	0.408022266100567
AC123788.1	0.408022266100567
AC123912.1	0.408022266100567
AC123912.3	0.408022266100567
AC124067.2	0.408022266100567
AC124067.3	0.408022266100567
AC124276.2	0.408022266100567
AC125421.1	0.408022266100567
AC126177.6	0.408022266100567
AC126323.1	0.408022266100567
AC126474.2	0.408022266100567
AC126603.1	0.408022266100567
AC126755.1	0.408022266100567
AC127024.2	0.408022266100567
AC129510.1	0.408022266100567
AC131055.2	0.408022266100567
AC131097.2	0.408022266100567
AC131280.1	0.408022266100567
AC132008.2	0.408022266100567
AC132807.2	0.408022266100567
AC133065.1	0.408022266100567
AC133561.1	0.408022266100567
AC133785.1	0.408022266100567
AC134312.1	0.408022266100567
AC134684.8	0.408022266100567
AC134684.9	0.408022266100567
AC135068.2	0.408022266100567
AC135068.3	0.408022266100567
AC135782.1	0.408022266100567
AC136428.1	0.408022266100567
AC136428.4	0.408022266100567
AC136604.1	0.408022266100567
AC136628.2	0.408022266100567
AC136632.1	0.408022266100567
AC136759.1	0.408022266100567
AC136777.1	0.408022266100567
AC136777.2	0.408022266100567
AC137767.1	0.408022266100567
AC137800.2	0.408022266100567
AC138207.6	0.408022266100567
AC138207.8	0.408022266100567
AC138466.5	0.408022266100567
AC138647.1	0.408022266100567
AC138649.4	0.408022266100567
AC138811.2	0.408022266100567
AC138932.1	0.408022266100567
AC138969.2	0.408022266100567
AC139453.2	0.408022266100567
AC139491.1	0.408022266100567
AC139491.2	0.408022266100567
AC139493.2	0.408022266100567
AC139530.2	0.408022266100567
AC139769.1	0.408022266100567
AC139795.1	0.408022266100567
AC140125.2	0.408022266100567
AC141273.1	0.408022266100567
AC141557.1	0.408022266100567
AC142086.6	0.408022266100567
AC142381.1	0.408022266100567
AC142381.3	0.408022266100567
AC142381.4	0.408022266100567
AC142384.1	0.408022266100567
AC144573.1	0.408022266100567
AC145350.2	0.408022266100567
AC147055.1	0.408022266100567
AC187653.1	0.408022266100567
AC215522.2	0.408022266100567
AC226119.2	0.408022266100567
AC233723.1	0.408022266100567
AC239798.2	0.408022266100567
AC239800.2	0.408022266100567
AC239859.1	0.408022266100567
AC239860.1	0.408022266100567
AC241584.2	0.408022266100567
AC241952.1	0.408022266100567
AC242426.1	0.408022266100567
AC242426.2	0.408022266100567
AC243725.1	0.408022266100567
AC244033.1	0.408022266100567
AC244100.1	0.408022266100567
AC244154.1	0.408022266100567
AC244258.1	0.408022266100567
AC244394.1	0.408022266100567
AC244517.10	0.408022266100567
AC245033.1	0.408022266100567
AC245036.4	0.408022266100567
AC245100.2	0.408022266100567
AC245128.1	0.408022266100567
AC245128.2	0.408022266100567
AC245297.1	0.408022266100567
AC245748.1	0.408022266100567
AC245884.5	0.408022266100567
AC253536.7	0.408022266100567
ACACB	0.408022266100567
ACAP2	0.408022266100567
ACBD6	0.408022266100567
ACBD7	0.408022266100567
ACCSL	0.408022266100567
ACD	0.408022266100567
ACE3P	0.408022266100567
ACKR1	0.408022266100567
ACKR2	0.408022266100567
ACO1	0.408022266100567
ACOT13	0.408022266100567
ACOT2	0.408022266100567
ACP5	0.408022266100567
ACRBP	0.408022266100567
ACSF3	0.408022266100567
ACSL5	0.408022266100567
ACSM2B	0.408022266100567
ACSM4	0.408022266100567
ACSM5P1	0.408022266100567
ACTL10	0.408022266100567
ACTL6B	0.408022266100567
ACTR10	0.408022266100567
ACTR1A	0.408022266100567
ACTRT2	0.408022266100567
ACTRT3	0.408022266100567
ACY3	0.408022266100567
ADA2	0.408022266100567
ADAM11	0.408022266100567
ADAM15	0.408022266100567
ADAM2	0.408022266100567
ADAM20	0.408022266100567
ADAM21	0.408022266100567
ADAM21P1	0.408022266100567
ADAM3A	0.408022266100567
ADAMTS17	0.408022266100567
ADAMTS20	0.408022266100567
ADAMTS7P1	0.408022266100567
ADAMTS7P3	0.408022266100567
ADAMTS7P4	0.408022266100567
ADAMTSL5	0.408022266100567
ADAP2	0.408022266100567
ADAT1	0.408022266100567
ADAT3	0.408022266100567
ADCK1	0.408022266100567
ADCY10P1	0.408022266100567
ADCY7	0.408022266100567
ADCYAP1R1	0.408022266100567
ADGRA1	0.408022266100567
ADGRA1-AS1	0.408022266100567
ADGRE3	0.408022266100567
ADGRE4P	0.408022266100567
ADGRF2	0.408022266100567
ADGRF3	0.408022266100567
ADGRF5	0.408022266100567
ADGRG3	0.408022266100567
ADGRG5	0.408022266100567
ADGRL3	0.408022266100567
ADGRV1	0.408022266100567
ADH1A	0.408022266100567
ADH4	0.408022266100567
ADH7	0.408022266100567
ADHFE1	0.408022266100567
ADI1	0.408022266100567
ADIG	0.408022266100567
ADIRF	0.408022266100567
ADM	0.408022266100567
ADORA3	0.408022266100567
ADRA2B	0.408022266100567
ADSSL1	0.408022266100567
AEN	0.408022266100567
AF038458.2	0.408022266100567
AF121898.1	0.408022266100567
AF186192.2	0.408022266100567
AFG1L	0.408022266100567
AFG3L1P	0.408022266100567
AFTPH	0.408022266100567
AGAP10P	0.408022266100567
AGAP11	0.408022266100567
AGAP12P	0.408022266100567
AGAP13P	0.408022266100567
AGAP14P	0.408022266100567
AGAP4	0.408022266100567
AGAP9	0.408022266100567
AGFG2	0.408022266100567
AGGF1	0.408022266100567
AGR3	0.408022266100567
AGTRAP	0.408022266100567
AHNAK2	0.408022266100567
AHSA2P	0.408022266100567
AHSP	0.408022266100567
AK3	0.408022266100567
AK6	0.408022266100567
AKAP11	0.408022266100567
AKAP2	0.408022266100567
AKAP7	0.408022266100567
AKR1C4	0.408022266100567
AKR1C5P	0.408022266100567
AKR1C7P	0.408022266100567
AKR1C8P	0.408022266100567
AKR1E2	0.408022266100567
AL008638.2	0.408022266100567
AL021368.4	0.408022266100567
AL021997.3	0.408022266100567
AL022068.1	0.408022266100567
AL022312.1	0.408022266100567
AL022313.1	0.408022266100567
AL022315.1	0.408022266100567
AL022324.1	0.408022266100567
AL022345.2	0.408022266100567
AL031056.1	0.408022266100567
AL031119.1	0.408022266100567
AL031590.1	0.408022266100567
AL031663.3	0.408022266100567
AL031686.1	0.408022266100567
AL031777.3	0.408022266100567
AL031848.2	0.408022266100567
AL033381.1	0.408022266100567
AL033384.1	0.408022266100567
AL033504.1	0.408022266100567
AL033530.1	0.408022266100567
AL034417.3	0.408022266100567
AL034430.1	0.408022266100567
AL035078.4	0.408022266100567
AL035460.1	0.408022266100567
AL035696.1	0.408022266100567
AL049747.1	0.408022266100567
AL079307.1	0.408022266100567
AL080250.1	0.408022266100567
AL096870.1	0.408022266100567
AL109809.1	0.408022266100567
AL117339.1	0.408022266100567
AL117339.2	0.408022266100567
AL117339.4	0.408022266100567
AL121603.1	0.408022266100567
AL121758.1	0.408022266100567
AL121760.1	0.408022266100567
AL121827.1	0.408022266100567
AL121845.3	0.408022266100567
AL121890.4	0.408022266100567
AL121899.1	0.408022266100567
AL121936.2	0.408022266100567
AL121949.1	0.408022266100567
AL132671.2	0.408022266100567
AL132712.1	0.408022266100567
AL133216.2	0.408022266100567
AL133264.1	0.408022266100567
AL133268.3	0.408022266100567
AL133304.3	0.408022266100567
AL133373.2	0.408022266100567
AL133467.3	0.408022266100567
AL133481.3	0.408022266100567
AL135903.1	0.408022266100567
AL135905.2	0.408022266100567
AL135929.1	0.408022266100567
AL135929.2	0.408022266100567
AL136295.1	0.408022266100567
AL136295.3	0.408022266100567
AL136366.1	0.408022266100567
AL136369.1	0.408022266100567
AL136373.1	0.408022266100567
AL136419.1	0.408022266100567
AL136439.1	0.408022266100567
AL136454.1	0.408022266100567
AL136981.1	0.408022266100567
AL137058.1	0.408022266100567
AL137145.1	0.408022266100567
AL137145.2	0.408022266100567
AL137230.2	0.408022266100567
AL137782.1	0.408022266100567
AL137804.1	0.408022266100567
AL138694.1	0.408022266100567
AL138759.1	0.408022266100567
AL138999.2	0.408022266100567
AL139010.1	0.408022266100567
AL139011.2	0.408022266100567
AL139039.3	0.408022266100567
AL139220.2	0.408022266100567
AL139260.3	0.408022266100567
AL139300.1	0.408022266100567
AL139327.1	0.408022266100567
AL139327.3	0.408022266100567
AL139353.1	0.408022266100567
AL139383.1	0.408022266100567
AL139384.1	0.408022266100567
AL157392.5	0.408022266100567
AL157791.1	0.408022266100567
AL158032.2	0.408022266100567
AL158066.1	0.408022266100567
AL160272.2	0.408022266100567
AL160314.3	0.408022266100567
AL161729.4	0.408022266100567
AL161757.5	0.408022266100567
AL161932.2	0.408022266100567
AL162231.1	0.408022266100567
AL162411.1	0.408022266100567
AL162417.1	0.408022266100567
AL162431.2	0.408022266100567
AL163195.3	0.408022266100567
AL163540.1	0.408022266100567
AL163636.2	0.408022266100567
AL163973.3	0.408022266100567
AL352984.1	0.408022266100567
AL353572.3	0.408022266100567
AL353622.2	0.408022266100567
AL353743.1	0.408022266100567
AL353743.3	0.408022266100567
AL353743.4	0.408022266100567
AL353753.1	0.408022266100567
AL353807.3	0.408022266100567
AL354707.1	0.408022266100567
AL354751.1	0.408022266100567
AL354761.1	0.408022266100567
AL354798.1	0.408022266100567
AL354877.1	0.408022266100567
AL355076.1	0.408022266100567
AL355076.2	0.408022266100567
AL355102.2	0.408022266100567
AL355388.2	0.408022266100567
AL355390.1	0.408022266100567
AL355472.1	0.408022266100567
AL355516.1	0.408022266100567
AL355877.1	0.408022266100567
AL355916.2	0.408022266100567
AL355922.4	0.408022266100567
AL355994.1	0.408022266100567
AL356275.1	0.408022266100567
AL356414.1	0.408022266100567
AL356432.1	0.408022266100567
AL356585.2	0.408022266100567
AL356585.3	0.408022266100567
AL356747.1	0.408022266100567
AL356753.1	0.408022266100567
AL356859.1	0.408022266100567
AL357673.2	0.408022266100567
AL358113.1	0.408022266100567
AL358232.1	0.408022266100567
AL358333.1	0.408022266100567
AL358334.1	0.408022266100567
AL358394.1	0.408022266100567
AL358394.2	0.408022266100567
AL359091.2	0.408022266100567
AL359195.2	0.408022266100567
AL359265.1	0.408022266100567
AL359504.2	0.408022266100567
AL359538.1	0.408022266100567
AL359555.3	0.408022266100567
AL359878.1	0.408022266100567
AL359922.1	0.408022266100567
AL365232.1	0.408022266100567
AL365475.1	0.408022266100567
AL390198.1	0.408022266100567
AL390719.1	0.408022266100567
AL390726.2	0.408022266100567
AL391261.2	0.408022266100567
AL391361.1	0.408022266100567
AL391650.1	0.408022266100567
AL391903.1	0.408022266100567
AL392046.2	0.408022266100567
AL392086.3	0.408022266100567
AL445669.1	0.408022266100567
AL445989.1	0.408022266100567
AL449212.1	0.408022266100567
AL449266.1	0.408022266100567
AL449403.2	0.408022266100567
AL450442.1	0.408022266100567
AL451007.3	0.408022266100567
AL451142.2	0.408022266100567
AL499616.1	0.408022266100567
AL512353.3	0.408022266100567
AL512428.1	0.408022266100567
AL512598.2	0.408022266100567
AL513323.1	0.408022266100567
AL513485.1	0.408022266100567
AL583722.1	0.408022266100567
AL583785.1	0.408022266100567
AL583810.3	0.408022266100567
AL589763.1	0.408022266100567
AL589843.2	0.408022266100567
AL590132.1	0.408022266100567
AL590143.1	0.408022266100567
AL590396.1	0.408022266100567
AL590644.1	0.408022266100567
AL590677.1	0.408022266100567
AL590705.1	0.408022266100567
AL590867.1	0.408022266100567
AL591424.1	0.408022266100567
AL592293.1	0.408022266100567
AL592309.1	0.408022266100567
AL592486.1	0.408022266100567
AL606970.1	0.408022266100567
AL645608.3	0.408022266100567
AL645941.2	0.408022266100567
AL645998.1	0.408022266100567
AL662791.2	0.408022266100567
AL662884.2	0.408022266100567
AL662884.4	0.408022266100567
AL669831.4	0.408022266100567
AL671277.2	0.408022266100567
AL671862.1	0.408022266100567
AL672043.1	0.408022266100567
AL691403.1	0.408022266100567
AL731556.1	0.408022266100567
AL772155.1	0.408022266100567
AL772337.2	0.408022266100567
AL845331.2	0.408022266100567
AL845331.3	0.408022266100567
AL928742.1	0.408022266100567
AL929554.1	0.408022266100567
AL935212.1	0.408022266100567
ALDH1L2	0.408022266100567
ALG1L	0.408022266100567
ALG1L13P	0.408022266100567
ALG1L2	0.408022266100567
ALG1L6P	0.408022266100567
ALG1L7P	0.408022266100567
ALG1L8P	0.408022266100567
ALG8	0.408022266100567
ALG9	0.408022266100567
ALKBH4	0.408022266100567
ALLC	0.408022266100567
ALMS1P1	0.408022266100567
ALOX12	0.408022266100567
ALOX15	0.408022266100567
ALOX15P2	0.408022266100567
ALOX5	0.408022266100567
ALPK2	0.408022266100567
AMBN	0.408022266100567
AMD1P3	0.408022266100567
AMOTL2	0.408022266100567
AMTN	0.408022266100567
AMY1C	0.408022266100567
AMZ2P1	0.408022266100567
ANAPC13	0.408022266100567
ANAPC1P1	0.408022266100567
ANG	0.408022266100567
ANGPTL3	0.408022266100567
ANGPTL5	0.408022266100567
ANKHD1-EIF4EBP3	0.408022266100567
ANKK1	0.408022266100567
ANKRD18CP	0.408022266100567
ANKRD19P	0.408022266100567
ANKRD20A1	0.408022266100567
ANKRD20A11P	0.408022266100567
ANKRD20A18P	0.408022266100567
ANKRD20A19P	0.408022266100567
ANKRD20A2	0.408022266100567
ANKRD20A21P	0.408022266100567
ANKRD20A3	0.408022266100567
ANKRD20A4	0.408022266100567
ANKRD20A5P	0.408022266100567
ANKRD20A7P	0.408022266100567
ANKRD20A8P	0.408022266100567
ANKRD20A9P	0.408022266100567
ANKRD23	0.408022266100567
ANKRD26P1	0.408022266100567
ANKRD30A	0.408022266100567
ANKRD30B	0.408022266100567
ANKRD30BL	0.408022266100567
ANKRD30BP1	0.408022266100567
ANKRD33	0.408022266100567
ANKRD34A	0.408022266100567
ANKRD36B	0.408022266100567
ANKRD36BP2	0.408022266100567
ANKRD40	0.408022266100567
ANKRD40CL	0.408022266100567
ANKRD42	0.408022266100567
ANKRD53	0.408022266100567
ANKRD54	0.408022266100567
ANKRD55	0.408022266100567
ANKRD60	0.408022266100567
ANKRD65	0.408022266100567
ANKRD66	0.408022266100567
ANKRD9	0.408022266100567
ANKS1A	0.408022266100567
ANKS4B	0.408022266100567
ANKUB1	0.408022266100567
ANKZF1	0.408022266100567
ANO6	0.408022266100567
ANO7	0.408022266100567
ANP32D	0.408022266100567
ANTXRL	0.408022266100567
ANTXRLP1	0.408022266100567
ANXA2R	0.408022266100567
ANXA8	0.408022266100567
ANXA8L1	0.408022266100567
AOC1	0.408022266100567
AOC2	0.408022266100567
AOC4P	0.408022266100567
AOX3P	0.408022266100567
AP000346.1	0.408022266100567
AP000347.1	0.408022266100567
AP000347.2	0.408022266100567
AP000350.2	0.408022266100567
AP000350.4	0.408022266100567
AP000547.1	0.408022266100567
AP000654.2	0.408022266100567
AP000679.1	0.408022266100567
AP000695.2	0.408022266100567
AP000721.1	0.408022266100567
AP000769.1	0.408022266100567
AP000776.1	0.408022266100567
AP000781.2	0.408022266100567
AP000790.1	0.408022266100567
AP000812.1	0.408022266100567
AP000812.5	0.408022266100567
AP000827.1	0.408022266100567
AP000851.2	0.408022266100567
AP000893.1	0.408022266100567
AP000943.3	0.408022266100567
AP000944.2	0.408022266100567
AP001024.1	0.408022266100567
AP001043.1	0.408022266100567
AP001122.1	0.408022266100567
AP001267.5	0.408022266100567
AP001630.1	0.408022266100567
AP001631.1	0.408022266100567
AP001831.1	0.408022266100567
AP002008.2	0.408022266100567
AP002353.1	0.408022266100567
AP002373.1	0.408022266100567
AP002414.4	0.408022266100567
AP002495.1	0.408022266100567
AP002512.3	0.408022266100567
AP002748.4	0.408022266100567
AP002986.1	0.408022266100567
AP003028.1	0.408022266100567
AP003062.2	0.408022266100567
AP003108.2	0.408022266100567
AP003171.2	0.408022266100567
AP003385.2	0.408022266100567
AP003385.4	0.408022266100567
AP003393.1	0.408022266100567
AP003486.1	0.408022266100567
AP003774.1	0.408022266100567
AP005205.2	0.408022266100567
AP005242.2	0.408022266100567
AP005597.1	0.408022266100567
AP006587.4	0.408022266100567
AP1B1P2	0.408022266100567
AP5S1	0.408022266100567
AP5Z1	0.408022266100567
APCS	0.408022266100567
APELA	0.408022266100567
APIP	0.408022266100567
APLNR	0.408022266100567
APOA2	0.408022266100567
APOA4	0.408022266100567
APOBEC3B	0.408022266100567
APOBEC3F	0.408022266100567
APOBEC3G	0.408022266100567
APOBEC4	0.408022266100567
APOC1	0.408022266100567
APOC1P1	0.408022266100567
APOC3	0.408022266100567
APOC4	0.408022266100567
APOL2	0.408022266100567
APOL3	0.408022266100567
APOL4	0.408022266100567
APOL5	0.408022266100567
APOL6	0.408022266100567
APOOP5	0.408022266100567
APPL1	0.408022266100567
APRT	0.408022266100567
APTX	0.408022266100567
AQP12A	0.408022266100567
AQP12B	0.408022266100567
AQP6	0.408022266100567
AQR	0.408022266100567
ARC	0.408022266100567
AREG	0.408022266100567
ARFRP1	0.408022266100567
ARHGAP11B	0.408022266100567
ARHGAP17	0.408022266100567
ARHGAP23P1	0.408022266100567
ARHGAP27P1-BPTFP1-KPNA2P3	0.408022266100567
ARHGAP40	0.408022266100567
ARHGAP42P1	0.408022266100567
ARHGAP8	0.408022266100567
ARHGEF16	0.408022266100567
ARHGEF35	0.408022266100567
ARHGEF38	0.408022266100567
ARHGEF40	0.408022266100567
ARIH2OS	0.408022266100567
ARL11	0.408022266100567
ARL15	0.408022266100567
ARL17A	0.408022266100567
ARL17B	0.408022266100567
ARL2BP	0.408022266100567
ARMC12	0.408022266100567
ARMC4P1	0.408022266100567
ARMH2	0.408022266100567
ARMS2	0.408022266100567
ARPIN	0.408022266100567
ARRDC2	0.408022266100567
ARRDC4	0.408022266100567
ARSB	0.408022266100567
ART3	0.408022266100567
ASB10	0.408022266100567
ASB14	0.408022266100567
ASB16	0.408022266100567
ASB18	0.408022266100567
ASB9P1	0.408022266100567
ASCL2	0.408022266100567
ASCL4	0.408022266100567
ASCL5	0.408022266100567
ASNSP1	0.408022266100567
ASPDH	0.408022266100567
ASPN	0.408022266100567
ASTE1	0.408022266100567
ATAD3B	0.408022266100567
ATCAY	0.408022266100567
ATG14	0.408022266100567
ATG9A	0.408022266100567
ATOH8	0.408022266100567
ATP11AUN	0.408022266100567
ATP12A	0.408022266100567
ATP13A1	0.408022266100567
ATP1B2	0.408022266100567
ATP2B4	0.408022266100567
ATP5F1EP2	0.408022266100567
ATP5ME	0.408022266100567
ATP5MF-PTCD1	0.408022266100567
ATP5MGL	0.408022266100567
ATP5PD	0.408022266100567
ATP5PF	0.408022266100567
ATP6V0D2	0.408022266100567
ATP6V0E2	0.408022266100567
ATP6V1FNB	0.408022266100567
ATP6V1G1	0.408022266100567
ATPAF1	0.408022266100567
ATRAID	0.408022266100567
ATXN8OS	0.408022266100567
AVPI1	0.408022266100567
AVPR1B	0.408022266100567
AZGP1P1	0.408022266100567
AZGP1P2	0.408022266100567
AZIN2	0.408022266100567
AZU1	0.408022266100567
B3GALT5-AS1	0.408022266100567
B3GAT2	0.408022266100567
B3GNT10	0.408022266100567
B3GNT8	0.408022266100567
B4GALNT2	0.408022266100567
BAALC-AS2	0.408022266100567
BAAT	0.408022266100567
BAG3	0.408022266100567
BAG5	0.408022266100567
BAHCC1	0.408022266100567
BAK1	0.408022266100567
BANF2	0.408022266100567
BANK1	0.408022266100567
BASP1	0.408022266100567
BBC3	0.408022266100567
BBOX1	0.408022266100567
BCAP29	0.408022266100567
BCAR4	0.408022266100567
BCAS2P1	0.408022266100567
BCAS4	0.408022266100567
BCCIP	0.408022266100567
BCL2L10	0.408022266100567
BCL2L11	0.408022266100567
BCO1	0.408022266100567
BCRP3	0.408022266100567
BCRP4	0.408022266100567
BDH1	0.408022266100567
BECN2	0.408022266100567
BEND7	0.408022266100567
BET1	0.408022266100567
BET1L	0.408022266100567
BGLAP	0.408022266100567
BHLHA9	0.408022266100567
BHLHE40-AS1	0.408022266100567
BICDL2	0.408022266100567
BID	0.408022266100567
BIK	0.408022266100567
BIRC7	0.408022266100567
BIRC8	0.408022266100567
BLACE	0.408022266100567
BLID	0.408022266100567
BLOC1S3	0.408022266100567
BLOC1S5	0.408022266100567
BLOC1S5-TXNDC5	0.408022266100567
BMP8A	0.408022266100567
BMS1P1	0.408022266100567
BMS1P10	0.408022266100567
BMS1P19	0.408022266100567
BMS1P2	0.408022266100567
BMS1P3	0.408022266100567
BMS1P8	0.408022266100567
BMS1P9	0.408022266100567
BNIPL	0.408022266100567
BOD1L2	0.408022266100567
BOLA1	0.408022266100567
BOLL	0.408022266100567
BOP1	0.408022266100567
BORA	0.408022266100567
BORCS6	0.408022266100567
BORCS8-MEF2B	0.408022266100567
BPIFA1	0.408022266100567
BPIFA4P	0.408022266100567
BPIFB2	0.408022266100567
BPIFB3	0.408022266100567
BPIFB6	0.408022266100567
BPIFC	0.408022266100567
BRCA2	0.408022266100567
BRI3	0.408022266100567
BRICD5	0.408022266100567
BRK1	0.408022266100567
BROX	0.408022266100567
BSND	0.408022266100567
BTBD16	0.408022266100567
BTF3	0.408022266100567
BTG4	0.408022266100567
BTN2A1	0.408022266100567
BTN2A3P	0.408022266100567
BTNL10	0.408022266100567
BTNL2	0.408022266100567
BTNL3	0.408022266100567
BTNL8	0.408022266100567
BUB1B	0.408022266100567
BVES	0.408022266100567
BX119321.1	0.408022266100567
BX248415.1	0.408022266100567
BX255925.3	0.408022266100567
BX323043.1	0.408022266100567
BYSL	0.408022266100567
C10orf105	0.408022266100567
C10orf113	0.408022266100567
C10orf120	0.408022266100567
C10orf142	0.408022266100567
C10orf143	0.408022266100567
C10orf53	0.408022266100567
C10orf55	0.408022266100567
C10orf62	0.408022266100567
C10orf71	0.408022266100567
C10orf82	0.408022266100567
C10orf91	0.408022266100567
C10orf95	0.408022266100567
C11orf1	0.408022266100567
C11orf16	0.408022266100567
C11orf21	0.408022266100567
C11orf40	0.408022266100567
C11orf44	0.408022266100567
C11orf45	0.408022266100567
C11orf49	0.408022266100567
C11orf54	0.408022266100567
C11orf74	0.408022266100567
C11orf80	0.408022266100567
C11orf86	0.408022266100567
C11orf87	0.408022266100567
C11orf97	0.408022266100567
C11orf98	0.408022266100567
C12orf42	0.408022266100567
C12orf43	0.408022266100567
C12orf45	0.408022266100567
C12orf56	0.408022266100567
C12orf57	0.408022266100567
C12orf60	0.408022266100567
C12orf71	0.408022266100567
C12orf73	0.408022266100567
C12orf75	0.408022266100567
C12orf76	0.408022266100567
C12orf77	0.408022266100567
C13orf42	0.408022266100567
C14orf119	0.408022266100567
C14orf132	0.408022266100567
C14orf177	0.408022266100567
C14orf178	0.408022266100567
C14orf28	0.408022266100567
C14orf39	0.408022266100567
C15orf32	0.408022266100567
C15orf48	0.408022266100567
C15orf53	0.408022266100567
C15orf54	0.408022266100567
C15orf61	0.408022266100567
C15orf62	0.408022266100567
C16orf46	0.408022266100567
C16orf82	0.408022266100567
C16orf89	0.408022266100567
C16orf91	0.408022266100567
C16orf92	0.408022266100567
C16orf97	0.408022266100567
C17orf100	0.408022266100567
C17orf112	0.408022266100567
C17orf47	0.408022266100567
C17orf50	0.408022266100567
C17orf51	0.408022266100567
C17orf64	0.408022266100567
C17orf67	0.408022266100567
C17orf97	0.408022266100567
C17orf98	0.408022266100567
C17orf99	0.408022266100567
C18orf32	0.408022266100567
C19orf24	0.408022266100567
C19orf38	0.408022266100567
C19orf44	0.408022266100567
C19orf48	0.408022266100567
C19orf54	0.408022266100567
C19orf57	0.408022266100567
C19orf70	0.408022266100567
C19orf71	0.408022266100567
C19orf73	0.408022266100567
C19orf84	0.408022266100567
C19orf85	0.408022266100567
C1D	0.408022266100567
C1GALT1C1L	0.408022266100567
C1orf109	0.408022266100567
C1orf115	0.408022266100567
C1orf137	0.408022266100567
C1orf141	0.408022266100567
C1orf143	0.408022266100567
C1orf146	0.408022266100567
C1orf159	0.408022266100567
C1orf162	0.408022266100567
C1orf167	0.408022266100567
C1orf189	0.408022266100567
C1orf21	0.408022266100567
C1orf216	0.408022266100567
C1orf220	0.408022266100567
C1orf232	0.408022266100567
C1orf53	0.408022266100567
C1orf54	0.408022266100567
C1orf61	0.408022266100567
C1orf74	0.408022266100567
C1QA	0.408022266100567
C1QL1	0.408022266100567
C1QTNF12	0.408022266100567
C1QTNF3-AMACR	0.408022266100567
C1QTNF7	0.408022266100567
C1QTNF8	0.408022266100567
C1QTNF9	0.408022266100567
C1QTNF9B	0.408022266100567
C1R	0.408022266100567
C20orf141	0.408022266100567
C20orf144	0.408022266100567
C20orf187	0.408022266100567
C20orf197	0.408022266100567
C20orf202	0.408022266100567
C20orf203	0.408022266100567
C20orf204	0.408022266100567
C20orf78	0.408022266100567
C20orf85	0.408022266100567
C20orf96	0.408022266100567
C21orf58	0.408022266100567
C21orf59-TCP10L	0.408022266100567
C21orf62	0.408022266100567
C21orf62-AS1	0.408022266100567
C22orf15	0.408022266100567
C22orf23	0.408022266100567
C22orf34	0.408022266100567
C22orf42	0.408022266100567
C2CD2	0.408022266100567
C2CD2L	0.408022266100567
C2CD3	0.408022266100567
C2CD4B	0.408022266100567
C2CD4C	0.408022266100567
C2CD4D	0.408022266100567
C2CD6	0.408022266100567
C2orf15	0.408022266100567
C2orf27A	0.408022266100567
C2orf27AP2	0.408022266100567
C2orf27B	0.408022266100567
C2orf48	0.408022266100567
C2orf49	0.408022266100567
C2orf50	0.408022266100567
C2orf66	0.408022266100567
C2orf70	0.408022266100567
C2orf73	0.408022266100567
C2orf74	0.408022266100567
C2orf78	0.408022266100567
C2orf80	0.408022266100567
C2orf81	0.408022266100567
C2orf83	0.408022266100567
C2orf88	0.408022266100567
C2orf91	0.408022266100567
C2orf92	0.408022266100567
C3AR1	0.408022266100567
C3orf14	0.408022266100567
C3orf30	0.408022266100567
C3orf33	0.408022266100567
C3orf35	0.408022266100567
C3orf49	0.408022266100567
C3orf52	0.408022266100567
C3orf56	0.408022266100567
C3orf62	0.408022266100567
C3orf79	0.408022266100567
C3orf84	0.408022266100567
C3orf85	0.408022266100567
C3P1	0.408022266100567
C4A	0.408022266100567
C4orf17	0.408022266100567
C4orf19	0.408022266100567
C4orf33	0.408022266100567
C4orf36	0.408022266100567
C4orf47	0.408022266100567
C4orf48	0.408022266100567
C4orf51	0.408022266100567
C5AR2	0.408022266100567
C5orf17	0.408022266100567
C5orf22	0.408022266100567
C5orf38	0.408022266100567
C5orf47	0.408022266100567
C5orf56	0.408022266100567
C5orf63	0.408022266100567
C5orf64	0.408022266100567
C5orf67	0.408022266100567
C6orf120	0.408022266100567
C6orf136	0.408022266100567
C6orf141	0.408022266100567
C6orf223	0.408022266100567
C6orf226	0.408022266100567
C6orf48	0.408022266100567
C6orf58	0.408022266100567
C6orf99	0.408022266100567
C7orf25	0.408022266100567
C7orf33	0.408022266100567
C7orf57	0.408022266100567
C7orf65	0.408022266100567
C7orf66	0.408022266100567
C7orf71	0.408022266100567
C7orf77	0.408022266100567
C8A	0.408022266100567
C8orf31	0.408022266100567
C8orf34-AS1	0.408022266100567
C8orf44	0.408022266100567
C8orf48	0.408022266100567
C8orf59	0.408022266100567
C8orf59P1	0.408022266100567
C8orf74	0.408022266100567
C8orf82	0.408022266100567
C8orf86	0.408022266100567
C8orf87	0.408022266100567
C8orf89	0.408022266100567
C9orf106	0.408022266100567
C9orf116	0.408022266100567
C9orf129	0.408022266100567
C9orf131	0.408022266100567
C9orf135	0.408022266100567
C9orf153	0.408022266100567
C9orf16	0.408022266100567
C9orf163	0.408022266100567
C9orf170	0.408022266100567
C9orf3	0.408022266100567
C9orf50	0.408022266100567
C9orf57	0.408022266100567
C9orf62	0.408022266100567
C9orf66	0.408022266100567
C9orf85	0.408022266100567
C9orf92	0.408022266100567
CA12	0.408022266100567
CA13	0.408022266100567
CA5A	0.408022266100567
CA5AP1	0.408022266100567
CA7	0.408022266100567
CABCOCO1	0.408022266100567
CABP4	0.408022266100567
CABS1	0.408022266100567
CACNA1H	0.408022266100567
CACNA1I	0.408022266100567
CACNA1S	0.408022266100567
CALCA	0.408022266100567
CALCB	0.408022266100567
CALCP	0.408022266100567
CALCR	0.408022266100567
CALHM2	0.408022266100567
CALML5	0.408022266100567
CALR3	0.408022266100567
CALY	0.408022266100567
CAMK2N1	0.408022266100567
CAPN12	0.408022266100567
CAPS	0.408022266100567
CAPS2	0.408022266100567
CARD10	0.408022266100567
CARD16	0.408022266100567
CARD17	0.408022266100567
CARD18	0.408022266100567
CARD8	0.408022266100567
CARD9	0.408022266100567
CARM1P1	0.408022266100567
CASC10	0.408022266100567
CASC23	0.408022266100567
CASP16P	0.408022266100567
CASP1P1	0.408022266100567
CASP1P2	0.408022266100567
CASP8AP2	0.408022266100567
CAST	0.408022266100567
CASTOR2	0.408022266100567
CASTOR3	0.408022266100567
CATSPER2	0.408022266100567
CATSPER2P1	0.408022266100567
CATSPER4	0.408022266100567
CATSPERB	0.408022266100567
CAVIN3	0.408022266100567
CBR3	0.408022266100567
CBSL	0.408022266100567
CBWD3	0.408022266100567
CBWD5	0.408022266100567
CBWD6	0.408022266100567
CBX1P3	0.408022266100567
CBY3	0.408022266100567
CC2D2A	0.408022266100567
CCDC102B	0.408022266100567
CCDC103	0.408022266100567
CCDC110	0.408022266100567
CCDC113	0.408022266100567
CCDC121	0.408022266100567
CCDC124	0.408022266100567
CCDC13	0.408022266100567
CCDC130	0.408022266100567
CCDC137	0.408022266100567
CCDC138	0.408022266100567
CCDC140	0.408022266100567
CCDC142	0.408022266100567
CCDC144B	0.408022266100567
CCDC144CP	0.408022266100567
CCDC144NL	0.408022266100567
CCDC144NL-AS1	0.408022266100567
CCDC148	0.408022266100567
CCDC153	0.408022266100567
CCDC154	0.408022266100567
CCDC158	0.408022266100567
CCDC162P	0.408022266100567
CCDC163	0.408022266100567
CCDC167	0.408022266100567
CCDC169	0.408022266100567
CCDC177	0.408022266100567
CCDC178	0.408022266100567
CCDC179	0.408022266100567
CCDC181	0.408022266100567
CCDC185	0.408022266100567
CCDC186	0.408022266100567
CCDC187	0.408022266100567
CCDC188	0.408022266100567
CCDC192	0.408022266100567
CCDC194	0.408022266100567
CCDC195	0.408022266100567
CCDC196	0.408022266100567
CCDC197	0.408022266100567
CCDC198	0.408022266100567
CCDC25	0.408022266100567
CCDC27	0.408022266100567
CCDC30	0.408022266100567
CCDC34	0.408022266100567
CCDC36	0.408022266100567
CCDC42	0.408022266100567
CCDC50	0.408022266100567
CCDC54	0.408022266100567
CCDC57	0.408022266100567
CCDC61	0.408022266100567
CCDC65	0.408022266100567
CCDC66	0.408022266100567
CCDC68	0.408022266100567
CCDC69	0.408022266100567
CCDC7	0.408022266100567
CCDC70	0.408022266100567
CCDC73	0.408022266100567
CCDC77	0.408022266100567
CCDC78	0.408022266100567
CCDC83	0.408022266100567
CCDC85B	0.408022266100567
CCDC86	0.408022266100567
CCDC87	0.408022266100567
CCDC89	0.408022266100567
CCDC91	0.408022266100567
CCDC92B	0.408022266100567
CCDC97	0.408022266100567
CCER1	0.408022266100567
CCL1	0.408022266100567
CCL13	0.408022266100567
CCL14	0.408022266100567
CCL15	0.408022266100567
CCL16	0.408022266100567
CCL17	0.408022266100567
CCL18	0.408022266100567
CCL22	0.408022266100567
CCL23	0.408022266100567
CCL27	0.408022266100567
CCL3	0.408022266100567
CCL3L1	0.408022266100567
CCL4	0.408022266100567
CCL4L2	0.408022266100567
CCL7	0.408022266100567
CCNB2	0.408022266100567
CCND2	0.408022266100567
CCNI2	0.408022266100567
CCNQP1	0.408022266100567
CCNQP3	0.408022266100567
CCNT2P1	0.408022266100567
CCNYL2	0.408022266100567
CCNYL3	0.408022266100567
CCR1	0.408022266100567
CCR2	0.408022266100567
CCRL2	0.408022266100567
CCSER2	0.408022266100567
CCT6B	0.408022266100567
CCT6P1	0.408022266100567
CCT6P3	0.408022266100567
CCT8L1P	0.408022266100567
CCT8L2	0.408022266100567
CCZ1	0.408022266100567
CD14	0.408022266100567
CD160	0.408022266100567
CD164L2	0.408022266100567
CD177	0.408022266100567
CD177P1	0.408022266100567
CD1A	0.408022266100567
CD1B	0.408022266100567
CD1C	0.408022266100567
CD1D	0.408022266100567
CD200R1	0.408022266100567
CD200R1L	0.408022266100567
CD226	0.408022266100567
CD24	0.408022266100567
CD247	0.408022266100567
CD248	0.408022266100567
CD274	0.408022266100567
CD28	0.408022266100567
CD300A	0.408022266100567
CD300C	0.408022266100567
CD300H	0.408022266100567
CD300LB	0.408022266100567
CD300LD	0.408022266100567
CD300LG	0.408022266100567
CD302	0.408022266100567
CD3D	0.408022266100567
CD3E	0.408022266100567
CD3G	0.408022266100567
CD48	0.408022266100567
CD5	0.408022266100567
CD52	0.408022266100567
CD58	0.408022266100567
CD69	0.408022266100567
CD70	0.408022266100567
CD81-AS1	0.408022266100567
CD86	0.408022266100567
CD8B	0.408022266100567
CD8B2	0.408022266100567
CDC123	0.408022266100567
CDC14A	0.408022266100567
CDC14C	0.408022266100567
CDC20P1	0.408022266100567
CDC25C	0.408022266100567
CDC34	0.408022266100567
CDC42EP2	0.408022266100567
CDC42EP5	0.408022266100567
CDCA4	0.408022266100567
CDCA5	0.408022266100567
CDCA7	0.408022266100567
CDH16	0.408022266100567
CDHR3	0.408022266100567
CDIPT	0.408022266100567
CDK1	0.408022266100567
CDK5RAP1	0.408022266100567
CDK5RAP2	0.408022266100567
CDKN1A	0.408022266100567
CDKN2B	0.408022266100567
CDNF	0.408022266100567
CDPF1	0.408022266100567
CDRT15	0.408022266100567
CDRT15L2	0.408022266100567
CEACAM19	0.408022266100567
CEACAM20	0.408022266100567
CEACAM21	0.408022266100567
CEACAM6	0.408022266100567
CEACAMP1	0.408022266100567
CEACAMP2	0.408022266100567
CEACAMP3	0.408022266100567
CEACAMP5	0.408022266100567
CEBPZ	0.408022266100567
CECR7	0.408022266100567
CELP	0.408022266100567
CEMP1	0.408022266100567
CENPBD1	0.408022266100567
CENPBD1P1	0.408022266100567
CENPIP1	0.408022266100567
CENPK	0.408022266100567
CENPL	0.408022266100567
CENPM	0.408022266100567
CENPN	0.408022266100567
CENPO	0.408022266100567
CENPQ	0.408022266100567
CEP112	0.408022266100567
CEP170P1	0.408022266100567
CEP250	0.408022266100567
CEP295NL	0.408022266100567
CEP68	0.408022266100567
CEP72	0.408022266100567
CES1P1	0.408022266100567
CES1P2	0.408022266100567
CES3	0.408022266100567
CES5A	0.408022266100567
CES5AP1	0.408022266100567
CETP	0.408022266100567
CFAP221	0.408022266100567
CFAP298	0.408022266100567
CFAP52	0.408022266100567
CFAP69	0.408022266100567
CFAP77	0.408022266100567
CFAP97D2	0.408022266100567
CFAP99	0.408022266100567
CFC1	0.408022266100567
CFD	0.408022266100567
CFDP1	0.408022266100567
CFTR	0.408022266100567
CGA	0.408022266100567
CGB1	0.408022266100567
CGB3	0.408022266100567
CGB5	0.408022266100567
CGB7	0.408022266100567
CGB8	0.408022266100567
CGN	0.408022266100567
CHAC2	0.408022266100567
CHCHD2P9	0.408022266100567
CHCHD6	0.408022266100567
CHEK2P3	0.408022266100567
CHEK2P5	0.408022266100567
CHI3L1	0.408022266100567
CHI3L2	0.408022266100567
CHIAP2	0.408022266100567
CHIT1	0.408022266100567
CHMP4A	0.408022266100567
CHMP6	0.408022266100567
CHODL	0.408022266100567
CHP2	0.408022266100567
CHRNA6	0.408022266100567
CHTOP	0.408022266100567
CIB3	0.408022266100567
CIB4	0.408022266100567
CICP27	0.408022266100567
CICP5	0.408022266100567
CIDEA	0.408022266100567
CIDEB	0.408022266100567
CIR1P3	0.408022266100567
CISD3	0.408022266100567
CIT	0.408022266100567
CKAP2L	0.408022266100567
CKMT1B	0.408022266100567
CKS2	0.408022266100567
CLASRP	0.408022266100567
CLCA3P	0.408022266100567
CLCC1	0.408022266100567
CLCN3P1	0.408022266100567
CLDN17	0.408022266100567
CLDN20	0.408022266100567
CLDN22	0.408022266100567
CLDN24	0.408022266100567
CLDN25	0.408022266100567
CLDN3	0.408022266100567
CLDN6	0.408022266100567
CLDN7	0.408022266100567
CLDN8	0.408022266100567
CLDND1	0.408022266100567
CLDND2	0.408022266100567
CLEC10A	0.408022266100567
CLEC18A	0.408022266100567
CLEC18B	0.408022266100567
CLEC1A	0.408022266100567
CLEC1B	0.408022266100567
CLEC20A	0.408022266100567
CLEC3A	0.408022266100567
CLEC4A	0.408022266100567
CLEC4D	0.408022266100567
CLEC4E	0.408022266100567
CLEC4G	0.408022266100567
CLEC4GP1	0.408022266100567
CLEC7A	0.408022266100567
CLECL1	0.408022266100567
CLIC4P2	0.408022266100567
CLIC5	0.408022266100567
CLK2P1	0.408022266100567
CLLU1OS	0.408022266100567
CLN6	0.408022266100567
CLNK	0.408022266100567
CLOCK	0.408022266100567
CLPS	0.408022266100567
CLPSL1	0.408022266100567
CLTCL1	0.408022266100567
CLUAP1	0.408022266100567
CLUHP3	0.408022266100567
CLUL1	0.408022266100567
CLYBL	0.408022266100567
CMA1	0.408022266100567
CMAHP	0.408022266100567
CMBL	0.408022266100567
CMC1	0.408022266100567
CMC2	0.408022266100567
CMTM1	0.408022266100567
CMTM2	0.408022266100567
CMTM3	0.408022266100567
CMTR1	0.408022266100567
CNBD2	0.408022266100567
CNMD	0.408022266100567
CNPY1	0.408022266100567
CNPY3	0.408022266100567
CNST	0.408022266100567
CNTNAP3B	0.408022266100567
CNTNAP3C	0.408022266100567
CNTNAP3P2	0.408022266100567
COA1	0.408022266100567
COL11A1	0.408022266100567
COL11A2P1	0.408022266100567
COL16A1	0.408022266100567
COL18A1-AS1	0.408022266100567
COL18A1-AS2	0.408022266100567
COL1A2	0.408022266100567
COL25A1	0.408022266100567
COL5A1	0.408022266100567
COL5A3	0.408022266100567
COL6A1	0.408022266100567
COL9A1	0.408022266100567
COMMD10	0.408022266100567
COMMD2	0.408022266100567
COMMD5	0.408022266100567
COMMD9	0.408022266100567
COPE	0.408022266100567
COPS4	0.408022266100567
COPZ2	0.408022266100567
COQ5	0.408022266100567
COQ7	0.408022266100567
CORO6	0.408022266100567
CORO7	0.408022266100567
CORT	0.408022266100567
COTL1	0.408022266100567
COX14	0.408022266100567
COX17	0.408022266100567
COX18	0.408022266100567
COX19	0.408022266100567
COX20	0.408022266100567
COX4I2	0.408022266100567
COX6A1P2	0.408022266100567
COX6B2	0.408022266100567
COX7A2	0.408022266100567
COX7B2	0.408022266100567
COX8A	0.408022266100567
COX8C	0.408022266100567
CPA3	0.408022266100567
CPEB1	0.408022266100567
CPHXL	0.408022266100567
CPN2	0.408022266100567
CPSF1P1	0.408022266100567
CPT1C	0.408022266100567
CPVL	0.408022266100567
CPXM1	0.408022266100567
CR381670.1	0.408022266100567
CR383656.7	0.408022266100567
CR392000.1	0.408022266100567
CR392000.2	0.408022266100567
CR848007.1	0.408022266100567
CRACR2B	0.408022266100567
CRAT	0.408022266100567
CRB3	0.408022266100567
CRCT1	0.408022266100567
CREB3L3	0.408022266100567
CREB3L4	0.408022266100567
CREB5	0.408022266100567
CREG2	0.408022266100567
CRHR2	0.408022266100567
CRISP3	0.408022266100567
CRISPLD2	0.408022266100567
CROCC2	0.408022266100567
CROCCP2	0.408022266100567
CROCCP3	0.408022266100567
CRTAC1	0.408022266100567
CRTC3	0.408022266100567
CRYAA	0.408022266100567
CRYBA4	0.408022266100567
CRYGA	0.408022266100567
CRYGD	0.408022266100567
CRYGN	0.408022266100567
CRYM	0.408022266100567
CRYM-AS1	0.408022266100567
CRYZL1	0.408022266100567
CSF2RB	0.408022266100567
CSF2RBP1	0.408022266100567
CSH1	0.408022266100567
CSH2	0.408022266100567
CSHL1	0.408022266100567
CSMD3	0.408022266100567
CSN1S1	0.408022266100567
CSN1S2AP	0.408022266100567
CSN2	0.408022266100567
CSN3	0.408022266100567
CSNK1A1P1	0.408022266100567
CSNKA2IP	0.408022266100567
CSPG4P10	0.408022266100567
CSPG4P13	0.408022266100567
CSPG4P5	0.408022266100567
CST1	0.408022266100567
CST11	0.408022266100567
CST2	0.408022266100567
CST4	0.408022266100567
CST5	0.408022266100567
CST7	0.408022266100567
CST8	0.408022266100567
CST9L	0.408022266100567
CST9LP1	0.408022266100567
CST9LP2	0.408022266100567
CSTA	0.408022266100567
CSTB	0.408022266100567
CSTL1	0.408022266100567
CSTP2	0.408022266100567
CT62	0.408022266100567
CTAGE1	0.408022266100567
CTAGE10P	0.408022266100567
CTAGE11P	0.408022266100567
CTAGE13P	0.408022266100567
CTAGE15	0.408022266100567
CTAGE4	0.408022266100567
CTAGE6	0.408022266100567
CTAGE8	0.408022266100567
CTAGE9	0.408022266100567
CTF1	0.408022266100567
CTGF	0.408022266100567
CTSB	0.408022266100567
CTSE	0.408022266100567
CTSG	0.408022266100567
CTSL	0.408022266100567
CTSL3P	0.408022266100567
CTSZ	0.408022266100567
CTXN3	0.408022266100567
CTXND1	0.408022266100567
CTXND2	0.408022266100567
CUBNP1	0.408022266100567
CUBNP2	0.408022266100567
CUBNP3	0.408022266100567
CUZD1	0.408022266100567
CWF19L1	0.408022266100567
CWH43	0.408022266100567
CX3CL1	0.408022266100567
CXCL1	0.408022266100567
CXCL12	0.408022266100567
CXCL14	0.408022266100567
CXCL16	0.408022266100567
CXCL2	0.408022266100567
CXCL3	0.408022266100567
CXCL5	0.408022266100567
CXCL6	0.408022266100567
CXCL8	0.408022266100567
CXCR2P1	0.408022266100567
CYB561D1	0.408022266100567
CYB5A	0.408022266100567
CYB5B	0.408022266100567
CYB5D1	0.408022266100567
CYB5D2	0.408022266100567
CYB5R4	0.408022266100567
CYFIP1	0.408022266100567
CYLC2	0.408022266100567
CYP17A1	0.408022266100567
CYP19A1	0.408022266100567
CYP1A1	0.408022266100567
CYP1B1	0.408022266100567
CYP20A1	0.408022266100567
CYP21A1P	0.408022266100567
CYP2A7P1	0.408022266100567
CYP2A7P2	0.408022266100567
CYP2B7P	0.408022266100567
CYP2C59P	0.408022266100567
CYP2C9	0.408022266100567
CYP2D7	0.408022266100567
CYP2D8P	0.408022266100567
CYP2F1	0.408022266100567
CYP2F2P	0.408022266100567
CYP2G1P	0.408022266100567
CYP2T3P	0.408022266100567
CYP3A7-CYP3A51P	0.408022266100567
CYP4A22	0.408022266100567
CYP4F22	0.408022266100567
CYP4F23P	0.408022266100567
CYP4F24P	0.408022266100567
CYP4F26P	0.408022266100567
CYP4F8	0.408022266100567
CYP4F9P	0.408022266100567
CYP4V2	0.408022266100567
CYP4Z2P	0.408022266100567
CYP7B1	0.408022266100567
CYREN	0.408022266100567
CYS1	0.408022266100567
CYSRT1	0.408022266100567
CYTIP	0.408022266100567
CYYR1	0.408022266100567
DAAM1	0.408022266100567
DAND5	0.408022266100567
DAOA	0.408022266100567
DAP	0.408022266100567
DAP3P1	0.408022266100567
DAPL1	0.408022266100567
DAZAP2	0.408022266100567
DAZL	0.408022266100567
DBF4B	0.408022266100567
DBI	0.408022266100567
DCAF1	0.408022266100567
DCAF16	0.408022266100567
DCAF4L2	0.408022266100567
DCANP1	0.408022266100567
DCBLD1	0.408022266100567
DCDC2C	0.408022266100567
DCLRE1CP1	0.408022266100567
DCTN1	0.408022266100567
DCTN1-AS1	0.408022266100567
DCTN6	0.408022266100567
DCTPP1	0.408022266100567
DCUN1D2	0.408022266100567
DDC	0.408022266100567
DDIT3	0.408022266100567
DDIT4L	0.408022266100567
DDOST	0.408022266100567
DDT	0.408022266100567
DDTL	0.408022266100567
DDX11L1	0.408022266100567
DDX11L10	0.408022266100567
DDX12P	0.408022266100567
DDX18P3	0.408022266100567
DDX20	0.408022266100567
DDX25	0.408022266100567
DDX28	0.408022266100567
DDX60L	0.408022266100567
DDX6P2	0.408022266100567
DEC1	0.408022266100567
DEFA3	0.408022266100567
DEFA4	0.408022266100567
DEFA5	0.408022266100567
DEFA6	0.408022266100567
DEFB104A	0.408022266100567
DEFB105A	0.408022266100567
DEFB105B	0.408022266100567
DEFB106A	0.408022266100567
DEFB107B	0.408022266100567
DEFB108B	0.408022266100567
DEFB108F	0.408022266100567
DEFB110	0.408022266100567
DEFB112	0.408022266100567
DEFB113	0.408022266100567
DEFB114	0.408022266100567
DEFB115	0.408022266100567
DEFB116	0.408022266100567
DEFB119	0.408022266100567
DEFB125	0.408022266100567
DEFB128	0.408022266100567
DEFB131B	0.408022266100567
DEFB132	0.408022266100567
DEFB134	0.408022266100567
DEFB135	0.408022266100567
DEFB136	0.408022266100567
DEFB4A	0.408022266100567
DEFB4B	0.408022266100567
DEGS1	0.408022266100567
DEGS2	0.408022266100567
DEPDC4	0.408022266100567
DEPP1	0.408022266100567
DERA	0.408022266100567
DERL3	0.408022266100567
DEUP1	0.408022266100567
DFFB	0.408022266100567
DGCR5	0.408022266100567
DGCR6	0.408022266100567
DHRS12	0.408022266100567
DHRS13	0.408022266100567
DHRS4-AS1	0.408022266100567
DHRS4L2	0.408022266100567
DHX32	0.408022266100567
DHX37	0.408022266100567
DIAPH3	0.408022266100567
DIO1	0.408022266100567
DIRAS3	0.408022266100567
DIRC1	0.408022266100567
DIRC3	0.408022266100567
DIS3L2P1	0.408022266100567
DKFZp779M0652	0.408022266100567
DKK2	0.408022266100567
DKK4	0.408022266100567
DLEC1P1	0.408022266100567
DLEU1	0.408022266100567
DLK1	0.408022266100567
DMAC1	0.408022266100567
DMAC2	0.408022266100567
DMBT1P1	0.408022266100567
DMKN	0.408022266100567
DNAAF1	0.408022266100567
DNAAF3	0.408022266100567
DNAH11	0.408022266100567
DNAH12	0.408022266100567
DNAH14	0.408022266100567
DNAH3	0.408022266100567
DNAH8	0.408022266100567
DNAJB6	0.408022266100567
DNAJB7	0.408022266100567
DNAJC18	0.408022266100567
DNAJC19P3	0.408022266100567
DNAJC22	0.408022266100567
DNAJC28	0.408022266100567
DNAJC5G	0.408022266100567
DNASE1	0.408022266100567
DNLZ	0.408022266100567
DNM1P17	0.408022266100567
DNM1P28	0.408022266100567
DNM1P33	0.408022266100567
DNM1P34	0.408022266100567
DNM1P35	0.408022266100567
DNM1P38	0.408022266100567
DNM1P46	0.408022266100567
DNM1P47	0.408022266100567
DNM1P49	0.408022266100567
DNMT3B	0.408022266100567
DNMT3L	0.408022266100567
DNPH1	0.408022266100567
DOCK1	0.408022266100567
DOCK9	0.408022266100567
DOCK9-DT	0.408022266100567
DPEP1	0.408022266100567
DPEP2	0.408022266100567
DPEP2NB	0.408022266100567
DPEP3	0.408022266100567
DPM1	0.408022266100567
DPPA3	0.408022266100567
DPPA3P2	0.408022266100567
DPY19L1P1	0.408022266100567
DPY19L1P2	0.408022266100567
DPY19L2P1	0.408022266100567
DPY19L2P2	0.408022266100567
DPY19L2P3	0.408022266100567
DRC3	0.408022266100567
DRD5	0.408022266100567
DSC3	0.408022266100567
DSCC1	0.408022266100567
DSCR10	0.408022266100567
DSCR4	0.408022266100567
DSCR8	0.408022266100567
DSG1	0.408022266100567
DSG2	0.408022266100567
DTX2P1	0.408022266100567
DUOX2	0.408022266100567
DUOXA2	0.408022266100567
DUSP22	0.408022266100567
DUSP27	0.408022266100567
DUSP8P3	0.408022266100567
DUX4	0.408022266100567
DUXB	0.408022266100567
DWORF	0.408022266100567
DXO	0.408022266100567
DYDC1	0.408022266100567
DYNC2LI1	0.408022266100567
DYSF	0.408022266100567
DZIP3	0.408022266100567
E2F2	0.408022266100567
EAPP	0.408022266100567
EBLN1	0.408022266100567
EBLN2	0.408022266100567
ECD	0.408022266100567
ECEL1P1	0.408022266100567
ECHDC2	0.408022266100567
ECI2	0.408022266100567
ECSCR	0.408022266100567
ECT2L	0.408022266100567
EDDM13	0.408022266100567
EDDM3A	0.408022266100567
EDN3	0.408022266100567
EEF1A1P16	0.408022266100567
EEF1DP2	0.408022266100567
EEF1DP4	0.408022266100567
EEF1E1-BLOC1S5	0.408022266100567
EEF2KMT	0.408022266100567
EEFSEC	0.408022266100567
EFCAB10	0.408022266100567
EFCAB12	0.408022266100567
EFCAB9	0.408022266100567
EFCC1	0.408022266100567
EFHB	0.408022266100567
EFL1P1	0.408022266100567
EFS	0.408022266100567
EGFEM1P	0.408022266100567
EGFL7	0.408022266100567
EHHADH	0.408022266100567
EID3	0.408022266100567
EIF1	0.408022266100567
EIF2B4	0.408022266100567
EIF2S3B	0.408022266100567
EIF3C	0.408022266100567
EIF3IP1	0.408022266100567
EIF4EBP3	0.408022266100567
EIF5AL1	0.408022266100567
ELAC1	0.408022266100567
ELK2BP	0.408022266100567
ELL3	0.408022266100567
ELMO2P1	0.408022266100567
ELOA2	0.408022266100567
ELOA3	0.408022266100567
ELOA3B	0.408022266100567
ELOA3C	0.408022266100567
ELOA3D	0.408022266100567
ELOB	0.408022266100567
ELOBP3	0.408022266100567
ELP3	0.408022266100567
ELP5	0.408022266100567
ELP6	0.408022266100567
EMB	0.408022266100567
EMBP1	0.408022266100567
EMC3-AS1	0.408022266100567
EML4	0.408022266100567
EML5	0.408022266100567
ENDOD1	0.408022266100567
ENHO	0.408022266100567
ENKD1	0.408022266100567
ENKUR	0.408022266100567
ENO4	0.408022266100567
ENPP6	0.408022266100567
ENTPD1-AS1	0.408022266100567
ENTPD3	0.408022266100567
ENTPD7	0.408022266100567
ENTR1	0.408022266100567
EP400P1	0.408022266100567
EPB41L2	0.408022266100567
EPB41L5	0.408022266100567
EPHA1-AS1	0.408022266100567
EPHA2	0.408022266100567
EPHA8	0.408022266100567
EPM2A	0.408022266100567
EPPIN	0.408022266100567
EPPIN-WFDC6	0.408022266100567
EPS8	0.408022266100567
EPX	0.408022266100567
EQTN	0.408022266100567
ERAP1	0.408022266100567
ERCC3	0.408022266100567
ERCC6L2	0.408022266100567
ERFE	0.408022266100567
ERHP2	0.408022266100567
ERICH4	0.408022266100567
ERMP1	0.408022266100567
ERP27	0.408022266100567
ERV3-1	0.408022266100567
ERVK3-1	0.408022266100567
ERVMER34-1	0.408022266100567
ERVMER61-1	0.408022266100567
ERVV-2	0.408022266100567
ERVW-1	0.408022266100567
ESD	0.408022266100567
ESF1	0.408022266100567
ESPNP	0.408022266100567
ESRRAP1	0.408022266100567
ESRRAP2	0.408022266100567
ESYT3	0.408022266100567
ETFRF1	0.408022266100567
ETV2	0.408022266100567
EVI2A	0.408022266100567
EVI2B	0.408022266100567
EVI5L	0.408022266100567
EVPLL	0.408022266100567
EWSAT1	0.408022266100567
EXOC1L	0.408022266100567
EXOC6B	0.408022266100567
F11	0.408022266100567
F12	0.408022266100567
F2RL1	0.408022266100567
F2RL3	0.408022266100567
FA2H	0.408022266100567
FAAP100	0.408022266100567
FAAP20	0.408022266100567
FAAP24	0.408022266100567
FABP12	0.408022266100567
FABP9	0.408022266100567
FADS6	0.408022266100567
FAHD2B	0.408022266100567
FAHD2CP	0.408022266100567
FAM107A	0.408022266100567
FAM111A	0.408022266100567
FAM111B	0.408022266100567
FAM118A	0.408022266100567
FAM120AOS	0.408022266100567
FAM124B	0.408022266100567
FAM151A	0.408022266100567
FAM151B	0.408022266100567
FAM153A	0.408022266100567
FAM153B	0.408022266100567
FAM153C	0.408022266100567
FAM157A	0.408022266100567
FAM163B	0.408022266100567
FAM166A	0.408022266100567
FAM166B	0.408022266100567
FAM167B	0.408022266100567
FAM169B	0.408022266100567
FAM170A	0.408022266100567
FAM170B	0.408022266100567
FAM173A	0.408022266100567
FAM174B	0.408022266100567
FAM177B	0.408022266100567
FAM178B	0.408022266100567
FAM180A	0.408022266100567
FAM182B	0.408022266100567
FAM183A	0.408022266100567
FAM183BP	0.408022266100567
FAM184A	0.408022266100567
FAM184B	0.408022266100567
FAM187B	0.408022266100567
FAM193B	0.408022266100567
FAM200B	0.408022266100567
FAM205BP	0.408022266100567
FAM205C	0.408022266100567
FAM20C	0.408022266100567
FAM210B	0.408022266100567
FAM216B	0.408022266100567
FAM217A	0.408022266100567
FAM217B	0.408022266100567
FAM218A	0.408022266100567
FAM219A	0.408022266100567
FAM21EP	0.408022266100567
FAM21FP	0.408022266100567
FAM220A	0.408022266100567
FAM220BP	0.408022266100567
FAM221B	0.408022266100567
FAM229A	0.408022266100567
FAM229B	0.408022266100567
FAM230G	0.408022266100567
FAM230I	0.408022266100567
FAM234B	0.408022266100567
FAM237A	0.408022266100567
FAM237B	0.408022266100567
FAM238B	0.408022266100567
FAM240A	0.408022266100567
FAM240B	0.408022266100567
FAM241B	0.408022266100567
FAM243A	0.408022266100567
FAM24A	0.408022266100567
FAM24B	0.408022266100567
FAM25A	0.408022266100567
FAM25C	0.408022266100567
FAM25E	0.408022266100567
FAM25G	0.408022266100567
FAM27E3	0.408022266100567
FAM27E5	0.408022266100567
FAM53A	0.408022266100567
FAM71A	0.408022266100567
FAM71C	0.408022266100567
FAM71D	0.408022266100567
FAM71E2	0.408022266100567
FAM72B	0.408022266100567
FAM72D	0.408022266100567
FAM78A	0.408022266100567
FAM83C	0.408022266100567
FAM83D	0.408022266100567
FAM86B1	0.408022266100567
FAM86B2	0.408022266100567
FAM86B3P	0.408022266100567
FAM86C1	0.408022266100567
FAM86C2P	0.408022266100567
FAM86DP	0.408022266100567
FAM86EP	0.408022266100567
FAM86GP	0.408022266100567
FAM86HP	0.408022266100567
FAM86JP	0.408022266100567
FAM86KP	0.408022266100567
FAM86LP	0.408022266100567
FAM86MP	0.408022266100567
FAM90A1	0.408022266100567
FAM90A20P	0.408022266100567
FAM90A27P	0.408022266100567
FAM90A28P	0.408022266100567
FAM92A1P1	0.408022266100567
FAM92A1P2	0.408022266100567
FAM92B	0.408022266100567
FAN1	0.408022266100567
FANCA	0.408022266100567
FANCC	0.408022266100567
FANCD2P2	0.408022266100567
FANCE	0.408022266100567
FANCF	0.408022266100567
FAR2P4	0.408022266100567
FASLG	0.408022266100567
FASTKD1	0.408022266100567
FASTKD2	0.408022266100567
FASTKD3	0.408022266100567
FASTKD5	0.408022266100567
FAXDC2	0.408022266100567
FBXL12	0.408022266100567
FBXL13	0.408022266100567
FBXL21	0.408022266100567
FBXL8	0.408022266100567
FBXO36	0.408022266100567
FBXO36P1	0.408022266100567
FBXO5	0.408022266100567
FCAMR	0.408022266100567
FCER1A	0.408022266100567
FCGBP	0.408022266100567
FCGR1B	0.408022266100567
FCGR2C	0.408022266100567
FCGR3A	0.408022266100567
FCGR3B	0.408022266100567
FCN1	0.408022266100567
FCN3	0.408022266100567
FCRL2	0.408022266100567
FCRL6	0.408022266100567
FCRLA	0.408022266100567
FDCSP	0.408022266100567
FDX1	0.408022266100567
FDXR	0.408022266100567
FER1L4	0.408022266100567
FER1L5	0.408022266100567
FER1L6	0.408022266100567
FFAR3	0.408022266100567
FGD5P1	0.408022266100567
FGF1	0.408022266100567
FGF21	0.408022266100567
FGF22	0.408022266100567
FGF23	0.408022266100567
FGF7P2	0.408022266100567
FGF8	0.408022266100567
FGFBP1	0.408022266100567
FGFBP2	0.408022266100567
FGFBP3	0.408022266100567
FGFR3P6	0.408022266100567
FHAD1	0.408022266100567
FHDC1	0.408022266100567
FHL2	0.408022266100567
FIG4	0.408022266100567
FIGNL1	0.408022266100567
FILIP1	0.408022266100567
FJX1	0.408022266100567
FKBP10	0.408022266100567
FKBP1A	0.408022266100567
FKBP1C	0.408022266100567
FKBP7	0.408022266100567
FKBP9P1	0.408022266100567
FLG	0.408022266100567
FLJ40288	0.408022266100567
FLJ42393	0.408022266100567
FLNC	0.408022266100567
FLYWCH2	0.408022266100567
FMNL2	0.408022266100567
FMO2	0.408022266100567
FMO4	0.408022266100567
FMO5	0.408022266100567
FMO6P	0.408022266100567
FMO9P	0.408022266100567
FN3KRP	0.408022266100567
FNIP2	0.408022266100567
FO393400.1	0.408022266100567
FO681492.1	0.408022266100567
FOLH1B	0.408022266100567
FOLR3	0.408022266100567
FOXD4L3	0.408022266100567
FOXD4L4	0.408022266100567
FOXD4L5	0.408022266100567
FOXD4L6	0.408022266100567
FOXE3	0.408022266100567
FOXH1	0.408022266100567
FOXJ1	0.408022266100567
FOXL1	0.408022266100567
FOXL2NB	0.408022266100567
FOXR1	0.408022266100567
FOXRED1	0.408022266100567
FOXRED2	0.408022266100567
FP325317.1	0.408022266100567
FP565260.1	0.408022266100567
FP565260.3	0.408022266100567
FPR2	0.408022266100567
FREM1	0.408022266100567
FRG1BP	0.408022266100567
FRG1CP	0.408022266100567
FRG1DP	0.408022266100567
FRG1EP	0.408022266100567
FRG1FP	0.408022266100567
FRG1GP	0.408022266100567
FRG1HP	0.408022266100567
FRG1JP	0.408022266100567
FRG2	0.408022266100567
FRG2B	0.408022266100567
FRG2C	0.408022266100567
FRG2DP	0.408022266100567
FRG2FP	0.408022266100567
FRG2JP	0.408022266100567
FRG2KP	0.408022266100567
FRMPD2	0.408022266100567
FRMPD2B	0.408022266100567
FSCB	0.408022266100567
FSD1L	0.408022266100567
FSD2	0.408022266100567
FSIP1	0.408022266100567
FTCD	0.408022266100567
FTL	0.408022266100567
FTLP10	0.408022266100567
FTOP1	0.408022266100567
FUNDC2P2	0.408022266100567
FUT3	0.408022266100567
FUT5	0.408022266100567
FXYD4	0.408022266100567
FXYD5	0.408022266100567
FXYD6-FXYD2	0.408022266100567
FYCO1	0.408022266100567
FZD5	0.408022266100567
G0S2	0.408022266100567
G6PC	0.408022266100567
GACAT2	0.408022266100567
GALE	0.408022266100567
GALNT10	0.408022266100567
GALNT6	0.408022266100567
GALNTL5	0.408022266100567
GALR2	0.408022266100567
GAN	0.408022266100567
GAPDHP27	0.408022266100567
GAPT	0.408022266100567
GAS2L2	0.408022266100567
GAS8	0.408022266100567
GASAL1	0.408022266100567
GATA6	0.408022266100567
GATD3A	0.408022266100567
GATD3B	0.408022266100567
GBA3	0.408022266100567
GBAP1	0.408022266100567
GBE1	0.408022266100567
GBP1P1	0.408022266100567
GBP4	0.408022266100567
GBP7	0.408022266100567
GCC2-AS1	0.408022266100567
GCGR	0.408022266100567
GCNT2P	0.408022266100567
GCOM1	0.408022266100567
GCSAML-AS1	0.408022266100567
GDE1	0.408022266100567
GDF10	0.408022266100567
GDF11	0.408022266100567
GDF9	0.408022266100567
GDI2	0.408022266100567
GDNF	0.408022266100567
GDPD4	0.408022266100567
GEMIN6	0.408022266100567
GEMIN7	0.408022266100567
GEN1	0.408022266100567
GFRAL	0.408022266100567
GGA1	0.408022266100567
GGACT	0.408022266100567
GGN	0.408022266100567
GGNBP1	0.408022266100567
GGT2	0.408022266100567
GGT4P	0.408022266100567
GGT6	0.408022266100567
GGT8P	0.408022266100567
GGTA1P	0.408022266100567
GGTLC2	0.408022266100567
GGTLC4P	0.408022266100567
GH2	0.408022266100567
GHDC	0.408022266100567
GHR	0.408022266100567
GHRH	0.408022266100567
GHRL	0.408022266100567
GIHCG	0.408022266100567
GIMAP1-GIMAP5	0.408022266100567
GIMAP2	0.408022266100567
GIMAP5	0.408022266100567
GIMAP7	0.408022266100567
GIMAP8	0.408022266100567
GIMD1	0.408022266100567
GINS1	0.408022266100567
GINS4	0.408022266100567
GIP	0.408022266100567
GIPC2	0.408022266100567
GJB2	0.408022266100567
GJB3	0.408022266100567
GJB4	0.408022266100567
GJB5	0.408022266100567
GJB7	0.408022266100567
GJC3	0.408022266100567
GJD4	0.408022266100567
GJE1	0.408022266100567
GK2	0.408022266100567
GK3P	0.408022266100567
GKN3P	0.408022266100567
GLB1L2	0.408022266100567
GLB1L3	0.408022266100567
GLIPR1L1	0.408022266100567
GLIPR2	0.408022266100567
GLRX	0.408022266100567
GLRX3	0.408022266100567
GLRX3P2	0.408022266100567
GLRX5	0.408022266100567
GLRXP3	0.408022266100567
GLT6D1	0.408022266100567
GLYAT	0.408022266100567
GLYATL1B	0.408022266100567
GLYATL1P1	0.408022266100567
GLYATL1P4	0.408022266100567
GLYATL2	0.408022266100567
GLYATL3	0.408022266100567
GLYCTK	0.408022266100567
GMCL2	0.408022266100567
GMEB1	0.408022266100567
GMFB	0.408022266100567
GML	0.408022266100567
GMNN	0.408022266100567
GNAS-AS1	0.408022266100567
GNB1L	0.408022266100567
GNG12	0.408022266100567
GNG13	0.408022266100567
GNG14	0.408022266100567
GNG2	0.408022266100567
GNG4	0.408022266100567
GNG5	0.408022266100567
GNG7	0.408022266100567
GNL2	0.408022266100567
GNLY	0.408022266100567
GNMT	0.408022266100567
GNRH2	0.408022266100567
GNRHR	0.408022266100567
GNRHR2P1	0.408022266100567
GOLGA2P11	0.408022266100567
GOLGA2P4	0.408022266100567
GOLGA2P5	0.408022266100567
GOLGA2P6	0.408022266100567
GOLGA6A	0.408022266100567
GOLGA6B	0.408022266100567
GOLGA6C	0.408022266100567
GOLGA6D	0.408022266100567
GOLGA6L1	0.408022266100567
GOLGA6L10	0.408022266100567
GOLGA6L17P	0.408022266100567
GOLGA6L2	0.408022266100567
GOLGA6L22	0.408022266100567
GOLGA6L4	0.408022266100567
GOLGA6L6	0.408022266100567
GOLGA6L7	0.408022266100567
GOLGA6L9	0.408022266100567
GOLGA8A	0.408022266100567
GOLGA8B	0.408022266100567
GOLGA8CP	0.408022266100567
GOLGA8DP	0.408022266100567
GOLGA8F	0.408022266100567
GOLGA8H	0.408022266100567
GOLGA8IP	0.408022266100567
GOLGA8J	0.408022266100567
GOLGA8K	0.408022266100567
GOLGA8N	0.408022266100567
GOLGA8O	0.408022266100567
GOLGA8R	0.408022266100567
GOLGA8S	0.408022266100567
GOLGA8T	0.408022266100567
GOLGA8UP	0.408022266100567
GOLGA8VP	0.408022266100567
GON7	0.408022266100567
GOSR2	0.408022266100567
GOT1L1	0.408022266100567
GP1BA	0.408022266100567
GP1BB	0.408022266100567
GP5	0.408022266100567
GPAT2P1	0.408022266100567
GPATCH4	0.408022266100567
GPBAR1	0.408022266100567
GPC5	0.408022266100567
GPLD1	0.408022266100567
GPR132	0.408022266100567
GPR137C	0.408022266100567
GPR141	0.408022266100567
GPR142	0.408022266100567
GPR148	0.408022266100567
GPR151	0.408022266100567
GPR153	0.408022266100567
GPR27	0.408022266100567
GPR31	0.408022266100567
GPR32	0.408022266100567
GPR33	0.408022266100567
GPR37L1	0.408022266100567
GPR39	0.408022266100567
GPR42	0.408022266100567
GPR6	0.408022266100567
GPR75	0.408022266100567
GPR78	0.408022266100567
GPR83	0.408022266100567
GPR84	0.408022266100567
GPR89A	0.408022266100567
GPR89B	0.408022266100567
GPX1	0.408022266100567
GPX6	0.408022266100567
GPX7	0.408022266100567
GRAMD1A	0.408022266100567
GREM2	0.408022266100567
GRHL2	0.408022266100567
GRID2	0.408022266100567
GRIFIN	0.408022266100567
GRIP2	0.408022266100567
GRK4	0.408022266100567
GRM6	0.408022266100567
GSDMB	0.408022266100567
GSDMD	0.408022266100567
GSEC	0.408022266100567
GSG1	0.408022266100567
GSG1L2	0.408022266100567
GSN	0.408022266100567
GSN-AS1	0.408022266100567
GSTA10P	0.408022266100567
GSTA11P	0.408022266100567
GSTA12P	0.408022266100567
GSTA2	0.408022266100567
GSTA5	0.408022266100567
GSTA6P	0.408022266100567
GSTA7P	0.408022266100567
GSTM1	0.408022266100567
GSTM2P1	0.408022266100567
GSTM4	0.408022266100567
GSTO2	0.408022266100567
GSTT2	0.408022266100567
GTF2A1L	0.408022266100567
GTF2H2	0.408022266100567
GTF2IP1	0.408022266100567
GTF2IP12	0.408022266100567
GTF2IP23	0.408022266100567
GTF2IP4	0.408022266100567
GTF2IP7	0.408022266100567
GTF2IP9	0.408022266100567
GTF2IRD1P1	0.408022266100567
GTF2IRD2	0.408022266100567
GTF2IRD2P1	0.408022266100567
GTSCR1	0.408022266100567
GTSE1	0.408022266100567
GUCA1C	0.408022266100567
GUCA2A	0.408022266100567
GUCA2B	0.408022266100567
GUCY1A1	0.408022266100567
GUCY1B1	0.408022266100567
GUCY1B2	0.408022266100567
GUCY2D	0.408022266100567
GUCY2EP	0.408022266100567
GUK1	0.408022266100567
GULOP	0.408022266100567
GUSBP1	0.408022266100567
GUSBP10	0.408022266100567
GUSBP4	0.408022266100567
GUSBP6	0.408022266100567
GVQW2	0.408022266100567
GYG1	0.408022266100567
GYG1P1	0.408022266100567
GYPB	0.408022266100567
GZMH	0.408022266100567
GZMM	0.408022266100567
H1FNT	0.408022266100567
H1FX-AS1	0.408022266100567
H2AFVP1	0.408022266100567
H3.Y	0.408022266100567
H3F3C	0.408022266100567
HADHAP2	0.408022266100567
HAGHL	0.408022266100567
HAMP	0.408022266100567
HAND2	0.408022266100567
HAND2-AS1	0.408022266100567
HARS2	0.408022266100567
HAS2-AS1	0.408022266100567
HAUS1	0.408022266100567
HAUS2	0.408022266100567
HAVCR1	0.408022266100567
HAX1	0.408022266100567
HBA2	0.408022266100567
HBD	0.408022266100567
HBE1	0.408022266100567
HBQ1	0.408022266100567
HBZ	0.408022266100567
HCAR1	0.408022266100567
HCFC1R1	0.408022266100567
HCG17	0.408022266100567
HCG27	0.408022266100567
HCG4	0.408022266100567
HCST	0.408022266100567
HDAC10	0.408022266100567
HDC	0.408022266100567
HDDC2	0.408022266100567
HDHD5-AS1	0.408022266100567
HEATR1	0.408022266100567
HEATR9	0.408022266100567
HEBP1	0.408022266100567
HEMGN	0.408022266100567
HENMT1	0.408022266100567
HEPACAM2	0.408022266100567
HEPN1	0.408022266100567
HERC1	0.408022266100567
HERC2P10	0.408022266100567
HERC2P2	0.408022266100567
HERC2P3	0.408022266100567
HERC2P4	0.408022266100567
HERC2P8	0.408022266100567
HERC2P9	0.408022266100567
HES2	0.408022266100567
HES5	0.408022266100567
HES6	0.408022266100567
HEXIM2	0.408022266100567
HHAT	0.408022266100567
HHLA1	0.408022266100567
HHLA2	0.408022266100567
HHLA3	0.408022266100567
HIGD1B	0.408022266100567
HIGD1C	0.408022266100567
HIGD2A	0.408022266100567
HIGD2B	0.408022266100567
HILPDA	0.408022266100567
HINT2	0.408022266100567
HINT3	0.408022266100567
HIP1	0.408022266100567
HIST1H1A	0.408022266100567
HIST1H1T	0.408022266100567
HIST1H2AB	0.408022266100567
HIST1H2AI	0.408022266100567
HIST1H2AK	0.408022266100567
HIST1H2AL	0.408022266100567
HIST1H2BC	0.408022266100567
HIST1H2BE	0.408022266100567
HIST1H2BF	0.408022266100567
HIST1H2BH	0.408022266100567
HIST1H3A	0.408022266100567
HIST1H3B	0.408022266100567
HIST1H3D	0.408022266100567
HIST1H3E	0.408022266100567
HIST1H3F	0.408022266100567
HIST1H3G	0.408022266100567
HIST1H4B	0.408022266100567
HIST1H4C	0.408022266100567
HIST1H4D	0.408022266100567
HIST1H4E	0.408022266100567
HIST1H4F	0.408022266100567
HIST1H4G	0.408022266100567
HIST1H4H	0.408022266100567
HIST1H4I	0.408022266100567
HIST1H4J	0.408022266100567
HIST1H4K	0.408022266100567
HIST1H4L	0.408022266100567
HIST2H3D	0.408022266100567
HIST2H3DP1	0.408022266100567
HIST2H3PS2	0.408022266100567
HIST3H2A	0.408022266100567
HIST3H3	0.408022266100567
HIVEP1	0.408022266100567
HK2	0.408022266100567
HK3	0.408022266100567
HLA-A	0.408022266100567
HLA-DOA	0.408022266100567
HLA-DOB	0.408022266100567
HLA-DPA3	0.408022266100567
HLA-DQA2	0.408022266100567
HLA-DQB2	0.408022266100567
HLA-DRB5	0.408022266100567
HLA-DRB9	0.408022266100567
HLA-G	0.408022266100567
HLA-H	0.408022266100567
HLA-K	0.408022266100567
HLA-W	0.408022266100567
HMGA2	0.408022266100567
HMGB1P1	0.408022266100567
HMGB1P28	0.408022266100567
HMGB1P40	0.408022266100567
HMGB3P1	0.408022266100567
HMGCL	0.408022266100567
HMGCS2	0.408022266100567
HMGN2	0.408022266100567
HMGN2P40	0.408022266100567
HMGN2P46	0.408022266100567
HMGN4	0.408022266100567
HMHB1	0.408022266100567
HMMR	0.408022266100567
HNMT	0.408022266100567
HNRNPA1P30	0.408022266100567
HNRNPA1P34	0.408022266100567
HNRNPA1P41	0.408022266100567
HNRNPA1P48	0.408022266100567
HNRNPA1P57	0.408022266100567
HNRNPA3P1	0.408022266100567
HNRNPCL2	0.408022266100567
HNRNPCL3	0.408022266100567
HOGA1	0.408022266100567
HOMER2P1	0.408022266100567
HOOK1	0.408022266100567
HOPX	0.408022266100567
HOXA4	0.408022266100567
HOXB9	0.408022266100567
HOXC12	0.408022266100567
HPN-AS1	0.408022266100567
HPS4	0.408022266100567
HPX	0.408022266100567
HRASLS5	0.408022266100567
HRCT1	0.408022266100567
HRH4	0.408022266100567
HRNR	0.408022266100567
HS1BP3	0.408022266100567
HSBP1L1	0.408022266100567
HSD11B1	0.408022266100567
HSD17B12	0.408022266100567
HSD17B4	0.408022266100567
HSD17B7	0.408022266100567
HSD17B7P2	0.408022266100567
HSD3BP2	0.408022266100567
HSD3BP3	0.408022266100567
HSD3BP5	0.408022266100567
HSF5	0.408022266100567
HSH2D	0.408022266100567
HSP90AA4P	0.408022266100567
HSP90AA6P	0.408022266100567
HSP90AB2P	0.408022266100567
HSP90AB3P	0.408022266100567
HSP90B3P	0.408022266100567
HSPA7	0.408022266100567
HSPA8P11	0.408022266100567
HSPA8P14	0.408022266100567
HSPB1	0.408022266100567
HSPB3	0.408022266100567
HSPB9	0.408022266100567
HSPE1P23	0.408022266100567
HSPH1	0.408022266100567
HTD2	0.408022266100567
HTN3	0.408022266100567
HTR3C	0.408022266100567
HTR3D	0.408022266100567
HTR3E	0.408022266100567
HUS1B	0.408022266100567
HVCN1	0.408022266100567
HYAL4	0.408022266100567
HYDIN2	0.408022266100567
IAPP	0.408022266100567
ICAM3	0.408022266100567
ICAM4	0.408022266100567
ICE2P1	0.408022266100567
ICOS	0.408022266100567
ID3	0.408022266100567
IDI2	0.408022266100567
IFFO2	0.408022266100567
IFI27L2	0.408022266100567
IFI30	0.408022266100567
IFI44	0.408022266100567
IFIH1	0.408022266100567
IFIT1	0.408022266100567
IFIT1B	0.408022266100567
IFIT2	0.408022266100567
IFIT5	0.408022266100567
IFITM2	0.408022266100567
IFITM5	0.408022266100567
IFNA1	0.408022266100567
IFNA10	0.408022266100567
IFNA13	0.408022266100567
IFNA14	0.408022266100567
IFNA16	0.408022266100567
IFNA17	0.408022266100567
IFNA2	0.408022266100567
IFNA21	0.408022266100567
IFNA4	0.408022266100567
IFNA5	0.408022266100567
IFNA6	0.408022266100567
IFNA7	0.408022266100567
IFNA8	0.408022266100567
IFNAR2	0.408022266100567
IFNB1	0.408022266100567
IFNE	0.408022266100567
IFNK	0.408022266100567
IFNL2	0.408022266100567
IFNL3	0.408022266100567
IFNL3P1	0.408022266100567
IFNL4	0.408022266100567
IFNW1	0.408022266100567
IFRD1	0.408022266100567
IFT122	0.408022266100567
IFT20	0.408022266100567
IGFALS	0.408022266100567
IGFBP7	0.408022266100567
IGFL1	0.408022266100567
IGFL1P2	0.408022266100567
IGFL4	0.408022266100567
IGFLR1	0.408022266100567
IGHA2	0.408022266100567
IGHD	0.408022266100567
IGHD1-1	0.408022266100567
IGHD1-26	0.408022266100567
IGHD2-15	0.408022266100567
IGHD2-2	0.408022266100567
IGHD2-21	0.408022266100567
IGHD2-8	0.408022266100567
IGHD3-16	0.408022266100567
IGHD5-18	0.408022266100567
IGHD5-24	0.408022266100567
IGHD5-5	0.408022266100567
IGHD6-13	0.408022266100567
IGHD6-19	0.408022266100567
IGHE	0.408022266100567
IGHEP1	0.408022266100567
IGHG3	0.408022266100567
IGHGP	0.408022266100567
IGHJ6	0.408022266100567
IGHM	0.408022266100567
IGHV1-12	0.408022266100567
IGHV1-18	0.408022266100567
IGHV1-2	0.408022266100567
IGHV1-24	0.408022266100567
IGHV1-3	0.408022266100567
IGHV1-45	0.408022266100567
IGHV1-58	0.408022266100567
IGHV1-69	0.408022266100567
IGHV1-69-2	0.408022266100567
IGHV1-69D	0.408022266100567
IGHV1OR15-1	0.408022266100567
IGHV1OR15-3	0.408022266100567
IGHV1OR15-4	0.408022266100567
IGHV1OR15-9	0.408022266100567
IGHV1OR21-1	0.408022266100567
IGHV2-26	0.408022266100567
IGHV2-5	0.408022266100567
IGHV2-70D	0.408022266100567
IGHV2OR16-5	0.408022266100567
IGHV3-11	0.408022266100567
IGHV3-13	0.408022266100567
IGHV3-15	0.408022266100567
IGHV3-16	0.408022266100567
IGHV3-20	0.408022266100567
IGHV3-21	0.408022266100567
IGHV3-23	0.408022266100567
IGHV3-32	0.408022266100567
IGHV3-33	0.408022266100567
IGHV3-35	0.408022266100567
IGHV3-38	0.408022266100567
IGHV3-43	0.408022266100567
IGHV3-47	0.408022266100567
IGHV3-48	0.408022266100567
IGHV3-49	0.408022266100567
IGHV3-53	0.408022266100567
IGHV3-64	0.408022266100567
IGHV3-66	0.408022266100567
IGHV3-7	0.408022266100567
IGHV3-71	0.408022266100567
IGHV3-72	0.408022266100567
IGHV3-73	0.408022266100567
IGHV3-74	0.408022266100567
IGHV3OR15-7	0.408022266100567
IGHV3OR16-10	0.408022266100567
IGHV3OR16-12	0.408022266100567
IGHV3OR16-13	0.408022266100567
IGHV3OR16-6	0.408022266100567
IGHV3OR16-8	0.408022266100567
IGHV3OR16-9	0.408022266100567
IGHV4-28	0.408022266100567
IGHV4-31	0.408022266100567
IGHV4-34	0.408022266100567
IGHV4-39	0.408022266100567
IGHV4-4	0.408022266100567
IGHV4-61	0.408022266100567
IGHV4OR15-8	0.408022266100567
IGHV5-10-1	0.408022266100567
IGHV5-51	0.408022266100567
IGHV5-78	0.408022266100567
IGHV6-1	0.408022266100567
IGHV7-4-1	0.408022266100567
IGHV7-56	0.408022266100567
IGHV7-81	0.408022266100567
IGHVII-26-2	0.408022266100567
IGHVII-49-1	0.408022266100567
IGHVII-78-1	0.408022266100567
IGHVIII-51-1	0.408022266100567
IGIP	0.408022266100567
IGKC	0.408022266100567
IGKV1-12	0.408022266100567
IGKV1-13	0.408022266100567
IGKV1-16	0.408022266100567
IGKV1-17	0.408022266100567
IGKV1-27	0.408022266100567
IGKV1-33	0.408022266100567
IGKV1-37	0.408022266100567
IGKV1-39	0.408022266100567
IGKV1-5	0.408022266100567
IGKV1-6	0.408022266100567
IGKV1-8	0.408022266100567
IGKV1-9	0.408022266100567
IGKV1D-12	0.408022266100567
IGKV1D-13	0.408022266100567
IGKV1D-16	0.408022266100567
IGKV1D-17	0.408022266100567
IGKV1D-27	0.408022266100567
IGKV1D-33	0.408022266100567
IGKV1D-37	0.408022266100567
IGKV1D-39	0.408022266100567
IGKV1D-42	0.408022266100567
IGKV1D-43	0.408022266100567
IGKV1D-8	0.408022266100567
IGKV1OR-3	0.408022266100567
IGKV1OR10-1	0.408022266100567
IGKV1OR2-108	0.408022266100567
IGKV1OR22-1	0.408022266100567
IGKV1OR22-5	0.408022266100567
IGKV2-24	0.408022266100567
IGKV2-28	0.408022266100567
IGKV2-29	0.408022266100567
IGKV2-30	0.408022266100567
IGKV2-4	0.408022266100567
IGKV2D-10	0.408022266100567
IGKV2D-18	0.408022266100567
IGKV2D-24	0.408022266100567
IGKV2D-26	0.408022266100567
IGKV2D-28	0.408022266100567
IGKV2D-29	0.408022266100567
IGKV2D-30	0.408022266100567
IGKV2D-40	0.408022266100567
IGKV2OR22-4	0.408022266100567
IGKV3-11	0.408022266100567
IGKV3-15	0.408022266100567
IGKV3-20	0.408022266100567
IGKV3-34	0.408022266100567
IGKV3-7	0.408022266100567
IGKV3D-11	0.408022266100567
IGKV3D-15	0.408022266100567
IGKV3D-20	0.408022266100567
IGKV3D-7	0.408022266100567
IGKV3OR2-268	0.408022266100567
IGKV4-1	0.408022266100567
IGKV5-2	0.408022266100567
IGKV6-21	0.408022266100567
IGKV6D-21	0.408022266100567
IGKV6D-41	0.408022266100567
IGLC2	0.408022266100567
IGLC3	0.408022266100567
IGLJ2	0.408022266100567
IGLJ3	0.408022266100567
IGLJ4	0.408022266100567
IGLJ5	0.408022266100567
IGLJ6	0.408022266100567
IGLL3P	0.408022266100567
IGLV1-40	0.408022266100567
IGLV1-41	0.408022266100567
IGLV1-51	0.408022266100567
IGLV10-54	0.408022266100567
IGLV2-11	0.408022266100567
IGLV2-14	0.408022266100567
IGLV2-18	0.408022266100567
IGLV2-23	0.408022266100567
IGLV2-33	0.408022266100567
IGLV3-1	0.408022266100567
IGLV3-10	0.408022266100567
IGLV3-12	0.408022266100567
IGLV3-16	0.408022266100567
IGLV3-19	0.408022266100567
IGLV3-21	0.408022266100567
IGLV3-22	0.408022266100567
IGLV3-25	0.408022266100567
IGLV3-27	0.408022266100567
IGLV3-32	0.408022266100567
IGLV4-3	0.408022266100567
IGLV5-37	0.408022266100567
IGLV5-45	0.408022266100567
IGLV5-48	0.408022266100567
IGLV5-52	0.408022266100567
IGLV7-43	0.408022266100567
IGLV7-46	0.408022266100567
IGLV8OR8-1	0.408022266100567
IGLV9-49	0.408022266100567
IGSF5	0.408022266100567
IGSF6	0.408022266100567
IGSF9	0.408022266100567
IKBIP	0.408022266100567
IL10	0.408022266100567
IL10RB	0.408022266100567
IL11	0.408022266100567
IL12B	0.408022266100567
IL15	0.408022266100567
IL17C	0.408022266100567
IL17F	0.408022266100567
IL17RB	0.408022266100567
IL19	0.408022266100567
IL1F10	0.408022266100567
IL20	0.408022266100567
IL20RB	0.408022266100567
IL21R	0.408022266100567
IL22RA2	0.408022266100567
IL24	0.408022266100567
IL3	0.408022266100567
IL31	0.408022266100567
IL32	0.408022266100567
IL33	0.408022266100567
IL36A	0.408022266100567
IL36G	0.408022266100567
IL36RN	0.408022266100567
IL37	0.408022266100567
IL4R	0.408022266100567
IL6	0.408022266100567
IL6R	0.408022266100567
IL6STP1	0.408022266100567
IL9	0.408022266100567
IL9RP2	0.408022266100567
IL9RP3	0.408022266100567
IL9RP4	0.408022266100567
IMP3	0.408022266100567
INA	0.408022266100567
INCA1	0.408022266100567
INIP	0.408022266100567
INMT-MINDY4	0.408022266100567
INPP1	0.408022266100567
INS	0.408022266100567
INS-IGF2	0.408022266100567
INSL3	0.408022266100567
INSL4	0.408022266100567
INSL6	0.408022266100567
INTS4P1	0.408022266100567
INTS4P2	0.408022266100567
INVS	0.408022266100567
IP6K2	0.408022266100567
IPPKP1	0.408022266100567
IQANK1	0.408022266100567
IQCA1L	0.408022266100567
IQCC	0.408022266100567
IQCD	0.408022266100567
IQCF1	0.408022266100567
IQCF2	0.408022266100567
IQCF3	0.408022266100567
IQCF6	0.408022266100567
IQCH	0.408022266100567
IQCJ	0.408022266100567
IQCJ-SCHIP1	0.408022266100567
IQCN	0.408022266100567
IQGAP3	0.408022266100567
IRGC	0.408022266100567
IRGM	0.408022266100567
ISCA2P1	0.408022266100567
ISG20	0.408022266100567
ISM2	0.408022266100567
ISOC1	0.408022266100567
ISX	0.408022266100567
ITFG2-AS1	0.408022266100567
ITGA1	0.408022266100567
ITGA10	0.408022266100567
ITGA2B	0.408022266100567
ITGA7	0.408022266100567
ITGAD	0.408022266100567
ITGAM	0.408022266100567
ITGB3BP	0.408022266100567
ITGBL1	0.408022266100567
ITIH4	0.408022266100567
ITLN1	0.408022266100567
ITPR1	0.408022266100567
ITPRIPL2	0.408022266100567
ITSN2	0.408022266100567
IVL	0.408022266100567
IZUMO2	0.408022266100567
IZUMO3	0.408022266100567
JAK1	0.408022266100567
JAK2	0.408022266100567
JAKMIP2-AS1	0.408022266100567
JPT1	0.408022266100567
JRK	0.408022266100567
JRKL	0.408022266100567
JSRP1	0.408022266100567
JTB	0.408022266100567
KARSP3	0.408022266100567
KBTBD11-OT1	0.408022266100567
KCNA7	0.408022266100567
KCNAB3	0.408022266100567
KCNE1	0.408022266100567
KCNE1B	0.408022266100567
KCNG4	0.408022266100567
KCNJ12	0.408022266100567
KCNK15	0.408022266100567
KCNK2	0.408022266100567
KCNK7	0.408022266100567
KCNMB3P1	0.408022266100567
KCNRG	0.408022266100567
KCNT2	0.408022266100567
KCP	0.408022266100567
KCTD21	0.408022266100567
KCTD3	0.408022266100567
KCTD9P6	0.408022266100567
KDELR3	0.408022266100567
KDM4F	0.408022266100567
KHDC1	0.408022266100567
KIAA0087	0.408022266100567
KIAA0753	0.408022266100567
KIAA0825	0.408022266100567
KIAA1143	0.408022266100567
KIAA1191	0.408022266100567
KIAA2012	0.408022266100567
KIF13B	0.408022266100567
KIF16B	0.408022266100567
KIF23	0.408022266100567
KIF24	0.408022266100567
KIF25	0.408022266100567
KIF28P	0.408022266100567
KIF2B	0.408022266100567
KIF9	0.408022266100567
KIFC2	0.408022266100567
KIN	0.408022266100567
KIR2DL1	0.408022266100567
KIR2DL4	0.408022266100567
KIR2DS4	0.408022266100567
KIR3DL2	0.408022266100567
KIR3DX1	0.408022266100567
KLF18	0.408022266100567
KLF3P2	0.408022266100567
KLHDC7A	0.408022266100567
KLHL22	0.408022266100567
KLK15	0.408022266100567
KLLN	0.408022266100567
KLRA1P	0.408022266100567
KLRB1	0.408022266100567
KLRC1	0.408022266100567
KLRC2	0.408022266100567
KLRC3	0.408022266100567
KLRC4	0.408022266100567
KLRF2	0.408022266100567
KLRG2	0.408022266100567
KNCN	0.408022266100567
KNOP1P5	0.408022266100567
KNSTRN	0.408022266100567
KRBA1	0.408022266100567
KRCC1	0.408022266100567
KRT126P	0.408022266100567
KRT127P	0.408022266100567
KRT16P2	0.408022266100567
KRT16P6	0.408022266100567
KRT17P1	0.408022266100567
KRT17P2	0.408022266100567
KRT17P3	0.408022266100567
KRT17P6	0.408022266100567
KRT18P23	0.408022266100567
KRT18P27	0.408022266100567
KRT18P40	0.408022266100567
KRT18P55	0.408022266100567
KRT2	0.408022266100567
KRT20	0.408022266100567
KRT222	0.408022266100567
KRT24	0.408022266100567
KRT26	0.408022266100567
KRT27	0.408022266100567
KRT28	0.408022266100567
KRT32	0.408022266100567
KRT37	0.408022266100567
KRT39	0.408022266100567
KRT4	0.408022266100567
KRT40	0.408022266100567
KRT41P	0.408022266100567
KRT43P	0.408022266100567
KRT72	0.408022266100567
KRT75	0.408022266100567
KRT77	0.408022266100567
KRT78	0.408022266100567
KRT82	0.408022266100567
KRT83	0.408022266100567
KRT84	0.408022266100567
KRT87P	0.408022266100567
KRT89P	0.408022266100567
KRT8P11	0.408022266100567
KRT8P22	0.408022266100567
KRTAP1-1	0.408022266100567
KRTAP1-3	0.408022266100567
KRTAP1-4	0.408022266100567
KRTAP1-5	0.408022266100567
KRTAP10-1	0.408022266100567
KRTAP10-10	0.408022266100567
KRTAP10-11	0.408022266100567
KRTAP10-12	0.408022266100567
KRTAP10-2	0.408022266100567
KRTAP10-3	0.408022266100567
KRTAP10-4	0.408022266100567
KRTAP10-5	0.408022266100567
KRTAP10-6	0.408022266100567
KRTAP10-7	0.408022266100567
KRTAP10-8	0.408022266100567
KRTAP10-9	0.408022266100567
KRTAP12-1	0.408022266100567
KRTAP12-2	0.408022266100567
KRTAP12-3	0.408022266100567
KRTAP12-4	0.408022266100567
KRTAP13-1	0.408022266100567
KRTAP13-2	0.408022266100567
KRTAP13-3	0.408022266100567
KRTAP13-4	0.408022266100567
KRTAP15-1	0.408022266100567
KRTAP16-1	0.408022266100567
KRTAP19-1	0.408022266100567
KRTAP19-2	0.408022266100567
KRTAP19-3	0.408022266100567
KRTAP19-4	0.408022266100567
KRTAP19-5	0.408022266100567
KRTAP19-6	0.408022266100567
KRTAP19-7	0.408022266100567
KRTAP19-8	0.408022266100567
KRTAP2-1	0.408022266100567
KRTAP2-2	0.408022266100567
KRTAP2-4	0.408022266100567
KRTAP20-1	0.408022266100567
KRTAP20-2	0.408022266100567
KRTAP20-3	0.408022266100567
KRTAP20-4	0.408022266100567
KRTAP21-1	0.408022266100567
KRTAP21-2	0.408022266100567
KRTAP21-3	0.408022266100567
KRTAP22-1	0.408022266100567
KRTAP23-1	0.408022266100567
KRTAP24-1	0.408022266100567
KRTAP25-1	0.408022266100567
KRTAP26-1	0.408022266100567
KRTAP27-1	0.408022266100567
KRTAP3-1	0.408022266100567
KRTAP3-2	0.408022266100567
KRTAP3-3	0.408022266100567
KRTAP4-1	0.408022266100567
KRTAP4-11	0.408022266100567
KRTAP4-16	0.408022266100567
KRTAP4-2	0.408022266100567
KRTAP4-3	0.408022266100567
KRTAP4-4	0.408022266100567
KRTAP4-5	0.408022266100567
KRTAP4-6	0.408022266100567
KRTAP4-7	0.408022266100567
KRTAP4-9	0.408022266100567
KRTAP5-1	0.408022266100567
KRTAP5-10	0.408022266100567
KRTAP5-11	0.408022266100567
KRTAP5-2	0.408022266100567
KRTAP5-4	0.408022266100567
KRTAP5-5	0.408022266100567
KRTAP5-6	0.408022266100567
KRTAP5-7	0.408022266100567
KRTAP5-8	0.408022266100567
KRTAP5-9	0.408022266100567
KRTAP6-1	0.408022266100567
KRTAP6-2	0.408022266100567
KRTAP6-3	0.408022266100567
KRTAP7-1	0.408022266100567
KRTAP9-1	0.408022266100567
KRTAP9-2	0.408022266100567
KRTAP9-3	0.408022266100567
KRTAP9-4	0.408022266100567
KRTAP9-6	0.408022266100567
KRTAP9-7	0.408022266100567
KRTAP9-8	0.408022266100567
KRTAP9-9	0.408022266100567
KXD1	0.408022266100567
L3HYPDH	0.408022266100567
LACC1	0.408022266100567
LAD1	0.408022266100567
LAIR1	0.408022266100567
LAMA3	0.408022266100567
LAMA5	0.408022266100567
LAMP5	0.408022266100567
LAMTOR4	0.408022266100567
LAMTOR5	0.408022266100567
LANCL1	0.408022266100567
LAT	0.408022266100567
LAT2	0.408022266100567
LBHD1	0.408022266100567
LBHD2	0.408022266100567
LBP	0.408022266100567
LBX1-AS1	0.408022266100567
LBX2	0.408022266100567
LCA5L	0.408022266100567
LCE1A	0.408022266100567
LCE1B	0.408022266100567
LCE1C	0.408022266100567
LCE1D	0.408022266100567
LCE1E	0.408022266100567
LCE1F	0.408022266100567
LCE2A	0.408022266100567
LCE2B	0.408022266100567
LCE2C	0.408022266100567
LCE2D	0.408022266100567
LCE3A	0.408022266100567
LCE3B	0.408022266100567
LCE3C	0.408022266100567
LCE3D	0.408022266100567
LCE3E	0.408022266100567
LCE4A	0.408022266100567
LCE5A	0.408022266100567
LCE6A	0.408022266100567
LCN1	0.408022266100567
LCN10	0.408022266100567
LCN1P1	0.408022266100567
LCNL1	0.408022266100567
LDAH	0.408022266100567
LDHAL6B	0.408022266100567
LDLRAD1	0.408022266100567
LEAP2	0.408022266100567
LECT2	0.408022266100567
LEKR1	0.408022266100567
LELP1	0.408022266100567
LEMD1	0.408022266100567
LENG9	0.408022266100567
LEPROTL1	0.408022266100567
LEXM	0.408022266100567
LGALS14	0.408022266100567
LGALS17A	0.408022266100567
LGALS4	0.408022266100567
LGALS9C	0.408022266100567
LGALS9DP	0.408022266100567
LGI3	0.408022266100567
LGR6	0.408022266100567
LHB	0.408022266100567
LHCGR	0.408022266100567
LILRA1	0.408022266100567
LILRA2	0.408022266100567
LILRA4	0.408022266100567
LILRA5	0.408022266100567
LILRA6	0.408022266100567
LILRP1	0.408022266100567
LILRP2	0.408022266100567
LIME1	0.408022266100567
LIMS2	0.408022266100567
LINC00173	0.408022266100567
LINC00200	0.408022266100567
LINC00239	0.408022266100567
LINC00261	0.408022266100567
LINC00293	0.408022266100567
LINC00299	0.408022266100567
LINC00301	0.408022266100567
LINC00303	0.408022266100567
LINC00305	0.408022266100567
LINC00326	0.408022266100567
LINC00346	0.408022266100567
LINC00421	0.408022266100567
LINC00452	0.408022266100567
LINC00469	0.408022266100567
LINC00470	0.408022266100567
LINC00471	0.408022266100567
LINC00472	0.408022266100567
LINC00477	0.408022266100567
LINC00479	0.408022266100567
LINC00482	0.408022266100567
LINC00511	0.408022266100567
LINC00544	0.408022266100567
LINC00582	0.408022266100567
LINC00583	0.408022266100567
LINC00587	0.408022266100567
LINC00592	0.408022266100567
LINC00602	0.408022266100567
LINC00607	0.408022266100567
LINC00615	0.408022266100567
LINC00618	0.408022266100567
LINC00636	0.408022266100567
LINC00639	0.408022266100567
LINC00661	0.408022266100567
LINC00662	0.408022266100567
LINC00664	0.408022266100567
LINC00667	0.408022266100567
LINC00668	0.408022266100567
LINC00671	0.408022266100567
LINC00672	0.408022266100567
LINC00692	0.408022266100567
LINC00705	0.408022266100567
LINC00839	0.408022266100567
LINC00840	0.408022266100567
LINC00842	0.408022266100567
LINC00905	0.408022266100567
LINC00910	0.408022266100567
LINC00917	0.408022266100567
LINC00923	0.408022266100567
LINC00937	0.408022266100567
LINC00955	0.408022266100567
LINC00957	0.408022266100567
LINC00960	0.408022266100567
LINC00963	0.408022266100567
LINC00967	0.408022266100567
LINC00968	0.408022266100567
LINC00973	0.408022266100567
LINC00993	0.408022266100567
LINC01013	0.408022266100567
LINC01098	0.408022266100567
LINC01100	0.408022266100567
LINC01101	0.408022266100567
LINC01118	0.408022266100567
LINC01148	0.408022266100567
LINC01159	0.408022266100567
LINC01164	0.408022266100567
LINC01169	0.408022266100567
LINC01205	0.408022266100567
LINC01225	0.408022266100567
LINC01234	0.408022266100567
LINC01235	0.408022266100567
LINC01239	0.408022266100567
LINC01276	0.408022266100567
LINC01341	0.408022266100567
LINC01343	0.408022266100567
LINC01387	0.408022266100567
LINC01399	0.408022266100567
LINC01460	0.408022266100567
LINC01517	0.408022266100567
LINC01531	0.408022266100567
LINC01547	0.408022266100567
LINC01548	0.408022266100567
LINC01549	0.408022266100567
LINC01550	0.408022266100567
LINC01551	0.408022266100567
LINC01553	0.408022266100567
LINC01554	0.408022266100567
LINC01555	0.408022266100567
LINC01556	0.408022266100567
LINC01558	0.408022266100567
LINC01559	0.408022266100567
LINC01561	0.408022266100567
LINC01565	0.408022266100567
LINC01567	0.408022266100567
LINC01570	0.408022266100567
LINC01580	0.408022266100567
LINC01583	0.408022266100567
LINC01584	0.408022266100567
LINC01587	0.408022266100567
LINC01588	0.408022266100567
LINC01591	0.408022266100567
LINC01597	0.408022266100567
LINC01600	0.408022266100567
LINC01619	0.408022266100567
LINC01620	0.408022266100567
LINC01630	0.408022266100567
LINC01644	0.408022266100567
LINC01743	0.408022266100567
LINC01783	0.408022266100567
LINC01804	0.408022266100567
LINC01881	0.408022266100567
LINC01935	0.408022266100567
LINC01948	0.408022266100567
LINC01949	0.408022266100567
LINC01959	0.408022266100567
LINC01973	0.408022266100567
LINC01993	0.408022266100567
LINC02011	0.408022266100567
LINC02021	0.408022266100567
LINC02022	0.408022266100567
LINC02043	0.408022266100567
LINC02054	0.408022266100567
LINC02088	0.408022266100567
LINC02090	0.408022266100567
LINC02108	0.408022266100567
LINC02118	0.408022266100567
LINC02125	0.408022266100567
LINC02145	0.408022266100567
LINC02169	0.408022266100567
LINC02213	0.408022266100567
LINC02218	0.408022266100567
LINC02219	0.408022266100567
LINC02226	0.408022266100567
LINC02241	0.408022266100567
LINC02259	0.408022266100567
LINC02272	0.408022266100567
LINC02297	0.408022266100567
LINC02312	0.408022266100567
LINC02313	0.408022266100567
LINC02332	0.408022266100567
LINC02337	0.408022266100567
LINC02413	0.408022266100567
LINC02448	0.408022266100567
LINC02449	0.408022266100567
LINC02453	0.408022266100567
LINC02520	0.408022266100567
LINC02556	0.408022266100567
LINC02599	0.408022266100567
LINC02610	0.408022266100567
LINC02614	0.408022266100567
LINGO1-AS1	0.408022266100567
LIPE-AS1	0.408022266100567
LIPG	0.408022266100567
LIPT1	0.408022266100567
LLCFC1	0.408022266100567
LMAN1	0.408022266100567
LMBRD1	0.408022266100567
LMCD1	0.408022266100567
LMLN2	0.408022266100567
LMO4	0.408022266100567
LMO7	0.408022266100567
LMO7DN	0.408022266100567
LMTK2	0.408022266100567
LNX1	0.408022266100567
LONP2	0.408022266100567
LOR	0.408022266100567
LOXL4	0.408022266100567
LPAL2	0.408022266100567
LRAT	0.408022266100567
LRCH3	0.408022266100567
LRG1	0.408022266100567
LRP2BP	0.408022266100567
LRP5L	0.408022266100567
LRPAP1	0.408022266100567
LRRC10B	0.408022266100567
LRRC14	0.408022266100567
LRRC14B	0.408022266100567
LRRC15	0.408022266100567
LRRC19	0.408022266100567
LRRC29	0.408022266100567
LRRC31	0.408022266100567
LRRC37A	0.408022266100567
LRRC37A11P	0.408022266100567
LRRC37A16P	0.408022266100567
LRRC37A17P	0.408022266100567
LRRC37A2	0.408022266100567
LRRC37A4P	0.408022266100567
LRRC37A5P	0.408022266100567
LRRC37A6P	0.408022266100567
LRRC37A7P	0.408022266100567
LRRC37BP1	0.408022266100567
LRRC39	0.408022266100567
LRRC53	0.408022266100567
LRRC58	0.408022266100567
LRRC72	0.408022266100567
LRRC74A	0.408022266100567
LRRC75B	0.408022266100567
LRRFIP1P1	0.408022266100567
LRRN3	0.408022266100567
LRTM1	0.408022266100567
LSM10	0.408022266100567
LSMEM1	0.408022266100567
LSMEM2	0.408022266100567
LSP1P1	0.408022266100567
LSP1P2	0.408022266100567
LSP1P5	0.408022266100567
LSS	0.408022266100567
LST1	0.408022266100567
LTA4H	0.408022266100567
LTB4R	0.408022266100567
LTBP2	0.408022266100567
LTC4S	0.408022266100567
LTV1	0.408022266100567
LUCAT1	0.408022266100567
LURAP1	0.408022266100567
LUZP6	0.408022266100567
LXN	0.408022266100567
LY6G6D	0.408022266100567
LY6G6F	0.408022266100567
LY6K	0.408022266100567
LY6L	0.408022266100567
LY86	0.408022266100567
LY9	0.408022266100567
LYPD2	0.408022266100567
LYPD3	0.408022266100567
LYPD5	0.408022266100567
LYPD8	0.408022266100567
LYPLA2P2	0.408022266100567
LYRM1	0.408022266100567
LYRM2	0.408022266100567
LYSMD4	0.408022266100567
LYZL6	0.408022266100567
MAB21L2	0.408022266100567
MACROD2	0.408022266100567
MADCAM1	0.408022266100567
MAGOH3P	0.408022266100567
MAGOHB	0.408022266100567
MALAT1	0.408022266100567
MALL	0.408022266100567
MALSU1	0.408022266100567
MAMDC4	0.408022266100567
MAN1C1	0.408022266100567
MAN2B1	0.408022266100567
MANBA	0.408022266100567
MANBAL	0.408022266100567
MANSC4	0.408022266100567
MAP10	0.408022266100567
MAP3K14	0.408022266100567
MAP4	0.408022266100567
MAPK12	0.408022266100567
MAPK13	0.408022266100567
MAPK15	0.408022266100567
MARCOL	0.408022266100567
MARK2P14	0.408022266100567
MARVELD2	0.408022266100567
MARVELD3	0.408022266100567
MAS1	0.408022266100567
MAS1L	0.408022266100567
MASP2	0.408022266100567
MATN1	0.408022266100567
MAVS	0.408022266100567
MBD3L1	0.408022266100567
MBD3L2	0.408022266100567
MBD3L2B	0.408022266100567
MBD3L3	0.408022266100567
MBD3L4	0.408022266100567
MBD4	0.408022266100567
MBOAT7	0.408022266100567
MC1R	0.408022266100567
MC5R	0.408022266100567
MCAM	0.408022266100567
MCCD1	0.408022266100567
MCEE	0.408022266100567
MCEMP1	0.408022266100567
MCM10	0.408022266100567
MCPH1	0.408022266100567
MCRIP1	0.408022266100567
MCTS2P	0.408022266100567
MCUB	0.408022266100567
MDFIC2	0.408022266100567
MDH1B	0.408022266100567
MDH2	0.408022266100567
MDS2	0.408022266100567
MEA1	0.408022266100567
MED11	0.408022266100567
MED15P5	0.408022266100567
MED15P8	0.408022266100567
MED18	0.408022266100567
MED9	0.408022266100567
MEG3	0.408022266100567
MEGF11	0.408022266100567
MEI4	0.408022266100567
MEIKIN	0.408022266100567
MEIOC	0.408022266100567
MELTF	0.408022266100567
MEP1AP4	0.408022266100567
MEPE	0.408022266100567
MET	0.408022266100567
METAP1D	0.408022266100567
METTL17	0.408022266100567
METTL26	0.408022266100567
METTL4	0.408022266100567
METTL5	0.408022266100567
METTL8	0.408022266100567
METTL9	0.408022266100567
MFGE8	0.408022266100567
MFNG	0.408022266100567
MFSD1	0.408022266100567
MFSD12	0.408022266100567
MFSD14C	0.408022266100567
MFSD3	0.408022266100567
MFSD4B	0.408022266100567
MGARP	0.408022266100567
MGAT4D	0.408022266100567
MGAT4EP	0.408022266100567
MGMT	0.408022266100567
MGST3	0.408022266100567
MIAT	0.408022266100567
MICB	0.408022266100567
MICU2	0.408022266100567
MICU3	0.408022266100567
MIEF1	0.408022266100567
MIEN1	0.408022266100567
MIER2	0.408022266100567
MIF4GD	0.408022266100567
MIIP	0.408022266100567
MINDY1	0.408022266100567
MIOX	0.408022266100567
MIP	0.408022266100567
MIPEPP3	0.408022266100567
MIPOL1	0.408022266100567
MIR1-1	0.408022266100567
MIR1-1HG-AS1	0.408022266100567
MIR100	0.408022266100567
MIR101-1	0.408022266100567
MIR1204	0.408022266100567
MIR1205	0.408022266100567
MIR1207	0.408022266100567
MIR1208	0.408022266100567
MIR124-1	0.408022266100567
MIR124-2	0.408022266100567
MIR124-3	0.408022266100567
MIR1246	0.408022266100567
MIR1251	0.408022266100567
MIR1253	0.408022266100567
MIR1257	0.408022266100567
MIR125B1	0.408022266100567
MIR125B2	0.408022266100567
MIR1261	0.408022266100567
MIR1269A	0.408022266100567
MIR1297	0.408022266100567
MIR1302-4	0.408022266100567
MIR1302-7	0.408022266100567
MIR130B	0.408022266100567
MIR133A2	0.408022266100567
MIR133B	0.408022266100567
MIR135B	0.408022266100567
MIR138-2	0.408022266100567
MIR145	0.408022266100567
MIR146A	0.408022266100567
MIR148A	0.408022266100567
MIR155	0.408022266100567
MIR16-1	0.408022266100567
MIR181A1	0.408022266100567
MIR184	0.408022266100567
MIR193A	0.408022266100567
MIR193B	0.408022266100567
MIR196A1	0.408022266100567
MIR1972-2	0.408022266100567
MIR202	0.408022266100567
MIR2052HG	0.408022266100567
MIR205HG	0.408022266100567
MIR20A	0.408022266100567
MIR216A	0.408022266100567
MIR216B	0.408022266100567
MIR217	0.408022266100567
MIR22	0.408022266100567
MIR296	0.408022266100567
MIR29A	0.408022266100567
MIR29B2	0.408022266100567
MIR29B2CHG	0.408022266100567
MIR302E	0.408022266100567
MIR30A	0.408022266100567
MIR30C2	0.408022266100567
MIR30D	0.408022266100567
MIR3150BHG	0.408022266100567
MIR31HG	0.408022266100567
MIR34A	0.408022266100567
MIR365A	0.408022266100567
MIR365B	0.408022266100567
MIR3664	0.408022266100567
MIR3691	0.408022266100567
MIR370	0.408022266100567
MIR371A	0.408022266100567
MIR377	0.408022266100567
MIR380	0.408022266100567
MIR381	0.408022266100567
MIR412	0.408022266100567
MIR422A	0.408022266100567
MIR429	0.408022266100567
MIR4539	0.408022266100567
MIR4739	0.408022266100567
MIR487A	0.408022266100567
MIR493	0.408022266100567
MIR494	0.408022266100567
MIR516A1	0.408022266100567
MIR516A2	0.408022266100567
MIR518A1	0.408022266100567
MIR518A2	0.408022266100567
MIR518C	0.408022266100567
MIR518D	0.408022266100567
MIR518F	0.408022266100567
MIR520A	0.408022266100567
MIR520D	0.408022266100567
MIR520E	0.408022266100567
MIR520F	0.408022266100567
MIR520G	0.408022266100567
MIR521-1	0.408022266100567
MIR521-2	0.408022266100567
MIR526A1	0.408022266100567
MIR526B	0.408022266100567
MIR548A1	0.408022266100567
MIR548I2	0.408022266100567
MIR550A3	0.408022266100567
MIR551B	0.408022266100567
MIR557	0.408022266100567
MIR5689HG	0.408022266100567
MIR570	0.408022266100567
MIR573	0.408022266100567
MIR5787	0.408022266100567
MIR587	0.408022266100567
MIR596	0.408022266100567
MIR600	0.408022266100567
MIR633	0.408022266100567
MIR646	0.408022266100567
MIR646HG	0.408022266100567
MIR650	0.408022266100567
MIR654	0.408022266100567
MIR655	0.408022266100567
MIR663A	0.408022266100567
MIR6817	0.408022266100567
MIR6859-2	0.408022266100567
MIR7-3	0.408022266100567
MIR7152	0.408022266100567
MIR770	0.408022266100567
MIR802	0.408022266100567
MIR8071-1	0.408022266100567
MIR8071-2	0.408022266100567
MIR873	0.408022266100567
MIR876	0.408022266100567
MIR9-3	0.408022266100567
MIR920	0.408022266100567
MIR96	0.408022266100567
MIR99AHG	0.408022266100567
MIRLET7BHG	0.408022266100567
MIRLET7C	0.408022266100567
MIS12	0.408022266100567
MIS18A	0.408022266100567
MISP	0.408022266100567
MKLN1	0.408022266100567
MKRN9P	0.408022266100567
MLANA	0.408022266100567
MLC1	0.408022266100567
MLEC	0.408022266100567
MLH3	0.408022266100567
MLKL	0.408022266100567
MLLT11	0.408022266100567
MLN	0.408022266100567
MLPH	0.408022266100567
MMAA	0.408022266100567
MMP12	0.408022266100567
MMP13	0.408022266100567
MMP20	0.408022266100567
MMP23B	0.408022266100567
MMP24OS	0.408022266100567
MMP26	0.408022266100567
MMP27	0.408022266100567
MMP9	0.408022266100567
MNDA	0.408022266100567
MNS1	0.408022266100567
MOAP1	0.408022266100567
MOGAT1	0.408022266100567
MOGAT3	0.408022266100567
MORF4	0.408022266100567
MORN5	0.408022266100567
MOSPD3	0.408022266100567
MOXD1	0.408022266100567
MPC1	0.408022266100567
MPG	0.408022266100567
MPLKIP	0.408022266100567
MPPED2	0.408022266100567
MPRIPP1	0.408022266100567
MPST	0.408022266100567
MPV17	0.408022266100567
MPZL3	0.408022266100567
MRE11P1	0.408022266100567
MRGPRD	0.408022266100567
MRGPRE	0.408022266100567
MRGPRF	0.408022266100567
MRGPRX1	0.408022266100567
MRGPRX2	0.408022266100567
MRGPRX3	0.408022266100567
MRGPRX4	0.408022266100567
MRLN	0.408022266100567
MRM1	0.408022266100567
MROH1	0.408022266100567
MRPL14	0.408022266100567
MRPL16	0.408022266100567
MRPL18	0.408022266100567
MRPL20	0.408022266100567
MRPL23	0.408022266100567
MRPL3	0.408022266100567
MRPL32	0.408022266100567
MRPL33	0.408022266100567
MRPL34	0.408022266100567
MRPL38	0.408022266100567
MRPL40	0.408022266100567
MRPL44	0.408022266100567
MRPL45P2	0.408022266100567
MRPL50	0.408022266100567
MRPL51	0.408022266100567
MRPL54	0.408022266100567
MRPL57	0.408022266100567
MRPL9	0.408022266100567
MRPS12	0.408022266100567
MRPS15	0.408022266100567
MRPS16	0.408022266100567
MRPS18A	0.408022266100567
MRPS18C	0.408022266100567
MRPS2	0.408022266100567
MRPS21	0.408022266100567
MRPS26	0.408022266100567
MRPS28	0.408022266100567
MRPS31	0.408022266100567
MRPS31P2	0.408022266100567
MRPS31P5	0.408022266100567
MRPS34	0.408022266100567
MRPS36P1	0.408022266100567
MRPS6	0.408022266100567
MRPS7	0.408022266100567
MS4A1	0.408022266100567
MS4A12	0.408022266100567
MS4A14	0.408022266100567
MS4A15	0.408022266100567
MS4A2	0.408022266100567
MS4A4A	0.408022266100567
MS4A4E	0.408022266100567
MS4A6A	0.408022266100567
MS4A6E	0.408022266100567
MS4A7	0.408022266100567
MSC-AS1	0.408022266100567
MSL3P1	0.408022266100567
MSLN	0.408022266100567
MSLNL	0.408022266100567
MSMB	0.408022266100567
MSRA	0.408022266100567
MSRB1	0.408022266100567
MSRB2	0.408022266100567
MSRB3	0.408022266100567
MST1L	0.408022266100567
MST1R	0.408022266100567
MT1A	0.408022266100567
MT1B	0.408022266100567
MT1E	0.408022266100567
MT1G	0.408022266100567
MT1H	0.408022266100567
MT1HL1	0.408022266100567
MT1M	0.408022266100567
MT1X	0.408022266100567
MT2A	0.408022266100567
MT4	0.408022266100567
MTAP	0.408022266100567
MTATP6P18	0.408022266100567
MTCL1	0.408022266100567
MTCO1P8	0.408022266100567
MTCYBP5	0.408022266100567
MTDHP2	0.408022266100567
MTERF1	0.408022266100567
MTERF2	0.408022266100567
MTERF3	0.408022266100567
MTG1	0.408022266100567
MTHFSD	0.408022266100567
MTLN	0.408022266100567
MTNR1B	0.408022266100567
MTRF1	0.408022266100567
MTRF1LP2	0.408022266100567
MTRNR2L1	0.408022266100567
MTRNR2L11	0.408022266100567
MTRNR2L3	0.408022266100567
MTRNR2L4	0.408022266100567
MTRNR2L5	0.408022266100567
MTRNR2L6	0.408022266100567
MTRNR2L7	0.408022266100567
MTRNR2L8	0.408022266100567
MTRNR2L9	0.408022266100567
MTRR	0.408022266100567
MUC15	0.408022266100567
MUC2	0.408022266100567
MUC20	0.408022266100567
MUC20-OT1	0.408022266100567
MUC20P1	0.408022266100567
MUC21	0.408022266100567
MUC7	0.408022266100567
MUCL1	0.408022266100567
MUL1	0.408022266100567
MUSTN1	0.408022266100567
MUT	0.408022266100567
MUTYH	0.408022266100567
MXRA8	0.408022266100567
MYADML	0.408022266100567
MYBBP1A	0.408022266100567
MYBPH	0.408022266100567
MYCBPAP	0.408022266100567
MYCL	0.408022266100567
MYEOV	0.408022266100567
MYF6	0.408022266100567
MYH16	0.408022266100567
MYL5	0.408022266100567
MYL6B	0.408022266100567
MYL7	0.408022266100567
MYLK	0.408022266100567
MYLKP1	0.408022266100567
MYMK	0.408022266100567
MYMX	0.408022266100567
MYO18B	0.408022266100567
MYO19	0.408022266100567
MYO6	0.408022266100567
MYO7B	0.408022266100567
MYO9A	0.408022266100567
MYOC	0.408022266100567
MYOCOS	0.408022266100567
MYOSLID	0.408022266100567
MYOZ3	0.408022266100567
MZT2A	0.408022266100567
MZT2B	0.408022266100567
NAA80	0.408022266100567
NAALADL1	0.408022266100567
NACA2	0.408022266100567
NACA4P	0.408022266100567
NADSYN1	0.408022266100567
NAIP	0.408022266100567
NAMPTP1	0.408022266100567
NANOG	0.408022266100567
NANOGNB	0.408022266100567
NANOGP8	0.408022266100567
NANS	0.408022266100567
NAP1L4	0.408022266100567
NAPRT	0.408022266100567
NAPSA	0.408022266100567
NAPSB	0.408022266100567
NARF	0.408022266100567
NARS2	0.408022266100567
NAT14	0.408022266100567
NAT16	0.408022266100567
NAT2	0.408022266100567
NAT8	0.408022266100567
NAT8B	0.408022266100567
NAT9	0.408022266100567
NATD1	0.408022266100567
NBAT1	0.408022266100567
NBEAP1	0.408022266100567
NBN	0.408022266100567
NBPF10	0.408022266100567
NBPF11	0.408022266100567
NBPF12	0.408022266100567
NBPF13P	0.408022266100567
NBPF14	0.408022266100567
NBPF15	0.408022266100567
NBPF17P	0.408022266100567
NBPF18P	0.408022266100567
NBPF19	0.408022266100567
NBPF20	0.408022266100567
NBPF21P	0.408022266100567
NBPF22P	0.408022266100567
NBPF25P	0.408022266100567
NBPF26	0.408022266100567
NBPF3	0.408022266100567
NBPF4	0.408022266100567
NBPF6	0.408022266100567
NBPF7	0.408022266100567
NBPF8	0.408022266100567
NBR2	0.408022266100567
NCAM2	0.408022266100567
NCAPD3	0.408022266100567
NCBP1	0.408022266100567
NCBP2-AS2	0.408022266100567
NCF1	0.408022266100567
NCF1B	0.408022266100567
NCMAP	0.408022266100567
NCOA4	0.408022266100567
NCOR1P3	0.408022266100567
NDC1	0.408022266100567
NDUFA3	0.408022266100567
NDUFA5	0.408022266100567
NDUFA5P12	0.408022266100567
NDUFA7	0.408022266100567
NDUFAB1	0.408022266100567
NDUFAF4	0.408022266100567
NDUFAF8	0.408022266100567
NDUFB1	0.408022266100567
NDUFB6	0.408022266100567
NDUFC1	0.408022266100567
NDUFC2-KCTD14	0.408022266100567
NDUFS2	0.408022266100567
NDUFS6	0.408022266100567
NDUFV2P1	0.408022266100567
NDUFV3	0.408022266100567
NEB	0.408022266100567
NEBL-AS1	0.408022266100567
NECAB2	0.408022266100567
NECAP2	0.408022266100567
NEIL1	0.408022266100567
NEK1	0.408022266100567
NEK10	0.408022266100567
NEK3	0.408022266100567
NEK7	0.408022266100567
NELFB	0.408022266100567
NEPRO	0.408022266100567
NES	0.408022266100567
NEU2	0.408022266100567
NEU3	0.408022266100567
NEURL3	0.408022266100567
NEURL4	0.408022266100567
NEUROG2	0.408022266100567
NF1P10	0.408022266100567
NF1P3	0.408022266100567
NF1P6	0.408022266100567
NF1P8	0.408022266100567
NFAM1	0.408022266100567
NFATC2IP	0.408022266100567
NFATC3	0.408022266100567
NFE2	0.408022266100567
NFE4	0.408022266100567
NFU1P1	0.408022266100567
NGDN	0.408022266100567
NGF	0.408022266100567
NGRN	0.408022266100567
NHLRC4	0.408022266100567
NICN1	0.408022266100567
NIFK	0.408022266100567
NINL	0.408022266100567
NIPA1	0.408022266100567
NIPSNAP3A	0.408022266100567
NKAIN1	0.408022266100567
NKAIN4	0.408022266100567
NKAPD1	0.408022266100567
NKG7	0.408022266100567
NKIRAS1	0.408022266100567
NKX1-2	0.408022266100567
NLE1	0.408022266100567
NLRP1	0.408022266100567
NLRP14	0.408022266100567
NLRP5	0.408022266100567
NLRP8	0.408022266100567
NMB	0.408022266100567
NME1-NME2	0.408022266100567
NME2	0.408022266100567
NME5	0.408022266100567
NMNAT2	0.408022266100567
NMNAT3	0.408022266100567
NMRK1	0.408022266100567
NNAT	0.408022266100567
NNMT	0.408022266100567
NOC2LP2	0.408022266100567
NOC3L	0.408022266100567
NOD1	0.408022266100567
NOL12	0.408022266100567
NOL4L-DT	0.408022266100567
NOL8	0.408022266100567
NOS2P1	0.408022266100567
NOTCH2NLA	0.408022266100567
NOTCH4	0.408022266100567
NPAP1	0.408022266100567
NPAP1L	0.408022266100567
NPB	0.408022266100567
NPBWR2	0.408022266100567
NPC2	0.408022266100567
NPHP3	0.408022266100567
NPIPA1	0.408022266100567
NPIPA2	0.408022266100567
NPIPA5	0.408022266100567
NPIPA8	0.408022266100567
NPIPB10P	0.408022266100567
NPIPB11	0.408022266100567
NPIPB12	0.408022266100567
NPIPB14P	0.408022266100567
NPIPB15	0.408022266100567
NPIPB1P	0.408022266100567
NPIPB3	0.408022266100567
NPIPB4	0.408022266100567
NPIPB7	0.408022266100567
NPIPB8	0.408022266100567
NPIPB9	0.408022266100567
NPIPP1	0.408022266100567
NPM1P2	0.408022266100567
NPM1P21	0.408022266100567
NPPA	0.408022266100567
NPPB	0.408022266100567
NPPC	0.408022266100567
NPR1	0.408022266100567
NPS	0.408022266100567
NPVF	0.408022266100567
NPW	0.408022266100567
NPY4R2	0.408022266100567
NR0B2	0.408022266100567
NR2E3	0.408022266100567
NR2F2-AS1	0.408022266100567
NR5A1	0.408022266100567
NRARP	0.408022266100567
NREP	0.408022266100567
NRG4	0.408022266100567
NRIP2	0.408022266100567
NRN1	0.408022266100567
NRN1L	0.408022266100567
NSMCE1-DT	0.408022266100567
NSMCE2	0.408022266100567
NSUN3	0.408022266100567
NSUN5	0.408022266100567
NT5C1B	0.408022266100567
NT5C3A	0.408022266100567
NT5C3B	0.408022266100567
NTM-AS1	0.408022266100567
NTN5	0.408022266100567
NTS	0.408022266100567
NTSR2	0.408022266100567
NUBP2	0.408022266100567
NUDT1	0.408022266100567
NUDT16P1	0.408022266100567
NUDT18	0.408022266100567
NUDT19	0.408022266100567
NUDT7	0.408022266100567
NUDT8	0.408022266100567
NUP107	0.408022266100567
NUP210P1	0.408022266100567
NUP210P2	0.408022266100567
NUPR1	0.408022266100567
NUPR2	0.408022266100567
NUS1P2	0.408022266100567
NUTM2A	0.408022266100567
NUTM2D	0.408022266100567
NUTM2E	0.408022266100567
NUTM2G	0.408022266100567
NUTM2HP	0.408022266100567
NXNL1	0.408022266100567
NXPE1	0.408022266100567
NXPE4	0.408022266100567
OACYLP	0.408022266100567
OASL	0.408022266100567
OAT	0.408022266100567
OBP2A	0.408022266100567
OCEL1	0.408022266100567
OCIAD2	0.408022266100567
OCLM	0.408022266100567
OCM	0.408022266100567
ODAPH	0.408022266100567
ODF3L2	0.408022266100567
OFCC1	0.408022266100567
OGN	0.408022266100567
OIT3	0.408022266100567
OLIG2	0.408022266100567
OLR1	0.408022266100567
OOEP	0.408022266100567
OOSP3	0.408022266100567
OOSP4A	0.408022266100567
OOSP4B	0.408022266100567
OPALIN	0.408022266100567
OPRK1	0.408022266100567
OPRM1	0.408022266100567
OPRPN	0.408022266100567
OPTN	0.408022266100567
OR10A2	0.408022266100567
OR10A3	0.408022266100567
OR10A4	0.408022266100567
OR10A5	0.408022266100567
OR10A6	0.408022266100567
OR10A7	0.408022266100567
OR10AD1	0.408022266100567
OR10AG1	0.408022266100567
OR10C1	0.408022266100567
OR10D3	0.408022266100567
OR10G2	0.408022266100567
OR10G3	0.408022266100567
OR10G4	0.408022266100567
OR10G6	0.408022266100567
OR10G7	0.408022266100567
OR10G8	0.408022266100567
OR10G9	0.408022266100567
OR10H1	0.408022266100567
OR10H2	0.408022266100567
OR10H3	0.408022266100567
OR10H4	0.408022266100567
OR10H5	0.408022266100567
OR10J1	0.408022266100567
OR10J3	0.408022266100567
OR10J5	0.408022266100567
OR10K1	0.408022266100567
OR10K2	0.408022266100567
OR10P1	0.408022266100567
OR10Q1	0.408022266100567
OR10R2	0.408022266100567
OR10S1	0.408022266100567
OR10V1	0.408022266100567
OR10W1	0.408022266100567
OR10X1	0.408022266100567
OR10Z1	0.408022266100567
OR11A1	0.408022266100567
OR11G2	0.408022266100567
OR11H12	0.408022266100567
OR11H2	0.408022266100567
OR11H4	0.408022266100567
OR11H7	0.408022266100567
OR11L1	0.408022266100567
OR12D1	0.408022266100567
OR12D2	0.408022266100567
OR12D3	0.408022266100567
OR13C2	0.408022266100567
OR13C3	0.408022266100567
OR13C4	0.408022266100567
OR13C5	0.408022266100567
OR13C7	0.408022266100567
OR13C8	0.408022266100567
OR13C9	0.408022266100567
OR13D1	0.408022266100567
OR13F1	0.408022266100567
OR13G1	0.408022266100567
OR13J1	0.408022266100567
OR14A16	0.408022266100567
OR14C36	0.408022266100567
OR14I1	0.408022266100567
OR14J1	0.408022266100567
OR14K1	0.408022266100567
OR1B1	0.408022266100567
OR1C1	0.408022266100567
OR1F1	0.408022266100567
OR1F2P	0.408022266100567
OR1G1	0.408022266100567
OR1I1	0.408022266100567
OR1J1	0.408022266100567
OR1J2	0.408022266100567
OR1J4	0.408022266100567
OR1L1	0.408022266100567
OR1L3	0.408022266100567
OR1L4	0.408022266100567
OR1L6	0.408022266100567
OR1M1	0.408022266100567
OR1N1	0.408022266100567
OR1N2	0.408022266100567
OR1P1	0.408022266100567
OR1Q1	0.408022266100567
OR1S1	0.408022266100567
OR1S2	0.408022266100567
OR2A1	0.408022266100567
OR2A12	0.408022266100567
OR2A13P	0.408022266100567
OR2A14	0.408022266100567
OR2A2	0.408022266100567
OR2A25	0.408022266100567
OR2A42	0.408022266100567
OR2A5	0.408022266100567
OR2AE1	0.408022266100567
OR2AG1	0.408022266100567
OR2AG2	0.408022266100567
OR2AK2	0.408022266100567
OR2AP1	0.408022266100567
OR2B11	0.408022266100567
OR2B2	0.408022266100567
OR2B3	0.408022266100567
OR2B6	0.408022266100567
OR2C1	0.408022266100567
OR2D2	0.408022266100567
OR2F2	0.408022266100567
OR2G2	0.408022266100567
OR2G3	0.408022266100567
OR2G6	0.408022266100567
OR2H1	0.408022266100567
OR2H2	0.408022266100567
OR2I1P	0.408022266100567
OR2J1	0.408022266100567
OR2J3	0.408022266100567
OR2L13	0.408022266100567
OR2L1P	0.408022266100567
OR2L2	0.408022266100567
OR2L3	0.408022266100567
OR2L5	0.408022266100567
OR2L8	0.408022266100567
OR2M1P	0.408022266100567
OR2M2	0.408022266100567
OR2M3	0.408022266100567
OR2M5	0.408022266100567
OR2M7	0.408022266100567
OR2P1P	0.408022266100567
OR2S2	0.408022266100567
OR2T1	0.408022266100567
OR2T10	0.408022266100567
OR2T11	0.408022266100567
OR2T12	0.408022266100567
OR2T2	0.408022266100567
OR2T27	0.408022266100567
OR2T29	0.408022266100567
OR2T3	0.408022266100567
OR2T33	0.408022266100567
OR2T34	0.408022266100567
OR2T35	0.408022266100567
OR2T4	0.408022266100567
OR2T5	0.408022266100567
OR2T6	0.408022266100567
OR2T8	0.408022266100567
OR2U1P	0.408022266100567
OR2V1	0.408022266100567
OR2V2	0.408022266100567
OR2W1	0.408022266100567
OR2W3	0.408022266100567
OR2W5	0.408022266100567
OR2Y1	0.408022266100567
OR2Z1	0.408022266100567
OR3A1	0.408022266100567
OR3A2	0.408022266100567
OR3A3	0.408022266100567
OR3A4P	0.408022266100567
OR4A15	0.408022266100567
OR4A16	0.408022266100567
OR4A47	0.408022266100567
OR4A5	0.408022266100567
OR4A8	0.408022266100567
OR4B1	0.408022266100567
OR4C11	0.408022266100567
OR4C12	0.408022266100567
OR4C13	0.408022266100567
OR4C15	0.408022266100567
OR4C16	0.408022266100567
OR4C3	0.408022266100567
OR4C45	0.408022266100567
OR4C46	0.408022266100567
OR4C4P	0.408022266100567
OR4C5	0.408022266100567
OR4C6	0.408022266100567
OR4D1	0.408022266100567
OR4D11	0.408022266100567
OR4D5	0.408022266100567
OR4D6	0.408022266100567
OR4D9	0.408022266100567
OR4E1	0.408022266100567
OR4F13P	0.408022266100567
OR4F15	0.408022266100567
OR4F17	0.408022266100567
OR4F21	0.408022266100567
OR4F4	0.408022266100567
OR4F5	0.408022266100567
OR4F6	0.408022266100567
OR4K1	0.408022266100567
OR4K13	0.408022266100567
OR4K15	0.408022266100567
OR4K17	0.408022266100567
OR4K2	0.408022266100567
OR4K3	0.408022266100567
OR4K5	0.408022266100567
OR4L1	0.408022266100567
OR4M1	0.408022266100567
OR4M2	0.408022266100567
OR4N2	0.408022266100567
OR4N4	0.408022266100567
OR4N5	0.408022266100567
OR4Q2	0.408022266100567
OR4Q3	0.408022266100567
OR4S1	0.408022266100567
OR4S2	0.408022266100567
OR4X1	0.408022266100567
OR4X2	0.408022266100567
OR51A2	0.408022266100567
OR51A4	0.408022266100567
OR51A7	0.408022266100567
OR51B2	0.408022266100567
OR51B4	0.408022266100567
OR51B5	0.408022266100567
OR51B6	0.408022266100567
OR51C1P	0.408022266100567
OR51E1	0.408022266100567
OR51E2	0.408022266100567
OR51F1	0.408022266100567
OR51F2	0.408022266100567
OR51G1	0.408022266100567
OR51G2	0.408022266100567
OR51I1	0.408022266100567
OR51L1	0.408022266100567
OR51M1	0.408022266100567
OR51Q1	0.408022266100567
OR51T1	0.408022266100567
OR52A1	0.408022266100567
OR52A4P	0.408022266100567
OR52B1P	0.408022266100567
OR52B2	0.408022266100567
OR52B4	0.408022266100567
OR52B6	0.408022266100567
OR52E1	0.408022266100567
OR52E2	0.408022266100567
OR52E4	0.408022266100567
OR52E5	0.408022266100567
OR52E6	0.408022266100567
OR52E8	0.408022266100567
OR52H1	0.408022266100567
OR52I2	0.408022266100567
OR52J3	0.408022266100567
OR52K1	0.408022266100567
OR52K2	0.408022266100567
OR52L1	0.408022266100567
OR52M1	0.408022266100567
OR52N1	0.408022266100567
OR52N2	0.408022266100567
OR52N4	0.408022266100567
OR52N5	0.408022266100567
OR52R1	0.408022266100567
OR56A1	0.408022266100567
OR56A3	0.408022266100567
OR56A4	0.408022266100567
OR56A5	0.408022266100567
OR56B1	0.408022266100567
OR56B3P	0.408022266100567
OR56B4	0.408022266100567
OR5A2	0.408022266100567
OR5AC1	0.408022266100567
OR5AC2	0.408022266100567
OR5AK2	0.408022266100567
OR5AN1	0.408022266100567
OR5AP2	0.408022266100567
OR5AR1	0.408022266100567
OR5AS1	0.408022266100567
OR5AU1	0.408022266100567
OR5B12	0.408022266100567
OR5B17	0.408022266100567
OR5B2	0.408022266100567
OR5B21	0.408022266100567
OR5B3	0.408022266100567
OR5BS1P	0.408022266100567
OR5D13	0.408022266100567
OR5D14	0.408022266100567
OR5D16	0.408022266100567
OR5D18	0.408022266100567
OR5D3P	0.408022266100567
OR5F1	0.408022266100567
OR5G5P	0.408022266100567
OR5H14	0.408022266100567
OR5H15	0.408022266100567
OR5H2	0.408022266100567
OR5H8	0.408022266100567
OR5I1	0.408022266100567
OR5K1	0.408022266100567
OR5K2	0.408022266100567
OR5K3	0.408022266100567
OR5K4	0.408022266100567
OR5L1	0.408022266100567
OR5L2	0.408022266100567
OR5M1	0.408022266100567
OR5M10	0.408022266100567
OR5M11	0.408022266100567
OR5M3	0.408022266100567
OR5M8	0.408022266100567
OR5M9	0.408022266100567
OR5R1	0.408022266100567
OR5T1	0.408022266100567
OR5T2	0.408022266100567
OR5T3	0.408022266100567
OR5V1	0.408022266100567
OR5W2	0.408022266100567
OR6B1	0.408022266100567
OR6B2	0.408022266100567
OR6B3	0.408022266100567
OR6C1	0.408022266100567
OR6C2	0.408022266100567
OR6C3	0.408022266100567
OR6C4	0.408022266100567
OR6C65	0.408022266100567
OR6C68	0.408022266100567
OR6C70	0.408022266100567
OR6C74	0.408022266100567
OR6C75	0.408022266100567
OR6C76	0.408022266100567
OR6F1	0.408022266100567
OR6K2	0.408022266100567
OR6K3	0.408022266100567
OR6K6	0.408022266100567
OR6M1	0.408022266100567
OR6N2	0.408022266100567
OR6P1	0.408022266100567
OR6Q1	0.408022266100567
OR6S1	0.408022266100567
OR6T1	0.408022266100567
OR6V1	0.408022266100567
OR6X1	0.408022266100567
OR7A10	0.408022266100567
OR7A17	0.408022266100567
OR7A2P	0.408022266100567
OR7A5	0.408022266100567
OR7C1	0.408022266100567
OR7C2	0.408022266100567
OR7D1P	0.408022266100567
OR7D2	0.408022266100567
OR7D4	0.408022266100567
OR7E110P	0.408022266100567
OR7E122P	0.408022266100567
OR7E22P	0.408022266100567
OR7E24	0.408022266100567
OR7E25P	0.408022266100567
OR7E28P	0.408022266100567
OR7E38P	0.408022266100567
OR7G1	0.408022266100567
OR7G2	0.408022266100567
OR7G3	0.408022266100567
OR8A1	0.408022266100567
OR8B12	0.408022266100567
OR8B2	0.408022266100567
OR8B3	0.408022266100567
OR8B4	0.408022266100567
OR8D1	0.408022266100567
OR8D2	0.408022266100567
OR8D4	0.408022266100567
OR8G1	0.408022266100567
OR8G2P	0.408022266100567
OR8G5	0.408022266100567
OR8H1	0.408022266100567
OR8H2	0.408022266100567
OR8H3	0.408022266100567
OR8I2	0.408022266100567
OR8J1	0.408022266100567
OR8J2	0.408022266100567
OR8J3	0.408022266100567
OR8K1	0.408022266100567
OR8K3	0.408022266100567
OR8K5	0.408022266100567
OR8S1	0.408022266100567
OR8U1	0.408022266100567
OR9A2	0.408022266100567
OR9A4	0.408022266100567
OR9G1	0.408022266100567
OR9G4	0.408022266100567
OR9H1P	0.408022266100567
OR9I1	0.408022266100567
OR9K2	0.408022266100567
OR9Q2	0.408022266100567
ORM1	0.408022266100567
ORM2	0.408022266100567
OSTCP1	0.408022266100567
OSTN	0.408022266100567
OTOA	0.408022266100567
OTOAP1	0.408022266100567
OTOGL	0.408022266100567
OTOP1	0.408022266100567
OTULINL	0.408022266100567
OVCH1	0.408022266100567
OVCH1-AS1	0.408022266100567
OVCH2	0.408022266100567
OXA1L	0.408022266100567
OXER1	0.408022266100567
OXTR	0.408022266100567
P2RY11	0.408022266100567
P2RY6	0.408022266100567
P3H2	0.408022266100567
P3H3	0.408022266100567
P4HB	0.408022266100567
PABPC1P12	0.408022266100567
PABPC1P2	0.408022266100567
PABPC1P4	0.408022266100567
PADI3	0.408022266100567
PADI4	0.408022266100567
PADI6	0.408022266100567
PAEP	0.408022266100567
PAEPP1	0.408022266100567
PAFAH2	0.408022266100567
PAIP2B	0.408022266100567
PALM	0.408022266100567
PALM2	0.408022266100567
PANO1	0.408022266100567
PANX1	0.408022266100567
PAPLN	0.408022266100567
PARGP1	0.408022266100567
PARL	0.408022266100567
PARP1	0.408022266100567
PARP3	0.408022266100567
PARP4P2	0.408022266100567
PARPBP	0.408022266100567
PASK	0.408022266100567
PAX4	0.408022266100567
PAXIP1	0.408022266100567
PAXIP1-AS2	0.408022266100567
PBOV1	0.408022266100567
PBX3	0.408022266100567
PCAT19	0.408022266100567
PCBD1	0.408022266100567
PCBP1-AS1	0.408022266100567
PCDHA11	0.408022266100567
PCDHA4	0.408022266100567
PCDHA8	0.408022266100567
PCDHB15	0.408022266100567
PCDHB16	0.408022266100567
PCDHB2	0.408022266100567
PCDHB5	0.408022266100567
PCDHB6	0.408022266100567
PCDHGB3	0.408022266100567
PCDHGB4	0.408022266100567
PCED1B	0.408022266100567
PCK1	0.408022266100567
PCK2	0.408022266100567
PCM1	0.408022266100567
PCNX4	0.408022266100567
PCSK9	0.408022266100567
PCYOX1L	0.408022266100567
PDCD11	0.408022266100567
PDCD2L	0.408022266100567
PDCD6IPP2	0.408022266100567
PDE10A	0.408022266100567
PDE4B	0.408022266100567
PDE6B	0.408022266100567
PDE6G	0.408022266100567
PDHA2	0.408022266100567
PDIA2	0.408022266100567
PDIA3	0.408022266100567
PDLIM1	0.408022266100567
PDLIM2	0.408022266100567
PDLIM3	0.408022266100567
PDPN	0.408022266100567
PDXDC2P-NPIPB14P	0.408022266100567
PDXK	0.408022266100567
PDZD3	0.408022266100567
PDZK1	0.408022266100567
PDZK1IP1	0.408022266100567
PDZK1P1	0.408022266100567
PEBP4	0.408022266100567
PECAM1	0.408022266100567
PECR	0.408022266100567
PEPD	0.408022266100567
PET100	0.408022266100567
PET117	0.408022266100567
PEX11G	0.408022266100567
PEX26	0.408022266100567
PF4	0.408022266100567
PF4V1	0.408022266100567
PFDN1	0.408022266100567
PFN1	0.408022266100567
PFN3	0.408022266100567
PFN4	0.408022266100567
PGA3	0.408022266100567
PGA4	0.408022266100567
PGAM5P1	0.408022266100567
PGC	0.408022266100567
PGK1P2	0.408022266100567
PGLYRP1	0.408022266100567
PGLYRP4	0.408022266100567
PGM1	0.408022266100567
PGM5P2	0.408022266100567
PGPEP1L	0.408022266100567
PHBP18	0.408022266100567
PHBP5	0.408022266100567
PHF2P2	0.408022266100567
PHGR1	0.408022266100567
PHKB	0.408022266100567
PHKG1	0.408022266100567
PHKG1P1	0.408022266100567
PHLDB3	0.408022266100567
PHLPP2	0.408022266100567
PHYH	0.408022266100567
PHYKPL	0.408022266100567
PI4KAP1	0.408022266100567
PI4KAP2	0.408022266100567
PID1	0.408022266100567
PIFO	0.408022266100567
PIGBOS1	0.408022266100567
PIGW	0.408022266100567
PIGY	0.408022266100567
PIH1D1	0.408022266100567
PIK3R4	0.408022266100567
PIK3R6	0.408022266100567
PILRA	0.408022266100567
PILRB	0.408022266100567
PIMREG	0.408022266100567
PINLYP	0.408022266100567
PIP	0.408022266100567
PIP5K1P2	0.408022266100567
PIPSL	0.408022266100567
PIWIL3	0.408022266100567
PKD1L1	0.408022266100567
PKD1P5	0.408022266100567
PKD1P6	0.408022266100567
PKIA	0.408022266100567
PKIG	0.408022266100567
PKMP1	0.408022266100567
PKP3	0.408022266100567
PLA1A	0.408022266100567
PLA2G10	0.408022266100567
PLA2G16	0.408022266100567
PLA2G1B	0.408022266100567
PLA2G2C	0.408022266100567
PLA2G2D	0.408022266100567
PLA2G2F	0.408022266100567
PLA2G4D	0.408022266100567
PLA2G4E	0.408022266100567
PLAC9	0.408022266100567
PLAC9P1	0.408022266100567
PLAUR	0.408022266100567
PLBD2	0.408022266100567
PLCH2	0.408022266100567
PLD2	0.408022266100567
PLEKHA6	0.408022266100567
PLEKHA8P1	0.408022266100567
PLEKHB1	0.408022266100567
PLEKHG4B	0.408022266100567
PLEKHG7	0.408022266100567
PLEKHM1P1	0.408022266100567
PLEKHM2	0.408022266100567
PLGLA	0.408022266100567
PLGLB1	0.408022266100567
PLGLB2	0.408022266100567
PLGRKT	0.408022266100567
PLIN2	0.408022266100567
PLIN3	0.408022266100567
PLK2	0.408022266100567
PLN	0.408022266100567
PLPP6	0.408022266100567
PLRG1	0.408022266100567
PLTP	0.408022266100567
PLVAP	0.408022266100567
PM20D1	0.408022266100567
PMAIP1	0.408022266100567
PMCH	0.408022266100567
PMCHL2	0.408022266100567
PMF1-BGLAP	0.408022266100567
PMIS2	0.408022266100567
PMS2CL	0.408022266100567
PMS2P4	0.408022266100567
PNKD	0.408022266100567
PNLIP	0.408022266100567
PNLIPP1	0.408022266100567
PNLIPRP2	0.408022266100567
PNLIPRP3	0.408022266100567
PNMA2	0.408022266100567
PNMA8B	0.408022266100567
PNMA8C	0.408022266100567
PNPLA5	0.408022266100567
PNRC2	0.408022266100567
PODNL1	0.408022266100567
POLE4	0.408022266100567
POLG2	0.408022266100567
POLH	0.408022266100567
POLR2J2	0.408022266100567
POLR2J3	0.408022266100567
POLR2J4	0.408022266100567
POLR3E	0.408022266100567
POM121B	0.408022266100567
POM121L12	0.408022266100567
POM121L1P	0.408022266100567
POM121L7P	0.408022266100567
POM121L9P	0.408022266100567
POMC	0.408022266100567
POMT1	0.408022266100567
POMZP3	0.408022266100567
POR	0.408022266100567
POT1-AS1	0.408022266100567
POTEA	0.408022266100567
POTEB2	0.408022266100567
POTEB3	0.408022266100567
POTEC	0.408022266100567
POTED	0.408022266100567
POTEH	0.408022266100567
POTEI	0.408022266100567
POTEJ	0.408022266100567
POTEKP	0.408022266100567
POTEM	0.408022266100567
POU5F1B	0.408022266100567
POU5F2	0.408022266100567
PPBPP1	0.408022266100567
PPDPF	0.408022266100567
PPHLN1	0.408022266100567
PPIAL4A	0.408022266100567
PPIAL4C	0.408022266100567
PPIAL4D	0.408022266100567
PPIAL4G	0.408022266100567
PPIAL4H	0.408022266100567
PPIAP14	0.408022266100567
PPIAP15	0.408022266100567
PPIAP58	0.408022266100567
PPIAP68	0.408022266100567
PPIAP72	0.408022266100567
PPIEL	0.408022266100567
PPIL6	0.408022266100567
PPM1N	0.408022266100567
PPOX	0.408022266100567
PPP1R11	0.408022266100567
PPP1R14D	0.408022266100567
PPP1R26	0.408022266100567
PPP1R27	0.408022266100567
PPP1R2B	0.408022266100567
PPP1R2P1	0.408022266100567
PPP1R32	0.408022266100567
PPP1R3D	0.408022266100567
PPP2R5B	0.408022266100567
PPP3R2	0.408022266100567
PPP4R1L	0.408022266100567
PPP6R2P1	0.408022266100567
PPT2	0.408022266100567
PQLC2	0.408022266100567
PQLC2L	0.408022266100567
PQLC3	0.408022266100567
PRAC2	0.408022266100567
PRAME	0.408022266100567
PRAMEF1	0.408022266100567
PRAMEF10	0.408022266100567
PRAMEF11	0.408022266100567
PRAMEF12	0.408022266100567
PRAMEF13	0.408022266100567
PRAMEF14	0.408022266100567
PRAMEF15	0.408022266100567
PRAMEF17	0.408022266100567
PRAMEF18	0.408022266100567
PRAMEF19	0.408022266100567
PRAMEF2	0.408022266100567
PRAMEF20	0.408022266100567
PRAMEF25	0.408022266100567
PRAMEF26	0.408022266100567
PRAMEF27	0.408022266100567
PRAMEF30P	0.408022266100567
PRAMEF33	0.408022266100567
PRAMEF4	0.408022266100567
PRAMEF5	0.408022266100567
PRAMEF6	0.408022266100567
PRAMEF7	0.408022266100567
PRAMEF8	0.408022266100567
PRAMEF9	0.408022266100567
PRAMENP	0.408022266100567
PRAP1	0.408022266100567
PRB2	0.408022266100567
PRB4	0.408022266100567
PRC1	0.408022266100567
PRDM7	0.408022266100567
PRDX1	0.408022266100567
PRDX2P2	0.408022266100567
PRELID3A	0.408022266100567
PRF1	0.408022266100567
PRG2	0.408022266100567
PRG3	0.408022266100567
PRICKLE4	0.408022266100567
PRIMPOL	0.408022266100567
PRKAA2	0.408022266100567
PRKAR1AP1	0.408022266100567
PRLH	0.408022266100567
PRM1	0.408022266100567
PRM2	0.408022266100567
PRM3	0.408022266100567
PRND	0.408022266100567
PROCA1	0.408022266100567
PROKR1	0.408022266100567
PROKR2	0.408022266100567
PROS2P	0.408022266100567
PROSER2	0.408022266100567
PROSER3	0.408022266100567
PRR13	0.408022266100567
PRR18	0.408022266100567
PRR22	0.408022266100567
PRR23A	0.408022266100567
PRR23C	0.408022266100567
PRR29	0.408022266100567
PRR31	0.408022266100567
PRR33	0.408022266100567
PRR4	0.408022266100567
PRR7	0.408022266100567
PRRT1B	0.408022266100567
PRSS1	0.408022266100567
PRSS30P	0.408022266100567
PRSS3P1	0.408022266100567
PRSS40A	0.408022266100567
PRSS48	0.408022266100567
PRSS50	0.408022266100567
PRSS51	0.408022266100567
PRSS53	0.408022266100567
PRSS57	0.408022266100567
PRSS8	0.408022266100567
PRUNEP1	0.408022266100567
PRXL2C	0.408022266100567
PSCA	0.408022266100567
PSENEN	0.408022266100567
PSG1	0.408022266100567
PSG10P	0.408022266100567
PSG2	0.408022266100567
PSG3	0.408022266100567
PSG4	0.408022266100567
PSG5	0.408022266100567
PSG6	0.408022266100567
PSG7	0.408022266100567
PSG8	0.408022266100567
PSG9	0.408022266100567
PSKH2	0.408022266100567
PSMA2P2	0.408022266100567
PSMB10	0.408022266100567
PSMB11	0.408022266100567
PSMB7	0.408022266100567
PSMC3IP	0.408022266100567
PSMD10P2	0.408022266100567
PSMD9	0.408022266100567
PSMF1	0.408022266100567
PSMG2	0.408022266100567
PSMG3	0.408022266100567
PSMG3-AS1	0.408022266100567
PSMG4	0.408022266100567
PSORS1C1	0.408022266100567
PSPC1P1	0.408022266100567
PSPHP1	0.408022266100567
PSRC1	0.408022266100567
PSTK	0.408022266100567
PSTPIP2	0.408022266100567
PTCD2	0.408022266100567
PTCH2	0.408022266100567
PTCHD3P2	0.408022266100567
PTCHD3P3	0.408022266100567
PTENP1	0.408022266100567
PTER	0.408022266100567
PTGDR	0.408022266100567
PTGR1	0.408022266100567
PTH	0.408022266100567
PTH2	0.408022266100567
PTH2R	0.408022266100567
PTHLH	0.408022266100567
PTMA	0.408022266100567
PTMS	0.408022266100567
PTP4A1	0.408022266100567
PTP4A2	0.408022266100567
PTPN2	0.408022266100567
PTPN20	0.408022266100567
PTPN20CP	0.408022266100567
PTPN6	0.408022266100567
PTPN7	0.408022266100567
PTPRVP	0.408022266100567
PTRHD1	0.408022266100567
PTTG1	0.408022266100567
PTTG2	0.408022266100567
PTTG3P	0.408022266100567
PTX4	0.408022266100567
PUS7L	0.408022266100567
PUSL1	0.408022266100567
PVALEF	0.408022266100567
PVT1	0.408022266100567
PYCARD	0.408022266100567
PYCR3	0.408022266100567
PYDC1	0.408022266100567
PYDC2	0.408022266100567
PYHIN1	0.408022266100567
PYHIN5P	0.408022266100567
PYY	0.408022266100567
PZP	0.408022266100567
QRFP	0.408022266100567
QRFPR	0.408022266100567
QTRT1	0.408022266100567
R3HCC1	0.408022266100567
R3HDML	0.408022266100567
RAB26	0.408022266100567
RAB28	0.408022266100567
RAB39A	0.408022266100567
RAB42	0.408022266100567
RAB44	0.408022266100567
RAB4A	0.408022266100567
RAB6C	0.408022266100567
RAB6C-AS1	0.408022266100567
RAB6D	0.408022266100567
RAB7B	0.408022266100567
RAD1	0.408022266100567
RAD51AP2	0.408022266100567
RAD51C	0.408022266100567
RAD9B	0.408022266100567
RAET1E	0.408022266100567
RAET1G	0.408022266100567
RAET1K	0.408022266100567
RAET1L	0.408022266100567
RAET1M	0.408022266100567
RAMACL	0.408022266100567
RANGRF	0.408022266100567
RASA4	0.408022266100567
RASA4B	0.408022266100567
RASA4CP	0.408022266100567
RASA4DP	0.408022266100567
RASSF2	0.408022266100567
RASSF6	0.408022266100567
RASSF9	0.408022266100567
RAVER1	0.408022266100567
RAX	0.408022266100567
RAX2	0.408022266100567
RBAK	0.408022266100567
RBAK-RBAKDN	0.408022266100567
RBBP9	0.408022266100567
RBM11	0.408022266100567
RBM46	0.408022266100567
RBMXL1	0.408022266100567
RBSN	0.408022266100567
RCAN1	0.408022266100567
RCAN2	0.408022266100567
RCC2P3	0.408022266100567
RCCD1	0.408022266100567
RDM1	0.408022266100567
RDM1P3	0.408022266100567
RDM1P5	0.408022266100567
REC8	0.408022266100567
RECQL4	0.408022266100567
REELD1	0.408022266100567
REEP6	0.408022266100567
REG1CP	0.408022266100567
RELT	0.408022266100567
REP15	0.408022266100567
RERG	0.408022266100567
RET	0.408022266100567
RETN	0.408022266100567
RETNLB	0.408022266100567
RETREG3	0.408022266100567
REXO1L1P	0.408022266100567
RF00006	0.408022266100567
RF00017_chr10	0.408022266100567
RF00017_chr17	0.408022266100567
RF00017_chr4	0.408022266100567
RF00019_chr12	0.408022266100567
RF00019_chr14	0.408022266100567
RF00019_chr16	0.408022266100567
RF00019_chr3	0.408022266100567
RF00019_chr5	0.408022266100567
RF00019_chr6	0.408022266100567
RF00019_chr7	0.408022266100567
RF00019_chr8	0.408022266100567
RF00096	0.408022266100567
RF00139	0.408022266100567
RF00406	0.408022266100567
RF00568	0.408022266100567
RF01699	0.408022266100567
RFKP2	0.408022266100567
RFLNA	0.408022266100567
RFLNB	0.408022266100567
RFNG	0.408022266100567
RFPL3	0.408022266100567
RFPL3S	0.408022266100567
RFPL4B	0.408022266100567
RGCC	0.408022266100567
RGMB	0.408022266100567
RGPD2	0.408022266100567
RGPD6	0.408022266100567
RGS19	0.408022266100567
RGS3	0.408022266100567
RHCE	0.408022266100567
RHEBL1	0.408022266100567
RHEX	0.408022266100567
RHNO1	0.408022266100567
RHOT1P2	0.408022266100567
RHOT2	0.408022266100567
RIC8A	0.408022266100567
RIDA	0.408022266100567
RIIAD1	0.408022266100567
RIMBP3	0.408022266100567
RIMBP3B	0.408022266100567
RIMBP3C	0.408022266100567
RIMKLA	0.408022266100567
RIOK2	0.408022266100567
RIPK2	0.408022266100567
RIPPLY2	0.408022266100567
RIPPLY3	0.408022266100567
RIT2	0.408022266100567
RLN1	0.408022266100567
RLN2	0.408022266100567
RMDN1	0.408022266100567
RMI1	0.408022266100567
RMI2	0.408022266100567
RMND1	0.408022266100567
RN7SKP299	0.408022266100567
RN7SL209P	0.408022266100567
RN7SL214P	0.408022266100567
RN7SL319P	0.408022266100567
RN7SL417P	0.408022266100567
RN7SL422P	0.408022266100567
RN7SL440P	0.408022266100567
RN7SL860P	0.408022266100567
RNA5-8SP2	0.408022266100567
RNA5SP206	0.408022266100567
RNA5SP29	0.408022266100567
RNA5SP308	0.408022266100567
RNA5SP467	0.408022266100567
RNASE10	0.408022266100567
RNASE11	0.408022266100567
RNASE12	0.408022266100567
RNASE13	0.408022266100567
RNASE3	0.408022266100567
RNASE6	0.408022266100567
RNASE7	0.408022266100567
RNASEH2B	0.408022266100567
RNASEH2C	0.408022266100567
RNASEK-C17orf49	0.408022266100567
RNASET2	0.408022266100567
RNF113B	0.408022266100567
RNF115	0.408022266100567
RNF122	0.408022266100567
RNF133	0.408022266100567
RNF144B	0.408022266100567
RNF151	0.408022266100567
RNF165	0.408022266100567
RNF167	0.408022266100567
RNF183	0.408022266100567
RNF212	0.408022266100567
RNF212B	0.408022266100567
RNF216P1	0.408022266100567
RNF217-AS1	0.408022266100567
RNF222	0.408022266100567
RNF224	0.408022266100567
RNF227	0.408022266100567
RNF31	0.408022266100567
RNF7	0.408022266100567
RNFT1-DT	0.408022266100567
RNFT1P3	0.408022266100567
RNH1	0.408022266100567
RNLS	0.408022266100567
RNU1-146P	0.408022266100567
RNU1-20P	0.408022266100567
RNU1-22P	0.408022266100567
RNU1-68P	0.408022266100567
RNU4-25P	0.408022266100567
RNU4-48P	0.408022266100567
RNU6-104P	0.408022266100567
RNU6-1128P	0.408022266100567
RNU6-1191P	0.408022266100567
RNU6-1207P	0.408022266100567
RNU6-1277P	0.408022266100567
RNU6-1307P	0.408022266100567
RNU6-1320P	0.408022266100567
RNU6-181P	0.408022266100567
RNU6-226P	0.408022266100567
RNU6-233P	0.408022266100567
RNU6-293P	0.408022266100567
RNU6-316P	0.408022266100567
RNU6-336P	0.408022266100567
RNU6-353P	0.408022266100567
RNU6-481P	0.408022266100567
RNU6-713P	0.408022266100567
RNU6-721P	0.408022266100567
RNU6-784P	0.408022266100567
RNU6-817P	0.408022266100567
RNU6-978P	0.408022266100567
RNU7-104P	0.408022266100567
RNU7-115P	0.408022266100567
RNY3P11	0.408022266100567
RNY4P14	0.408022266100567
RORA-AS2	0.408022266100567
RP9P	0.408022266100567
RPEL1	0.408022266100567
RPL12P27	0.408022266100567
RPL15P13	0.408022266100567
RPL17P43	0.408022266100567
RPL18P11	0.408022266100567
RPL19P16	0.408022266100567
RPL23A	0.408022266100567
RPL23AP93	0.408022266100567
RPL29	0.408022266100567
RPL31P57	0.408022266100567
RPL34-AS1	0.408022266100567
RPL35A	0.408022266100567
RPL35P2	0.408022266100567
RPL37	0.408022266100567
RPL37AP1	0.408022266100567
RPL37P1	0.408022266100567
RPL39L	0.408022266100567
RPL41	0.408022266100567
RPL5P33	0.408022266100567
RPL7L1P9	0.408022266100567
RPL7P3	0.408022266100567
RPL8	0.408022266100567
RPLP0P2	0.408022266100567
RPLP1	0.408022266100567
RPLP2	0.408022266100567
RPP38	0.408022266100567
RPS11	0.408022266100567
RPS19P7	0.408022266100567
RPS21	0.408022266100567
RPS26	0.408022266100567
RPS27L	0.408022266100567
RPS27P29	0.408022266100567
RPS4XP9	0.408022266100567
RPS6KA4	0.408022266100567
RPS6KB2	0.408022266100567
RPSAP17	0.408022266100567
RPSAP19	0.408022266100567
RPSAP47	0.408022266100567
RPSAP69	0.408022266100567
RPSAP76	0.408022266100567
RRN3P1	0.408022266100567
RRN3P2	0.408022266100567
RRN3P3	0.408022266100567
RRNAD1	0.408022266100567
RSAD1	0.408022266100567
RSL1D1	0.408022266100567
RSPH1	0.408022266100567
RSPH4A	0.408022266100567
RSPO4	0.408022266100567
RSRP1	0.408022266100567
RSU1P1	0.408022266100567
RSU1P2	0.408022266100567
RTL10	0.408022266100567
RTP3	0.408022266100567
RTP4	0.408022266100567
RTTN	0.408022266100567
RUBCN	0.408022266100567
RUFY4	0.408022266100567
RUNX1	0.408022266100567
RXFP4	0.408022266100567
RYR2	0.408022266100567
S100A1	0.408022266100567
S100A10	0.408022266100567
S100A12	0.408022266100567
S100A16	0.408022266100567
S100A2	0.408022266100567
S100A3	0.408022266100567
S100A4	0.408022266100567
S100A5	0.408022266100567
S100A7	0.408022266100567
S100A7A	0.408022266100567
S100A8	0.408022266100567
S100B	0.408022266100567
S100P	0.408022266100567
S1PR4	0.408022266100567
S1PR5	0.408022266100567
SAA2	0.408022266100567
SAA3P	0.408022266100567
SAA4	0.408022266100567
SAMSN1-AS1	0.408022266100567
SAP25	0.408022266100567
SAPCD1	0.408022266100567
SARDH	0.408022266100567
SATB1-AS1	0.408022266100567
SAXO1	0.408022266100567
SAXO2	0.408022266100567
SBDSP1	0.408022266100567
SBK2	0.408022266100567
SCAMP4	0.408022266100567
SCAND2P	0.408022266100567
SCD	0.408022266100567
SCG2	0.408022266100567
SCGB1A1	0.408022266100567
SCGB1C1	0.408022266100567
SCGB1C2	0.408022266100567
SCGB1D1	0.408022266100567
SCGB1D4	0.408022266100567
SCGB2A1	0.408022266100567
SCGB2A2	0.408022266100567
SCGB2B2	0.408022266100567
SCGB3A1	0.408022266100567
SCGB3A2	0.408022266100567
SCN4B	0.408022266100567
SCNN1A	0.408022266100567
SCOC-AS1	0.408022266100567
SCP2D1	0.408022266100567
SCRG1	0.408022266100567
SCRN1	0.408022266100567
SCUBE2	0.408022266100567
SCUBE3	0.408022266100567
SCYGR1	0.408022266100567
SCYGR2	0.408022266100567
SCYGR3	0.408022266100567
SCYGR4	0.408022266100567
SCYGR5	0.408022266100567
SCYGR6	0.408022266100567
SCYGR7	0.408022266100567
SCYGR8	0.408022266100567
SDCBP2	0.408022266100567
SDCBP2-AS1	0.408022266100567
SDCBP2P1	0.408022266100567
SDCBPP2	0.408022266100567
SDHAF1	0.408022266100567
SDHAP1	0.408022266100567
SDHAP3	0.408022266100567
SDHD	0.408022266100567
SDK1	0.408022266100567
SDR16C6P	0.408022266100567
SDR39U1	0.408022266100567
SDS	0.408022266100567
SEBOX	0.408022266100567
SEC14L4	0.408022266100567
SEC1P	0.408022266100567
SEC22A	0.408022266100567
SEC22B	0.408022266100567
SEC22C	0.408022266100567
SEC24C	0.408022266100567
SECTM1	0.408022266100567
SELENOF	0.408022266100567
SELENOH	0.408022266100567
SELENOM	0.408022266100567
SELENON	0.408022266100567
SELENOV	0.408022266100567
SELPLG	0.408022266100567
SEM1	0.408022266100567
SEM1P1	0.408022266100567
SEMA3B	0.408022266100567
SEMA3C	0.408022266100567
SEMA4C	0.408022266100567
SEMA4G	0.408022266100567
SEMG2	0.408022266100567
SENP8	0.408022266100567
SEPHS2	0.408022266100567
SEPT14P1	0.408022266100567
SEPT14P21	0.408022266100567
SEPT7P2	0.408022266100567
SEPT7P3	0.408022266100567
SERF1B	0.408022266100567
SERHL	0.408022266100567
SERHL2	0.408022266100567
SERINC5	0.408022266100567
SERPINA12	0.408022266100567
SERPINA13P	0.408022266100567
SERPINA2	0.408022266100567
SERPINA3	0.408022266100567
SERPINA4	0.408022266100567
SERPINA6	0.408022266100567
SERPINB1	0.408022266100567
SERPINB11	0.408022266100567
SERPINB12	0.408022266100567
SERPINB2	0.408022266100567
SERPINB3	0.408022266100567
SERPINB8	0.408022266100567
SERPINF1	0.408022266100567
SERPINI1	0.408022266100567
SETD4	0.408022266100567
SETD8P1	0.408022266100567
SETD9	0.408022266100567
SETSIP	0.408022266100567
SFR1	0.408022266100567
SFT2D3	0.408022266100567
SFTA2	0.408022266100567
SFTA3	0.408022266100567
SFTPB	0.408022266100567
SGCB	0.408022266100567
SGCD	0.408022266100567
SGCZ	0.408022266100567
SGPL1	0.408022266100567
SGPP2	0.408022266100567
SGTA	0.408022266100567
SH2B2	0.408022266100567
SH2D1B	0.408022266100567
SH2D2A	0.408022266100567
SH2D4A	0.408022266100567
SH2D6	0.408022266100567
SH3BGRL2	0.408022266100567
SH3BP1	0.408022266100567
SH3BP2	0.408022266100567
SH3D19	0.408022266100567
SH3PXD2A	0.408022266100567
SHANK2-AS3	0.408022266100567
SHBG	0.408022266100567
SHCBP1L	0.408022266100567
SHD	0.408022266100567
SHISA5	0.408022266100567
SHISAL2A	0.408022266100567
SHLD2	0.408022266100567
SHLD2P3	0.408022266100567
SHLD3	0.408022266100567
SHOC2	0.408022266100567
SHPRH	0.408022266100567
SHQ1	0.408022266100567
SIAH3	0.408022266100567
SIGLEC12	0.408022266100567
SIGLEC14	0.408022266100567
SIGLEC16	0.408022266100567
SIGLEC20P	0.408022266100567
SIGLEC31P	0.408022266100567
SIGLEC5	0.408022266100567
SIGLEC6	0.408022266100567
SIGLEC7	0.408022266100567
SIGLEC8	0.408022266100567
SIGLEC9	0.408022266100567
SIK1B	0.408022266100567
SIKE1	0.408022266100567
SIM2	0.408022266100567
SIRPA	0.408022266100567
SIRPB1	0.408022266100567
SIRPB3P	0.408022266100567
SIRPD	0.408022266100567
SIRT2	0.408022266100567
SIRT5	0.408022266100567
SKA1	0.408022266100567
SKA2P1	0.408022266100567
SKP1	0.408022266100567
SLC10A2	0.408022266100567
SLC10A5	0.408022266100567
SLC15A5	0.408022266100567
SLC16A6P1	0.408022266100567
SLC16A7	0.408022266100567
SLC18B1	0.408022266100567
SLC20A1P3	0.408022266100567
SLC22A12	0.408022266100567
SLC22A14	0.408022266100567
SLC22A15	0.408022266100567
SLC22A16	0.408022266100567
SLC22A18AS	0.408022266100567
SLC22A20P	0.408022266100567
SLC22A25	0.408022266100567
SLC22A4	0.408022266100567
SLC22A6	0.408022266100567
SLC22A8	0.408022266100567
SLC23A2	0.408022266100567
SLC24A5	0.408022266100567
SLC25A15P2	0.408022266100567
SLC25A21	0.408022266100567
SLC25A24	0.408022266100567
SLC25A40	0.408022266100567
SLC25A42	0.408022266100567
SLC25A45	0.408022266100567
SLC26A10	0.408022266100567
SLC26A7	0.408022266100567
SLC27A1	0.408022266100567
SLC27A3	0.408022266100567
SLC27A5	0.408022266100567
SLC29A1	0.408022266100567
SLC29A3	0.408022266100567
SLC29A4P2	0.408022266100567
SLC2A11	0.408022266100567
SLC2A9	0.408022266100567
SLC31A2	0.408022266100567
SLC34A1	0.408022266100567
SLC35A4	0.408022266100567
SLC35B3	0.408022266100567
SLC35D1	0.408022266100567
SLC35E2A	0.408022266100567
SLC35F5	0.408022266100567
SLC35F6	0.408022266100567
SLC35G1	0.408022266100567
SLC35G3	0.408022266100567
SLC35G4	0.408022266100567
SLC35G5	0.408022266100567
SLC35G6	0.408022266100567
SLC36A1	0.408022266100567
SLC36A2	0.408022266100567
SLC36A4	0.408022266100567
SLC38A3	0.408022266100567
SLC38A6	0.408022266100567
SLC38A7	0.408022266100567
SLC44A3	0.408022266100567
SLC46A3	0.408022266100567
SLC47A1	0.408022266100567
SLC47A1P2	0.408022266100567
SLC47A2	0.408022266100567
SLC49A3	0.408022266100567
SLC4A4	0.408022266100567
SLC51B	0.408022266100567
SLC52A1	0.408022266100567
SLC52A2	0.408022266100567
SLC52A3	0.408022266100567
SLC5A4	0.408022266100567
SLC6A10P	0.408022266100567
SLC6A13	0.408022266100567
SLC6A18	0.408022266100567
SLC7A1	0.408022266100567
SLC7A10	0.408022266100567
SLC7A2	0.408022266100567
SLC7A5P1	0.408022266100567
SLC7A6OS	0.408022266100567
SLC9A3R2	0.408022266100567
SLC9A7P1	0.408022266100567
SLC9B1P2	0.408022266100567
SLC9B1P3	0.408022266100567
SLC9B1P4	0.408022266100567
SLCO1C1	0.408022266100567
SLFN12	0.408022266100567
SLFN12L	0.408022266100567
SLFN13	0.408022266100567
SLFN5	0.408022266100567
SLITRK6	0.408022266100567
SLN	0.408022266100567
SLPI	0.408022266100567
SLX1B	0.408022266100567
SMAD9	0.408022266100567
SMAGP	0.408022266100567
SMCO4	0.408022266100567
SMCP	0.408022266100567
SMDT1	0.408022266100567
SMG1P1	0.408022266100567
SMG1P2	0.408022266100567
SMG1P3	0.408022266100567
SMG1P4	0.408022266100567
SMG1P5	0.408022266100567
SMG1P6	0.408022266100567
SMG1P7	0.408022266100567
SMIM1	0.408022266100567
SMIM11A	0.408022266100567
SMIM11P1	0.408022266100567
SMIM13	0.408022266100567
SMIM18	0.408022266100567
SMIM21	0.408022266100567
SMIM22	0.408022266100567
SMIM25	0.408022266100567
SMIM26	0.408022266100567
SMIM27	0.408022266100567
SMIM28	0.408022266100567
SMIM29	0.408022266100567
SMIM3	0.408022266100567
SMIM31	0.408022266100567
SMIM32	0.408022266100567
SMIM33	0.408022266100567
SMIM34A	0.408022266100567
SMIM35	0.408022266100567
SMIM36	0.408022266100567
SMIM38	0.408022266100567
SMIM40	0.408022266100567
SMIM41	0.408022266100567
SMIM5	0.408022266100567
SMIM6	0.408022266100567
SMIM8	0.408022266100567
SMKR1	0.408022266100567
SMLR1	0.408022266100567
SMN1	0.408022266100567
SMNDC1	0.408022266100567
SMPD4P1	0.408022266100567
SMPD4P2	0.408022266100567
SMR3A	0.408022266100567
SMTNL1	0.408022266100567
SMURF2P1	0.408022266100567
SNAP23	0.408022266100567
SNAP47	0.408022266100567
SNAPC2	0.408022266100567
SNAPIN	0.408022266100567
SNCA	0.408022266100567
SNCAIP	0.408022266100567
SNCG	0.408022266100567
SNN	0.408022266100567
SNORA15B-1	0.408022266100567
SNORA22	0.408022266100567
SNORA22C	0.408022266100567
SNORA7B	0.408022266100567
SNORD114-14	0.408022266100567
SNORD114-23	0.408022266100567
SNORD114-31	0.408022266100567
SNORD115-12	0.408022266100567
SNORD115-14	0.408022266100567
SNORD115-19	0.408022266100567
SNORD115-2	0.408022266100567
SNORD115-21	0.408022266100567
SNORD115-25	0.408022266100567
SNORD115-29	0.408022266100567
SNORD115-3	0.408022266100567
SNORD115-34	0.408022266100567
SNORD115-41	0.408022266100567
SNORD115-42	0.408022266100567
SNORD115-9	0.408022266100567
SNORD116-10	0.408022266100567
SNORD116-11	0.408022266100567
SNORD116-14	0.408022266100567
SNORD116-17	0.408022266100567
SNORD116-2	0.408022266100567
SNORD116-3	0.408022266100567
SNORD116-5	0.408022266100567
SNORD1B	0.408022266100567
SNORD50B	0.408022266100567
SNRNP48	0.408022266100567
SNRPD2	0.408022266100567
SNRPE	0.408022266100567
SNRPEP2	0.408022266100567
SNURF	0.408022266100567
SNX29P2	0.408022266100567
SNX5	0.408022266100567
SNX7	0.408022266100567
SNX9	0.408022266100567
SOAT2	0.408022266100567
SOCS1	0.408022266100567
SOCS5P2	0.408022266100567
SOCS5P5	0.408022266100567
SOHLH2	0.408022266100567
SORBS1	0.408022266100567
SORD2P	0.408022266100567
SORT1	0.408022266100567
SP7	0.408022266100567
SPAAR	0.408022266100567
SPACA6	0.408022266100567
SPAG11A	0.408022266100567
SPAG11B	0.408022266100567
SPAG7	0.408022266100567
SPARCL1	0.408022266100567
SPATA12	0.408022266100567
SPATA18	0.408022266100567
SPATA19	0.408022266100567
SPATA21	0.408022266100567
SPATA25	0.408022266100567
SPATA3	0.408022266100567
SPATA3-AS1	0.408022266100567
SPATA31A1	0.408022266100567
SPATA31A3	0.408022266100567
SPATA31A5	0.408022266100567
SPATA31A6	0.408022266100567
SPATA31A7	0.408022266100567
SPATA31B1P	0.408022266100567
SPATA31C1	0.408022266100567
SPATA31C2	0.408022266100567
SPATA31D1	0.408022266100567
SPATA31D3	0.408022266100567
SPATA31D4	0.408022266100567
SPATA31D5P	0.408022266100567
SPATA31E1	0.408022266100567
SPATA33	0.408022266100567
SPATA45	0.408022266100567
SPATA48	0.408022266100567
SPATA6	0.408022266100567
SPATA7	0.408022266100567
SPATA8	0.408022266100567
SPATC1L	0.408022266100567
SPCS2P4	0.408022266100567
SPDL1	0.408022266100567
SPDYE12P	0.408022266100567
SPDYE16	0.408022266100567
SPDYE17	0.408022266100567
SPDYE19P	0.408022266100567
SPDYE20P	0.408022266100567
SPDYE2B	0.408022266100567
SPDYE5	0.408022266100567
SPDYE6	0.408022266100567
SPECC1P2	0.408022266100567
SPEM1	0.408022266100567
SPEM2	0.408022266100567
SPEM3	0.408022266100567
SPG11	0.408022266100567
SPHAR	0.408022266100567
SPHK1	0.408022266100567
SPICE1	0.408022266100567
SPINK1	0.408022266100567
SPINK13	0.408022266100567
SPINK4	0.408022266100567
SPINK6	0.408022266100567
SPINK7	0.408022266100567
SPINK8	0.408022266100567
SPINT2	0.408022266100567
SPINT4	0.408022266100567
SPON2	0.408022266100567
SPR	0.408022266100567
SPRN	0.408022266100567
SPRR1A	0.408022266100567
SPRR1B	0.408022266100567
SPRR2A	0.408022266100567
SPRR2B	0.408022266100567
SPRR2C	0.408022266100567
SPRR2D	0.408022266100567
SPRR2E	0.408022266100567
SPRR2F	0.408022266100567
SPRR2G	0.408022266100567
SPRR3	0.408022266100567
SPRR4	0.408022266100567
SPRY4	0.408022266100567
SPTBN4	0.408022266100567
SPTSSB	0.408022266100567
SPTY2D1OS	0.408022266100567
SPX	0.408022266100567
SPZ1	0.408022266100567
SRARP	0.408022266100567
SRCIN1	0.408022266100567
SRFBP1	0.408022266100567
SRGAP2B	0.408022266100567
SRGAP2C	0.408022266100567
SRGAP2D	0.408022266100567
SRGN	0.408022266100567
SRI	0.408022266100567
SRP14-AS1	0.408022266100567
SRRM2-AS1	0.408022266100567
SRSF2	0.408022266100567
SRSF8	0.408022266100567
SRXN1	0.408022266100567
SS18L2	0.408022266100567
SSB	0.408022266100567
SSBP1	0.408022266100567
SSC5D	0.408022266100567
SSMEM1	0.408022266100567
SSPO	0.408022266100567
SSR3	0.408022266100567
SSR4P1	0.408022266100567
SSTR4	0.408022266100567
SSU72P2	0.408022266100567
SSU72P3	0.408022266100567
SSU72P4	0.408022266100567
SSU72P5	0.408022266100567
SSU72P7	0.408022266100567
SSU72P8	0.408022266100567
ST13P4	0.408022266100567
ST20	0.408022266100567
ST20-MTHFS	0.408022266100567
ST8SIA6	0.408022266100567
STAG3L2	0.408022266100567
STAG3L4	0.408022266100567
STAG3L5P-PVRIG2P-PILRB	0.408022266100567
STARD13	0.408022266100567
STARD4-AS1	0.408022266100567
STARD5	0.408022266100567
STARD7-AS1	0.408022266100567
STARP1	0.408022266100567
STATH	0.408022266100567
STEAP4	0.408022266100567
STH	0.408022266100567
STK24-AS1	0.408022266100567
STK36	0.408022266100567
STMND1	0.408022266100567
STON1	0.408022266100567
STON1-GTF2A1L	0.408022266100567
STRA6	0.408022266100567
STRCP1	0.408022266100567
STX11	0.408022266100567
STX19	0.408022266100567
STX8	0.408022266100567
SUCLA2	0.408022266100567
SUCNR1	0.408022266100567
SUCO	0.408022266100567
SUGT1P1	0.408022266100567
SUGT1P3	0.408022266100567
SUGT1P4-STRA6LP	0.408022266100567
SULT1A1	0.408022266100567
SULT1A3	0.408022266100567
SULT1A4	0.408022266100567
SULT1C3	0.408022266100567
SULT6B1	0.408022266100567
SUMO1	0.408022266100567
SUMO4	0.408022266100567
SUOX	0.408022266100567
SUPT20H	0.408022266100567
SURF6	0.408022266100567
SUSD3	0.408022266100567
SUSD5	0.408022266100567
SUZ12P1	0.408022266100567
SVIL-AS1	0.408022266100567
SVIL2P	0.408022266100567
SVIP	0.408022266100567
SYBU	0.408022266100567
SYCE2	0.408022266100567
SYCP1	0.408022266100567
SYN2	0.408022266100567
SYNE1	0.408022266100567
SYNE4	0.408022266100567
SYNGR2	0.408022266100567
SYNGR4	0.408022266100567
SYPL2	0.408022266100567
SYS1-DBNDD2	0.408022266100567
SYT15	0.408022266100567
SYT5	0.408022266100567
SYT8	0.408022266100567
SYTL3	0.408022266100567
TAAR2	0.408022266100567
TAAR5	0.408022266100567
TAAR8	0.408022266100567
TAAR9	0.408022266100567
TAC3	0.408022266100567
TAC4	0.408022266100567
TACC3	0.408022266100567
TAF11L11	0.408022266100567
TAF11L12	0.408022266100567
TAF11L13	0.408022266100567
TAF11L14	0.408022266100567
TAF11L2	0.408022266100567
TAF1D	0.408022266100567
TAF2	0.408022266100567
TAF4B	0.408022266100567
TAL2	0.408022266100567
TANGO2	0.408022266100567
TAPBP	0.408022266100567
TAPT1-AS1	0.408022266100567
TAS2R1	0.408022266100567
TAS2R10	0.408022266100567
TAS2R13	0.408022266100567
TAS2R14	0.408022266100567
TAS2R16	0.408022266100567
TAS2R19	0.408022266100567
TAS2R20	0.408022266100567
TAS2R3	0.408022266100567
TAS2R30	0.408022266100567
TAS2R31	0.408022266100567
TAS2R39	0.408022266100567
TAS2R4	0.408022266100567
TAS2R40	0.408022266100567
TAS2R41	0.408022266100567
TAS2R42	0.408022266100567
TAS2R43	0.408022266100567
TAS2R46	0.408022266100567
TAS2R5	0.408022266100567
TAS2R50	0.408022266100567
TAS2R7	0.408022266100567
TAS2R8	0.408022266100567
TAS2R9	0.408022266100567
TAX1BP3	0.408022266100567
TBC1D2	0.408022266100567
TBC1D21	0.408022266100567
TBC1D22A	0.408022266100567
TBC1D27P	0.408022266100567
TBC1D28	0.408022266100567
TBC1D29P	0.408022266100567
TBC1D3	0.408022266100567
TBC1D3B	0.408022266100567
TBC1D3D	0.408022266100567
TBC1D3E	0.408022266100567
TBC1D3F	0.408022266100567
TBC1D3G	0.408022266100567
TBC1D3H	0.408022266100567
TBC1D3I	0.408022266100567
TBC1D3J	0.408022266100567
TBC1D3K	0.408022266100567
TBC1D3L	0.408022266100567
TBC1D3P1-DHX40P1	0.408022266100567
TBC1D3P2	0.408022266100567
TBC1D3P3	0.408022266100567
TBC1D3P4	0.408022266100567
TBC1D3P5	0.408022266100567
TBC1D3P7	0.408022266100567
TBCB	0.408022266100567
TBRG1	0.408022266100567
TBXAS1	0.408022266100567
TBXT	0.408022266100567
TCAF2C	0.408022266100567
TCAF2P1	0.408022266100567
TCAIM	0.408022266100567
TCF15	0.408022266100567
TCF19	0.408022266100567
TCF21	0.408022266100567
TCF7	0.408022266100567
TCHH	0.408022266100567
TCIM	0.408022266100567
TCN2	0.408022266100567
TCOF1	0.408022266100567
TCP10	0.408022266100567
TCP10L	0.408022266100567
TCP1P1	0.408022266100567
TCTA	0.408022266100567
TCTEX1D1	0.408022266100567
TCTN2	0.408022266100567
TDGF1	0.408022266100567
TDP2	0.408022266100567
TDRD12	0.408022266100567
TDRD3	0.408022266100567
TDRD7	0.408022266100567
TDRP	0.408022266100567
TECRL	0.408022266100567
TEKT2	0.408022266100567
TENM3	0.408022266100567
TENT4B	0.408022266100567
TERB2	0.408022266100567
TESPA1	0.408022266100567
TEX12	0.408022266100567
TEX15	0.408022266100567
TEX19	0.408022266100567
TEX22	0.408022266100567
TEX264	0.408022266100567
TEX33	0.408022266100567
TEX36-AS1	0.408022266100567
TEX37	0.408022266100567
TEX38	0.408022266100567
TEX41	0.408022266100567
TEX44	0.408022266100567
TEX46	0.408022266100567
TEX47	0.408022266100567
TEX48	0.408022266100567
TEX49	0.408022266100567
TEX50	0.408022266100567
TEX51	0.408022266100567
TEX52	0.408022266100567
TEX53	0.408022266100567
TEX54	0.408022266100567
TFAM	0.408022266100567
TFAP2A	0.408022266100567
TFEC	0.408022266100567
TFF1	0.408022266100567
TFF2	0.408022266100567
TFF3	0.408022266100567
TFP1	0.408022266100567
TFPT	0.408022266100567
THAP12P3	0.408022266100567
THAP8	0.408022266100567
THEM5	0.408022266100567
THEM6	0.408022266100567
THRAP3P1	0.408022266100567
THRSP	0.408022266100567
THSD8	0.408022266100567
THUMPD1P1	0.408022266100567
THY1	0.408022266100567
TIAF1	0.408022266100567
TICAM2	0.408022266100567
TIFAB	0.408022266100567
TIGD1	0.408022266100567
TIGD6	0.408022266100567
TIGD7	0.408022266100567
TIMM21	0.408022266100567
TIMM8B	0.408022266100567
TINAG	0.408022266100567
TINCR	0.408022266100567
TIPIN	0.408022266100567
TK2	0.408022266100567
TKFC	0.408022266100567
TLDC2	0.408022266100567
TLE7	0.408022266100567
TLL2	0.408022266100567
TLN1	0.408022266100567
TLN2	0.408022266100567
TLR5	0.408022266100567
TLX1NB	0.408022266100567
TM4SF19	0.408022266100567
TM4SF20	0.408022266100567
TMA16	0.408022266100567
TMA7	0.408022266100567
TMC5	0.408022266100567
TMCO2	0.408022266100567
TMCO5A	0.408022266100567
TMED5	0.408022266100567
TMED7	0.408022266100567
TMEM101	0.408022266100567
TMEM105	0.408022266100567
TMEM109	0.408022266100567
TMEM114	0.408022266100567
TMEM116	0.408022266100567
TMEM125	0.408022266100567
TMEM130	0.408022266100567
TMEM138	0.408022266100567
TMEM140	0.408022266100567
TMEM14A	0.408022266100567
TMEM14B	0.408022266100567
TMEM151A	0.408022266100567
TMEM154	0.408022266100567
TMEM155	0.408022266100567
TMEM161B-AS1	0.408022266100567
TMEM170A	0.408022266100567
TMEM173	0.408022266100567
TMEM174	0.408022266100567
TMEM176A	0.408022266100567
TMEM177	0.408022266100567
TMEM179B	0.408022266100567
TMEM183B	0.408022266100567
TMEM186	0.408022266100567
TMEM189	0.408022266100567
TMEM19	0.408022266100567
TMEM191B	0.408022266100567
TMEM191C	0.408022266100567
TMEM196	0.408022266100567
TMEM200B	0.408022266100567
TMEM203	0.408022266100567
TMEM206	0.408022266100567
TMEM207	0.408022266100567
TMEM211	0.408022266100567
TMEM218	0.408022266100567
TMEM223	0.408022266100567
TMEM225	0.408022266100567
TMEM225B	0.408022266100567
TMEM229A	0.408022266100567
TMEM232	0.408022266100567
TMEM234	0.408022266100567
TMEM235	0.408022266100567
TMEM238	0.408022266100567
TMEM238L	0.408022266100567
TMEM247	0.408022266100567
TMEM249	0.408022266100567
TMEM250	0.408022266100567
TMEM251	0.408022266100567
TMEM252	0.408022266100567
TMEM253	0.408022266100567
TMEM254	0.408022266100567
TMEM262	0.408022266100567
TMEM265	0.408022266100567
TMEM269	0.408022266100567
TMEM270	0.408022266100567
TMEM271	0.408022266100567
TMEM272	0.408022266100567
TMEM273	0.408022266100567
TMEM30CP	0.408022266100567
TMEM40	0.408022266100567
TMEM43	0.408022266100567
TMEM45B	0.408022266100567
TMEM50A	0.408022266100567
TMEM52B	0.408022266100567
TMEM54	0.408022266100567
TMEM56-RWDD3	0.408022266100567
TMEM61	0.408022266100567
TMEM63B	0.408022266100567
TMEM74	0.408022266100567
TMEM78	0.408022266100567
TMEM80	0.408022266100567
TMEM81	0.408022266100567
TMEM82	0.408022266100567
TMEM86B	0.408022266100567
TMEM87A	0.408022266100567
TMEM91	0.408022266100567
TMEM99	0.408022266100567
TMIE	0.408022266100567
TMIGD1	0.408022266100567
TMPRSS11B	0.408022266100567
TMPRSS11BNL	0.408022266100567
TMPRSS3	0.408022266100567
TMPRSS6	0.408022266100567
TMSB10	0.408022266100567
TMSB4XP1	0.408022266100567
TNFRSF10B	0.408022266100567
TNFRSF10C	0.408022266100567
TNFRSF13B	0.408022266100567
TNFRSF14	0.408022266100567
TNFRSF17	0.408022266100567
TNFRSF18	0.408022266100567
TNFRSF8	0.408022266100567
TNFSF13	0.408022266100567
TNFSF14	0.408022266100567
TNFSF18	0.408022266100567
TNFSF4	0.408022266100567
TNK1	0.408022266100567
TNNI3K	0.408022266100567
TNNT3	0.408022266100567
TNP1	0.408022266100567
TNRC18P2	0.408022266100567
TNRC18P3	0.408022266100567
TOM1L1	0.408022266100567
TOMM34	0.408022266100567
TOMM5	0.408022266100567
TOP1MT	0.408022266100567
TOPAZ1	0.408022266100567
TOR3A	0.408022266100567
TP53AIP1	0.408022266100567
TP53INP1	0.408022266100567
TP53TG3D	0.408022266100567
TP53TG5	0.408022266100567
TP73-AS1	0.408022266100567
TPBGL	0.408022266100567
TPD52L1	0.408022266100567
TPD52L3	0.408022266100567
TPM3P7	0.408022266100567
TPRG1	0.408022266100567
TPRX1	0.408022266100567
TPRX2P	0.408022266100567
TPRXL	0.408022266100567
TPSB2	0.408022266100567
TPSG1	0.408022266100567
TPTE	0.408022266100567
TPTE2P1	0.408022266100567
TPTE2P5	0.408022266100567
TPTE2P6	0.408022266100567
TPTEP2-CSNK1E	0.408022266100567
TRABD2A	0.408022266100567
TRAC	0.408022266100567
TRAF1	0.408022266100567
TRAJ1	0.408022266100567
TRAJ10	0.408022266100567
TRAJ12	0.408022266100567
TRAJ13	0.408022266100567
TRAJ14	0.408022266100567
TRAJ16	0.408022266100567
TRAJ17	0.408022266100567
TRAJ18	0.408022266100567
TRAJ19	0.408022266100567
TRAJ21	0.408022266100567
TRAJ22	0.408022266100567
TRAJ23	0.408022266100567
TRAJ24	0.408022266100567
TRAJ25	0.408022266100567
TRAJ26	0.408022266100567
TRAJ28	0.408022266100567
TRAJ29	0.408022266100567
TRAJ3	0.408022266100567
TRAJ30	0.408022266100567
TRAJ31	0.408022266100567
TRAJ32	0.408022266100567
TRAJ33	0.408022266100567
TRAJ35	0.408022266100567
TRAJ38	0.408022266100567
TRAJ39	0.408022266100567
TRAJ40	0.408022266100567
TRAJ41	0.408022266100567
TRAJ42	0.408022266100567
TRAJ44	0.408022266100567
TRAJ47	0.408022266100567
TRAJ48	0.408022266100567
TRAJ49	0.408022266100567
TRAJ5	0.408022266100567
TRAJ50	0.408022266100567
TRAJ52	0.408022266100567
TRAJ54	0.408022266100567
TRAJ57	0.408022266100567
TRAJ58	0.408022266100567
TRAJ6	0.408022266100567
TRAJ61	0.408022266100567
TRAJ7	0.408022266100567
TRAJ9	0.408022266100567
TRAK2	0.408022266100567
TRAP1	0.408022266100567
TRAPPC1	0.408022266100567
TRAPPC12-AS1	0.408022266100567
TRAPPC2B	0.408022266100567
TRAPPC6A	0.408022266100567
TRAT1	0.408022266100567
TRAV1-1	0.408022266100567
TRAV1-2	0.408022266100567
TRAV10	0.408022266100567
TRAV12-1	0.408022266100567
TRAV12-2	0.408022266100567
TRAV12-3	0.408022266100567
TRAV13-1	0.408022266100567
TRAV13-2	0.408022266100567
TRAV14DV4	0.408022266100567
TRAV16	0.408022266100567
TRAV17	0.408022266100567
TRAV18	0.408022266100567
TRAV20	0.408022266100567
TRAV21	0.408022266100567
TRAV22	0.408022266100567
TRAV23DV6	0.408022266100567
TRAV24	0.408022266100567
TRAV25	0.408022266100567
TRAV26-1	0.408022266100567
TRAV26-2	0.408022266100567
TRAV27	0.408022266100567
TRAV29DV5	0.408022266100567
TRAV3	0.408022266100567
TRAV30	0.408022266100567
TRAV35	0.408022266100567
TRAV38-1	0.408022266100567
TRAV38-2DV8	0.408022266100567
TRAV39	0.408022266100567
TRAV4	0.408022266100567
TRAV40	0.408022266100567
TRAV41	0.408022266100567
TRAV5	0.408022266100567
TRAV6	0.408022266100567
TRAV7	0.408022266100567
TRAV8-1	0.408022266100567
TRAV8-2	0.408022266100567
TRAV8-3	0.408022266100567
TRAV8-4	0.408022266100567
TRAV8-5	0.408022266100567
TRAV8-6	0.408022266100567
TRAV8-7	0.408022266100567
TRAV9-1	0.408022266100567
TRAV9-2	0.408022266100567
TRBC2	0.408022266100567
TRBJ1-4	0.408022266100567
TRBJ2-1	0.408022266100567
TRBJ2-4	0.408022266100567
TRBJ2-5	0.408022266100567
TRBJ2-6	0.408022266100567
TRBV10-1	0.408022266100567
TRBV10-2	0.408022266100567
TRBV10-3	0.408022266100567
TRBV11-1	0.408022266100567
TRBV11-3	0.408022266100567
TRBV12-4	0.408022266100567
TRBV12-5	0.408022266100567
TRBV13	0.408022266100567
TRBV15	0.408022266100567
TRBV17	0.408022266100567
TRBV19	0.408022266100567
TRBV2	0.408022266100567
TRBV20-1	0.408022266100567
TRBV20OR9-2	0.408022266100567
TRBV21OR9-2	0.408022266100567
TRBV22-1	0.408022266100567
TRBV23-1	0.408022266100567
TRBV23OR9-2	0.408022266100567
TRBV24-1	0.408022266100567
TRBV24OR9-2	0.408022266100567
TRBV25OR9-2	0.408022266100567
TRBV27	0.408022266100567
TRBV28	0.408022266100567
TRBV29-1	0.408022266100567
TRBV30	0.408022266100567
TRBV4-1	0.408022266100567
TRBV4-2	0.408022266100567
TRBV5-1	0.408022266100567
TRBV5-3	0.408022266100567
TRBV5-4	0.408022266100567
TRBV5-5	0.408022266100567
TRBV5-6	0.408022266100567
TRBV5-7	0.408022266100567
TRBV6-1	0.408022266100567
TRBV6-2	0.408022266100567
TRBV6-4	0.408022266100567
TRBV6-5	0.408022266100567
TRBV6-6	0.408022266100567
TRBV6-7	0.408022266100567
TRBV6-8	0.408022266100567
TRBV7-3	0.408022266100567
TRBV7-9	0.408022266100567
TRDC	0.408022266100567
TRDD1	0.408022266100567
TRDJ1	0.408022266100567
TRDJ3	0.408022266100567
TRDJ4	0.408022266100567
TRDV1	0.408022266100567
TRDV2	0.408022266100567
TREHP1	0.408022266100567
TREM1	0.408022266100567
TREM2	0.408022266100567
TREML1	0.408022266100567
TREML3P	0.408022266100567
TRGC1	0.408022266100567
TRGC2	0.408022266100567
TRGJ1	0.408022266100567
TRGJ2	0.408022266100567
TRGJP	0.408022266100567
TRGJP2	0.408022266100567
TRGV1	0.408022266100567
TRGV10	0.408022266100567
TRGV11	0.408022266100567
TRGV3	0.408022266100567
TRGV4	0.408022266100567
TRGV5	0.408022266100567
TRGV8	0.408022266100567
TRGVA	0.408022266100567
TRH	0.408022266100567
TRIB3	0.408022266100567
TRIM16	0.408022266100567
TRIM16L	0.408022266100567
TRIM21	0.408022266100567
TRIM31	0.408022266100567
TRIM32	0.408022266100567
TRIM40	0.408022266100567
TRIM43B	0.408022266100567
TRIM43CP	0.408022266100567
TRIM45	0.408022266100567
TRIM48	0.408022266100567
TRIM49	0.408022266100567
TRIM49C	0.408022266100567
TRIM49D1	0.408022266100567
TRIM50	0.408022266100567
TRIM51	0.408022266100567
TRIM51CP	0.408022266100567
TRIM51EP	0.408022266100567
TRIM51FP	0.408022266100567
TRIM51GP	0.408022266100567
TRIM51HP	0.408022266100567
TRIM51JP	0.408022266100567
TRIM52	0.408022266100567
TRIM53AP	0.408022266100567
TRIM53BP	0.408022266100567
TRIM53CP	0.408022266100567
TRIM59	0.408022266100567
TRIM6-TRIM34	0.408022266100567
TRIM64	0.408022266100567
TRIM64FP	0.408022266100567
TRIM75P	0.408022266100567
TRIM77BP	0.408022266100567
TRIP6	0.408022266100567
TRIQK	0.408022266100567
TRMT10A	0.408022266100567
TRMT112P6	0.408022266100567
TRMT12	0.408022266100567
TRMT5	0.408022266100567
TRMT61B	0.408022266100567
TRMT9B	0.408022266100567
TRNP1	0.408022266100567
TROAP	0.408022266100567
TRPC3	0.408022266100567
TRPM4	0.408022266100567
TRPM7	0.408022266100567
TRUB2	0.408022266100567
TSACC	0.408022266100567
TSBP1-AS1	0.408022266100567
TSEN54	0.408022266100567
TSGA10	0.408022266100567
TSGA10IP	0.408022266100567
TSLP	0.408022266100567
TSPAN10	0.408022266100567
TSPAN31	0.408022266100567
TSPAN4	0.408022266100567
TSPAN8	0.408022266100567
TSPO	0.408022266100567
TSPO2	0.408022266100567
TSR1	0.408022266100567
TSSC2	0.408022266100567
TSTD3	0.408022266100567
TTC12	0.408022266100567
TTC23	0.408022266100567
TTC23L	0.408022266100567
TTC27	0.408022266100567
TTC29	0.408022266100567
TTC31	0.408022266100567
TTC32	0.408022266100567
TTC34	0.408022266100567
TTC39A-AS1	0.408022266100567
TTC41P	0.408022266100567
TTC4P1	0.408022266100567
TTC9C	0.408022266100567
TTI2	0.408022266100567
TTLL3	0.408022266100567
TTLL5	0.408022266100567
TTLL6	0.408022266100567
TTLL8	0.408022266100567
TTN	0.408022266100567
TUBA3GP	0.408022266100567
TUBA4B	0.408022266100567
TUBAL3	0.408022266100567
TUBB1	0.408022266100567
TUBB2BP1	0.408022266100567
TUBB7P	0.408022266100567
TUBB8P12	0.408022266100567
TUBB8P4	0.408022266100567
TUBB8P5	0.408022266100567
TUBB8P6	0.408022266100567
TUBB8P7	0.408022266100567
TUBB8P9	0.408022266100567
TUBGCP5	0.408022266100567
TVP23C-CDRT4	0.408022266100567
TXNIP	0.408022266100567
TXNP1	0.408022266100567
TXNRD2	0.408022266100567
TYR	0.408022266100567
TYROBP	0.408022266100567
TYW1B	0.408022266100567
U2AF1L4	0.408022266100567
UBA6-AS1	0.408022266100567
UBALD2	0.408022266100567
UBBP4	0.408022266100567
UBD	0.408022266100567
UBE2D3	0.408022266100567
UBE2E2-AS1	0.408022266100567
UBE2L5	0.408022266100567
UBE2Q2	0.408022266100567
UBE2Q2L	0.408022266100567
UBE2Q2P1	0.408022266100567
UBE2U	0.408022266100567
UBE2V1P6	0.408022266100567
UBE3AP2	0.408022266100567
UBE3B	0.408022266100567
UBL4B	0.408022266100567
UBQLNL	0.408022266100567
UBTFL1	0.408022266100567
UBXN10	0.408022266100567
UBXN11	0.408022266100567
UBXN2A	0.408022266100567
UBXN8	0.408022266100567
UCN	0.408022266100567
UCN2	0.408022266100567
UCP1	0.408022266100567
UFD1	0.408022266100567
UFSP1	0.408022266100567
UGT1A1	0.408022266100567
UGT1A4	0.408022266100567
UGT1A5	0.408022266100567
UGT2B17	0.408022266100567
UGT2B24P	0.408022266100567
UGT2B25P	0.408022266100567
UGT2B26P	0.408022266100567
UGT2B27P	0.408022266100567
UGT3A2	0.408022266100567
ULBP1	0.408022266100567
ULBP2	0.408022266100567
ULBP3	0.408022266100567
ULK4	0.408022266100567
ULK4P2	0.408022266100567
ULK4P3	0.408022266100567
UNC13B	0.408022266100567
UNC13D	0.408022266100567
UNC80	0.408022266100567
UNC93B3	0.408022266100567
UNC93B4	0.408022266100567
UNC93B6	0.408022266100567
UNC93B7	0.408022266100567
UNC93B8	0.408022266100567
UPK3A	0.408022266100567
UPP2	0.408022266100567
UQCC3	0.408022266100567
UQCR10	0.408022266100567
UQCR11	0.408022266100567
UQCRH	0.408022266100567
UQCRHL	0.408022266100567
UQCRQ	0.408022266100567
URAD	0.408022266100567
URM1	0.408022266100567
UROS	0.408022266100567
USH2A	0.408022266100567
USP17L1	0.408022266100567
USP17L10	0.408022266100567
USP17L11	0.408022266100567
USP17L13	0.408022266100567
USP17L17	0.408022266100567
USP17L2	0.408022266100567
USP17L3	0.408022266100567
USP17L4	0.408022266100567
USP17L7	0.408022266100567
USP17L8	0.408022266100567
USP18	0.408022266100567
USP2-AS1	0.408022266100567
USP32P1	0.408022266100567
USP32P2	0.408022266100567
USP41	0.408022266100567
USP43	0.408022266100567
USP50	0.408022266100567
UTP6	0.408022266100567
UTS2	0.408022266100567
UTS2B	0.408022266100567
UTS2R	0.408022266100567
VAMP3	0.408022266100567
VASH1	0.408022266100567
VHLL	0.408022266100567
VIT	0.408022266100567
VMAC	0.408022266100567
VMP1	0.408022266100567
VN1R1	0.408022266100567
VN1R10P	0.408022266100567
VN1R2	0.408022266100567
VN1R4	0.408022266100567
VN1R5	0.408022266100567
VNN2	0.408022266100567
VPREB1	0.408022266100567
VPREB3	0.408022266100567
VPS13B	0.408022266100567
VPS35P1	0.408022266100567
VPS41	0.408022266100567
VSIG10L2	0.408022266100567
VSTM2A-OT1	0.408022266100567
VSX1	0.408022266100567
VTI1B	0.408022266100567
VWA2	0.408022266100567
VWA3A	0.408022266100567
VWA5A	0.408022266100567
VWFP1	0.408022266100567
WASH3P	0.408022266100567
WASHC1	0.408022266100567
WASHC3	0.408022266100567
WBP1	0.408022266100567
WBP1LP2	0.408022266100567
WBP2NL	0.408022266100567
WDR3	0.408022266100567
WDR35	0.408022266100567
WDR4	0.408022266100567
WDR41	0.408022266100567
WDR45BP1	0.408022266100567
WDR54	0.408022266100567
WDR55	0.408022266100567
WDR5B	0.408022266100567
WDR66	0.408022266100567
WDR87	0.408022266100567
WDR89	0.408022266100567
WDR97	0.408022266100567
WFDC10A	0.408022266100567
WFDC10B	0.408022266100567
WFDC11	0.408022266100567
WFDC13	0.408022266100567
WFDC3	0.408022266100567
WFDC6	0.408022266100567
WHAMMP2	0.408022266100567
WIPF2	0.408022266100567
WIPF3	0.408022266100567
WISP1	0.408022266100567
XAF1	0.408022266100567
XCL1	0.408022266100567
XIRP1	0.408022266100567
XKR5	0.408022266100567
XKR8	0.408022266100567
XPNPEP3	0.408022266100567
XRCC1	0.408022266100567
XRCC6P1	0.408022266100567
XRN2	0.408022266100567
XYLB	0.408022266100567
YAE1	0.408022266100567
YBX1P6	0.408022266100567
YIPF2	0.408022266100567
YPEL1	0.408022266100567
YWHAEP7	0.408022266100567
YY1AP1	0.408022266100567
Z82190.2	0.408022266100567
Z82198.2	0.408022266100567
Z82206.1	0.408022266100567
Z85994.1	0.408022266100567
Z97205.1	0.408022266100567
Z97353.1	0.408022266100567
Z98752.1	0.408022266100567
Z99774.1	0.408022266100567
ZACN	0.408022266100567
ZAR1	0.408022266100567
ZBBX	0.408022266100567
ZBED2	0.408022266100567
ZBED3	0.408022266100567
ZBED6CL	0.408022266100567
ZC3H11B	0.408022266100567
ZC3HAV1L	0.408022266100567
ZCWPW2	0.408022266100567
ZDHHC1	0.408022266100567
ZDHHC11B	0.408022266100567
ZDHHC20P2	0.408022266100567
ZDHHC21	0.408022266100567
ZDHHC24	0.408022266100567
ZDHHC4	0.408022266100567
ZDHHC8P1	0.408022266100567
ZFAND1	0.408022266100567
ZFAND2B	0.408022266100567
ZFHX2-AS1	0.408022266100567
ZFP41	0.408022266100567
ZFP69	0.408022266100567
ZFYVE19	0.408022266100567
ZHX1-C8orf76	0.408022266100567
ZNF106	0.408022266100567
ZNF107	0.408022266100567
ZNF117	0.408022266100567
ZNF124	0.408022266100567
ZNF137P	0.408022266100567
ZNF138	0.408022266100567
ZNF14	0.408022266100567
ZNF141	0.408022266100567
ZNF142	0.408022266100567
ZNF154	0.408022266100567
ZNF16	0.408022266100567
ZNF174	0.408022266100567
ZNF180	0.408022266100567
ZNF189	0.408022266100567
ZNF2	0.408022266100567
ZNF211	0.408022266100567
ZNF214	0.408022266100567
ZNF221	0.408022266100567
ZNF223	0.408022266100567
ZNF229	0.408022266100567
ZNF232	0.408022266100567
ZNF252P	0.408022266100567
ZNF257	0.408022266100567
ZNF26	0.408022266100567
ZNF268	0.408022266100567
ZNF271P	0.408022266100567
ZNF280A	0.408022266100567
ZNF280D	0.408022266100567
ZNF285B	0.408022266100567
ZNF295-AS1	0.408022266100567
ZNF30	0.408022266100567
ZNF300P1	0.408022266100567
ZNF320	0.408022266100567
ZNF347	0.408022266100567
ZNF354C	0.408022266100567
ZNF358	0.408022266100567
ZNF37BP	0.408022266100567
ZNF37CP	0.408022266100567
ZNF385C	0.408022266100567
ZNF404	0.408022266100567
ZNF417	0.408022266100567
ZNF428	0.408022266100567
ZNF429	0.408022266100567
ZNF43	0.408022266100567
ZNF431	0.408022266100567
ZNF439	0.408022266100567
ZNF44	0.408022266100567
ZNF443	0.408022266100567
ZNF45	0.408022266100567
ZNF468	0.408022266100567
ZNF474	0.408022266100567
ZNF479	0.408022266100567
ZNF487	0.408022266100567
ZNF491	0.408022266100567
ZNF511	0.408022266100567
ZNF511-PRAP1	0.408022266100567
ZNF525	0.408022266100567
ZNF527	0.408022266100567
ZNF530	0.408022266100567
ZNF542P	0.408022266100567
ZNF547	0.408022266100567
ZNF552	0.408022266100567
ZNF559-ZNF177	0.408022266100567
ZNF561-AS1	0.408022266100567
ZNF564	0.408022266100567
ZNF573	0.408022266100567
ZNF577	0.408022266100567
ZNF580	0.408022266100567
ZNF582	0.408022266100567
ZNF593	0.408022266100567
ZNF597	0.408022266100567
ZNF615	0.408022266100567
ZNF616	0.408022266100567
ZNF619	0.408022266100567
ZNF620	0.408022266100567
ZNF627	0.408022266100567
ZNF658	0.408022266100567
ZNF658B	0.408022266100567
ZNF66	0.408022266100567
ZNF667-AS1	0.408022266100567
ZNF670	0.408022266100567
ZNF670-ZNF695	0.408022266100567
ZNF671	0.408022266100567
ZNF678	0.408022266100567
ZNF681	0.408022266100567
ZNF69	0.408022266100567
ZNF695	0.408022266100567
ZNF701	0.408022266100567
ZNF702P	0.408022266100567
ZNF705A	0.408022266100567
ZNF705B	0.408022266100567
ZNF705D	0.408022266100567
ZNF705E	0.408022266100567
ZNF705G	0.408022266100567
ZNF706	0.408022266100567
ZNF708	0.408022266100567
ZNF709	0.408022266100567
ZNF716	0.408022266100567
ZNF718	0.408022266100567
ZNF720	0.408022266100567
ZNF723	0.408022266100567
ZNF724	0.408022266100567
ZNF72P	0.408022266100567
ZNF730	0.408022266100567
ZNF735	0.408022266100567
ZNF736	0.408022266100567
ZNF747	0.408022266100567
ZNF761	0.408022266100567
ZNF765	0.408022266100567
ZNF766	0.408022266100567
ZNF767P	0.408022266100567
ZNF772	0.408022266100567
ZNF780B	0.408022266100567
ZNF781	0.408022266100567
ZNF782	0.408022266100567
ZNF788P	0.408022266100567
ZNF80	0.408022266100567
ZNF806	0.408022266100567
ZNF807	0.408022266100567
ZNF812P	0.408022266100567
ZNF813	0.408022266100567
ZNF815P	0.408022266100567
ZNF816	0.408022266100567
ZNF816-ZNF321P	0.408022266100567
ZNF826P	0.408022266100567
ZNF849P	0.408022266100567
ZNF85	0.408022266100567
ZNF876P	0.408022266100567
ZNF888	0.408022266100567
ZNF92	0.408022266100567
ZNF93	0.408022266100567
ZNF969P	0.408022266100567
ZNF970P	0.408022266100567
ZNF99	0.408022266100567
ZNFX1	0.408022266100567
ZNHIT3	0.408022266100567
ZNRD1ASP	0.408022266100567
ZNRF2P3	0.408022266100567
ZNRF4	0.408022266100567
ZP4	0.408022266100567
ZPBP	0.408022266100567
ZSCAN26	0.408022266100567
ZSCAN31	0.408022266100567
ZSCAN32	0.408022266100567
ZSCAN5C	0.408022266100567
ZSCAN5DP	0.408022266100567
ZSWIM1	0.408022266100567
ZSWIM5P1	0.408022266100567
ZWILCH	0.408022266100567
ZWINT	0.408022266100567
