id,comparison,rel_rr,ci_l,ci_h,p,p_fdr,name,domain,n_matched,category
GO:0045202,asd_d_proband vs asd_da_proband,2.116870702906007,1.9532600030537772,2.2941859075677793,2.092346569517299e-74,3.755762092283552e-72,synapse (GO:0045202),CC,1412,root
SYNGO:synprocess,asd_d_proband vs asd_da_proband,2.1470330485378133,1.9637766477203402,2.347390634706257,4.1967614103638185e-63,6.0265493852824435e-61,process in the synapse,BP,1067,root
GO:0098794,asd_d_proband vs asd_da_proband,2.1257978449661588,1.9306405596217768,2.3406824512938154,4.765373493921772e-53,5.702563614393054e-51,postsynapse (GO:0098794),CC,873,intermediate
SYNGO:presynprocess,asd_d_proband vs asd_da_proband,2.7707104186283096,2.393775973059188,3.206998612357467,1.2211354744405436e-43,7.970684278621002e-42,process in the presynapse,BP,296,intermediate
GO:0098793,asd_d_proband vs asd_da_proband,2.2413677003925936,1.9873264715501473,2.527883183906161,1.371880316740111e-39,7.035786195852855e-38,presynapse (GO:0098793),CC,659,intermediate
GO:0042734,asd_d_proband vs asd_da_proband,2.8085409098847363,2.3519344063353063,3.353793380142268,6.771566132752417e-31,2.4309922416581176e-29,presynaptic membrane (GO:0042734),CC,156,intermediate
GO:0099572,asd_d_proband vs asd_da_proband,2.14207884845591,1.8780511156053166,2.443225189599418,8.810034533164547e-30,3.0121927594343545e-28,postsynaptic specialization (GO:0099572),CC,388,intermediate
GO:0014069,asd_d_proband vs asd_da_proband,2.1295206914005678,1.8505378080151567,2.4505624016226584,7.047714162708669e-26,1.8741699143795644e-24,postsynaptic density (GO:0014069),CC,330,intermediate
GO:0099505,asd_d_proband vs asd_da_proband,3.0723370370582606,2.464028490562946,3.830822129464658,2.0696545348794996e-24,5.1241791587706226e-23,regulation of presynaptic membrane potential (GO:0099505),BP,46,intermediate
GO:0099056,asd_d_proband vs asd_da_proband,2.603717352542331,2.14527182837935,3.160132884908815,1.5062938196230417e-22,3.1809381249686583e-21,integral component of presynaptic membrane (GO:0099056),CC,126,leaf
GO:0050808,asd_d_proband vs asd_da_proband,1.9888559685647915,1.7338103436717962,2.2814191172252953,1.5860635825718887e-22,3.253696149390332e-21,synapse organization (GO:0050808),BP,403,intermediate
GO:0007268,asd_d_proband vs asd_da_proband,2.739751468298569,2.229978341806357,3.366058749236039,2.947915411085822e-22,5.879453514332278e-21,chemical synaptic transmission (GO:0007268),BP,175,intermediate
GO:0099537,asd_d_proband vs asd_da_proband,2.622045566609196,2.153541361743433,3.192473140060368,4.2045688068821907e-22,8.159136225247063e-21,trans-synaptic signaling (GO:0099537),BP,208,intermediate
GO:0099536,asd_d_proband vs asd_da_proband,2.5863295239203774,2.126753317831866,3.14521686658115,7.382647327858912e-22,1.3949317845796577e-20,synaptic signaling (GO:0099536),BP,216,intermediate
GO:0099092,asd_d_proband vs asd_da_proband,3.4528994759177523,2.631018249695759,4.5315211295747435,2.6555400578750185e-20,4.888917337318624e-19,"postsynaptic density, intracellular component (GO:0099092)",CC,46,leaf
GO:0048786,asd_d_proband vs asd_da_proband,2.6491648021892193,2.1487288791128387,3.26615154539918,3.1997352552319816e-20,5.743524783141407e-19,presynaptic active zone (GO:0048786),CC,104,intermediate
GO:0050804,asd_d_proband vs asd_da_proband,3.008084636362899,2.362258670993614,3.830475167952924,1.0896529090317383e-19,1.778115428829064e-18,modulation of chemical synaptic transmission (GO:0050804),BP,93,leaf
GO:0099504,asd_d_proband vs asd_da_proband,2.380828974621516,1.9261449895996172,2.9428452359526704,7.935630203571185e-16,9.657258451125611e-15,synaptic vesicle cycle (GO:0099504),BP,208,intermediate
GO:0099508,asd_d_proband vs asd_da_proband,3.463257489282906,2.515169809147148,4.768724717294995,4.0833598059476974e-15,4.886420567784078e-14,voltage-gated ion channel activity involved in regulation of presynaptic membrane potential (GO:0099508),BP,17,leaf
GO:0099523,asd_d_proband vs asd_da_proband,5.53984975048015,3.4615901902887543,8.865848806711268,5.798939260320605e-15,6.825636703131467e-14,presynaptic cytosol (GO:0099523),CC,50,leaf
GO:0098918,asd_d_proband vs asd_da_proband,2.7228388248195583,2.077188603102319,3.569175786383592,2.0830786294996576e-13,2.2323141134041106e-12,structural constituent of synapse (GO:0098918),BP,36,intermediate
GO:0060078,asd_d_proband vs asd_da_proband,2.8666898459012606,2.1561872151317516,3.811315926057583,2.2456190479618821e-13,2.3711095241715165e-12,regulation of postsynaptic membrane potential (GO:0060078),BP,56,intermediate
GO:0099186,asd_d_proband vs asd_da_proband,2.8713582472439856,2.151760378313185,3.8316060966227403,3.5693703541147417e-13,3.66115416322055e-12,structural constituent of postsynapse (GO:0099186),BP,27,intermediate
SYNGO:postsynprocess,asd_d_proband vs asd_da_proband,1.9044698682672876,1.5995017595673486,2.2675845509035844,7.723388288695073e-13,7.701934432337586e-12,process in the postsynapse,BP,258,intermediate
GO:0098831,asd_d_proband vs asd_da_proband,4.3070246356011435,2.813231798054604,6.594003816003754,1.06851970058361e-12,1.0509549931767561e-11,presynaptic active zone cytoplasmic component (GO:0098831),CC,20,leaf
GO:1904315,asd_d_proband vs asd_da_proband,3.0322518894284043,2.191540549130324,4.195474058004918,7.642958203045093e-12,6.85955498723297e-11,transmitter-gated ion channel activity involved in regulation of postsynaptic membrane potential (GO:1904315),BP,38,leaf
GO:0045211,asd_d_proband vs asd_da_proband,2.115485909687626,1.7030835365999153,2.627751685640425,1.4773122377565205e-11,1.293549008181929e-10,postsynaptic membrane (GO:0045211),CC,147,intermediate
GO:0099507,asd_d_proband vs asd_da_proband,2.9125401763672274,2.116999992718435,4.007033683576153,2.4732357689423112e-11,2.08915680247127e-10,ligand-gated ion channel activity involved in regulation of presynaptic membrane potential (GO:0099507),BP,22,leaf
GO:0048787,asd_d_proband vs asd_da_proband,2.430188427628795,1.8667841566919063,3.1636307671726227,3.3807665465814206e-11,2.7583981595971134e-10,presynaptic active zone membrane (GO:0048787),CC,66,intermediate
GO:0099059,asd_d_proband vs asd_da_proband,2.495937143407817,1.8948895656236913,3.2876333992542226,5.825353615240404e-11,4.6473376619362336e-10,integral component of presynaptic active zone membrane (GO:0099059),CC,49,leaf
GO:0099173,asd_d_proband vs asd_da_proband,2.3927912177838944,1.8364514972790897,3.1176700394138552,1.125994313009465e-10,8.600679965327615e-10,postsynapse organization (GO:0099173),BP,69,intermediate
GO:0098919,asd_d_proband vs asd_da_proband,2.811514446082615,2.033695630465739,3.886822276704696,2.1195228745586814e-10,1.6019130778243508e-9,structural constituent of postsynaptic density (GO:0098919),BP,12,leaf
GO:0099175,asd_d_proband vs asd_da_proband,2.3927928395269866,1.820583976691252,3.144846733901902,3.29913810578207e-10,2.4171236326035984e-9,regulation of postsynapse organization (GO:0099175),BP,51,leaf
GO:0016079,asd_d_proband vs asd_da_proband,2.8989590431737815,2.0513762705063914,4.096744051701686,8.65720888800427e-10,6.215875981587066e-9,synaptic vesicle exocytosis (GO:0016079),BP,78,intermediate
GO:0099525,asd_d_proband vs asd_da_proband,4.576255546393372,2.728570790151077,7.6751224126153454,9.374943131925524e-10,6.6645635333886395e-9,presynaptic dense core vesicle exocytosis (GO:0099525),BP,24,intermediate
GO:0099055,asd_d_proband vs asd_da_proband,2.123605445908939,1.6654295152067553,2.7078300514772886,1.3546444068105617e-9,9.535634157744934e-9,integral component of postsynaptic membrane (GO:0099055),CC,116,leaf
GO:0016082,asd_d_proband vs asd_da_proband,4.935120799918791,2.7848414480504795,8.745710577828778,5.2536847836019516e-9,3.5253697893702814e-8,synaptic vesicle priming (GO:0016082),BP,18,intermediate
GO:0098888,asd_d_proband vs asd_da_proband,5.710025789813024,2.9000943924937186,11.242528727588809,3.074690685961294e-8,2.0253467087341368e-7,extrinsic component of presynaptic membrane (GO:0098888),CC,8,leaf
GO:0098880,asd_d_proband vs asd_da_proband,3.5891850431447745,2.175798071539667,5.920700749963551,2.1927191802339275e-7,1.301134191246248e-6,maintenance of postsynaptic specialization structure (GO:0098880),BP,12,intermediate
GO:0099524,asd_d_proband vs asd_da_proband,2.498354793228281,1.7434601182717662,3.5801086629007557,5.830175659481086e-7,3.322274701196365e-6,postsynaptic cytosol (GO:0099524),CC,49,leaf
GO:0099558,asd_d_proband vs asd_da_proband,3.244082285611284,2.009307512388061,5.237660144568454,9.406950710171122e-7,5.318260322758162e-6,maintenance of synapse structure (GO:0099558),BP,20,intermediate
GO:0008088,asd_d_proband vs asd_da_proband,3.589170659693986,2.1256948840643712,6.060204651655953,9.544454459083561e-7,5.353842423142185e-6,axo-dendritic transport (GO:0008088),BP,27,intermediate
GO:0098935,asd_d_proband vs asd_da_proband,3.589200207066132,2.069334496673542,6.22536286284889,2.576449172130074e-6,1.3405003663691254e-5,dendritic transport (GO:0098935),BP,18,intermediate
GO:0098839,asd_d_proband vs asd_da_proband,1.7331388982775078,1.3750815004461967,2.1844308426430636,4.537613155026436e-6,2.3438893851143748e-5,postsynaptic density membrane (GO:0098839),CC,138,intermediate
GO:0099061,asd_d_proband vs asd_da_proband,1.7380733486618627,1.3563909732886652,2.2271594435668347,1.6028220881695722e-5,7.991849022956616e-5,integral component of postsynaptic density membrane (GO:0099061),CC,110,leaf
GO:0099565,asd_d_proband vs asd_da_proband,2.6320702619602114,1.6548455206525388,4.186368925338438,4.5110032231594475e-5,2.1449670955155518e-4,postsynaptic process involved in chemical synaptic transmission (GO:0099565),BP,39,intermediate
GO:0099509,asd_d_proband vs asd_da_proband,2.936613871596408,1.7278227343466257,4.9910797325591885,5.206045804297886e-5,2.45917163650387e-4,regulation of presynaptic cytosolic calcium levels (GO:0099509),BP,27,intermediate
GO:0099060,asd_d_proband vs asd_da_proband,2.3467879013768926,1.5467072038317913,3.5607343396377606,6.095231366067552e-5,2.860376549566342e-4,integral component of postsynaptic specialization membrane (GO:0099060),CC,38,leaf
GO:0097091,asd_d_proband vs asd_da_proband,4.07863078657066,2.006957089169929,8.288781650056244,6.71740845702048e-5,3.131882644247211e-4,synaptic vesicle clustering (GO:0097091),BP,9,leaf
SYNGO:transport,asd_d_proband vs asd_da_proband,2.3766267906664784,1.5508597188977664,3.642079830487871,6.76787794037169e-5,3.1350557168947565e-4,transport,BP,52,intermediate
GO:0099170,asd_d_proband vs asd_da_proband,2.6277997426164847,1.6252110962768989,4.248882808586703,7.518364048394956e-5,3.4383346412404956e-4,postsynaptic modulation of chemical synaptic transmission (GO:0099170),BP,34,leaf
GO:0098973,asd_d_proband vs asd_da_proband,4.386791603658097,2.019948776398472,9.526944840768063,9.179062992208441e-5,4.1450108354752584e-4,structural constituent of postsynaptic actin cytoskeleton (GO:0098973),BP,6,leaf
GO:0099634,asd_d_proband vs asd_da_proband,2.288114525139665,1.5125131163587977,3.4614364817932315,1.0413358518689017e-4,4.643969823862555e-4,postsynaptic specialization membrane (GO:0099634),CC,42,intermediate
GO:0007416,asd_d_proband vs asd_da_proband,1.709943639488115,1.3020332318269972,2.245647176088639,1.4955686839568903e-4,6.532237433052329e-4,synapse assembly (GO:0007416),BP,154,intermediate
GO:1900242,asd_d_proband vs asd_da_proband,3.332790414572014,1.740353374137341,6.382319885447899,2.0210182116430484e-4,8.535829858586523e-4,regulation of synaptic vesicle endocytosis (GO:1900242),BP,22,leaf
GO:0099571,asd_d_proband vs asd_da_proband,2.413423685265935,1.4925114114392803,3.9025590290031555,3.3199707450362283e-4,0.001339179210638209,postsynaptic cytoskeleton (GO:0099571),CC,27,intermediate
GO:0048488,asd_d_proband vs asd_da_proband,1.912279353228861,1.3483813401366507,2.712001579920109,3.6875733998880013e-4,0.001470932056177547,synaptic vesicle endocytosis (GO:0048488),BP,69,intermediate
GO:0098871,asd_d_proband vs asd_da_proband,2.4848363503029836,1.500458719243261,4.1150160338306705,4.620527152092097e-4,0.0018328941962442683,postsynaptic actin cytoskeleton (GO:0098871),CC,21,leaf
GO:0098810,asd_d_proband vs asd_da_proband,4.037950542699161,1.7557791554015072,9.286500830769828,6.930648421837837e-4,0.0026610724956575224,neurotransmitter reuptake (GO:0098810),BP,10,intermediate
GO:0098961,asd_d_proband vs asd_da_proband,4.358319235157572,1.8073989777580302,10.509548134804511,8.557121080825694e-4,0.00316701697733652,dendritic transport of ribonucleoprotein complex (GO:0098961),BP,6,intermediate
GO:0098963,asd_d_proband vs asd_da_proband,4.358319235157572,1.8073989777580302,10.509548134804511,8.557121080825694e-4,0.00316701697733652,dendritic transport of messenger ribonucleoprotein complex (GO:0098963),BP,6,intermediate
GO:0008021,asd_d_proband vs asd_da_proband,1.7454291557545933,1.2589880768397403,2.419818736810795,9.138528872345041e-4,0.00334768557670599,synaptic vesicle (GO:0008021),CC,147,intermediate
GO:0099645,asd_d_proband vs asd_da_proband,1.9001578715118905,1.2959382330205969,2.7860895254652265,0.0010677924711559917,0.003891751240050772,neurotransmitter receptor localization to postsynaptic specialization membrane (GO:0099645),BP,54,intermediate
GO:0099626,asd_d_proband vs asd_da_proband,2.7446722804428996,1.4893474169018583,5.058071636973897,0.0012007928858847948,0.004354390363966074,voltage-gated calcium channel activity involved in regulation of presynaptic cytosolic calcium levels (GO:0099626),BP,9,leaf
GO:0098835,asd_d_proband vs asd_da_proband,2.4188128332268923,1.4104237473281136,4.148154434627539,0.0015267402518795528,0.005321356800240383,presynaptic endocytic zone membrane (GO:0098835),CC,17,intermediate
GO:0099187,asd_d_proband vs asd_da_proband,3.2302452906059576,1.491135418217433,6.997677414138414,0.002557536154750454,0.008540981205166633,presynaptic cytoskeleton organization (GO:0099187),BP,9,intermediate
GO:0099547,asd_d_proband vs asd_da_proband,3.589161981958426,1.4486494638762795,8.892478169471035,0.005074177296162166,0.016192263549530822,"regulation of translation at synapse, modulating synaptic transmission (GO:0099547)",BP,7,intermediate
GO:0099140,asd_d_proband vs asd_da_proband,3.190416925948973,1.4098734460975686,7.219626832149929,0.005478007591544662,0.017326913879863733,presynaptic actin cytoskeleton organization (GO:0099140),BP,8,leaf
GO:0008089,asd_d_proband vs asd_da_proband,7.178538633084087,1.5244112174436495,33.804144391626814,0.005639900702177991,0.01768318211425239,anterograde axonal transport (GO:0008089),BP,6,intermediate
GO:0099072,asd_d_proband vs asd_da_proband,1.4506323941856754,1.1100334294754461,1.8957396121441876,0.007047120914193979,0.021716020671207197,regulation of postsynaptic membrane neurotransmitter receptor levels (GO:0099072),BP,156,intermediate
GO:0098833,asd_d_proband vs asd_da_proband,1.9740416066989404,1.2040099656454288,3.2365515038653103,0.008115989264455831,0.024902907230253363,presynaptic endocytic zone (GO:0098833),CC,21,intermediate
GO:0051963,asd_d_proband vs asd_da_proband,1.5923914393371332,1.134284021025888,2.235516368978554,0.008710446701686626,0.02638861068274682,regulation of synapse assembly (GO:0051963),BP,107,intermediate
GO:0098930,asd_d_proband vs asd_da_proband,5.383725515972131,1.4575223203385261,19.88614515666381,0.01155801799773444,0.03421887423572707,axonal transport (GO:0098930),BP,10,intermediate
GO:0010807,asd_d_proband vs asd_da_proband,6.280897985086466,1.3047947329943774,30.23439511326815,0.012803589623843474,0.03752235653028414,regulation of synaptic vesicle priming (GO:0010807),BP,6,leaf
GO:2000300,asd_d_proband vs asd_da_proband,2.1724175882586527,1.1831977171451318,3.9886809358986084,0.014751280969630683,0.041863319115394586,regulation of synaptic vesicle exocytosis (GO:2000300),BP,35,leaf
GO:0098698,asd_d_proband vs asd_da_proband,1.7111317867893947,1.115535465836425,2.624723356119998,0.016358992153957322,0.046061789672711205,postsynaptic specialization assembly (GO:0098698),BP,38,intermediate
GO:0097401,asd_d_proband vs asd_da_proband,2.9162147440501847,1.2087175784719981,7.03581099909742,0.0203097548181889,0.056302717990191625,synaptic vesicle proton loading (GO:0097401),BP,17,intermediate
GO:0030672,asd_d_proband vs asd_da_proband,1.5951947150748047,1.081330090182805,2.35325568215012,0.02256591468487994,0.061605805109292006,synaptic vesicle membrane (GO:0030672),CC,115,intermediate
GO:0098974,asd_d_proband vs asd_da_proband,2.1112965761110463,1.1059904464095662,4.030390358948467,0.02522013050629269,0.06782042585587322,postsynaptic actin cytoskeleton organization (GO:0098974),BP,21,leaf
GO:0098696,asd_d_proband vs asd_da_proband,1.7327245026964917,1.0308750064979786,2.9124134190081286,0.03868285768749226,0.09610481598484236,regulation of neurotransmitter receptor localization to postsynaptic specialization membrane (GO:0098696),BP,28,leaf
GO:1905030,asd_d_proband vs asd_da_proband,3.230320658342792,1.0826001866558141,9.63880450450518,0.04610420630305255,0.11158477395447566,voltage-gated ion channel activity involved in regulation of postsynaptic membrane potential (GO:1905030),BP,5,leaf
GO:0099031,asd_d_proband vs asd_da_proband,2.3329534063486173,1.0229908685862696,5.32035208067415,0.048984863857847644,0.11684761544828773,anchored component of postsynaptic density membrane (GO:0099031),CC,11,leaf
GO:0090128,asd_d_proband vs asd_da_proband,1.884333423044969,1.021428427867617,3.476222466822279,0.04953431706242549,0.11776701871132947,regulation of synapse maturation (GO:0090128),BP,27,leaf
GO:0098993,asd_d_proband vs asd_da_proband,2.6918761398778845,0.9581477165755216,7.562714002327546,0.060701396460154794,0.13969103416151005,anchored component of synaptic vesicle membrane (GO:0098993),CC,20,leaf
GO:0060074,asd_d_proband vs asd_da_proband,1.7946060091796197,1.0068469907966928,3.198709195758943,0.063511267969435,0.1456903846711001,synapse maturation (GO:0060074),BP,34,intermediate
GO:0098937,asd_d_proband vs asd_da_proband,2.392804348320484,1.0082369034450716,5.678737437379805,0.06538278785044764,0.1495058652121701,anterograde dendritic transport (GO:0098937),BP,8,intermediate
SYNGO:postsyn_er,asd_d_proband vs asd_da_proband,2.5637167573466866,0.9758730889066801,6.735141778798178,0.07286774298777496,0.16309603070610534,postsynaptic ER,CC,9,intermediate
GO:0098884,asd_d_proband vs asd_da_proband,1.6151393115385686,0.9603028742954829,2.7165127435353256,0.07314334524702774,0.16309603070610534,postsynaptic neurotransmitter receptor endocytosis (GO:0098884),BP,51,intermediate
GO:0099188,asd_d_proband vs asd_da_proband,1.7945999419348597,0.980124285212969,3.2858985336668884,0.07508984971605573,0.16640281511150623,postsynaptic cytoskeleton organization (GO:0099188),BP,26,intermediate
GO:0097060,asd_d_proband vs asd_da_proband,2.153497740758887,0.9304256917501544,4.984334117784598,0.07640243090681026,0.16879060120335312,synaptic membrane (GO:0097060),CC,26,intermediate
GO:0099181,asd_d_proband vs asd_da_proband,1.9227737879810087,0.9281363042510831,3.9833147597108693,0.08232243683747408,0.18020582210154384,structural constituent of presynapse (GO:0099181),BP,10,intermediate
GO:0016081,asd_d_proband vs asd_da_proband,2.243275637184052,0.8853648909982681,5.683854911740969,0.08894808245878999,0.19178595557180544,synaptic vesicle docking (GO:0016081),BP,7,intermediate
GO:0099149,asd_d_proband vs asd_da_proband,1.64503987812528,0.9224295493432555,2.9337267030844196,0.09246048568064691,0.19698403985691934,regulation of postsynaptic neurotransmitter receptor endocytosis (GO:0099149),BP,40,leaf
GO:0098967,asd_d_proband vs asd_da_proband,0,NA,NA,0.0948286019357642,0.2002630188281927,exocytic insertion of neurotransmitter receptor to postsynaptic membrane (GO:0098967),BP,8,intermediate
GO:0099150,asd_d_proband vs asd_da_proband,1.7945681985417088,0.8974593275956201,3.5884356206372017,0.09942730667274706,0.20813063029455509,regulation of postsynaptic specialization assembly (GO:0099150),BP,8,leaf
GO:0098882,asd_d_proband vs asd_da_proband,2.193416005291005,0.9089382209498418,5.293070157440591,0.10009006675531251,0.2089089184020767,structural constituent of active zone (GO:0098882),BP,8,leaf
SYNGO:metabolism,asd_d_proband vs asd_da_proband,1.4149648074048096,0.9396512873226754,2.1307110767641633,0.10460600187764038,0.216447001003302,metabolism,BP,102,intermediate
GO:0150052,asd_d_proband vs asd_da_proband,1.53068190085595,0.9326605717132714,2.5121541026484935,0.11385395044089697,0.23423248256895135,regulation of postsynapse assembly (GO:0150052),BP,60,leaf
GO:0098926,asd_d_proband vs asd_da_proband,1.6385359773962636,0.9068668298940804,2.9605230456334,0.11534218200945949,0.23661624766511977,postsynaptic signaling pathway (GO:0098926),BP,18,intermediate
GO:0099563,asd_d_proband vs asd_da_proband,1.3528474983567333,0.9337061022819707,1.96014179337276,0.11801706053645913,0.24141381614010732,modification of synaptic structure (GO:0099563),BP,56,intermediate
GO:0099025,asd_d_proband vs asd_da_proband,2.991032049397236,0.7148112050008328,12.515574263432267,0.14428808885492758,0.28011172778737253,anchored component of postsynaptic membrane (GO:0099025),CC,6,leaf
GO:0099171,asd_d_proband vs asd_da_proband,1.6314580083593082,0.8904121200990508,2.9892396711127813,0.14621106963474845,0.2814306918675891,presynaptic modulation of chemical synaptic transmission (GO:0099171),BP,49,leaf
GO:0099531,asd_d_proband vs asd_da_proband,1.6314580083593082,0.8904121200990508,2.9892396711127813,0.14621106963474845,0.2814306918675891,presynaptic process involved in chemical synaptic transmission (GO:0099531),BP,49,intermediate
GO:0098850,asd_d_proband vs asd_da_proband,1.6890385361676092,0.8534008289898736,3.3429205594233986,0.14659481721236536,0.2814306918675891,extrinsic component of synaptic vesicle membrane (GO:0098850),CC,25,leaf
GO:0099159,asd_d_proband vs asd_da_proband,1.4954933062342597,0.8795853876527723,2.5426755155172778,0.15896161091662825,0.2995654504938034,regulation of modification of postsynaptic structure (GO:0099159),BP,19,leaf
GO:0099010,asd_d_proband vs asd_da_proband,1.3179065094473603,0.904420901774804,1.9204305918133218,0.16553203306463732,0.30951041599065,modification of postsynaptic structure (GO:0099010),BP,53,intermediate
GO:0099560,asd_d_proband vs asd_da_proband,0.6525822027489199,0.3682458930904342,1.1564651210924661,0.17747536025225724,0.3309800224964174,synapse adhesion between pre- and post-synapse (GO:0099560),BP,43,intermediate
GO:0099569,asd_d_proband vs asd_da_proband,2.691942836023162,0.7596570974481488,9.539246400460367,0.18286042411621817,0.33926042510450816,presynaptic cytoskeleton (GO:0099569),CC,6,intermediate
GO:0099026,asd_d_proband vs asd_da_proband,3.589199313251131,0.6574086525860803,19.595652809810854,0.19624813402257152,0.35811475934767856,anchored component of presynaptic membrane (GO:0099026),CC,9,leaf
GO:0050807,asd_d_proband vs asd_da_proband,1.5951925418951305,0.8134801397033605,3.1280901911702017,0.20966466575998213,0.37540955116126473,regulation of synapse organization (GO:0050807),BP,25,leaf
GO:0030285,asd_d_proband vs asd_da_proband,1.511233623627414,0.7771592709622682,2.9386859946407644,0.22194856438961802,0.394453141662737,integral component of synaptic vesicle membrane (GO:0030285),CC,53,leaf
GO:0098962,asd_d_proband vs asd_da_proband,1.7945801203970286,0.7123650384252445,4.520881338651174,0.22449423074057362,0.3952960646395348,regulation of postsynaptic neurotransmitter receptor activity (GO:0098962),BP,22,leaf
GO:0099183,asd_d_proband vs asd_da_proband,2.3927281340676263,0.5355221503331801,10.690777066824948,0.25799765429579025,0.44422617694095295,"trans-synaptic signaling by BDNF, modulating synaptic transmission (GO:0099183)",BP,6,intermediate
GO:0098885,asd_d_proband vs asd_da_proband,1.380453943555157,0.770643349041618,2.4728080669830983,0.2843353706209578,0.484923506189662,modification of postsynaptic actin cytoskeleton (GO:0098885),BP,27,intermediate
GO:0051580,asd_d_proband vs asd_da_proband,3.5889977869111602,0.3254381526380921,39.58019368668675,0.29251410389707144,0.49578644177024916,regulation of neurotransmitter uptake (GO:0051580),BP,5,leaf
SYNGO:postsyn_ribosome,asd_d_proband vs asd_da_proband,1.5185122140012166,0.6803052006050735,3.3894777550134756,0.296886744201336,0.49578644177024916,postsynaptic ribosome,CC,68,leaf
GO:0140241,asd_d_proband vs asd_da_proband,1.5185118233028863,0.6803050255692039,3.389476882934023,0.29688682405227557,0.49578644177024916,translation at synapse (GO:0140241),BP,54,intermediate
GO:0140242,asd_d_proband vs asd_da_proband,1.5185118233028863,0.6803050255692039,3.389476882934023,0.29688682405227557,0.49578644177024916,translation at postsynapse (GO:0140242),BP,54,intermediate
GO:0099161,asd_d_proband vs asd_da_proband,2.2432802507440006,0.6023933639785675,8.353854116422685,0.2969118726204894,0.49578644177024916,regulation of presynaptic dense core vesicle exocytosis (GO:0099161),BP,11,leaf
GO:0098992,asd_d_proband vs asd_da_proband,1.7945993093381751,0.6735451676959705,4.781545225977757,0.2969194567704835,0.49578644177024916,neuronal dense core vesicle (GO:0098992),CC,40,intermediate
GO:0099553,asd_d_proband vs asd_da_proband,1.5952013710368464,0.6154686127226972,4.134520203883003,0.3250319600635247,0.5291903567474167,"trans-synaptic signaling by endocannabinoid, modulating synaptic transmission (GO:0099553)",BP,5,intermediate
GO:0098894,asd_d_proband vs asd_da_proband,1.6151391869814524,0.6563112297247939,3.974752335743186,0.3400242370897062,0.547393278543518,extrinsic component of presynaptic endocytic zone membrane (GO:0098894),CC,11,leaf
GO:0099029,asd_d_proband vs asd_da_proband,1.7945679240062713,0.5195325663657404,6.1987914567130895,0.3443186399151703,0.5530666296623988,anchored component of presynaptic active zone membrane (GO:0099029),CC,8,leaf
GO:0140238,asd_d_proband vs asd_da_proband,2.6919413527397262,0.44980932063942725,16.110266982215585,0.35665715994442715,0.5686438364419824,presynaptic endocytosis (GO:0140238),BP,6,leaf
GO:0099012,asd_d_proband vs asd_da_proband,2.691912268677176,0.44980446084469067,16.110092924927102,0.3566589816824436,0.5686438364419824,neuronal dense core vesicle membrane (GO:0099012),CC,6,intermediate
GO:0098700,asd_d_proband vs asd_da_proband,0.35891003460207616,0.04193156080811384,3.0720633922393197,0.43070525294910766,0.6579820911921432,synaptic vesicle neurotransmitter loading (GO:0098700),BP,9,intermediate
GO:0099574,asd_d_proband vs asd_da_proband,0.35891546412343334,0.04193219514062896,3.072109865818185,0.43070765784150045,0.6579820911921432,"regulation of protein catabolic process at synapse, modulating synaptic transmission (GO:0099574)",BP,8,intermediate
GO:0098965,asd_d_proband vs asd_da_proband,0.3589214294929686,0.041932892076438195,3.0721609259491474,0.430710300193279,0.6579820911921432,extracellular matrix of synaptic cleft (GO:0098965),CC,5,leaf
GO:0099639,asd_d_proband vs asd_da_proband,0.3589247743229688,0.04193328285387273,3.0721895557694543,0.43071178183433056,0.6579820911921432,"neurotransmitter receptor transport, endosome to plasma membrane (GO:0099639)",BP,10,intermediate
GO:0098887,asd_d_proband vs asd_da_proband,0.35892642027658656,0.0419334751510992,3.0722036441853993,0.4307125109475032,0.6579820911921432,"neurotransmitter receptor transport, endosome to postsynaptic membrane (GO:0098887)",BP,9,intermediate
GO:0098877,asd_d_proband vs asd_da_proband,0.29910257866636375,0.03600952643631319,2.484407916974201,0.43364659930121874,0.6610578732447454,neurotransmitter receptor transport to plasma membrane (GO:0098877),BP,14,intermediate
GO:0098693,asd_d_proband vs asd_da_proband,1.372340983630282,0.6665718751946687,2.8253813961192358,0.4467689452392464,0.6781820352680316,regulation of synaptic vesicle cycle (GO:0098693),BP,18,leaf
GO:0140249,asd_d_proband vs asd_da_proband,1.2961102714392794,0.6350748260766103,2.645203000894501,0.460791139337007,0.6839339865036969,protein catabolic process at postsynapse (GO:0140249),BP,20,intermediate
GO:0099637,asd_d_proband vs asd_da_proband,0.51274161884627,0.10651702435641669,2.468187308888675,0.504500008894168,0.7259170177281634,neurotransmitter receptor transport (GO:0099637),BP,18,intermediate
GO:0099544,asd_d_proband vs asd_da_proband,0.5127458503026606,0.10651790339983128,2.468207677874881,0.5045009690133117,0.7259170177281634,extrasynaptic space (GO:0099544),CC,7,intermediate
GO:0098966,asd_d_proband vs asd_da_proband,0.5127507885129027,0.10651892926440187,2.4682314489662067,0.5045020895604789,0.7259170177281634,perisynaptic extracellular matrix (GO:0098966),CC,6,leaf
GO:0098970,asd_d_proband vs asd_da_proband,0.5127513503622427,0.10651904598307194,2.4682341535436385,0.5045022170562027,0.7259170177281634,postsynaptic neurotransmitter receptor diffusion trapping (GO:0098970),BP,8,intermediate
GO:0098883,asd_d_proband vs asd_da_proband,0.4486495030030557,0.09527375557001687,2.1127158821503906,0.5109448103820194,0.7304136222195671,synapse disassembly (GO:0098883),BP,11,intermediate
GO:1905806,asd_d_proband vs asd_da_proband,0.4486495030030557,0.09527375557001687,2.1127158821503906,0.5109448103820194,0.7304136222195671,regulation of synapse disassembly (GO:1905806),BP,11,leaf
GO:0150047,asd_d_proband vs asd_da_proband,1.4954984994998333,0.45641283705848945,4.900203457072446,0.5377177585732114,0.754364414040227,G protein-coupled neurotransmitter receptor activity involved in regulation of presynaptic membrane potential (GO:0150047),BP,5,leaf
GO:0098969,asd_d_proband vs asd_da_proband,0,NA,NA,0.5404231655883573,0.754364414040227,neurotransmitter receptor transport to postsynaptic membrane (GO:0098969),BP,5,leaf
GO:0099013,asd_d_proband vs asd_da_proband,0,NA,NA,0.5404233063878661,0.754364414040227,neuronal dense core vesicle lumen (GO:0099013),CC,8,leaf
GO:0099538,asd_d_proband vs asd_da_proband,0,NA,NA,0.5404383200697893,0.754364414040227,synaptic signaling via neuropeptide (GO:0099538),BP,8,leaf
GO:0140252,asd_d_proband vs asd_da_proband,1.3160401595032072,0.6044741993096948,2.8652367684230606,0.5408592241024016,0.754364414040227,regulation protein catabolic process at postsynapse (GO:0140252),BP,15,leaf
GO:0099091,asd_d_proband vs asd_da_proband,0.598202570324436,0.1619498608807336,2.2096117477142774,0.556052860358481,0.7722358873063624,"postsynaptic specialization, intracellular component (GO:0099091)",CC,11,leaf
GO:0098921,asd_d_proband vs asd_da_proband,0,NA,NA,0.5573127642995522,0.7724914377742828,retrograde trans-synaptic signaling by endocannabinoid (GO:0098921),BP,6,intermediate
GO:0140246,asd_d_proband vs asd_da_proband,1.227882587018013,0.6064261167085366,2.4861984105916797,0.5831152776774886,0.7914494695131131,protein catabolic process at synapse (GO:0140246),BP,24,intermediate
GO:0099054,asd_d_proband vs asd_da_proband,1.2562174222822216,0.6345268339409311,2.4870220259152904,0.5918966952588962,0.7988380210449013,presynapse assembly (GO:0099054),BP,14,leaf
SYNGO:presyn_ribosome,asd_d_proband vs asd_da_proband,1.395806100217865,0.5198281992551601,3.747920317129784,0.6032613567720106,0.8081011955102735,presynaptic ribosome,CC,50,leaf
GO:0140236,asd_d_proband vs asd_da_proband,1.3957930338090199,0.5198233330436,3.747885232128239,0.6032621738071122,0.8081011955102735,translation at presynapse (GO:0140236),BP,49,leaf
GO:0099179,asd_d_proband vs asd_da_proband,0.44864535025628505,0.050145378588825874,4.013982065167566,0.6609172742689179,0.8568458372697868,regulation of synaptic membrane adhesion (GO:0099179),BP,7,leaf
GO:0001504,asd_d_proband vs asd_da_proband,1.7945697457261889,0.3622072942920041,8.891263712871204,0.6733798995323068,0.8649137171094746,neurotransmitter uptake (GO:0001504),BP,6,leaf
GO:0099562,asd_d_proband vs asd_da_proband,0.5982035054200002,0.12073850773991039,2.9638219040079194,0.7197995962042539,0.8941455191603016,maintenance of postsynaptic density structure (GO:0099562),BP,6,leaf
GO:0099532,asd_d_proband vs asd_da_proband,1.4356564659427444,0.385520234375533,5.3463068975920365,0.7300975640428377,0.9025053918352404,synaptic vesicle endosomal processing (GO:0099532),BP,12,intermediate
GO:0098845,asd_d_proband vs asd_da_proband,1.1963992862148434,0.3376198026915253,4.239595073050838,0.7523956940880896,0.9187433276543766,postsynaptic endosome (GO:0098845),CC,23,intermediate
GO:0150037,asd_d_proband vs asd_da_proband,1.1963880188994005,0.33761662309349266,4.239555145866336,0.7523970427030271,0.9187433276543766,regulation of calcium-dependent activation of synaptic vesicle fusion (GO:0150037),BP,7,leaf
GO:0099151,asd_d_proband vs asd_da_proband,1.0895753390440015,0.5964009229560348,1.9905643565551066,0.7584828824934957,0.9204128794436476,regulation of postsynaptic density assembly (GO:0099151),BP,20,leaf
GO:0099147,asd_d_proband vs asd_da_proband,1.281869780369644,0.4068471896976628,4.038838599440764,0.7653006383692553,0.9204128794436476,extrinsic component of postsynaptic density membrane (GO:0099147),CC,10,leaf
GO:0098971,asd_d_proband vs asd_da_proband,1.2818535121959536,0.40684202641130657,4.038787342652556,0.7653015140286478,0.9204128794436476,anterograde dendritic transport of neurotransmitter receptor complex (GO:0098971),BP,5,leaf
GO:0099527,asd_d_proband vs asd_da_proband,1.2818534616062491,0.40684201035485573,4.038787183257542,0.7653015167518908,0.9204128794436476,postsynapse to nucleus signaling pathway (GO:0099527),BP,16,intermediate
GO:0099699,asd_d_proband vs asd_da_proband,1.1964060579946063,0.42584936044518595,3.3612530358383323,0.7898942423961873,0.9370177699077048,integral component of synaptic membrane (GO:0099699),CC,19,leaf
GO:0043083,asd_d_proband vs asd_da_proband,1.14200893057824,0.44270950846818097,2.9459145841097096,0.808341456128892,0.9421163151861415,synaptic cleft (GO:0043083),CC,22,intermediate
GO:0099550,asd_d_proband vs asd_da_proband,1.141992190763712,0.44270301913621246,2.945871402254969,0.8083426952278376,0.9421163151861415,"trans-synaptic signaling, modulating synaptic transmission (GO:0099550)",BP,7,leaf
GO:0099541,asd_d_proband vs asd_da_proband,1.1963869672748129,0.48904981798403824,2.926781122964738,0.8160924525339512,0.9435658307880467,trans-synaptic signaling by lipid (GO:0099541),BP,11,intermediate
GO:0099542,asd_d_proband vs asd_da_proband,1.1963869672748129,0.48904981798403824,2.926781122964738,0.8160924525339512,0.9435658307880467,trans-synaptic signaling by endocannabinoid (GO:0099542),BP,11,intermediate
GO:1905274,asd_d_proband vs asd_da_proband,1.0604526700979913,0.5342193301689024,2.1050527414693336,0.8614931832870416,0.9787224001218782,regulation of modification of postsynaptic actin cytoskeleton (GO:1905274),BP,14,leaf
GO:0098843,asd_d_proband vs asd_da_proband,1.060443488976076,0.5342147050376372,2.105034516473158,0.8614938118064442,0.9787224001218782,postsynaptic endocytic zone (GO:0098843),CC,20,intermediate
GO:1905606,asd_d_proband vs asd_da_proband,1.0468391892176037,0.541531839830381,2.023652549081915,0.8673716092886187,0.9838433103779277,regulation of presynapse assembly (GO:1905606),BP,27,leaf
GO:0097107,asd_d_proband vs asd_da_proband,1.0332550941013092,0.5875913427513497,1.8169363838603847,0.8861268278876613,1,postsynaptic density assembly (GO:0097107),BP,26,intermediate
GO:0016189,asd_d_proband vs asd_da_proband,0,NA,NA,1,1,synaptic vesicle to endosome fusion (GO:0016189),BP,5,leaf
GO:0031629,asd_d_proband vs asd_da_proband,0,NA,NA,1,1,synaptic vesicle fusion to presynaptic active zone membrane (GO:0031629),BP,6,intermediate
GO:0097444,asd_d_proband vs asd_da_proband,0.5981825444377872,0.062222987005274434,5.750645761183626,1,1,spine apparatus (GO:0097444),CC,8,intermediate
GO:0098830,asd_d_proband vs asd_da_proband,0.8972949604743083,0.08136366519176601,9.895550356476205,1,1,presynaptic endosome (GO:0098830),CC,13,intermediate
GO:0098837,asd_d_proband vs asd_da_proband,1.7946037653239932,0.11225037690033889,28.69124152139333,1,1,postsynaptic recycling endosome (GO:0098837),CC,11,intermediate
GO:0098890,asd_d_proband vs asd_da_proband,0.9500774655066703,0.4235133482722023,2.1313311472851737,1,1,extrinsic component of postsynaptic membrane (GO:0098890),CC,12,leaf
GO:0098944,asd_d_proband vs asd_da_proband,0,NA,NA,1,1,postsynaptic recycling endosome membrane (GO:0098944),CC,7,intermediate
GO:0099502,asd_d_proband vs asd_da_proband,1.076751321752266,0.3913423302866996,2.9626066979410934,1,1,calcium-dependent activation of synaptic vesicle fusion (GO:0099502),BP,13,intermediate
GO:0099545,asd_d_proband vs asd_da_proband,0.8973081222056631,0.2244146556146897,3.5878310352363147,1,1,trans-synaptic signaling by trans-synaptic complex (GO:0099545),BP,8,intermediate
GO:0099566,asd_d_proband vs asd_da_proband,1.0556426698882022,0.4833819124875571,2.3053850748239935,1,1,regulation of postsynaptic cytosolic calcium levels (GO:0099566),BP,12,intermediate
GO:0099576,asd_d_proband vs asd_da_proband,0.5982011008189018,0.062224917241239505,5.7508241535078275,1,1,"regulation of protein catabolic process at postsynapse, modulating synaptic transmission (GO:0099576)",BP,6,leaf
GO:0150054,asd_d_proband vs asd_da_proband,0.7178647819213243,0.1392760181150843,3.7000615906259724,1,1,regulation of postsynaptic neurotransmitter receptor diffusion trapping (GO:0150054),BP,5,leaf
GO:0031630,asd_d_proband vs asd_da_proband,NA,NA,NA,NA,NA,regulation of synaptic vesicle fusion to presynaptic active zone membrane (GO:0031630),BP,5,leaf
GO:0045202,asd_d_proband vs sibling,3.871957890128598,3.3661381742722316,4.453785651912648,2.340960945507724e-105,1.6808099588745459e-102,synapse (GO:0045202),CC,1412,root
SYNGO:synprocess,asd_d_proband vs sibling,3.645172401660157,3.134970820275915,4.23840686231824,1.2792874838676234e-81,4.592642067084768e-79,process in the synapse,BP,1067,root
GO:0098794,asd_d_proband vs sibling,3.909642803721221,3.3047382707788766,4.625270021485426,7.698044109994416e-75,1.842398556991997e-72,postsynapse (GO:0098794),CC,873,intermediate
SYNGO:presynprocess,asd_d_proband vs sibling,5.849661563980285,4.412089766826128,7.75563105501447,4.052227244092026e-52,4.156427373225821e-50,process in the presynapse,BP,296,intermediate
GO:0098793,asd_d_proband vs sibling,4.006318691851244,3.250324468918215,4.9381499029291325,4.518034944362711e-51,4.054936362565533e-49,presynapse (GO:0098793),CC,659,intermediate
GO:0099572,asd_d_proband vs sibling,5.024149668487158,3.8917847772074627,6.485990705136572,4.534475029854894e-50,3.6175034127064596e-48,postsynaptic specialization (GO:0099572),CC,388,intermediate
GO:0014069,asd_d_proband vs sibling,4.907570380957347,3.7453552850980474,6.430430549506428,2.23907894126686e-43,1.3397155665246714e-41,postsynaptic density (GO:0014069),CC,330,intermediate
GO:0042734,asd_d_proband vs sibling,7.211590697403656,4.958455118155639,10.488557251723925,1.985250409970024e-40,1.096469072583444e-38,presynaptic membrane (GO:0042734),CC,156,intermediate
GO:0099505,asd_d_proband vs sibling,12.326540942491981,6.891679938992159,22.047398160099608,1.5046793439302416e-34,6.355057464364197e-33,regulation of presynaptic membrane potential (GO:0099505),BP,46,intermediate
GO:0050808,asd_d_proband vs sibling,3.624624216245099,2.862144793118999,4.590229236681446,7.700330942704365e-34,3.0715764538120744e-32,synapse organization (GO:0050808),BP,403,intermediate
GO:0099056,asd_d_proband vs sibling,6.67280137907147,4.455955476755364,9.992532123987974,1.4807947126649795e-31,5.5958452825971336e-30,integral component of presynaptic membrane (GO:0099056),CC,126,leaf
GO:0048786,asd_d_proband vs sibling,6.817817464321349,4.397353188540553,10.570593942269264,1.3773307399086051e-27,4.495106687519902e-26,presynaptic active zone (GO:0048786),CC,104,intermediate
GO:0099092,asd_d_proband vs sibling,17.510566762728143,7.744732537763956,39.5907730650291,4.003456764681163e-27,1.249774763930902e-25,"postsynaptic density, intracellular component (GO:0099092)",CC,46,leaf
GO:0099536,asd_d_proband vs sibling,5.131689359026785,3.567969958864061,7.380733577121485,2.343576085152139e-26,6.730750516556943e-25,synaptic signaling (GO:0099536),BP,216,intermediate
GO:0099537,asd_d_proband vs sibling,5.1107492616369745,3.5530966019614665,7.351265935438854,3.697216880440817e-26,1.0210006615986564e-24,trans-synaptic signaling (GO:0099537),BP,208,intermediate
GO:0007268,asd_d_proband vs sibling,5.45816434029386,3.7091318953499535,8.031948932041063,1.2558963209916394e-25,3.2204769945428468e-24,chemical synaptic transmission (GO:0007268),BP,175,intermediate
GO:0050804,asd_d_proband vs sibling,7.603260094784754,4.557609305224423,12.684185983796088,5.944311201921428e-24,1.4226718143265284e-22,modulation of chemical synaptic transmission (GO:0050804),BP,93,leaf
GO:0098918,asd_d_proband vs sibling,9.12395811681563,4.797333073489635,17.352685427958264,1.0004091651724882e-19,1.7102232871282059e-18,structural constituent of synapse (GO:0098918),BP,36,intermediate
GO:0099173,asd_d_proband vs sibling,9.830461155205077,5.000742146504355,19.32472494938542,1.029902560162979e-19,1.7196977632488813e-18,postsynapse organization (GO:0099173),BP,69,intermediate
GO:0099175,asd_d_proband vs sibling,10.368117652398892,5.06856545434664,21.208735414829995,8.323267720293819e-19,1.2991943048521864e-17,regulation of postsynapse organization (GO:0099175),BP,51,leaf
GO:0099186,asd_d_proband vs sibling,10.36807529640158,5.0685447481633235,21.208648772570495,8.32352897259061e-19,1.2991943048521864e-17,structural constituent of postsynapse (GO:0099186),BP,27,intermediate
GO:0099508,asd_d_proband vs sibling,12.672196433554017,5.571842518066734,28.820728857623426,2.120527783337389e-18,3.107222343747439e-17,voltage-gated ion channel activity involved in regulation of presynaptic membrane potential (GO:0099508),BP,17,leaf
GO:0098919,asd_d_proband vs sibling,21.657856754869247,6.86109570920491,68.36557586350774,4.6465453433565834e-18,6.672439113060054e-17,structural constituent of postsynaptic density (GO:0098919),BP,12,leaf
GO:0048787,asd_d_proband vs sibling,7.488076138533158,4.145327669644362,13.526381681976932,8.2087794567709e-18,1.1556673823453934e-16,presynaptic active zone membrane (GO:0048787),CC,66,intermediate
GO:0099504,asd_d_proband vs sibling,3.820840310352603,2.6791245751790176,5.449101102825685,3.043218227602997e-17,4.201982091190292e-16,synaptic vesicle cycle (GO:0099504),BP,208,intermediate
SYNGO:postsynprocess,asd_d_proband vs sibling,2.995234582439423,2.262138671889224,3.9659063855482297,4.295621263560428e-17,5.819351070257335e-16,process in the postsynapse,BP,258,intermediate
GO:0099507,asd_d_proband vs sibling,13.685864966809211,5.5732548133569555,33.60745312431119,4.4174058853822164e-17,5.873513751304502e-16,ligand-gated ion channel activity involved in regulation of presynaptic membrane potential (GO:0099507),BP,22,leaf
GO:0099059,asd_d_proband vs sibling,7.603311354869211,4.101510312433379,14.094891675350896,6.965013159561177e-17,8.930141872437365e-16,integral component of presynaptic active zone membrane (GO:0099059),CC,49,leaf
GO:0060078,asd_d_proband vs sibling,6.539888061462929,3.692554926612834,11.58280288485735,5.829678625952149e-16,7.21674009212697e-15,regulation of postsynaptic membrane potential (GO:0060078),BP,56,intermediate
GO:1904315,asd_d_proband vs sibling,8.467298155031688,4.118671256845298,17.407346587092757,1.584940334919534e-14,1.8354631620519766e-13,transmitter-gated ion channel activity involved in regulation of postsynaptic membrane potential (GO:1904315),BP,38,leaf
GO:0099524,asd_d_proband vs sibling,24.53766779220583,6.01900137953076,100.03273013497714,3.879013091215616e-14,4.351767811707519e-13,postsynaptic cytosol (GO:0099524),CC,49,leaf
GO:0098831,asd_d_proband vs sibling,16.588937021870514,5.226888537339714,52.64945474724986,3.1037318505281205e-13,3.2296803893901314e-12,presynaptic active zone cytoplasmic component (GO:0098831),CC,20,leaf
GO:0045211,asd_d_proband vs sibling,3.154744660674943,2.2308478131268137,4.46126975381055,6.74876243990643e-13,6.8248048335955166e-12,postsynaptic membrane (GO:0045211),CC,147,intermediate
GO:0098839,asd_d_proband vs sibling,3.4807302411765053,2.320379836076488,5.221336103457366,1.7282685777970985e-11,1.477258141497996e-10,postsynaptic density membrane (GO:0098839),CC,138,intermediate
GO:0099061,asd_d_proband vs sibling,3.864479318192081,2.4550019735316155,6.083172462485195,2.6750497098347853e-11,2.2333554554202047e-10,integral component of postsynaptic density membrane (GO:0099061),CC,110,leaf
GO:0099523,asd_d_proband vs sibling,9.815123525945841,3.9632462264374095,24.307510642903768,2.891302469965483e-11,2.386155371764617e-10,presynaptic cytosol (GO:0099523),CC,50,leaf
GO:0099055,asd_d_proband vs sibling,3.2717135503101957,2.206670967659508,4.850795479779478,5.2827254528041366e-11,4.2617942417004155e-10,integral component of postsynaptic membrane (GO:0099055),CC,116,leaf
GO:0016079,asd_d_proband vs sibling,4.466266302211618,2.4903048273367148,8.010077506697908,5.1704046026856305e-9,3.5022174572908326e-8,synaptic vesicle exocytosis (GO:0016079),BP,78,intermediate
GO:0099525,asd_d_proband vs sibling,8.81290493579927,3.1852469579759766,24.383444810441897,4.373232430883504e-8,2.854528077613051e-7,presynaptic dense core vesicle exocytosis (GO:0099525),BP,24,intermediate
GO:0016082,asd_d_proband vs sibling,10.137583324873956,3.147860993113284,32.647755378524735,1.3559747000991603e-7,8.393015816131009e-7,synaptic vesicle priming (GO:0016082),BP,18,intermediate
GO:0099634,asd_d_proband vs sibling,7.050304158907511,2.813940665026676,17.66447649408319,1.6563762718767605e-7,9.994042332362071e-7,postsynaptic specialization membrane (GO:0099634),CC,42,intermediate
GO:0099060,asd_d_proband vs sibling,7.050292410840047,2.813935976099216,17.664447059401105,1.6563942027173908e-7,9.994042332362071e-7,integral component of postsynaptic specialization membrane (GO:0099060),CC,38,leaf
GO:0098880,asd_d_proband vs sibling,7.948782358581016,2.861416837727763,22.081068424222387,3.3136453823819887e-7,1.9187075681857e-6,maintenance of postsynaptic specialization structure (GO:0098880),BP,12,intermediate
GO:0099558,asd_d_proband vs sibling,6.497398945518453,2.5842464802771614,16.335977771244412,1.2672660344657465e-6,6.999207790356969e-6,maintenance of synapse structure (GO:0099558),BP,20,intermediate
GO:0007416,asd_d_proband vs sibling,2.6850693391579346,1.7448723884472095,4.131876579525661,1.286364673297946e-6,7.050456758991795e-6,synapse assembly (GO:0007416),BP,154,intermediate
GO:0098888,asd_d_proband vs sibling,12.095744680851064,2.9092714906068773,50.28992304661706,1.917046948646171e-6,1.0349170745322939e-5,extrinsic component of presynaptic membrane (GO:0098888),CC,8,leaf
GO:0008021,asd_d_proband vs sibling,3.5054015120612307,1.9761692751059572,6.218009719892197,2.1681787532077824e-6,1.1617554811964089e-5,synaptic vesicle (GO:0008021),CC,147,intermediate
GO:0008088,asd_d_proband vs sibling,4.838460672329884,2.0568963406617766,11.381566107580754,2.5363048462679546e-5,1.2559081928416492e-4,axo-dendritic transport (GO:0008088),BP,27,intermediate
GO:0048488,asd_d_proband vs sibling,2.995238882118439,1.7084734353480544,5.251153325147504,3.2618350761074434e-5,1.604107934688455e-4,synaptic vesicle endocytosis (GO:0048488),BP,69,intermediate
GO:0098935,asd_d_proband vs sibling,5.253215995858677,2.0676929620617948,13.346410132202566,3.682737718669753e-5,1.7746346859093173e-4,dendritic transport (GO:0098935),BP,18,intermediate
GO:0098698,asd_d_proband vs sibling,4.048487491311874,1.8162948432206272,9.024003469748198,1.0605163820751584e-4,4.7003133477158257e-4,postsynaptic specialization assembly (GO:0098698),BP,38,intermediate
GO:0051963,asd_d_proband vs sibling,2.7216276035460654,1.5722923031008815,4.711119425933255,1.3247376360244105e-4,5.835347378316115e-4,regulation of synapse assembly (GO:0051963),BP,107,intermediate
GO:0030672,asd_d_proband vs sibling,3.317791656257806,1.6786578340034202,6.557465882181377,1.5011409142808276e-4,6.532237433052329e-4,synaptic vesicle membrane (GO:0030672),CC,115,intermediate
GO:0099563,asd_d_proband vs sibling,3.3868958097459037,1.715678573411622,6.686021148625867,1.5452830241195184e-4,6.64379168453781e-4,modification of synaptic structure (GO:0099563),BP,56,intermediate
GO:0099010,asd_d_proband vs sibling,3.248662338968808,1.6416305627484664,6.428856304286143,2.2310027503920674e-4,9.313139388264562e-4,modification of postsynaptic structure (GO:0099010),BP,53,intermediate
GO:0097091,asd_d_proband vs sibling,8.640071947067515,2.046513077445424,36.4770907516929,2.3595346396728515e-4,9.736470524627053e-4,synaptic vesicle clustering (GO:0097091),BP,9,leaf
GO:0099645,asd_d_proband vs sibling,2.666075073844739,1.4811088755461648,4.799077513295667,4.925180154026291e-4,0.0019430106321927897,neurotransmitter receptor localization to postsynaptic specialization membrane (GO:0099645),BP,54,intermediate
SYNGO:transport,asd_d_proband vs sibling,2.822420418153688,1.5012700591057002,5.306211876067242,6.056967681813786e-4,0.0023507582678607016,transport,BP,52,intermediate
GO:0099547,asd_d_proband vs sibling,Inf,NA,NA,7.157761160446154e-4,0.0027336555921278396,"regulation of translation at synapse, modulating synaptic transmission (GO:0099547)",BP,7,intermediate
GO:0099565,asd_d_proband vs sibling,3.0413224348143753,1.5306140283728606,6.04309249820361,7.357011221634771e-4,0.00279488574451522,postsynaptic process involved in chemical synaptic transmission (GO:0099565),BP,39,intermediate
GO:0098810,asd_d_proband vs sibling,12.4420438255171,1.6609833334519977,93.20048638559201,7.897023240529165e-4,0.0029692200807520217,neurotransmitter reuptake (GO:0098810),BP,10,intermediate
GO:0099170,asd_d_proband vs sibling,3.1488431421437375,1.5304509278067122,6.478622054243274,7.89862166328184e-4,0.0029692200807520217,postsynaptic modulation of chemical synaptic transmission (GO:0099170),BP,34,leaf
GO:0098833,asd_d_proband vs sibling,3.8016420253827032,1.5929317911517868,9.072881946003395,9.119686500487182e-4,0.00334768557670599,presynaptic endocytic zone (GO:0098833),CC,21,intermediate
GO:0098961,asd_d_proband vs sibling,11.750647204626825,1.5638051010245433,88.29598371123176,0.001334636480920422,0.004767507429357527,dendritic transport of ribonucleoprotein complex (GO:0098961),BP,6,intermediate
GO:0098963,asd_d_proband vs sibling,11.750647204626825,1.5638051010245433,88.29598371123176,0.001334636480920422,0.004767507429357527,dendritic transport of messenger ribonucleoprotein complex (GO:0098963),BP,6,intermediate
GO:0098885,asd_d_proband vs sibling,6.912083567928891,1.6156266952611888,29.571744135057624,0.0017845387446243294,0.006189849365411925,modification of postsynaptic actin cytoskeleton (GO:0098885),BP,27,intermediate
GO:0099509,asd_d_proband vs sibling,3.1104559874387157,1.445828005610378,6.6916233550953645,0.0018907162521227144,0.006495379277627315,regulation of presynaptic cytosolic calcium levels (GO:0099509),BP,27,intermediate
GO:0099072,asd_d_proband vs sibling,1.8120872446914393,1.2408085965025242,2.646387357106558,0.0019847286519122384,0.006785881771776129,regulation of postsynaptic membrane neurotransmitter receptor levels (GO:0099072),BP,156,intermediate
GO:0098835,asd_d_proband vs sibling,3.57121637233867,1.4899508556832968,8.559736268758295,0.002163972298326224,0.007363659290038999,presynaptic endocytic zone membrane (GO:0098835),CC,17,intermediate
GO:0099150,asd_d_proband vs sibling,11.058933707940332,1.466610489648089,83.38956772766882,0.002270572707958377,0.007653855419315092,regulation of postsynaptic specialization assembly (GO:0099150),BP,8,leaf
GO:1900242,asd_d_proband vs sibling,4.492790358213666,1.5680055287665635,12.873146702955756,0.002310452560554509,0.007751892235879146,regulation of synaptic vesicle endocytosis (GO:1900242),BP,22,leaf
GO:0099571,asd_d_proband vs sibling,2.6957184560493026,1.3457322887891894,5.399958115609429,0.003332640739722335,0.010976312161103837,postsynaptic cytoskeleton (GO:0099571),CC,27,intermediate
GO:0099626,asd_d_proband vs sibling,3.5942595972358715,1.3802134159737605,9.359930792447662,0.005291241747988331,0.016810228208210716,voltage-gated calcium channel activity involved in regulation of presynaptic cytosolic calcium levels (GO:0099626),BP,9,leaf
GO:0099054,asd_d_proband vs sibling,9.676941538230773,1.2725088568891243,73.58942692411883,0.006695755386103954,0.020722208479407925,presynapse assembly (GO:0099054),BP,14,leaf
GO:0098973,asd_d_proband vs sibling,3.80174578742709,1.3101054559439953,11.032143226825461,0.008441926878231882,0.025792780844980816,structural constituent of postsynaptic actin cytoskeleton (GO:0098973),BP,6,leaf
GO:0098871,asd_d_proband vs sibling,2.4883592574009032,1.2349302474439106,5.013993143911561,0.009976187915859736,0.029970305119612094,postsynaptic actin cytoskeleton (GO:0098871),CC,21,leaf
GO:0098693,asd_d_proband vs sibling,8.985699787803302,1.1754883182950115,68.68873081924099,0.011586592598282956,0.03421887423572707,regulation of synaptic vesicle cycle (GO:0098693),BP,18,leaf
GO:0098993,asd_d_proband vs sibling,Inf,NA,NA,0.013297328064945931,0.03865377146004526,anchored component of synaptic vesicle membrane (GO:0098993),CC,20,leaf
GO:0099181,asd_d_proband vs sibling,5.183993909167145,1.1855045875860102,22.668653611036596,0.013432293891951132,0.038888657316213354,structural constituent of presynapse (GO:0099181),BP,10,intermediate
GO:0099187,asd_d_proband vs sibling,4.1472362275356485,1.2216346712528836,14.079142260545531,0.013501399807623972,0.03893174723644181,presynaptic cytoskeleton organization (GO:0099187),BP,9,intermediate
GO:0030285,asd_d_proband vs sibling,5.529692086330935,1.2714514793513607,24.049281522901893,0.013897009396913917,0.0397536528277416,integral component of synaptic vesicle membrane (GO:0030285),CC,53,leaf
GO:0099140,asd_d_proband vs sibling,5.529869321717486,1.2714922313843684,24.05005234045203,0.01389716832836092,0.0397536528277416,presynaptic actin cytoskeleton organization (GO:0099140),BP,8,leaf
GO:0150052,asd_d_proband vs sibling,2.5056260246785738,1.145477136670387,5.480826787862029,0.01852843094301373,0.051563617895673874,regulation of postsynapse assembly (GO:0150052),BP,60,leaf
GO:0099553,asd_d_proband vs sibling,Inf,NA,NA,0.024732695000991407,0.06675968049139785,"trans-synaptic signaling by endocannabinoid, modulating synaptic transmission (GO:0099553)",BP,5,intermediate
GO:0098696,asd_d_proband vs sibling,2.4192224554368598,1.1026458129270782,5.307812554380963,0.026505539571820343,0.07101110974838436,regulation of neurotransmitter receptor localization to postsynaptic specialization membrane (GO:0098696),BP,28,leaf
GO:0098926,asd_d_proband vs sibling,2.903026664665566,1.0946663602335787,7.698751073305126,0.02738851213954593,0.07283315450442214,postsynaptic signaling pathway (GO:0098926),BP,18,intermediate
GO:0050807,asd_d_proband vs sibling,3.686451692074276,1.0741690964268646,12.651570523861718,0.03337994962500055,0.08676390424899187,regulation of synapse organization (GO:0050807),BP,25,leaf
GO:0016081,asd_d_proband vs sibling,6.912257200267917,0.8848551430116762,53.996747354640384,0.03359279140387936,0.08676390424899187,synaptic vesicle docking (GO:0016081),BP,7,intermediate
SYNGO:postsyn_er,asd_d_proband vs sibling,6.912144702842377,0.8848407419379486,53.995868554143115,0.03359382365072387,0.08676390424899187,postsynaptic ER,CC,9,intermediate
GO:0099031,asd_d_proband vs sibling,4.492927417857806,1.0139006900398804,19.909639060749043,0.03450715412391506,0.0881228907174746,anchored component of postsynaptic density membrane (GO:0099031),CC,11,leaf
GO:1905274,asd_d_proband vs sibling,4.492849218181187,1.0138830430363324,19.90929253226297,0.03450790180859595,0.0881228907174746,regulation of modification of postsynaptic actin cytoskeleton (GO:1905274),BP,14,leaf
GO:2000300,asd_d_proband vs sibling,2.64965246836571,1.0789089316558176,6.507183319301834,0.035892565360328685,0.09042407694286314,regulation of synaptic vesicle exocytosis (GO:2000300),BP,35,leaf
GO:0098883,asd_d_proband vs sibling,0.19748415681119136,0.0410253897243534,0.9506306327244015,0.03727231382047717,0.09324571889582789,synapse disassembly (GO:0098883),BP,11,intermediate
GO:1905806,asd_d_proband vs sibling,0.19748415681119136,0.0410253897243534,0.9506306327244015,0.03727231382047717,0.09324571889582789,regulation of synapse disassembly (GO:1905806),BP,11,leaf
SYNGO:metabolism,asd_d_proband vs sibling,1.8893021093613807,1.0457934474265833,3.4131620055765803,0.040479776016570795,0.10022234199964769,metabolism,BP,102,intermediate
GO:0099151,asd_d_proband vs sibling,2.937626239787767,0.9884796384884023,8.730223252636947,0.04621238986105631,0.11158477395447566,regulation of postsynaptic density assembly (GO:0099151),BP,20,leaf
GO:0099550,asd_d_proband vs sibling,Inf,NA,NA,0.04646766125025774,0.11158477395447566,"trans-synaptic signaling, modulating synaptic transmission (GO:0099550)",BP,7,leaf
GO:0010807,asd_d_proband vs sibling,Inf,NA,NA,0.046467754056251004,0.11158477395447566,regulation of synaptic vesicle priming (GO:0010807),BP,6,leaf
GO:0099159,asd_d_proband vs sibling,2.1600097203198865,0.9743074069291195,4.788675482394047,0.05322830604804961,0.12613176152640138,regulation of modification of postsynaptic structure (GO:0099159),BP,19,leaf
GO:0098930,asd_d_proband vs sibling,6.220849217825687,0.7881419912726919,49.101513965055155,0.05559641113928987,0.12960462077276014,axonal transport (GO:0098930),BP,10,intermediate
GO:0097107,asd_d_proband vs sibling,2.6265841284174756,0.9807456801651488,7.034386511386795,0.05989179241664387,0.13827108345707492,postsynaptic density assembly (GO:0097107),BP,26,intermediate
GO:0099560,asd_d_proband vs sibling,2.7648445656933074,0.9243460566555199,8.270025514148617,0.0688333220349645,0.1559963580311038,synapse adhesion between pre- and post-synapse (GO:0099560),BP,43,intermediate
GO:0098974,asd_d_proband vs sibling,2.3040327927019435,0.9252858061559227,5.737218786377183,0.07349695137373727,0.16337712410632618,postsynaptic actin cytoskeleton organization (GO:0098974),BP,21,leaf
GO:0097401,asd_d_proband vs sibling,2.995235358904372,0.8535434371656145,10.510812296820767,0.07959445884421086,0.174767038073833,synaptic vesicle proton loading (GO:0097401),BP,17,intermediate
GO:0099025,asd_d_proband vs sibling,Inf,NA,NA,0.08368584196516451,0.18263353960786663,anchored component of postsynaptic membrane (GO:0099025),CC,6,leaf
GO:0098882,asd_d_proband vs sibling,3.801711309523809,0.842665674576211,17.151533896559705,0.08815919546371534,0.19065753717755304,structural constituent of active zone (GO:0098882),BP,8,leaf
GO:0099541,asd_d_proband vs sibling,5.5296605613104415,0.6916126017450147,44.21137765009284,0.09223762660701748,0.19698403985691934,trans-synaptic signaling by lipid (GO:0099541),BP,11,intermediate
GO:0099542,asd_d_proband vs sibling,5.5296605613104415,0.6916126017450147,44.21137765009284,0.09223762660701748,0.19698403985691934,trans-synaptic signaling by endocannabinoid (GO:0099542),BP,11,intermediate
GO:0008089,asd_d_proband vs sibling,5.52958152958153,0.6916027169900562,44.210745766530636,0.09223877682139502,0.19698403985691934,anterograde axonal transport (GO:0008089),BP,6,intermediate
GO:0098937,asd_d_proband vs sibling,2.764822269222897,0.7802234252123615,9.797504065339023,0.11947583065269946,0.2427507383124507,anterograde dendritic transport (GO:0098937),BP,8,intermediate
GO:0099171,asd_d_proband vs sibling,1.974873053400922,0.8350831915945813,4.670341369944044,0.12216560837826065,0.24639018768424478,presynaptic modulation of chemical synaptic transmission (GO:0099171),BP,49,leaf
GO:0099531,asd_d_proband vs sibling,1.974873053400922,0.8350831915945813,4.670341369944044,0.12216560837826065,0.24639018768424478,presynaptic process involved in chemical synaptic transmission (GO:0099531),BP,49,intermediate
GO:0099188,asd_d_proband vs sibling,2.073635200378499,0.8815309133167182,4.877835682551814,0.12254202322096625,0.2464570663099545,postsynaptic cytoskeleton organization (GO:0099188),BP,26,intermediate
GO:0098850,asd_d_proband vs sibling,2.2118878312653494,0.8103116522505425,6.0377359309983385,0.1250224049200053,0.24935024092378835,extrinsic component of synaptic vesicle membrane (GO:0098850),CC,25,leaf
GO:0099566,asd_d_proband vs sibling,3.4559865850707046,0.7572410827646786,15.772841104423222,0.13955579510670435,0.27395282929899206,regulation of postsynaptic cytosolic calcium levels (GO:0099566),BP,12,intermediate
GO:1905606,asd_d_proband vs sibling,2.419234529742005,0.7963281322041726,7.3496031010435665,0.14944267556190105,0.28613290947585324,regulation of presynapse assembly (GO:1905606),BP,27,leaf
GO:0099532,asd_d_proband vs sibling,Inf,NA,NA,0.15014113637447923,0.28666272755433714,synaptic vesicle endosomal processing (GO:0099532),BP,12,intermediate
GO:0099637,asd_d_proband vs sibling,0.34559989429175475,0.06330112680046013,1.8868429832374463,0.23418881647805248,0.410116024954248,neurotransmitter receptor transport (GO:0099637),BP,18,intermediate
GO:0099569,asd_d_proband vs sibling,4.1475914746827645,0.49933639997538426,34.45075312296314,0.2524659768339852,0.4357543457116881,presynaptic cytoskeleton (GO:0099569),CC,6,intermediate
GO:0099502,asd_d_proband vs sibling,4.147233761329305,0.4992933341866658,34.44778188182139,0.252470484423485,0.4357543457116881,calcium-dependent activation of synaptic vesicle fusion (GO:0099502),BP,13,intermediate
GO:0140252,asd_d_proband vs sibling,1.9008404652702253,0.6052726381359698,5.96953215254553,0.30519491534345167,0.5060745710781952,regulation protein catabolic process at postsynapse (GO:0140252),BP,15,leaf
SYNGO:postsyn_ribosome,asd_d_proband vs sibling,1.9008350652651722,0.6052709186464259,5.969515193992522,0.30519538896498405,0.5060745710781952,postsynaptic ribosome,CC,68,leaf
GO:0098830,asd_d_proband vs sibling,0.23040184453227933,0.023966414786973592,2.2149750154841583,0.3116143794533937,0.5103022358937371,presynaptic endosome (GO:0098830),CC,13,intermediate
GO:0098877,asd_d_proband vs sibling,0.23040440758832215,0.02396668139622913,2.2149996554999953,0.31161534273304314,0.5103022358937371,neurotransmitter receptor transport to plasma membrane (GO:0098877),BP,14,intermediate
GO:0099639,asd_d_proband vs sibling,0.23041123370110328,0.023967391448922622,2.2150652785391416,0.3116179084467663,0.5103022358937371,"neurotransmitter receptor transport, endosome to plasma membrane (GO:0099639)",BP,10,intermediate
GO:0098843,asd_d_proband vs sibling,1.7971511180667923,0.640697034287179,5.04099748918309,0.3400078145786539,0.547393278543518,postsynaptic endocytic zone (GO:0098843),CC,20,intermediate
GO:0140249,asd_d_proband vs sibling,1.7971504405205148,0.6406967927371577,5.040995588670079,0.34000783640108745,0.547393278543518,protein catabolic process at postsynapse (GO:0140249),BP,20,intermediate
GO:0098944,asd_d_proband vs sibling,0,NA,NA,0.4087040308334672,0.6393406409008671,postsynaptic recycling endosome membrane (GO:0098944),CC,7,intermediate
GO:0098921,asd_d_proband vs sibling,0,NA,NA,0.4087149779575181,0.6393406409008671,retrograde trans-synaptic signaling by endocannabinoid (GO:0098921),BP,6,intermediate
GO:0150047,asd_d_proband vs sibling,3.456152050683561,0.40378322115178544,29.582673007985054,0.41143773974091136,0.6394222643115136,G protein-coupled neurotransmitter receptor activity involved in regulation of presynaptic membrane potential (GO:0150047),BP,5,leaf
GO:0098971,asd_d_proband vs sibling,3.456031499821024,0.40376913716043494,29.581641161962384,0.41143830112240626,0.6394222643115136,anterograde dendritic transport of neurotransmitter receptor complex (GO:0098971),BP,5,leaf
GO:0099029,asd_d_proband vs sibling,3.4559162593378208,0.40375567358220327,29.580654769731403,0.41143883859598784,0.6394222643115136,anchored component of presynaptic active zone membrane (GO:0099029),CC,8,leaf
GO:0097060,asd_d_proband vs sibling,1.6588818117480537,0.5844250531002995,4.708711323633526,0.4610362805958068,0.6839339865036969,synaptic membrane (GO:0097060),CC,26,intermediate
GO:0043083,asd_d_proband vs sibling,1.612796000219768,0.41705618735022965,6.23683574832222,0.5418556986539026,0.754364414040227,synaptic cleft (GO:0043083),CC,22,intermediate
GO:0098992,asd_d_proband vs sibling,1.8432363796029287,0.4890067618674225,6.947798304704903,0.5421337571653999,0.754364414040227,neuronal dense core vesicle (GO:0098992),CC,40,intermediate
GO:0098700,asd_d_proband vs sibling,0.34558823529411764,0.0313367696346144,3.8112169750190015,0.5713099367140627,0.7828348429824425,synaptic vesicle neurotransmitter loading (GO:0098700),BP,9,intermediate
GO:0099179,asd_d_proband vs sibling,0.3455943373199902,0.031337322945634696,3.8112842693948292,0.5713116480749948,0.7828348429824425,regulation of synaptic membrane adhesion (GO:0099179),BP,7,leaf
GO:0099574,asd_d_proband vs sibling,0.3456084286213612,0.0313386006970736,3.81143967111717,0.5713156003194475,0.7828348429824425,"regulation of protein catabolic process at synapse, modulating synaptic transmission (GO:0099574)",BP,8,intermediate
GO:0098887,asd_d_proband vs sibling,0.3456126825037344,0.03133898642470658,3.8114865837925875,0.5713167934857938,0.7828348429824425,"neurotransmitter receptor transport, endosome to postsynaptic membrane (GO:0098887)",BP,9,intermediate
GO:1905030,asd_d_proband vs sibling,1.5553348467650399,0.47897785419010536,5.050476685716469,0.5785637996666677,0.7867679620568129,voltage-gated ion channel activity involved in regulation of postsynaptic membrane potential (GO:1905030),BP,5,leaf
GO:0098962,asd_d_proband vs sibling,1.5551903601844208,0.4789333583874889,5.050007509507673,0.5785703119303582,0.7867679620568129,regulation of postsynaptic neurotransmitter receptor activity (GO:0098962),BP,22,leaf
GO:0140238,asd_d_proband vs sibling,2.0737371575342465,0.21571027340305163,19.93593411521483,0.649579650380256,0.8526566379917486,presynaptic endocytosis (GO:0140238),BP,6,leaf
GO:0099545,asd_d_proband vs sibling,2.073677347242921,0.21570405193267517,19.935359127192395,0.6495833407370525,0.8526566379917486,trans-synaptic signaling by trans-synaptic complex (GO:0099545),BP,8,intermediate
GO:0001504,asd_d_proband vs sibling,2.0736244792414884,0.2156985525997429,19.93485087908123,0.649586603038282,0.8526566379917486,neurotransmitter uptake (GO:0001504),BP,6,leaf
GO:0150037,asd_d_proband vs sibling,2.7647799554421875,0.30902122913175867,24.736191178489218,0.6546712424230949,0.85606500040811,regulation of calcium-dependent activation of synaptic vesicle fusion (GO:0150037),BP,7,leaf
GO:0099026,asd_d_proband vs sibling,2.7647885125643827,0.3090221855667955,24.736267738148207,0.6546712889295554,0.85606500040811,anchored component of presynaptic membrane (GO:0099026),CC,9,leaf
GO:0140246,asd_d_proband vs sibling,1.28366346786227,0.5121553847745076,3.217367126677152,0.6557600978056553,0.85606500040811,protein catabolic process at synapse (GO:0140246),BP,24,intermediate
GO:0099161,asd_d_proband vs sibling,1.7280598999556764,0.3352682956336407,8.906869682357133,0.7079101025621537,0.8855064819294662,regulation of presynaptic dense core vesicle exocytosis (GO:0099161),BP,11,leaf
GO:0099527,asd_d_proband vs sibling,1.7279848227379595,0.3352537295813728,8.906482714871611,0.707911867169239,0.8855064819294662,postsynapse to nucleus signaling pathway (GO:0099527),BP,16,intermediate
GO:0090128,asd_d_proband vs sibling,1.20961513708328,0.5951411625211666,2.4585239133227716,0.7239505990878046,0.8977487567271912,regulation of synapse maturation (GO:0090128),BP,27,leaf
GO:0060074,asd_d_proband vs sibling,1.1355591798952005,0.5843462170791747,2.20673055348888,0.7415130090104123,0.9100963084948308,synapse maturation (GO:0060074),BP,34,intermediate
GO:0098894,asd_d_proband vs sibling,1.2442066822564628,0.4169797765960114,3.712530810988119,0.7908525081104991,0.9370177699077048,extrinsic component of presynaptic endocytic zone membrane (GO:0098894),CC,11,leaf
GO:0098890,asd_d_proband vs sibling,1.2441867844850734,0.41697310811529426,3.7124714389477598,0.7908534381115169,0.9370177699077048,extrinsic component of postsynaptic membrane (GO:0098890),CC,12,leaf
GO:0140241,asd_d_proband vs sibling,1.2672072817542404,0.46864772969379215,3.426484741492693,0.806452889260014,0.9421163151861415,translation at synapse (GO:0140241),BP,54,intermediate
GO:0140242,asd_d_proband vs sibling,1.2672072817542404,0.46864772969379215,3.426484741492693,0.806452889260014,0.9421163151861415,translation at postsynapse (GO:0140242),BP,54,intermediate
GO:0099149,asd_d_proband vs sibling,0.9504099829733847,0.4991562235801099,1.8096120874880801,0.8705294203721611,0.9858677031974947,regulation of postsynaptic neurotransmitter receptor endocytosis (GO:0099149),BP,40,leaf
GO:0098884,asd_d_proband vs sibling,1.0978062907789654,0.598387015871183,2.014045459056741,0.878401596395024,0.993216293246657,postsynaptic neurotransmitter receptor endocytosis (GO:0098884),BP,51,intermediate
GO:0051580,asd_d_proband vs sibling,1.3822320581726208,0.12533611727746108,15.243534777853625,1,1,regulation of neurotransmitter uptake (GO:0051580),BP,5,leaf
GO:0097444,asd_d_proband vs sibling,Inf,NA,NA,1,1,spine apparatus (GO:0097444),CC,8,intermediate
GO:0098837,asd_d_proband vs sibling,0.6912215411558669,0.04323510293224604,11.050909713494487,1,1,postsynaptic recycling endosome (GO:0098837),CC,11,intermediate
GO:0098845,asd_d_proband vs sibling,0.9216208991670097,0.206270156097879,4.117828278456137,1,1,postsynaptic endosome (GO:0098845),CC,23,intermediate
GO:0098965,asd_d_proband vs sibling,0.6912011353373757,0.043233826572048405,11.05058347531418,1,1,extracellular matrix of synaptic cleft (GO:0098965),CC,5,leaf
GO:0098966,asd_d_proband vs sibling,1.3823856224938404,0.1253500419695273,15.245228316255744,1,1,perisynaptic extracellular matrix (GO:0098966),CC,6,leaf
GO:0098970,asd_d_proband vs sibling,0.6912092604013473,0.09736615156972246,4.906943881030907,1,1,postsynaptic neurotransmitter receptor diffusion trapping (GO:0098970),BP,8,intermediate
GO:0099012,asd_d_proband vs sibling,1.036783184829792,0.17324104759713183,6.204761442250725,1,1,neuronal dense core vesicle membrane (GO:0099012),CC,6,intermediate
GO:0099091,asd_d_proband vs sibling,1.0368158533297385,0.17324650633261,6.2049569510628,1,1,"postsynaptic specialization, intracellular component (GO:0099091)",CC,11,leaf
GO:0099147,asd_d_proband vs sibling,0.8640179410249416,0.23201678606996579,3.2175560012621687,1,1,extrinsic component of postsynaptic density membrane (GO:0099147),CC,10,leaf
GO:0099183,asd_d_proband vs sibling,1.3823059157932138,0.2531873519000089,7.546860577741396,1,1,"trans-synaptic signaling by BDNF, modulating synaptic transmission (GO:0099183)",BP,6,intermediate
GO:0099544,asd_d_proband vs sibling,1.382454207409448,0.12535626101717215,15.245984684580524,1,1,extrasynaptic space (GO:0099544),CC,7,intermediate
GO:0099562,asd_d_proband vs sibling,0.691199299446722,0.09736474843484946,4.906873167502966,1,1,maintenance of postsynaptic density structure (GO:0099562),BP,6,leaf
GO:0099576,asd_d_proband vs sibling,0.6912337226473352,0.04323586487036016,11.051104465183167,1,1,"regulation of protein catabolic process at postsynapse, modulating synaptic transmission (GO:0099576)",BP,6,leaf
GO:0099699,asd_d_proband vs sibling,1.036829128165845,0.2925896477117405,3.674137651214002,1,1,integral component of synaptic membrane (GO:0099699),CC,19,leaf
GO:0140236,asd_d_proband vs sibling,1.2096134895434143,0.35410154315845904,4.132048623777489,1,1,translation at presynapse (GO:0140236),BP,49,leaf
GO:0150054,asd_d_proband vs sibling,0.6912489537803403,0.09737174291777982,4.9072256671618595,1,1,regulation of postsynaptic neurotransmitter receptor diffusion trapping (GO:0150054),BP,5,leaf
SYNGO:presyn_ribosome,asd_d_proband vs sibling,1.2095961210571184,0.3540964587179722,4.131989292899885,1,1,presynaptic ribosome,CC,50,leaf
GO:0016189,asd_d_proband vs sibling,NA,NA,NA,NA,NA,synaptic vesicle to endosome fusion (GO:0016189),BP,5,leaf
GO:0031629,asd_d_proband vs sibling,NA,NA,NA,NA,NA,synaptic vesicle fusion to presynaptic active zone membrane (GO:0031629),BP,6,intermediate
GO:0031630,asd_d_proband vs sibling,NA,NA,NA,NA,NA,regulation of synaptic vesicle fusion to presynaptic active zone membrane (GO:0031630),BP,5,leaf
GO:0098967,asd_d_proband vs sibling,NA,NA,NA,NA,NA,exocytic insertion of neurotransmitter receptor to postsynaptic membrane (GO:0098967),BP,8,intermediate
GO:0098969,asd_d_proband vs sibling,NA,NA,NA,NA,NA,neurotransmitter receptor transport to postsynaptic membrane (GO:0098969),BP,5,leaf
GO:0099013,asd_d_proband vs sibling,NA,NA,NA,NA,NA,neuronal dense core vesicle lumen (GO:0099013),CC,8,leaf
GO:0099538,asd_d_proband vs sibling,NA,NA,NA,NA,NA,synaptic signaling via neuropeptide (GO:0099538),BP,8,leaf
GO:0045202,asd_da_proband vs sibling,1.8290951283955295,1.5871436296659804,2.1079308300688253,9.609201673171082e-19,1.4679588939014548e-17,synapse (GO:0045202),CC,1412,root
GO:0098794,asd_da_proband vs sibling,1.8391413901275546,1.5509936039434953,2.180822051283933,1.154599715251091e-13,1.2560645387125504e-12,postsynapse (GO:0098794),CC,873,intermediate
SYNGO:synprocess,asd_da_proband vs sibling,1.6977719109366376,1.4567254741056266,1.9787046446312357,1.1961964812043353e-12,1.1606338831144767e-11,process in the synapse,BP,1067,root
GO:0099572,asd_da_proband vs sibling,2.345455057412453,1.811432857485723,3.0369104786899395,1.4050328782623383e-12,1.345084808789812e-11,postsynaptic specialization (GO:0099572),CC,388,intermediate
GO:0014069,asd_da_proband vs sibling,2.3045422384366128,1.7533421545706331,3.0290236933469474,8.145966700384276e-11,6.357395750952076e-10,postsynaptic density (GO:0014069),CC,330,intermediate
GO:0098793,asd_da_proband vs sibling,1.7874437519330297,1.4446583141921745,2.2115645858522504,1.8038398063256798e-8,1.1992194267979983e-7,presynapse (GO:0098793),CC,659,intermediate
GO:0099505,asd_da_proband vs sibling,4.012105701233401,2.2188467038665314,7.254666187537503,5.185286068707861e-8,3.3241387476180753e-7,regulation of presynaptic membrane potential (GO:0099505),BP,46,intermediate
SYNGO:presynprocess,asd_da_proband vs sibling,2.111249708613095,1.5797275862721385,2.8216101123089516,6.251478290074342e-8,3.9721782409498913e-7,process in the presynapse,BP,296,intermediate
GO:0042734,asd_da_proband vs sibling,2.5677356779893312,1.7494213196470978,3.768827118986613,1.2452793373678453e-7,7.7748744715662e-7,presynaptic membrane (GO:0042734),CC,156,intermediate
GO:0050808,asd_da_proband vs sibling,1.8224669224593066,1.4361604859602908,2.312684213169566,2.2613598665142952e-7,1.330865888653495e-6,synapse organization (GO:0050808),BP,403,intermediate
GO:0099056,asd_da_proband vs sibling,2.5627979060614967,1.6969721410681031,3.8703835781176834,1.0435492778067038e-6,5.808282026862119e-6,integral component of presynaptic membrane (GO:0099056),CC,126,leaf
GO:0099173,asd_da_proband vs sibling,4.108365611735088,2.074594034108351,8.1358895871605,1.7623277988176188e-6,9.585995148114017e-6,postsynapse organization (GO:0099173),BP,69,intermediate
GO:0099175,asd_da_proband vs sibling,4.333061133051738,2.1026112969972486,8.929571913542413,2.3338764002102244e-6,1.2383642150890904e-5,regulation of postsynapse organization (GO:0099175),BP,51,leaf
GO:0099092,asd_da_proband vs sibling,5.071264566158266,2.2113623279208476,11.629810264585874,2.5592373927345894e-6,1.3405003663691254e-5,"postsynaptic density, intracellular component (GO:0099092)",CC,46,leaf
GO:0048786,asd_da_proband vs sibling,2.5735724174982377,1.6441938204272297,4.02828115871809,6.3217159285824005e-6,3.219143288455435e-5,presynaptic active zone (GO:0048786),CC,104,intermediate
GO:0098919,asd_da_proband vs sibling,7.70327066433748,2.4160033576373423,24.56138098502998,6.550185253395245e-6,3.3119950788294266e-5,structural constituent of postsynaptic density (GO:0098919),BP,12,leaf
GO:0099524,asd_da_proband vs sibling,9.82153049627478,2.391115215191288,40.34203817382285,9.970233572074599e-6,5.006033359964729e-5,postsynaptic cytosol (GO:0099524),CC,49,leaf
GO:0048787,asd_da_proband vs sibling,3.0812738853503183,1.6908462632233363,5.615086931938172,3.626874529283519e-5,1.764914431222876e-4,presynaptic active zone membrane (GO:0048787),CC,66,intermediate
GO:0098918,asd_da_proband vs sibling,3.350899081373379,1.7415611392503016,6.447390447849883,3.637985178565259e-5,1.764914431222876e-4,structural constituent of synapse (GO:0098918),BP,36,intermediate
GO:0099186,asd_da_proband vs sibling,3.6108609249135544,1.7418941472029703,7.485137165196702,7.138166734950111e-5,3.2853869972398586e-4,structural constituent of postsynapse (GO:0099186),BP,27,intermediate
GO:0099507,asd_da_proband vs sibling,4.698944611256628,1.8881542378618394,11.694002543278117,8.315853802651064e-5,3.7789766014578887e-4,ligand-gated ion channel activity involved in regulation of presynaptic membrane potential (GO:0099507),BP,22,leaf
GO:0099059,asd_da_proband vs sibling,3.0462751736159763,1.6269724166872441,5.7037183533105456,1.0399665937235443e-4,4.643969823862555e-4,integral component of presynaptic active zone membrane (GO:0099059),CC,49,leaf
GO:0099536,asd_da_proband vs sibling,1.9841591381009067,1.3666492345038121,2.8806861233407077,1.5443544712682387e-4,6.64379168453781e-4,synaptic signaling (GO:0099536),BP,216,intermediate
GO:0050804,asd_da_proband vs sibling,2.5276084332447244,1.4937251470713706,4.277095022692679,2.2124265664504863e-4,9.289603945680991e-4,modulation of chemical synaptic transmission (GO:0050804),BP,93,leaf
GO:0099061,asd_da_proband vs sibling,2.223427061445555,1.4140185469555733,3.496154918344037,2.283817276664546e-4,9.478501760954589e-4,integral component of postsynaptic density membrane (GO:0099061),CC,110,leaf
GO:0099537,asd_da_proband vs sibling,1.9491458602857714,1.3418026618284549,2.8313921955498937,2.589496881525207e-4,0.0010624335776771995,trans-synaptic signaling (GO:0099537),BP,208,intermediate
GO:0007268,asd_da_proband vs sibling,1.9922114846729038,1.3386482450570771,2.9648614670192095,3.1743630517908636e-4,0.0012876794752462375,chemical synaptic transmission (GO:0007268),BP,175,intermediate
GO:0098839,asd_da_proband vs sibling,2.0083388842266787,1.3403741719091486,3.0091784506350874,3.5531969992404054e-4,0.00142524885220928,postsynaptic density membrane (GO:0098839),CC,138,intermediate
GO:0099508,asd_da_proband vs sibling,3.659039639058975,1.5777329947446763,8.48595492697514,6.15662158105074e-4,0.0023765883307496944,voltage-gated ion channel activity involved in regulation of presynaptic membrane potential (GO:0099508),BP,17,leaf
SYNGO:postsynprocess,asd_da_proband vs sibling,1.5727392868465426,1.1858980838143844,2.085768497436684,0.001350994862224592,0.004802051044936916,process in the postsynapse,BP,258,intermediate
GO:0099560,asd_da_proband vs sibling,4.236775925004927,1.522334141475143,11.79128139457447,0.0017980909289522394,0.006206871572056288,synapse adhesion between pre- and post-synapse (GO:0099560),BP,43,intermediate
GO:1904315,asd_da_proband vs sibling,2.792412525012168,1.3333671582607463,5.848027425556242,0.0035455215478466186,0.011624130006182065,transmitter-gated ion channel activity involved in regulation of postsynaptic membrane potential (GO:1904315),BP,38,leaf
GO:0099563,asd_da_proband vs sibling,2.5035311177792567,1.2865130804876936,4.871826142112054,0.00424331401918488,0.01366232944293607,modification of synaptic structure (GO:0099563),BP,56,intermediate
GO:0060078,asd_da_proband vs sibling,2.281337854115449,1.2675255675584405,4.106033470113907,0.004400780982418263,0.014106074756144253,regulation of postsynaptic membrane potential (GO:0060078),BP,56,intermediate
GO:0099010,asd_da_proband vs sibling,2.465017294990883,1.2658439012202096,4.800205032189919,0.0059299941500643785,0.018511894781505323,modification of postsynaptic structure (GO:0099010),BP,53,intermediate
GO:0099504,asd_da_proband vs sibling,1.6048361100612059,1.1154609397944004,2.308910019414121,0.00881049605572231,0.026579563731128648,synaptic vesicle cycle (GO:0099504),BP,208,intermediate
GO:0098885,asd_da_proband vs sibling,5.0071091471026055,1.1884362462130564,21.095908249927245,0.010947764813860675,0.032752063068133185,modification of postsynaptic actin cytoskeleton (GO:0098885),BP,27,intermediate
GO:0099634,asd_da_proband vs sibling,3.081272410731786,1.2161012970693146,7.80711252591956,0.011628698208241514,0.03421887423572707,postsynaptic specialization membrane (GO:0099634),CC,42,intermediate
GO:0099054,asd_da_proband vs sibling,7.703237804686928,1.033835103842077,57.397811754535226,0.014179416007031449,0.04040008211527214,presynapse assembly (GO:0099054),BP,14,leaf
GO:0008021,asd_da_proband vs sibling,2.0083321631841065,1.1336634936671026,3.557844192929572,0.0160423612408976,0.045348092011671164,synaptic vesicle (GO:0008021),CC,147,intermediate
GO:0099060,asd_da_proband vs sibling,3.0042307644007984,1.1841267642169977,7.621990109935774,0.01705005206204117,0.04782006789275609,integral component of postsynaptic specialization membrane (GO:0099060),CC,38,leaf
GO:0098831,asd_da_proband vs sibling,3.851600217177572,1.175474119783499,12.62028996069656,0.01784679200378094,0.04985990917787827,presynaptic active zone cytoplasmic component (GO:0098831),CC,20,leaf
GO:0098698,asd_da_proband vs sibling,2.365970594765276,1.0643525212561544,5.259363550609511,0.027266314502910956,0.07277774651706344,postsynaptic specialization assembly (GO:0098698),BP,38,intermediate
GO:0045211,asd_da_proband vs sibling,1.4912624311171965,1.0487229862028014,2.1205443837115645,0.028431419711560314,0.075327525287455,postsynaptic membrane (GO:0045211),CC,147,intermediate
GO:0098693,asd_da_proband vs sibling,6.547716562419672,0.8713862634173052,49.20044529236892,0.03461094036535911,0.0881228907174746,regulation of synaptic vesicle cycle (GO:0098693),BP,18,leaf
GO:0030672,asd_da_proband vs sibling,2.0798662538837602,1.0592448242703267,4.083894048785533,0.03520676725787342,0.08932317629382724,synaptic vesicle membrane (GO:0030672),CC,115,intermediate
GO:0099055,asd_da_proband vs sibling,1.5406409682236648,1.0326440686654395,2.298540867074067,0.035684461721691235,0.09021635040906446,integral component of postsynaptic membrane (GO:0099055),CC,116,leaf
GO:1905274,asd_da_proband vs sibling,4.236727715312392,0.9962688493916735,18.017086195815956,0.03791458843392439,0.0945231753317976,regulation of modification of postsynaptic actin cytoskeleton (GO:1905274),BP,14,leaf
GO:0007416,asd_da_proband vs sibling,1.5702677428372618,1.0225578921503828,2.411345903369747,0.04091604562762538,0.10095436687503445,synapse assembly (GO:0007416),BP,154,intermediate
GO:0099550,asd_da_proband vs sibling,Inf,NA,NA,0.04181276188035748,0.102813572020879,"trans-synaptic signaling, modulating synaptic transmission (GO:0099550)",BP,7,leaf
GO:0097107,asd_da_proband vs sibling,2.5420480802971417,0.9924142892006356,6.511402055433288,0.04607675999282661,0.11158477395447566,postsynaptic density assembly (GO:0097107),BP,26,intermediate
GO:0099150,asd_da_proband vs sibling,6.162448279718194,0.8172497934822859,46.467761880229666,0.054637273230508696,0.12820118359315438,regulation of postsynaptic specialization assembly (GO:0099150),BP,8,leaf
GO:0051963,asd_da_proband vs sibling,1.709144834814611,0.9936150302315364,2.9399475425535373,0.055047334830959645,0.1287426267382053,regulation of synapse assembly (GO:0051963),BP,107,intermediate
GO:0099553,asd_da_proband vs sibling,Inf,NA,NA,0.07053859142859084,0.15926637938908247,"trans-synaptic signaling by endocannabinoid, modulating synaptic transmission (GO:0099553)",BP,5,intermediate
GO:0099151,asd_da_proband vs sibling,2.6961203457167575,0.9456989582267559,7.6864469981206245,0.07312112092699799,0.16309603070610534,regulation of postsynaptic density assembly (GO:0099151),BP,20,leaf
GO:0030285,asd_da_proband vs sibling,3.6590584009492964,0.8523009513272671,15.708897614988839,0.08492921578319855,0.18478538464344413,integral component of synaptic vesicle membrane (GO:0030285),CC,53,leaf
GO:0099149,asd_da_proband vs sibling,0.5777428229013456,0.3069095781952626,1.0875736475114282,0.11021090511916509,0.22738916630908199,regulation of postsynaptic neurotransmitter receptor endocytosis (GO:0099149),BP,40,leaf
GO:0099566,asd_da_proband vs sibling,3.2738223677873033,0.7563862974183984,14.169892993045334,0.12357573887398032,0.24784184500423986,regulation of postsynaptic cytosolic calcium levels (GO:0099566),BP,12,intermediate
GO:0048488,asd_da_proband vs sibling,1.5663186851131419,0.8903536846294434,2.7554827544242984,0.1255310193464251,0.24967111327072916,synaptic vesicle endocytosis (GO:0048488),BP,69,intermediate
GO:0099541,asd_da_proband vs sibling,4.621966564803163,0.6009912428635517,35.545567726364496,0.12943412014987496,0.25601569770691524,trans-synaptic signaling by lipid (GO:0099541),BP,11,intermediate
GO:0099542,asd_da_proband vs sibling,4.621966564803163,0.6009912428635517,35.545567726364496,0.12943412014987496,0.25601569770691524,trans-synaptic signaling by endocannabinoid (GO:0099542),BP,11,intermediate
GO:0098830,asd_da_proband vs sibling,0.25677380870443023,0.04290556045501827,1.5366956668868725,0.13529500743723918,0.266873119065763,presynaptic endosome (GO:0098830),CC,13,intermediate
GO:1905606,asd_da_proband vs sibling,2.3109896483242234,0.8018564491733153,6.66038560912961,0.13964726396021043,0.27395282929899206,regulation of presynapse assembly (GO:1905606),BP,27,leaf
GO:0098883,asd_da_proband vs sibling,0.4401746920242243,0.15961967318410794,1.2138463613764074,0.14464334787742378,0.28011172778737253,synapse disassembly (GO:0098883),BP,11,intermediate
GO:1905806,asd_da_proband vs sibling,0.4401746920242243,0.15961967318410794,1.2138463613764074,0.14464334787742378,0.28011172778737253,regulation of synapse disassembly (GO:1905806),BP,11,leaf
GO:0099558,asd_da_proband vs sibling,2.002846528997382,0.769102947261952,5.215679166225589,0.16527802597130914,0.30951041599065,maintenance of synapse structure (GO:0099558),BP,20,intermediate
GO:0098833,asd_da_proband vs sibling,1.925816564596092,0.8015784174288942,4.626832958363289,0.19115806347991338,0.35374095252210774,presynaptic endocytic zone (GO:0098833),CC,21,intermediate
GO:0098880,asd_da_proband vs sibling,2.21464824550156,0.765910368806794,6.403708646671125,0.19526192677883317,0.35811475934767856,maintenance of postsynaptic specialization structure (GO:0098880),BP,12,intermediate
GO:0098967,asd_da_proband vs sibling,Inf,NA,NA,0.1959756551190105,0.35811475934767856,exocytic insertion of neurotransmitter receptor to postsynaptic membrane (GO:0098967),BP,8,intermediate
GO:0098993,asd_da_proband vs sibling,Inf,NA,NA,0.19598152652563283,0.35811475934767856,anchored component of synaptic vesicle membrane (GO:0098993),CC,20,leaf
GO:0098884,asd_da_proband vs sibling,0.67969758579723,0.3748983298927693,1.2323042577189496,0.19651422727435286,0.35811475934767856,postsynaptic neurotransmitter receptor endocytosis (GO:0098884),BP,51,intermediate
GO:0060074,asd_da_proband vs sibling,0.632762385775308,0.32561253784405897,1.229646252269966,0.19816077711055063,0.36020110877310213,synapse maturation (GO:0060074),BP,34,intermediate
GO:0099547,asd_da_proband vs sibling,Inf,NA,NA,0.20159866361122447,0.3655248496789373,"regulation of translation at synapse, modulating synaptic transmission (GO:0099547)",BP,7,intermediate
GO:0016079,asd_da_proband vs sibling,1.5406448437857014,0.8389887570235567,2.8291041027821824,0.21182338277449952,0.3783313155027131,synaptic vesicle exocytosis (GO:0016079),BP,78,intermediate
GO:0050807,asd_da_proband vs sibling,2.3109760077580823,0.6807348944259237,7.845359701939942,0.22462506180073846,0.3952960646395348,regulation of synapse organization (GO:0050807),BP,25,leaf
GO:0150052,asd_da_proband vs sibling,1.6369345082589921,0.7577909671915332,3.536007553982688,0.2318714593954894,0.40705063043022344,regulation of postsynapse assembly (GO:0150052),BP,60,leaf
GO:0090128,asd_da_proband vs sibling,0.6419326443451896,0.3138156543191432,1.3131197064405669,0.23736033433561962,0.4146586862602796,regulation of synapse maturation (GO:0090128),BP,27,leaf
GO:0099072,asd_da_proband vs sibling,1.2491705355226606,0.8640896612926253,1.8058623968300547,0.2481927144636632,0.43148273361963724,regulation of postsynaptic membrane neurotransmitter receptor levels (GO:0099072),BP,156,intermediate
GO:0099525,asd_da_proband vs sibling,1.9257895120706001,0.6582434268621347,5.634185004293068,0.2627106672413167,0.45125899301259664,presynaptic dense core vesicle exocytosis (GO:0099525),BP,24,intermediate
GO:0099181,asd_da_proband vs sibling,2.696101819970487,0.6127571734417127,11.862717139352458,0.26372913733358894,0.45192725681507606,structural constituent of presynapse (GO:0099181),BP,10,intermediate
GO:1905030,asd_da_proband vs sibling,0.4814800173933668,0.12929297053716554,1.7930054989530833,0.275167529932488,0.4704054440274437,voltage-gated ion channel activity involved in regulation of postsynaptic membrane potential (GO:1905030),BP,5,leaf
GO:0099523,asd_da_proband vs sibling,1.7717309977757327,0.6735735279354932,4.660264393258655,0.2954296401656019,0.49578644177024916,presynaptic cytosol (GO:0099523),CC,50,leaf
GO:0098926,asd_da_proband vs sibling,1.7717198186143321,0.6735692778618684,4.660234988203436,0.29543005937531164,0.49578644177024916,postsynaptic signaling pathway (GO:0098926),BP,18,intermediate
GO:0099012,asd_da_proband vs sibling,0.3851474644600042,0.05425321758497953,2.734189343657269,0.3098388406982902,0.5103022358937371,neuronal dense core vesicle membrane (GO:0099012),CC,6,intermediate
GO:0099502,asd_da_proband vs sibling,3.8516170610129814,0.49305502770017806,30.087826208532782,0.31005575225540616,0.5103022358937371,calcium-dependent activation of synaptic vesicle fusion (GO:0099502),BP,13,intermediate
GO:0016082,asd_da_proband vs sibling,2.054171262644832,0.5985504418368417,7.049730952209514,0.31200930579018193,0.5103022358937371,synaptic vesicle priming (GO:0016082),BP,18,intermediate
GO:0099532,asd_da_proband vs sibling,Inf,NA,NA,0.33140405266417744,0.5381718742627141,synaptic vesicle endosomal processing (GO:0099532),BP,12,intermediate
GO:0099645,asd_da_proband vs sibling,1.4030808249229494,0.7767050086882032,2.5345990810479555,0.3320475491620924,0.5381718742627141,neurotransmitter receptor localization to postsynaptic specialization membrane (GO:0099645),BP,54,intermediate
GO:0098843,asd_da_proband vs sibling,1.694716537702592,0.6417755127105713,4.4751849926968275,0.3903512435082788,0.6173396318038419,postsynaptic endocytic zone (GO:0098843),CC,20,intermediate
SYNGO:metabolism,asd_da_proband vs sibling,1.3352290456089535,0.7517671989727985,2.371527524310496,0.4129526124224294,0.640180910484716,metabolism,BP,102,intermediate
GO:0099544,asd_da_proband vs sibling,2.696178246188479,0.3317232213059583,21.913983309945063,0.4573814885498207,0.6839339865036969,extrasynaptic space (GO:0099544),CC,7,intermediate
SYNGO:postsyn_er,asd_da_proband vs sibling,2.696142108146177,0.33171877507625486,21.913689587355698,0.45738302035897405,0.6839339865036969,postsynaptic ER,CC,9,intermediate
GO:0098961,asd_da_proband vs sibling,2.6961419232067767,0.331718752322309,21.91368808420621,0.4573830281985156,0.6839339865036969,dendritic transport of ribonucleoprotein complex (GO:0098961),BP,6,intermediate
GO:0098963,asd_da_proband vs sibling,2.6961419232067767,0.331718752322309,21.91368808420621,0.4573830281985156,0.6839339865036969,dendritic transport of messenger ribonucleoprotein complex (GO:0098963),BP,6,intermediate
GO:0098971,asd_da_proband vs sibling,2.6961204747182608,0.3317161134160302,21.913513755294527,0.4573839374218217,0.6839339865036969,anterograde dendritic transport of neurotransmitter receptor complex (GO:0098971),BP,5,leaf
GO:0098966,asd_da_proband vs sibling,2.6960185210111183,0.3317035695821034,21.912685096492066,0.45738826006025346,0.6839339865036969,perisynaptic extracellular matrix (GO:0098966),CC,6,leaf
GO:0098810,asd_da_proband vs sibling,3.081276923515819,0.38538531002789533,24.63577939362527,0.4598140683617924,0.6839339865036969,neurotransmitter reuptake (GO:0098810),BP,10,intermediate
GO:0016081,asd_da_proband vs sibling,3.081323171210812,0.3853910943772788,24.63614915851158,0.45981430543256013,0.6839339865036969,synaptic vesicle docking (GO:0016081),BP,7,intermediate
GO:0098696,asd_da_proband vs sibling,1.3961956743106188,0.6382876803995801,3.0540497973317398,0.46718708239114765,0.6902756613295293,regulation of neurotransmitter receptor localization to postsynaptic specialization membrane (GO:0098696),BP,28,leaf
GO:0099159,asd_da_proband vs sibling,1.4443459635128149,0.6621686166221157,3.150459278722161,0.46887770068414986,0.6902756613295293,regulation of modification of postsynaptic structure (GO:0099159),BP,19,leaf
GO:0051580,asd_da_proband vs sibling,0.38513037350246654,0.024089456634799455,6.157274812910456,0.47878285310955115,0.6987514153612343,regulation of neurotransmitter uptake (GO:0051580),BP,5,leaf
GO:0098944,asd_da_proband vs sibling,0.3851392251815981,0.024090010297027252,6.157416329198753,0.47878951472466746,0.6987514153612343,postsynaptic recycling endosome membrane (GO:0098944),CC,7,intermediate
GO:0098837,asd_da_proband vs sibling,0.38516666158397117,0.024091726412064272,6.157854968893027,0.478810162058116,0.6987514153612343,postsynaptic recycling endosome (GO:0098837),CC,11,intermediate
GO:0099637,asd_da_proband vs sibling,0.6740234878327137,0.19731324032828138,2.302469217951713,0.5116942063261869,0.7304136222195671,neurotransmitter receptor transport (GO:0099637),BP,18,intermediate
GO:0099147,asd_da_proband vs sibling,0.6740294172281608,0.1973149760960253,2.3024894728104,0.5116964512206716,0.7304136222195671,extrinsic component of postsynaptic density membrane (GO:0099147),CC,10,leaf
GO:0099031,asd_da_proband vs sibling,1.9258539007385644,0.4219737713513188,8.78944024201459,0.5296706809133922,0.7515880412960783,anchored component of postsynaptic density membrane (GO:0099031),CC,11,leaf
GO:0098835,asd_da_proband vs sibling,1.4764335310617556,0.6011872661327466,3.625918402540075,0.5343540462871446,0.754364414040227,presynaptic endocytic zone membrane (GO:0098835),CC,17,intermediate
GO:0098888,asd_da_proband vs sibling,2.11833450952717,0.4695379614903925,9.556929284290755,0.5358165429657993,0.754364414040227,extrinsic component of presynaptic membrane (GO:0098888),CC,8,leaf
GO:0097091,asd_da_proband vs sibling,2.1183756018112505,0.46954706977202293,9.557114673355285,0.5358176615280357,0.754364414040227,synaptic vesicle clustering (GO:0097091),BP,9,leaf
GO:0097444,asd_da_proband vs sibling,Inf,NA,NA,0.5652265030935186,0.7804511285863024,spine apparatus (GO:0097444),CC,8,intermediate
GO:0099025,asd_da_proband vs sibling,Inf,NA,NA,0.5652292296168206,0.7804511285863024,anchored component of postsynaptic membrane (GO:0099025),CC,6,leaf
GO:0097060,asd_da_proband vs sibling,0.7703197362832933,0.2632987145336898,2.253685503776496,0.5773509500517604,0.7867679620568129,synaptic membrane (GO:0097060),CC,26,intermediate
GO:0098894,asd_da_proband vs sibling,0.7703402234836314,0.2633057171499533,2.2537454421426575,0.5773580865377187,0.7867679620568129,extrinsic component of presynaptic endocytic zone membrane (GO:0098894),CC,11,leaf
GO:0140252,asd_da_proband vs sibling,1.4443635716920482,0.4793786208451783,4.3518547480338565,0.6165836116008437,0.822875526262836,regulation protein catabolic process at postsynapse (GO:0140252),BP,15,leaf
GO:0099183,asd_da_proband vs sibling,0.5777112310052962,0.09653252515318983,3.4573866777028597,0.6223235421091308,0.8289949967242224,"trans-synaptic signaling by BDNF, modulating synaptic transmission (GO:0099183)",BP,6,intermediate
GO:0140249,asd_da_proband vs sibling,1.3865721768602681,0.5148003055595743,3.7346178331289575,0.64501508945286945,0.8526566379917486,protein catabolic process at postsynapse (GO:0140249),BP,20,intermediate
GO:0098935,asd_da_proband vs sibling,1.4636174336323071,0.5465031406833868,3.9197871568563905,0.6485828235489567,0.8526566379917486,dendritic transport (GO:0098935),BP,18,intermediate
GO:0008088,asd_da_proband vs sibling,1.3480720564963085,0.5441058028939613,3.339972225696613,0.6686281852032426,0.8634443111077845,axo-dendritic transport (GO:0008088),BP,27,intermediate
GO:0099179,asd_da_proband vs sibling,0.7703062945432783,0.1410916416106091,4.205577174093766,0.6728115663905195,0.8649137171094746,regulation of synaptic membrane adhesion (GO:0099179),BP,7,leaf
GO:0099161,asd_da_proband vs sibling,0.7703272470671253,0.14109547933854458,4.205691566844616,0.6728175144450222,0.8649137171094746,regulation of presynaptic dense core vesicle exocytosis (GO:0099161),BP,11,leaf
GO:0150047,asd_da_proband vs sibling,2.3110367892976584,0.27823009995622294,19.19594983550512,0.6815781717698768,0.8707716092685418,G protein-coupled neurotransmitter receptor activity involved in regulation of presynaptic membrane potential (GO:0150047),BP,5,leaf
GO:0099545,asd_da_proband vs sibling,2.3109980796179994,0.27822543962450913,19.195628304895,0.6815784572919754,0.8707716092685418,trans-synaptic signaling by trans-synaptic complex (GO:0099545),BP,8,intermediate
GO:0150037,asd_da_proband vs sibling,2.3109391867578264,0.2782183494014333,19.195139128610663,0.6815788919344297,0.8707716092685418,regulation of calcium-dependent activation of synaptic vesicle fusion (GO:0150037),BP,7,leaf
GO:0099639,asd_da_proband vs sibling,0.6419485368089246,0.15341594458587712,2.6861479425982386,0.6934943076831721,0.8838449181672128,"neurotransmitter receptor transport, endosome to plasma membrane (GO:0099639)",BP,10,intermediate
GO:0098877,asd_da_proband vs sibling,0.7703190277250284,0.1926549810954824,3.080072994225569,0.7154977817256902,0.8918901349185794,neurotransmitter receptor transport to plasma membrane (GO:0098877),BP,14,intermediate
GO:0098845,asd_da_proband vs sibling,0.7703288607625512,0.19265744031509133,3.0801123110180093,0.7154996068427601,0.8918901349185794,postsynaptic endosome (GO:0098845),CC,23,intermediate
GO:0099170,asd_da_proband vs sibling,1.1982812430784595,0.5654536832392296,2.5393378451231583,0.7169177218800253,0.8921090542631858,postsynaptic modulation of chemical synaptic transmission (GO:0099170),BP,34,leaf
GO:0099091,asd_da_proband vs sibling,1.7332186532856584,0.37448851135032174,8.021733134790786,0.7382370723362965,0.9076276978181603,"postsynaptic specialization, intracellular component (GO:0099091)",CC,11,leaf
GO:0098882,asd_da_proband vs sibling,1.733237698800975,0.3744926264264348,8.021821281800394,0.7382372411492727,0.9076276978181603,structural constituent of active zone (GO:0098882),BP,8,leaf
GO:0099140,asd_da_proband vs sibling,1.733274819582602,0.37450064694146057,8.021993085284853,0.7382375703702029,0.9076276978181603,presynaptic actin cytoskeleton organization (GO:0099140),BP,8,leaf
SYNGO:transport,asd_da_proband vs sibling,1.1875740983977527,0.6192799994778051,2.2773741124765348,0.7499248431984312,0.9187433276543766,transport,BP,52,intermediate
SYNGO:presyn_ribosome,asd_da_proband vs sibling,0.8665932330202012,0.2668743441780462,2.8139978529198117,0.7635194151180902,0.9204128794436476,presynaptic ribosome,CC,50,leaf
GO:0098962,asd_da_proband vs sibling,0.8666040275985862,0.26687766845513194,2.8140329050287383,0.7635212260121268,0.9204128794436476,regulation of postsynaptic neurotransmitter receptor activity (GO:0098962),BP,22,leaf
GO:0140236,asd_da_proband vs sibling,0.8666137888956682,0.26688067452494396,2.8140646018710207,0.7635228636143969,0.9204128794436476,translation at presynapse (GO:0140236),BP,49,leaf
GO:0099699,asd_da_proband vs sibling,0.8666197577633122,0.26688251268566027,2.8140839839525955,0.7635238650043167,0.9204128794436476,integral component of synaptic membrane (GO:0099699),CC,19,leaf
GO:0098973,asd_da_proband vs sibling,0.8666346913440921,0.2668871116017665,2.8141324762124587,0.763526370473093,0.9204128794436476,structural constituent of postsynaptic actin cytoskeleton (GO:0098973),BP,6,leaf
GO:0043083,asd_da_proband vs sibling,1.412244648037167,0.3939936483119317,5.062099235494762,0.7698561788457849,0.9227992260622264,synaptic cleft (GO:0043083),CC,22,intermediate
SYNGO:postsyn_ribosome,asd_da_proband vs sibling,1.2517746302853572,0.408162445348213,3.8390100384890857,0.7938147352879763,0.9375285099517693,postsynaptic ribosome,CC,68,leaf
GO:1900242,asd_da_proband vs sibling,1.3480566730418344,0.443733519570447,4.095378675678595,0.7938960084271249,0.9375285099517693,regulation of synaptic vesicle endocytosis (GO:1900242),BP,22,leaf
GO:0140241,asd_da_proband vs sibling,0.8345060356513799,0.3171907862412768,2.195525071175469,0.7980643037033878,0.939360934523004,translation at synapse (GO:0140241),BP,54,intermediate
GO:0140242,asd_da_proband vs sibling,0.8345060356513799,0.3171907862412768,2.195525071175469,0.7980643037033878,0.939360934523004,translation at postsynapse (GO:0140242),BP,54,intermediate
GO:0099626,asd_da_proband vs sibling,1.3095405316134416,0.4831396686156321,3.5494837524979195,0.8122140965677362,0.9421163151861415,voltage-gated calcium channel activity involved in regulation of presynaptic cytosolic calcium levels (GO:0099626),BP,9,leaf
GO:0098850,asd_da_proband vs sibling,1.309554390798018,0.4831447817997466,3.5495213175440474,0.8122143298254934,0.9421163151861415,extrinsic component of synaptic vesicle membrane (GO:0098850),CC,25,leaf
GO:0098890,asd_da_proband vs sibling,1.3095635141936097,0.4831481477698838,3.549546046327647,0.8122144834264924,0.9421163151861415,extrinsic component of postsynaptic membrane (GO:0098890),CC,12,leaf
GO:2000300,asd_da_proband vs sibling,1.2196791642115157,0.48711775638962007,3.0539171362536703,0.8246668940204437,0.9473773278506857,regulation of synaptic vesicle exocytosis (GO:2000300),BP,35,leaf
GO:0099188,asd_da_proband vs sibling,1.1554860511935579,0.49121305128667836,2.7180629891767096,0.8357039108398266,0.9560411309991158,postsynaptic cytoskeleton organization (GO:0099188),BP,26,intermediate
GO:0099171,asd_da_proband vs sibling,1.2104957916673396,0.5171127796913284,2.833617963414086,0.8362031062220678,0.9560411309991158,presynaptic modulation of chemical synaptic transmission (GO:0099171),BP,49,leaf
GO:0099531,asd_da_proband vs sibling,1.2104957916673396,0.5171127796913284,2.833617963414086,0.8362031062220678,0.9560411309991158,presynaptic process involved in chemical synaptic transmission (GO:0099531),BP,49,intermediate
GO:0099571,asd_da_proband vs sibling,1.1169685921733472,0.5443638283872448,2.291884160631975,0.8594457292881301,0.9787224001218782,postsynaptic cytoskeleton (GO:0099571),CC,27,intermediate
GO:0099565,asd_da_proband vs sibling,1.1554867963704651,0.5648721065276439,2.363631910936181,0.8600394929667653,0.9787224001218782,postsynaptic process involved in chemical synaptic transmission (GO:0099565),BP,39,intermediate
GO:0001504,asd_da_proband vs sibling,1.1554995196926032,0.12019513485805397,11.108429152200163,1,1,neurotransmitter uptake (GO:0001504),BP,6,leaf
GO:0008089,asd_da_proband vs sibling,0.7702934834253135,0.06984760178713927,8.494952373823018,1,1,anterograde axonal transport (GO:0008089),BP,6,intermediate
GO:0010807,asd_da_proband vs sibling,Inf,NA,NA,1,1,regulation of synaptic vesicle priming (GO:0010807),BP,6,leaf
GO:0016189,asd_da_proband vs sibling,Inf,NA,NA,1,1,synaptic vesicle to endosome fusion (GO:0016189),BP,5,leaf
GO:0031629,asd_da_proband vs sibling,Inf,NA,NA,1,1,synaptic vesicle fusion to presynaptic active zone membrane (GO:0031629),BP,6,intermediate
GO:0097401,asd_da_proband vs sibling,1.0270969807746186,0.2724866838840275,3.871485361704219,1,1,synaptic vesicle proton loading (GO:0097401),BP,17,intermediate
GO:0098700,asd_da_proband vs sibling,0.962882622318631,0.18681297777252873,4.96294719680627,1,1,synaptic vesicle neurotransmitter loading (GO:0098700),BP,9,intermediate
GO:0098871,asd_da_proband vs sibling,1.001417762219025,0.48292492135681303,2.0765909774757825,1,1,postsynaptic actin cytoskeleton (GO:0098871),CC,21,leaf
GO:0098887,asd_da_proband vs sibling,0.9629067769305122,0.1868176641121384,4.963071695951386,1,1,"neurotransmitter receptor transport, endosome to postsynaptic membrane (GO:0098887)",BP,9,intermediate
GO:0098921,asd_da_proband vs sibling,1.1555418211784094,0.12019953506134662,11.108835818797687,1,1,retrograde trans-synaptic signaling by endocannabinoid (GO:0098921),BP,6,intermediate
GO:0098930,asd_da_proband vs sibling,1.155491527079162,0.12019430346588626,11.10835231497207,1,1,axonal transport (GO:0098930),BP,10,intermediate
GO:0098937,asd_da_proband vs sibling,1.1554736061740833,0.31281843150517186,4.268032571293251,1,1,anterograde dendritic transport (GO:0098937),BP,8,intermediate
GO:0098965,asd_da_proband vs sibling,1.9257728253055353,0.22498858360547253,16.483507364037898,1,1,extracellular matrix of synaptic cleft (GO:0098965),CC,5,leaf
GO:0098969,asd_da_proband vs sibling,Inf,NA,NA,1,1,neurotransmitter receptor transport to postsynaptic membrane (GO:0098969),BP,5,leaf
GO:0098970,asd_da_proband vs sibling,1.3480398635967115,0.28004201279241664,6.489067321455308,1,1,postsynaptic neurotransmitter receptor diffusion trapping (GO:0098970),BP,8,intermediate
GO:0098974,asd_da_proband vs sibling,1.0912880827694573,0.43026843028889156,2.767829558852448,1,1,postsynaptic actin cytoskeleton organization (GO:0098974),BP,21,leaf
GO:0098992,asd_da_proband vs sibling,1.0271019107227286,0.27248799178896477,3.871503944391442,1,1,neuronal dense core vesicle (GO:0098992),CC,40,intermediate
GO:0099013,asd_da_proband vs sibling,Inf,NA,NA,1,1,neuronal dense core vesicle lumen (GO:0099013),CC,8,leaf
GO:0099026,asd_da_proband vs sibling,0.7703078796312403,0.06984890718628967,8.495111138094487,1,1,anchored component of presynaptic membrane (GO:0099026),CC,9,leaf
GO:0099029,asd_da_proband vs sibling,1.925765089806511,0.22498767986493468,16.483441152616987,1,1,anchored component of presynaptic active zone membrane (GO:0099029),CC,8,leaf
GO:0099187,asd_da_proband vs sibling,1.2838765649148811,0.35334082498414005,4.665011562169816,1,1,presynaptic cytoskeleton organization (GO:0099187),BP,9,intermediate
GO:0099509,asd_da_proband vs sibling,1.0591981525129155,0.4715730131391479,2.379060495465062,1,1,regulation of presynaptic cytosolic calcium levels (GO:0099509),BP,27,intermediate
GO:0099527,asd_da_proband vs sibling,1.3480361636443823,0.2800412441637392,6.48904951097329,1,1,postsynapse to nucleus signaling pathway (GO:0099527),BP,16,intermediate
GO:0099538,asd_da_proband vs sibling,Inf,NA,NA,1,1,synaptic signaling via neuropeptide (GO:0099538),BP,8,leaf
GO:0099562,asd_da_proband vs sibling,1.1554584571707402,0.23321215708407658,5.72476264934194,1,1,maintenance of postsynaptic density structure (GO:0099562),BP,6,leaf
GO:0099569,asd_da_proband vs sibling,1.5407427747648794,0.17220980826937832,13.784861163522331,1,1,presynaptic cytoskeleton (GO:0099569),CC,6,intermediate
GO:0099574,asd_da_proband vs sibling,0.9629243183082916,0.18682106738990173,4.963162108769793,1,1,"regulation of protein catabolic process at synapse, modulating synaptic transmission (GO:0099574)",BP,8,intermediate
GO:0099576,asd_da_proband vs sibling,1.1555206463195693,0.12019733245115898,11.108632253659644,1,1,"regulation of protein catabolic process at postsynapse, modulating synaptic transmission (GO:0099576)",BP,6,leaf
GO:0140238,asd_da_proband vs sibling,0.7703500506887708,0.06985273111482693,8.49557620904859,1,1,presynaptic endocytosis (GO:0140238),BP,6,leaf
GO:0140246,asd_da_proband vs sibling,1.0454285136331516,0.43948411659957237,2.486826567416121,1,1,protein catabolic process at synapse (GO:0140246),BP,24,intermediate
GO:0150054,asd_da_proband vs sibling,0.9629236190278786,0.18682093171951653,4.963158504496867,1,1,regulation of postsynaptic neurotransmitter receptor diffusion trapping (GO:0150054),BP,5,leaf
GO:0031630,asd_da_proband vs sibling,NA,NA,NA,NA,NA,regulation of synaptic vesicle fusion to presynaptic active zone membrane (GO:0031630),BP,5,leaf
GO:0045202,proband vs sibling,2.4519567528667325,2.141662367384665,2.807208087272206,1.7138261952908427e-48,1.230527208218825e-46,synapse (GO:0045202),CC,1412,root
SYNGO:synprocess,proband vs sibling,2.2986355402237804,1.9873911120196137,2.658623818343677,8.472965834067411e-36,4.0557263125736005e-34,process in the synapse,BP,1067,root
GO:0098794,proband vs sibling,2.4780094660422725,2.106352544689954,2.9152436657743674,5.408300658360394e-35,2.4269749204392266e-33,postsynapse (GO:0098794),CC,873,intermediate
GO:0099572,proband vs sibling,3.163700930166228,2.4672667459444786,4.0567172528008,1.3563105607252446e-26,4.05762909416969e-25,postsynaptic specialization (GO:0099572),CC,388,intermediate
SYNGO:presynprocess,proband vs sibling,3.3069874387519116,2.508101169425548,4.360336837037453,1.3064869928634478e-23,3.025992454438566e-22,process in the presynapse,BP,296,intermediate
GO:0014069,proband vs sibling,3.099956319896397,2.38323107638725,4.032227206366007,5.904300974903995e-23,1.324777531244084e-21,postsynaptic density (GO:0014069),CC,330,intermediate
GO:0098793,proband vs sibling,2.4685689214380155,2.015916004237875,3.022860331025272,8.206233824309609e-23,1.7854775411679693e-21,presynapse (GO:0098793),CC,659,intermediate
GO:0042734,proband vs sibling,4.048082669607993,2.800042668691255,5.852401280599013,7.101891616755733e-20,1.24369711727576e-18,presynaptic membrane (GO:0042734),CC,156,intermediate
GO:0099505,proband vs sibling,6.698735102112515,3.7651026425161,11.918148382347187,1.6426079570673018e-18,2.457067735779839e-17,regulation of presynaptic membrane potential (GO:0099505),BP,46,intermediate
GO:0050808,proband vs sibling,2.382881935528377,1.8982132715187132,2.9913005055140807,6.32897378098658e-17,8.262187590451571e-16,synapse organization (GO:0050808),BP,403,intermediate
GO:0099056,proband vs sibling,3.8812883823906486,2.6109870047699846,5.769618722636162,3.6329518843649226e-16,4.576244654340376e-15,integral component of presynaptic membrane (GO:0099056),CC,126,leaf
GO:0099092,proband vs sibling,9.069008016825157,4.030430428278228,20.406482104784594,1.666715142864073e-14,1.8995261469466736e-13,"postsynaptic density, intracellular component (GO:0099092)",CC,46,leaf
GO:0048786,proband vs sibling,3.912424073601407,2.5428498220658122,6.019648505730615,6.040717073850679e-14,6.672669013884288e-13,presynaptic active zone (GO:0048786),CC,104,intermediate
GO:0099536,proband vs sibling,3.005521925403477,2.107503352919905,4.286191066583952,2.2587357739733906e-12,2.1339109022538087e-11,synaptic signaling (GO:0099536),BP,216,intermediate
GO:0099537,proband vs sibling,2.975542129651317,2.086197592068817,4.244013605897133,4.293798385279613e-12,4.003827585234756e-11,trans-synaptic signaling (GO:0099537),BP,208,intermediate
GO:0007268,proband vs sibling,3.1300984409242534,2.144704778242423,4.568235381051124,5.261726951161638e-12,4.843487116582123e-11,chemical synaptic transmission (GO:0007268),BP,175,intermediate
GO:0099173,proband vs sibling,5.936070385135001,3.0472942774503324,11.563350437805271,6.7545612114205294e-12,6.138955632658153e-11,postsynapse organization (GO:0099173),BP,69,intermediate
GO:0050804,proband vs sibling,4.189261256676741,2.5301438375198537,6.93632892187501,1.0666409588351848e-11,9.454916153625466e-11,modulation of chemical synaptic transmission (GO:0050804),BP,93,leaf
GO:0099175,proband vs sibling,6.245284507382133,3.081098539498738,12.658984475223159,1.5286479919963025e-11,1.322372600305235e-10,regulation of postsynapse organization (GO:0099175),BP,51,leaf
GO:0098919,proband vs sibling,12.037208165804032,3.8376109876059235,37.75640128581426,8.137598559193883e-11,6.357395750952076e-10,structural constituent of postsynaptic density (GO:0098919),BP,12,leaf
GO:0098918,proband vs sibling,5.194087403598972,2.754237130232212,9.795287290296217,8.655302400493989e-11,6.682265724252348e-10,structural constituent of synapse (GO:0098918),BP,36,intermediate
GO:0099186,proband vs sibling,5.781479879175816,2.84920639570532,11.731515710373918,2.2717400995462478e-10,1.6990722827856312e-9,structural constituent of postsynapse (GO:0099186),BP,27,intermediate
GO:0048787,proband vs sibling,4.513892926374283,2.5245747567516075,8.07075698443122,2.7494434444784273e-10,2.035155044469599e-9,presynaptic active zone membrane (GO:0048787),CC,66,intermediate
GO:0099507,proband vs sibling,7.6674297341981434,3.146949783719997,18.681416218650615,8.634777617509155e-10,6.215875981587066e-9,ligand-gated ion channel activity involved in regulation of presynaptic membrane potential (GO:0099507),BP,22,leaf
GO:0099059,proband vs sibling,4.5195364733025825,2.463302999731452,8.292203572089667,1.4137283640460423e-9,9.854921994029693e-9,integral component of presynaptic active zone membrane (GO:0099059),CC,49,leaf
GO:0099508,proband vs sibling,6.554427622263371,2.900930195101467,14.80922275483655,1.791420362634377e-9,1.2367690580495027e-08,voltage-gated ion channel activity involved in regulation of presynaptic membrane potential (GO:0099508),BP,17,leaf
GO:0099524,proband vs sibling,14.22182727395594,3.514420689866213,57.551553686629546,4.036316856189592e-9,2.760071907375359e-8,postsynaptic cytosol (GO:0099524),CC,49,leaf
SYNGO:postsynprocess,proband vs sibling,1.9993088770331475,1.5289423053930804,2.6143798701128125,4.757784110968565e-8,3.0775576501580446e-7,process in the postsynapse,BP,258,intermediate
GO:0060078,proband vs sibling,3.6910432457951345,2.105167354972769,6.471599614229296,6.406597707502301e-8,4.0350325912163615e-7,regulation of postsynaptic membrane potential (GO:0060078),BP,56,intermediate
GO:1904315,proband vs sibling,4.699406487999528,2.3082336091636253,9.567671682700356,1.3892450525787702e-7,8.525452544885103e-7,transmitter-gated ion channel activity involved in regulation of postsynaptic membrane potential (GO:1904315),BP,38,leaf
GO:0099504,proband vs sibling,2.294739786871986,1.627108856537773,3.2363112451235327,2.0470297695411652e-7,1.2248061454421305e-6,synaptic vesicle cycle (GO:0099504),BP,208,intermediate
GO:0099061,proband vs sibling,2.7544404395840294,1.780671485732384,4.260719731857433,2.96627750817152e-7,1.7315343502984967e-6,integral component of postsynaptic density membrane (GO:0099061),CC,110,leaf
GO:0098839,proband vs sibling,2.473375098570272,1.6771678363809717,3.647568386136092,4.3611864223507707e-7,2.5050654809982826e-6,postsynaptic density membrane (GO:0098839),CC,138,intermediate
GO:0098831,proband vs sibling,7.6674393731654105,2.428540487484671,24.207801699883447,2.3456480954333748e-6,1.2383642150890904e-5,presynaptic active zone cytoplasmic component (GO:0098831),CC,20,leaf
GO:0045211,proband vs sibling,2.035775871624984,1.4601111940503975,2.838402593157172,6.150716355279295e-6,3.154438816493239e-5,postsynaptic membrane (GO:0045211),CC,147,intermediate
GO:0099055,proband vs sibling,2.0941201144370805,1.43440779246604,3.0572470929976454,3.788283172568129e-5,1.8133248786026112e-4,integral component of postsynaptic membrane (GO:0099055),CC,116,leaf
GO:0099060,proband vs sibling,4.254175083767797,1.7267792868929819,10.48078685024925,1.8226942327956443e-4,7.789847971114718e-4,integral component of postsynaptic specialization membrane (GO:0099060),CC,38,leaf
GO:0099634,proband vs sibling,4.3036538504253565,1.7473603417005439,10.59966626360296,1.8957613032384287e-4,8.054181158137229e-4,postsynaptic specialization membrane (GO:0099634),CC,42,intermediate
GO:0099523,proband vs sibling,4.204717418159358,1.7062070994429448,10.361959326241744,2.7485825989977217e-4,0.0011212967648183887,presynaptic cytosol (GO:0099523),CC,50,leaf
GO:0008021,proband vs sibling,2.4380322559047154,1.406972013230108,4.224676272831949,5.009215295647051e-4,0.0019653642526090615,synaptic vesicle (GO:0008021),CC,147,intermediate
GO:0099563,proband vs sibling,2.794900892112085,1.4639794016922343,5.335779306525446,6.026894951297145e-4,0.0023507582678607016,modification of synaptic structure (GO:0099563),BP,56,intermediate
GO:0099010,proband vs sibling,2.7207038570263946,1.4240939962568873,5.197851754936434,8.130722988534097e-4,0.00304055161758723,modification of postsynaptic structure (GO:0099010),BP,53,intermediate
GO:0016079,proband vs sibling,2.397271370487773,1.3544297947622184,4.243047551068709,0.001284631274434704,0.0046350012816287305,synaptic vesicle exocytosis (GO:0016079),BP,78,intermediate
GO:0007416,proband vs sibling,1.8835647345446307,1.2514797275487664,2.834896987240201,0.0013884506377878506,0.0049108746696141705,synapse assembly (GO:0007416),BP,154,intermediate
GO:0099525,proband vs sibling,4.081047346506738,1.4875225952017468,11.196433249587606,0.0014331900539922278,0.00504426695473735,presynaptic dense core vesicle exocytosis (GO:0099525),BP,24,intermediate
GO:0098880,proband vs sibling,4.142848810879797,1.5106991125270766,11.36109509000623,0.0014693655374827747,0.005146363199573816,maintenance of postsynaptic specialization structure (GO:0098880),BP,12,intermediate
GO:0099558,proband vs sibling,3.5121960422606064,1.4181887445635963,8.698081328424973,0.0022054709379659707,0.007469472327639467,maintenance of synapse structure (GO:0099558),BP,20,intermediate
GO:0098698,proband vs sibling,2.8973628640180724,1.3391462571076864,6.26870405023725,0.003124044039504641,0.01038455379798302,postsynaptic specialization assembly (GO:0098698),BP,38,intermediate
GO:0098885,proband vs sibling,5.688774197973286,1.3809658921917114,23.434432420459775,0.0033144579745412613,0.010966731915763252,modification of postsynaptic actin cytoskeleton (GO:0098885),BP,27,intermediate
GO:0030672,proband vs sibling,2.4486409803034666,1.2778618646654607,4.6920898230194945,0.003697679684253636,0.012067881878609594,synaptic vesicle membrane (GO:0030672),CC,115,intermediate
GO:0016082,proband vs sibling,4.369605753862546,1.3654743146440629,13.983019848429555,0.0038860768151012114,0.012625353634582216,synaptic vesicle priming (GO:0016082),BP,18,intermediate
GO:0099560,proband vs sibling,3.710070563847929,1.3484150245774078,10.208002238068142,0.0042394926645249135,0.01366232944293607,synapse adhesion between pre- and post-synapse (GO:0099560),BP,43,intermediate
GO:0048488,proband vs sibling,2.0446550131194794,1.1965394873904922,3.4939207328560733,0.005566499283700151,0.017529589849546966,synaptic vesicle endocytosis (GO:0048488),BP,69,intermediate
GO:0051963,proband vs sibling,1.9786933116002676,1.1767104004179736,3.3272649073050817,0.006514117080401709,0.02024734226722263,regulation of synapse assembly (GO:0051963),BP,107,intermediate
GO:0099054,proband vs sibling,8.16210214159197,1.1163483648024508,59.676632734235525,0.00868152156777998,0.02638861068274682,presynapse assembly (GO:0099054),BP,14,leaf
GO:0098888,proband vs sibling,5.070280068884257,1.226411184093191,20.961762507028393,0.011185914487121792,0.0333256705466948,extrinsic component of presynaptic membrane (GO:0098888),CC,8,leaf
GO:0099150,proband vs sibling,7.667261106855611,1.0466913149740484,56.164498586823846,0.013174012034513159,0.03845097821455466,regulation of postsynaptic specialization assembly (GO:0099150),BP,8,leaf
GO:0098693,proband vs sibling,7.420107403820758,1.0119015197888255,54.41042710927612,0.02105708071091697,0.058149938270916864,regulation of synaptic vesicle cycle (GO:0098693),BP,18,leaf
GO:0099547,proband vs sibling,Inf,NA,NA,0.02128392756112043,0.05855118769687536,"regulation of translation at synapse, modulating synaptic transmission (GO:0099547)",BP,7,intermediate
GO:0098833,proband vs sibling,2.5558297048863086,1.105615152529446,5.908263345916164,0.021606197184505467,0.05921087625372108,presynaptic endocytic zone (GO:0098833),CC,21,intermediate
GO:0097091,proband vs sibling,4.32843711927913,1.0410767623045851,17.996144543731592,0.022890343904406057,0.062020551535841725,synaptic vesicle clustering (GO:0097091),BP,9,leaf
GO:1905274,proband vs sibling,4.32837603126357,1.0410620694000325,17.995890560890306,0.02289059353342348,0.062020551535841725,regulation of modification of postsynaptic actin cytoskeleton (GO:1905274),BP,14,leaf
GO:0008088,proband vs sibling,2.432162352526853,1.050144725555699,5.632950930566956,0.02924098948426857,0.07718761194744424,axo-dendritic transport (GO:0008088),BP,27,intermediate
GO:0098810,proband vs sibling,6.430814326280113,0.8726691184655493,47.38952258538314,0.02994882594102434,0.07876650925148526,neurotransmitter reuptake (GO:0098810),BP,10,intermediate
GO:0098935,proband vs sibling,2.671257474631117,1.0685955966733383,6.677564944106649,0.0320295871837295,0.08393154597780213,dendritic transport (GO:0098935),BP,18,intermediate
GO:0030285,proband vs sibling,4.081096054040695,0.9792996760248434,17.00740377032864,0.03334843582198609,0.08676390424899187,integral component of synaptic vesicle membrane (GO:0030285),CC,53,leaf
GO:0099550,proband vs sibling,Inf,NA,NA,0.03419342140122891,0.08799597335513391,"trans-synaptic signaling, modulating synaptic transmission (GO:0099550)",BP,7,leaf
GO:0097107,proband vs sibling,2.57229785461008,1.0274742367070515,6.439787993164198,0.04409605346128841,0.10805790575155318,postsynaptic density assembly (GO:0097107),BP,26,intermediate
GO:0099645,proband vs sibling,1.7666884227043407,1.0098659122193334,3.0906954528827173,0.04528480983158999,0.11059351516694424,neurotransmitter receptor localization to postsynaptic specialization membrane (GO:0099645),BP,54,intermediate
GO:0099151,proband vs sibling,2.782554288611528,1.0007599726694618,7.7367286667326525,0.04663246102292743,0.11160702338153966,regulation of postsynaptic density assembly (GO:0099151),BP,20,leaf
GO:0098993,proband vs sibling,Inf,NA,NA,0.0535759199381844,0.12653786353821184,anchored component of synaptic vesicle membrane (GO:0098993),CC,20,leaf
GO:0099553,proband vs sibling,Inf,NA,NA,0.05462503499518621,0.12820118359315438,"trans-synaptic signaling by endocannabinoid, modulating synaptic transmission (GO:0099553)",BP,5,intermediate
GO:0098883,proband vs sibling,0.35333639765292274,0.13449671490136794,0.9282502550184932,0.059438357770830834,0.13766690606276302,synapse disassembly (GO:0098883),BP,11,intermediate
GO:1905806,proband vs sibling,0.35333639765292274,0.13449671490136794,0.9282502550184932,0.059438357770830834,0.13766690606276302,regulation of synapse disassembly (GO:1905806),BP,11,leaf
GO:0098961,proband vs sibling,5.688912979205677,0.7682812661278423,42.12484712543996,0.06887304386610013,0.1559963580311038,dendritic transport of ribonucleoprotein complex (GO:0098961),BP,6,intermediate
GO:0098963,proband vs sibling,5.688912979205677,0.7682812661278423,42.12484712543996,0.06887304386610013,0.1559963580311038,dendritic transport of messenger ribonucleoprotein complex (GO:0098963),BP,6,intermediate
GO:0098835,proband vs sibling,2.1847925586889114,0.9392170837682489,5.082231368014867,0.07132166672682705,0.160529644858501,presynaptic endocytic zone membrane (GO:0098835),CC,17,intermediate
GO:0099072,proband vs sibling,1.383751770845568,0.9752792387630894,1.9633033158243745,0.0768351720160636,0.1692259310047045,regulation of postsynaptic membrane neurotransmitter receptor levels (GO:0099072),BP,156,intermediate
GO:0099170,proband vs sibling,1.8687758524604365,0.9324598538581081,3.7452799413181563,0.08523205784080176,0.18488404087521348,postsynaptic modulation of chemical synaptic transmission (GO:0099170),BP,34,leaf
SYNGO:transport,proband vs sibling,1.6901314568451145,0.9222185502765882,3.097470052582076,0.09273064828919045,0.19698403985691934,transport,BP,52,intermediate
GO:0050807,proband vs sibling,2.7207219075220657,0.8344307690348676,8.87111066941156,0.09483207019719431,0.2002630188281927,regulation of synapse organization (GO:0050807),BP,25,leaf
GO:0098830,proband vs sibling,0.24733337262066118,0.049920573941690964,1.2254225539026065,0.09678964377413217,0.20342361059682296,presynaptic endosome (GO:0098830),CC,13,intermediate
GO:0099565,proband vs sibling,1.805574637328305,0.932388398439479,3.4965040067203845,0.0968953688358126,0.20342361059682296,postsynaptic process involved in chemical synaptic transmission (GO:0099565),BP,39,intermediate
GO:0099566,proband vs sibling,3.215339981194635,0.7631602318397408,13.546842148399215,0.10079838663698351,0.20977751189957727,regulation of postsynaptic cytosolic calcium levels (GO:0099566),BP,12,intermediate
GO:0099181,proband vs sibling,3.3390203262946763,0.7940258579241455,14.041175898926573,0.10112427758009382,0.20984748931360508,structural constituent of presynapse (GO:0099181),BP,10,intermediate
GO:1905606,proband vs sibling,2.2878886631679927,0.8154905620917271,6.418755505430178,0.11887867381139616,0.24248547669483647,regulation of presynapse assembly (GO:1905606),BP,27,leaf
GO:1900242,proband vs sibling,2.3496866044581224,0.838628235084979,6.583402404297169,0.11968490440474588,0.2427507383124507,regulation of synaptic vesicle endocytosis (GO:1900242),BP,22,leaf
GO:0150052,proband vs sibling,1.7931959374060822,0.8562447524666663,3.7554118266609278,0.12460933695656383,0.24921867391312766,regulation of postsynapse assembly (GO:0150052),BP,60,leaf
GO:0099626,proband vs sibling,2.0281558221185247,0.8014721702091563,5.13232547765172,0.1418849599856436,0.27758419964493763,voltage-gated calcium channel activity involved in regulation of presynaptic cytosolic calcium levels (GO:0099626),BP,9,leaf
GO:0098926,proband vs sibling,2.127086441264575,0.8425444125656861,5.370039443776926,0.14473739694862842,0.28011172778737253,postsynaptic signaling pathway (GO:0098926),BP,18,intermediate
GO:0016081,proband vs sibling,4.452147587511826,0.5943511407474346,33.350012782107925,0.15051789455151127,0.28666272755433714,synaptic vesicle docking (GO:0016081),BP,7,intermediate
GO:0099571,proband vs sibling,1.6818979210813427,0.8659892653376153,3.2665308106733995,0.15410796920081124,0.29272360287349863,postsynaptic cytoskeleton (GO:0099571),CC,27,intermediate
GO:0099541,proband vs sibling,4.699433086217069,0.6291165549141893,35.10426034623109,0.15501920459976218,0.292904707638498,trans-synaptic signaling by lipid (GO:0099541),BP,11,intermediate
GO:0099542,proband vs sibling,4.699433086217069,0.6291165549141893,35.10426034623109,0.15501920459976218,0.292904707638498,trans-synaptic signaling by endocannabinoid (GO:0099542),BP,11,intermediate
GO:0099509,proband vs sibling,1.7313651895395858,0.8254005211116369,3.6317222280309314,0.15963503457445033,0.30004700215826,regulation of presynaptic cytosolic calcium levels (GO:0099509),BP,27,intermediate
SYNGO:metabolism,proband vs sibling,1.4675386049114105,0.8492006574156488,2.5361138596613175,0.17809184079555296,0.3312692789927643,metabolism,BP,102,intermediate
GO:0099149,proband vs sibling,0.6801787291601683,0.3838183489001338,1.2053699489034,0.1946073072815162,0.35811475934767856,regulation of postsynaptic neurotransmitter receptor endocytosis (GO:0099149),BP,40,leaf
GO:0099159,proband vs sibling,1.669526585120343,0.7945578540967718,3.5080126689983193,0.20326075372952956,0.36761012891134065,regulation of modification of postsynaptic structure (GO:0099159),BP,19,leaf
GO:0099031,proband vs sibling,2.7207726644701884,0.6397911865072894,11.57034364937109,0.20399300533856413,0.368007481992686,anchored component of postsynaptic density membrane (GO:0099031),CC,11,leaf
GO:0098696,proband vs sibling,1.7004334504147671,0.8099725653141752,3.5698417984909336,0.20465116071535264,0.36826950725218843,regulation of neurotransmitter receptor localization to postsynaptic specialization membrane (GO:0098696),BP,28,leaf
GO:0099140,proband vs sibling,2.844431919394345,0.6706276268635166,12.064508857038186,0.2066702218326259,0.3709730481895635,presynaptic actin cytoskeleton organization (GO:0099140),BP,8,leaf
GO:0099532,proband vs sibling,Inf,NA,NA,0.22022009575200896,0.39235242865990677,synaptic vesicle endosomal processing (GO:0099532),BP,12,intermediate
GO:0099502,proband vs sibling,3.957399008454321,0.5248212034542534,29.84065203356509,0.22377576458173148,0.3952960646395348,calcium-dependent activation of synaptic vesicle fusion (GO:0099502),BP,13,intermediate
SYNGO:postsyn_er,proband vs sibling,3.9574267078061083,0.5248248768789218,29.84086089972098,0.22377581191617474,0.3952960646395348,postsynaptic ER,CC,9,intermediate
GO:0098871,proband vs sibling,1.5334936766625644,0.7863429467167049,2.990556303942127,0.23841542927303125,0.4154909665486321,postsynaptic actin cytoskeleton (GO:0098871),CC,21,leaf
GO:0099187,proband vs sibling,2.14361982769753,0.6488252721742098,7.082193254124972,0.2492482794128315,0.43227117057587683,presynaptic cytoskeleton organization (GO:0099187),BP,9,intermediate
GO:0098973,proband vs sibling,1.9169154841795542,0.6766699790330242,5.430365004131507,0.2888003924638779,0.491371283860342,structural constituent of postsynaptic actin cytoskeleton (GO:0098973),BP,6,leaf
GO:0099637,proband vs sibling,0.5565069032908839,0.1713807691859139,1.8070868445831672,0.3039679747488617,0.5060745710781952,neurotransmitter receptor transport (GO:0099637),BP,18,intermediate
GO:0098843,proband vs sibling,1.7313710507956548,0.6783252397015973,4.419186461131753,0.32177517662987976,0.5250785836823947,postsynaptic endocytic zone (GO:0098843),CC,20,intermediate
GO:2000300,proband vs sibling,1.6489235060031968,0.699111725597255,3.8891476556584164,0.35341816332977166,0.566415717122268,regulation of synaptic vesicle exocytosis (GO:2000300),BP,35,leaf
GO:0098944,proband vs sibling,0.2473275024295432,0.015470047428839272,3.9541503501793343,0.3572545610137601,0.5686438364419824,postsynaptic recycling endosome membrane (GO:0098944),CC,7,intermediate
GO:0010807,proband vs sibling,Inf,NA,NA,0.35797634271835105,0.5686438364419824,regulation of synaptic vesicle priming (GO:0010807),BP,6,leaf
GO:0099025,proband vs sibling,Inf,NA,NA,0.369988423765247,0.5864275679104798,anchored component of postsynaptic membrane (GO:0099025),CC,6,leaf
GO:0099639,proband vs sibling,0.49468818192259106,0.12372035339424972,1.9779801028700625,0.3941229018728839,0.6219346011972102,"neurotransmitter receptor transport, endosome to plasma membrane (GO:0099639)",BP,10,intermediate
GO:0060074,proband vs sibling,0.7596784441341293,0.4156311041638499,1.3885181659901538,0.4048334878956278,0.6374351848882911,synapse maturation (GO:0060074),BP,34,intermediate
GO:0098882,proband vs sibling,2.3497321590219276,0.5473208500796524,10.087759708657792,0.40814433310192777,0.6393406409008671,structural constituent of active zone (GO:0098882),BP,8,leaf
GO:0098850,proband vs sibling,1.5829708043032493,0.6167983312188989,4.062586489695252,0.4137102262742455,0.640180910484716,extrinsic component of synaptic vesicle membrane (GO:0098850),CC,25,leaf
GO:0098877,proband vs sibling,0.5771208487459859,0.14923885028579653,2.231781291664012,0.426737516974356,0.6579820911921432,neurotransmitter receptor transport to plasma membrane (GO:0098877),BP,14,intermediate
GO:0098974,proband vs sibling,1.5252401476803825,0.6437525061393538,3.6137451674518,0.4441285346693421,0.6756023048571772,postsynaptic actin cytoskeleton organization (GO:0098974),BP,21,leaf
GO:0098884,proband vs sibling,0.8002120825652881,0.46451320062941986,1.3785170716694581,0.45890046095444437,0.6839339865036969,postsynaptic neurotransmitter receptor endocytosis (GO:0098884),BP,51,intermediate
GO:0099171,proband vs sibling,1.4486811139922309,0.6499296447035773,3.2290833125406126,0.4691567168924935,0.6902756613295293,presynaptic modulation of chemical synaptic transmission (GO:0099171),BP,49,leaf
GO:0099531,proband vs sibling,1.4486811139922309,0.6499296447035773,3.2290833125406126,0.4691567168924935,0.6902756613295293,presynaptic process involved in chemical synaptic transmission (GO:0099531),BP,49,intermediate
GO:0099188,proband vs sibling,1.4840357992104474,0.6667189553573691,3.303284293391208,0.47219062015097757,0.6933187428801675,postsynaptic cytoskeleton organization (GO:0099188),BP,26,intermediate
GO:0090128,proband vs sibling,0.8038450909456337,0.42090101231039717,1.5351992780689074,0.4844512524844096,0.7045023430529107,regulation of synapse maturation (GO:0090128),BP,27,leaf
GO:0098837,proband vs sibling,0.4946733510888297,0.04485530253731193,5.45535779351622,0.4847133112369608,0.7045023430529107,postsynaptic recycling endosome (GO:0098837),CC,11,intermediate
GO:0098971,proband vs sibling,2.9680421834639112,0.385932553968484,22.825942803313243,0.48570560473500457,0.7045184327267339,anterograde dendritic transport of neurotransmitter receptor complex (GO:0098971),BP,5,leaf
GO:0099147,proband vs sibling,0.6801713387192974,0.21658266861052816,2.1360575755354434,0.5165423011392162,0.7358678020197564,extrinsic component of postsynaptic density membrane (GO:0099147),CC,10,leaf
GO:0140249,proband vs sibling,1.4840224510120765,0.5757992076141807,3.82481011780686,0.5270519031375952,0.7493530028768185,protein catabolic process at postsynapse (GO:0140249),BP,20,intermediate
GO:0051580,proband vs sibling,0.7419391333861296,0.07717655669604898,7.132654023653046,0.5868591458752844,0.793594473372248,regulation of neurotransmitter uptake (GO:0051580),BP,5,leaf
GO:0098921,proband vs sibling,0.7420457301611799,0.07718764489949195,7.133678794934486,0.5869062191652697,0.793594473372248,retrograde trans-synaptic signaling by endocannabinoid (GO:0098921),BP,6,intermediate
GO:0097401,proband vs sibling,1.5664716113057853,0.46355836723115496,5.293472154722926,0.5997937805179645,0.807977362874106,synaptic vesicle proton loading (GO:0097401),BP,17,intermediate
GO:0098937,proband vs sibling,1.6489056530071653,0.4899858913834094,5.548914571484019,0.6014410576924628,0.8081011955102735,anterograde dendritic transport (GO:0098937),BP,8,intermediate
GO:0098967,proband vs sibling,Inf,NA,NA,0.6059637331000352,0.8102084923013505,exocytic insertion of neurotransmitter receptor to postsynaptic membrane (GO:0098967),BP,8,intermediate
GO:0099012,proband vs sibling,0.6183066735700465,0.11996032350039049,3.1869132345246776,0.6314382537634353,0.838034068143666,neuronal dense core vesicle membrane (GO:0099012),CC,6,intermediate
GO:0099179,proband vs sibling,0.6183293447691581,0.11996472203674118,3.1870300877749815,0.6314434970274698,0.838034068143666,regulation of synaptic membrane adhesion (GO:0099179),BP,7,leaf
GO:0140252,proband vs sibling,1.5458711909716933,0.5380061550902521,4.441803716307594,0.6400213869431269,0.8478512100095298,regulation protein catabolic process at postsynapse (GO:0140252),BP,15,leaf
GO:0099183,proband vs sibling,0.7419662439210452,0.14975488487235838,3.6760998319856277,0.6623054949541045,0.8568458372697868,"trans-synaptic signaling by BDNF, modulating synaptic transmission (GO:0099183)",BP,6,intermediate
GO:0098700,proband vs sibling,0.741990403962235,0.14975976121844092,3.676219533823935,0.6623119415674161,0.8568458372697868,synaptic vesicle neurotransmitter loading (GO:0098700),BP,9,intermediate
GO:0098887,proband vs sibling,0.7420211390244325,0.14976596463502306,3.676371811852627,0.6623201427675383,0.8568458372697868,"neurotransmitter receptor transport, endosome to postsynaptic membrane (GO:0098887)",BP,9,intermediate
GO:0099574,proband vs sibling,0.7420398098845727,0.14976973307130123,3.676464317335709,0.662325124909097,0.8568458372697868,"regulation of protein catabolic process at synapse, modulating synaptic transmission (GO:0099574)",BP,8,intermediate
GO:0150054,proband vs sibling,0.8657116235732587,0.17984306852499354,4.167281070861469,0.6954457198830875,0.8838449181672128,regulation of postsynaptic neurotransmitter receptor diffusion trapping (GO:0150054),BP,5,leaf
GO:0099545,proband vs sibling,2.226077392260774,0.2820298334246959,17.57055449120657,0.6980376557731461,0.8838449181672128,trans-synaptic signaling by trans-synaptic complex (GO:0099545),BP,8,intermediate
GO:0099544,proband vs sibling,2.2260496747486695,0.2820263217923739,17.570335715319214,0.698037719907683,0.8838449181672128,extrasynaptic space (GO:0099544),CC,7,intermediate
GO:0098966,proband vs sibling,2.2259620371330775,0.28201521866441753,17.569643986673306,0.6980379231840037,0.8838449181672128,perisynaptic extracellular matrix (GO:0098966),CC,6,leaf
GO:0099029,proband vs sibling,2.4733099021500586,0.3166145187847406,19.320850779532723,0.7041163802079186,0.8838449181672128,anchored component of presynaptic active zone membrane (GO:0099029),CC,8,leaf
GO:0150037,proband vs sibling,2.473339418377604,0.31661829723004276,19.32108135259091,0.704117019959529,0.8838449181672128,regulation of calcium-dependent activation of synaptic vesicle fusion (GO:0150037),BP,7,leaf
GO:0098930,proband vs sibling,2.473382987063896,0.3166238745653506,19.321421699785482,0.704117964410352,0.8838449181672128,axonal transport (GO:0098930),BP,10,intermediate
GO:0150047,proband vs sibling,2.4734518553871854,0.316632690569774,19.321959681134505,0.704119457575979,0.8838449181672128,G protein-coupled neurotransmitter receptor activity involved in regulation of presynaptic membrane potential (GO:0150047),BP,5,leaf
GO:0099569,proband vs sibling,2.4735496385117264,0.3166452080294319,19.32272353735663,0.704121578261345,0.8838449181672128,presynaptic cytoskeleton (GO:0099569),CC,6,intermediate
GO:0098845,proband vs sibling,0.8244661599710459,0.22690464262426133,2.995727372855094,0.7303003240338086,0.9025053918352404,postsynaptic endosome (GO:0098845),CC,23,intermediate
GO:1905030,proband vs sibling,0.8657155912067828,0.2849635582207268,2.6300327295814814,0.7688794163495514,0.9227992260622264,voltage-gated ion channel activity involved in regulation of postsynaptic membrane potential (GO:1905030),BP,5,leaf
SYNGO:presyn_ribosome,proband vs sibling,0.9274974642129908,0.3078327811265385,2.794541708564531,0.7799584986016068,0.9302557203030883,presynaptic ribosome,CC,50,leaf
GO:0140236,proband vs sibling,0.9275163577949302,0.3078390518324954,2.7945986347608724,0.7799619388653537,0.9302557203030883,translation at presynapse (GO:0140236),BP,49,leaf
GO:0099699,proband vs sibling,0.9275260831577324,0.3078422796423756,2.794627937193526,0.7799637097805838,0.9302557203030883,integral component of synaptic membrane (GO:0099699),CC,19,leaf
GO:0043083,proband vs sibling,1.4840089060587742,0.43713852614726145,5.037950904651822,0.7839465369024339,0.9334554120994154,synaptic cleft (GO:0043083),CC,22,intermediate
GO:0098894,proband vs sibling,0.9399053175758548,0.35095319049695317,2.517207507805911,0.8023457417233979,0.9421163151861415,extrinsic component of presynaptic endocytic zone membrane (GO:0098894),CC,11,leaf
SYNGO:postsyn_ribosome,proband vs sibling,1.3603602880592383,0.46878869211349977,3.9475783961114925,0.8054818888996234,0.9421163151861415,postsynaptic ribosome,CC,68,leaf
GO:0140241,proband vs sibling,0.9481180121281031,0.3860630795025388,2.328447895302649,0.8190454699584147,0.94394004402912,translation at synapse (GO:0140241),BP,54,intermediate
GO:0140242,proband vs sibling,0.9481180121281031,0.3860630795025388,2.328447895302649,0.8190454699584147,0.94394004402912,translation at postsynapse (GO:0140242),BP,54,intermediate
GO:0098890,proband vs sibling,1.2861694879723284,0.493895428110062,3.349356680868819,0.8216474513173802,0.9454212660991649,extrinsic component of postsynaptic membrane (GO:0098890),CC,12,leaf
GO:0001504,proband vs sibling,1.4840384516527017,0.17866620239641196,12.326730497675689,1,1,neurotransmitter uptake (GO:0001504),BP,6,leaf
GO:0008089,proband vs sibling,1.9786420071819186,0.24747518067994453,15.819865983442305,1,1,anterograde axonal transport (GO:0008089),BP,6,intermediate
GO:0016189,proband vs sibling,Inf,NA,NA,1,1,synaptic vesicle to endosome fusion (GO:0016189),BP,5,leaf
GO:0031629,proband vs sibling,Inf,NA,NA,1,1,synaptic vesicle fusion to presynaptic active zone membrane (GO:0031629),BP,6,intermediate
GO:0097060,proband vs sibling,1.0882786475412498,0.4121223646903015,2.8737834103815705,1,1,synaptic membrane (GO:0097060),CC,26,intermediate
GO:0097444,proband vs sibling,Inf,NA,NA,1,1,spine apparatus (GO:0097444),CC,8,intermediate
GO:0098962,proband vs sibling,0.9893374830696522,0.33075646006437054,2.9592427468116766,1,1,regulation of postsynaptic neurotransmitter receptor activity (GO:0098962),BP,22,leaf
GO:0098965,proband vs sibling,1.484003508609944,0.17866199553725493,12.32644025353116,1,1,extracellular matrix of synaptic cleft (GO:0098965),CC,5,leaf
GO:0098969,proband vs sibling,Inf,NA,NA,1,1,neurotransmitter receptor transport to postsynaptic membrane (GO:0098969),BP,5,leaf
GO:0098970,proband vs sibling,1.1130067223467102,0.24048219754869246,5.151250182409615,1,1,postsynaptic neurotransmitter receptor diffusion trapping (GO:0098970),BP,8,intermediate
GO:0098992,proband vs sibling,1.2366954361603872,0.3580268794322658,4.27178988417063,1,1,neuronal dense core vesicle (GO:0098992),CC,40,intermediate
GO:0099013,proband vs sibling,Inf,NA,NA,1,1,neuronal dense core vesicle lumen (GO:0099013),CC,8,leaf
GO:0099026,proband vs sibling,1.4839988829935773,0.17866143865053202,12.32640183220436,1,1,anchored component of presynaptic membrane (GO:0099026),CC,9,leaf
GO:0099091,proband vs sibling,1.4840234631266158,0.3321428058637924,6.63065886187961,1,1,"postsynaptic specialization, intracellular component (GO:0099091)",CC,11,leaf
GO:0099161,proband vs sibling,1.113032592810776,0.24048778725981035,5.1513699168461295,1,1,regulation of presynaptic dense core vesicle exocytosis (GO:0099161),BP,11,leaf
GO:0099527,proband vs sibling,1.4840069303301904,0.3321391056194702,6.63058499287696,1,1,postsynapse to nucleus signaling pathway (GO:0099527),BP,16,intermediate
GO:0099538,proband vs sibling,Inf,NA,NA,1,1,synaptic signaling via neuropeptide (GO:0099538),BP,8,leaf
GO:0099562,proband vs sibling,0.9893177610027061,0.21008831596143826,4.6587532855233,1,1,maintenance of postsynaptic density structure (GO:0099562),BP,6,leaf
GO:0099576,proband vs sibling,0.9893836768026133,0.11058404821209118,8.851910160189158,1,1,"regulation of protein catabolic process at postsynapse, modulating synaptic transmission (GO:0099576)",BP,6,leaf
GO:0140238,proband vs sibling,1.2367403209129553,0.14448872132456067,10.58578557101457,1,1,presynaptic endocytosis (GO:0140238),BP,6,leaf
GO:0140246,proband vs sibling,1.0953367849424818,0.48233339243471135,2.487413667115184,1,1,protein catabolic process at synapse (GO:0140246),BP,24,intermediate
GO:0031630,proband vs sibling,NA,NA,NA,NA,NA,regulation of synaptic vesicle fusion to presynaptic active zone membrane (GO:0031630),BP,5,leaf
