study,module,module_label,cohort,n_genes,n_matched,n_cohort,obs,exp,oe,ci_l,ci_h,p,p_fdr
GandalGenes,GeneM0_grey,GeneM0 (NA),asd_d_proband,17144,9258,13841,3002,1334.0925,2.2502187485680403,2.1704363073950277,2.3321840559845755,0,0
GandalGenes,GeneM0_grey,GeneM0 (NA),asd_da_proband,17144,9258,24839,3442,2394.1568,1.437666913895747,1.3900350285095235,1.4865146633554622,9.552614626470824e-90,2.69622547832139e-87
GandalGenes,GeneM0_grey,GeneM0 (NA),proband,17144,9258,38680,6179,3728.2493,1.6573462478107492,1.6162768897188093,1.6991952614962105,7.032474084048991e-294,1.1462932756999856e-291
GandalGenes,GeneM0_grey,GeneM0 (NA),sibling,17144,9258,9567,930,922.1345,1.0085297046317796,0.9447449170173592,1.075487878374714,0.7921900382548979,1
GandalGenes,GeneM10_purple,COL1A2,asd_d_proband,188,179,13841,40,31.1915,1.2823991184050425,0.9161647314993914,1.7462636211832168,0.12663155797366632,0.16270767656593343
GandalGenes,GeneM10_purple,COL1A2,asd_da_proband,188,179,24839,54,55.9762,0.9646956949591233,0.7247090967525354,1.2587186214483275,0.8935146408463801,0.9598268596722771
GandalGenes,GeneM10_purple,COL1A2,proband,188,179,38680,91,87.1677,1.043964221822532,0.840534869804762,1.2817567278524178,0.6680987882927681,0.7437080170166327
GandalGenes,GeneM10_purple,COL1A2,sibling,188,179,9567,27,21.5598,1.252329694109421,0.8252931595685135,1.8220739550767433,0.2348907312695454,1
GandalGenes,GeneM11_greenyellow,EFNB3,asd_d_proband,247,196,13841,153,42.5605,3.594883373133322,3.0478308269429077,4.211779084038414,3.9075073617174305e-39,2.1984662631076858e-38
GandalGenes,GeneM11_greenyellow,EFNB3,asd_da_proband,247,196,24839,129,76.3789,1.6889486512782692,1.4100865845830473,2.006819217120888,4.445652671329539e-8,2.00765674637242e-7
GandalGenes,GeneM11_greenyellow,EFNB3,proband,247,196,38680,267,118.9394,2.2448412759854155,1.9836269893225538,2.530889506207091,1.6977412952699668e-31,9.137371782561472e-31
GandalGenes,GeneM11_greenyellow,EFNB3,sibling,247,196,9567,28,29.4181,0.9517943020985623,0.6324604015374885,1.375607771331785,0.9263510551327327,1
GandalGenes,GeneM12_tan,PPM1K,asd_d_proband,170,130,13841,39,20.3318,1.9181790388898146,1.3640128104281721,2.622213891919539,2.0632668169773052e-4,3.5415704685866226e-4
GandalGenes,GeneM12_tan,PPM1K,asd_da_proband,170,130,24839,44,36.4873,1.2058979906495808,0.8762073260753239,1.6188617666186473,0.2134260780365636,0.3145666345995827
GandalGenes,GeneM12_tan,PPM1K,proband,170,130,38680,81,56.8191,1.4255765931238484,1.1321135906586148,1.7718615409604126,0.0022215132556567163,0.0037496251844738363
GandalGenes,GeneM12_tan,PPM1K,sibling,170,130,9567,19,14.0535,1.3519786377537222,0.813979457175623,2.111282115405393,0.18079076938149893,1
GandalGenes,GeneM13_salmon,MIDN,asd_d_proband,162,141,13841,42,22.241,1.8884080118586652,1.36099839293851,2.5525790395459462,1.6971816993131388e-4,2.931256454317576e-4
GandalGenes,GeneM13_salmon,MIDN,asd_da_proband,162,141,24839,58,39.9135,1.4531414758126866,1.1034312462988287,1.8785223295888416,0.006871457580114565,0.014473648522293553
GandalGenes,GeneM13_salmon,MIDN,proband,162,141,38680,98,62.1545,1.5767165377882668,1.2800546999016646,1.9215124323197144,2.5733588873470127e-5,4.8532272569635396e-5
GandalGenes,GeneM13_salmon,MIDN,sibling,162,141,9567,23,15.3731,1.4961187806276612,0.9484109683557226,2.244912758421812,0.05551972334048736,1
GandalGenes,GeneM14_cyan,HIVEP2,asd_d_proband,160,135,13841,63,24.8401,2.536225655084299,1.9489054306952327,3.2449343527753856,1.210724650434757e-10,2.8881097657051805e-10
GandalGenes,GeneM14_cyan,HIVEP2,asd_da_proband,160,135,24839,62,44.5779,1.390824692675018,1.066337316754424,1.7829744866496104,0.01311865828863253,0.02584810682001069
GandalGenes,GeneM14_cyan,HIVEP2,proband,160,135,38680,119,69.4179,1.7142545328173342,1.42011774392106,2.051361129031819,5.476665275631024e-8,1.2300935195856296e-7
GandalGenes,GeneM14_cyan,HIVEP2,sibling,160,135,9567,12,17.1696,0.6989084360828003,0.36113618767091527,1.2208523853198303,0.27491298252249213,1
GandalGenes,GeneM15_midnightblue,NECAP2,asd_d_proband,240,208,13841,42,30.6763,1.3691367767357288,0.9867533611109257,1.8506751806921924,0.04643537638369615,0.06458053594436644
GandalGenes,GeneM15_midnightblue,NECAP2,asd_da_proband,240,208,24839,73,55.0515,1.326031274988395,1.0393968436290388,1.6672852452823634,0.018249799184745636,0.034922073355216646
GandalGenes,GeneM15_midnightblue,NECAP2,proband,240,208,38680,112,85.7278,1.3064613668941207,1.0757362480155535,1.5720125094345587,0.005847412586172267,0.009397039099750079
GandalGenes,GeneM15_midnightblue,NECAP2,sibling,240,208,9567,26,21.2037,1.2262036048937561,0.8009969054118335,1.7966723870325867,0.2770903374284729,1
GandalGenes,GeneM16_lightcyan,MAPK15,asd_d_proband,146,122,13841,48,20.5938,2.330799222712921,1.7185473507935083,3.0903016180405642,2.041408957739441e-7,4.127276912743625e-7
GandalGenes,GeneM16_lightcyan,MAPK15,asd_da_proband,146,122,24839,54,36.9575,1.4611363600292173,1.0976506034412539,1.906466002133381,0.00818066979619324,0.017009164272379685
GandalGenes,GeneM16_lightcyan,MAPK15,proband,146,122,38680,100,57.5513,1.7375792852448262,1.4137638576244533,2.113361974244641,3.2724371797535864e-7,7.005348634331787e-7
GandalGenes,GeneM16_lightcyan,MAPK15,sibling,146,122,9567,12,14.2346,0.8430174569240498,0.43559942163513055,1.47258184336761,0.6897911387317575,1
GandalGenes,GeneM17_grey60,STAT4,asd_d_proband,194,173,13841,77,28.9301,2.6615888332380613,2.1004842845894167,3.3265293716703916,9.937527016700658e-14,2.6547734044615185e-13
GandalGenes,GeneM17_grey60,STAT4,asd_da_proband,194,173,24839,102,51.9178,1.9646435805896452,1.6019320495343459,2.3849432605435337,6.597150076761062e-10,3.6156225420695336e-9
GandalGenes,GeneM17_grey60,STAT4,proband,194,173,38680,169,80.8479,2.0903448964877693,1.7870646647375357,2.430346074900634,1.0083473060776542e-17,3.383894930101775e-17
GandalGenes,GeneM17_grey60,STAT4,sibling,194,173,9567,23,19.9967,1.1501904869681958,0.729122104249908,1.7258504687221758,0.5004220562554319,1
GandalGenes,GeneM18_lightgreen,DNAH1,asd_d_proband,125,71,13841,22,11.1791,1.9679582259742823,1.233308942829027,2.9795124042531524,0.0037645597982753506,0.00588179469183554
GandalGenes,GeneM18_lightgreen,DNAH1,asd_da_proband,125,71,24839,21,20.062,1.0467569436624788,0.647959046216598,1.6000791806400734,0.8226207362277764,0.9008135899138309
GandalGenes,GeneM18_lightgreen,DNAH1,proband,125,71,38680,42,31.2411,1.344384473817596,0.9689140783491731,1.8172172578214192,0.05966093508423552,0.08562657475611664
GandalGenes,GeneM18_lightgreen,DNAH1,sibling,125,71,9567,8,7.7271,1.0353206497984564,0.4469779716907595,2.0399944132933205,0.856170048127853,1
GandalGenes,GeneM19_lightyellow,MARCH4,asd_d_proband,168,148,13841,193,39.8009,4.849140845946882,4.1891168677780115,5.583637629080686,5.7246514492431995e-68,5.1847656215096943e-67
GandalGenes,GeneM19_lightyellow,MARCH4,asd_da_proband,168,148,24839,156,71.4265,2.1840644461221714,1.854782056358301,2.5549534506218676,4.4132157912877435e-18,5.357549062756842e-17
GandalGenes,GeneM19_lightyellow,MARCH4,proband,168,148,38680,340,111.2273,3.0568027113093845,2.740480475500194,3.399620477666213,7.41334389816579e-68,8.72023235856409e-67
GandalGenes,GeneM19_lightyellow,MARCH4,sibling,168,148,9567,22,27.5106,0.7996903679977846,0.5011616960810386,1.2107408275048948,0.33977394211542444,1
GandalGenes,GeneM1_turquoise,KIF13B,asd_d_proband,1100,825,13841,213,141.7164,1.503002048577133,1.3079213554313105,1.7189749146622237,2.112350898989272e-8,4.45674034370085e-8
GandalGenes,GeneM1_turquoise,KIF13B,asd_da_proband,1100,825,24839,308,254.3236,1.2110555011157635,1.0795674908255601,1.3541416252707212,0.0011000218442629387,0.0026536851755830293
GandalGenes,GeneM1_turquoise,KIF13B,proband,1100,825,38680,506,396.04,1.2776487934350207,1.1687364559208953,1.3939785344817641,1.1125054752469813e-7,2.436408344062967e-7
GandalGenes,GeneM1_turquoise,KIF13B,sibling,1100,825,9567,84,97.9554,0.8575332133816371,0.6840020750542639,1.0616844689107376,0.17220349040020946,1
GandalGenes,GeneM20_royalblue,PKD1P6,asd_d_proband,111,67,13841,43,10.6265,4.046488753809987,2.928463975314319,5.450593796100446,7.206138920856939e-14,1.939043178220925e-13
GandalGenes,GeneM20_royalblue,PKD1P6,asd_da_proband,111,67,24839,44,19.0703,2.3072567212151345,1.676456265737899,3.0973844559912393,8.354527984613234e-7,3.219202080077932e-6
GandalGenes,GeneM20_royalblue,PKD1P6,proband,111,67,38680,81,29.6968,2.7275699948054437,2.1660842886213296,3.39012045889666,6.648777813129398e-15,2.0284105574279795e-14
GandalGenes,GeneM20_royalblue,PKD1P6,sibling,111,67,9567,3,7.3451,0.4084348876697078,0.08422909300641487,1.1936200638032868,0.13595999403830664,1
GandalGenes,GeneM21_darkred,STK17A,asd_d_proband,110,99,13841,32,15.8382,2.0204379046194,1.381978031085339,2.8522554781773053,3.3894315963215995e-4,5.747072752362651e-4
GandalGenes,GeneM21_darkred,STK17A,asd_da_proband,110,99,24839,41,28.4231,1.442489787420138,1.0351555761604367,1.9569002771547537,0.023804132293643233,0.04427490174550776
GandalGenes,GeneM21_darkred,STK17A,proband,110,99,38680,68,44.2612,1.5363333041727991,1.1930229254382376,1.9476685431602128,8.85302009756614e-4,0.0015235740469567067
GandalGenes,GeneM21_darkred,STK17A,sibling,110,99,9567,16,10.9474,1.461528223990651,0.8353896609491224,2.3734302707947883,0.1285416437953749,1
GandalGenes,GeneM22_darkgreen,GDF11,asd_d_proband,104,81,13841,28,10.6875,2.6198890247345963,1.7408972305401709,3.7864690873916986,7.551000608786635e-6,1.4066579729411893e-5
GandalGenes,GeneM22_darkgreen,GDF11,asd_da_proband,104,81,24839,36,19.1797,1.8769846722732337,1.314616988879186,2.598537960973542,5.214195107253821e-4,0.0013501895128645788
GandalGenes,GeneM22_darkgreen,GDF11,proband,104,81,38680,63,29.8672,2.109339167025362,1.6208741322180371,2.698761094468824,1.1175274552937623e-7,2.442718058410312e-7
GandalGenes,GeneM22_darkgreen,GDF11,sibling,104,81,9567,5,7.3873,0.6768408515759448,0.2197683821619416,1.5795207642079336,0.5766127508399786,1
GandalGenes,GeneM23_darkturquoise,LANCL1,asd_d_proband,102,89,13841,30,17.277,1.7364162212590468,1.1715527327752038,2.478842125907392,0.005127134544568694,0.007921813984257316
GandalGenes,GeneM23_darkturquoise,LANCL1,asd_da_proband,102,89,24839,45,31.0052,1.4513710446342327,1.058639999207374,1.9420486482710395,0.015184145885363053,0.029505853192039393
GandalGenes,GeneM23_darkturquoise,LANCL1,proband,102,89,38680,71,48.2821,1.4705233722937776,1.1484909540207136,1.8548651416302089,0.0019137117759654748,0.003254165627983021
GandalGenes,GeneM23_darkturquoise,LANCL1,sibling,102,89,9567,12,11.942,1.0048599108789158,0.5192257792623859,1.7552880402826592,0.8850924466349386,1
GandalGenes,GeneM24_darkgrey,SLC38A5,asd_d_proband,102,80,13841,19,13.0311,1.4580543110215083,0.8778439418168217,2.276932419038858,0.09649395273785656,0.1261669757628782
GandalGenes,GeneM24_darkgrey,SLC38A5,asd_da_proband,102,80,24839,24,23.3855,1.0262772534116948,0.6575552010301986,1.5270192032325256,0.836121933246041,0.9094235670855302
GandalGenes,GeneM24_darkgrey,SLC38A5,proband,102,80,38680,42,36.4166,1.1533215155277379,0.8312127036729272,1.5589556430105864,0.36084206865096735,0.444622894525652
GandalGenes,GeneM24_darkgrey,SLC38A5,sibling,102,80,9567,6,9.0072,0.6661362155715765,0.2444602508515328,1.4498981004526517,0.4038162873153572,1
GandalGenes,GeneM25_orange,CIRBP,asd_d_proband,102,82,13841,36,16.4832,2.184047883057025,1.5296802866882582,3.023642876014611,3.221341022242574e-5,5.8161651519906446e-5
GandalGenes,GeneM25_orange,CIRBP,asd_da_proband,102,82,24839,49,29.5806,1.6564910587743085,1.2254812043939596,2.189969027575851,8.815886978054873e-4,0.0021923207925603418
GandalGenes,GeneM25_orange,CIRBP,proband,102,82,38680,84,46.0638,1.8235595246961909,1.4545424939967362,2.2576907754622138,4.3671232330548276e-7,9.2618728790252e-7
GandalGenes,GeneM25_orange,CIRBP,sibling,102,82,9567,11,11.3933,0.9654816738189003,0.4819649729607118,1.7275134079991665,1,1
GandalGenes,GeneM26_darkorange,PNCK,asd_d_proband,101,70,13841,14,11.3351,1.2351026810648948,0.6752421289244741,2.0722924303412644,0.3734766283593145,0.4284788506614587
GandalGenes,GeneM26_darkorange,PNCK,asd_da_proband,101,70,24839,19,20.3419,0.9340325063804183,0.5623485839917639,1.4586074593639202,0.911421008922249,0.9772025822157827
GandalGenes,GeneM26_darkorange,PNCK,proband,101,70,38680,31,31.677,0.9786281992672394,0.6649303814916352,1.3890846123340475,1,1
GandalGenes,GeneM26_darkorange,PNCK,sibling,101,70,9567,7,7.8349,0.8934387064188988,0.359208697734722,1.8408252026084424,1,1
GandalGenes,GeneM27_white,RPS8,asd_d_proband,94,67,13841,12,7.9578,1.5079453725559877,0.7791773785319588,2.634077097903101,0.152507894049113,0.19328076674711248
GandalGenes,GeneM27_white,RPS8,asd_da_proband,94,67,24839,23,14.2811,1.6105179144879382,1.0209302059512586,2.416567628663865,0.032376732362113754,0.05829877326447597
GandalGenes,GeneM27_white,RPS8,proband,94,67,38680,33,22.239,1.483881792379923,1.0214359480992103,2.0839217378688697,0.03276388829022317,0.04886744645639822
GandalGenes,GeneM27_white,RPS8,sibling,94,67,9567,5,5.5005,0.9090045600130406,0.2951513063473509,2.12131341357015,1,1
GandalGenes,GeneM28_saddlebrown,OLFML3,asd_d_proband,92,70,13841,2,7.5144,0.2661545575550267,0.0322325516832956,0.961441774838164,0.04190419349573608,0.05857123156116687
GandalGenes,GeneM28_saddlebrown,OLFML3,asd_da_proband,92,70,24839,15,13.4854,1.1123168901080334,0.6225553196315762,1.8345975543815474,0.6810116549345622,0.7926414004341451
GandalGenes,GeneM28_saddlebrown,OLFML3,proband,92,70,38680,17,20.9998,0.8095316562697147,0.47158202195233184,1.2961386022530164,0.4448073905631916,0.5303293966902838
GandalGenes,GeneM28_saddlebrown,OLFML3,sibling,92,70,9567,2,5.194,0.38505751344403943,0.04663225126460692,1.3909601343718019,0.2636400194865306,1
GandalGenes,GeneM29_steelblue,ACOT11,asd_d_proband,87,47,13841,14,7.2364,1.9346753890332324,1.0577050382096496,3.24605656300932,0.022448882925471994,0.032020557719559285
GandalGenes,GeneM29_steelblue,ACOT11,asd_da_proband,87,47,24839,20,12.9863,1.540080521967699,0.940721192985876,2.3785294581543313,0.06839339887283806,0.11205559694369259
GandalGenes,GeneM29_steelblue,ACOT11,proband,87,47,38680,34,20.2227,1.6812797865761284,1.1643351272334608,2.349419982873975,0.00499116967529794,0.00805505601062935
GandalGenes,GeneM29_steelblue,ACOT11,sibling,87,47,9567,6,5.0018,1.1995628750440788,0.4402184335434201,2.6109433675026628,0.6491292945548399,1
GandalGenes,GeneM2_blue,PON2,asd_d_proband,737,624,13841,129,88.0569,1.4649616596780952,1.2230820526587174,1.7406764905269672,3.883369666612778e-5,6.955102586184301e-5
GandalGenes,GeneM2_blue,PON2,asd_da_proband,737,624,24839,192,158.0266,1.2149856210953789,1.04919790496915,1.3995313317793856,0.008592673265586548,0.017762165867262838
GandalGenes,GeneM2_blue,PON2,proband,737,624,38680,312,246.0835,1.2678624675253538,1.1310665975587926,1.4166433814479071,5.073481525333914e-5,9.428082117925075e-5
GandalGenes,GeneM2_blue,PON2,sibling,737,624,9567,58,60.8656,0.9529195492200352,0.7235917653718666,1.2318694919298518,0.7974267156858635,1
GandalGenes,GeneM30_paleturquoise,FBLN2,asd_d_proband,86,77,13841,30,14.5117,2.067294022714234,1.3947945959665093,2.951190761409099,3.0602661816708353e-4,5.19685446094712e-4
GandalGenes,GeneM30_paleturquoise,FBLN2,asd_da_proband,86,77,24839,28,26.0427,1.0751582376033066,0.7144348407756169,1.553903005930517,0.6941941811960373,0.8046665611604991
GandalGenes,GeneM30_paleturquoise,FBLN2,proband,86,77,38680,55,40.5544,1.3562029569642575,1.0216776690204215,1.765284564157175,0.02759155842202074,0.0416428150258276
GandalGenes,GeneM30_paleturquoise,FBLN2,sibling,86,77,9567,15,10.0306,1.4954226282213712,0.8369766930413385,2.466472208504622,0.11374122848000867,1
GandalGenes,GeneM31_violet,FBXO31,asd_d_proband,83,71,13841,14,10.5145,1.3314888877388646,0.7279373650301644,2.234012107208585,0.27675525351715613,0.33009138374530184
GandalGenes,GeneM31_violet,FBXO31,asd_da_proband,83,71,24839,21,18.8694,1.1129154371267134,0.6889121964046658,1.70120946561745,0.5649651890735714,0.6836502663066046
GandalGenes,GeneM31_violet,FBXO31,proband,83,71,38680,33,29.3839,1.123063864568972,0.77306548889055,1.5771992165472213,0.46089251673512777,0.544951670046405
GandalGenes,GeneM31_violet,FBXO31,sibling,83,71,9567,6,7.2677,0.825567248810358,0.30296863017096315,1.7969123399468485,0.8517393435962215,1
GandalGenes,GeneM32_darkmagenta,SPR,asd_d_proband,64,54,13841,9,6.5361,1.3769648834612258,0.6296360263812243,2.613908265937927,0.3221241541324821,0.37575529602469643
GandalGenes,GeneM32_darkmagenta,SPR,asd_da_proband,64,54,24839,11,11.7297,0.9377917364353329,0.46814225598508313,1.6779684612705943,1,1
GandalGenes,GeneM32_darkmagenta,SPR,proband,64,54,38680,19,18.2658,1.0401954730775298,0.6262656249798109,1.624394082500505,0.814528149741583,0.8687703639259058
GandalGenes,GeneM32_darkmagenta,SPR,sibling,64,54,9567,11,4.5178,2.4348080841765682,1.2154474230598389,4.356544225932924,0.006856353696878111,1
GandalGenes,GeneM33_sienna3,GKAP1,asd_d_proband,61,50,13841,17,10.0567,1.6904103235743948,0.9847263070521771,2.7065106806666983,0.03820887443579257,0.05360791702956288
GandalGenes,GeneM33_sienna3,GKAP1,asd_da_proband,61,50,24839,21,18.0478,1.1635789900144156,0.720273734157832,1.778654087966197,0.47806804537873565,0.6044107762962962
GandalGenes,GeneM33_sienna3,GKAP1,proband,61,50,38680,38,28.1045,1.352096893008306,0.9568242342148562,1.8558586242461765,0.07191390241309871,0.1014261590276213
GandalGenes,GeneM33_sienna3,GKAP1,sibling,61,50,9567,5,6.9513,0.7192914764783723,0.23355198451816428,1.6785863618751915,0.7010011435802825,1
GandalGenes,GeneM34_plum1,TIFA,asd_d_proband,55,47,13841,9,6.6695,1.349436288232444,0.6170481996908748,2.5616504171848815,0.32964953842909395,0.38332942151358107
GandalGenes,GeneM34_plum1,TIFA,asd_da_proband,55,47,24839,12,11.969,1.002592571650778,0.5180542119973007,1.7513274549440192,0.885340185695797,0.952858979647812
GandalGenes,GeneM34_plum1,TIFA,proband,55,47,38680,21,18.6384,1.1267048746809445,0.6974480755880801,1.7222880857086253,0.5610663998749787,0.642103071471766
GandalGenes,GeneM34_plum1,TIFA,sibling,55,47,9567,4,4.61,0.8676839443654811,0.2364146715538621,2.221615514610781,1,1
GandalGenes,GeneM35_mediumpurple3,KCNG1,asd_d_proband,53,42,13841,13,5.9479,2.1856517253311263,1.1637674926632728,3.737531014870614,0.010866894205769894,0.01618411784121345
GandalGenes,GeneM35_mediumpurple3,KCNG1,asd_da_proband,53,42,24839,14,10.674,1.3115927416386566,0.7170599568145871,2.2006297548029727,0.28249897766436904,0.38990384570057784
GandalGenes,GeneM35_mediumpurple3,KCNG1,proband,53,42,38680,25,16.6219,1.5040373443992183,0.9733336672915625,2.2202558186235244,0.04832298391708613,0.07032719980790213
GandalGenes,GeneM35_mediumpurple3,KCNG1,sibling,53,42,9567,5,4.1112,1.2161840593992217,0.3948916536627218,2.8381678949297604,0.6151363064061344,1
GandalGenes,GeneM3_brown,GOT1,asd_d_proband,691,607,13841,370,125.1405,2.9566757499259557,2.6630478316733304,3.273836109484892,4.353530915434022e-70,4.2172464693856527e-69
GandalGenes,GeneM3_brown,GOT1,asd_da_proband,691,607,24839,318,224.5767,1.4159974015799695,1.2646255473687555,1.5804997569277475,3.971246965721033e-9,1.992683477466243e-8
GandalGenes,GeneM3_brown,GOT1,proband,691,607,38680,654,349.7172,1.8700823305423748,1.7294852560767549,2.019064489573107,9.757714960730191e-48,7.522670790671046e-47
GandalGenes,GeneM3_brown,GOT1,sibling,691,607,9567,76,86.4981,0.8786324974529879,0.6922624736790087,1.099739590429198,0.28199004018517365,1
GandalGenes,GeneM4_yellow,SCN9A,asd_d_proband,467,281,13841,63,39.3993,1.599014433076232,1.2287265946289572,2.0458340739796124,4.350372061126482e-4,7.331791945680637e-4
GandalGenes,GeneM4_yellow,SCN9A,asd_da_proband,467,281,24839,79,70.7058,1.1173064009608813,0.8845819995498106,1.3924971453842239,0.311897757803159,0.4237455698673484
GandalGenes,GeneM4_yellow,SCN9A,proband,467,281,38680,134,110.105,1.2170197776382072,1.019692308238877,1.441392746977521,0.025045892720856947,0.038052414906122205
GandalGenes,GeneM4_yellow,SCN9A,sibling,467,281,9567,28,27.2331,1.028162027720666,0.6832062006087449,1.4859803976577415,0.8477276220406783,1
GandalGenes,GeneM5_green,DLG3,asd_d_proband,398,370,13841,389,92.9567,4.184745768091251,3.7791713945394227,4.621986749910147,1.4611502183216056e-115,2.855651479316261e-114
GandalGenes,GeneM5_green,DLG3,asd_da_proband,398,370,24839,312,166.8196,1.870283458062117,1.6684894470531433,2.0897571701657927,1.0192805963038725e-23,1.6439539903243887e-22
GandalGenes,GeneM5_green,DLG3,proband,398,370,38680,667,259.7763,2.5675937784612475,2.3764100711708562,2.7700642644239197,1.2933893245798224e-98,2.544408998871685e-97
GandalGenes,GeneM5_green,DLG3,sibling,398,370,9567,65,64.2523,1.011636589639841,0.7807597623560677,1.2894138782124585,0.9006390910694995,1
GandalGenes,GeneM6_red,WDPCP,asd_d_proband,296,250,13841,105,45.0296,2.3317998840963963,1.907181286453998,2.8227859299559204,2.3631833192936957e-14,6.48420250663344e-14
GandalGenes,GeneM6_red,WDPCP,asd_da_proband,296,250,24839,119,80.8099,1.4725915356985113,1.219919988169141,1.762175323117601,7.367083370447212e-5,2.121795185008904e-4
GandalGenes,GeneM6_red,WDPCP,proband,296,250,38680,216,125.8395,1.7164720328675078,1.4951826841824198,1.961285829333348,2.6352173514900544e-13,7.554731150879779e-13
GandalGenes,GeneM6_red,WDPCP,sibling,296,250,9567,27,31.1248,0.8674759359166301,0.5716721078880175,1.2621319425101885,0.5298922764815241,1
GandalGenes,GeneM7_black,OSMR,asd_d_proband,253,234,13841,38,27.6417,1.3747368794994648,0.9728456361195973,1.8869337745550798,0.05622832621024131,0.07657500659927728
GandalGenes,GeneM7_black,OSMR,asd_da_proband,253,234,24839,52,49.6056,1.048268876571339,0.7828973365395009,1.3746651663209457,0.722207552085211,0.8277891637606125
GandalGenes,GeneM7_black,OSMR,proband,253,234,38680,87,77.2472,1.1262537310021716,0.902083069066193,1.3892298162988599,0.2552476377381618,0.3264995007390612
GandalGenes,GeneM7_black,OSMR,sibling,253,234,9567,16,19.1061,0.8374283595100303,0.47866266407780234,1.3599311908299079,0.5667665608725903,1
GandalGenes,GeneM8_pink,LAPTM5,asd_d_proband,253,226,13841,30,25.3127,1.1851769702460646,0.7996339249279973,1.6919138191251393,0.32063293912580004,0.374800728421974
GandalGenes,GeneM8_pink,LAPTM5,asd_da_proband,253,226,24839,35,45.426,0.7704835213188298,0.5366700031702555,1.0715560632258148,0.13707929338164532,0.21056125473180623
GandalGenes,GeneM8_pink,LAPTM5,proband,253,226,38680,64,70.7387,0.9047381975967339,0.6967586565661247,1.1553304801763706,0.4751421417978292,0.5589043131869311
GandalGenes,GeneM8_pink,LAPTM5,sibling,253,226,9567,17,17.4963,0.9716336907006315,0.5660124306552733,1.5556796624480198,1,1
GandalGenes,GeneM9_magenta,GSDMB,asd_d_proband,241,138,13841,14,18.6799,0.7494684541049639,0.4097413780004419,1.2574807164066726,0.3526560972932947,0.40752997135345465
GandalGenes,GeneM9_magenta,GSDMB,asd_da_proband,241,138,24839,53,33.5229,1.5810097665627805,1.1842848062041544,2.067999701188958,0.0017554992919517286,0.004044813674721432
GandalGenes,GeneM9_magenta,GSDMB,proband,241,138,38680,65,52.2028,1.2451442915540374,0.960976076912015,1.587038612826748,0.08299585530069614,0.11619419742097459
GandalGenes,GeneM9_magenta,GSDMB,sibling,241,138,9567,15,12.9117,1.1617382154355154,0.650216060252784,1.9161105147496016,0.4876092441817683,1
GandalIsoforms,IsoformM0_grey,IsoformM0 (NA),asd_d_proband,21093,13717,13841,5080,2206.1667,2.3026364817264655,2.239746786379599,2.3668443132182544,5e-324,6.87e-322
GandalIsoforms,IsoformM0_grey,IsoformM0 (NA),asd_da_proband,21093,13717,24839,5687,3959.1775,1.4364094652104178,1.3993169688729643,1.4742362748200386,2.4986759731942897e-146,2.821005173736353e-143
GandalIsoforms,IsoformM0_grey,IsoformM0 (NA),proband,21093,13717,38680,10330,6165.3442,1.675494449944325,1.643338053564764,1.7081218556406474,5e-324,1.41e-321
GandalIsoforms,IsoformM0_grey,IsoformM0 (NA),sibling,21093,13717,9567,1524,1524.9185,0.9993976652109128,0.9498458837079161,1.0508638551389,1,1
GandalIsoforms,IsoformM10_lightcyan,SPATA2L,asd_d_proband,55,47,13841,11,9.3857,1.1719957866206956,0.585056074005466,2.097024200881468,0.5144703465975964,0.5765794427663202
GandalIsoforms,IsoformM10_lightcyan,SPATA2L,asd_da_proband,55,47,24839,28,16.8435,1.6623587654065906,1.1046253270799067,2.4025712608206127,0.01017701321890534,0.02059112531208625
GandalIsoforms,IsoformM10_lightcyan,SPATA2L,proband,55,47,38680,38,26.2292,1.4487650651956563,1.0252323862521846,1.9885432432048467,0.030749218909993402,0.046286093372430705
GandalIsoforms,IsoformM10_lightcyan,SPATA2L,sibling,55,47,9567,7,6.4875,1.079004112415969,0.4338156152030702,2.223160861045334,0.8423668833506532,1
GandalIsoforms,IsoformM11_grey60,KIF13B,asd_d_proband,3675,2691,13841,1175,506.3886,2.3203522864303046,2.1895593208506283,2.4569170543583754,1.8574893905589406e-141,4.402645066133319e-140
GandalIsoforms,IsoformM11_grey60,KIF13B,asd_da_proband,3675,2691,24839,1332,908.7629,1.4657288826789656,1.3880626820791677,1.5466093999898924,2.437132169500408e-39,7.861492055331317e-38
GandalIsoforms,IsoformM11_grey60,KIF13B,proband,3675,2691,38680,2398,1415.1515,1.6945182160127499,1.627368104144505,1.763727655002975,1.275899511075589e-124,3.2351140936383266e-123
GandalIsoforms,IsoformM11_grey60,KIF13B,sibling,3675,2691,9567,335,350.0195,0.9570895217221805,0.8573325324494724,1.0652672294287115,0.43829316420607345,1
GandalIsoforms,IsoformM12_lightgreen,TTBK1,asd_d_proband,257,233,13841,363,77.172,4.703780981254381,4.2322840389269745,5.213443904200966,2.8806931937686805e-122,6.171331188189058e-121
GandalIsoforms,IsoformM12_lightgreen,TTBK1,asd_da_proband,257,233,24839,259,138.4925,1.8701377292285015,1.6492949076200307,2.112314816884605,6.428163218241793e-20,8.538113262817629e-19
GandalIsoforms,IsoformM12_lightgreen,TTBK1,proband,257,233,38680,591,215.6644,2.7403683998871333,2.52385806377764,2.9704849455659885,4.705843289915841e-98,9.100622362362668e-97
GandalIsoforms,IsoformM12_lightgreen,TTBK1,sibling,257,233,9567,49,53.3418,0.9186038081189766,0.6795881542321675,1.2144429501975829,0.6312759163204917,1
GandalIsoforms,IsoformM13_lightyellow,RP11-794G24.1,asd_d_proband,142,100,13841,108,30.1726,3.5794092977195833,2.9362588247797765,4.321563699703256,5.157473445808584e-28,2.015938743379215e-27
GandalIsoforms,IsoformM13_lightyellow,RP11-794G24.1,asd_da_proband,142,100,24839,84,54.1476,1.5513159351922257,1.2373903449778036,1.9206346868740314,1.7186649348872594e-4,4.7441875586496724e-4
GandalIsoforms,IsoformM13_lightyellow,RP11-794G24.1,proband,142,100,38680,184,84.3202,2.1821592057603607,1.8782366161711335,2.5212542616294606,7.660601768876252e-21,2.8564531432313083e-20
GandalIsoforms,IsoformM13_lightyellow,RP11-794G24.1,sibling,142,100,9567,17,20.8555,0.8151325249270494,0.4748447343436991,1.305106135538091,0.5094720676884333,1
GandalIsoforms,IsoformM14_darkred,DSP,asd_d_proband,128,117,13841,21,18.1847,1.1548196304201728,0.7148515525114459,1.7652644763592764,0.48039691130750295,0.542210900908367
GandalIsoforms,IsoformM14_darkred,DSP,asd_da_proband,128,117,24839,32,32.6341,0.9805690976529987,0.6707085369064536,1.384270991015186,1,1
GandalIsoforms,IsoformM14_darkred,DSP,proband,128,117,38680,50,50.8188,0.9838884685481367,0.7302609855599357,1.2971342876391265,1,1
GandalIsoforms,IsoformM14_darkred,DSP,sibling,128,117,9567,13,12.5694,1.0342604317440056,0.5507001209120836,1.768616836935014,0.8871199560417188,1
GandalIsoforms,IsoformM15_darkturquoise,SNHG14,asd_d_proband,110,74,13841,133,18.2664,7.28113395152229,6.0963413012988985,8.628966765055745,5.727743344047289e-67,5.104564868214944e-66
GandalIsoforms,IsoformM15_darkturquoise,SNHG14,asd_da_proband,110,74,24839,77,32.7808,2.3489375266256167,1.8537447627314032,2.9357688824658603,3.784914662896639e-11,2.3872450583297795e-10
GandalIsoforms,IsoformM15_darkturquoise,SNHG14,proband,110,74,38680,196,51.0472,3.8395864864809237,3.320842278492907,4.416385874149659,1.0400372012297365e-53,8.990018534872193e-53
GandalIsoforms,IsoformM15_darkturquoise,SNHG14,sibling,110,74,9567,18,12.6259,1.4256456054013682,0.8449279384588129,2.253134689384051,0.15566138983353905,1
GandalIsoforms,IsoformM16_darkgrey,NUFIP2,asd_d_proband,88,85,13841,33,17.4844,1.887401671713589,1.2992004658934506,2.6506136755446916,7.250157987687419e-4,0.0012018863092684204
GandalIsoforms,IsoformM16_darkgrey,NUFIP2,asd_da_proband,88,85,24839,51,31.3773,1.6253763368792928,1.2101994425691858,2.137069710298345,0.0012080296525216166,0.002883436527900434
GandalIsoforms,IsoformM16_darkgrey,NUFIP2,proband,88,85,38680,82,48.8617,1.6782059290929445,1.3347269785815867,2.0830960545743844,1.5358996944837682e-5,2.955247135591871e-5
GandalIsoforms,IsoformM16_darkgrey,NUFIP2,sibling,88,85,9567,24,12.0853,1.9858815084571233,1.2723917539579732,2.9548342698597376,0.002098396493653597,0.7547232722174104
GandalIsoforms,IsoformM17_orange,SEMA3G,asd_d_proband,63,56,13841,13,9.4206,1.3799493730948285,0.7347649231194524,2.359755454685629,0.24937088915897787,0.2999991042366105
GandalIsoforms,IsoformM17_orange,SEMA3G,asd_da_proband,63,56,24839,15,16.9062,0.8872467586490315,0.49658527559460147,1.4633786001328943,0.806946832480375,0.8896904041702572
GandalIsoforms,IsoformM17_orange,SEMA3G,proband,63,56,38680,27,26.3269,1.0255682530648895,0.6758559410563099,1.492147963793165,0.8453064825005016,0.89305064493803
GandalIsoforms,IsoformM17_orange,SEMA3G,sibling,63,56,9567,6,6.5116,0.9214308451168931,0.33814888047535085,2.005567030891917,1,1
GandalIsoforms,IsoformM18_white,TMEFF2,asd_d_proband,49,43,13841,11,7.0094,1.5693101652608088,0.7833939803074587,2.8079293738163176,0.1286186600364717,0.16488053772224337
GandalIsoforms,IsoformM18_white,TMEFF2,asd_da_proband,49,43,24839,16,12.5791,1.27194826302478,0.7270283329129149,2.065564291399668,0.32104918158336465,0.43357000718614674
GandalIsoforms,IsoformM18_white,TMEFF2,proband,49,43,38680,25,19.5886,1.2762539953332033,0.8259242939006781,1.8840026610588843,0.212912361908326,0.2785928955704128
GandalIsoforms,IsoformM18_white,TMEFF2,sibling,49,43,9567,5,4.845,1.031995495756001,0.3350861284046759,2.408333229769249,0.8193622757843673,1
GandalIsoforms,IsoformM19_saddlebrown,GPR37L1,asd_d_proband,754,552,13841,243,97.6078,2.4895554551808843,2.1863530055939853,2.8230482093824594,3.429961474494686e-35,1.713442637931426e-34
GandalIsoforms,IsoformM19_saddlebrown,GPR37L1,asd_da_proband,754,552,24839,262,175.1665,1.4957195960838099,1.320073703158682,1.6882311108007642,8.370682892739643e-10,4.52177080665218e-9
GandalIsoforms,IsoformM19_saddlebrown,GPR37L1,proband,754,552,38680,493,272.7743,1.8073549529741977,1.6513156745473754,1.9741655952395445,5.531683463240953e-33,3.063908170659188e-32
GandalIsoforms,IsoformM19_saddlebrown,GPR37L1,sibling,754,552,9567,55,67.4672,0.8152107824494971,0.6141283262187036,1.061108887429241,0.14344844847080668,1
GandalIsoforms,IsoformM1_turquoise,LAPTM5,asd_d_proband,370,313,13841,40,35.9522,1.1125881178760653,0.7948492631148166,1.5150292352228723,0.50364080220203,0.5655804976341345
GandalIsoforms,IsoformM1_turquoise,LAPTM5,asd_da_proband,370,313,24839,56,64.5197,0.867952212058926,0.6556417733336456,1.1271081425011433,0.3189118622909125,0.43171641789741033
GandalIsoforms,IsoformM1_turquoise,LAPTM5,proband,370,313,38680,94,100.4719,0.9355850705242542,0.7560479715722953,1.1449191817271192,0.5495328551525095,0.6308017985201342
GandalIsoforms,IsoformM1_turquoise,LAPTM5,sibling,370,313,9567,26,24.8504,1.046259631095401,0.6834515274788768,1.53301277320815,0.7633180203981721,1
GandalIsoforms,IsoformM20_steelblue,SRBD1,asd_d_proband,323,257,13841,97,50.6138,1.9164724893558298,1.5541300852880164,2.3379339109087054,5.7637019616363935e-9,1.258973330443714e-8
GandalIsoforms,IsoformM20_steelblue,SRBD1,asd_da_proband,323,257,24839,119,90.8314,1.3101203051966877,1.0853260449154913,1.5677542727677087,0.0045302172075659085,0.009760716082713571
GandalIsoforms,IsoformM20_steelblue,SRBD1,proband,323,257,38680,210,141.4452,1.4846741709097508,1.2906492211039038,1.6996346574612298,6.729702055127304e-8,1.4968011783431295e-7
GandalIsoforms,IsoformM20_steelblue,SRBD1,sibling,323,257,9567,27,34.9846,0.7717671943393248,0.5085994441109026,1.1228807484185297,0.20381769531334987,1
GandalIsoforms,IsoformM21_paleturquoise,TARBP1,asd_d_proband,241,191,13841,64,36.2442,1.7658000849920437,1.3598812322189573,2.2548872872930845,2.7888001447846994e-5,5.043382080016486e-5
GandalIsoforms,IsoformM21_paleturquoise,TARBP1,asd_da_proband,241,191,24839,93,65.0437,1.4298084821266857,1.1540399783612951,1.7516119876257707,9.858005983494514e-4,0.0024300630470229924
GandalIsoforms,IsoformM21_paleturquoise,TARBP1,proband,241,191,38680,153,101.2879,1.5105461330893535,1.2806782841292452,1.7697616162928849,1.680726861646645e-6,3.461569222272242e-6
GandalIsoforms,IsoformM21_paleturquoise,TARBP1,sibling,241,191,9567,21,25.0523,0.8382480442273447,0.5188887511269424,1.2813511788969005,0.4839954640173506,1
GandalIsoforms,IsoformM22_violet,VMA21,asd_d_proband,271,240,13841,121,34.3321,3.5243976584975276,2.924451724056275,4.211205472785107,1.3941783345953034e-30,6.138793141261534e-30
GandalIsoforms,IsoformM22_violet,VMA21,asd_da_proband,271,240,24839,116,61.6123,1.882742317379014,1.5557464063140085,2.2581700700228766,6.372363813688974e-10,3.509462802758464e-9
GandalIsoforms,IsoformM22_violet,VMA21,proband,271,240,38680,229,95.9444,2.3867999457296403,2.0876533621875026,2.7167813230826097,1.2481385010337251e-30,6.473300134906729e-30
GandalIsoforms,IsoformM22_violet,VMA21,sibling,271,240,9567,18,23.7306,0.7585142313779695,0.4495436056350247,1.1987795007638182,0.3027844465513907,1
GandalIsoforms,IsoformM23_darkolivegreen,FBXL17,asd_d_proband,192,180,13841,138,40.5567,3.4026452323620973,2.85863898388527,4.020046131213814,4.058940275165822e-33,1.9406263804870066e-32
GandalIsoforms,IsoformM23_darkolivegreen,FBXL17,asd_da_proband,192,180,24839,132,72.7828,1.8136140720933653,1.5174358963326386,2.15071489449599,3.7992094735202876e-10,2.144653747802202e-9
GandalIsoforms,IsoformM23_darkolivegreen,FBXL17,proband,192,180,38680,255,113.3395,2.249876959329348,1.9821815762504535,2.543645344802044,2.701197717959837e-30,1.351783594821129e-29
GandalIsoforms,IsoformM23_darkolivegreen,FBXL17,sibling,192,180,9567,28,28.0331,0.998820185413526,0.6637087594846419,1.4435732659761382,1,1
GandalIsoforms,IsoformM24_darkmagenta,MAPK8IP3,asd_d_proband,254,215,13841,155,51.3771,3.0169064058546127,2.5606557993525056,3.5310049205341794,2.2341225469490988e-31,1.0158418437964475e-30
GandalIsoforms,IsoformM24_darkmagenta,MAPK8IP3,asd_da_proband,254,215,24839,151,92.2012,1.6377229970243175,1.3869261716219587,1.9207652744510282,2.089362704244623e-8,9.78792735722896e-8
GandalIsoforms,IsoformM24_darkmagenta,MAPK8IP3,proband,254,215,38680,293,143.5783,2.0406981115665466,1.8136985158988101,2.288251372888377,7.099302349737007e-28,3.30624652287752e-27
GandalIsoforms,IsoformM24_darkmagenta,MAPK8IP3,sibling,254,215,9567,42,35.5122,1.1826905428702936,0.8523793153184919,1.5986540361203851,0.27432436190323856,1
GandalIsoforms,IsoformM25_sienna3,RPS29,asd_d_proband,143,113,13841,28,18.3324,1.5273491289935108,1.014912404162656,2.2074447459370647,0.03409181284564476,0.048073771531706666
GandalIsoforms,IsoformM25_sienna3,RPS29,asd_da_proband,143,113,24839,39,32.8993,1.1854363996732793,0.8429611638536342,1.6205305824890281,0.2941235771110206,0.403972650314285
GandalIsoforms,IsoformM25_sienna3,RPS29,proband,143,113,38680,66,51.2317,1.2882650626295855,0.9963441061095788,1.6389890274725534,0.04256762592504198,0.06258976956246508
GandalIsoforms,IsoformM25_sienna3,RPS29,sibling,143,113,9567,11,12.6715,0.8680898334990482,0.43334731717374536,1.5532525032667408,0.778208581271137,1
GandalIsoforms,IsoformM26_skyblue3,FOS,asd_d_proband,106,90,13841,63,16.9132,3.7248986038523797,2.862314362006445,4.7657634154181405,7.3813058193482e-18,2.2223715358794312e-17
GandalIsoforms,IsoformM26_skyblue3,FOS,asd_da_proband,106,90,24839,40,30.3524,1.31785387612851,0.9414941302208252,1.7945429382240452,0.08398448110954779,0.1360379902047051
GandalIsoforms,IsoformM26_skyblue3,FOS,proband,106,90,38680,100,47.2656,2.1157040091233235,1.721421224878531,2.573262952434522,1.911251362983984e-11,5.083304907143883e-11
GandalIsoforms,IsoformM26_skyblue3,FOS,sibling,106,90,9567,16,11.6905,1.3686285117238866,0.7822894485420716,2.222566958254698,0.1884067782681712,1
GandalIsoforms,IsoformM27_plum1,DYNC1I1,asd_d_proband,288,254,13841,123,49.2727,2.496312829815757,2.074680021632198,2.978454745019241,1.3474248640354994e-18,4.181145678371996e-18
GandalIsoforms,IsoformM27_plum1,DYNC1I1,asd_da_proband,288,254,24839,155,88.4245,1.7529073284012073,1.4878129157362956,2.0516129999305535,1.3176959809370978e-10,7.871316203587215e-10
GandalIsoforms,IsoformM27_plum1,DYNC1I1,proband,288,254,38680,265,137.6972,1.9245126696286754,1.699755364270729,2.170722518840431,5.40518460885918e-22,2.0626473708054598e-21
GandalIsoforms,IsoformM27_plum1,DYNC1I1,sibling,288,254,9567,37,34.0576,1.0863938942101585,0.7649215600335559,1.4974508769620118,0.6063412690426973,1
GandalIsoforms,IsoformM28_mediumpurple3,IL1RAP,asd_d_proband,101,91,13841,33,15.0973,2.1858251042272085,1.504621425494069,3.0697111274429023,4.97792649708745e-5,8.802238282151458e-5
GandalIsoforms,IsoformM28_mediumpurple3,IL1RAP,asd_da_proband,101,91,24839,33,27.0935,1.2180041574785134,0.8384180180467576,1.7105306862167242,0.248106471413154,0.3527861539363361
GandalIsoforms,IsoformM28_mediumpurple3,IL1RAP,proband,101,91,38680,62,42.1908,1.4695154700508801,1.1266690845481835,1.8838525118491312,0.004213686026530652,0.006858510351314514
GandalIsoforms,IsoformM28_mediumpurple3,IL1RAP,sibling,101,91,9567,15,10.4353,1.4374224496901657,0.8045144334053491,2.3708097344081365,0.1604186675210635,1
GandalIsoforms,IsoformM29_lightsteelblue1,HSPA4,asd_d_proband,90,79,13841,61,14.2436,4.282617793227907,3.275863271295764,5.50120171730098,3.910025011932634e-20,1.2736163342961856e-19
GandalIsoforms,IsoformM29_lightsteelblue1,HSPA4,asd_da_proband,90,79,24839,57,25.5615,2.229911867796376,1.6889134723247619,2.889109471150022,8.394766174106844e-8,3.702223051002589e-7
GandalIsoforms,IsoformM29_lightsteelblue1,HSPA4,proband,90,79,38680,112,39.8052,2.8137046476848946,2.3167957028229322,3.385617834632288,6.2820125897175455e-21,2.3578211726538552e-20
GandalIsoforms,IsoformM29_lightsteelblue1,HSPA4,sibling,90,79,9567,6,9.8453,0.6094280325922352,0.22364934714684626,1.3264682600388276,0.26472189293991527,1
GandalIsoforms,IsoformM2_blue,MSN,asd_d_proband,506,467,13841,91,61.9929,1.4679109807689947,1.181870354667568,1.802269403643361,5.747363675311452e-4,9.613458159605042e-4
GandalIsoforms,IsoformM2_blue,MSN,asd_da_proband,506,467,24839,110,111.2521,0.9887451660476334,0.8126282779322859,1.1917053089871885,0.9621733079167283,1
GandalIsoforms,IsoformM2_blue,MSN,proband,506,467,38680,195,173.245,1.1255737120414937,0.9731288788718687,1.2951256927851773,0.10216934707078987,0.14079133455044834
GandalIsoforms,IsoformM2_blue,MSN,sibling,506,467,9567,40,42.8499,0.9334907372675834,0.6668994686534101,1.2711494353094301,0.759552134714766,1
GandalIsoforms,IsoformM30_lightcyan1,PLOD1,asd_d_proband,91,78,13841,21,12.9737,1.6186611658128667,1.0019767735939087,2.4742955349937326,0.03546987860649318,0.04989349278778341
GandalIsoforms,IsoformM30_lightcyan1,PLOD1,asd_da_proband,91,78,24839,43,23.2825,1.8468791118204726,1.336595570822815,2.4877340433871056,2.403511345567713e-4,6.538709178664934e-4
GandalIsoforms,IsoformM30_lightcyan1,PLOD1,proband,91,78,38680,63,36.2562,1.7376335984500433,1.3352453673784908,2.223188202849341,5.7753130965921235e-5,1.064560943976028e-4
GandalIsoforms,IsoformM30_lightcyan1,PLOD1,sibling,91,78,9567,12,8.9675,1.338164774508557,0.6914492660155529,2.3375045607779708,0.31152853663255475,1
GandalIsoforms,IsoformM31_ivory,P2RY12,asd_d_proband,73,49,13841,6,5.7739,1.0391514180329717,0.3813502559789449,2.2617951582108415,0.833815815376608,0.8854821909719174
GandalIsoforms,IsoformM31_ivory,P2RY12,asd_da_proband,73,49,24839,18,10.3619,1.7371345195451946,1.0295360101164401,2.7454214646927277,0.027432778122870947,0.049954204033421455
GandalIsoforms,IsoformM31_ivory,P2RY12,proband,73,49,38680,22,16.1358,1.3634250478019474,0.8544512185967558,2.06424190746437,0.16801787100708654,0.22291673351056482
GandalIsoforms,IsoformM31_ivory,P2RY12,sibling,73,49,9567,4,3.991,1.002257397093785,0.2730814081383415,2.566177001978824,0.8041941543168873,1
GandalIsoforms,IsoformM32_floralwhite,RP5-1000K24.2,asd_d_proband,81,64,13841,44,13.3942,3.28500822405573,2.386892004509304,4.40997021156575,3.122599438863792e-11,7.645221483284097e-11
GandalIsoforms,IsoformM32_floralwhite,RP5-1000K24.2,asd_da_proband,81,64,24839,45,24.0371,1.8721026568482768,1.3655245242001137,2.5050206476132866,1.3215737920880188e-4,3.711584107630282e-4
GandalIsoforms,IsoformM32_floralwhite,RP5-1000K24.2,proband,81,64,38680,87,37.4313,2.3242564269392902,1.861634117779607,2.866961715771744,3.909828271628851e-12,1.0698115246830979e-11
GandalIsoforms,IsoformM32_floralwhite,RP5-1000K24.2,sibling,81,64,9567,13,9.2582,1.4041672244054366,0.7476599089814696,2.401168717987315,0.2446999391675701,1
GandalIsoforms,IsoformM33_darkorange2,ECHDC2,asd_d_proband,60,41,13841,4,6.6032,0.6057698660710807,0.16505190035428177,1.5510114500635988,0.43319091562092815,0.4929261287045087
GandalIsoforms,IsoformM33_darkorange2,ECHDC2,asd_da_proband,60,41,24839,15,11.85,1.2658209946490138,0.7084704016708208,2.087779230649234,0.37967959846708454,0.5031200313020404
GandalIsoforms,IsoformM33_darkorange2,ECHDC2,proband,60,41,38680,19,18.4532,1.0296325853768533,0.619906076569276,1.60789882490788,0.8161385163593647,0.8687703639259058
GandalIsoforms,IsoformM33_darkorange2,ECHDC2,sibling,60,41,9567,3,4.5642,0.6572954465576848,0.13555012309715173,1.9208962224898147,0.639654132093469,1
GandalIsoforms,IsoformM34_bisque4,SERTAD1,asd_d_proband,72,68,13841,38,11.8693,3.2015370935698386,2.265598193225491,4.394359795270327,1.2897037654284807e-9,2.9201829160311534e-9
GandalIsoforms,IsoformM34_bisque4,SERTAD1,asd_da_proband,72,68,24839,30,21.3006,1.4084114829639767,0.9502493132332153,2.0105949667133225,0.06471446220362295,0.10760328104254833
GandalIsoforms,IsoformM34_bisque4,SERTAD1,proband,72,68,38680,66,33.1699,1.9897562620411806,1.5388773489150962,2.531457830715065,5.163919678698207e-7,1.0911171024804915e-6
GandalIsoforms,IsoformM34_bisque4,SERTAD1,sibling,72,68,9567,4,8.2041,0.4875583822911008,0.13284324962008429,1.2483431016676712,0.16265333102898905,1
GandalIsoforms,IsoformM35_darkslateblue,RN7SL4P,asd_d_proband,72,63,13841,135,18.2222,7.408533391998041,6.211572412429951,8.768895893197701,7.942614642170047e-69,7.435355219644901e-68
GandalIsoforms,IsoformM35_darkslateblue,RN7SL4P,asd_da_proband,72,63,24839,96,32.7015,2.9356418371795576,2.377879313207448,3.5849211366239,2.385232011347213e-19,3.0953183227712687e-18
GandalIsoforms,IsoformM35_darkslateblue,RN7SL4P,proband,72,63,38680,218,50.9238,4.280908753292846,3.7314591146772127,4.888484588234532,2.702202693502313e-67,3.1461359931491216e-66
GandalIsoforms,IsoformM35_darkslateblue,RN7SL4P,sibling,72,63,9567,13,12.5953,1.0321279079105905,0.5495646417843272,1.7649701562333424,0.8872555534339732,1
GandalIsoforms,IsoformM36_plum2,PSMA7,asd_d_proband,62,59,13841,20,8.7072,2.296951356098434,1.4030375614248332,3.5474550755614653,8.798762083018889e-4,0.0014499735148643554
GandalIsoforms,IsoformM36_plum2,PSMA7,asd_da_proband,62,59,24839,19,15.6259,1.2159305339897137,0.7320696114434503,1.8988261488015097,0.37401718213980595,0.49795447952339733
GandalIsoforms,IsoformM36_plum2,PSMA7,proband,62,59,38680,37,24.3331,1.5205633888715895,1.0706169518664173,2.0958963339880663,0.01452088726913486,0.0226034548077529
GandalIsoforms,IsoformM36_plum2,PSMA7,sibling,62,59,9567,3,6.0185,0.4984650943831675,0.10279548604379685,1.4567265327307033,0.3042389272682783,1
GandalIsoforms,IsoformM37_thistle2,HSPA1A,asd_d_proband,44,41,13841,9,6.0653,1.4838454116931483,0.6785086097722509,2.8168008012297334,0.21869734719600442,0.2670356440853907
GandalIsoforms,IsoformM37_thistle2,HSPA1A,asd_da_proband,44,41,24839,10,10.8848,0.9187122555141721,0.44055823650909925,1.6895445479070836,1,1
GandalIsoforms,IsoformM37_thistle2,HSPA1A,proband,44,41,38680,19,16.9501,1.1209358339700461,0.6748765965559951,1.750480157519391,0.6253512741095864,0.702289176928187
GandalIsoforms,IsoformM37_thistle2,HSPA1A,sibling,44,41,9567,5,4.1924,1.1926358165943618,0.387245603321743,2.7832141515434357,0.6199399366406596,1
GandalIsoforms,IsoformM38_salmon4,EIF4ENIF1,asd_d_proband,51,46,13841,20,8.007,2.4978109312567662,1.5257278081167172,3.857666398704527,2.557393058202053e-4,4.3762455711783213e-4
GandalIsoforms,IsoformM38_salmon4,EIF4ENIF1,asd_da_proband,51,46,24839,25,14.3693,1.7398144600992844,1.125916184967971,2.5683093526535905,0.011142660733645095,0.02246439994336663
GandalIsoforms,IsoformM38_salmon4,EIF4ENIF1,proband,51,46,38680,44,22.3764,1.9663609725686344,1.4287608929053286,2.63974782489495,4.592612441589429e-5,8.54840260334998e-5
GandalIsoforms,IsoformM38_salmon4,EIF4ENIF1,sibling,51,46,9567,4,5.5345,0.722738603523046,0.1969219445407032,1.8504978742796776,0.6715604815025548,1
GandalIsoforms,IsoformM39_palevioletred3,KIAA1109,asd_d_proband,941,823,13841,811,219.5199,3.6944257580931956,3.4445036887194087,3.957688498676506,7.57065230503593e-206,3.514044444920844e-204
GandalIsoforms,IsoformM39_palevioletred3,KIAA1109,asd_da_proband,941,823,24839,728,393.9495,1.8479526104281758,1.716135489038228,1.9872083281663393,3.815253921263529e-51,1.6177140046237395e-49
GandalIsoforms,IsoformM39_palevioletred3,KIAA1109,proband,941,823,38680,1476,613.4694,2.4059879618860576,2.284795650162776,2.5319396286884146,1.524664184292917e-190,7.563660149035731e-189
GandalIsoforms,IsoformM39_palevioletred3,KIAA1109,sibling,941,823,9567,152,151.7338,1.0017546613623567,0.8488326900452512,1.1742689296955073,0.9676100587595263,1
GandalIsoforms,IsoformM3_brown,PRKCE,asd_d_proband,915,813,13841,681,182.2221,3.7371971072403816,3.4617446405419696,4.028737905478391,1.0761090834575332e-175,3.425101482776263e-174
GandalIsoforms,IsoformM3_brown,PRKCE,asd_da_proband,915,813,24839,539,327.0151,1.6482421592085816,1.5120134913116878,1.7934497756936676,7.544736162993258e-27,1.4686219186240324e-25
GandalIsoforms,IsoformM3_brown,PRKCE,proband,915,813,38680,1156,509.2372,2.2700620554084767,2.141071818266559,2.404792264302969,4.615964448676726e-133,1.3167038589850362e-131
GandalIsoforms,IsoformM3_brown,PRKCE,sibling,915,813,9567,120,125.9533,0.9527343702367881,0.7899114758739505,1.1392367707231492,0.6557254919068791,1
GandalIsoforms,IsoformM40_navajowhite2,RPL21,asd_d_proband,854,776,13841,465,165.2266,2.814317171598478,2.5643004432751657,3.0821242747888,4.880359412418527e-81,5.663250401493999e-80
GandalIsoforms,IsoformM40_navajowhite2,RPL21,asd_da_proband,854,776,24839,452,296.5149,1.5243752315783954,1.3870657198128686,1.6716002058706796,4.784753424172911e-17,5.04858562232824e-16
GandalIsoforms,IsoformM40_navajowhite2,RPL21,proband,854,776,38680,873,461.7415,1.890668264983072,1.7673149900617164,2.020361258331556,4.943065805822947e-65,5.5294491023960605e-64
GandalIsoforms,IsoformM40_navajowhite2,RPL21,sibling,854,776,9567,101,114.2058,0.8843682778686025,0.7203324869174736,1.0745876260835994,0.24171729357653088,1
GandalIsoforms,IsoformM41_maroon,FMN2,asd_d_proband,439,398,13841,371,110.4603,3.358673600822744,3.0255612560905587,3.718445256903774,2.5800990009565413e-84,3.229472232657963e-83
GandalIsoforms,IsoformM41_maroon,FMN2,asd_da_proband,439,398,24839,378,198.2315,1.9068610688192946,1.7194527330144085,2.109122383865711,8.634192996491947e-30,2.03083414438321e-28
GandalIsoforms,IsoformM41_maroon,FMN2,proband,439,398,38680,722,308.6918,2.3389023590542517,2.171386126733226,2.5159121384956142,4.6366113210336734e-89,7.557676453284888e-88
GandalIsoforms,IsoformM41_maroon,FMN2,sibling,439,398,9567,76,76.3509,0.9954035335084798,0.7842647687320219,1.2458959547088277,1,1
GandalIsoforms,IsoformM42_lightpink4,TRPM7,asd_d_proband,388,357,13841,289,82.9348,3.4846647163311775,3.0944502450472178,3.910466759762096,2.112692576745115e-69,2.0115722482855196e-68
GandalIsoforms,IsoformM42_lightpink4,TRPM7,asd_da_proband,388,357,24839,222,148.8345,1.4915900953281334,1.3018193266083706,1.7012448134059117,2.223136177995706e-8,1.0371573326269225e-7
GandalIsoforms,IsoformM42_lightpink4,TRPM7,proband,388,357,38680,487,231.7693,2.10122771108933,1.9187279599250149,2.296405669320951,2.919026323513638e-48,2.2969717483648695e-47
GandalIsoforms,IsoformM42_lightpink4,TRPM7,sibling,388,357,9567,63,57.3251,1.0989941973040287,0.8444973163703683,1.4060909829469102,0.42809146871643333,1
GandalIsoforms,IsoformM43_lavenderblush3,HIPK3,asd_d_proband,322,277,13841,181,65.0627,2.781933229891862,2.3914009091000854,3.218057443030203,3.8677302088751053e-32,1.795271438619528e-31
GandalIsoforms,IsoformM43_lavenderblush3,HIPK3,asd_da_proband,322,277,24839,192,116.7612,1.6443820111589769,1.4200021227588815,1.8941492854512767,1.8201854068524316e-10,1.0703069397585392e-9
GandalIsoforms,IsoformM43_lavenderblush3,HIPK3,proband,322,277,38680,358,181.8239,1.9689385273280848,1.7702395594986822,2.183838316089249,7.689999117562114e-31,4.0249032078616385e-30
GandalIsoforms,IsoformM43_lavenderblush3,HIPK3,sibling,322,277,9567,39,44.9718,0.867210303120936,0.6166713006502639,1.1855050326144756,0.41207295313020137,1
GandalIsoforms,IsoformM44_honeydew1,PLA2G4B,asd_d_proband,260,234,13841,86,45.9357,1.872180925620499,1.497503082085645,2.31212821277418,1.1945891305663497e-7,2.4598378769887493e-7
GandalIsoforms,IsoformM44_honeydew1,PLA2G4B,asd_da_proband,260,234,24839,107,82.4361,1.2979755263393586,1.0637222674664752,1.568470560391086,0.009491345456668528,0.019308753344593692
GandalIsoforms,IsoformM44_honeydew1,PLA2G4B,proband,260,234,38680,186,128.3718,1.4489163474968976,1.2481638182965251,1.6727687106845754,1.74830463176867e-6,3.587797814474914e-6
GandalIsoforms,IsoformM44_honeydew1,PLA2G4B,sibling,260,234,9567,26,31.7511,0.8188689572189121,0.5349123897959791,1.1998327505821211,0.373577504222622,1
GandalIsoforms,IsoformM45_darkseagreen4,DNM1L,asd_d_proband,212,190,13841,172,45.3903,3.789356487250213,3.244199530327471,4.399905556632435,1.2229890873086911e-46,7.785199104353611e-46
GandalIsoforms,IsoformM45_darkseagreen4,DNM1L,asd_da_proband,212,190,24839,137,81.4572,1.681864273405414,1.4120359676803136,1.9882386196646689,1.801721549740739e-8,8.475598456905393e-8
GandalIsoforms,IsoformM45_darkseagreen4,DNM1L,proband,212,190,38680,294,126.8475,2.3177433868787545,2.060352161572746,2.5983984885119704,1.0412107235822661e-36,6.187611643788362e-36
GandalIsoforms,IsoformM45_darkseagreen4,DNM1L,sibling,212,190,9567,39,31.3741,1.243063511964078,0.8839396740964143,1.699308742054153,0.1792670813691748,1
GandalIsoforms,IsoformM46_coral1,DCAF4,asd_d_proband,191,168,13841,92,28.6042,3.216316482227059,2.5928050316070492,3.9445266475023626,4.2935593244886714e-21,1.4406702070724036e-20
GandalIsoforms,IsoformM46_coral1,DCAF4,asd_da_proband,191,168,24839,85,51.3329,1.655858553691382,1.3226410005823868,2.047494744438314,1.818135419043175e-5,5.864785394570698e-5
GandalIsoforms,IsoformM46_coral1,DCAF4,proband,191,168,38680,163,79.937,2.0391048452667007,1.7380809502769226,2.3772848927391315,3.3013157066046715e-16,1.0434352413395928e-15
GandalIsoforms,IsoformM46_coral1,DCAF4,sibling,191,168,9567,25,19.7714,1.2644528869195037,0.8182872387615986,1.8665818970603747,0.2583523285734255,1
GandalIsoforms,IsoformM47_antiquewhite4,TMEM106C,asd_d_proband,168,140,13841,107,25.9756,4.119248102834434,3.3758232287797436,4.977689678374892,1.2820041453175625e-32,6.077245182484105e-32
GandalIsoforms,IsoformM47_antiquewhite4,TMEM106C,asd_da_proband,168,140,24839,96,46.6157,2.0593907934077946,1.6681131544845011,2.5148686363419968,2.6149363473098955e-10,1.506256702098404e-9
GandalIsoforms,IsoformM47_antiquewhite4,TMEM106C,proband,168,140,38680,197,72.5913,2.7138222702674923,2.3480712197578844,3.120396072689361,1.843183035370144e-33,1.0258887040767483e-32
GandalIsoforms,IsoformM47_antiquewhite4,TMEM106C,sibling,168,140,9567,26,17.9545,1.4481022066455236,0.9459484392427742,2.1218052515074755,0.0745969132337383,1
GandalIsoforms,IsoformM48_skyblue2,ZNF638,asd_d_proband,131,116,13841,59,24.9419,2.3654935441485354,1.8007232854842798,3.051314326204566,5.10993481476799e-9,1.1227746318839333e-8
GandalIsoforms,IsoformM48_skyblue2,ZNF638,asd_da_proband,131,116,24839,60,44.7607,1.340461568210184,1.022913393053692,1.7254397491951814,0.02966178298403864,0.0536669118413135
GandalIsoforms,IsoformM48_skyblue2,ZNF638,proband,131,116,38680,114,69.7026,1.6355190614340291,1.349101542682333,1.9647579948765528,1.063094563607692e-6,2.209455185931469e-6
GandalIsoforms,IsoformM48_skyblue2,ZNF638,sibling,131,116,9567,16,17.2401,0.9280714927778895,0.5304730466109879,1.5071299604507944,0.9038769034504048,1
GandalIsoforms,IsoformM49_yellow4,FAM193B,asd_d_proband,255,231,13841,143,53.9669,2.6497734602643326,2.233282347991763,3.121394899785001,1.1127083933175901e-23,3.972939583832678e-23
GandalIsoforms,IsoformM49_yellow4,FAM193B,asd_da_proband,255,231,24839,159,96.8487,1.6417355179100148,1.396467856132522,1.917680797999531,7.697960391415221e-9,3.795195319610386e-8
GandalIsoforms,IsoformM49_yellow4,FAM193B,proband,255,231,38680,292,150.8156,1.936139133964073,1.720412765028194,2.171433483698494,1.969130687844058e-24,8.170102235745709e-24
GandalIsoforms,IsoformM49_yellow4,FAM193B,sibling,255,231,9567,37,37.3023,0.9918959733745217,0.6983863029681847,1.3671979409131672,1,1
GandalIsoforms,IsoformM4_yellow,MARCH4,asd_d_proband,561,484,13841,427,117.5547,3.6323528650566463,3.2959532479630904,3.99377398017411,4.1213582763260215e-107,7.173739249729981e-106
GandalIsoforms,IsoformM4_yellow,MARCH4,asd_da_proband,561,484,24839,351,210.9631,1.663798138498338,1.4942718910851216,1.8472898685265464,1.4443435528764964e-18,1.7919383199973236e-17
GandalIsoforms,IsoformM4_yellow,MARCH4,proband,561,484,38680,753,328.5178,2.2921135887055337,2.1313011476255723,2.461844360283001,4.2781903596750864e-89,7.07451478317286e-88
GandalIsoforms,IsoformM4_yellow,MARCH4,sibling,561,484,9567,76,81.2546,0.9353312473177403,0.7369346397435027,1.1707065306856352,0.6173420107059544,1
GandalIsoforms,IsoformM50_skyblue1,PDS5A,asd_d_proband,118,95,13841,53,21.2762,2.491042703994698,1.8659619240432361,3.258345189549092,5.844310803182734e-9,1.2740826291087214e-8
GandalIsoforms,IsoformM50_skyblue1,PDS5A,asd_da_proband,118,95,24839,69,38.1822,1.8071231732761643,1.4060496945989247,2.2870300341533296,6.941089863350134e-6,2.3675197751426894e-5
GandalIsoforms,IsoformM50_skyblue1,PDS5A,proband,118,95,38680,118,59.4585,1.9845786442151823,1.6426881995989915,2.376642662275114,2.0771380749123745e-11,5.511661729011673e-11
GandalIsoforms,IsoformM50_skyblue1,PDS5A,sibling,118,95,9567,19,14.7063,1.29196455436203,0.7778470585874133,2.017562690113402,0.2403564654224852,1
GandalIsoforms,IsoformM51_mediumpurple2,TVP23A,asd_d_proband,95,79,13841,40,12.4777,3.2057285067440913,2.2902194445469894,4.365292357405593,4.681866616532456e-10,1.0911295838529615e-9
GandalIsoforms,IsoformM51_mediumpurple2,TVP23A,asd_da_proband,95,79,24839,34,22.3924,1.5183749354872669,1.051518782188496,2.1217767818368043,0.01945773532200251,0.03692064399754762
GandalIsoforms,IsoformM51_mediumpurple2,TVP23A,proband,95,79,38680,71,34.87,2.0361327989859053,1.590236608869765,2.568304471541847,6.396500262725515e-8,1.4282596477044644e-7
GandalIsoforms,IsoformM51_mediumpurple2,TVP23A,sibling,95,79,9567,9,8.6247,1.04352042008102,0.477163984818485,1.9809268082918434,0.8636128785215988,1
GandalIsoforms,IsoformM52_lightsteelblue,CTD-2547E10.2,asd_d_proband,58,43,13841,38,13.0998,2.900817631602105,2.052791204023266,3.981598838672181,1.6729187716203117e-8,3.5430256874240065e-8
GandalIsoforms,IsoformM52_lightsteelblue,CTD-2547E10.2,asd_da_proband,58,43,24839,37,23.5088,1.5738810815792388,1.1081575279877292,2.1693877500648355,0.009397408563384523,0.01918566775417925
GandalIsoforms,IsoformM52_lightsteelblue,CTD-2547E10.2,proband,58,43,38680,70,36.6085,1.9121232098257848,1.4905938483093077,2.4158526431577534,8.096187774625312e-7,1.6918956503383665e-6
GandalIsoforms,IsoformM52_lightsteelblue,CTD-2547E10.2,sibling,58,43,9567,9,9.0546,0.9939648670348253,0.45450403039270565,1.8868549323228865,1,1
GandalIsoforms,IsoformM53_lightcoral,MKRN5P,asd_d_proband,81,62,13841,23,12.775,1.8003946765910195,1.1412957853064511,2.7014760004404725,0.007531632197266223,0.011449499217553593
GandalIsoforms,IsoformM53_lightcoral,MKRN5P,asd_da_proband,81,62,24839,30,22.9259,1.3085625892677346,0.8828816839504192,1.8680544623750084,0.14245786427851426,0.21734449833843594
GandalIsoforms,IsoformM53_lightcoral,MKRN5P,proband,81,62,38680,50,35.7009,1.400525084230492,1.03949671228567,1.8464177246988096,0.02324950785642125,0.03541747458501555
GandalIsoforms,IsoformM53_lightcoral,MKRN5P,sibling,81,62,9567,9,8.8302,1.0192344357109209,0.46605888629403425,1.9348244450043566,0.8659278963342123,1
GandalIsoforms,IsoformM54_indianred4,PNN,asd_d_proband,80,73,13841,58,19.4527,2.9815855588673554,2.264042919377577,3.8543907411214318,1.298813681553476e-12,3.357026545824994e-12
GandalIsoforms,IsoformM54_indianred4,PNN,asd_da_proband,80,73,24839,62,34.9098,1.7760056103774169,1.3616533176932675,2.2767590395300874,2.9187748874066054e-5,9.0530133183573e-5
GandalIsoforms,IsoformM54_indianred4,PNN,proband,80,73,38680,116,54.3625,2.1338224260746155,1.7632187583158985,2.5593167438936795,2.986901570605961e-13,8.541490456294239e-13
GandalIsoforms,IsoformM54_indianred4,PNN,sibling,80,73,9567,10,13.4459,0.7437225974395292,0.3566438936819771,1.3677323363407201,0.4135264819827817,1
GandalIsoforms,IsoformM55_blue2,WAC,asd_d_proband,73,63,13841,44,15.6842,2.8053673362449123,2.038384201159597,3.7660747071328298,3.5298588565222208e-09,7.817619813450803e-9
GandalIsoforms,IsoformM55_blue2,WAC,asd_da_proband,73,63,24839,52,28.1468,1.8474545561143063,1.3797674276950882,2.4226908586257445,4.426964703438543e-5,1.3363751738454852e-4
GandalIsoforms,IsoformM55_blue2,WAC,proband,73,63,38680,93,43.8311,2.1217832242348775,1.712552902568682,2.599327796115125,1.096802686962372e-10,2.805945887497907e-10
GandalIsoforms,IsoformM55_blue2,WAC,sibling,73,63,9567,5,10.841,0.46121004614543637,0.14975364658060092,1.0763103953489366,0.0915439028491784,1
GandalIsoforms,IsoformM56_plum3,ARHGEF1,asd_d_proband,70,50,13841,50,18.2094,2.7458278752259977,2.038006374136479,3.6200317401490865,6.499460206585711e-10,1.5021574004432533e-9
GandalIsoforms,IsoformM56_plum3,ARHGEF1,asd_da_proband,70,50,24839,44,32.6786,1.3464472477347182,0.9783306314355927,1.8075425840559671,0.05365023634000405,0.09202638267723048
GandalIsoforms,IsoformM56_plum3,ARHGEF1,proband,70,50,38680,88,50.888,1.7292866177085144,1.3869384347121312,2.1305294788536973,2.207949894570434e-6,4.490678840828637e-6
GandalIsoforms,IsoformM56_plum3,ARHGEF1,sibling,70,50,9567,9,12.5865,0.7150518084854758,0.32696721954142777,1.3573910672840195,0.3959299003368007,1
GandalIsoforms,IsoformM57_thistle3,CHL1,asd_d_proband,67,62,13841,15,11.6756,1.2847302445743876,0.7190537653111418,2.1189671627725257,0.30411284790887916,0.3584991667412607
GandalIsoforms,IsoformM57_thistle3,CHL1,asd_da_proband,67,62,24839,31,20.953,1.479502639048209,1.0052502624968445,2.1000358985652623,0.03675666092008329,0.06514940939525697
GandalIsoforms,IsoformM57_thistle3,CHL1,proband,67,62,38680,44,32.6286,1.3485106133519136,0.9798298760517848,1.810312556088538,0.053365255576526854,0.07688100582426408
GandalIsoforms,IsoformM57_thistle3,CHL1,sibling,67,62,9567,4,8.0703,0.4956468782315347,0.13504709253263328,1.2690528637738203,0.21274268817029723,1
GandalIsoforms,IsoformM58_thistle,CCSER2,asd_d_proband,65,59,13841,37,16.4338,2.251451834845623,1.5852298683090504,3.103329779829486,1.0115199876114195e-5,1.8780554436652022e-5
GandalIsoforms,IsoformM58_thistle,CCSER2,asd_da_proband,65,59,24839,45,29.4921,1.5258323256631323,1.1129525685402424,2.041683700730797,0.007244897714084223,0.015153063657320559
GandalIsoforms,IsoformM58_thistle,CCSER2,proband,65,59,38680,77,45.9259,1.6766123655982328,1.323156259640191,2.095477787334647,2.3558250460244013e-5,4.4503251283341754e-5
GandalIsoforms,IsoformM58_thistle,CCSER2,sibling,65,59,9567,10,11.3592,0.8803444511142827,0.42215938295763433,1.6189847895606375,0.88130518533675,1
GandalIsoforms,IsoformM59_salmon2,RP5-940J5.9,asd_d_proband,61,15,13841,0,1.7552,0,0,2.1016345653051265,NA,NA
GandalIsoforms,IsoformM59_salmon2,RP5-940J5.9,asd_da_proband,61,15,24839,4,3.15,1.2698607259583208,0.34599430863749037,3.251347807578664,0.5641655065590017,0.6836502663066046
GandalIsoforms,IsoformM59_salmon2,RP5-940J5.9,proband,61,15,38680,4,4.9052,0.815462010653535,0.22218595222974724,2.087906623382793,1,1
GandalIsoforms,IsoformM59_salmon2,RP5-940J5.9,sibling,61,15,9567,1,1.2132,0.8242414176878523,0.020867985945719914,4.592379247398631,1,1
GandalIsoforms,IsoformM5_green,PPAP2B,asd_d_proband,297,258,13841,62,37.2095,1.6662406616232313,1.2774971608859664,2.1360453290331134,2.0142774746625275e-4,3.462816522799469e-4
GandalIsoforms,IsoformM5_green,PPAP2B,asd_da_proband,297,258,24839,89,66.776,1.332813572815328,1.0703587415697775,1.6401417891149295,0.008427970233137263,0.017491136752227885
GandalIsoforms,IsoformM5_green,PPAP2B,proband,297,258,38680,146,103.9855,1.4040413490505066,1.185535611073724,1.6511509451950959,1.0246340109784771e-4,1.8675837164959145e-4
GandalIsoforms,IsoformM5_green,PPAP2B,sibling,297,258,9567,21,25.7195,0.8165015779174886,0.5054273457319004,1.2481093951136049,0.42890071779864636,1
GandalIsoforms,IsoformM60_palevioletred2,SPTBN2,asd_d_proband,57,54,13841,41,13.9229,2.9447896733057974,2.113231911606122,3.9949397064092667,3.121718735527345e-9,6.9274794250547056e-9
GandalIsoforms,IsoformM60_palevioletred2,SPTBN2,asd_da_proband,57,54,24839,23,24.986,0.9205165941533598,0.5835285578610553,1.3812268606687284,0.8409100702475699,0.9119956477516873
GandalIsoforms,IsoformM60_palevioletred2,SPTBN2,proband,57,54,38680,60,38.9089,1.542064993627218,1.1767580453997784,1.9849433202322238,0.0016645305858622567,0.0028389079199833108
GandalIsoforms,IsoformM60_palevioletred2,SPTBN2,sibling,57,54,9567,8,9.6236,0.8312891391031783,0.35889164710201477,1.637970999546875,0.7467337599459625,1
GandalIsoforms,IsoformM61_navajowhite1,CELF2,asd_d_proband,52,46,13841,60,10.7728,5.569571177824807,4.250169558363276,7.169142125441309,2.661283258124258e-25,9.882231831834746e-25
GandalIsoforms,IsoformM61_navajowhite1,CELF2,asd_da_proband,52,46,24839,31,19.3329,1.6034874423557497,1.0894919209981806,2.276022430086349,0.011925168599270812,0.023892575047553467
GandalIsoforms,IsoformM61_navajowhite1,CELF2,proband,52,46,38680,87,30.1057,2.8898198106203745,2.314627203492643,3.5645820600945988,2.6572437042225155e-17,8.788159613095334e-17
GandalIsoforms,IsoformM61_navajowhite1,CELF2,sibling,52,46,9567,8,7.4463,1.0743658363440043,0.46383491189552956,2.116928996250223,0.7148424916660413,1
GandalIsoforms,IsoformM6_black,SOX4,asd_d_proband,231,200,13841,81,36.9978,2.1893175071406845,1.7386341190336032,2.7211217626360784,3.3762856848335446e-10,7.934983655916811e-10
GandalIsoforms,IsoformM6_black,SOX4,asd_da_proband,231,200,24839,104,66.3962,1.5663558432844595,1.2798262291884959,1.897902272873168,2.0816151297578973e-5,6.601526633417601e-5
GandalIsoforms,IsoformM6_black,SOX4,proband,231,200,38680,182,103.394,1.7602571712732604,1.5138032830938555,2.035398748776506,2.809238048780263e-12,7.723712322068144e-12
GandalIsoforms,IsoformM6_black,SOX4,sibling,231,200,9567,20,25.5732,0.7820696302060507,0.47770844772809185,1.2078431142004733,0.3216217055145668,1
GandalIsoforms,IsoformM7_magenta,PTK2B,asd_d_proband,243,206,13841,100,37.4811,2.6680098158593757,2.1707992731495933,3.2450147970969776,2.1547155981679536e-17,6.359442427611903e-17
GandalIsoforms,IsoformM7_magenta,PTK2B,asd_da_proband,243,206,24839,107,67.2635,1.5907596333025198,1.303665908788703,1.9222701837300922,7.649122630926288e-6,2.5933511862810147e-5
GandalIsoforms,IsoformM7_magenta,PTK2B,proband,243,206,38680,197,104.7446,1.8807655120677338,1.6272883520718393,2.1625341430068263,8.804947405575111e-16,2.737450950888611e-15
GandalIsoforms,IsoformM7_magenta,PTK2B,sibling,243,206,9567,27,25.9072,1.0421803535647116,0.6868034199614695,1.5163176978513901,0.7682546915821624,1
GandalIsoforms,IsoformM8_purple,RPL35,asd_d_proband,127,78,13841,14,8.5881,1.6301540431611516,0.891220384713212,2.735121488863132,0.08329991765045325,0.11034020007444105
GandalIsoforms,IsoformM8_purple,RPL35,asd_da_proband,127,78,24839,27,15.4122,1.7518532981188124,1.1544823621970837,2.548854572906648,0.006785100580892992,0.014318464590333061
GandalIsoforms,IsoformM8_purple,RPL35,proband,127,78,38680,39,24.0004,1.6249732647812576,1.1555148423724624,2.221391946485568,0.0040660257743725566,0.006637103588782671
GandalIsoforms,IsoformM8_purple,RPL35,sibling,127,78,9567,7,5.9362,1.1792078034594702,0.4741026960171762,2.4296187618974403,0.540438379410128,1
GandalIsoforms,IsoformM9_cyan,GRIA1,asd_d_proband,249,192,13841,104,40.3849,2.57521935127624,2.1041408220281217,3.120309271286409,5.351462453509133e-17,1.5688234666339932e-16
GandalIsoforms,IsoformM9_cyan,GRIA1,asd_da_proband,249,192,24839,113,72.4746,1.5591672089930813,1.284974457026767,1.8745490011949058,9.637343609357743e-6,3.209604995564865e-5
GandalIsoforms,IsoformM9_cyan,GRIA1,proband,249,192,38680,210,112.8595,1.8607206861558923,1.6175520200553193,2.1301275579595416,3.0221608426200373e-16,9.605252148828586e-16
GandalIsoforms,IsoformM9_cyan,GRIA1,sibling,249,192,9567,32,27.9143,1.1463640572485365,0.7841121665363757,1.6183240053045007,0.4475062800996081,1
Wamsley,ARID3A_(+),ARID3A (+),asd_d_proband,73,66,13841,25,9.4274,2.6518465450118542,1.7161352624404882,3.9146486246397747,1.843929154333153e-5,3.3564331338678634e-5
Wamsley,ARID3A_(+),ARID3A (+),asd_da_proband,73,66,24839,25,16.9184,1.4776846100692085,0.9562795671097385,2.181353984203837,0.06607876502014164,0.10906860483587706
Wamsley,ARID3A_(+),ARID3A (+),proband,73,66,38680,48,26.3458,1.8219255278349902,1.3433440592791601,2.415608925793498,1.2547647951484576e-4,2.2689170067581458e-4
Wamsley,ARID3A_(+),ARID3A (+),sibling,73,66,9567,2,6.5163,0.3069234496039224,0.03716985364839551,1.1087130306443769,0.07694096533084635,1
Wamsley,ARX_(+),ARX (+),asd_d_proband,97,91,13841,33,17.2146,1.916977222323737,1.3195589140752164,2.6921487446738017,6.186560775027803e-4,0.0010332576766688116
Wamsley,ARX_(+),ARX (+),asd_da_proband,97,91,24839,49,30.8933,1.5861068980903188,1.1734106148496393,2.0969174345030144,0.0021485252767138147,0.004851370074819793
Wamsley,ARX_(+),ARX (+),proband,97,91,38680,79,48.1079,1.6421435061580993,1.300100478235716,2.046600773673053,3.667449064591862e-5,6.848706027331121e-5
Wamsley,ARX_(+),ARX (+),sibling,97,91,9567,11,11.8989,0.9244584416634557,0.46148632327453604,1.6541115138879312,1,1
Wamsley,AR_(+),AR (+),asd_d_proband,6,4,13841,2,0.3136,6.378403908453975,0.7724543044643215,23.040988028584863,0.03999667404427124,0.05597524483080171
Wamsley,AR_(+),AR (+),asd_da_proband,6,4,24839,0,0.5627,0,0,6.555560748294228,NA,NA
Wamsley,AR_(+),AR (+),proband,6,4,38680,1,0.8763,1.141203315627087,0.028892766416081545,6.358377911231218,0.5836662457271784,0.6639712725570395
Wamsley,AR_(+),AR (+),sibling,6,4,9567,0,0.2167,0,0,17.0203379770963,NA,NA
Wamsley,ATF2_(+),ATF2 (+),asd_d_proband,10,10,13841,5,2.4025,2.081149107050412,0.6757434502206895,4.8567077775300085,0.09618474312572106,0.12591046279912252
Wamsley,ATF2_(+),ATF2 (+),asd_da_proband,10,10,24839,6,4.3116,1.3916108437868553,0.5106966533383052,3.028950943981624,0.33650166408739124,0.45210175784251067
Wamsley,ATF2_(+),ATF2 (+),proband,10,10,38680,11,6.7141,1.6383507378362576,0.8178587853854263,2.9314620291263545,0.11619026899947546,0.15858025948373383
Wamsley,ATF2_(+),ATF2 (+),sibling,10,10,9567,1,1.6606,0.6021780033591461,0.015245827061409924,3.3551210925847683,1,1
Wamsley,ATF3_(+),ATF3 (+),asd_d_proband,211,203,13841,76,34.4896,2.203565556852115,1.7361590286295188,2.758090885553771,8.021705577703552e-10,1.846318184620198e-9
Wamsley,ATF3_(+),ATF3 (+),asd_da_proband,211,203,24839,73,61.8948,1.1794203161435852,0.9244772555778025,1.4829439758950407,0.16146963236543987,0.24502582653303984
Wamsley,ATF3_(+),ATF3 (+),proband,211,203,38680,143,96.3844,1.483643040994866,1.2504441847055563,1.7477100932246896,8.714872454729292e-6,1.6968719233525805e-5
Wamsley,ATF3_(+),ATF3 (+),sibling,211,203,9567,25,23.8394,1.048682658879142,0.6786521238936548,1.5480624759327708,0.7584594266994708,1
Wamsley,ATF4_(+),ATF4 (+),asd_d_proband,110,105,13841,108,24.8484,4.346353666333656,3.5653981556444885,5.247526244753913,7.774188173487525e-35,3.832055586400488e-34
Wamsley,ATF4_(+),ATF4 (+),asd_da_proband,110,105,24839,90,44.5929,2.018260299519712,1.6229196178701735,2.480784559146983,1.9984700737259e-9,1.034987483136028e-8
Wamsley,ATF4_(+),ATF4 (+),proband,110,105,38680,190,69.4413,2.736124853543698,2.3608871752971123,3.15405506892492,9.09974173808684e-33,5.01584798220149e-32
Wamsley,ATF4_(+),ATF4 (+),sibling,110,105,9567,16,17.1754,0.9315646159556832,0.5324696683246506,1.5128025736468318,0.9038018679108567,1
Wamsley,ATF5_(+),ATF5 (+),asd_d_proband,39,36,13841,6,6.692,0.896598418846656,0.32903581769123913,1.951517293259872,1,1
Wamsley,ATF5_(+),ATF5 (+),asd_da_proband,39,36,24839,20,12.0094,1.6653674618216736,1.0172497107119465,2.572024975378293,0.02898209601617136,0.052521326488374744
Wamsley,ATF5_(+),ATF5 (+),proband,39,36,38680,26,18.7013,1.3902761401097496,0.9081745327215102,2.0370766659928896,0.1034268291649062,0.14235224617268755
Wamsley,ATF5_(+),ATF5 (+),sibling,39,36,9567,6,4.6255,1.2971483971209958,0.4760306002575981,2.823345965925566,0.4785930663017472,1
Wamsley,ATF6B_(+),ATF6B (+),asd_d_proband,16,11,13841,9,1.287,6.992763234589177,3.1975366324405092,13.274442827251805,8.445773413333068e-6,1.5707164578385707e-5
Wamsley,ATF6B_(+),ATF6B (+),asd_da_proband,16,11,24839,7,2.3097,3.0306634795176115,1.2184839026207144,6.244325070807123,0.009563980910638401,0.019420385698040925
Wamsley,ATF6B_(+),ATF6B (+),proband,16,11,38680,15,3.5968,4.1704083044617715,2.334145869821515,6.878454282389761,5.871051929632699e-6,1.1580075654372655e-5
Wamsley,ATF6B_(+),ATF6B (+),sibling,16,11,9567,3,0.8896,3.3722461213877146,0.6954382222817984,9.855134201528504,0.06115777962571903,1
Wamsley,ATF6_(+),ATF6 (+),asd_d_proband,17,17,13841,4,2.6525,1.5080028644651384,0.41088002632746656,3.861086264795625,0.34594183919076316,0.4001860943494394
Wamsley,ATF6_(+),ATF6 (+),asd_da_proband,17,17,24839,7,4.7602,1.47052894167875,0.5912289028073265,3.02985164797434,0.25298838842636734,0.3583737647846534
Wamsley,ATF6_(+),ATF6 (+),proband,17,17,38680,11,7.4127,1.4839383668412733,0.7407766861291782,2.6551756443214862,0.1930096448923036,0.25371429126972167
Wamsley,ATF6_(+),ATF6 (+),sibling,17,17,9567,1,1.8334,0.545423530026706,0.013808928203329705,3.0389054063358603,1,1
Wamsley,BACH1_(+),BACH1 (+),asd_d_proband,431,405,13841,221,86.5686,2.5528879818820815,2.2273825411011607,2.9125808935930073,1.2752630849881747e-33,6.230890687179065e-33
Wamsley,BACH1_(+),BACH1 (+),asd_da_proband,431,405,24839,223,155.3557,1.4354157571615984,1.2531877847025168,1.6366920971810492,3.2439054812660235e-7,1.3464592971872574e-6
Wamsley,BACH1_(+),BACH1 (+),proband,431,405,38680,433,241.9243,1.7898159942445195,1.6251820520962317,1.9666069152184418,2.2525827804569164e-28,1.070915396875559e-27
Wamsley,BACH1_(+),BACH1 (+),sibling,431,405,9567,78,59.8369,1.3035442627129983,1.0303976460140443,1.6268822344499037,0.023358551545261303,1
Wamsley,BACH2_(+),BACH2 (+),asd_d_proband,55,51,13841,35,12.6763,2.761059692773293,1.9231792414425186,3.8399656486557507,1.864343243106396e-7,3.7830207155200824e-7
Wamsley,BACH2_(+),BACH2 (+),asd_da_proband,55,51,24839,42,22.7488,1.8462495530903087,1.3306142840636364,2.4955930505457453,3.0742958244373025e-4,8.263999966165987e-4
Wamsley,BACH2_(+),BACH2 (+),proband,55,51,38680,75,35.4251,2.1171421484529738,1.665266602828566,2.653856016092431,6.22106271588999e-9,1.4696133662174903e-8
Wamsley,BACH2_(+),BACH2 (+),sibling,55,51,9567,5,8.7619,0.5706495125755968,0.18528834343883838,1.3317056027271361,0.30545468608918325,1
Wamsley,BATF3_(+),BATF3 (+),asd_d_proband,16,14,13841,5,2.0854,2.397593802790025,0.7784921815723749,5.595184136456015,0.06068927928138181,0.082048370290605993
Wamsley,BATF3_(+),BATF3 (+),asd_da_proband,16,14,24839,3,3.7425,0.8016046336265568,0.16531014680289755,2.3426289056582577,1,1
Wamsley,BATF3_(+),BATF3 (+),proband,16,14,38680,7,5.8279,1.2011151539344218,0.4829105871219476,2.4747562767453353,0.5333126568996127,0.6171935118039782
Wamsley,BATF3_(+),BATF3 (+),sibling,16,14,9567,0,1.4415,0,0,2.5591265426882632,NA,NA
Wamsley,BCL11A_(+),BCL11A (+),asd_d_proband,13,12,13841,23,3.6423,6.314726825668818,4.002995123904465,9.47519074050069,9.732201207570193e-12,2.4363308191535267e-11
Wamsley,BCL11A_(+),BCL11A (+),asd_da_proband,13,12,24839,11,6.5364,1.6828785621750215,0.8400869148625448,3.0111346067217264,0.11078383428699909,0.17468568283522623
Wamsley,BCL11A_(+),BCL11A (+),proband,13,12,38680,31,10.1787,3.0455759113984815,2.069321070192177,4.3229519008205175,1.165395450466008e-7,2.542478411054905e-7
Wamsley,BCL11A_(+),BCL11A (+),sibling,13,12,9567,4,2.5176,1.588833608174515,0.4329036835007949,4.068045072145227,0.3268415730319125,1
Wamsley,BCL6_(+),BCL6 (+),asd_d_proband,113,109,13841,31,19.893,1.5583364338822752,1.0588140013229872,2.2119341776235353,0.017921457457796656,0.025860755968893104
Wamsley,BCL6_(+),BCL6 (+),asd_da_proband,113,109,24839,32,35.6999,0.8963608303327185,0.6131101443964345,1.2653940429917165,0.6150734945424112,0.7301976607133357
Wamsley,BCL6_(+),BCL6 (+),proband,113,109,38680,60,55.5929,1.0792741726005557,0.8235998943290429,1.3892397975804884,0.5455970599126335,0.6269146478955839
Wamsley,BCL6_(+),BCL6 (+),sibling,113,109,9567,13,13.7502,0.9454413172894035,0.5034076831776386,1.6167334462099314,1,1
Wamsley,BCLAF1_(+),BCLAF1 (+),asd_d_proband,1311,1214,13841,677,284.6274,2.378548064796997,2.202728455284392,2.5646680152917107,1.5894520444517833e-86,2.1079161637134365e-85
Wamsley,BCLAF1_(+),BCLAF1 (+),asd_da_proband,1311,1214,24839,815,510.7912,1.5955640153226076,1.4878872076243497,1.708974006052585,3.4428764607743693e-35,9.717518810535658e-34
Wamsley,BCLAF1_(+),BCLAF1 (+),proband,1311,1214,38680,1426,795.4186,1.7927667628751598,1.700914099550496,1.8882906487957296,7.965957302653091e-90,1.35659063915331e-88
Wamsley,BCLAF1_(+),BCLAF1 (+),sibling,1311,1214,9567,162,196.7365,0.8234362319615957,0.7015166199151034,0.9604541238868362,0.012519178952617161,1
Wamsley,BDP1_(+),BDP1 (+),asd_d_proband,1326,1274,13841,1069,352.3695,3.0337474790199215,2.854589555649086,3.2212039273713255,1.7883280162991648e-206,8.661727870248998e-205
Wamsley,BDP1_(+),BDP1 (+),asd_da_proband,1326,1274,24839,1101,632.3608,1.7410947396154837,1.6397571436287222,1.847055822940448,9.877696062973692e-64,7.965656325069499e-62
Wamsley,BDP1_(+),BDP1 (+),proband,1326,1274,38680,2079,984.7302,2.111238105467846,2.021451353623285,2.2039858016196034,7.382973206985581e-202,4.9552778995120875e-200
Wamsley,BDP1_(+),BDP1 (+),sibling,1326,1274,9567,215,243.5603,0.8827381125933136,0.7686794761043916,1.0089516694047762,0.06776098504106604,1
Wamsley,BHLHE22_(+),BHLHE22 (+),asd_d_proband,5,5,13841,1,0.4054,2.4668672443231197,0.06245567121450705,13.744504578156565,0.3332715533570711,0.3867338650414346
Wamsley,BHLHE22_(+),BHLHE22 (+),asd_da_proband,5,5,24839,1,0.7275,1.3746088622197472,0.034802083227182735,7.6588303823126935,0.5168749078644578,0.6412656823944757
Wamsley,BHLHE22_(+),BHLHE22 (+),proband,5,5,38680,2,1.1329,1.7654555082045655,0.21380485247184836,6.377432319020429,0.3129800912440423,0.3928605985802555
Wamsley,BHLHE22_(+),BHLHE22 (+),sibling,5,5,9567,0,0.2802,0,0,13.165335668805165,NA,NA
Wamsley,BHLHE40_(+),BHLHE40 (+),asd_d_proband,590,561,13841,258,100.7046,2.5619480630320637,2.258842825843662,2.8943940691397803,3.3273108723565294e-39,1.8815351836574486e-38
Wamsley,BHLHE40_(+),BHLHE40 (+),asd_da_proband,590,561,24839,272,180.7241,1.5050567662250456,1.331492552853191,1.6949618573379426,2.2680851395486812e-10,1.3131631397694672e-9
Wamsley,BHLHE40_(+),BHLHE40 (+),proband,590,561,38680,511,281.4287,1.8157352240965516,1.6616963208602604,1.980211504640135,1.067379258039377e-34,6.150907744560248e-34
Wamsley,BHLHE40_(+),BHLHE40 (+),sibling,590,561,9567,80,69.6078,1.1492970633201112,0.911321093425803,1.4303996808611361,0.20796530885559855,1
Wamsley,BPTF_(+),BPTF (+),asd_d_proband,532,513,13841,650,160.294,4.055048897092992,3.7492627623731867,4.379129695904923,6.255165223604016e-185,2.1775793934671484e-183
Wamsley,BPTF_(+),BPTF (+),asd_da_proband,532,513,24839,589,287.6629,2.04753528546406,1.8854953695300176,2.2197761787254904,1.3791455742723144e-54,8.195028175544436e-53
Wamsley,BPTF_(+),BPTF (+),proband,532,513,38680,1182,447.9569,2.638646542417985,2.4903467706490128,2.793470805275218,1.299922735922055e-181,5.704660929565635e-180
Wamsley,BPTF_(+),BPTF (+),sibling,532,513,9567,100,110.7964,0.9025565732311247,0.7343560512784041,1.0977506221838098,0.3416850053797743,1
Wamsley,BRCA1_(+),BRCA1 (+),asd_d_proband,391,363,13841,102,65.6675,1.5532802190241983,1.2665143893508652,1.885576206644833,3.253918014603057e-5,5.8560010795925773e-5
Wamsley,BRCA1_(+),BRCA1 (+),asd_da_proband,391,363,24839,155,117.8466,1.315269348046383,1.116359485746627,1.5393989454783803,0.0010513051237545845,0.0025635496430214378
Wamsley,BRCA1_(+),BRCA1 (+),proband,391,363,38680,249,183.5141,1.3568442236873106,1.1935328067575899,1.536262430939858,4.513038955414702e-6,8.986697117152138e-6
Wamsley,BRCA1_(+),BRCA1 (+),sibling,391,363,9567,51,45.3898,1.1235994309351902,0.8365935778292338,1.4773257465839285,0.41333690352688873,1
Wamsley,BRF1_(+),BRF1 (+),asd_d_proband,565,544,13841,366,120.8697,3.0280534174853595,2.7257414291592363,3.3547316028674117,7.000993886496805e-72,7.090097445052219e-71
Wamsley,BRF1_(+),BRF1 (+),asd_da_proband,565,544,24839,372,216.9123,1.714978768705032,1.5451104183731672,1.8984227777076483,1.1133331007587144e-21,1.6114782958417802e-20
Wamsley,BRF1_(+),BRF1 (+),proband,565,544,38680,707,337.782,2.0930657148644554,1.9416044791352098,2.253204027865778,1.5109588113203076e-68,1.8147410565436536e-67
Wamsley,BRF1_(+),BRF1 (+),sibling,565,544,9567,88,83.546,1.0533114705332447,0.8447866000036061,1.2977091914118304,0.6221451415740583,1
Wamsley,BRF2_(+),BRF2 (+),asd_d_proband,17,17,13841,2,2.0665,0.9678334675148079,0.11720912295873274,3.4961472585823743,1,1
Wamsley,BRF2_(+),BRF2 (+),asd_da_proband,17,17,24839,2,3.7085,0.5393044415585353,0.06531226985272434,1.948153074038353,0.598419220419391,0.7149368252417909
Wamsley,BRF2_(+),BRF2 (+),proband,17,17,38680,4,5.775,0.6926464852054011,0.18872285509733627,1.7734500997344527,0.6739090375256054,0.7479865873703461
Wamsley,BRF2_(+),BRF2 (+),sibling,17,17,9567,0,1.4284,0,0,2.5825979287410554,NA,NA
Wamsley,CARF_(+),CARF (+),asd_d_proband,5,5,13841,0,0.6739,0,0,5.473890898516742,NA,NA
Wamsley,CARF_(+),CARF (+),asd_da_proband,5,5,24839,3,1.2094,2.4805974305520815,0.5115588261363434,7.249358349917088,0.12255470482957297,0.19096326009241216
Wamsley,CARF_(+),CARF (+),proband,5,5,38680,3,1.8833,1.5929565557777443,0.3285059380144941,4.655295037579901,0.44385949693491356,0.5303075246101951
Wamsley,CARF_(+),CARF (+),sibling,5,5,9567,1,0.4658,2.1468088072709364,0.054352493161467945,11.961253102640534,0.3723720133994729,1
Wamsley,CEBPA_(+),CEBPA (+),asd_d_proband,25,23,13841,6,4.1246,1.4546996493712137,0.5338491330842718,3.166268713588401,0.3174954770798807,0.37191373445529663
Wamsley,CEBPA_(+),CEBPA (+),asd_da_proband,25,23,24839,9,7.4019,1.2159002685462559,0.5559870282522612,2.308157456071174,0.4639897203765032,0.5925841564537014
Wamsley,CEBPA_(+),CEBPA (+),proband,25,23,38680,14,11.5265,1.2145939756000412,0.6640298288041045,2.037882307407784,0.4581779750881996,0.5423040140826096
Wamsley,CEBPA_(+),CEBPA (+),sibling,25,23,9567,1,2.8509,0.3507630021070166,0.008880550335338511,1.9543263624754461,0.5419596755789292,1
Wamsley,CEBPB_(+),CEBPB (+),asd_d_proband,487,468,13841,140,68.34,2.048581265764944,1.7233041849062314,2.41740623311807,2.818095383075377e-14,7.713410950235799e-14
Wamsley,CEBPB_(+),CEBPB (+),asd_da_proband,487,468,24839,158,122.6426,1.2882958542480742,1.0952473202749857,1.5055719150472988,0.002105368420657094,0.0047826175994403605
Wamsley,CEBPB_(+),CEBPB (+),proband,487,468,38680,290,190.9826,1.5184628188878064,1.3487092779133336,1.7036698648108455,2.412625947989336e-11,6.35752010775019e-11
Wamsley,CEBPB_(+),CEBPB (+),sibling,487,468,9567,58,47.2371,1.2278486847408874,0.9323569845202451,1.587279153498861,0.12570689291496956,1
Wamsley,CEBPD_(+),CEBPD (+),asd_d_proband,271,257,13841,113,44.7469,2.525313653297747,2.0812158707238138,3.036123488994025,1.10039810083692e-17,3.286443657727424e-17
Wamsley,CEBPD_(+),CEBPD (+),asd_da_proband,271,257,24839,115,80.3026,1.432082655365625,1.1823311046711076,1.7189983434426552,2.7360304484908655e-4,7.372263428033859e-4
Wamsley,CEBPD_(+),CEBPD (+),proband,271,257,38680,215,125.0495,1.7193185404151685,1.4971653042376067,1.9651460459707892,3.0171508109502545e-13,8.606422688235601e-13
Wamsley,CEBPD_(+),CEBPD (+),sibling,271,257,9567,28,30.9294,0.9052876783377182,0.6015570877930335,1.3083927513187783,0.7184001991971705,1
Wamsley,CEBPG_(+),CEBPG (+),asd_d_proband,8,7,13841,2,1.5301,1.3071097299708887,0.15829705233702285,4.721729773241337,0.6687111509537875,0.7303374727083521
Wamsley,CEBPG_(+),CEBPG (+),asd_da_proband,8,7,24839,3,2.7459,1.0925382929582754,0.22530766168307756,3.1928605178384455,0.7580028130281538,0.8523756732159218
Wamsley,CEBPG_(+),CEBPG (+),proband,8,7,38680,5,4.276,1.169319142484945,0.37967474270585005,2.7288008122446312,0.6253034486001254,0.702289176928187
Wamsley,CEBPG_(+),CEBPG (+),sibling,8,7,9567,2,1.0576,1.8910531799442947,0.2290153132012891,6.831134294076861,0.2854238914700822,1
Wamsley,CELF4_(+),CELF4 (+),asd_d_proband,10,10,13841,17,3.5711,4.760407124217156,2.7731125763495315,7.621872953764262,2.4570134384171574e-7,4.93173508179588e-7
Wamsley,CELF4_(+),CELF4 (+),asd_da_proband,10,10,24839,16,6.4087,2.4965974288550847,1.4270211449786148,4.054317812251157,0.0010053910309037524,0.002467579291065949
Wamsley,CELF4_(+),CELF4 (+),proband,10,10,38680,33,9.9798,3.306664388356285,2.2761556155692984,4.643786205962322,7.032072557078582e-9,1.650945429552811e-8
Wamsley,CELF4_(+),CELF4 (+),sibling,10,10,9567,2,2.4684,0.8102459435472384,0.09812454271487536,2.9268869380845484,1,1
Wamsley,CHD2_(+),CHD2 (+),asd_d_proband,1767,1671,13841,1102,388.6031,2.835798196975379,2.6708189478466893,3.008301057270153,1.7556337716278083e-191,6.308954908365737e-190
Wamsley,CHD2_(+),CHD2 (+),asd_da_proband,1767,1671,24839,1152,697.3855,1.6518840803623,1.5578597215671195,1.750099889380878,1.081019636561814e-55,6.7803953871016e-54
Wamsley,CHD2_(+),CHD2 (+),proband,1767,1671,38680,2154,1085.9886,1.9834462218430584,1.9005600252575274,2.0690169367062867,3.3264147927384435e-179,1.3555140280409157e-177
Wamsley,CHD2_(+),CHD2 (+),sibling,1767,1671,9567,239,268.6053,0.8897814003138395,0.7805418344626198,1.0100299934680177,0.07179630390349634,1
Wamsley,CLOCK_(+),CLOCK (+),asd_d_proband,6,5,13841,1,1.2239,0.8170426966567114,0.020685730108921017,4.552270540942262,1,1
Wamsley,CLOCK_(+),CLOCK (+),asd_da_proband,6,5,24839,4,2.1965,1.821118074709214,0.4961933827276527,4.662785562628717,0.17995052356940383,0.2698062962946307
Wamsley,CLOCK_(+),CLOCK (+),proband,6,5,38680,5,3.4204,1.4618262622059903,0.4746510082818214,3.411414853938901,0.4041585736182276,0.4890190164352044
Wamsley,CLOCK_(+),CLOCK (+),sibling,6,5,9567,1,0.846,1.1820516321130492,0.029926956249354635,6.585970163811209,0.5708662917099063,1
Wamsley,CNOT4_(+),CNOT4 (+),asd_d_proband,8,8,13841,3,1.992,1.5059935882757671,0.310572083441911,4.40115234323158,0.45758595598779095,0.5185663834897245
Wamsley,CNOT4_(+),CNOT4 (+),asd_da_proband,8,8,24839,2,3.5749,0.5594550842176924,0.06775260616306018,2.0209441237965153,0.5959845972408133,0.7129104783331521
Wamsley,CNOT4_(+),CNOT4 (+),proband,8,8,38680,5,5.5669,0.8981582753931787,0.2916295472546116,2.09600180341587,1,1
Wamsley,CNOT4_(+),CNOT4 (+),sibling,8,8,9567,3,1.3769,2.1787872118035843,0.4493183032214373,6.367340815581509,0.16095091099918646,1
Wamsley,CPEB1_(+),CPEB1 (+),asd_d_proband,3,3,13841,1,0.3397,2.9436663506781118,0.07452717943628374,16.401059167884927,0.28802495213719637,0.3420680135190157
Wamsley,CPEB1_(+),CPEB1 (+),asd_da_proband,3,3,24839,1,0.6096,1.6402949377887894,0.04152867227253928,9.139138449321441,0.45645699997638317,0.5849488683011766
Wamsley,CPEB1_(+),CPEB1 (+),proband,3,3,38680,2,0.9494,2.1066848996760985,0.2551293148350064,7.610070207235096,0.24561945527904447,0.31631756175192305
Wamsley,CPEB1_(+),CPEB1 (+),sibling,3,3,9567,0,0.2348,0,0,15.70994778613546,NA,NA
Wamsley,CREB1_(+),CREB1 (+),asd_d_proband,836,799,13841,538,170.8336,3.14926355142255,2.8887375734075955,3.426977542999606,6.6485014199914035e-111,1.2553272172661735e-109
Wamsley,CREB1_(+),CREB1 (+),asd_da_proband,836,799,24839,481,306.5772,1.56893578497795,1.4318397712880042,1.7156172821898654,3.443712716563734e-20,4.741404459756653e-19
Wamsley,CREB1_(+),CREB1 (+),proband,836,799,38680,980,477.4108,2.0527393617122827,1.926215205214135,2.1853912931556634,4.5669248763642196e-90,7.895244369593295e-89
Wamsley,CREB1_(+),CREB1 (+),sibling,836,799,9567,119,118.0814,1.0077791923782111,0.8348615014006404,1.2059580548369062,0.9266279925348253,1
Wamsley,CREB3L1_(+),CREB3L1 (+),asd_d_proband,23,20,13841,6,3.8006,1.5786861620082724,0.5793499980319236,3.436135153742793,0.29186289483770145,0.3462569380715649
Wamsley,CREB3L1_(+),CREB3L1 (+),asd_da_proband,23,20,24839,8,6.8206,1.1729186718926685,0.5063830312115021,2.3111173706177466,0.5645709040689212,0.6836502663066046
Wamsley,CREB3L1_(+),CREB3L1 (+),proband,23,20,38680,14,10.6212,1.3181158753748319,0.7206262147288492,2.2115744648022457,0.28048239284363946,0.3548008982645151
Wamsley,CREB3L1_(+),CREB3L1 (+),sibling,23,20,9567,2,2.627,0.7613182526168599,0.09219917235434083,2.750143295447091,1,1
Wamsley,CREB3L2_(+),CREB3L2 (+),asd_d_proband,15,14,13841,4,3.2255,1.2401298740275168,0.33789365212554173,3.1752250184675077,0.5710534132085439,0.6317313826358667
Wamsley,CREB3L2_(+),CREB3L2 (+),asd_da_proband,15,14,24839,5,5.7884,0.863794717300156,0.28047179347859835,2.015808721964573,1,1
Wamsley,CREB3L2_(+),CREB3L2 (+),proband,15,14,38680,9,9.0139,0.9984600457454353,0.45655951234087816,1.8953881817395284,1,1
Wamsley,CREB3L2_(+),CREB3L2 (+),sibling,15,14,9567,4,2.2295,1.794150474173185,0.4888456192191516,4.593737794565567,0.2940583596915881,1
Wamsley,CREBL2_(+),CREBL2 (+),asd_d_proband,71,63,13841,17,12.7997,1.3281568023588544,0.7737002814840557,2.126507701149973,0.2597210237963434,0.31177717727276566
Wamsley,CREBL2_(+),CREBL2 (+),asd_da_proband,71,63,24839,33,22.9703,1.436639260242583,0.9889163627440204,2.0175756581618924,0.046186663072035616,0.08022268093588956
Wamsley,CREBL2_(+),CREBL2 (+),proband,71,63,38680,48,35.77,1.3419077779511337,0.9894168636811687,1.779175030201377,0.04456489766551926,0.06536582286453067
Wamsley,CREBL2_(+),CREBL2 (+),sibling,71,63,9567,5,8.8472,0.5651479135216309,0.18350198920123792,1.3188667057813435,0.23868241825160957,1
Wamsley,CREM_(+),CREM (+),asd_d_proband,702,668,13841,350,128.9326,2.714596269109132,2.4376188456224743,3.0144249689731417,5.478866611560006e-58,4.1239577062688154e-57
Wamsley,CREM_(+),CREM (+),asd_da_proband,702,668,24839,336,231.3819,1.452144526040095,1.3010073656833556,1.6160196616952287,1.0501890527517479e-10,6.30672042849321e-10
Wamsley,CREM_(+),CREM (+),proband,702,668,38680,652,360.3145,1.809530061929543,1.673281026405961,1.953917726832349,2.443530080326665e-43,1.7317191438836802e-42
Wamsley,CREM_(+),CREM (+),sibling,702,668,9567,82,89.1192,0.9201163555617192,0.7317958433540834,1.1421070065316317,0.49089914620650166,1
Wamsley,CTCF_(+),CTCF (+),asd_d_proband,234,225,13841,85,42.3173,2.0086349139070587,1.6044262273563152,2.4837081769766463,7.955498603711168e-9,1.7142022136429866e-8
Wamsley,CTCF_(+),CTCF (+),asd_da_proband,234,225,24839,87,75.9424,1.145604459010011,0.9175822089398021,1.41309886780616,0.20635036042125396,0.30493397502041325
Wamsley,CTCF_(+),CTCF (+),proband,234,225,38680,167,118.2597,1.4121458561487101,1.2060885639911507,1.6433110223352414,2.22699354397149e-5,4.2279528014500334e-5
Wamsley,CTCF_(+),CTCF (+),sibling,234,225,9567,24,29.25,0.8205121529784398,0.5257176186121938,1.2208570441550268,0.4040309336296326,1
Wamsley,CUX1_(+),CUX1 (+),asd_d_proband,3205,3077,13841,2308,765.635,3.014491344082427,2.892750303380724,3.140039217193372,0,0
Wamsley,CUX1_(+),CUX1 (+),asd_da_proband,3205,3077,24839,2248,1374.0053,1.6360926918900889,1.5691517725133362,1.7051550826084259,2.7498910758064183e-103,1.0348756748618154e-100
Wamsley,CUX1_(+),CUX1 (+),proband,3205,3077,38680,4354,2139.6403,2.0349215199420905,1.9749216299690722,2.0962810429943532,0,0
Wamsley,CUX1_(+),CUX1 (+),sibling,3205,3077,9567,528,529.2125,0.9977089173581275,0.9144114869262926,1.086555504891343,0.9826581554202616,1
Wamsley,CXXC1_(+),CXXC1 (+),asd_d_proband,12,11,13841,2,1.7364,1.1518078460968477,0.13948927371219783,4.160725970641796,0.6941273104274484,0.7529287476301632
Wamsley,CXXC1_(+),CXXC1 (+),asd_da_proband,12,11,24839,3,3.1161,0.9627303271766054,0.19853813843010912,2.8135065569598896,1,1
Wamsley,CXXC1_(+),CXXC1 (+),proband,12,11,38680,5,4.8525,1.0303885986185672,0.33456437327808713,2.404583267885871,0.8196010318622922,0.8707307051721371
Wamsley,CXXC1_(+),CXXC1 (+),sibling,12,11,9567,0,1.2002,0,0,3.073521073078518,NA,NA
Wamsley,DBX2_(+),DBX2 (+),asd_d_proband,24,23,13841,13,5.2953,2.4550259835144166,1.307197940158975,4.198169200222528,0.003265210904135821,0.005152188310491933
Wamsley,DBX2_(+),DBX2 (+),asd_da_proband,24,23,24839,9,9.5029,0.9470842432663503,0.43306722396547265,1.7978609053490726,1,1
Wamsley,DBX2_(+),DBX2 (+),proband,24,23,38680,21,14.7981,1.419100126072476,0.878445344683827,2.169245287284608,0.11637442209748136,0.15864183466335274
Wamsley,DBX2_(+),DBX2 (+),sibling,24,23,9567,5,3.6601,1.3660746732688103,0.4435607279874763,3.187962586570538,0.42499659757043645,1
Wamsley,DDIT3_(+),DDIT3 (+),asd_d_proband,6,6,13841,1,0.524,1.908463697713994,0.048318117443710736,10.633279148214987,0.4078419316424573,0.4650316395595675
Wamsley,DDIT3_(+),DDIT3 (+),asd_da_proband,6,6,24839,4,0.9403,4.253801850325599,1.1590178357343655,10.89142221442649,0.015545887545301633,0.030156884946126363
Wamsley,DDIT3_(+),DDIT3 (+),proband,6,6,38680,5,1.4643,3.414561277153489,1.1086987523368124,7.968446977404607,0.016946038220643778,0.026235318330738874
Wamsley,DDIT3_(+),DDIT3 (+),sibling,6,6,9567,0,0.3622,0,0,10.18521172955459,NA,NA
Wamsley,DEAF1_(+),DEAF1 (+),asd_d_proband,15,13,13841,19,3.6586,5.193264136747936,3.1266842573956026,8.1099252505271,1.3052719814753446e-8,2.785580435562325e-8
Wamsley,DEAF1_(+),DEAF1 (+),asd_da_proband,15,13,24839,22,6.5657,3.3507563788016297,2.099901183202992,5.073085425544139,1.6643415818131237e-6,6.1206568269283926e-6
Wamsley,DEAF1_(+),DEAF1 (+),proband,15,13,38680,39,10.2243,3.814454345714362,2.7124499261336545,5.214484661042955,5.658776070443917e-12,1.5336492865502397e-11
Wamsley,DEAF1_(+),DEAF1 (+),sibling,15,13,9567,5,2.5288,1.9771904770435702,0.6419883660303967,4.614103014043756,0.11270835744158392,1
Wamsley,DLX1_(+),DLX1 (+),asd_d_proband,220,202,13841,102,40.6318,2.510347662009858,2.0468885119815305,3.047390782370178,5.854106981607179e-16,1.6678964648364188e-15
Wamsley,DLX1_(+),DLX1 (+),asd_da_proband,220,202,24839,103,72.9177,1.4125514844845826,1.1529703040045582,1.7131294866965097,8.177058287988539e-4,0.0020561021842180538
Wamsley,DLX1_(+),DLX1 (+),proband,220,202,38680,198,113.5495,1.7437326261724992,1.5092963955205705,2.00426501082948,6.804665158870642e-13,1.9123455532688185e-12
Wamsley,DLX1_(+),DLX1 (+),sibling,220,202,9567,30,28.085,1.0681854287679597,0.7207002231736586,1.524901119151344,0.7050840956186275,1
Wamsley,E2F1_(+),E2F1 (+),asd_d_proband,74,73,13841,19,9.6483,1.9692648684706198,1.1856260919447554,3.0752510292662913,0.005707359405847575,0.008806091936446258
Wamsley,E2F1_(+),E2F1 (+),asd_da_proband,74,73,24839,21,17.3147,1.212839096273769,0.7507665163281224,1.8539533930617305,0.3367737629278578,0.45210175784251067
Wamsley,E2F1_(+),E2F1 (+),proband,74,73,38680,39,26.963,1.4464257425782017,1.0285500999696202,1.9773116059144187,0.026149529641117046,0.03962365646814681
Wamsley,E2F1_(+),E2F1 (+),sibling,74,73,9567,10,6.669,1.4994853495569664,0.7190615095281667,2.75760694581421,0.1755533049101632,1
Wamsley,E2F3_(+),E2F3 (+),asd_d_proband,9,8,13841,7,2.1062,3.323566146278552,1.336245965909804,6.847816510131399,0.005952657022124921,0.009171867112928302
Wamsley,E2F3_(+),E2F3 (+),asd_da_proband,9,8,24839,7,3.7797,1.851985950748478,0.7445944045314867,3.815798877439861,0.11183584312408969,0.17609855911729044
Wamsley,E2F3_(+),E2F3 (+),proband,9,8,38680,13,5.8859,2.208669033085902,1.1760232396439936,3.7768913121289804,0.010392009525069914,0.016400114617019047
Wamsley,E2F3_(+),E2F3 (+),sibling,9,8,9567,0,1.4558,0,0,2.533917347653187,NA,NA
Wamsley,E2F4_(+),E2F4 (+),asd_d_proband,87,76,13841,27,15.2464,1.7709108265736073,1.1670413935336434,2.5765822762494244,0.006439503210940181,0.009894629761361878
Wamsley,E2F4_(+),E2F4 (+),asd_da_proband,87,76,24839,52,27.3611,1.9005077007505753,1.4193900536826425,2.492262999443094,2.1680209616077567e-5,6.837138730880327e-5
Wamsley,E2F4_(+),E2F4 (+),proband,87,76,38680,76,42.6075,1.7837234603450944,1.405371208778726,2.232595895787277,3.5382448559881715e-6,7.095144781515823e-6
Wamsley,E2F4_(+),E2F4 (+),sibling,87,76,9567,5,10.5384,0.47445456315121226,0.15405410520111476,1.1072186798796626,0.0899875695794566,1
Wamsley,E2F6_(+),E2F6 (+),asd_d_proband,237,223,13841,65,42.3993,1.533045214128114,1.183171930831311,1.9539919722829795,0.001186445911004408,0.0019323110304954832
Wamsley,E2F6_(+),E2F6 (+),asd_da_proband,237,223,24839,96,76.0896,1.261671233909289,1.0219577501539447,1.5407165195115455,0.025264246765395633,0.04677786673709358
Wamsley,E2F6_(+),E2F6 (+),proband,237,223,38680,153,118.4888,1.2912610204988964,1.0947629548482543,1.5128463412238922,0.002388808295339334,0.004008279801444382
Wamsley,E2F6_(+),E2F6 (+),sibling,237,223,9567,32,29.3067,1.0919010410464036,0.7468595037715823,1.5414384766943772,0.5791533456246488,1
Wamsley,EGR1_(+),EGR1 (+),asd_d_proband,1102,1029,13841,673,194.366,3.462540588494309,3.205848590852967,3.7343168636531683,1.5483510000522223e-157,4.3121575351454393e-156
Wamsley,EGR1_(+),EGR1 (+),asd_da_proband,1102,1029,24839,574,348.8083,1.6456029692910752,1.5137162334748766,1.7859039562080903,2.6363529639502354e-28,5.8361617574506194e-27
Wamsley,EGR1_(+),EGR1 (+),proband,1102,1029,38680,1192,543.1743,2.194507489660155,2.071680661080026,2.3227148606483365,2.5656988188741434e-127,6.970148457941423e-126
Wamsley,EGR1_(+),EGR1 (+),sibling,1102,1029,9567,134,134.3472,0.9974159337402956,0.8356950104160306,1.1813021604324825,1,1
Wamsley,EGR3_(+),EGR3 (+),asd_d_proband,911,861,13841,420,153.317,2.7394231118772256,2.4836657998311407,3.0143680051561876,3.073783401015734e-70,3.003679569062744e-69
Wamsley,EGR3_(+),EGR3 (+),asd_da_proband,911,861,24839,429,275.142,1.5591951616074529,1.4151237143403137,1.7139566711052343,1.0732434868480367e-17,1.2364203027055444e-16
Wamsley,EGR3_(+),EGR3 (+),proband,911,861,38680,813,428.4589,1.8974982057900938,1.7692906750689361,2.032540700077642,2.9737765254628083e-61,2.92506811685609e-60
Wamsley,EGR3_(+),EGR3 (+),sibling,911,861,9567,113,105.9738,1.0663013603156368,0.8787832399216192,1.2819883194204065,0.4961544773238381,1
Wamsley,EGR4_(+),EGR4 (+),asd_d_proband,326,308,13841,196,61.0835,3.208724709586482,2.775212568634142,3.6907532963115384,9.28327555625858e-43,5.4717296135831e-42
Wamsley,EGR4_(+),EGR4 (+),asd_da_proband,326,308,24839,163,109.6201,1.4869533816098122,1.267441128652626,1.7335605957260276,1.6784156437294482e-6,6.152374226527751e-6
Wamsley,EGR4_(+),EGR4 (+),proband,326,308,38680,337,170.7036,1.9741824709963556,1.7690090052817191,2.1966213001728727,2.951074303459053e-29,1.4513688707960256e-28
Wamsley,EGR4_(+),EGR4 (+),sibling,326,308,9567,45,42.2213,1.0658119757661821,0.7774105686838145,1.4261402792209041,0.6438780590639948,1
Wamsley,ELF1_(+),ELF1 (+),asd_d_proband,1346,1279,13841,598,266.3716,2.2449837091536473,2.0686324823484488,2.4323501540575765,3.6072100480469392e-68,3.321018176466356e-67
Wamsley,ELF1_(+),ELF1 (+),asd_da_proband,1346,1279,24839,685,478.0294,1.432966186528939,1.3276514461283573,1.5444134812557448,5.85367931354782e-19,7.42562241010729e-18
Wamsley,ELF1_(+),ELF1 (+),proband,1346,1279,38680,1239,744.4011,1.6644253415941876,1.5730261763733988,1.7597498547186585,1.7595825623082244e-61,1.7458119161684206e-60
Wamsley,ELF1_(+),ELF1 (+),sibling,1346,1279,9567,189,184.118,1.02651549361199,0.8853790478680837,1.1837546967337458,0.7123978054180399,1
Wamsley,ELF2_(+),ELF2 (+),asd_d_proband,31,30,13841,5,5.7937,0.8630015362249669,0.2802142497425046,2.013957701927705,1,1
Wamsley,ELF2_(+),ELF2 (+),asd_da_proband,31,30,24839,16,10.3974,1.5388451081463526,0.8795829406821092,2.498988046749069,0.08651272985786346,0.13993248138900838
Wamsley,ELF2_(+),ELF2 (+),proband,31,30,38680,20,16.1911,1.235243460484981,0.7545187963878456,1.9077333404633794,0.3191408715517532,0.39927602460586664
Wamsley,ELF2_(+),ELF2 (+),sibling,31,30,9567,5,4.0047,1.2485423082355773,0.40539828898149954,2.9136812535153513,0.6094952618118706,1
Wamsley,ELK1_(+),ELK1 (+),asd_d_proband,398,357,13841,100,56.3391,1.7749672099810536,1.4441841654357392,2.1588357083668397,1.5923279274619767e-7,3.2428762544655245e-7
Wamsley,ELK1_(+),ELK1 (+),asd_da_proband,398,357,24839,137,101.1059,1.3550154990171277,1.1376248676133593,1.6018499161856175,6.999628158104318e-4,0.0017838781468396785
Wamsley,ELK1_(+),ELK1 (+),proband,398,357,38680,230,157.4449,1.4608283002249187,1.2781222493325888,1.6623236936178833,5.509870210362912e-8,1.2351202180793875e-7
Wamsley,ELK1_(+),ELK1 (+),sibling,398,357,9567,39,38.942,1.0014900438805923,0.7121573229994353,1.3690698586732128,0.9361622349679659,1
Wamsley,ELK3_(+),ELK3 (+),asd_d_proband,643,606,13841,231,106.4433,2.170169335663559,1.8993142451961043,2.468815271091854,1.4598680906320463e-25,5.439107200548828e-25
Wamsley,ELK3_(+),ELK3 (+),asd_da_proband,643,606,24839,242,191.0227,1.2668650931968066,1.112265839228226,1.436942594955843,3.8524110256055443e-4,0.001018588301617953
Wamsley,ELK3_(+),ELK3 (+),proband,643,606,38680,453,297.466,1.5228630454387038,1.3858376556854675,1.6697720261065778,5.34029682695605e-17,1.7409367655876722e-16
Wamsley,ELK3_(+),ELK3 (+),sibling,643,606,9567,66,73.5744,0.8970512856670795,0.6937793993481919,1.141269182048161,0.4141799729279044,1
Wamsley,ELK4_(+),ELK4 (+),asd_d_proband,379,357,13841,135,63.1799,2.1367568252537787,1.791531339003417,2.5291103054172446,3.7149351639762254e-15,1.0530376011881718e-14
Wamsley,ELK4_(+),ELK4 (+),asd_da_proband,379,357,24839,161,113.3823,1.4199745758692934,1.209104908253326,1.657044240626601,2.2761421445127438e-5,7.138234669874688e-5
Wamsley,ELK4_(+),ELK4 (+),proband,379,357,38680,280,176.5622,1.5858436441714572,1.4055145788456593,1.7828940198439474,6.868670629099464e-13,1.925590463833535e-12
Wamsley,ELK4_(+),ELK4 (+),sibling,379,357,9567,40,43.6704,0.9159526371388548,0.6543699927945761,1.2472675207011623,0.6495342459588533,1
Wamsley,EMX1_(+),EMX1 (+),asd_d_proband,8,8,13841,0,1.0616,0,0,3.4749269756435317,NA,NA
Wamsley,EMX1_(+),EMX1 (+),asd_da_proband,8,8,24839,2,1.9051,1.0498193560359035,0.12713799441347298,3.79230847744525,0.7165049416664919,0.8228472978295378
Wamsley,EMX1_(+),EMX1 (+),proband,8,8,38680,2,2.9667,0.6741588155267788,0.0816437601663975,2.435293440311855,1,1
Wamsley,EMX1_(+),EMX1 (+),sibling,8,8,9567,0,0.7338,0,0,5.027329807659885,NA,NA
Wamsley,EMX2_(+),EMX2 (+),asd_d_proband,17,16,13841,7,3.2498,2.1539993693296826,0.8660194625769362,4.438061947593382,0.04771058947840181,0.06618878789407175
Wamsley,EMX2_(+),EMX2 (+),asd_da_proband,17,16,24839,5,5.832,0.8573356780780264,0.2783745610245246,2.0007354790531373,1,1
Wamsley,EMX2_(+),EMX2 (+),proband,17,16,38680,12,9.0818,1.3213253924165522,0.682748111561724,2.308089549121279,0.3158114287598465,0.39554428124586705
Wamsley,EMX2_(+),EMX2 (+),sibling,17,16,9567,1,2.2463,0.4451836711148761,0.011271074703027689,2.480404658921116,0.7330981747510839,1
Wamsley,ENO1_(+),ENO1 (+),asd_d_proband,15,13,13841,3,1.427,2.10233945928186,0.43355293877369966,6.143928041606163,0.17305984217138315,0.21613078943825204
Wamsley,ENO1_(+),ENO1 (+),asd_da_proband,15,13,24839,3,2.5609,1.171483572443344,0.24158807623361553,3.4235721254426865,0.7467352482700196,0.8423129095164089
Wamsley,ENO1_(+),ENO1 (+),proband,15,13,38680,6,3.9878,1.5045749977207974,0.5521525069045723,3.274826349610977,0.30544488837094924,0.3846717633899041
Wamsley,ENO1_(+),ENO1 (+),sibling,15,13,9567,3,0.9863,3.041547032081135,0.6272401197414839,8.888691128239875,0.07780604937396864,1
Wamsley,EP300_(+),EP300 (+),asd_d_proband,660,624,13841,416,138.309,3.007757967127043,2.725634880835848,3.3111523184650684,1.3081669429035523e-80,1.4870387493822015e-79
Wamsley,EP300_(+),EP300 (+),asd_da_proband,660,624,24839,358,248.2087,1.4423343381604392,1.2967785778969148,1.5997579145146867,5.6052197089888035e-11,3.4770840942023953e-10
Wamsley,EP300_(+),EP300 (+),proband,660,624,38680,733,386.5177,1.8964200274231715,1.7615993061799533,2.038822052662231,2.618602463541432e-55,2.33423860226623e-54
Wamsley,EP300_(+),EP300 (+),sibling,660,624,9567,84,95.6002,0.8786593523441091,0.70085311086573,1.0878400664718604,0.26016229671847557,1
Wamsley,ERG_(+),ERG (+),asd_d_proband,977,936,13841,477,184.8999,2.579774059253118,2.3534279325701157,2.8220145982694054,1.0402637096279534e-71,1.034690868326375e-70
Wamsley,ERG_(+),ERG (+),asd_da_proband,977,936,24839,453,331.8206,1.3651955235420468,1.2423568682453503,1.4968944858201219,3.0177440041004515e-10,1.7207237275906112e-9
Wamsley,ERG_(+),ERG (+),proband,977,936,38680,893,516.7205,1.7282069785863965,1.6167018627712118,1.845376551665318,8.740736078502463e-51,7.073177209625043e-50
Wamsley,ERG_(+),ERG (+),sibling,977,936,9567,126,127.8042,0.9858833501121459,0.8212671592996446,1.1738197311590006,0.9294787807767002,1
Wamsley,ESR2_(+),ESR2 (+),asd_d_proband,42,41,13841,5,5.5438,0.90191483806055,0.2928492929274324,2.1047683675518045,1,1
Wamsley,ESR2_(+),ESR2 (+),asd_da_proband,42,41,24839,12,9.9488,1.2061744779029175,0.6232479537050705,2.1069440751252033,0.5222840785427854,0.6472653399284355
Wamsley,ESR2_(+),ESR2 (+),proband,42,41,38680,16,15.4926,1.0327531146718572,0.5903076383664771,1.6771263560870282,0.8983716831849933,0.9369671759726484
Wamsley,ESR2_(+),ESR2 (+),sibling,42,41,9567,3,3.8319,0.7829039368827891,0.161453613551533,2.28797753400924,1,1
Wamsley,ESRRA_(+),ESRRA (+),asd_d_proband,265,238,13841,124,39.6518,3.127221736397308,2.6010612447188373,3.7285641340572653,8.936565236048205e-27,3.386167915972007e-26
Wamsley,ESRRA_(+),ESRRA (+),asd_da_proband,265,238,24839,139,71.159,1.9533728733797413,1.6421484617477111,2.3064240714427116,9.717558739438444e-13,7.2656449118053e-12
Wamsley,ESRRA_(+),ESRRA (+),proband,265,238,38680,252,110.8108,2.2741470055116704,2.002009603022138,2.572955631422685,1.532982051992093e-30,7.914626793316644e-30
Wamsley,ESRRA_(+),ESRRA (+),sibling,265,238,9567,30,27.4076,1.0945861290695622,0.7385126648030593,1.5625897604228567,0.5668781065978591,1
Wamsley,ESRRB_(+),ESRRB (+),asd_d_proband,6,5,13841,1,0.8032,1.2450590242955661,0.03152216530622245,6.9370248840452255,0.5520952915901967,0.6138065417479831
Wamsley,ESRRB_(+),ESRRB (+),asd_da_proband,6,5,24839,0,1.4414,0,0,2.559279777865268,NA,NA
Wamsley,ESRRB_(+),ESRRB (+),proband,6,5,38680,1,2.2445,0.44552383545178204,0.011279686918392576,2.482299933300671,0.7330481411760792,0.8050124437746934
Wamsley,ESRRB_(+),ESRRB (+),sibling,6,5,9567,0,0.5552,0,0,6.644711027740713,NA,NA
Wamsley,ETS1_(+),ETS1 (+),asd_d_proband,958,907,13841,333,170.9962,1.9474112856719097,1.743841772934178,2.1682184501397814,5.076293514382331e-28,1.9911940052894074e-27
Wamsley,ETS1_(+),ETS1 (+),asd_da_proband,958,907,24839,369,306.8691,1.2024670269012234,1.0828923913089932,1.331638360588303,5.487980205028109e-4,0.0014178328721914724
Wamsley,ETS1_(+),ETS1 (+),proband,958,907,38680,676,477.8654,1.4146244113531676,1.3099811290710057,1.5254028674187226,1.4831751785257955e-17,4.962765040169891e-17
Wamsley,ETS1_(+),ETS1 (+),sibling,958,907,9567,122,118.1938,1.0322026610518196,0.8571819240257008,1.2324514143560588,0.7127832653961101,1
Wamsley,ETS2_(+),ETS2 (+),asd_d_proband,1163,1104,13841,470,186.0924,2.5256268649009828,2.3024255575344204,2.7646224957118113,4.904997567457032e-68,4.478825647661585e-67
Wamsley,ETS2_(+),ETS2 (+),asd_da_proband,1163,1104,24839,446,333.9607,1.3354866481369079,1.2144041942837431,1.4653736936013044,5.302495369884744e-9,2.6372322786783593e-8
Wamsley,ETS2_(+),ETS2 (+),proband,1163,1104,38680,879,520.0531,1.690212109353675,1.5803079245822236,1.8057449481709478,1.802152005170406e-46,1.36175856814532e-45
Wamsley,ETS2_(+),ETS2 (+),sibling,1163,1104,9567,137,128.6284,1.0650833420917085,0.8942077023644129,1.2591026918126307,0.4533439577774896,1
Wamsley,ETV3_(+),ETV3 (+),asd_d_proband,93,84,13841,49,17.4375,2.810029712512166,2.0788754507496594,3.7150083028658005,4.5664161776769695e-10,1.0664544280780176e-9
Wamsley,ETV3_(+),ETV3 (+),asd_da_proband,93,84,24839,57,31.2933,1.8214743037407521,1.3795668499316829,2.3599312324366437,3.264265122243976e-5,9.987412799494442e-5
Wamsley,ETV3_(+),ETV3 (+),proband,93,84,38680,104,48.7309,2.1341708049783743,1.7437721993313475,2.58590513696729,4.844833940781069e-12,1.3193211280265392e-11
Wamsley,ETV3_(+),ETV3 (+),sibling,93,84,9567,13,12.053,1.0785738310933877,0.5742951397591068,1.8443940993978023,0.7717932174655067,1
Wamsley,ETV4_(+),ETV4 (+),asd_d_proband,8,7,13841,6,2.8129,2.133004084485429,0.7827749060501632,4.642651905210618,0.06624407738863808,0.08934128596966444
Wamsley,ETV4_(+),ETV4 (+),asd_da_proband,8,7,24839,12,5.0481,2.37714155427858,1.2283037292807502,4.1523879051305,0.0058609583184096115,0.012484947059404625
Wamsley,ETV4_(+),ETV4 (+),proband,8,7,38680,17,7.861,2.162570932726508,1.2597772615463063,3.4624855548369746,0.0035183575475988007,0.005776181240014722
Wamsley,ETV4_(+),ETV4 (+),sibling,8,7,9567,0,1.9443,0,0,1.8972588830230053,NA,NA
Wamsley,ETV5_(+),ETV5 (+),asd_d_proband,478,453,13841,285,96.3689,2.9573846214527255,2.623969000007639,3.321430905875432,1.837112028429371e-54,1.3118864100450766e-53
Wamsley,ETV5_(+),ETV5 (+),asd_da_proband,478,453,24839,255,172.9433,1.4744718710049813,1.299035916291534,1.6669949417328824,5.348632832016488e-9,2.6485116084853576e-8
Wamsley,ETV5_(+),ETV5 (+),proband,478,453,38680,516,269.3122,1.915991839609937,1.754219616564114,2.088670251121937,1.5926720082684665e-40,1.075289207949302e-39
Wamsley,ETV5_(+),ETV5 (+),sibling,478,453,9567,60,66.6109,0.9007533692138474,0.6873697143270934,1.1594481366133118,0.4619367134685468,1
Wamsley,ETV6_(+),ETV6 (+),asd_d_proband,1429,1356,13841,633,266.0802,2.378981603712537,2.1972401169433518,2.57174619971086,4.181094523447606e-81,4.955041807575142e-80
Wamsley,ETV6_(+),ETV6 (+),asd_da_proband,1429,1356,24839,672,477.5065,1.4073107590980112,1.3029050747734818,1.5178564601491238,4.748741185275824e-17,5.04858562232824e-16
Wamsley,ETV6_(+),ETV6 (+),proband,1429,1356,38680,1245,743.5867,1.6743171601779172,1.582593505878709,1.7699703717028195,4.8229496545880344e-63,5.1429771550326606e-62
Wamsley,ETV6_(+),ETV6 (+),sibling,1429,1356,9567,186,183.9166,1.0113279561273691,0.8712048597220072,1.167574487079951,0.8537475484165193,1
Wamsley,FLI1_(+),FLI1 (+),asd_d_proband,1629,1546,13841,705,295.0503,2.389423026353003,2.2162759047911256,2.5725040893878433,8.929647282515538e-91,1.2753368041951679e-89
Wamsley,FLI1_(+),FLI1 (+),asd_da_proband,1629,1546,24839,734,529.496,1.386223792719577,1.2877399766194142,1.4902417091191043,4.324340501814469e-17,4.649695644331939e-16
Wamsley,FLI1_(+),FLI1 (+),proband,1629,1546,38680,1384,824.5463,1.6784987453016442,1.5912226929776574,1.7693168016633702,2.1136122389981994e-70,2.621338657279289e-69
Wamsley,FLI1_(+),FLI1 (+),sibling,1629,1546,9567,197,203.9409,0.9659660178238474,0.8357794946876691,1.1106831134051443,0.6742511482300773,1
Wamsley,FOSB_(+),FOSB (+),asd_d_proband,236,225,13841,88,36.3985,2.417684513379088,1.9390536769763862,2.9786549398894606,4.443500828085079e-13,1.1592646188493625e-12
Wamsley,FOSB_(+),FOSB (+),asd_da_proband,236,225,24839,84,65.3205,1.2859663475386562,1.025737121828463,1.5921138416781644,0.02561453465999462,0.04725295691361753
Wamsley,FOSB_(+),FOSB (+),proband,236,225,38680,168,101.719,1.6516090024049994,1.411299511941531,1.9211070454447008,1.6250039713285685e-9,3.93658074582993e-9
Wamsley,FOSB_(+),FOSB (+),sibling,236,225,9567,22,25.1589,0.8744426505090405,0.5480085535504707,1.3239166815697125,0.6176142820070321,1
Wamsley,FOSL2_(+),FOSL2 (+),asd_d_proband,619,585,13841,428,128.3503,3.3346232951558497,3.026149227783963,3.6660138523140255,5.146281301338242e-96,7.962440791237224e-95
Wamsley,FOSL2_(+),FOSL2 (+),asd_da_proband,619,585,24839,337,230.337,1.4630739331877631,1.311019118661233,1.627924172452991,4.837109354541363e-11,3.0171803653465186e-10
Wamsley,FOSL2_(+),FOSL2 (+),proband,619,585,38680,726,358.6873,2.0240471944804144,1.879473938981875,2.1767904655424424,5.467305600821482e-65,6.056500670424574e-64
Wamsley,FOSL2_(+),FOSL2 (+),sibling,619,585,9567,84,88.7167,0.9468343200715217,0.7552321351001589,1.172245315475869,0.6708860638728659,1
Wamsley,FOS_(+),FOS (+),asd_d_proband,671,638,13841,247,108.427,2.278031096221212,2.00277261183835,2.5805528039354075,3.715556314063061e-30,1.5981195883653476e-29
Wamsley,FOS_(+),FOS (+),asd_da_proband,671,638,24839,248,194.5826,1.2745231752231503,1.1208210508087821,1.4434165120500713,2.1910147231249047e-4,5.989480925927403e-4
Wamsley,FOS_(+),FOS (+),proband,671,638,38680,475,303.0095,1.5676074100508013,1.4297849228729806,1.7151291579547026,7.870010520699411e-20,2.8689079885361114e-19
Wamsley,FOS_(+),FOS (+),sibling,671,638,9567,68,74.9455,0.9073258876097152,0.7045740542250448,1.150251761705999,0.45284793621862995,1
Wamsley,FOXJ2_(+),FOXJ2 (+),asd_d_proband,9,8,13841,1,1.394,0.7173531478977236,0.018161809255400466,3.9968359254535666,1,1
Wamsley,FOXJ2_(+),FOXJ2 (+),asd_da_proband,9,8,24839,2,2.5017,0.7994593115707068,0.09681823154039787,2.8879219145759856,1,1
Wamsley,FOXJ2_(+),FOXJ2 (+),proband,9,8,38680,3,3.8957,0.7700789751850358,0.1588087981249984,2.25049755357151,1,1
Wamsley,FOXJ2_(+),FOXJ2 (+),sibling,9,8,9567,0,0.9636,0,0,3.8284163879840034,NA,NA
Wamsley,FOXK1_(+),FOXK1 (+),asd_d_proband,134,125,13841,143,31.2509,4.575866917618788,3.856632639402345,5.3903051988924995,5.1680878474136295e-48,3.3278900936524757e-47
Wamsley,FOXK1_(+),FOXK1 (+),asd_da_proband,134,125,24839,116,56.0827,2.068372228982437,1.709135994052943,2.4808154669072433,2.934989961168137e-12,2.0581389230800163e-11
Wamsley,FOXK1_(+),FOXK1 (+),proband,134,125,38680,242,87.3337,2.770982078093939,2.432831027651286,3.1429883096904287,4.519501043275424e-42,3.106476319504373e-41
Wamsley,FOXK1_(+),FOXK1 (+),sibling,134,125,9567,16,21.6009,0.740711393629607,0.4233805614070355,1.2028688975727566,0.2802645835517415,1
Wamsley,FOXN2_(+),FOXN2 (+),asd_d_proband,278,259,13841,131,56.5157,2.3179386308924252,1.9380235324490709,2.750560870657207,2.1578718470711843e-17,6.359442427611903e-17
Wamsley,FOXN2_(+),FOXN2 (+),asd_da_proband,278,259,24839,154,101.4229,1.5183948422921592,1.2880527209056312,1.778043051870001,1.0521202044367794e-6,4.012985509490283e-6
Wamsley,FOXN2_(+),FOXN2 (+),proband,278,259,38680,273,157.9386,1.7285195191549574,1.5295395914811385,1.9461971096680697,1.1067731083644434e-16,3.5978009021191736e-16
Wamsley,FOXN2_(+),FOXN2 (+),sibling,278,259,9567,35,39.0641,0.8959636222928946,0.6240714910986249,1.2460685080640825,0.5753551980651948,1
Wamsley,FOXN3_(+),FOXN3 (+),asd_d_proband,128,122,13841,55,24.3345,2.2601649713881753,1.7026655691256805,2.9419153792225807,7.379177215527597e-8,1.5279560256687254e-7
Wamsley,FOXN3_(+),FOXN3 (+),asd_da_proband,128,122,24839,59,43.6706,1.3510232506579025,1.028461494941872,1.742721560143503,0.027674137914951095,0.05023167476845625
Wamsley,FOXN3_(+),FOXN3 (+),proband,128,122,38680,107,68.0051,1.5734111781899311,1.289448431159176,1.9013063515466744,1.1493118957090263e-5,2.23021236905442e-5
Wamsley,FOXN3_(+),FOXN3 (+),sibling,128,122,9567,13,16.8202,0.7728807620832759,0.4115264551039422,1.321649641433814,0.4621717639181109,1
Wamsley,FOXO1_(+),FOXO1 (+),asd_d_proband,719,679,13841,370,138.77,2.666281672165102,2.401492833925882,2.9522916798064416,2.3261377192037305e-59,1.8121100833517173e-58
Wamsley,FOXO1_(+),FOXO1 (+),asd_da_proband,719,679,24839,348,249.0361,1.3973876749296974,1.2544104849232622,1.5521961718150623,2.911576262337628e-9,1.4874070589046071e-8
Wamsley,FOXO1_(+),FOXO1 (+),proband,719,679,38680,687,387.8062,1.7715036178336694,1.6414943708522733,1.909072021559893,9.503363332482428e-43,6.61179119656247e-42
Wamsley,FOXO1_(+),FOXO1 (+),sibling,719,679,9567,110,95.9189,1.1468026376389815,0.9425322970508184,1.382207305344283,0.15253311928971858,1
Wamsley,FOXO3_(+),FOXO3 (+),asd_d_proband,187,176,13841,224,41.8123,5.357277712273383,4.678631952860432,6.106695229491193,2.261727427185569e-86,2.9297259928892134e-85
Wamsley,FOXO3_(+),FOXO3 (+),asd_da_proband,187,176,24839,156,75.0361,2.0789981421838495,1.765556165785937,2.432045211229976,2.627651378089176e-16,2.579668179011026e-15
Wamsley,FOXO3_(+),FOXO3 (+),proband,187,176,38680,360,116.8484,3.0809144968799997,2.770840305716715,3.416197021489549,1.4687530107133015e-72,1.9043718013907693e-71
Wamsley,FOXO3_(+),FOXO3 (+),sibling,187,176,9567,33,28.901,1.141830859667348,0.7859838247915105,1.603555055159716,0.4554200484107693,1
Wamsley,FOXO6_(+),FOXO6 (+),asd_d_proband,7,6,13841,2,0.7341,2.7245618245337107,0.3299570769343693,9.842054106830092,0.16772784809095642,0.20994249749811847
Wamsley,FOXO6_(+),FOXO6 (+),asd_da_proband,7,6,24839,2,1.3173,1.518203639976291,0.1838615041607394,5.484273557415167,0.37931006717777177,0.5031200313020404
Wamsley,FOXO6_(+),FOXO6 (+),proband,7,6,38680,4,2.0514,1.9498790182715147,0.531276406193654,4.992464717984206,0.1522703711822025,0.20368170400808094
Wamsley,FOXO6_(+),FOXO6 (+),sibling,7,6,9567,1,0.5074,1.9708717577804478,0.049898152725145244,10.980994603625563,0.39793489086936534,1
Wamsley,FOXP1_(+),FOXP1 (+),asd_d_proband,162,152,13841,112,32.5298,3.4430011682274078,2.8349565111344637,4.142825072063477,1.256993506853915e-27,4.845296770364226e-27
Wamsley,FOXP1_(+),FOXP1 (+),asd_da_proband,162,152,24839,104,58.3778,1.7815000868526514,1.455614666508154,2.158585533713467,6.331549796882707e-8,2.8366348097938794e-7
Wamsley,FOXP1_(+),FOXP1 (+),proband,162,152,38680,205,90.9075,2.255038763511571,1.95689409484297,2.58576635194037,9.600876833708414e-25,4.0274266423754784e-24
Wamsley,FOXP1_(+),FOXP1 (+),sibling,162,152,9567,21,22.4848,0.9339640006552907,0.5781384367490512,1.4276631857698086,0.9157116767523334,1
Wamsley,FOXP2_(+),FOXP2 (+),asd_d_proband,943,891,13841,612,191.6665,3.193046803262563,2.9450491152093976,3.456350696678788,2.2134192984668723e-128,4.931498196984192e-127
Wamsley,FOXP2_(+),FOXP2 (+),asd_da_proband,943,891,24839,566,343.9638,1.645521854536663,1.512732415980164,1.786844879925965,6.704619138947903e-28,1.428210378843808e-26
Wamsley,FOXP2_(+),FOXP2 (+),proband,943,891,38680,1118,535.6303,2.0872605701728983,1.966688384908896,2.2132907897854652,1.300591737661819e-106,2.7481021716150656e-105
Wamsley,FOXP2_(+),FOXP2 (+),sibling,943,891,9567,121,132.4813,0.9133367385024524,0.7578626075628764,1.0913208566018928,0.3391258240210627,1
Wamsley,FOXP4_(+),FOXP4 (+),asd_d_proband,6,6,13841,3,1.5363,1.9526908545939186,0.40269179879014855,5.706591314337795,0.20032936382223865,0.24741342715961626
Wamsley,FOXP4_(+),FOXP4 (+),asd_da_proband,6,6,24839,6,2.7571,2.176190194326215,0.7986234472316718,4.73664988514385,0.061432929615274766,0.1032109784756625
Wamsley,FOXP4_(+),FOXP4 (+),proband,6,6,38680,9,4.2935,2.096214642070923,0.9585228160343583,3.9792683501965223,0.04509926727996051,0.06605682152302303
Wamsley,FOXP4_(+),FOXP4 (+),sibling,6,6,9567,1,1.0619,0.941681269587625,0.0238413055658218,5.246712222068843,1,1
Wamsley,FOXQ1_(+),FOXQ1 (+),asd_d_proband,6,6,13841,1,1.2768,0.783224721660117,0.01982953311153973,4.36384884405755,1,1
Wamsley,FOXQ1_(+),FOXQ1 (+),asd_da_proband,6,6,24839,8,2.2913,3.491481419541102,1.5073738589163241,6.879610284376945,0.0025303773694979213,0.0056908287851855635
Wamsley,FOXQ1_(+),FOXQ1 (+),proband,6,6,38680,9,3.5681,2.5223764310361716,1.1533911228608258,4.7882561727494615,0.011072684923541264,0.017426115169324942
Wamsley,FOXQ1_(+),FOXQ1 (+),sibling,6,6,9567,1,0.8825,1.1331256791572781,0.028688258366972023,6.3133722013798,0.5862588073978706,1
Wamsley,GABPA_(+),GABPA (+),asd_d_proband,374,355,13841,195,72.0294,2.707229721292874,2.3405694317008154,3.1150361196324754,5.2118233751967275e-33,2.4811842905851087e-32
Wamsley,GABPA_(+),GABPA (+),asd_da_proband,374,355,24839,185,129.2636,1.4311843793820336,1.2323736908666736,1.6529370057759718,3.6689157582552385e-6,1.2944393409594264e-5
Wamsley,GABPA_(+),GABPA (+),proband,374,355,38680,357,201.2929,1.7735348111197782,1.5943115625521245,1.9673922907575327,3.9859961467318845e-23,1.5791741678545416e-22
Wamsley,GABPA_(+),GABPA (+),sibling,374,355,9567,55,49.7872,1.1047013432835668,0.8322122345877087,1.4379206440216985,0.4355445797659947,1
Wamsley,GABPB1_(+),GABPB1 (+),asd_d_proband,267,252,13841,137,49.1243,2.7888448295564046,2.341419144149733,3.2968706702764816,7.298774044098899e-25,2.6746165411599253e-24
Wamsley,GABPB1_(+),GABPB1 (+),asd_da_proband,267,252,24839,150,88.1582,1.7014860939144525,1.4400942866055224,1.9966050693626856,1.924891989197735e-9,1.0101443844385464e-8
Wamsley,GABPB1_(+),GABPB1 (+),proband,267,252,38680,277,137.2825,2.017736991559339,1.7870953006949566,2.269886603193887,1.3160385379023947e-25,5.797683288597036e-25
Wamsley,GABPB1_(+),GABPB1 (+),sibling,267,252,9567,27,33.9551,0.7951686375680355,0.5240211426552465,1.156928619693005,0.26403324225901476,1
Wamsley,GLI2_(+),GLI2 (+),asd_d_proband,10,10,13841,1,1.6642,0.6008794089076299,0.015212949496436973,3.3478857873914682,1,1
Wamsley,GLI2_(+),GLI2 (+),asd_da_proband,10,10,24839,0,2.9866,0,0,1.2351370418145475,NA,NA
Wamsley,GLI2_(+),GLI2 (+),proband,10,10,38680,1,4.6508,0.2150147853849665,0.005443703050159879,1.1979857079442944,0.10164655488279949,0.14024028914301598
Wamsley,GLI2_(+),GLI2 (+),sibling,10,10,9567,4,1.1503,3.4772747564296034,0.9474403379043844,8.903204441679144,0.029620239662126097,1
Wamsley,GMEB1_(+),GMEB1 (+),asd_d_proband,29,28,13841,66,8.6555,7.625209949669362,5.897336822667251,9.701136669943262,2.6687406143899674e-35,1.351353202013829e-34
Wamsley,GMEB1_(+),GMEB1 (+),asd_da_proband,29,28,24839,44,15.5331,2.8326564653266675,2.058212524126425,3.802709089192773,2.668297744364474e-9,1.3693218879034051e-8
Wamsley,GMEB1_(+),GMEB1 (+),proband,29,28,38680,101,24.1886,4.175516915111849,3.4010271047684304,5.073631564777382,2.4130648804412074e-31,1.2865920694315035e-30
Wamsley,GMEB1_(+),GMEB1 (+),sibling,29,28,9567,3,5.9827,0.5014421302078814,0.10340942240166752,1.4654266947352608,0.30373620636634324,1
Wamsley,GRHL1_(+),GRHL1 (+),asd_d_proband,5,3,13841,0,0.3984,0,0,9.258506947321262,NA,NA
Wamsley,GRHL1_(+),GRHL1 (+),asd_da_proband,5,3,24839,0,0.715,0,0,5.159104418771834,NA,NA
Wamsley,GRHL1_(+),GRHL1 (+),proband,5,3,38680,0,1.1135,0,0,3.3130039983938366,NA,NA
Wamsley,GRHL1_(+),GRHL1 (+),sibling,5,3,9567,1,0.2754,3.631099820070271,0.09193148801632864,20.23119331433395,0.24073062226617323,1
Wamsley,GTF2B_(+),GTF2B (+),asd_d_proband,57,53,13841,21,9.5282,2.203982592732964,1.3642999621941996,3.3690215120868228,9.63847235971747e-4,0.001581334051358654
Wamsley,GTF2B_(+),GTF2B (+),asd_da_proband,57,53,24839,32,17.0993,1.8714240434350407,1.2800526603460793,2.641892367825985,9.90536692464313e-4,0.002436418138980848
Wamsley,GTF2B_(+),GTF2B (+),proband,57,53,38680,49,26.6275,1.8402039078086752,1.3613929814631744,2.4328471567525187,8.903649217851986e-5,1.6254502012110584e-4
Wamsley,GTF2B_(+),GTF2B (+),sibling,57,53,9567,7,6.586,1.06286620905254,0.427327341066637,2.189910612298297,0.8436363700947983,1
Wamsley,GTF3C2_(+),GTF3C2 (+),asd_d_proband,14,13,13841,0,1.5119,0,0,2.4399561057002,NA,NA
Wamsley,GTF3C2_(+),GTF3C2 (+),asd_da_proband,14,13,24839,5,2.7132,1.8428539402383275,0.598369658190606,4.300606349677811,0.20538554028528333,0.304304822811135
Wamsley,GTF3C2_(+),GTF3C2 (+),proband,14,13,38680,5,4.225,1.1834190543324667,0.38425294570311425,2.761705302989843,0.6219865508793923,0.6998882194806574
Wamsley,GTF3C2_(+),GTF3C2 (+),sibling,14,13,9567,0,1.045,0,0,3.529991894951026,NA,NA
Wamsley,HBP1_(+),HBP1 (+),asd_d_proband,58,54,13841,32,10.8,2.9629668557142423,2.026667135906082,4.182825132386693,1.3437837003695645e-7,2.751792357006792e-7
Wamsley,HBP1_(+),HBP1 (+),asd_da_proband,58,54,24839,34,19.3816,1.7542403384017926,1.2148624303457864,2.4513750410322652,0.0020518771560534207,0.004689411557053263
Wamsley,HBP1_(+),HBP1 (+),proband,58,54,38680,64,30.1816,2.1204976344333417,1.6330415659956148,2.7078281393560726,7.677743048034702e-8,1.704339458717431e-7
Wamsley,HBP1_(+),HBP1 (+),sibling,58,54,9567,8,7.465,1.0716636419447272,0.462668296150023,2.1116045960470293,0.7155166365310546,1
Wamsley,HDAC2_(+),HDAC2 (+),asd_d_proband,331,305,13841,133,48.1036,2.7648660805070264,2.31496459086999,3.2766788356554017,7.215047423734841e-24,2.5927622032389077e-23
Wamsley,HDAC2_(+),HDAC2 (+),asd_da_proband,331,305,24839,137,86.3265,1.5869980311040066,1.3323895013355391,1.8760912070412856,4.885843109845579e-7,1.9491579049525293e-6
Wamsley,HDAC2_(+),HDAC2 (+),proband,331,305,38680,259,134.4301,1.92665177509255,1.6991352624750884,2.1761472579797174,1.40024834324442e-21,5.325611198806277e-21
Wamsley,HDAC2_(+),HDAC2 (+),sibling,331,305,9567,31,33.2496,0.9323432869011902,0.6334820291348278,1.32338687380674,0.7944266021530572,1
Wamsley,HDX_(+),HDX (+),asd_d_proband,17,12,13841,15,3.4393,4.361291632816149,2.4409818196779063,7.1932873038834275,3.4695038955987983e-6,6.61819749948127e-6
Wamsley,HDX_(+),HDX (+),asd_da_proband,17,12,24839,10,6.1722,1.6201574805697578,0.776928486827862,2.979527291181635,0.15100146400778677,0.2300683574423634
Wamsley,HDX_(+),HDX (+),proband,17,12,38680,24,9.6116,2.496986038875215,1.599866070600256,3.715317297436382,6.684093748116559e-5,1.2300888655808055e-4
Wamsley,HDX_(+),HDX (+),sibling,17,12,9567,3,2.3773,1.2619345142637886,0.26024123496493584,3.687908160894424,0.5171506365654476,1
Wamsley,HES1_(+),HES1 (+),asd_d_proband,29,26,13841,50,4.3283,11.551912757911055,8.574052309143203,15.229756832310292,3.100445262638052e-35,1.555809019179635e-34
Wamsley,HES1_(+),HES1 (+),asd_da_proband,29,26,24839,34,7.7675,4.377197819877125,3.0313367359941723,6.116695215823948,3.420486482349964e-12,2.3547129503494566e-11
Wamsley,HES1_(+),HES1 (+),proband,29,26,38680,77,12.0958,6.365838616925032,5.023820285876394,7.956206033804274,1.0491551395583966e-35,6.138902637108361e-35
Wamsley,HES1_(+),HES1 (+),sibling,29,26,9567,2,2.9917,0.6685064261826986,0.08095922959385786,2.4148750665181793,1,1
Wamsley,HES6_(+),HES6 (+),asd_d_proband,21,21,13841,2,3.893,0.5137467058675071,0.06221710949125372,1.8558297451073933,0.6044721790249412,0.6640848199544226
Wamsley,HES6_(+),HES6 (+),asd_da_proband,21,21,24839,7,6.9863,1.0019601652921848,0.4028399526132947,2.0644208841952625,0.8507071526968162,0.9182106839337528
Wamsley,HES6_(+),HES6 (+),proband,21,21,38680,9,10.8793,0.8272610315823358,0.378276421542599,1.5703991252891636,0.7600793322586006,0.8255135174581368
Wamsley,HES6_(+),HES6 (+),sibling,21,21,9567,4,2.6908,1.4865199447919235,0.4050266537584084,3.8060814580856737,0.3517146219569044,1
Wamsley,HESX1_(+),HESX1 (+),asd_d_proband,8,6,13841,1,1.0259,0.9747206018294383,0.024677789035449187,5.430795599194976,1,1
Wamsley,HESX1_(+),HESX1 (+),asd_da_proband,8,6,24839,1,1.8411,0.5431421494392389,0.013751168647677128,3.0261943672634835,1,1
Wamsley,HESX1_(+),HESX1 (+),proband,8,6,38680,2,2.8671,0.6975753800372935,0.08447961476443248,2.519882122731644,1,1
Wamsley,HESX1_(+),HESX1 (+),sibling,8,6,9567,2,0.7091,2.8203423957188782,0.3415565484570135,10.188046462554611,0.15898609884007875,1
Wamsley,HEY2_(+),HEY2 (+),asd_d_proband,10,10,13841,5,1.9621,2.548300480532508,0.8274262296153515,5.946883248950166,0.04929764307883449,0.06822058930412624
Wamsley,HEY2_(+),HEY2 (+),asd_da_proband,10,10,24839,8,3.5212,2.2719772584113977,0.9808785199927663,4.476700928539363,0.02756335766617293,0.05011116071676206
Wamsley,HEY2_(+),HEY2 (+),proband,10,10,38680,13,5.4833,2.370854965685914,1.2623804181183342,4.0542341962869886,0.00434248784965173,0.0070480492694916415
Wamsley,HEY2_(+),HEY2 (+),sibling,10,10,9567,2,1.3562,1.4746953883579152,0.1785924530431414,5.327106792959412,0.3929577698143838,1
Wamsley,HIC2_(+),HIC2 (+),asd_d_proband,121,115,13841,119,31.0956,3.826906480391897,3.170274713055185,4.579464162427516,3.2370833463415865e-33,1.5543581240622963e-32
Wamsley,HIC2_(+),HIC2 (+),asd_da_proband,121,115,24839,116,55.8041,2.078702021195353,1.7176717012311753,2.493205068707469,1.6309371917293728e-12,1.1879536061048142e-11
Wamsley,HIC2_(+),HIC2 (+),proband,121,115,38680,223,86.8997,2.566177862901864,2.24039811122164,2.9260115107539506,3.6933282761425287e-34,2.0861819619201116e-33
Wamsley,HIC2_(+),HIC2 (+),sibling,121,115,9567,16,21.4935,0.7444106285539209,0.4254949937925804,1.2088762233322103,0.2796854834563721,1
Wamsley,HIF1A_(+),HIF1A (+),asd_d_proband,176,169,13841,50,29.8971,1.6724004128182193,1.2412878214922636,2.2048514516380955,6.609503213922635e-4,0.0011022435000463794
Wamsley,HIF1A_(+),HIF1A (+),asd_da_proband,176,169,24839,81,53.6533,1.5096930015050323,1.1989141607472786,1.8764105562102662,4.7073294068302075e-4,0.001227384503536098
Wamsley,HIF1A_(+),HIF1A (+),proband,176,169,38680,128,83.5504,1.532008710738662,1.2781181684956189,1.8215633650237042,6.616799404881511e-6,1.2994437385490197e-5
Wamsley,HIF1A_(+),HIF1A (+),sibling,176,169,9567,17,20.6651,0.8226419984005195,0.47921927937475417,1.3171295300232562,0.5081791358859106,1
Wamsley,HINFP_(+),HINFP (+),asd_d_proband,15,14,13841,8,2.5264,3.166578757883254,1.3671039505231857,6.2394225176448055,0.004515281237815305,0.0070056034803986774
Wamsley,HINFP_(+),HINFP (+),asd_da_proband,15,14,24839,6,4.5338,1.3233810717378556,0.4856575295063579,2.88044345470891,0.47266846763068393,0.6013652457211303
Wamsley,HINFP_(+),HINFP (+),proband,15,14,38680,14,7.0602,1.982938961446709,1.0840911823623591,3.327034636579237,0.020608594527807035,0.03160538488740299
Wamsley,HINFP_(+),HINFP (+),sibling,15,14,9567,3,1.7463,1.7179608258020587,0.35428482371681336,5.020610560975557,0.25503441939335525,1
Wamsley,HIST1H2BN_(+),HIST1H2BN (+),asd_d_proband,28,26,13841,8,4.4766,1.7870829150388292,0.7715355593098271,3.5212657677414647,0.09604155801740205,0.12587093603692456
Wamsley,HIST1H2BN_(+),HIST1H2BN (+),asd_da_proband,28,26,24839,12,8.0336,1.493720437238965,0.7718271468777993,2.609228998615386,0.15579460243263396,0.23705135599251176
Wamsley,HIST1H2BN_(+),HIST1H2BN (+),proband,28,26,38680,20,12.5102,1.5986953611073187,0.9765246595030994,2.4690553232567845,0.04553804257901638,0.06661398279827908
Wamsley,HIST1H2BN_(+),HIST1H2BN (+),sibling,28,26,9567,4,3.0942,1.2927257566140085,0.3522242599321249,3.3098913673351764,0.5593790161124685,1
Wamsley,HIVEP1_(+),HIVEP1 (+),asd_d_proband,9,8,13841,0,1.6145,0,0,2.2848721957311025,NA,NA
Wamsley,HIVEP1_(+),HIVEP1 (+),asd_da_proband,9,8,24839,2,2.8973,0.6902887669179131,0.08359717211109542,2.4935603707601124,1,1
Wamsley,HIVEP1_(+),HIVEP1 (+),proband,9,8,38680,2,4.5118,0.44328031751484087,0.05368330294900464,1.6012809216471158,0.34271967265236947,0.42504689836560167
Wamsley,HIVEP1_(+),HIVEP1 (+),sibling,9,8,9567,1,1.1159,0.8961055023243465,0.022687427041513428,4.992780299609427,1,1
Wamsley,HLF_(+),HLF (+),asd_d_proband,490,457,13841,384,97.5856,3.9350054973685706,3.5512241327981258,4.348954619425251,2.315478818053717e-106,3.968374466633601e-105
Wamsley,HLF_(+),HLF (+),asd_da_proband,490,457,24839,319,175.1268,1.8215376962446497,1.6271098750720716,2.0328031475908594,1.7698554247389346e-22,2.664222366040343e-21
Wamsley,HLF_(+),HLF (+),proband,490,457,38680,675,272.7124,2.475135021135486,2.2919101656877023,2.669110449919245,4.503805693642016e-93,8.42433163351728e-92
Wamsley,HLF_(+),HLF (+),sibling,490,457,9567,74,67.4519,1.09707806908726,0.861442248578251,1.3772810515842653,0.4280682323450913,1
Wamsley,HLTF_(+),HLTF (+),asd_d_proband,5,5,13841,1,0.7701,1.2984755744605563,0.032874555266482856,7.234642852738749,0.5370489042327696,0.600072697407528
Wamsley,HLTF_(+),HLTF (+),asd_da_proband,5,5,24839,1,1.3821,0.7235476640005056,0.01831864082464629,4.031349560157696,1,1
Wamsley,HLTF_(+),HLTF (+),proband,5,5,38680,2,2.1522,0.9292761337181261,0.11253965095799619,3.356864911591773,1,1
Wamsley,HLTF_(+),HLTF (+),sibling,5,5,9567,0,0.5323,0,0,6.929787906040512,NA,NA
Wamsley,HMBOX1_(+),HMBOX1 (+),asd_d_proband,12,9,13841,9,3.3829,2.660471740954148,1.2165370921175551,5.050404086917399,0.008042295171410606,0.012172713071944856
Wamsley,HMBOX1_(+),HMBOX1 (+),asd_da_proband,12,9,24839,11,6.0709,1.811933218961266,0.9045105345490884,3.2420490362842562,0.06194523996798004,0.10391705189279267
Wamsley,HMBOX1_(+),HMBOX1 (+),proband,12,9,38680,20,9.4537,2.1155687329970334,1.292244343046323,3.267324325194743,0.002676957809977798,0.004465510030971736
Wamsley,HMBOX1_(+),HMBOX1 (+),sibling,12,9,9567,1,2.3383,0.4276690634071561,0.01082764322816347,2.3828195106415104,0.7362075236087097,1
Wamsley,HMGB3_(+),HMGB3 (+),asd_d_proband,26,26,13841,7,4.6283,1.512422781256045,0.6080723991205608,3.116168969099849,0.2407294533519463,0.29054454066529595
Wamsley,HMGB3_(+),HMGB3 (+),asd_da_proband,26,26,24839,13,8.306,1.5651352901240785,0.8333686246332556,2.676429012687748,0.11407537983382572,0.1788765331005406
Wamsley,HMGB3_(+),HMGB3 (+),proband,26,26,38680,20,12.9343,1.5462729882822364,0.9445037122865511,2.388093220137982,0.06781147033818692,0.09623493489536228
Wamsley,HMGB3_(+),HMGB3 (+),sibling,26,26,9567,2,3.1991,0.6251681737927972,0.07571076617150073,2.258322397727165,0.7773720635273347,1
Wamsley,HNF4G_(+),HNF4G (+),asd_d_proband,9,9,13841,3,1.5457,1.9408495322325179,0.40024983344240894,5.671985945454713,0.20271292351795242,0.2498033150431405
Wamsley,HNF4G_(+),HNF4G (+),asd_da_proband,9,9,24839,1,2.7739,0.3604989247504634,0.009127042555375197,2.0085714515264987,0.5378226995242295,0.6614398995238072
Wamsley,HNF4G_(+),HNF4G (+),proband,9,9,38680,4,4.3196,0.9260013228414437,0.25230419442426527,2.3709311653554432,1,1
Wamsley,HNF4G_(+),HNF4G (+),sibling,9,9,9567,3,1.0684,2.8079124464963185,0.579059051392953,8.205911724787152,0.09330503289964417,1
Wamsley,HSF1_(+),HSF1 (+),asd_d_proband,30,26,13841,5,4.1924,1.1926367541527048,0.38724590774438494,2.783216339491853,0.6199397332799698,0.6804067614521048
Wamsley,HSF1_(+),HSF1 (+),asd_da_proband,30,26,24839,6,7.5236,0.797485501713962,0.29266312391104016,1.735790198828128,0.7162121922054259,0.8228472978295378
Wamsley,HSF1_(+),HSF1 (+),proband,30,26,38680,10,11.716,0.8535307815009093,0.40930118614105426,1.5696734964623402,0.769281192130305,0.8319903698774198
Wamsley,HSF1_(+),HSF1 (+),sibling,30,26,9567,2,2.8978,0.6901760348793806,0.08358351973823455,2.4931531438758405,1,1
Wamsley,HSF2_(+),HSF2 (+),asd_d_proband,5,5,13841,0,0.5145,0,0,7.169777767618854,NA,NA
Wamsley,HSF2_(+),HSF2 (+),asd_da_proband,5,5,24839,0,0.9233,0,0,3.9952048827091486,NA,NA
Wamsley,HSF2_(+),HSF2 (+),proband,5,5,38680,0,1.4378,0,0,2.565586713588742,NA,NA
Wamsley,HSF2_(+),HSF2 (+),sibling,5,5,9567,2,0.3556,5.6238395477959955,0.6810730597593428,20.315242113110006,0.05006662313897722,1
Wamsley,HSF4_(+),HSF4 (+),asd_d_proband,15,15,13841,7,4.2784,1.6361209672210013,0.6578054854233903,3.3710345089575715,0.2148327110217955,0.2629930110750332
Wamsley,HSF4_(+),HSF4 (+),asd_da_proband,15,15,24839,7,7.678,0.9116933172553596,0.3665479980572948,1.8784366777439407,1,1
Wamsley,HSF4_(+),HSF4 (+),proband,15,15,38680,14,11.9564,1.1709178028596627,0.6401516587404962,1.9646011109989743,0.5600925427924701,0.6416321198054301
Wamsley,HSF4_(+),HSF4 (+),sibling,15,15,9567,3,2.9573,1.014449236541051,0.20920382091355802,2.9646511573823386,0.7727907763497401,1
Wamsley,IKZF1_(+),IKZF1 (+),asd_d_proband,1112,1040,13841,458,193.2557,2.369917074737957,2.1578145411427045,2.597231495051425,1.004544575533523e-58,7.612671137036358e-58
Wamsley,IKZF1_(+),IKZF1 (+),asd_da_proband,1112,1040,24839,481,346.8159,1.3869030700353524,1.2657133539891559,1.5165661325700928,9.95821264484744e-12,6.574749752065942e-11
Wamsley,IKZF1_(+),IKZF1 (+),proband,1112,1040,38680,890,540.0716,1.647929703467076,1.541428067054658,1.7598509843460708,3.642525493731071e-43,2.5497678456117496e-42
Wamsley,IKZF1_(+),IKZF1 (+),sibling,1112,1040,9567,133,133.5798,0.9956598799600411,0.8336452108503858,1.1799695034697626,1,1
Wamsley,IRF1_(+),IRF1 (+),asd_d_proband,423,401,13841,187,70.9319,2.636332002692629,2.2720000171688626,3.0424671811981288,2.3973845914075415e-30,1.0391776011003895e-29
Wamsley,IRF1_(+),IRF1 (+),asd_da_proband,423,401,24839,189,127.2941,1.4847511161423483,1.2806114839101268,1.712181762624734,3.1519975379663853e-7,1.313138457698911e-6
Wamsley,IRF1_(+),IRF1 (+),proband,423,401,38680,360,198.2259,1.8161093698655533,1.6333296645230657,2.0137486536276357,6.164824935528542e-25,2.620634542948703e-24
Wamsley,IRF1_(+),IRF1 (+),sibling,423,401,9567,49,49.0286,0.9994159352442947,0.7393734107565528,1.321280867927075,1,1
Wamsley,IRF2_(+),IRF2 (+),asd_d_proband,380,354,13841,182,79.8561,2.279098568031172,1.9600016128805204,2.635339000126613,1.009888963758101e-22,3.515675955082889e-22
Wamsley,IRF2_(+),IRF2 (+),asd_da_proband,380,354,24839,223,143.3095,1.5560729187100395,1.3585273563457738,1.7742680028302433,7.002533177485772e-10,3.819256018058665e-9
Wamsley,IRF2_(+),IRF2 (+),proband,380,354,38680,389,223.1656,1.743100088066421,1.574163487031722,1.9252269928180088,9.809394361798729e-24,3.9831028351645374e-23
Wamsley,IRF2_(+),IRF2 (+),sibling,380,354,9567,57,55.1971,1.032662177199559,0.7821282484836821,1.3379336285581327,0.7875417013911423,1
Wamsley,IRF3_(+),IRF3 (+),asd_d_proband,68,60,13841,11,8.6803,1.2672367858691336,0.6326000376790166,2.26743665681357,0.39337488699069334,0.4489955165037217
Wamsley,IRF3_(+),IRF3 (+),asd_da_proband,68,60,24839,14,15.5776,0.8987242969999725,0.49134093620393277,1.5079066592512416,0.8000129208353958,0.8863734912886769
Wamsley,IRF3_(+),IRF3 (+),proband,68,60,38680,24,24.2579,0.9893667962704529,0.6339059746784091,1.4720993687848674,1,1
Wamsley,IRF3_(+),IRF3 (+),sibling,68,60,9567,10,5.9999,1.666697487881133,0.7992462293257508,3.0651160216470643,0.10126929476151858,1
Wamsley,IRF7_(+),IRF7 (+),asd_d_proband,117,105,13841,26,15.4369,1.6842761316373258,1.1002250881634001,2.467854772057239,0.014474599890113495,0.021133295252406856
Wamsley,IRF7_(+),IRF7 (+),asd_da_proband,117,105,24839,51,27.703,1.8409563168924856,1.3707128976511993,2.4205175709442517,5.761459025083712e-5,1.6851521345387336e-4
Wamsley,IRF7_(+),IRF7 (+),proband,117,105,38680,74,43.1399,1.7153496931543086,1.3469184540333097,2.153464457810068,1.7442817665433933e-5,3.3337110479497684e-5
Wamsley,IRF7_(+),IRF7 (+),sibling,117,105,9567,6,10.6701,0.5623191725882777,0.20636122579164312,1.223932104463469,0.21627740707223486,1
Wamsley,IRF8_(+),IRF8 (+),asd_d_proband,374,352,13841,113,62.2752,1.814527839549986,1.4954277590865126,2.1815629072044382,6.287053217716065e-9,1.3626025845400187e-8
Wamsley,IRF8_(+),IRF8 (+),asd_da_proband,374,352,24839,151,111.7587,1.3511249095177955,1.1442170022313958,1.5846353823955217,3.803226852355698e-4,0.0010079443934999021
Wamsley,IRF8_(+),IRF8 (+),proband,374,352,38680,254,174.0339,1.459485928588483,1.2855024495711285,1.6504501254582935,1.2030646294441209e-8,2.7843747306201662e-8
Wamsley,IRF8_(+),IRF8 (+),sibling,374,352,9567,41,43.045,0.9524906994227629,0.6835237707379713,1.2921611854329502,0.819224626820252,1
Wamsley,IVD_(+),IVD (+),asd_d_proband,4,3,13841,0,0.2303,0,0,16.016832217264582,NA,NA
Wamsley,IVD_(+),IVD (+),asd_da_proband,4,3,24839,0,0.4133,0,0,8.925036222036278,NA,NA
Wamsley,IVD_(+),IVD (+),proband,4,3,38680,0,0.6436,0,0,5.731359222315384,NA,NA
Wamsley,IVD_(+),IVD (+),sibling,4,3,9567,0,0.1592,0,0,23.17225616380883,NA,NA
Wamsley,JDP2_(+),JDP2 (+),asd_d_proband,91,87,13841,20,13.2444,1.5100751473655476,0.9223931306611478,2.332188590663203,0.07210619245302517,0.09666221226554758
Wamsley,JDP2_(+),JDP2 (+),asd_da_proband,91,87,24839,33,23.7683,1.388404029519417,0.9557134493593357,1.949835460559016,0.06404774237373653,0.1069673093786221
Wamsley,JDP2_(+),JDP2 (+),proband,91,87,38680,50,37.0127,1.3508887095841873,1.0026556382945084,1.7809783527313423,0.03927492709988287,0.05789753465241131
Wamsley,JDP2_(+),JDP2 (+),sibling,91,87,9567,11,9.1546,1.2015807006457195,0.5998247564929498,2.1499597842681273,0.5055526799882207,1
Wamsley,JUNB_(+),JUNB (+),asd_d_proband,728,695,13841,274,120.1015,2.2814045581119515,2.0192437669593826,2.5681527029813314,3.033239200491827e-33,1.4691428127599545e-32
Wamsley,JUNB_(+),JUNB (+),asd_da_proband,728,695,24839,296,215.5336,1.3733360307082643,1.2213245067090648,1.5390381144569762,2.1270659829150284e-7,9.028035694402509e-7
Wamsley,JUNB_(+),JUNB (+),proband,728,695,38680,545,335.635,1.623787700919674,1.4903051157830232,1.7660179472872437,1.0970784820034056e-25,4.85180832544917e-25
Wamsley,JUNB_(+),JUNB (+),sibling,728,695,9567,83,83.015,0.9998193305045263,0.7963505158011644,1.239426488366409,1,1
Wamsley,JUND_(+),JUND (+),asd_d_proband,1975,1851,13841,975,306.3863,3.182257593251573,2.9856193144226935,3.3884444253836303,3.007552616807751e-202,1.2886206212014748e-200
Wamsley,JUND_(+),JUND (+),asd_da_proband,1975,1851,24839,844,549.8395,1.5349934390552737,1.4331687167000546,1.6421431162517797,3.2260234491956464e-31,8.093734386981966e-30
Wamsley,JUND_(+),JUND (+),proband,1975,1851,38680,1730,856.2257,2.020495195618948,1.9263961080471947,2.1180020130390096,3.340080635573705e-151,1.0888662871970278e-149
Wamsley,JUND_(+),JUND (+),sibling,1975,1851,9567,221,211.7764,1.0435534161448248,0.9104953591084832,1.1905864114986935,0.5138230890357105,1
Wamsley,JUN_(+),JUN (+),asd_d_proband,706,666,13841,247,111.1368,2.222486937549292,1.9539399510725453,2.517632401030979,1.1563040321894726e-28,4.633534862802419e-28
Wamsley,JUN_(+),JUN (+),asd_da_proband,706,666,24839,297,199.4456,1.4891281530266358,1.3245694000901738,1.6684813228421662,1.0309616943116344e-10,6.224362314854733e-10
Wamsley,JUN_(+),JUN (+),proband,706,666,38680,527,310.5823,1.6968126072623926,1.5550165023079787,1.848064250540597,6.315832473929386e-29,3.066538235214225e-28
Wamsley,JUN_(+),JUN (+),sibling,706,666,9567,91,76.8185,1.1846098811063153,0.9537739813025848,1.4544384311731602,0.1097779375613904,1
Wamsley,KDM2A_(+),KDM2A (+),asd_d_proband,36,36,13841,17,7.4847,2.2712855047902893,1.3231075060308275,3.6365481160573565,0.002480412669203033,0.003953046800417995
Wamsley,KDM2A_(+),KDM2A (+),asd_da_proband,36,36,24839,19,13.4321,1.4145222071653105,0.8516347715850688,2.208951646450421,0.13145039786208063,0.20301983472816554
Wamsley,KDM2A_(+),KDM2A (+),proband,36,36,38680,35,20.9168,1.6732924653462558,1.1655095116700627,2.327144756740214,0.004176878027674571,0.00680831118510955
Wamsley,KDM2A_(+),KDM2A (+),sibling,36,36,9567,2,5.1735,0.3865845544033399,0.046817183009136544,1.3964763313651856,0.26288989202908364,1
Wamsley,KDM5A_(+),KDM5A (+),asd_d_proband,1528,1440,13841,938,337.6299,2.7781899574609437,2.6032211444562416,2.961825516818385,6.264303637910191e-158,1.7893421160594752e-156
Wamsley,KDM5A_(+),KDM5A (+),asd_da_proband,1528,1440,24839,1017,605.9092,1.6784693410054399,1.5768837690865891,1.7848821985461136,2.709554564782617e-52,1.3300378711476412e-50
Wamsley,KDM5A_(+),KDM5A (+),proband,1528,1440,38680,1874,943.5391,1.9861392248871752,1.897223770770411,2.0781460919892187,9.626157644753317e-157,3.2304252566657457e-155
Wamsley,KDM5A_(+),KDM5A (+),sibling,1528,1440,9567,216,233.3722,0.9255599299857447,0.8062357871196368,1.0575689787658349,0.2657624429842571,1
Wamsley,KLF10_(+),KLF10 (+),asd_d_proband,64,62,13841,14,8.2727,1.69231667575404,0.9252052744030163,2.839419823687619,0.05407059458053806,0.07399833214093293
Wamsley,KLF10_(+),KLF10 (+),asd_da_proband,64,62,24839,21,14.8461,1.4145107558141434,0.875604452160182,2.162229947336718,0.11724977699805203,0.18359916536865567
Wamsley,KLF10_(+),KLF10 (+),proband,64,62,38680,35,23.1188,1.5139190220470315,1.0545000689577169,2.105494877464223,0.02123049430545275,0.032465284077967276
Wamsley,KLF10_(+),KLF10 (+),sibling,64,62,9567,4,5.7181,0.6995282924670122,0.19059791595793632,1.7910702595636596,0.6730785052835813,1
Wamsley,KLF11_(+),KLF11 (+),asd_d_proband,82,78,13841,15,13.7674,1.0895276325228895,0.6098003451577934,1.7970101396765388,0.6850754025464374,0.7467455953392674
Wamsley,KLF11_(+),KLF11 (+),asd_da_proband,82,78,24839,33,24.707,1.3356549907745274,0.9194034382261084,1.875756198277713,0.10593451928963366,0.16821388506047313
Wamsley,KLF11_(+),KLF11 (+),proband,82,78,38680,47,38.4744,1.221591075839741,0.8975791742518066,1.6244571624126345,0.16981341609784079,0.22451576798103862
Wamsley,KLF11_(+),KLF11 (+),sibling,82,78,9567,11,9.5162,1.1559295604978392,0.577035871811203,2.068277284398425,0.62365874501628,1
Wamsley,KLF13_(+),KLF13 (+),asd_d_proband,119,107,13841,55,24.6077,2.235070726845612,1.683761149887823,2.9092517706434267,1.5012272233159024e-7,3.068563535364982e-7
Wamsley,KLF13_(+),KLF13 (+),asd_da_proband,119,107,24839,65,44.1609,1.4718898107210856,1.135973481585955,1.876044390425766,0.0031997365320790977,0.007083338322975101
Wamsley,KLF13_(+),KLF13 (+),proband,119,107,38680,116,68.7686,1.6868154629648084,1.3938482554934326,2.023174471067089,1.8187266570417568e-7,3.9154096522351784e-7
Wamsley,KLF13_(+),KLF13 (+),sibling,119,107,9567,18,17.009,1.0582609742673434,0.6271925224273294,1.6725085831354436,0.8074823628802714,1
Wamsley,KLF15_(+),KLF15 (+),asd_d_proband,22,19,13841,3,2.6114,1.148796318029151,0.23690941894991507,3.3572703405587045,0.7496213768772262,0.8052827520166153
Wamsley,KLF15_(+),KLF15 (+),asd_da_proband,22,19,24839,5,4.6865,1.0669035144894103,0.34642066706861374,2.4897969007317764,0.8147045576041143,0.8938789558163702
Wamsley,KLF15_(+),KLF15 (+),proband,22,19,38680,8,7.2979,1.0962075034706293,0.4732645934850005,2.1599657877254064,0.7098704177619475,0.7833289619597505
Wamsley,KLF15_(+),KLF15 (+),sibling,22,19,9567,2,1.805,1.1080094657218549,0.13418508665618722,4.002511161361048,0.7031287339685955,1
Wamsley,KLF16_(+),KLF16 (+),asd_d_proband,213,202,13841,121,40.6079,2.9797138440426663,2.4724875376633206,3.5603778186356507,1.8743358948079104e-24,6.845935038741023e-24
Wamsley,KLF16_(+),KLF16 (+),asd_da_proband,213,202,24839,108,72.8748,1.4819935212729018,1.2157080102228977,1.7892699247355306,1.0559986892215533e-4,3.0182848610914775e-4
Wamsley,KLF16_(+),KLF16 (+),proband,213,202,38680,217,113.4827,1.9121850811149366,1.666213126587183,2.1842416583081254,5.95668057588883e-18,2.0349019572123217e-17
Wamsley,KLF16_(+),KLF16 (+),sibling,213,202,9567,30,28.0685,1.0688140098166616,0.7211243241676262,1.525798457683427,0.7049846824165014,1
Wamsley,KLF2_(+),KLF2 (+),asd_d_proband,263,251,13841,158,46.1718,3.4220013914567557,2.909221388558921,3.999135114221975,6.30928237709135e-38,3.4285563746730556e-37
Wamsley,KLF2_(+),KLF2 (+),asd_da_proband,263,251,24839,124,82.8597,1.4965048930644913,1.24471534415928,1.7842720923108089,2.203062739850777e-5,6.928294800254951e-5
Wamsley,KLF2_(+),KLF2 (+),proband,263,251,38680,272,129.0315,2.1080116277816034,1.8649142322778325,2.373996372825468,6.685625278761248e-28,3.1263518209289277e-27
Wamsley,KLF2_(+),KLF2 (+),sibling,263,251,9567,32,31.9143,1.0026855768000593,0.6858361922708249,1.415492860621261,0.9294789177344742,1
Wamsley,KLF3_(+),KLF3 (+),asd_d_proband,37,37,13841,5,5.8721,0.8514828337148509,0.2764741583911053,1.9870768927255125,1,1
Wamsley,KLF3_(+),KLF3 (+),asd_da_proband,37,37,24839,15,10.5381,1.4234116391296654,0.7966726890927706,2.3477010330858894,0.16378434795060112,0.24754019924528603
Wamsley,KLF3_(+),KLF3 (+),proband,37,37,38680,20,16.4102,1.2187563496843072,0.7444480407876877,1.8822703350166552,0.3848654893851939,0.470162230608679
Wamsley,KLF3_(+),KLF3 (+),sibling,37,37,9567,4,4.0588,0.9855021554466188,0.2685161687138444,2.5232769287020065,1,1
Wamsley,KLF4_(+),KLF4 (+),asd_d_proband,74,72,13841,58,11.3568,5.107064434234079,3.8780081412539182,6.602065069398911,9.861848600204737e-23,3.443918288598143e-22
Wamsley,KLF4_(+),KLF4 (+),asd_da_proband,74,72,24839,47,20.3809,2.3060810274783345,1.6944215992891776,3.0665988940823907,3.5006290513967626e-7,1.4424124813966952e-6
Wamsley,KLF4_(+),KLF4 (+),proband,74,72,38680,97,31.7377,3.0563007020115034,2.478453980980185,3.7284276674216796,1.1354260711350133e-20,4.21993859011417e-20
Wamsley,KLF4_(+),KLF4 (+),sibling,74,72,9567,13,7.8499,1.656068858909831,0.8817869202465175,2.831928184715318,0.07230237595429735,1
Wamsley,KLF6_(+),KLF6 (+),asd_d_proband,560,539,13841,300,105.0278,2.8563870728064344,2.5422728069828686,3.1985929608413532,3.009068863023499e-54,2.1215839958279606e-53
Wamsley,KLF6_(+),KLF6 (+),asd_da_proband,560,539,24839,275,188.4824,1.4590220628240955,1.291658657541038,1.6420520286179956,3.2923528542833147e-9,1.666845906944333e-8
Wamsley,KLF6_(+),KLF6 (+),proband,560,539,38680,549,293.5102,1.8704631297499061,1.7172518971133237,2.0336769794986074,2.0509838125137405e-40,1.368521947414139e-39
Wamsley,KLF6_(+),KLF6 (+),sibling,560,539,9567,60,72.596,0.8264921809284804,0.6307006043110479,1.063859266981543,0.15838982012174319,1
Wamsley,KLF8_(+),KLF8 (+),asd_d_proband,10,7,13841,0,0.9466,0,0,3.896829109658556,NA,NA
Wamsley,KLF8_(+),KLF8 (+),asd_da_proband,10,7,24839,2,1.6988,1.177281322789838,0.14257422991810564,4.252744927100746,0.6892883388120691,0.800624006706611
Wamsley,KLF8_(+),KLF8 (+),proband,10,7,38680,2,2.6455,0.7560106198753048,0.09155639340578663,2.73097030104073,1,1
Wamsley,KLF8_(+),KLF8 (+),sibling,10,7,9567,1,0.6543,1.5282999256181033,0.038693204059203644,8.515142179942517,0.48020554651185193,1
Wamsley,KLF9_(+),KLF9 (+),asd_d_proband,153,140,13841,63,23.3088,2.70284153390135,2.076937646762307,3.458108439949951,8.476555140462832e-12,2.1315761685046487e-11
Wamsley,KLF9_(+),KLF9 (+),asd_da_proband,153,140,24839,77,41.8299,1.8407894680767005,1.4527222614729778,2.300670996266898,9.009438115939483e-7,3.4480188586087036e-6
Wamsley,KLF9_(+),KLF9 (+),proband,153,140,38680,136,65.1387,2.0878531357081664,1.751715893246963,2.469696522706837,1.6695770763189455e-14,4.999967044829178e-14
Wamsley,KLF9_(+),KLF9 (+),sibling,153,140,9567,12,16.1112,0.7448228219171773,0.38486082083232415,1.3010555772866725,0.38147475568533784,1
Wamsley,LAS1L_(+),LAS1L (+),asd_d_proband,9,9,13841,2,1.1363,1.7600998576606859,0.213156258344665,6.358085867801926,0.31423768824565423,0.36887332424200087
Wamsley,LAS1L_(+),LAS1L (+),asd_da_proband,9,9,24839,2,2.0392,0.9807778948380189,0.11877675316029261,3.5429069808062503,1,1
Wamsley,LAS1L_(+),LAS1L (+),proband,9,9,38680,4,3.1755,1.2596454048542687,0.34321097744954515,3.225192528344946,0.5664459290131719,0.6476100250541375
Wamsley,LAS1L_(+),LAS1L (+),sibling,9,9,9567,2,0.7854,2.5464139364358265,0.3083825412092096,9.198522681744167,0.1859761000862061,1
Wamsley,LEF1_(+),LEF1 (+),asd_d_proband,305,295,13841,168,60.9892,2.7545842116677903,2.3537915740757844,3.204058060109851,1.6843192227512743e-29,7.08049665715064e-29
Wamsley,LEF1_(+),LEF1 (+),asd_da_proband,305,295,24839,154,109.451,1.4070218903425822,1.193575164871927,1.6476251277144776,5.682555141669327e-5,1.672855270780974e-4
Wamsley,LEF1_(+),LEF1 (+),proband,305,295,38680,309,170.4403,1.812951787371875,1.616423623186035,2.0267856340082244,1.4718141667588732e-21,5.579202539109217e-21
Wamsley,LEF1_(+),LEF1 (+),sibling,305,295,9567,65,42.1562,1.5418844320942668,1.1899938526452738,1.9652582811876032,0.0011441706832352547,0.61728008360542
Wamsley,LHX6_(+),LHX6 (+),asd_d_proband,120,114,13841,75,26.2968,2.8520540566326313,2.2433214384978966,3.5750744568313784,7.252452917605284e-15,2.0350711713381073e-14
Wamsley,LHX6_(+),LHX6 (+),asd_da_proband,120,114,24839,64,47.1922,1.356156545573517,1.0444057908654074,1.7317816326907736,0.01944911406075968,0.03692064399754762
Wamsley,LHX6_(+),LHX6 (+),proband,120,114,38680,132,73.489,1.7961864826323675,1.5028543763490945,2.1300479969428268,6.798767840817817e-10,1.682731910276167e-9
Wamsley,LHX6_(+),LHX6 (+),sibling,120,114,9567,16,18.1766,0.8802543230767375,0.5031414025630058,1.4294778726090946,0.7244108354245212,1
Wamsley,LMO2_(+),LMO2 (+),asd_d_proband,149,139,13841,35,23.4135,1.4948647596240001,1.0412280770305284,2.0789950109975837,0.0223228499027126,0.031881608707207486
Wamsley,LMO2_(+),LMO2 (+),asd_da_proband,149,139,24839,52,42.0177,1.2375722546613919,0.9242781538250233,1.6229113611125254,0.12262919713640286,0.19096326009241216
Wamsley,LMO2_(+),LMO2 (+),proband,149,139,38680,85,65.4312,1.2990736938441734,1.0376539266750398,1.606324740029548,0.018652295507184877,0.028759823207699924
Wamsley,LMO2_(+),LMO2 (+),sibling,149,139,9567,19,16.1836,1.174029893297376,0.7068426886107594,1.8333931080363532,0.454318023097412,1
Wamsley,MAFB_(+),MAFB (+),asd_d_proband,67,60,13841,29,9.1236,3.1785832079809326,2.128747060335423,4.564975700490308,1.232743779230382e-7,2.533720608971671e-7
Wamsley,MAFB_(+),MAFB (+),asd_da_proband,67,60,24839,27,16.3731,1.6490457788224169,1.0867315591724371,2.3992750299339614,0.012965036705285902,0.025725002531226334
Wamsley,MAFB_(+),MAFB (+),proband,67,60,38680,55,25.4967,2.157144706336273,1.6250566067505403,2.8078203436988556,4.497820840635825e-7,9.521361000307008e-7
Wamsley,MAFB_(+),MAFB (+),sibling,67,60,9567,6,6.3063,0.9514337038237927,0.34915940083785424,2.070870623205926,1,1
Wamsley,MAFF_(+),MAFF (+),asd_d_proband,129,124,13841,76,23.1798,3.2787106045361383,2.5832510408542335,4.103795236143504,3.636094587613591e-18,1.1067238717490549e-17
Wamsley,MAFF_(+),MAFF (+),asd_da_proband,129,124,24839,75,41.5984,1.8029518047827224,1.4181359665471918,2.260015699627745,2.7061589226604387e-6,9.668523492669731e-6
Wamsley,MAFF_(+),MAFF (+),proband,129,124,38680,143,64.7783,2.2075295907262054,1.860550323100644,2.600438003077391,4.214810883021651e-17,1.3859075554834881e-16
Wamsley,MAFF_(+),MAFF (+),sibling,129,124,9567,19,16.0221,1.1858637367352538,0.7139674353995615,1.851873120448687,0.45115152809989045,1
Wamsley,MAFG_(+),MAFG (+),asd_d_proband,261,232,13841,135,47.7623,2.826496667649687,2.3698332443991266,3.3455008852171595,4.906302227389117e-25,1.8038352083536226e-24
Wamsley,MAFG_(+),MAFG (+),asd_da_proband,261,232,24839,120,85.714,1.4000041288811709,1.1607425555554378,1.6740617664389106,4.325854899521267e-4,0.0011357884143161651
Wamsley,MAFG_(+),MAFG (+),proband,261,232,38680,244,133.4763,1.8280393450482966,1.6058445861937072,2.072383671597537,8.375549944965483e-18,2.827367599764975e-17
Wamsley,MAFG_(+),MAFG (+),sibling,261,232,9567,37,33.0137,1.120748401292061,0.789110303445427,1.5448040395962643,0.48518690264232456,1
Wamsley,MAFK_(+),MAFK (+),asd_d_proband,183,174,13841,72,30.5111,2.359800077136739,1.8463982258506706,2.971777651704621,1.468337301551231e-10,3.487692439079044e-10
Wamsley,MAFK_(+),MAFK (+),asd_da_proband,183,174,24839,88,54.755,1.607158641849715,1.2889882268416653,1.980064396839304,3.3788260143119146e-5,1.0254555296124064e-4
Wamsley,MAFK_(+),MAFK (+),proband,183,174,38680,155,85.2661,1.8178389975029046,1.542924885641706,2.127609405603484,1.2429018476190341e-11,3.3368259014901594e-11
Wamsley,MAFK_(+),MAFK (+),sibling,183,174,9567,22,21.0895,1.0431748067551239,0.6537520975416524,1.5793791938812702,0.8269775511555976,1
Wamsley,MAF_(+),MAF (+),asd_d_proband,173,161,13841,95,32.6579,2.9089412281456766,2.35350716523102,3.556029803623409,6.472687238382812e-19,2.025442017853498e-18
Wamsley,MAF_(+),MAF (+),asd_da_proband,173,161,24839,76,58.6078,1.2967560864371128,1.0216963050621723,1.6230836117704888,0.02622692737221064,0.048225083067143015
Wamsley,MAF_(+),MAF (+),proband,173,161,38680,162,91.2657,1.7750367923800734,1.5122213020054383,2.0703988252144527,2.123629936710049e-11,5.6089392541346434e-11
Wamsley,MAF_(+),MAF (+),sibling,173,161,9567,17,22.5734,0.753098803627594,0.4387078056725887,1.2057841384365466,0.29113895974152937,1
Wamsley,MAX_(+),MAX (+),asd_d_proband,759,716,13841,252,134.6628,1.871340466408636,1.6474051920100423,2.117222844295386,1.5585698055007605e-19,4.974919092629935e-19
Wamsley,MAX_(+),MAX (+),asd_da_proband,759,716,24839,321,241.6653,1.3282831450374346,1.1869343327149449,1.481832926545928,1.1450197297129175e-6,4.338010989415718e-6
Wamsley,MAX_(+),MAX (+),proband,759,716,38680,552,376.3282,1.4668048901805397,1.3469776098964885,1.5944332281158038,2.3044869351101396e-17,7.643661607443806e-17
Wamsley,MAX_(+),MAX (+),sibling,759,716,9567,109,93.0799,1.171036578332367,0.9615428824921622,1.4126186480911778,0.1076923425817682,1
Wamsley,MAZ_(+),MAZ (+),asd_d_proband,383,348,13841,190,62.4546,3.0422101887051363,2.6249953505484127,3.506893500855087,1.656180594049496e-38,9.179030755080292e-38
Wamsley,MAZ_(+),MAZ (+),asd_da_proband,383,348,24839,168,112.0807,1.4989193236599043,1.2808262166412065,1.743502529377792,8.214447341288668e-7,3.176065427505105e-6
Wamsley,MAZ_(+),MAZ (+),proband,383,348,38680,346,174.5353,1.9824065208140007,1.7790022024858125,2.2026932185112855,2.389286563691531e-30,1.2062725527309899e-29
Wamsley,MAZ_(+),MAZ (+),sibling,383,348,9567,46,43.1691,1.065577745983132,0.7801368348583667,1.4213313865644606,0.6474581261408539,1
Wamsley,MECOM_(+),MECOM (+),asd_d_proband,20,20,13841,4,4.3106,0.9279433298143798,0.25283332596305125,2.3759034745108374,1,1
Wamsley,MECOM_(+),MECOM (+),asd_da_proband,20,20,24839,9,7.7358,1.163422165260754,0.5319906977564172,2.208537669389388,0.5872814738770078,0.7044896026166627
Wamsley,MECOM_(+),MECOM (+),proband,20,20,38680,13,12.0464,1.0791599480577223,0.574607222357668,1.845396377257149,0.7717251871118066,0.8338432182713744
Wamsley,MECOM_(+),MECOM (+),sibling,20,20,9567,2,2.9795,0.6712482297460453,0.08129127472535161,2.4247794037138957,1,1
Wamsley,MEF2C_(+),MEF2C (+),asd_d_proband,15,15,13841,85,4.8769,17.428974811117868,13.92164604392811,21.55119726087587,8.912689733466601e-73,9.19327441026092e-72
Wamsley,MEF2C_(+),MEF2C (+),asd_da_proband,15,15,24839,36,8.7521,4.113284778910094,2.880894090575833,5.694519939444986,4.5784179772039014e-12,3.132747815917094e-11
Wamsley,MEF2C_(+),MEF2C (+),proband,15,15,38680,113,13.6291,8.291104008989935,6.833043185268507,9.968193692896044,9.601290701959873e-63,1.0050525404528637e-61
Wamsley,MEF2C_(+),MEF2C (+),sibling,15,15,9567,6,3.371,1.779901059603286,0.653192319153792,3.8740952750904327,0.160171189234793,1
Wamsley,MEF2D_(+),MEF2D (+),asd_d_proband,15,13,13841,17,1.6853,10.086955362303662,5.876023214480975,16.150192673785806,4.1035647531666666e-12,1.0436920399606544e-11
Wamsley,MEF2D_(+),MEF2D (+),asd_da_proband,15,13,24839,11,3.0245,3.636949107229605,1.8155518904796917,6.5075065817647495,3.127728526710422e-4,8.387661536000156e-4
Wamsley,MEF2D_(+),MEF2D (+),proband,15,13,38680,27,4.7099,5.7326568337192265,3.7778569759033385,8.340714716934485,1.4728351326423195e-12,4.088819674805076e-12
Wamsley,MEF2D_(+),MEF2D (+),sibling,15,13,9567,1,1.1649,0.8584260181730395,0.021733465096823546,4.7828436507638115,1,1
Wamsley,MEIS1_(+),MEIS1 (+),asd_d_proband,8,8,13841,1,1.6756,0.5968029355307403,0.015109742126227812,3.325173131442783,1,1
Wamsley,MEIS1_(+),MEIS1 (+),asd_da_proband,8,8,24839,6,3.007,1.9953338131199267,0.732252342817459,4.343001683115473,0.1340659069955002,0.2064944188239014
Wamsley,MEIS1_(+),MEIS1 (+),proband,8,8,38680,7,4.6826,1.494892606379701,0.6010243596264659,3.080050108917652,0.24562432928326364,0.31631756175192305
Wamsley,MEIS1_(+),MEIS1 (+),sibling,8,8,9567,0,1.1582,0,0,3.185056266190111,NA,NA
Wamsley,MEIS3_(+),MEIS3 (+),asd_d_proband,102,100,13841,62,24.8727,2.492694478139967,1.911134563045485,3.1955218230903335,2.977440232322838e-10,7.042183479421744e-10
Wamsley,MEIS3_(+),MEIS3 (+),asd_da_proband,102,100,24839,70,44.6364,1.5682264097143475,1.2225094214976753,1.9813597248910455,4.0592957301396036e-4,0.0010707815138615918
Wamsley,MEIS3_(+),MEIS3 (+),proband,102,100,38680,130,69.5091,1.870258846512154,1.562596356092307,2.2207805078241147,8.996840679218004e-11,2.3172449695231925e-10
Wamsley,MEIS3_(+),MEIS3 (+),sibling,102,100,9567,13,17.1922,0.7561577525147916,0.4026221568162767,1.2930527857683856,0.3965361975173127,1
Wamsley,MEOX2_(+),MEOX2 (+),asd_d_proband,28,25,13841,31,5.8863,5.266451061860238,3.578297985171274,7.475306901147924,3.0294833478282436e-13,7.95953879594496e-13
Wamsley,MEOX2_(+),MEOX2 (+),asd_da_proband,28,25,24839,28,10.5636,2.6506217149693203,1.7613188800114112,3.830886381577644,6.126747488376809e-6,2.096090277084066e-5
Wamsley,MEOX2_(+),MEOX2 (+),proband,28,25,38680,55,16.4499,3.3434901783837736,2.518774372450977,4.352012043627735,6.179322235301372e-14,1.821862188754229e-13
Wamsley,MEOX2_(+),MEOX2 (+),sibling,28,25,9567,4,4.0687,0.9831234269307135,0.26786804525315877,2.5171864389444174,1,1
Wamsley,MLXIPL_(+),MLXIPL (+),asd_d_proband,104,97,13841,78,20.1324,3.874353574465168,3.0625157251249817,4.835368602794136,1.080360841162569e-22,3.749289648146735e-22
Wamsley,MLXIPL_(+),MLXIPL (+),asd_da_proband,104,97,24839,75,36.1295,2.075865799757066,1.6328001361719797,2.602115755577091,1.4715116570307112e-8,6.980406137763331e-8
Wamsley,MLXIPL_(+),MLXIPL (+),proband,104,97,38680,150,56.2619,2.666102926585613,2.2565212879554943,3.1285325444047767,3.4873368892436088e-25,1.5015288266516822e-24
Wamsley,MLXIPL_(+),MLXIPL (+),sibling,104,97,9567,8,13.9157,0.574892087106827,0.2481975985759577,1.1327665937820965,0.13778014683605044,1
Wamsley,MSRA_(+),MSRA (+),asd_d_proband,421,399,13841,363,107.6878,3.370856161407374,3.0329687513721315,3.73609434126779,6.080937176386363e-83,7.526848904993787e-82
Wamsley,MSRA_(+),MSRA (+),asd_da_proband,421,399,24839,344,193.256,1.7800221220509753,1.5968677000405542,1.9784243081658126,1.3435677007689223e-22,2.0498485596866396e-21
Wamsley,MSRA_(+),MSRA (+),proband,421,399,38680,673,300.9438,2.23629793855044,2.070512218355504,2.4118259095161076,7.189137393932221e-76,9.650359725266665e-75
Wamsley,MSRA_(+),MSRA (+),sibling,421,399,9567,68,74.4346,0.9135539576738,0.7094103943261854,1.1581473245473886,0.48693837222462566,1
Wamsley,MSX1_(+),MSX1 (+),asd_d_proband,12,8,13841,0,0.542,0,0,6.806122228874497,NA,NA
Wamsley,MSX1_(+),MSX1 (+),asd_da_proband,12,8,24839,2,0.9727,2.0562155422260155,0.24901724150672538,7.427757535051313,0.2541848127180777,0.3596173603492603
Wamsley,MSX1_(+),MSX1 (+),proband,12,8,38680,2,1.5147,1.320432726301758,0.15991052900169472,4.769857016885718,0.6669515492214517,0.7431559742789808
Wamsley,MSX1_(+),MSX1 (+),sibling,12,8,9567,1,0.3746,2.669297473259747,0.06758076088094042,14.872373625337572,0.3124566572614796,1
Wamsley,MXD3_(+),MXD3 (+),asd_d_proband,22,16,13841,2,3.7344,0.5355598022029092,0.06485877665435759,1.9346261491520205,0.5990887180343174,0.660001349097937
Wamsley,MXD3_(+),MXD3 (+),asd_da_proband,22,16,24839,10,6.7018,1.4921460651174496,0.7155420373642708,2.7441097404205745,0.23929189176118154,0.344153561526591
Wamsley,MXD3_(+),MXD3 (+),proband,22,16,38680,12,10.4362,1.1498474491660498,0.5941429560105618,2.0085520915102895,0.5372255493611084,0.618851056468518
Wamsley,MXD3_(+),MXD3 (+),sibling,22,16,9567,3,2.5813,1.1622269084807881,0.23967912958540033,3.39652022521783,0.7478799642147499,1
Wamsley,MXI1_(+),MXI1 (+),asd_d_proband,378,362,13841,148,75.8808,1.9504281278684004,1.6488605310047288,2.291186839724808,2.5046333626376144e-13,6.611757265351427e-13
Wamsley,MXI1_(+),MXI1 (+),asd_da_proband,378,362,24839,185,136.1753,1.3585428015332004,1.1698230015958755,1.5690400922027967,6.548722212109068e-5,1.8957711224284966e-4
Wamsley,MXI1_(+),MXI1 (+),proband,378,362,38680,319,212.0561,1.5043189360355693,1.3437505032850219,1.6787927444258186,7.177214989180445e-12,1.940569266031964e-11
Wamsley,MXI1_(+),MXI1 (+),sibling,378,362,9567,54,52.4493,1.0295648108804707,0.7734407731269046,1.3433587464056072,0.7825147414487696,1
Wamsley,MYBL1_(+),MYBL1 (+),asd_d_proband,18,16,13841,11,3.2544,3.380018631119345,1.6872931225204235,6.0477869884881,5.700954568424054e-4,9.550170510111874e-4
Wamsley,MYBL1_(+),MYBL1 (+),asd_da_proband,18,16,24839,9,5.8404,1.5409987258303683,0.7046427443751763,2.9252955944110246,0.20620742510024637,0.30493397502041325
Wamsley,MYBL1_(+),MYBL1 (+),proband,18,16,38680,17,9.0948,1.8692024157339675,1.0888792894299377,2.992774140076606,0.017956237271178756,0.027724041578369368
Wamsley,MYBL1_(+),MYBL1 (+),sibling,18,16,9567,3,2.2495,1.3336422894986417,0.2750291021424916,3.897468709796979,0.49597584315681237,1
Wamsley,MYCN_(+),MYCN (+),asd_d_proband,4,4,13841,1,1.7869,0.5596401816476961,0.014168862659249479,3.118115519381231,1,1
Wamsley,MYCN_(+),MYCN (+),asd_da_proband,4,4,24839,9,3.2067,2.80662739191078,1.283368762559415,5.3278530391294305,0.0057889401018777625,0.012378245028446958
Wamsley,MYCN_(+),MYCN (+),proband,4,4,38680,10,4.9936,2.0025800812269297,0.9603149884615588,3.6828160696416115,0.038376532109218646,0.056793285520905935
Wamsley,MYCN_(+),MYCN (+),sibling,4,4,9567,2,1.2351,1.6193121676984974,0.19610621593785846,5.849512324083342,0.3500174605188672,1
Wamsley,MZF1_(+),MZF1 (+),asd_d_proband,56,51,13841,44,13.6208,3.230347080187235,2.3471751336955187,4.336590177255649,5.2453394340648833e-11,1.2702843759887566e-10
Wamsley,MZF1_(+),MZF1 (+),asd_da_proband,56,51,24839,44,24.4439,1.8000416255433602,1.3079130007439783,2.4164718645434777,3.44216715919957e-4,9.165581893246025e-4
Wamsley,MZF1_(+),MZF1 (+),proband,56,51,38680,84,38.0647,2.2067686205563177,1.7602050766905948,2.7321297115538465,1.1514048153120522e-10,2.9390445061992204e-10
Wamsley,MZF1_(+),MZF1 (+),sibling,56,51,9567,9,9.4148,0.9559401765344975,0.4371167205792405,1.8146722252674259,1,1
Wamsley,NEUROD2_(+),NEUROD2 (+),asd_d_proband,12,11,13841,6,1.4372,4.174865959175007,1.5321022274336693,9.086925590223926,0.0036319979631451874,0.005690640971791475
Wamsley,NEUROD2_(+),NEUROD2 (+),asd_da_proband,12,11,24839,2,2.5791,0.7754515042331451,0.0939107746930712,2.801197459775598,1,1
Wamsley,NEUROD2_(+),NEUROD2 (+),proband,12,11,38680,7,4.0163,1.742891408939111,0.70073274058994794,3.5910224259755514,0.13040005262195117,0.17628727493086055
Wamsley,NEUROD2_(+),NEUROD2 (+),sibling,12,11,9567,1,0.9934,1.0066603905951232,0.025486434474477578,5.608752712179289,0.6296784796270924,1
Wamsley,NFATC1_(+),NFATC1 (+),asd_d_proband,53,52,13841,12,9.1868,1.3062248895469768,0.6749454613765342,2.2817120095237082,0.3202895087446901,0.37479255540082435
Wamsley,NFATC1_(+),NFATC1 (+),asd_da_proband,53,52,24839,21,16.4866,1.2737651563422232,0.7884807077750531,1.9470853477759418,0.26531569096943475,0.3725639491349401
Wamsley,NFATC1_(+),NFATC1 (+),proband,53,52,38680,31,25.6733,1.207478497894715,0.820423056324407,1.7139193438383142,0.2771103410487226,0.35092441635581856
Wamsley,NFATC1_(+),NFATC1 (+),sibling,53,52,9567,5,6.35,0.7874054343149937,0.2556684012231352,1.8375416177301276,0.8409474485508064,1
Wamsley,NFATC2_(+),NFATC2 (+),asd_d_proband,179,169,13841,50,31.0533,1.6101340415852525,1.1950725205944641,2.122761003711277,0.001571899408736299,0.002537820204829329
Wamsley,NFATC2_(+),NFATC2 (+),asd_da_proband,179,169,24839,73,55.7281,1.3099304840609107,1.026776393730446,1.6470409179749208,0.026669259694425608,0.048879211355530056
Wamsley,NFATC2_(+),NFATC2 (+),proband,179,169,38680,117,86.7815,1.3482141864224575,1.1150098651216687,1.6157993170209728,0.0018209706373035926,0.00310108581666179
Wamsley,NFATC2_(+),NFATC2 (+),sibling,179,169,9567,16,21.4643,0.7454245726211011,0.4260745504351406,1.2105228049735606,0.27957204388137,1
Wamsley,NFATC4_(+),NFATC4 (+),asd_d_proband,32,30,13841,21,6.9259,3.0320817447928863,1.8769063891113316,4.634859031234942,1.2426599657958518e-5,2.284361719301285e-5
Wamsley,NFATC4_(+),NFATC4 (+),asd_da_proband,32,30,24839,10,12.4293,0.8045535808641621,0.38581471471088746,1.4796026806972282,0.6683635220683548,0.7827618427543285
Wamsley,NFATC4_(+),NFATC4 (+),proband,32,30,38680,28,19.3552,1.446640587027864,0.9612821641553857,2.09079843139619,0.05311001421876885,0.07661002051025949
Wamsley,NFATC4_(+),NFATC4 (+),sibling,32,30,9567,8,4.7873,1.6711032837951225,0.7214637865302096,3.2927396586186157,0.1603542699035222,1
Wamsley,NFE2L1_(+),NFE2L1 (+),asd_d_proband,385,360,13841,159,57.939,2.74426673284918,2.3342860279689375,3.205527054000321,7.496375318954197e-28,2.899639619901033e-27
Wamsley,NFE2L1_(+),NFE2L1 (+),asd_da_proband,385,360,24839,158,103.977,1.519566269467129,1.2918623304780519,1.7758469770891332,8.487441228087727e-7,3.2592929069765453e-6
Wamsley,NFE2L1_(+),NFE2L1 (+),proband,385,360,38680,307,161.916,1.8960447155104634,1.6898600157027408,2.1204472763004234,3.1119481885143803e-24,1.2818530263880534e-23
Wamsley,NFE2L1_(+),NFE2L1 (+),sibling,385,360,9567,42,40.0478,1.0487456723113,0.7558436342430238,1.417599482815953,0.7514762082382183,1
Wamsley,NFE2L2_(+),NFE2L2 (+),asd_d_proband,8,8,13841,11,2.5941,4.240396357637741,2.116790583675983,7.58724040206285,8.502282930291269e-5,1.479928622553824e-4
Wamsley,NFE2L2_(+),NFE2L2 (+),asd_da_proband,8,8,24839,3,4.6554,0.6444190695650605,0.1328947046007414,1.8832659847420532,0.6405791906794525,0.7568917662049796
Wamsley,NFE2L2_(+),NFE2L2 (+),proband,8,8,38680,13,7.2495,1.7932387840059032,0.9548241283010992,3.0664929341730014,0.04003784181109225,0.058946035492201614
Wamsley,NFE2L2_(+),NFE2L2 (+),sibling,8,8,9567,2,1.7931,1.1154123737100825,0.1350816131576652,4.02925301038497,0.7015449138695272,1
Wamsley,NFIA_(+),NFIA (+),asd_d_proband,10,10,13841,20,3.0142,6.635282741935613,4.053003078577459,10.247656041200104,9.015556577577911e-11,2.1598559198756542e-10
Wamsley,NFIA_(+),NFIA (+),asd_da_proband,10,10,24839,11,5.4093,2.0335529464600803,1.01514230402539,3.638587946460543,0.027232423869365432,0.049669477461249716
Wamsley,NFIA_(+),NFIA (+),proband,10,10,38680,30,8.4234000000000009,3.561489727163811,2.4029221632035815,5.08424803834116,6.586940206162888e-9,1.549628613449867e-8
Wamsley,NFIA_(+),NFIA (+),sibling,10,10,9567,1,2.0834,0.4799777800309961,0.012151985271550484,2.674265025907224,0.7297873463003972,1
Wamsley,NFIC_(+),NFIC (+),asd_d_proband,29,28,13841,31,6.8897,4.49948527719328,3.057181945217096,6.386660190920999,1.5182257504963656e-11,3.783676702579309e-11
Wamsley,NFIC_(+),NFIC (+),asd_da_proband,29,28,24839,11,12.3642,0.8896663973251664,0.44411826009584865,1.5918589360131385,0.8862499355677085,0.9529296926247076
Wamsley,NFIC_(+),NFIC (+),proband,29,28,38680,41,19.2539,2.129442910053474,1.5281249972656739,2.888829756168777,1.699841162966293e-5,3.2542261190344636e-5
Wamsley,NFIC_(+),NFIC (+),sibling,29,28,9567,7,4.7622,1.4699104450157134,0.590980235070764,3.0285773084624443,0.25318405148107415,1
Wamsley,NFIL3_(+),NFIL3 (+),asd_d_proband,121,114,13841,37,20.9244,1.7682744766691516,1.245028417841636,2.437333438552571,0.001351960381334713,0.002192261811945954
Wamsley,NFIL3_(+),NFIL3 (+),asd_da_proband,121,114,24839,70,37.5508,1.8641435626085403,1.4531913594850696,2.355233245332381,1.7944463926155982e-6,6.514244299881062e-6
Wamsley,NFIL3_(+),NFIL3 (+),proband,121,114,38680,107,58.4751,1.8298383914997742,1.4995967207431355,2.211172390464929,1.3649700521286712e-8,3.152693986799219e-8
Wamsley,NFIL3_(+),NFIL3 (+),sibling,121,114,9567,14,14.4631,0.967982898539428,0.5292052581480098,1.624110824221955,1,1
Wamsley,NFIX_(+),NFIX (+),asd_d_proband,339,324,13841,199,80.2853,2.4786594571106604,2.1462238106789147,2.848001401165164,8.512623129064366e-29,3.448386242100983e-28
Wamsley,NFIX_(+),NFIX (+),asd_da_proband,339,324,24839,229,144.0797,1.5893978831724387,1.3901926889998735,1.809136325679737,6.643277959952836e-11,4.098503178571996e-10
Wamsley,NFIX_(+),NFIX (+),proband,339,324,38680,413,224.3651,1.8407501377679183,1.6674801516995887,2.0271334808736636,1.6905618472328925e-29,8.350350942392772e-29
Wamsley,NFIX_(+),NFIX (+),sibling,339,324,9567,40,55.4938,0.7208011531656118,0.5149509115194567,0.9815265885752579,0.037101688407267755,1
Wamsley,NFKB1_(+),NFKB1 (+),asd_d_proband,205,194,13841,83,38.0333,2.1822969538011736,1.7381873422210323,2.7052854125731023,2.2187310900301074e-10,5.258864753816042e-10
Wamsley,NFKB1_(+),NFKB1 (+),asd_da_proband,205,194,24839,88,68.2544,1.289293482851472,1.0340510744020477,1.5884456306895585,0.021177243840272565,0.039848513826112875
Wamsley,NFKB1_(+),NFKB1 (+),proband,205,194,38680,165,106.2878,1.5523895175420621,1.3245544061017651,1.808164795398394,1.4286108840745813e-7,3.1107729365059106e-7
Wamsley,NFKB1_(+),NFKB1 (+),sibling,205,194,9567,27,26.2889,1.0270491155140162,0.67683183874146,1.4943025409083581,0.8451267092931178,1
Wamsley,NFYA_(+),NFYA (+),asd_d_proband,9,8,13841,2,1.2691,1.5758641014519805,0.19084445354800886,5.69256296988451,0.36220723965824525,0.41726873317402813
Wamsley,NFYA_(+),NFYA (+),asd_da_proband,9,8,24839,2,2.2776,0.8781164712024181,0.106343978483755,3.172058620160695,1,1
Wamsley,NFYA_(+),NFYA (+),proband,9,8,38680,4,3.5467,1.1277939518199,0.30728589416842617,2.887600441286868,0.7857076250624889,0.8457475473549999
Wamsley,NFYA_(+),NFYA (+),sibling,9,8,9567,3,0.8772,3.4198079379424375,0.7052466122873589,9.994130012671253,0.05916205444911903,1
Wamsley,NKX2-2_(+),NKX2 (-),asd_d_proband,4,4,13841,0,0.4174,0,0,8.83775941891377,NA,NA
Wamsley,NKX2-2_(+),NKX2 (-),asd_da_proband,4,4,24839,4,0.7491,5.339997626998227,1.4549696272280277,13.672514805836915,0.00726112262055839,0.015153063657320559
Wamsley,NKX2-2_(+),NKX2 (-),proband,4,4,38680,4,1.1665,3.4291675557654853,0.9343327448479054,8.780030901297392,0.030932977331635744,0.046501353274567045
Wamsley,NKX2-2_(+),NKX2 (-),sibling,4,4,9567,1,0.2885,3.466086575128279,0.0877537143660227,19.31179835873552,0.25062055079071616,1
Wamsley,NKX6-2_(+),NKX6 (-),asd_d_proband,12,11,13841,7,1.6846,4.155305099983438,1.670648163026493,8.561516640841052,0.0017825447014145478,0.0028613181518383373
Wamsley,NKX6-2_(+),NKX6 (-),asd_da_proband,12,11,24839,0,3.0232,0,0,1.220204723026789,NA,NA
Wamsley,NKX6-2_(+),NKX6 (-),proband,12,11,38680,4,4.7078,0.849661366359444,0.23150412562579728,2.1754705569087287,1,1
Wamsley,NKX6-2_(+),NKX6 (-),sibling,12,11,9567,2,1.1644,1.7176179393113462,0.2080115009473864,6.20462657200206,0.32447059349585056,1
Wamsley,NR1D1_(+),NR1D1 (+),asd_d_proband,14,13,13841,1,1.0976,0.9111176352583794,0.023067501340571908,5.076422550855228,1,1
Wamsley,NR1D1_(+),NR1D1 (+),asd_da_proband,14,13,24839,2,1.9697,1.0154015209639058,0.12296983491255613,3.6679794231480405,0.7252245655095433,0.8304041931645785
Wamsley,NR1D1_(+),NR1D1 (+),proband,14,13,38680,3,3.0672,0.9780852525551624,0.20170469319039425,2.858380164879665,1,1
Wamsley,NR1D1_(+),NR1D1 (+),sibling,14,13,9567,0,0.7586,0,0,4.86251115845348,NA,NA
Wamsley,NR1D2_(+),NR1D2 (+),asd_d_proband,34,30,13841,13,5.2264,2.4873913408705257,1.3244311298492324,4.253514946996297,0.0029295656177229764,0.004642298859378942
Wamsley,NR1D2_(+),NR1D2 (+),asd_da_proband,34,30,24839,13,9.3792,1.3860454748173818,0.7380108405428247,2.3701799742894543,0.24806181800473645,0.3527861539363361
Wamsley,NR1D2_(+),NR1D2 (+),proband,34,30,38680,25,14.6056,1.7116768529248343,1.1077070091905858,2.5267726938173896,0.011922480355850128,0.01873767229480027
Wamsley,NR1D2_(+),NR1D2 (+),sibling,34,30,9567,1,3.6125,0.27681681058276403,0.007008394857157961,1.5423245531842422,0.2820716238134332,1
Wamsley,NR2C1_(+),NR2C1 (+),asd_d_proband,100,96,13841,18,13.5281,1.3305671545170659,0.7885784227073761,2.102869746197131,0.2188541679084037,0.2670356440853907
Wamsley,NR2C1_(+),NR2C1 (+),asd_da_proband,100,96,24839,41,24.2774,1.688812797555142,1.2119212210208445,2.2910652542703853,0.0015696212811342329,0.003646301288890018
Wamsley,NR2C1_(+),NR2C1 (+),proband,100,96,38680,58,37.8055,1.5341693082398329,1.1649590765948954,1.983269592719192,0.0019285416230479242,0.003274502964133455
Wamsley,NR2C1_(+),NR2C1 (+),sibling,100,96,9567,6,9.3507,0.6416633561782068,0.23547914277407442,1.396630988535241,0.32788946373387584,1
Wamsley,NR2C2_(+),NR2C2 (+),asd_d_proband,743,697,13841,315,128.0383,2.4602016912744147,2.1959893801365027,2.74744665266054,4.43581188224619e-44,2.685594802620791e-43
Wamsley,NR2C2_(+),NR2C2 (+),asd_da_proband,743,697,24839,310,229.777,1.3491343935922635,1.203114386110325,1.5079907482514538,5.078641554111709e-7,2.011854847225305e-6
Wamsley,NR2C2_(+),NR2C2 (+),proband,743,697,38680,596,357.8152,1.6656640861871759,1.5346055592282495,1.8049229572272627,1.6110659284048463e-30,8.280298307702386e-30
Wamsley,NR2C2_(+),NR2C2 (+),sibling,743,697,9567,86,88.501,0.9717405029417954,0.7772669714923518,1.2000916159331345,0.831711343793397,1
Wamsley,NR2E1_(+),NR2E1 (+),asd_d_proband,15,11,13841,5,1.891,2.644144685798742,0.858546582179641,6.170551651935203,0.04335173033077521,0.06051858093794936
Wamsley,NR2E1_(+),NR2E1 (+),asd_da_proband,15,11,24839,5,3.3935,1.473392914213148,0.47840666870439263,3.438407561271997,0.4021948195953188,0.5267725653400405
Wamsley,NR2E1_(+),NR2E1 (+),proband,15,11,38680,10,5.2845,1.8923271249296993,0.9074444104272668,3.480056957542503,0.04842606078982134,0.07038743358112885
Wamsley,NR2E1_(+),NR2E1 (+),sibling,15,11,9567,1,1.3071,0.7650801002642498,0.01937015107109152,4.262753484176177,1,1
Wamsley,NR2F1_(+),NR2F1 (+),asd_d_proband,20,18,13841,7,3.2869,2.1296553141673913,0.856231889809377,4.387903889794368,0.05010472856909754,0.06912504707827168
Wamsley,NR2F1_(+),NR2F1 (+),asd_da_proband,20,18,24839,5,5.8987,0.8476462476460078,0.27522842933764835,1.9781235806650797,1,1
Wamsley,NR2F1_(+),NR2F1 (+),proband,20,18,38680,12,9.1856,1.3063920462427625,0.6750318336804629,2.282003998631632,0.32023656640348175,0.4002080200069799
Wamsley,NR2F1_(+),NR2F1 (+),sibling,20,18,9567,1,2.2719,0.4401522973822345,0.011143691348967468,2.4523716387162997,0.7338829694167546,1
Wamsley,NR2F2_(+),NR2F2 (+),asd_d_proband,268,250,13841,138,55.5695,2.4833747889088977,2.0863391562701037,2.933976518491409,1.199910941674364e-20,3.9547360622048567e-20
Wamsley,NR2F2_(+),NR2F2 (+),asd_da_proband,268,250,24839,151,99.7249,1.5141659996016363,1.282290385396873,1.7758543276693504,1.7868643619428785e-6,6.507644724624225e-6
Wamsley,NR2F2_(+),NR2F2 (+),proband,268,250,38680,278,155.2944,1.7901481771679328,1.5858786417393125,2.0134303568401664,8.180570484278388e-19,2.863199669497436e-18
Wamsley,NR2F2_(+),NR2F2 (+),sibling,268,250,9567,49,38.4101,1.2757070517245381,0.943775099732824,1.6865523763249501,0.08982561938895262,1
Wamsley,NR2F6_(+),NR2F6 (+),asd_d_proband,14,14,13841,6,1.443,4.157905457684822,1.5258780223057427,9.050009718787267,0.0037036837265394247,0.00579480852719792
Wamsley,NR2F6_(+),NR2F6 (+),asd_da_proband,14,14,24839,0,2.5897,0,0,1.4244630372910816,NA,NA
Wamsley,NR2F6_(+),NR2F6 (+),proband,14,14,38680,5,4.0327,1.2398649052011292,0.4025807598358998,2.893431089476939,0.6109021402039909,0.6894553333063834
Wamsley,NR2F6_(+),NR2F6 (+),sibling,14,14,9567,1,0.9974,1.0025708065888927,0.025382895171872213,5.585967008479286,0.6311760265610353,1
Wamsley,NR3C1_(+),NR3C1 (+),asd_d_proband,867,807,13841,1063,221.7467,4.7937584195316125,4.509877376735135,5.090826720082312,0,0
Wamsley,NR3C1_(+),NR3C1 (+),asd_da_proband,867,807,24839,828,397.9456,2.080686155653785,1.9413583419652882,2.2273722392169093,6.642286560544539e-79,8.332379474283094e-77
Wamsley,NR3C1_(+),NR3C1 (+),proband,867,807,38680,1787,619.6923,2.883689096215203,2.751523147693565,3.020562880723747,1.538147e-317,2.9250427e-315
Wamsley,NR3C1_(+),NR3C1 (+),sibling,867,807,9567,165,153.2729,1.0765111153965397,0.918517888070819,1.2538795699915826,0.3323929503870463,1
Wamsley,NRF1_(+),NRF1 (+),asd_d_proband,1591,1509,13841,960,319.231,3.0072271208206205,2.8199813970614027,3.2036379564679005,3.3716933763395305e-183,1.1382019458309809e-181
Wamsley,NRF1_(+),NRF1 (+),asd_da_proband,1591,1509,24839,978,572.8905,1.707132428948012,1.6018045291407466,1.8175668851745528,2.8395912380358375e-53,1.5266183370202192e-51
Wamsley,NRF1_(+),NRF1 (+),proband,1591,1509,38680,1849,892.1215,2.0725876729221984,1.979184097715642,2.169261005153328,4.585861901017219e-172,1.6878930416324667e-170
Wamsley,NRF1_(+),NRF1 (+),sibling,1591,1509,9567,233,220.6548,1.055948194855125,0.9247050024502427,1.200596390099908,0.39994899075555007,1
Wamsley,OLIG1_(+),OLIG1 (+),asd_d_proband,7,7,13841,11,1.8727,5.873783357600214,2.932171488999056,10.509820933007225,4.522297353628932e-6,8.567753829834405e-6
Wamsley,OLIG1_(+),OLIG1 (+),asd_da_proband,7,7,24839,7,3.3608,2.0828435055130017,0.8374111148591297,4.291453672749169,0.05508766572272801,0.09423329484993928
Wamsley,OLIG1_(+),OLIG1 (+),proband,7,7,38680,17,5.2335,3.248292758045637,1.8922502348962007,5.200831372700669,3.4772590068622604e-5,6.525579813864868e-5
Wamsley,OLIG1_(+),OLIG1 (+),sibling,7,7,9567,1,1.2944,0.7725328112027572,0.01955883737559507,4.30427733182129,1,1
Wamsley,PAX6_(+),PAX6 (+),asd_d_proband,55,52,13841,15,9.3197,1.609496157582162,0.9008227814755541,2.654619147426544,0.06967326174517942,0.0936260718747043
Wamsley,PAX6_(+),PAX6 (+),asd_da_proband,55,52,24839,15,16.7251,0.8968572131363866,0.5019641740167939,1.4792295832976687,0.8062838461413306,0.8896904041702572
Wamsley,PAX6_(+),PAX6 (+),proband,55,52,38680,30,26.0448,1.1518633049169962,0.7771573348240822,1.6443564904299497,0.431717684175524,0.519062041774787
Wamsley,PAX6_(+),PAX6 (+),sibling,55,52,9567,9,6.4418,1.3971173607459835,0.6388510222549154,2.652163945212291,0.31747833419093074,1
Wamsley,PBX3_(+),PBX3 (+),asd_d_proband,21,19,13841,5,3.5586,1.405040193837926,0.456212726453044,3.278895113299362,0.415488193794033,0.4732656931355345
Wamsley,PBX3_(+),PBX3 (+),asd_da_proband,21,19,24839,7,6.3863,1.0960999175520363,0.4406890155332032,2.258384753548823,0.6921621160161977,0.8031356926847761
Wamsley,PBX3_(+),PBX3 (+),proband,21,19,38680,12,9.9449,1.206649099663541,0.6234931976946521,2.1077731438252885,0.5221995602030038,0.6079894879506402
Wamsley,PBX3_(+),PBX3 (+),sibling,21,19,9567,2,2.4597,0.8130933970068248,0.09846938253894233,2.937172919031494,1,1
Wamsley,PBX4_(+),PBX4 (+),asd_d_proband,6,4,13841,0,0.9955,0,0,3.7057175625002445,NA,NA
Wamsley,PBX4_(+),PBX4 (+),asd_da_proband,6,4,24839,3,1.7864,1.6793161636416039,0.34631536532434937,4.907674459026008,0.2657509505914304,0.37271158163692536
Wamsley,PBX4_(+),PBX4 (+),proband,6,4,38680,3,2.7819,1.0784005736477196,0.22239212407682302,3.151544102578775,0.7603985160810708,0.8255135174581368
Wamsley,PBX4_(+),PBX4 (+),sibling,6,4,9567,1,0.6881,1.4533477644923103,0.03679557963581326,8.097535466769404,0.49745322670833536,1
Wamsley,PDLIM5_(+),PDLIM5 (+),asd_d_proband,483,455,13841,271,99.7805,2.715962505549625,2.4021962793987157,3.0593266856624632,2.2315581299667834e-45,1.3734562192171253e-44
Wamsley,PDLIM5_(+),PDLIM5 (+),asd_da_proband,483,455,24839,265,179.0656,1.479904580393346,1.3070715453475086,1.6692341126622787,1.9952022713012513e-9,1.034987483136028e-8
Wamsley,PDLIM5_(+),PDLIM5 (+),proband,483,455,38680,517,278.8461,1.8540695678158274,1.697673733651956,2.020998556042512,3.236120524841634e-37,1.9433755362338443e-36
Wamsley,PDLIM5_(+),PDLIM5 (+),sibling,483,455,9567,72,68.969,1.0439475282810222,0.8168246466192399,1.3146791392015245,0.6736008778683497,1
Wamsley,PHF8_(+),PHF8 (+),asd_d_proband,151,139,13841,45,25.4434,1.7686339472366126,1.29005373741114,2.366571373471731,4.5406615228866696e-4,7.629407144035822e-4
Wamsley,PHF8_(+),PHF8 (+),asd_da_proband,151,139,24839,56,45.6606,1.226441481332948,0.9264407147527217,1.5926362773273073,0.13791437090768427,0.21155614776464068
Wamsley,PHF8_(+),PHF8 (+),proband,151,139,38680,96,71.1039,1.3501365026516075,1.0936149018594135,1.6487477540289506,0.004374303450006103,0.007089602608603642
Wamsley,PHF8_(+),PHF8 (+),sibling,151,139,9567,23,17.5866,1.3078109628355457,0.8290399651080734,1.9623585734561353,0.18872100241278497,1
Wamsley,POLR2A_(+),POLR2A (+),asd_d_proband,493,476,13841,184,83.192,2.211751713259247,1.9037075950997124,2.555445275487165,1.3870092659863246e-21,4.754240991719278e-21
Wamsley,POLR2A_(+),POLR2A (+),asd_da_proband,493,476,24839,238,149.296,1.5941488403244404,1.3980360601140793,1.8100693448771576,2.080106572474907e-11,1.326802440861113e-10
Wamsley,POLR2A_(+),POLR2A (+),proband,493,476,38680,399,232.4879,1.7162179828112036,1.5519313462884947,1.893163362156912,4.08071746499308e-23,1.6111067915422507e-22
Wamsley,POLR2A_(+),POLR2A (+),sibling,493,476,9567,64,57.5029,1.1129873237522547,0.8571358593377322,1.4212599651441402,0.39064046252651746,1
Wamsley,POLR3A_(+),POLR3A (+),asd_d_proband,30,29,13841,26,6.2316,4.1722602968708955,2.7254589474606936,6.113328028871538,2.8859970636861773e-9,6.417167123645512e-9
Wamsley,POLR3A_(+),POLR3A (+),asd_da_proband,30,29,24839,32,11.1833,2.861418539405591,1.9572081627243763,4.039469208985723,2.84309485901553e-7,1.188834850306864e-6
Wamsley,POLR3A_(+),POLR3A (+),proband,30,29,38680,51,17.4149,2.928526960085209,2.1804806765235636,3.8504721154033694,5.1081046669699695e-11,1.3246244147756216e-10
Wamsley,POLR3A_(+),POLR3A (+),sibling,30,29,9567,1,4.3074,0.23216125450864775,0.005877814063041796,1.2935197193151908,0.14305655691208685,1
Wamsley,POLR3G_(+),POLR3G (+),asd_d_proband,11,10,13841,3,1.6104,1.862904199446161,0.38417563194082904,5.444196606438069,0.21932970589657688,0.26732307698991975
Wamsley,POLR3G_(+),POLR3G (+),asd_da_proband,11,10,24839,1,2.89,0.3460211364458354,0.008760496691041427,1.9279063780036056,0.38279593555020985,0.5054697207440783
Wamsley,POLR3G_(+),POLR3G (+),proband,11,10,38680,4,4.5004,0.8888127205975288,0.24217155195446402,2.2757135734566005,1,1
Wamsley,POLR3G_(+),POLR3G (+),sibling,11,10,9567,3,1.1131,2.695145502721262,0.5558037965603653,7.876358861681752,0.10223848514312134,1
Wamsley,POU2F1_(+),POU2F1 (+),asd_d_proband,10,9,13841,42,3.33,12.612458598525636,9.089950781717828,17.04838003946528,2.420592769497712e-31,1.0917167389556483e-30
Wamsley,POU2F1_(+),POU2F1 (+),asd_da_proband,10,9,24839,40,5.9761,6.693354324217228,4.78183046078789,9.11444884226611,4.147132370158091e-20,5.641099332419861e-19
Wamsley,POU2F1_(+),POU2F1 (+),proband,10,9,38680,79,9.3061,8.489039566106069,6.720852567554989,10.579876167084002,3.918291995902782e-45,2.9030981606006974e-44
Wamsley,POU2F1_(+),POU2F1 (+),sibling,10,9,9567,3,2.3017,1.303357071646533,0.2687835621355183,3.808962451501621,0.5045084673792886,1
Wamsley,POU2F2_(+),POU2F2 (+),asd_d_proband,11,9,13841,2,1.1625,1.7204387387750288,0.20835311284889427,6.214816269551255,0.3237766817058077,0.37689365038690675
Wamsley,POU2F2_(+),POU2F2 (+),asd_da_proband,11,9,24839,1,2.0862,0.47933879349782943,0.012135807533199223,2.6707048208128072,0.7298178765034926,0.8334164229501622
Wamsley,POU2F2_(+),POU2F2 (+),proband,11,9,38680,3,3.2487,0.9234459378251748,0.1904367529112068,2.698700900685866,1,1
Wamsley,POU2F2_(+),POU2F2 (+),sibling,11,9,9567,0,0.8035,0,0,4.590874021638729,NA,NA
Wamsley,POU3F1_(+),POU3F1 (+),asd_d_proband,49,46,13841,26,8.7938,2.9566195102114388,1.9313620256114061,4.332132617909703,1.957481349558022e-6,3.7792620856284857e-6
Wamsley,POU3F1_(+),POU3F1 (+),asd_da_proband,49,46,24839,33,15.7814,2.091073948764823,1.4393990898537121,2.936645277069759,1.2190362893355529e-4,3.4667304046847333e-4
Wamsley,POU3F1_(+),POU3F1 (+),proband,49,46,38680,58,24.5752,2.3601037081064735,1.7921256941441142,3.0509813322504917,7.386948942168489e-9,1.7271534309455422e-8
Wamsley,POU3F1_(+),POU3F1 (+),sibling,49,46,9567,6,6.0784,0.9871088269975281,0.36225154228932527,2.1485203472621848,1,1
Wamsley,POU3F3_(+),POU3F3 (+),asd_d_proband,91,88,13841,61,19.024,3.2064800156679363,2.4527031410742266,4.118857722156998,1.6893754389603782e-14,4.681503082094182e-14
Wamsley,POU3F3_(+),POU3F3 (+),asd_da_proband,91,88,24839,42,34.1403,1.2302159518235907,0.8866314498164385,1.6628945826432915,0.1708601874931862,0.25720153557307635
Wamsley,POU3F3_(+),POU3F3 (+),proband,91,88,38680,99,53.1643,1.8621510247127042,1.5134644652171327,2.267102056223055,1.9843288621926315e-8,4.528238463523585e-8
Wamsley,POU3F3_(+),POU3F3 (+),sibling,91,88,9567,15,13.1495,1.140726829852102,0.6384561472422805,1.8814554295411463,0.5792801698219112,1
Wamsley,POU3F4_(+),POU3F4 (+),asd_d_proband,15,13,13841,1,1.1714,0.8536963827751313,0.021613721095983605,4.756491808957504,1,1
Wamsley,POU3F4_(+),POU3F4 (+),asd_da_proband,15,13,24839,4,2.1021,1.9028159964556695,0.5184533167298264,4.871964690169347,0.16176325087745075,0.24514189294045893
Wamsley,POU3F4_(+),POU3F4 (+),proband,15,13,38680,5,3.2735,1.5274058472066432,0.49594452102545616,3.564455729021258,0.27047080353414527,0.34350881621378804
Wamsley,POU3F4_(+),POU3F4 (+),sibling,15,13,9567,1,0.8097,1.2350801331651085,0.03126952165668538,6.881426061229312,0.554992464838851,1
Wamsley,POU6F1_(+),POU6F1 (+),asd_d_proband,68,60,13841,13,11.0092,1.1808274545334527,0.6287408877195009,2.0192509096392617,0.5434803901457835,0.6060431978202231
Wamsley,POU6F1_(+),POU6F1 (+),asd_da_proband,68,60,24839,27,19.7571,1.366596219813547,0.9005955200210759,1.9883257507515681,0.11336398059493671,0.17804491065676417
Wamsley,POU6F1_(+),POU6F1 (+),proband,68,60,38680,39,30.7663,1.267618883003944,0.9014009433440333,1.7328767426195448,0.1478078891635139,0.1979446027412786
Wamsley,POU6F1_(+),POU6F1 (+),sibling,68,60,9567,6,7.6097,0.788471563219602,0.2893551673490316,1.7161706495601818,0.7164717430844147,1
Wamsley,PPARA_(+),PPARA (+),asd_d_proband,79,74,13841,27,13.6467,1.9784981652712816,1.3038427577798655,2.878610955297642,0.0010413244770527664,0.0017034294676017353
Wamsley,PPARA_(+),PPARA (+),asd_da_proband,79,74,24839,34,24.4903,1.3883026924321125,0.961439972655204,1.9400138596325511,0.06748796352924126,0.1110253316148233
Wamsley,PPARA_(+),PPARA (+),proband,79,74,38680,61,38.1371,1.5994944075191584,1.2234864830853118,2.054617480778175,6.194937962677629e-4,0.001075863655314334
Wamsley,PPARA_(+),PPARA (+),sibling,79,74,9567,8,9.4327,0.8481127054967441,0.36615486896923505,1.671120132099408,0.8695658126256582,1
Wamsley,PPARD_(+),PPARD (+),asd_d_proband,22,22,13841,27,5.2689,5.1244527012474945,3.377046620202897,7.455809636140354,1.7818899002141316e-11,4.4111674418634286e-11
Wamsley,PPARD_(+),PPARD (+),asd_da_proband,22,22,24839,25,9.4555,2.643973479503058,1.711040229559131,3.9030264268456825,1.934324912135433e-5,6.186551914450153e-5
Wamsley,PPARD_(+),PPARD (+),proband,22,22,38680,48,14.7243,3.2599126663434017,2.403602258817416,4.322171248944487,5.379773389850672e-12,1.4615051042427657e-11
Wamsley,PPARD_(+),PPARD (+),sibling,22,22,9567,0,3.6419,0,0,1.0129077241904738,NA,NA
Wamsley,PPARGC1A_(+),PPARGC1A (+),asd_d_proband,8,8,13841,2,1.2964,1.5427737005409488,0.18683705248231305,5.573029064193524,0.371888987548342,0.42709724961737416
Wamsley,PPARGC1A_(+),PPARGC1A (+),asd_da_proband,8,8,24839,2,2.3265,0.8596775550218315,0.10411094019113874,3.1054509149926552,1,1
Wamsley,PPARGC1A_(+),PPARGC1A (+),proband,8,8,38680,4,3.6228,1.1041122434946882,0.30083342569543453,2.8269658623374423,0.7883499969730872,0.8477370595872341
Wamsley,PPARGC1A_(+),PPARGC1A (+),sibling,8,8,9567,1,0.8961,1.1159993095634615,0.02825465623012779,6.217950177421634,0.5918244396019295,1
Wamsley,PRDM1_(+),PRDM1 (+),asd_d_proband,43,40,13841,3,4.1624,0.7207423432154928,0.14863439851262636,2.1063149786320565,0.8052591416698025,0.8576086843404972
Wamsley,PRDM1_(+),PRDM1 (+),asd_da_proband,43,40,24839,10,7.4698,1.3387273739476409,0.6419718116231574,2.461967305009259,0.3544255170994896,0.47354604592346006
Wamsley,PRDM1_(+),PRDM1 (+),proband,43,40,38680,13,11.6322,1.117591623938239,0.5950704711726367,1.9111157134588599,0.6580487522720077,0.7361113983748635
Wamsley,PRDM1_(+),PRDM1 (+),sibling,43,40,9567,4,2.8771,1.3903062293920958,0.37881165453785587,3.559736133571326,0.3815487172005557,1
Wamsley,RAB7A_(+),RAB7A (+),asd_d_proband,12,11,13841,1,1.3142,0.7609188704334292,0.019264797853256306,4.239568595491108,1,1
Wamsley,RAB7A_(+),RAB7A (+),asd_da_proband,12,11,24839,1,2.3585,0.4240057202652721,0.010734895409916685,2.362408669036291,0.7369968482089094,0.8368481680983931
Wamsley,RAB7A_(+),RAB7A (+),proband,12,11,38680,2,3.6727,0.5445645339022283,0.0659492914385446,1.9671543361816368,0.5975972583137652,0.6764468965634981
Wamsley,RAB7A_(+),RAB7A (+),sibling,12,11,9567,1,0.9084,1.1008548223757806,0.027871231011489552,6.133570495473234,0.5968251712595912,1
Wamsley,RAD21_(+),RAD21 (+),asd_d_proband,554,527,13841,204,84.099,2.425712441408851,2.1042456300683865,2.7824019838378535,1.8467581388709902e-28,7.347459166793869e-28
Wamsley,RAD21_(+),RAD21 (+),asd_da_proband,554,527,24839,233,150.9237,1.5438262834337046,1.3519450046516497,1.7553060574966588,5.322563658474937e-10,2.989638990257813e-9
Wamsley,RAD21_(+),RAD21 (+),proband,554,527,38680,421,235.0227,1.7913161745123767,1.6242696408359922,1.9708794787679254,9.99701156397296e-28,4.59943153003756e-27
Wamsley,RAD21_(+),RAD21 (+),sibling,554,527,9567,48,58.1298,0.8257376373819294,0.6088337491040895,1.0948083095326593,0.21197826263174852,1
Wamsley,RARA_(+),RARA (+),asd_d_proband,41,40,13841,7,7.7563,0.9024870490377488,0.3628466007552911,1.8594682466303178,1,1
Wamsley,RARA_(+),RARA (+),asd_da_proband,41,40,24839,18,13.9195,1.2931497036524742,0.7664024699308776,2.0437340421961356,0.28037659027084616,0.388876130731923
Wamsley,RARA_(+),RARA (+),proband,41,40,38680,25,21.6758,1.1533575164104262,0.7463921725922752,1.7025832146384015,0.4510321850573835,0.536629534046376
Wamsley,RARA_(+),RARA (+),sibling,41,40,9567,4,5.3612,0.7460958500638493,0.20328600809772188,1.9103017021949034,0.8267042112146501,1
Wamsley,RARG_(+),RARG (+),asd_d_proband,59,51,13841,9,8.7604,1.0273532624823851,0.4697713308804298,1.950236507187311,0.8650793186162857,0.9143248206248029
Wamsley,RARG_(+),RARG (+),asd_da_proband,59,51,24839,12,15.7213,0.7632940942882132,0.39440519680651354,1.3333211728494647,0.44713352079480073,0.5749587072634739
Wamsley,RARG_(+),RARG (+),proband,59,51,38680,20,24.4817,0.8169364877639144,0.49900603013994843,1.2616921478267744,0.41869972845704895,0.5060766845015814
Wamsley,RARG_(+),RARG (+),sibling,59,51,9567,1,6.0552,0.16514635385548349,0.004181143676218721,0.9201365909965613,0.037913648502651304,1
Wamsley,RB1_(+),RB1 (+),asd_d_proband,25,23,13841,9,8.3506,1.0777648603466312,0.49282272350780454,2.045933422874269,0.728720635737496,0.7873858275572945
Wamsley,RB1_(+),RB1 (+),asd_da_proband,25,23,24839,14,14.986,0.9342065481648846,0.5107394130941059,1.5674398475664983,1,1
Wamsley,RB1_(+),RB1 (+),proband,25,23,38680,21,23.3366,0.8998742159979667,0.557036322752078,1.3755533287175723,0.7554306872988776,0.8224679524885681
Wamsley,RB1_(+),RB1 (+),sibling,25,23,9567,1,5.772,0.1732499846934221,0.004386309845749221,0.9652871321973706,0.03651063467324792,1
Wamsley,RBBP5_(+),RBBP5 (+),asd_d_proband,175,165,13841,118,34.4557,3.424683706053744,2.8347012237039113,4.101248103384941,8.130763384808943e-29,3.305719127984366e-28
Wamsley,RBBP5_(+),RBBP5 (+),asd_da_proband,175,165,24839,127,61.8341,2.0538822529930765,1.7122290940019373,2.4437302102906893,3.279242350592118e-13,2.6257195842684404e-12
Wamsley,RBBP5_(+),RBBP5 (+),proband,175,165,38680,239,96.2899,2.4820890827261666,2.177359928233364,2.8175284616296725,2.8850526480886574e-34,1.645922535734579e-33
Wamsley,RBBP5_(+),RBBP5 (+),sibling,175,165,9567,26,23.8161,1.0917004839754032,0.713135001243668,1.5995941511187002,0.6081095375683552,1
Wamsley,RELA_(+),RELA (+),asd_d_proband,45,42,13841,5,4.9768,1.0046691538412975,0.3262133395666272,2.3445626633744743,0.8237228943895554,0.8755985728530197
Wamsley,RELA_(+),RELA (+),asd_da_proband,45,42,24839,6,8.9313,0.6717964052490388,0.2465374407056116,1.4622179504618764,0.40348818868001796,0.5272432465506254
Wamsley,RELA_(+),RELA (+),proband,45,42,38680,11,13.908,0.7909094278257052,0.3948191367409524,1.415155438090831,0.5894477604288539,0.6685486030311355
Wamsley,RELA_(+),RELA (+),sibling,45,42,9567,4,3.44,1.1627992690136844,0.31682366494400416,2.977227956324562,0.5927309718980798,1
Wamsley,RELB_(+),RELB (+),asd_d_proband,247,239,13841,72,44.3103,1.6249052085119178,1.2713882515896155,2.046299189316598,1.168058596909941e-4,2.0205237219839662e-4
Wamsley,RELB_(+),RELB (+),asd_da_proband,247,239,24839,84,79.519,1.0563508389836826,0.8425867996422305,1.3078342179274696,0.6134359311299351,0.7297883732831366
Wamsley,RELB_(+),RELB (+),proband,247,239,38680,152,123.8293,1.2274961129186936,1.0401137800864915,1.4388857894228855,0.013382497419963876,0.020917026789286006
Wamsley,RELB_(+),RELB (+),sibling,247,239,9567,24,30.6276,0.7836072955999253,0.5020719801340454,1.1659455417104312,0.276967186544445,1
Wamsley,REL_(+),REL (+),asd_d_proband,177,170,13841,48,32.4301,1.4801072358769434,1.0913142343277316,1.9624074614973526,0.01045842378326271,0.01565952163246594
Wamsley,REL_(+),REL (+),asd_da_proband,177,170,24839,54,58.1989,0.9278527631242953,0.697031552433376,1.2106465873223595,0.6461009124072896,0.7622235424324242
Wamsley,REL_(+),REL (+),proband,177,170,38680,99,90.629,1.0923659195781115,0.887821116738249,1.3299163115975539,0.3716113801722061,0.4564139771544533
Wamsley,REL_(+),REL (+),sibling,177,170,9567,18,22.4159,0.8030011073915324,0.4759093477915617,1.2690879443129892,0.3985306303260314,1
Wamsley,REST_(+),REST (+),asd_d_proband,41,38,13841,40,9.4862,4.2166685739249115,3.0124498499785055,5.741905797931055,1.464075068768548e-13,3.88328482525753e-13
Wamsley,REST_(+),REST (+),asd_da_proband,41,38,24839,35,17.0238,2.05594210778344,1.4320390079380085,2.8593177793934554,1.2878493642342148e-4,3.644064993033655e-4
Wamsley,REST_(+),REST (+),proband,41,38,38680,72,26.51,2.7159575366352238,2.1250695030121634,3.4202990281043215,2.3959448747511875e-13,6.886078342798753e-13
Wamsley,REST_(+),REST (+),sibling,41,38,9567,5,6.5569,0.7625550032885793,0.24759953391114314,1.7795490014240263,0.6964042347241859,1
Wamsley,RFX1_(+),RFX1 (+),asd_d_proband,18,16,13841,3,2.7279,1.099733451051278,0.2267914762604,3.213887823098885,0.756829399491803,0.8122427273929369
Wamsley,RFX1_(+),RFX1 (+),asd_da_proband,18,16,24839,6,4.8955,1.2256057567535517,0.4497757121401585,2.6676277570287272,0.499446922368021,0.6272253340973256
Wamsley,RFX1_(+),RFX1 (+),proband,18,16,38680,9,7.6235,1.180564428335114,0.5398292320102397,2.241079024426939,0.5832618055846337,0.6639712725570395
Wamsley,RFX1_(+),RFX1 (+),sibling,18,16,9567,0,1.8856,0,0,1.9563760558554482,NA,NA
Wamsley,RFX2_(+),RFX2 (+),asd_d_proband,6,6,13841,2,1.0586,1.8892456298620042,0.22879641050060726,6.8246048016827014,0.2857955357492179,0.33978252596011604
Wamsley,RFX2_(+),RFX2 (+),asd_da_proband,6,6,24839,4,1.8998,2.105483212924836,0.5736733121295703,5.3908732574358975,0.12526383524367443,0.19471927958576585
Wamsley,RFX2_(+),RFX2 (+),proband,6,6,38680,6,2.9584,2.0281061605160287,0.7442792167182728,4.414333286361532,0.07978461776297216,0.11197324583954642
Wamsley,RFX2_(+),RFX2 (+),sibling,6,6,9567,2,0.7317,2.7332548095453117,0.33100983774839604,9.873456157634605,0.16690565925115966,1
Wamsley,RFX3_(+),RFX3 (+),asd_d_proband,78,71,13841,62,19.5854,3.165622693583246,2.4270647671922103,4.058185425340865,1.8049209807050028e-14,4.9769355755083486e-14
Wamsley,RFX3_(+),RFX3 (+),asd_da_proband,78,71,24839,45,35.1479,1.280304689026269,0.9338630255763049,1.7131484053584334,0.10788347428868018,0.17106803717966282
Wamsley,RFX3_(+),RFX3 (+),proband,78,71,38680,102,54.7333,1.8635825539548414,1.519528859905137,2.2622620695338402,9.886315877158433e-9,2.302099268538321e-8
Wamsley,RFX3_(+),RFX3 (+),sibling,78,71,9567,10,13.5376,0.7386847884678466,0.35422806846236893,1.3584676262746287,0.4138477061082686,1
Wamsley,RFX5_(+),RFX5 (+),asd_d_proband,43,43,13841,29,5.5624,5.21353417275322,3.491585658774192,7.48750473246603,2.1816709845948344e-12,5.625883048237605e-12
Wamsley,RFX5_(+),RFX5 (+),asd_da_proband,43,43,24839,22,9.9823,2.2038917978980512,1.3811672562457784,3.336718667500231,7.303191123262577e-4,0.0018487225960007732
Wamsley,RFX5_(+),RFX5 (+),proband,43,43,38680,47,15.5448,3.0235216852678333,2.2215700092026203,4.020642876722845,1.0205128387506625e-10,2.6166407843022604e-10
Wamsley,RFX5_(+),RFX5 (+),sibling,43,43,9567,2,3.8448,0.5201827149005549,0.06299654004355218,1.8790788226526032,0.6026105298436246,1
Wamsley,RFX7_(+),RFX7 (+),asd_d_proband,3,2,13841,0,0.4772,0,0,7.729615911553026,NA,NA
Wamsley,RFX7_(+),RFX7 (+),asd_da_proband,3,2,24839,0,0.8565,0,0,4.307162680937455,NA,NA
Wamsley,RFX7_(+),RFX7 (+),proband,3,2,38680,0,1.3337,0,0,2.765915559250399,NA,NA
Wamsley,RFX7_(+),RFX7 (+),sibling,3,2,9567,0,0.3299,0,0,11.182775565151609,NA,NA
Wamsley,RREB1_(+),RREB1 (+),asd_d_proband,6,6,13841,8,2.4683,3.2410327051982524,1.3992478803884956,6.386126475109384,0.003940916960814596,0.006140113978108336
Wamsley,RREB1_(+),RREB1 (+),asd_da_proband,6,6,24839,7,4.4297,1.5802464657823538,0.6353410379418156,3.255911681065202,0.22476016478733524,0.32704690894741717
Wamsley,RREB1_(+),RREB1 (+),proband,6,6,38680,13,6.898,1.8845939042930362,1.003466882334751,3.2227129721063856,0.03238483630851286,0.04836531181677117
Wamsley,RREB1_(+),RREB1 (+),sibling,6,6,9567,1,1.7061,0.5861180839428375,0.014839225105384655,3.265640948709881,1,1
Wamsley,RUNX1_(+),RUNX1 (+),asd_d_proband,944,888,13841,333,163.1974,2.040473349302297,1.8271757431274005,2.2718323527889432,2.113145006348182e-31,9.647719414228995e-31
Wamsley,RUNX1_(+),RUNX1 (+),asd_da_proband,944,888,24839,417,292.8734,1.4238233453165738,1.2904271775335432,1.5672646401592427,8.82623234146372e-12,5.896341013912745e-11
Wamsley,RUNX1_(+),RUNX1 (+),proband,944,888,38680,722,456.0708,1.5830874065788447,1.4697039484116627,1.7028965775731522,1.7687340327324885e-30,9.049890275102105e-30
Wamsley,RUNX1_(+),RUNX1 (+),sibling,944,888,9567,100,112.8032,0.8864992815861673,0.7212911979092658,1.078220653186149,0.2392504490680272,1
Wamsley,RXRA_(+),RXRA (+),asd_d_proband,59,56,13841,8,10.9552,0.7302490735751653,0.3152697184193362,1.438881790579525,0.45056492266264003,0.5116506868972284
Wamsley,RXRA_(+),RXRA (+),asd_da_proband,59,56,24839,18,19.6601,0.9155601759952572,0.5426189854671987,1.4469797998449336,0.82131627791986,0.9002583279335163
Wamsley,RXRA_(+),RXRA (+),proband,59,56,38680,26,30.6153,0.8492496545734245,0.554758069965323,1.2443475112774918,0.46906289138221213,0.5528933461437024
Wamsley,RXRA_(+),RXRA (+),sibling,59,56,9567,6,7.5723,0.7923626079769414,0.2907831121975752,1.7246398158816705,0.7163264394403377,1
Wamsley,RXRB_(+),RXRB (+),asd_d_proband,5,4,13841,2,1.0173,1.9659564423689793,0.23808644577752516,7.101710632232815,0.2706112000093933,0.32310919272289834
Wamsley,RXRB_(+),RXRB (+),asd_da_proband,5,4,24839,2,1.8257,1.0954870614287628,0.13266856540145439,3.957275931427771,0.7058671782785071,0.8148507610188491
Wamsley,RXRB_(+),RXRB (+),proband,5,4,38680,4,2.843,1.4069701716043972,0.3833520179391802,3.602402444033598,0.37589170743809824,0.4611746647170646
Wamsley,RXRB_(+),RXRB (+),sibling,5,4,9567,1,0.7032,1.4221178592468404,0.03600490689144088,7.923533571608834,0.5049896458965417,1
Wamsley,RXRG_(+),RXRG (+),asd_d_proband,12,12,13841,1,1.7971,0.55646141813162,0.014088383334921998,3.100404582645528,1,1
Wamsley,RXRG_(+),RXRG (+),asd_da_proband,12,12,24839,1,3.225,0.3100761901992734,0.007850449443965351,1.7276339558112948,0.39182245169978513,0.5155798927378291
Wamsley,RXRG_(+),RXRG (+),proband,12,12,38680,2,5.0221,0.39824108005996656,0.04822884234394693,1.438583709945155,0.2584926804974652,0.3299106805901653
Wamsley,RXRG_(+),RXRG (+),sibling,12,12,9567,0,1.2421,0,0,2.969759063160407,NA,NA
Wamsley,SALL1_(+),SALL1 (+),asd_d_proband,5,5,13841,4,1.3774,2.904064425365615,0.7912598149965036,7.435558332866807,0.051207245199502475,0.07033892867107985
Wamsley,SALL1_(+),SALL1 (+),asd_da_proband,5,5,24839,4,2.4718,1.6182276142954821,0.4409125608666455,4.143305402198538,0.3208509880757106,0.43357000718614674
Wamsley,SALL1_(+),SALL1 (+),proband,5,5,38680,8,3.8492,2.0783431081429926,0.8972810376534698,4.095164459767836,0.06395538436213423,0.09121636694649395
Wamsley,SALL1_(+),SALL1 (+),sibling,5,5,9567,2,0.9521,2.1007189145753884,0.2544068063614829,7.588519017743634,0.2466100690779334,1
Wamsley,SETDB1_(+),SETDB1 (+),asd_d_proband,6,1,13841,0,0.1318,0,0,27.98432578459479,NA,NA
Wamsley,SETDB1_(+),SETDB1 (+),asd_da_proband,6,1,24839,0,0.2366,0,0,15.593665332121924,NA,NA
Wamsley,SETDB1_(+),SETDB1 (+),proband,6,1,38680,0,0.3684,0,0,10.013729399808078,NA,NA
Wamsley,SETDB1_(+),SETDB1 (+),sibling,6,1,9567,0,0.0911,0,0,40.48615586752132,NA,NA
Wamsley,SIN3A_(+),SIN3A (+),asd_d_proband,145,133,13841,90,27.483,3.2747506421807464,2.633286232748481,4.025224511482453,3.659465204796502e-21,1.2391015921408216e-20
Wamsley,SIN3A_(+),SIN3A (+),asd_da_proband,145,133,24839,101,49.3209,2.047813781857739,1.6679779579889344,2.4882793804084633,8.794898098963265e-11,5.33840857727394e-10
Wamsley,SIN3A_(+),SIN3A (+),proband,145,133,38680,183,76.8039,2.3826915218406124,2.0499685272134833,2.754031570445285,7.967975244666633e-25,3.36720731635727e-24
Wamsley,SIN3A_(+),SIN3A (+),sibling,145,133,9567,18,18.9965,0.9475451790200421,0.5615753253632711,1.497529894189669,1,1
Wamsley,SIRT6_(+),SIRT6 (+),asd_d_proband,3,3,13841,0,0.4806,0,0,7.674951993790571,NA,NA
Wamsley,SIRT6_(+),SIRT6 (+),asd_da_proband,3,3,24839,2,0.8626,2.318699994619465,0.28080532642833794,8.37594162813943,0.21384754787623328,0.3147768990251204
Wamsley,SIRT6_(+),SIRT6 (+),proband,3,3,38680,2,1.3432,1.488991446906745,0.18032377205670852,5.378749071906806,0.38840033875405455,0.4739730337094933
Wamsley,SIRT6_(+),SIRT6 (+),sibling,3,3,9567,1,0.3322,3.010044379970361,0.07620772563628048,16.77089387609464,0.2826712352961142,1
Wamsley,SMAD1_(+),SMAD1 (+),asd_d_proband,26,25,13841,21,5.9886,3.5066523510998215,2.170673074192168,5.360290614462454,1.413265457074949e-6,2.752408599967645e-6
Wamsley,SMAD1_(+),SMAD1 (+),asd_da_proband,26,25,24839,17,10.7471,1.5818150379045526,0.9214655512879665,2.532639108518467,0.06507374201805373,0.10770829653624794
Wamsley,SMAD1_(+),SMAD1 (+),proband,26,25,38680,35,16.7358,2.0913295067034054,1.4566876278826084,2.9085330848805517,7.289784556202737e-5,1.337241829361306e-4
Wamsley,SMAD1_(+),SMAD1 (+),sibling,26,25,9567,8,4.1394,1.9326584018106938,0.8343847218546385,3.808107510717296,0.07580167253662999,1
Wamsley,SMAD3_(+),SMAD3 (+),asd_d_proband,139,137,13841,83,39.2419,2.1150842567334225,1.6846528041847637,2.6219651620451585,1.1290005258528518e-9,2.5667481342858715e-9
Wamsley,SMAD3_(+),SMAD3 (+),asd_da_proband,139,137,24839,93,70.4234,1.3205835709014722,1.0658813782672643,1.6178040922040866,0.010215545886939376,0.020632113249292584
Wamsley,SMAD3_(+),SMAD3 (+),proband,139,137,38680,171,109.6653,1.559289282703769,1.334332476706625,1.8113137097517662,5.957865457250733e-8,1.3329263699457031e-7
Wamsley,SMAD3_(+),SMAD3 (+),sibling,139,137,9567,22,27.1243,0.8110804917302834,0.5082998259832957,1.2279856117178103,0.38648255852877367,1
Wamsley,SMAD5_(+),SMAD5 (+),asd_d_proband,8,8,13841,2,1.8975,1.0540191281491051,0.1276466063002668,3.807479498341999,0.7154829758267398,0.7745850680961983
Wamsley,SMAD5_(+),SMAD5 (+),asd_da_proband,8,8,24839,2,3.4052,0.5873295524260945,0.07112833358033709,2.121636287151319,0.781518424821753,0.8692948784470533
Wamsley,SMAD5_(+),SMAD5 (+),proband,8,8,38680,4,5.3027,0.754326719374962,0.2055286429619782,1.9313759966762583,0.8260719408166906,0.8759740562005984
Wamsley,SMAD5_(+),SMAD5 (+),sibling,8,8,9567,3,1.3116,2.2873437994217256,0.47170528139344314,6.68458923130406,0.14555903984499036,1
Wamsley,SMARCC2_(+),SMARCC2 (+),asd_d_proband,3,3,13841,1,0.7734,1.2930319136842896,0.032736733708217725,7.204312716152149,0.5385474819964369,0.6011441833106519
Wamsley,SMARCC2_(+),SMARCC2 (+),asd_da_proband,3,3,24839,0,1.3879,0,0,2.657890400576743,NA,NA
Wamsley,SMARCC2_(+),SMARCC2 (+),proband,3,3,38680,1,2.1613,0.46269014263971703,0.011714300187576049,2.577944475291156,0.7309950308850524,0.803531146666517
Wamsley,SMARCC2_(+),SMARCC2 (+),sibling,3,3,9567,1,0.5346,1.8706861834748878,0.04736167359208127,10.42279631067857,0.41407483599971046,1
Wamsley,SNAI3_(+),SNAI3 (+),asd_d_proband,57,53,13841,35,10.9796,3.187718385678507,2.220362653856225,4.43334460701169,6.220475127046946e-9,1.3534393147520114e-8
Wamsley,SNAI3_(+),SNAI3 (+),asd_da_proband,57,53,24839,34,19.704,1.725536622695866,1.1949842727985567,2.4112644753782457,0.00308945705350349,0.006852646391759214
Wamsley,SNAI3_(+),SNAI3 (+),proband,57,53,38680,68,30.6837,2.2161636076082014,1.7209377569420432,2.8095154438892935,6.3730091956643194e-9,1.5023974157547497e-8
Wamsley,SNAI3_(+),SNAI3 (+),sibling,57,53,9567,7,7.5892,0.9223624997632741,0.3708375627773229,1.900419271413427,1,1
Wamsley,SOX10_(+),SOX10 (+),asd_d_proband,777,722,13841,259,142.1351,1.8222097977925413,1.6070267409419001,2.05818036564471,1.3933669342778544e-18,4.311696568848694e-18
Wamsley,SOX10_(+),SOX10 (+),asd_da_proband,777,722,24839,332,255.0751,1.3015775772552627,1.1653201884439142,1.4493909874306785,4.0493487390691876e-6,1.4242101951430258e-5
Wamsley,SOX10_(+),SOX10 (+),proband,777,722,38680,567,397.2102,1.4274558195526506,1.3123632450334606,1.549937956043358,1.0514256796680266e-15,3.2599910339707023e-15
Wamsley,SOX10_(+),SOX10 (+),sibling,777,722,9567,105,98.2448,1.0687585624251676,0.8741386187968836,1.2937974022169403,0.4798841280544708,1
Wamsley,SOX11_(+),SOX11 (+),asd_d_proband,8,7,13841,10,1.3674,7.313182930735212,3.5069554758796295,13.449203789662759,1.8292493692033957e-6,3.537819092521845e-6
Wamsley,SOX11_(+),SOX11 (+),asd_da_proband,8,7,24839,3,2.4539,1.2225343002251225,0.25211596361098837,3.5727640157333314,0.7411983863958058,0.8401736729325953
Wamsley,SOX11_(+),SOX11 (+),proband,8,7,38680,12,3.8213,3.1402822630084612,1.6226296695310114,5.485441144277788,6.209301344476788e-4,0.0010767192756911876
Wamsley,SOX11_(+),SOX11 (+),sibling,8,7,9567,2,0.9452,2.116060728427011,0.25626477119376156,7.643938924410801,0.2440742332192239,1
Wamsley,SOX13_(+),SOX13 (+),asd_d_proband,68,62,13841,47,18.2695,2.572587052730932,1.890240202429284,3.420995410322577,1.4423541720106074e-8,3.066378907671406e-8
Wamsley,SOX13_(+),SOX13 (+),asd_da_proband,68,62,24839,37,32.7865,1.128514924354037,0.794578652419279,1.5555091685850069,0.43169448216092976,0.5570092232682168
Wamsley,SOX13_(+),SOX13 (+),proband,68,62,38680,81,51.056,1.5864933052128514,1.2599046876777231,1.9718663213584404,1.0824523177705838e-4,1.9698215224501372e-4
Wamsley,SOX13_(+),SOX13 (+),sibling,68,62,9567,11,12.628,0.8710771098464294,0.4348385547632657,1.5585975658230165,0.778089242569136,1
Wamsley,SOX15_(+),SOX15 (+),asd_d_proband,27,25,13841,4,3.2117,1.2454460462924246,0.33934213014348064,3.1888365308837017,0.5697652275473382,0.6315091320640963
Wamsley,SOX15_(+),SOX15 (+),asd_da_proband,27,25,24839,4,5.7637,0.6939980968128125,0.18909112376971357,1.776910762267455,0.6737315473537944,0.786600741429611
Wamsley,SOX15_(+),SOX15 (+),proband,27,25,38680,8,8.9754,0.8913246497793924,0.38481071941714434,1.7562648888868875,1,1
Wamsley,SOX15_(+),SOX15 (+),sibling,27,25,9567,5,2.22,2.2523020182310876,0.7313163346068843,5.256121578329798,0.0746716169645318,1
Wamsley,SOX21_(+),SOX21 (+),asd_d_proband,17,17,13841,12,2.9098,4.124019324434637,2.130940964248235,7.20383181745516,5.369762691628487e-5,9.46505638999072e-5
Wamsley,SOX21_(+),SOX21 (+),asd_da_proband,17,17,24839,10,5.2219,1.915017763379491,0.9183254535402826,3.5217858495337393,0.04600381872379432,0.08002821469824929
Wamsley,SOX21_(+),SOX21 (+),proband,17,17,38680,22,8.1317,2.7054725360414422,1.6955052344296266,4.096117932844299,4.228958345027062e-5,7.884381489666468e-5
Wamsley,SOX21_(+),SOX21 (+),sibling,17,17,9567,1,2.0113,0.4972000232526725,0.012588014718495624,2.7702212235304193,0.7293379852585307,1
Wamsley,SOX2_(+),SOX2 (+),asd_d_proband,328,305,13841,142,58.7112,2.41861938204639,2.0371829401190458,2.8507359832145363,4.556209428608299e-20,1.4797718085917334e-19
Wamsley,SOX2_(+),SOX2 (+),asd_da_proband,328,305,24839,160,105.3628,1.5185620008926937,1.2923769628145456,1.7729434249844345,7.810299564782313e-7,3.030181514996299e-6
Wamsley,SOX2_(+),SOX2 (+),proband,328,305,38680,290,164.074,1.7674949661728199,1.56990136991858,1.9830764853887322,6.405981676302703e-19,2.2559336705745013e-18
Wamsley,SOX2_(+),SOX2 (+),sibling,328,305,9567,34,40.5816,0.8378182112769827,0.580213466797381,1.1707669736507262,0.34556332375752324,1
Wamsley,SOX4_(+),SOX4 (+),asd_d_proband,365,338,13841,190,73.9255,2.570154310829544,2.217678167395496,2.962733305642878,1.6121809828053863e-29,6.802915207746971e-29
Wamsley,SOX4_(+),SOX4 (+),asd_da_proband,365,338,24839,211,132.6664,1.590455105027207,1.3830818851357214,1.8201480157483614,3.3888794988378823e-10,1.9226356553708388e-9
Wamsley,SOX4_(+),SOX4 (+),proband,365,338,38680,380,206.592,1.839374654404949,1.6590629768840766,2.033937604157004,3.221781113994866e-27,1.4645626498279453e-26
Wamsley,SOX4_(+),SOX4 (+),sibling,365,338,9567,66,51.0979,1.2916392334772784,0.9989536895987432,1.6432818000987846,0.04210698164788721,1
Wamsley,SOX5_(+),SOX5 (+),asd_d_proband,82,80,13841,50,16.2839,3.0705228897366568,2.279001272321273,4.048101638121118,1.577946731759107e-11,3.923733614240279e-11
Wamsley,SOX5_(+),SOX5 (+),asd_da_proband,82,80,24839,49,29.223,1.6767633628772558,1.2404787665699384,2.216770088691088,7.857024469872115e-4,0.001980040318411968
Wamsley,SOX5_(+),SOX5 (+),proband,82,80,38680,93,45.5068,2.0436489040675236,1.6494884220579151,2.503607975201375,6.85400311337746e-10,1.692731071940191e-9
Wamsley,SOX5_(+),SOX5 (+),sibling,82,80,9567,12,11.2555,1.0661425479296347,0.5508914120868479,1.8623364743255926,0.7646429908947276,1
Wamsley,SOX6_(+),SOX6 (+),asd_d_proband,648,603,13841,386,148.5938,2.59768555640364,2.344973431370574,2.870208815701752,5.535490269164713e-59,4.2236549040064996e-58
Wamsley,SOX6_(+),SOX6 (+),asd_da_proband,648,603,24839,368,266.6658,1.3800043481383073,1.2425937853361781,1.5284586900616581,3.885054738316451e-9,1.958136964088961e-8
Wamsley,SOX6_(+),SOX6 (+),proband,648,603,38680,714,415.2596,1.719406206051949,1.5955842225338424,1.8502858986749464,2.816724942530219e-40,1.8577359303046126e-39
Wamsley,SOX6_(+),SOX6 (+),sibling,648,603,9567,110,102.7091,1.0709856573248895,0.8802199598922482,1.2908273410681008,0.45907291496698927,1
Wamsley,SOX8_(+),SOX8 (+),asd_d_proband,349,325,13841,166,61.6764,2.6914668810619053,2.2975999365859927,3.1334798409723836,4.158529512570388e-28,1.6369617939941387e-27
Wamsley,SOX8_(+),SOX8 (+),asd_da_proband,349,325,24839,148,110.6842,1.3371373764913803,1.1303944057848445,1.5707482455502797,7.204845229379267e-4,0.0018320428522453135
Wamsley,SOX8_(+),SOX8 (+),proband,349,325,38680,302,172.3606,1.7521403789566081,1.5600795303145778,1.9613177618329478,4.0399177705482176e-19,1.4271040793174974e-18
Wamsley,SOX8_(+),SOX8 (+),sibling,349,325,9567,44,42.6312,1.0321084251929162,0.7499315617658153,1.385557386698823,0.8179849084006128,1
Wamsley,SOX9_(+),SOX9 (+),asd_d_proband,72,63,13841,56,15.0144,3.729757875382748,2.8174190163306547,4.843400837621527,4.4027757718625155e-16,1.2576133871422673e-15
Wamsley,SOX9_(+),SOX9 (+),asd_da_proband,72,63,24839,39,26.9447,1.44740670731923,1.0292476617958173,1.9786526170084073,0.02606987639839034,0.04801450318724746
Wamsley,SOX9_(+),SOX9 (+),proband,72,63,38680,91,41.9591,2.1687775458610523,1.7461643934151019,2.6627782375239457,4.37288729733015e-11,1.136552256549818e-10
Wamsley,SOX9_(+),SOX9 (+),sibling,72,63,9567,9,10.378,0.8672150711122936,0.3965459525885078,1.6462443377846703,0.8757590591591287,1
Wamsley,SP1_(+),SP1 (+),asd_d_proband,42,39,13841,26,8.4926,3.0615051076071924,1.9998767800950628,4.485814319615918,1.0521914604869988e-6,2.0709210017358952e-6
Wamsley,SP1_(+),SP1 (+),asd_da_proband,42,39,24839,24,15.2407,1.5747305147695583,1.008959554316753,2.343074181928423,0.038532116268771247,0.06797306135537928
Wamsley,SP1_(+),SP1 (+),proband,42,39,38680,47,23.7333,1.98034338272252,1.4550818300446546,2.6334368805769626,2.0107943029914116e-5,3.8302442399218706e-5
Wamsley,SP1_(+),SP1 (+),sibling,42,39,9567,13,5.8701,2.214607097020547,1.1791850086012365,3.787045582302404,0.010279240359047419,1
Wamsley,SP2_(+),SP2 (+),asd_d_proband,40,30,13841,14,6.8666,2.0388424318104903,1.114654129817189,3.420831160739307,0.012066737515181766,0.017851720573588963
Wamsley,SP2_(+),SP2 (+),asd_da_proband,40,30,24839,26,12.3228,2.109902257871877,1.3782582048625158,3.0914956626510346,5.126072080067181e-4,0.0013334874143769231
Wamsley,SP2_(+),SP2 (+),proband,40,30,38680,39,19.1895,2.032362804418804,1.4452086298833835,2.77830685828575,5.337282422523526e-5,9.870079812154528e-5
Wamsley,SP2_(+),SP2 (+),sibling,40,30,9567,6,4.7463,1.2641498946686822,0.46392073143700596,2.7515221183325647,0.48732968691238376,1
Wamsley,SP3_(+),SP3 (+),asd_d_proband,30,29,13841,12,6.069,1.9772654897007569,1.0216819315644963,3.4538848937656392,0.024004852853178462,0.034108936324541844
Wamsley,SP3_(+),SP3 (+),asd_da_proband,30,29,24839,19,10.8914,1.7444989103694974,1.050302302457456,2.7242511434402097,0.02149934652641856,0.04018669243100423
Wamsley,SP3_(+),SP3 (+),proband,30,29,38680,30,16.9604,1.7688296046372916,1.1934219064274394,2.5251142461384046,0.0033331823556316323,0.005487966908767233
Wamsley,SP3_(+),SP3 (+),sibling,30,29,9567,4,4.1949,0.9535323383487745,0.2598054695498176,2.4414214995160037,1,1
Wamsley,SP4_(+),SP4 (+),asd_d_proband,271,259,13841,119,50.0795,2.376220998647969,1.968502074258409,2.843502698869646,1.4992979491207974e-16,4.3382283514819955e-16
Wamsley,SP4_(+),SP4 (+),asd_da_proband,271,259,24839,139,89.8725,1.546635696263036,1.3002153680510846,1.8261735115844169,1.4361274512576867e-6,5.35111515666643e-6
Wamsley,SP4_(+),SP4 (+),proband,271,259,38680,245,139.952,1.7506001269542384,1.5382384903750308,1.984085559168715,8.733428606746721e-16,2.722634437239893e-15
Wamsley,SP4_(+),SP4 (+),sibling,271,259,9567,36,34.6153,1.0400017341845749,0.7284044288795517,1.4398007749759238,0.7983243138136209,1
Wamsley,SPI1_(+),SPI1 (+),asd_d_proband,422,396,13841,158,70.0559,2.255342627976009,1.9173840864638956,2.6357148540786928,1.856265123657541e-19,5.908226707870002e-19
Wamsley,SPI1_(+),SPI1 (+),asd_da_proband,422,396,24839,130,125.722,1.0340276573019036,0.8639273929444927,1.2278238759140543,0.6880448584445216,0.8000027241852367
Wamsley,SPI1_(+),SPI1 (+),proband,422,396,38680,273,195.7779,1.394437622994213,1.2339158040073566,1.5700432893060443,1.7122525067563007e-7,3.7001517238805664e-7
Wamsley,SPI1_(+),SPI1 (+),sibling,422,396,9567,43,48.4231,0.8880053695218703,0.6426538890246449,1.196137405167016,0.4727111642435783,1
Wamsley,SREBF1_(+),SREBF1 (+),asd_d_proband,317,294,13841,126,62.3324,2.0214200079022406,1.683896849918904,2.4067580510060598,1.1183458831357458e-12,2.8972960786353973e-12
Wamsley,SREBF1_(+),SREBF1 (+),asd_da_proband,317,294,24839,138,111.8615,1.2336684621833618,1.0364326923200848,1.4575143131092536,0.01580557524296341,0.030555641180317956
Wamsley,SREBF1_(+),SREBF1 (+),proband,317,294,38680,253,174.1939,1.4524043444238959,1.2789341658858817,1.642840323767178,1.908042252526218e-8,4.3628781766180654e-8
Wamsley,SREBF1_(+),SREBF1 (+),sibling,317,294,9567,36,43.0846,0.835564942865353,0.5852194135780123,1.1567740829043056,0.32131134015157287,1
Wamsley,SREBF2_(+),SREBF2 (+),asd_d_proband,2495,2380,13841,1385,520.8832,2.658945519030958,2.5207389282890666,2.802759004257406,1.9836094362691323e-215,1.0522575771446732e-213
Wamsley,SREBF2_(+),SREBF2 (+),asd_da_proband,2495,2380,24839,1435,934.7748,1.5351291827813645,1.456720429003055,1.616661766972606,6.078680941308629e-52,2.7451323130949764e-50
Wamsley,SREBF2_(+),SREBF2 (+),proband,2495,2380,38680,2696,1455.6579,1.852083473923493,1.782824888145581,1.9233433045760966,2.8678561094795357e-185,1.3634265920483958e-183
Wamsley,SREBF2_(+),SREBF2 (+),sibling,2495,2380,9567,344,360.0382,0.9554540435170822,0.8571431119112112,1.0619494452414329,0.41395760625484107,1
Wamsley,SRF_(+),SRF (+),asd_d_proband,104,98,13841,17,17.1714,0.9900183950869214,0.5767221984578481,1.5851153551248005,1,1
Wamsley,SRF_(+),SRF (+),asd_da_proband,104,98,24839,46,30.8157,1.4927446920386385,1.0928767269104411,1.9911122308250635,0.008840161760405502,0.018146441140905113
Wamsley,SRF_(+),SRF (+),proband,104,98,38680,63,47.9871,1.312852378799013,1.0088318149504356,1.6797084973679923,0.035862625333296844,0.0531418902666126
Wamsley,SRF_(+),SRF (+),sibling,104,98,9567,11,11.869,0.9267844162247607,0.4626474413951032,1.658273324878528,1,1
Wamsley,STAT1_(+),STAT1 (+),asd_d_proband,903,846,13841,281,144.4409,1.9454320570688755,1.7245955965351256,2.1867076595023134,8.755070502633771e-24,3.136060623772997e-23
Wamsley,STAT1_(+),STAT1 (+),asd_da_proband,903,846,24839,325,259.2131,1.2537948170007516,1.1211731185821998,1.3977902455526912,7.88352053099142e-5,2.2647569159005884e-4
Wamsley,STAT1_(+),STAT1 (+),proband,903,846,38680,579,403.654,1.4343968242017253,1.3199242901203212,1.5561399069085093,2.269862544934605e-16,7.275036976883101e-16
Wamsley,STAT1_(+),STAT1 (+),sibling,903,846,9567,114,99.8386,1.14184273773819,0.9418794530175196,1.3717019267851145,0.16076729207835092,1
Wamsley,STAT2_(+),STAT2 (+),asd_d_proband,275,261,13841,89,44.2568,2.0109903797736277,1.6149904053398114,2.474696706762782,2.8196393428187904e-9,6.2821564558002656e-9
Wamsley,STAT2_(+),STAT2 (+),asd_da_proband,275,261,24839,110,79.4231,1.3849880706397042,1.138291755498182,1.6692851640052873,0.0011030089835009087,0.002655217787574682
Wamsley,STAT2_(+),STAT2 (+),proband,275,261,38680,187,123.6799,1.511967987778008,1.3030192292480072,1.744891378300767,1.0252924179817624e-7,2.2540629073548955e-7
Wamsley,STAT2_(+),STAT2 (+),sibling,275,261,9567,46,30.5906,1.5037287832079043,1.1009184621577184,2.0057634691702853,0.008420389512750778,1
Wamsley,STAT3_(+),STAT3 (+),asd_d_proband,398,381,13841,138,68.5541,2.013008903500391,1.6911741699441414,2.3782639981535834,1.3770732262701764e-13,3.6612400335679626e-13
Wamsley,STAT3_(+),STAT3 (+),asd_da_proband,398,381,24839,156,123.0269,1.2680155191906692,1.0768420484819106,1.483344794129329,0.0038811884256134827,0.008459192533817803
Wamsley,STAT3_(+),STAT3 (+),proband,398,381,38680,286,191.581,1.4928413146024966,1.3248239931320431,1.6762659306477699,1.8035063391834843e-10,4.572890517796345e-10
Wamsley,STAT3_(+),STAT3 (+),sibling,398,381,9567,49,47.3851,1.034080584553255,0.765018509146925,1.367109372666831,0.7713769424015267,1
Wamsley,STAT5A_(+),STAT5A (+),asd_d_proband,37,35,13841,8,6.9292,1.1545385740601295,0.498447809548276,2.2749012506152493,0.5702856255444173,0.6315091320640963
Wamsley,STAT5A_(+),STAT5A (+),asd_da_proband,37,35,24839,15,12.4351,1.2062659831992721,0.6751379138532934,1.9895522961052041,0.47512648289038817,0.6013652457211303
Wamsley,STAT5A_(+),STAT5A (+),proband,37,35,38680,23,19.3642,1.1877561830468713,0.7529355331408857,1.7822174574251952,0.42419499362356394,0.5121761774862291
Wamsley,STAT5A_(+),STAT5A (+),sibling,37,35,9567,5,4.7895,1.0439511082083106,0.3389680832250469,2.4362336410302956,0.8176539708223112,1
Wamsley,STAT6_(+),STAT6 (+),asd_d_proband,41,37,13841,8,5.5731,1.4354553800254137,0.6197277474773152,2.8284193465606373,0.2835921901151353,0.3377104264284714
Wamsley,STAT6_(+),STAT6 (+),asd_da_proband,41,37,24839,14,10.0015,1.3997842647099545,0.7652750831394779,2.3486001450245735,0.2026756459152917,0.30108000557679515
Wamsley,STAT6_(+),STAT6 (+),proband,41,37,38680,21,15.5747,1.348341831093481,0.8346448448599768,2.0610837170758263,0.1625708289635103,0.21669779888710894
Wamsley,STAT6_(+),STAT6 (+),sibling,41,37,9567,5,3.8522,1.2979603007037048,0.42144417662129546,3.029006362877667,0.44534100254985226,1
Wamsley,SUCLG1_(+),SUCLG1 (+),asd_d_proband,22,21,13841,46,4.6603,9.870688246884228,7.226584372492929,13.166114875405412,1.065671346863234e-29,4.5659918477140105e-29
Wamsley,SUCLG1_(+),SUCLG1 (+),asd_da_proband,22,21,24839,24,8.3633,2.869684861466969,1.8386612386684782,4.269863602762567,7.677529441369021e-6,2.5951888441034804e-5
Wamsley,SUCLG1_(+),SUCLG1 (+),proband,22,21,38680,64,13.0236,4.914174579384905,3.784513229527414,6.275291229609263,4.785295552564366e-24,1.956997213432237e-23
Wamsley,SUCLG1_(+),SUCLG1 (+),sibling,22,21,9567,4,3.2212,1.241770361206544,0.33834062966861667,3.1794253171962255,0.5706532325463214,1
Wamsley,TAF1_(+),TAF1 (+),asd_d_proband,1050,948,13841,521,190.4229,2.7360155297212376,2.506093300069231,2.9813611407964795,1.854722247792018e-86,2.43077715769448e-85
Wamsley,TAF1_(+),TAF1 (+),asd_da_proband,1050,948,24839,504,341.7321,1.4748394043222468,1.3488740501208925,1.6094011805199135,2.544111996604427e-16,2.5418605700587596e-15
Wamsley,TAF1_(+),TAF1 (+),proband,1050,948,38680,973,532.155,1.8284145908704181,1.7153188616241832,1.9470079239411326,1.198670245664154e-65,1.3541413369334652e-64
Wamsley,TAF1_(+),TAF1 (+),sibling,1050,948,9567,127,131.6217,0.9648865452304956,0.8043824385487983,1.1480319266825683,0.7273068565141085,1
Wamsley,TAF7_(+),TAF7 (+),asd_d_proband,34,30,13841,10,3.6065,2.7728038026199315,1.3296672011676647,5.099284916484133,0.004073890714954748,0.006338427732485461
Wamsley,TAF7_(+),TAF7 (+),asd_da_proband,34,30,24839,15,6.4721,2.3176281713472244,1.2971588940450958,3.8225752147901217,0.004388032863064996,0.0094905921501923
Wamsley,TAF7_(+),TAF7 (+),proband,34,30,38680,23,10.0786,2.2820648421340146,1.4466333521131751,3.424217746603821,3.709869959929373e-4,6.562731200433201e-4
Wamsley,TAF7_(+),TAF7 (+),sibling,34,30,9567,2,2.4928,0.8023074617343466,0.0971631557385579,2.8982104122575225,1,1
Wamsley,TAL1_(+),TAL1 (+),asd_d_proband,3,3,13841,0,0.1845,0,0,19.995643649612934,NA,NA
Wamsley,TAL1_(+),TAL1 (+),asd_da_proband,3,3,24839,0,0.3311,0,0,11.142143554663738,NA,NA
Wamsley,TAL1_(+),TAL1 (+),proband,3,3,38680,0,0.5156,0,0,7.155111265622869,NA,NA
Wamsley,TAL1_(+),TAL1 (+),sibling,3,3,9567,0,0.1275,0,0,28.928577793905365,NA,NA
Wamsley,TBP_(+),TBP (+),asd_d_proband,55,51,13841,9,8.3252,1.0810504649186419,0.49432511113716854,2.0521705238000343,0.7280364046158145,0.7873858275572945
Wamsley,TBP_(+),TBP (+),asd_da_proband,55,51,24839,18,14.9404,1.2047843701388077,0.7140315729884305,1.9040787186540835,0.43484576997698376,0.5604347880182816
Wamsley,TBP_(+),TBP (+),proband,55,51,38680,26,23.2657,1.1175264466517636,0.7300053775013194,1.6374351701990277,0.5333503967035254,0.6171935118039782
Wamsley,TBP_(+),TBP (+),sibling,55,51,9567,2,5.7545,0.34755628688753987,0.04209067875022515,1.2554928098581697,0.14192206595062212,1
Wamsley,TBX19_(+),TBX19 (+),asd_d_proband,13,12,13841,0,1.5626,0,0,2.360685334731071,NA,NA
Wamsley,TBX19_(+),TBX19 (+),asd_da_proband,13,12,24839,1,2.8043,0.356596437174311,0.009028240124261094,1.9868281824146081,0.5393659881390694,0.6626161051240581
Wamsley,TBX19_(+),TBX19 (+),proband,13,12,38680,1,4.3669,0.2289942839444858,0.005797633310406445,1.2758744887020799,0.14413939398893988,0.1934859394604475
Wamsley,TBX19_(+),TBX19 (+),sibling,13,12,9567,2,1.0801,1.8516774125583173,0.2242467250959528,6.688895483556542,0.29367862194873606,1
Wamsley,TBX2_(+),TBX2 (+),asd_d_proband,39,36,13841,19,8.5631,2.218812757092344,1.3358702224711994,3.464950969392267,0.0015999925127617189,0.0025757104901973334
Wamsley,TBX2_(+),TBX2 (+),asd_da_proband,39,36,24839,21,15.3674,1.3665316952526225,0.8459046574675989,2.0888888566700072,0.15806876830237182,0.2401879399910872
Wamsley,TBX2_(+),TBX2 (+),proband,39,36,38680,39,23.9305,1.6297187550559114,1.15888934985855,2.2278791879108355,0.003974361895681092,0.006496772095948604
Wamsley,TBX2_(+),TBX2 (+),sibling,39,36,9567,7,5.9189,1.1826515026786484,0.4754872417090337,2.436714098451948,0.5392622010838629,1
Wamsley,TCF12_(+),TCF12 (+),asd_d_proband,13,13,13841,18,4.3357,4.151576727564997,2.46048748194157,6.5612810821120755,7.735097011319169e-7,1.5305325169821588e-6
Wamsley,TCF12_(+),TCF12 (+),asd_da_proband,13,13,24839,17,7.7808,2.1848561385676226,1.2727592151842937,3.4981663281904494,0.00324917302801235,0.007164680368410045
Wamsley,TCF12_(+),TCF12 (+),proband,13,13,38680,31,12.1165,2.55848727173538,1.7383679715241258,3.63156845743992,4.071484822537895e-6,8.150112600904803e-6
Wamsley,TCF12_(+),TCF12 (+),sibling,13,13,9567,1,2.9969,0.3336815992835739,0.008448086658552283,1.8591548773262465,0.38382733363634924,1
Wamsley,TCF3_(+),TCF3 (+),asd_d_proband,103,94,13841,49,16.44,2.9805327582335637,2.2050145426069405,3.940422371513716,6.706443833461224e-11,1.6136022528025494e-10
Wamsley,TCF3_(+),TCF3 (+),asd_da_proband,103,94,24839,45,29.5032,1.5252593443013693,1.1125346320031968,2.0409170065878963,0.007260495781525544,0.015153063657320559
Wamsley,TCF3_(+),TCF3 (+),proband,103,94,38680,93,45.9432,2.0242389218306673,1.633822061310567,2.479829435634236,8.842304400844118e-10,2.1790646482425782e-9
Wamsley,TCF3_(+),TCF3 (+),sibling,103,94,9567,14,11.3635,1.2320194091806882,0.6735564754941459,2.06711922402872,0.3746497665837331,1
Wamsley,TCF4_(+),TCF4 (+),asd_d_proband,14,14,13841,90,4.7238,19.05256554247383,15.320512620198853,23.418837709463308,3.0598894426549608e-80,3.4431483223410366e-79
Wamsley,TCF4_(+),TCF4 (+),asd_da_proband,14,14,24839,40,8.4773,4.7185037807637675,3.3709682791725957,6.425262915816144,4.333778088032797e-15,3.9779150092593726e-14
Wamsley,TCF4_(+),TCF4 (+),proband,14,14,38680,121,13.201,9.165946719659601,7.6056595436349745,10.952136713637044,1.0044763632891846e-71,1.2877612702392804e-70
Wamsley,TCF4_(+),TCF4 (+),sibling,14,14,9567,2,3.2651,0.612537448575265,0.07418112675028796,2.212695875370408,0.7784238211272463,1
Wamsley,TCF7L1_(+),TCF7L1 (+),asd_d_proband,182,174,13841,53,34.563,1.5334320242599475,1.148645812369701,2.0057668428307127,0.0036256172033836557,0.005688644457139989
Wamsley,TCF7L1_(+),TCF7L1 (+),asd_da_proband,182,174,24839,77,62.0266,1.2414028713816672,0.9796957327210656,1.5515405919039318,0.06505385104173272,0.10770829653624794
Wamsley,TCF7L1_(+),TCF7L1 (+),proband,182,174,38680,122,96.5896,1.2630760292625491,1.0489083024168453,1.5081145374277558,0.012521876925776545,0.019625634027899776
Wamsley,TCF7L1_(+),TCF7L1 (+),sibling,182,174,9567,21,23.8902,0.8790218057028202,0.5441283521214891,1.3436782045242837,0.6813685394521212,1
Wamsley,TCF7L2_(+),TCF7L2 (+),asd_d_proband,817,767,13841,363,164.6595,2.2045492675715446,1.9835699653862386,2.4434160489901466,1.6316522389649672e-40,9.321336380548581e-40
Wamsley,TCF7L2_(+),TCF7L2 (+),asd_da_proband,817,767,24839,426,295.4973,1.441637743953374,1.3079719342321239,1.5852577863873798,1.1077446380813078e-12,8.227919055222344e-12
Wamsley,TCF7L2_(+),TCF7L2 (+),proband,817,767,38680,761,460.1568,1.6537842208785476,1.5383567781407592,1.7755782845090384,1.3149514422113888e-37,7.980636146612738e-37
Wamsley,TCF7L2_(+),TCF7L2 (+),sibling,817,767,9567,110,113.8139,0.9664904426028156,0.7943376018209548,1.1648823489465894,0.7784213396398996,1
Wamsley,TCF7_(+),TCF7 (+),asd_d_proband,11,11,13841,3,2.0692,1.449836366721105,0.29899111428353053,4.237037111162333,0.46833327246439815,0.5296682898734412
Wamsley,TCF7_(+),TCF7 (+),asd_da_proband,11,11,24839,4,3.7134,1.077186958776484,0.2934971918230843,2.7580264395744467,0.7918114513188839,0.8790119258004129
Wamsley,TCF7_(+),TCF7 (+),proband,11,11,38680,7,5.7826,1.2105334028137513,0.4866972116442338,2.494161469039947,0.5305060161296289,0.6151497605730758
Wamsley,TCF7_(+),TCF7 (+),sibling,11,11,9567,0,1.4302,0,0,2.5791933036593364,NA,NA
Wamsley,TEAD1_(+),TEAD1 (+),asd_d_proband,83,76,13841,38,18.4486,2.0597778619458733,1.457621406868337,2.8272060448408394,5.632185565217359e-5,9.911934786180312e-5
Wamsley,TEAD1_(+),TEAD1 (+),asd_da_proband,83,76,24839,48,33.1078,1.449810991824461,1.0689761755846086,1.922239037248882,0.014475025022792826,0.028372054254744965
Wamsley,TEAD1_(+),TEAD1 (+),proband,83,76,38680,80,51.5564,1.551700070058936,1.2304016512753757,1.931225055594089,2.104469270516495e-4,3.7814164372587726e-4
Wamsley,TEAD1_(+),TEAD1 (+),sibling,83,76,9567,15,12.7518,1.176304458879736,0.6583686761340077,1.9401353181459593,0.48263143877777126,1
Wamsley,TEAD3_(+),TEAD3 (+),asd_d_proband,3,3,13841,0,0.5929,0,0,6.221353580591167,NA,NA
Wamsley,TEAD3_(+),TEAD3 (+),asd_da_proband,3,3,24839,0,1.0641,0,0,3.4667158464093704,NA,NA
Wamsley,TEAD3_(+),TEAD3 (+),proband,3,3,38680,0,1.657,0,0,2.226208761865624,NA,NA
Wamsley,TEAD3_(+),TEAD3 (+),sibling,3,3,9567,0,0.4098,0,0,9.00070606344333,NA,NA
Wamsley,TEAD4_(+),TEAD4 (+),asd_d_proband,76,72,13841,33,11.6837,2.8244483515249867,1.9442202839958578,3.966575604240463,2.4945224440970305e-7,4.998017990510957e-7
Wamsley,TEAD4_(+),TEAD4 (+),asd_da_proband,76,72,24839,28,20.9675,1.3353991337386166,0.8873630263124639,1.9300235588196948,0.12538610828950555,0.19471927958576585
Wamsley,TEAD4_(+),TEAD4 (+),proband,76,72,38680,59,32.6512,1.8069773654648735,1.375554892713466,2.3308691482204003,3.2367591021813816e-5,6.0842539301300765e-5
Wamsley,TEAD4_(+),TEAD4 (+),sibling,76,72,9567,9,8.0759,1.1144328411145512,0.5095896592397472,2.1155406722498618,0.7222373620311362,1
Wamsley,TEF_(+),TEF (+),asd_d_proband,157,145,13841,71,27.4003,2.5912171737804295,2.023762110865251,3.26846788061704,4.123624879873003e-12,1.0464050378538782e-11
Wamsley,TEF_(+),TEF (+),asd_da_proband,157,145,24839,73,49.1724,1.4845734382196156,1.163668591326764,1.8666282129004355,0.0012895817370969331,0.0030522804636948374
Wamsley,TEF_(+),TEF (+),proband,157,145,38680,138,76.5726,1.8022106604267223,1.5140778127765757,2.129216976302675,2.3581644798941714e-10,5.915844513074674e-10
Wamsley,TEF_(+),TEF (+),sibling,157,145,9567,14,18.9393,0.7392055093022655,0.40413053057548654,1.24026123890598,0.30050390579597475,1
Wamsley,TFCP2L1_(+),TFCP2L1 (+),asd_d_proband,21,21,13841,2,2.7819,0.7189365234466293,0.08706654833145717,2.597045917410599,1,1
Wamsley,TFCP2L1_(+),TFCP2L1 (+),asd_da_proband,21,21,24839,6,4.9924,1.2018358735486285,0.4410525839343137,2.6158907283232278,0.6487988647335803,0.7646074303593028
Wamsley,TFCP2L1_(+),TFCP2L1 (+),proband,21,21,38680,7,7.7742000000000004,0.9004085179314061,0.3620109234485589,1.855185678148035,1,1
Wamsley,TFCP2L1_(+),TFCP2L1 (+),sibling,21,21,9567,3,1.9229,1.5601756696495446,0.32174573121071676,4.55949537752855,0.44864292358165303,1
Wamsley,TFEC_(+),TFEC (+),asd_d_proband,13,10,13841,1,1.263,0.791780178357924,0.02004613852143271,4.41151679782435,1,1
Wamsley,TFEC_(+),TFEC (+),asd_da_proband,13,10,24839,3,2.2665,1.3236075665669342,0.27295970102954875,3.8681429910898175,0.4987384306767648,0.6272253340973256
Wamsley,TFEC_(+),TFEC (+),proband,13,10,38680,4,3.5295,1.133301907823374,0.3087866268003371,2.901702996244318,0.7851450781538165,0.8457475473549999
Wamsley,TFEC_(+),TFEC (+),sibling,13,10,9567,2,0.873,2.291006469876038,0.27745151210411545,8.275903094794606,0.21764656630799772,1
Wamsley,THAP1_(+),THAP1 (+),asd_d_proband,169,157,13841,44,25.359,1.735087525107114,1.2607172519309184,2.3292740164695256,6.65127808328207e-4,0.0011075521352430832
Wamsley,THAP1_(+),THAP1 (+),asd_da_proband,169,157,24839,67,45.5091,1.4722341068714402,1.1409612110351053,1.8696852739605205,0.0028963203190033237,0.006449596923382155
Wamsley,THAP1_(+),THAP1 (+),proband,169,157,38680,109,70.868,1.5380703919196113,1.2629158349846874,1.8553706672396404,2.3048852718811188e-5,4.3613169074898116e-5
Wamsley,THAP1_(+),THAP1 (+),sibling,169,157,9567,12,17.5283,0.6846074983610583,0.35374668446518026,1.195871525126249,0.2303395078081839,1
Wamsley,THRA_(+),THRA (+),asd_d_proband,17,15,13841,6,2.0085,2.9872685954858405,1.096274925672326,6.502026103505536,0.016873196793375553,0.024411352243922553
Wamsley,THRA_(+),THRA (+),asd_da_proband,17,15,24839,6,3.6045,1.6645913535214587,0.6108756892882429,3.6231145899037847,0.18370131081489985,0.2747003707417509
Wamsley,THRA_(+),THRA (+),proband,17,15,38680,11,5.613,1.959732122247995,0.9782912145535572,3.50650210053091,0.0322764555215289,0.048266626146873486
Wamsley,THRA_(+),THRA (+),sibling,17,15,9567,1,1.3883,0.7203021607281892,0.0182364717959854,4.013266773300224,1,1
Wamsley,TMEM33_(+),TMEM33 (+),asd_d_proband,3,3,13841,0,0.1587,0,0,23.250992459346598,NA,NA
Wamsley,TMEM33_(+),TMEM33 (+),asd_da_proband,3,3,24839,0,0.2847,0,0,12.956116857756603,NA,NA
Wamsley,TMEM33_(+),TMEM33 (+),proband,3,3,38680,0,0.4434,0,0,8.319984142446128,NA,NA
Wamsley,TMEM33_(+),TMEM33 (+),sibling,3,3,9567,0,0.1097,0,0,33.6382342040155,NA,NA
Wamsley,TP53_(+),TP53 (+),asd_d_proband,124,118,13841,45,18.5818,2.421727400276939,1.766424583560405,3.240461797537116,1.605412010742484e-7,3.2635565327867286e-7
Wamsley,TP53_(+),TP53 (+),asd_da_proband,124,118,24839,36,33.3468,1.079564521832058,0.756113718964383,1.4945723493326881,0.6032863999413249,0.7199897944331458
Wamsley,TP53_(+),TP53 (+),proband,124,118,38680,78,51.9286,1.5020636894658062,1.1873190148277302,1.8746434634434985,6.460014837614222e-4,0.0011167995348057313
Wamsley,TP53_(+),TP53 (+),sibling,124,118,9567,13,12.8439,1.0121567804002891,0.5389308574906283,1.7308189199651858,0.8888288066086684,1
Wamsley,TRAF4_(+),TRAF4 (+),asd_d_proband,15,14,13841,3,1.6887,1.7764705759680186,0.36635094083190195,5.191600879958015,0.23980785541466834,0.2897461506854019
Wamsley,TRAF4_(+),TRAF4 (+),asd_da_proband,15,14,24839,1,3.0306,0.3299667088311841,0.008354033775396006,1.838456832489127,0.3845288762129718,0.5071648379023892
Wamsley,TRAF4_(+),TRAF4 (+),proband,15,14,38680,4,4.7194,0.8475742585995638,0.23093545900616724,2.1701267321092446,1,1
Wamsley,TRAF4_(+),TRAF4 (+),sibling,15,14,9567,1,1.1673,0.8566993917275826,0.02168975070001687,4.77322350394036,1,1
Wamsley,TRIM28_(+),TRIM28 (+),asd_d_proband,156,145,13841,87,28.9757,3.0025129349392192,2.4048897763480004,3.703588612602358,2.8938643883851907e-18,8.905427979726802e-18
Wamsley,TRIM28_(+),TRIM28 (+),asd_da_proband,156,145,24839,70,51.9997,1.3461610969006201,1.0493986159271584,1.7007935614984808,0.015138662782308299,0.029468190140044946
Wamsley,TRIM28_(+),TRIM28 (+),proband,156,145,38680,143,80.9754,1.7659673712829713,1.488392806614587,2.0802840803453084,5.041375383899671e-10,1.2504802854412007e-9
Wamsley,TRIM28_(+),TRIM28 (+),sibling,156,145,9567,15,20.0282,0.7489426933188752,0.41917754011591135,1.235267076993938,0.3134106958223265,1
Wamsley,TRPS1_(+),TRPS1 (+),asd_d_proband,59,55,13841,33,12.2507,2.693724365648458,1.8542359071143653,3.7829905254101326,6.927865951431928e-7,1.373246026671738e-6
Wamsley,TRPS1_(+),TRPS1 (+),asd_da_proband,59,55,24839,28,21.985,1.273592835385127,0.8462931899118821,1.840696249184774,0.19915938960432106,0.29624631207283064
Wamsley,TRPS1_(+),TRPS1 (+),proband,59,55,38680,58,34.2357,1.694135767295398,1.2864283156330119,2.190063336014613,2.1098251769270144e-4,3.7850794447700056e-4
Wamsley,TRPS1_(+),TRPS1 (+),sibling,59,55,9567,6,8.4678,0.7085690193551756,0.2600323419866348,1.542256450238409,0.4927196259268628,1
Wamsley,TWIST1_(+),TWIST1 (+),asd_d_proband,11,10,13841,4,2.4766,1.6150893782460318,0.4400574971655051,4.13527027150234,0.32146770562055405,0.37538262480219836
Wamsley,TWIST1_(+),TWIST1 (+),asd_da_proband,11,10,24839,8,4.4446,1.7999478307744539,0.7770897167996844,3.5466147803717765,0.09383384201745343,0.1504806926671945
Wamsley,TWIST1_(+),TWIST1 (+),proband,11,10,38680,12,6.9212,1.7337992826502064,0.8958793896267754,3.028598426645041,0.08131726136704776,0.11398402361154975
Wamsley,TWIST1_(+),TWIST1 (+),sibling,11,10,9567,2,1.7119,1.168310446550817,0.1414878151872254,4.220339037634378,0.6909602051302767,1
Wamsley,UQCRB_(+),UQCRB (+),asd_d_proband,225,207,13841,72,27.8492,2.5853486498590117,2.02287609300239,3.255818750899434,3.0494563823392744e-12,7.791500940197138e-12
Wamsley,UQCRB_(+),UQCRB (+),asd_da_proband,225,207,24839,80,49.9781,1.6007000936116849,1.2692556225132223,1.9922098264500798,9.083212413327258e-5,2.602778379351897e-4
Wamsley,UQCRB_(+),UQCRB (+),proband,225,207,38680,148,77.8274,1.9016445399859925,1.6076196713848403,2.2338802858694313,1.2650875851299014e-12,3.5292541189076222e-12
Wamsley,UQCRB_(+),UQCRB (+),sibling,225,207,9567,19,19.2496,0.9870335565997599,0.5942586784877513,1.541375164637517,1,1
Wamsley,USF1_(+),USF1 (+),asd_d_proband,22,21,13841,6,2.4642,2.434881689503744,0.8935586666747314,5.299712361996759,0.03967132806067172,0.05558976032652616
Wamsley,USF1_(+),USF1 (+),asd_da_proband,22,21,24839,4,4.4222,0.9045237318845719,0.24645227375106418,2.3159400022757306,1,1
Wamsley,USF1_(+),USF1 (+),proband,22,21,38680,10,6.8864,1.4521370848164996,0.6963561761763747,2.6705318011593198,0.24605690999633323,0.316517400570255
Wamsley,USF1_(+),USF1 (+),sibling,22,21,9567,2,1.7033,1.1742168378948932,0.1422031065803489,4.241674953986528,0.6898555566865288,1
Wamsley,USF2_(+),USF2 (+),asd_d_proband,74,68,13841,23,11.2778,2.03940024988357,1.2928048166373098,3.060101711022938,0.0015840857186224591,0.0025537937634521266
Wamsley,USF2_(+),USF2 (+),asd_da_proband,74,68,24839,28,20.2391,1.383458145311244,0.9192978904839569,1.9994822114467035,0.09380720192010877,0.1504806926671945
Wamsley,USF2_(+),USF2 (+),proband,74,68,38680,50,31.517,1.5864472628612976,1.1774917368688247,2.091532938916594,0.0022948293347827627,0.003861947302340903
Wamsley,USF2_(+),USF2 (+),sibling,74,68,9567,2,7.7953,0.25656435717560355,0.031071133925799528,0.9267986736320539,0.03017882373147579,1
Wamsley,VSX1_(+),VSX1 (+),asd_d_proband,52,42,13841,9,7.2116,1.247990350456781,0.5706606571175104,2.369074427424648,0.453432042933241,0.5143821749772204
Wamsley,VSX1_(+),VSX1 (+),asd_da_proband,52,42,24839,20,12.9419,1.5453685683063199,0.9439512690690903,2.3866964168380402,0.0678926814186642,0.11141110075824401
Wamsley,VSX1_(+),VSX1 (+),proband,52,42,38680,27,20.1535,1.339718286505091,0.8828827926082023,1.949219768933853,0.14534890672952963,0.19488026154922833
Wamsley,VSX1_(+),VSX1 (+),sibling,52,42,9567,7,4.9847,1.4042953333183066,0.5645995570732596,2.8933851006290814,0.36152974092219414,1
Wamsley,XBP1_(+),XBP1 (+),asd_d_proband,120,111,13841,56,18.6581,3.001371859397435,2.267204047629569,3.8975310096576825,2.4217333928135134e-12,6.230510391672642e-12
Wamsley,XBP1_(+),XBP1 (+),asd_da_proband,120,111,24839,42,33.4838,1.2543375711357108,0.9040161913091193,1.6955000044956496,0.14120011285906586,0.21600938674510212
Wamsley,XBP1_(+),XBP1 (+),proband,120,111,38680,93,52.1419,1.7835928844966715,1.4395896510337833,2.1850217819952653,3.3831490624258957e-7,7.215276785472798e-7
Wamsley,XBP1_(+),XBP1 (+),sibling,120,111,9567,10,12.8966,0.7753958530424505,0.37183245087077327,1.425980581095476,0.575023436255231,1
Wamsley,YBX1_(+),YBX1 (+),asd_d_proband,4,4,13841,21,0.9653,21.755128575264507,13.46676747385701,33.25502497612565,3.712729125426539e-21,1.2533273471894438e-20
Wamsley,YBX1_(+),YBX1 (+),asd_da_proband,4,4,24839,13,1.7323,7.504453537798793,3.995805450737588,12.832844099591942,4.095562680081068e-8,1.856984042494589e-7
Wamsley,YBX1_(+),YBX1 (+),proband,4,4,38680,30,2.6976,11.121019892533464,7.503305421149527,15.875947399683634,2.3632259263073687e-21,8.92861186065135e-21
Wamsley,YBX1_(+),YBX1 (+),sibling,4,4,9567,1,0.6672,1.4987667657684205,0.037945489188960034,8.35059394505249,0.486864441314188,1
Wamsley,YY1_(+),YY1 (+),asd_d_proband,1088,1036,13841,605,197.461,3.0638962327438817,2.8245846138100044,3.3180660369764094,1.5037796439566745e-119,3.1022417099402506e-118
Wamsley,YY1_(+),YY1 (+),asd_da_proband,1088,1036,24839,509,354.3627,1.4363815612891289,1.3142914852548884,1.566761058709557,1.148393908638484e-14,1.0208950573644475e-13
Wamsley,YY1_(+),YY1 (+),proband,1088,1036,38680,1061,551.8237,1.9227156670374403,1.808748952108958,2.041981644846487,2.5008280948910396e-82,3.7057725406112677e-81
Wamsley,YY1_(+),YY1 (+),sibling,1088,1036,9567,117,136.4865,0.8572277755087423,0.7089507260599683,1.0273649900346142,0.10358102034665766,1
Wamsley,ZBTB14_(+),ZBTB14 (+),asd_d_proband,21,19,13841,18,3.2572,5.526184282533735,3.275167037091364,8.733753647983379,1.2333771284363659e-8,2.6372017679042446e-8
Wamsley,ZBTB14_(+),ZBTB14 (+),asd_da_proband,21,19,24839,15,5.8454,2.5661230542879285,1.4362395936656291,4.232429734283274,0.0010895199915250792,0.0026339787375413586
Wamsley,ZBTB14_(+),ZBTB14 (+),proband,21,19,38680,31,9.1026,3.4056150412085375,2.313950190950981,4.8339987063711485,1.021664690250071e-8,2.3741739543285766e-8
Wamsley,ZBTB14_(+),ZBTB14 (+),sibling,21,19,9567,1,2.2514,0.4441652245249842,0.01124528986782255,2.47473023770952,0.7332502438864876,1
Wamsley,ZBTB7A_(+),ZBTB7A (+),asd_d_proband,460,435,13841,288,100.7143,2.8595751139232832,2.538819654359175,3.2096367171668474,3.0135042369375792e-52,2.0981523249677897e-51
Wamsley,ZBTB7A_(+),ZBTB7A (+),asd_da_proband,460,435,24839,281,180.7414,1.5547075306165064,1.3782243134417003,1.7475248509101133,4.897360221690957e-12,3.3307949941500545e-11
Wamsley,ZBTB7A_(+),ZBTB7A (+),proband,460,435,38680,546,281.4557,1.939914847689863,1.7805881710859734,2.1096729487860033,3.2495821165235363e-44,2.361638977677296e-43
Wamsley,ZBTB7A_(+),ZBTB7A (+),sibling,460,435,9567,69,69.6144,0.9911737836787915,0.7711923661016823,1.254393859732976,1,1
Wamsley,ZBTB7B_(+),ZBTB7B (+),asd_d_proband,11,8,13841,1,1.5035,0.6651216129187416,0.016839421282077875,3.705820438789327,1,1
Wamsley,ZBTB7B_(+),ZBTB7B (+),asd_da_proband,11,8,24839,5,2.6981,1.8531237659342772,0.6017042426398584,4.324572697001231,0.20414665044340347,0.302866712681475
Wamsley,ZBTB7B_(+),ZBTB7B (+),proband,11,8,38680,6,4.2016,1.4280167907562,0.5240569942424206,3.1081913637668492,0.32499788832382337,0.4056123979135126
Wamsley,ZBTB7B_(+),ZBTB7B (+),sibling,11,8,9567,0,1.0392,0,0,3.549663774896419,NA,NA
Wamsley,ZEB1_(+),ZEB1 (+),asd_d_proband,2057,1940,13841,1434,470.613,3.0470893888412096,2.891401719135879,3.2089819158268793,4.9820757696959645e-278,4.269255698031773e-276
Wamsley,ZEB1_(+),ZEB1 (+),asd_da_proband,2057,1940,24839,1360,844.5602,1.6103056361937012,1.5258496816577083,1.6982199305550967,1.3244716298288175e-59,8.796049823980794e-58
Wamsley,ZEB1_(+),ZEB1 (+),proband,2057,1940,38680,2652,1315.1732,2.016464434073421,1.940441807542412,2.094702193193753,1.338199090062392e-229,1.0906322584008493e-227
Wamsley,ZEB1_(+),ZEB1 (+),sibling,2057,1940,9567,338,325.2912,1.0390691203928937,0.9312358789688743,1.1559624958067163,0.4710140341645763,1
Wamsley,ZFHX2_(+),ZFHX2 (+),asd_d_proband,13,13,13841,1,2.3089,0.4330985047062022,0.010965104780434692,2.413070421371831,0.7351285238649772,0.7920050054019193
Wamsley,ZFHX2_(+),ZFHX2 (+),asd_da_proband,13,13,24839,2,4.1436,0.4826697051925234,0.05845354053485465,1.7435689333441913,0.45550561832554937,0.5843930035108469
Wamsley,ZFHX2_(+),ZFHX2 (+),proband,13,13,38680,3,6.4526,0.46493146874135555,0.09588004625572812,1.3587270483906104,0.2337384607632363,0.3030631633305143
Wamsley,ZFHX2_(+),ZFHX2 (+),sibling,13,13,9567,1,1.596,0.6265826699737164,0.015863699724678222,3.491095192035906,1,1
Wamsley,ZFHX3_(+),ZFHX3 (+),asd_d_proband,19,18,13841,12,5.3594,2.239041476876596,1.1569454040764706,3.9111548619953744,0.013823538520362217,0.02033097261710161
Wamsley,ZFHX3_(+),ZFHX3 (+),asd_da_proband,19,18,24839,23,9.618,2.391344192846351,1.5159070863730255,3.5881904283338484,2.3908971453956144e-4,6.520103567999152e-4
Wamsley,ZFHX3_(+),ZFHX3 (+),proband,19,18,38680,34,14.9775,2.270078172977561,1.5720951262647263,3.172206711139229,2.1847944279116958e-5,4.154750737078741e-5
Wamsley,ZFHX3_(+),ZFHX3 (+),sibling,19,18,9567,3,3.7045,0.8098299644990321,0.16700640777369524,2.3666668129409154,1,1
Wamsley,ZFP64_(+),ZFP64 (+),asd_d_proband,62,61,13841,24,11.4103,2.1033631678579985,1.3476644698911153,3.129637666638126,8.9900762462518e-4,0.001479312398570828
Wamsley,ZFP64_(+),ZFP64 (+),asd_da_proband,62,61,24839,23,20.4769,1.1232184282536513,0.7120241327150029,1.6853791374928593,0.5790047217767174,0.6969044039295457
Wamsley,ZFP64_(+),ZFP64 (+),proband,62,61,38680,45,31.8872,1.4112259051668767,1.0293578590055126,1.8883312931360685,0.026228150155154766,0.03969007868306577
Wamsley,ZFP64_(+),ZFP64 (+),sibling,62,61,9567,5,7.8869,0.6339641825703494,0.20584644444510233,1.4794609217254358,0.37486611282806576,1
Wamsley,ZFX_(+),ZFX (+),asd_d_proband,37,32,13841,42,6.364,6.599658643918331,4.756453452808083,8.920821250934715,8.209602543226126e-21,2.7137973985619896e-20
Wamsley,ZFX_(+),ZFX (+),asd_da_proband,37,32,24839,31,11.4207,2.7143586928435144,1.8442750397842471,3.85281549766017,1.2633342365909884e-6,4.738552668143607e-6
Wamsley,ZFX_(+),ZFX (+),proband,37,32,38680,66,17.7847,3.71105269683561,2.8701278868860816,4.72136893790378,1.5016715184004864e-18,5.20792462764424e-18
Wamsley,ZFX_(+),ZFX (+),sibling,37,32,9567,1,4.3988,0.22733372976171468,0.005755591718459537,1.2666224729643472,0.14484903370601987,1
Wamsley,ZIC1_(+),ZIC1 (+),asd_d_proband,5,5,13841,2,0.7573,2.6408705470235216,0.31982167496128655,9.53973243656813,0.1759570908625189,0.21925749353562196
Wamsley,ZIC1_(+),ZIC1 (+),asd_da_proband,5,5,24839,1,1.3591,0.7357842353023988,0.018628443987253693,4.099527371779642,1,1
Wamsley,ZIC1_(+),ZIC1 (+),proband,5,5,38680,2,2.1164,0.9449919659088047,0.11444291114630732,3.4136359010997803,1,1
Wamsley,ZIC1_(+),ZIC1 (+),sibling,5,5,9567,1,0.5235,1.9103318303205061,0.0483654144663316,10.643687716905458,0.40753842799906476,1
Wamsley,ZIC2_(+),ZIC2 (+),asd_d_proband,24,23,13841,4,3.0416,1.3150872473575217,0.3583170135481301,3.367145664926154,0.5551096034414751,0.6165424708213392
Wamsley,ZIC2_(+),ZIC2 (+),asd_da_proband,24,23,24839,9,5.4585,1.6488093654744465,0.7539406339309972,3.129953770887786,0.12966632098353134,0.20081382220906294
Wamsley,ZIC2_(+),ZIC2 (+),proband,24,23,38680,12,8.5001,1.4117468400213642,0.7294701930044762,2.4660376211335744,0.22570634985369997,0.29331542731557136
Wamsley,ZIC2_(+),ZIC2 (+),sibling,24,23,9567,1,2.1024,0.47564865137126205,0.01204238122340405,2.6501446648216924,0.7300146823551464,1
Wamsley,ZKSCAN4_(+),ZKSCAN4 (+),asd_d_proband,25,24,13841,26,5.8855,4.417606537362349,2.885727257392069,6.472817116812562,9.086506167516292e-10,2.0827917429245164e-9
Wamsley,ZKSCAN4_(+),ZKSCAN4 (+),asd_da_proband,25,24,24839,15,10.5622,1.4201633616714475,0.7948546528575603,2.3423434934011147,0.16462929942250737,0.24848459765776845
Wamsley,ZKSCAN4_(+),ZKSCAN4 (+),proband,25,24,38680,40,16.4477,2.4319502061742218,1.7374208822216035,3.311625930352299,7.143553301039082e-7,1.4955585901808426e-6
Wamsley,ZKSCAN4_(+),ZKSCAN4 (+),sibling,25,24,9567,3,4.0681,0.7374399025934376,0.1520778366818025,2.1551123328536157,0.8047452301507945,1
Wamsley,ZKSCAN5_(+),ZKSCAN5 (+),asd_d_proband,5,4,13841,0,0.796,0,0,4.634378187305283,NA,NA
Wamsley,ZKSCAN5_(+),ZKSCAN5 (+),asd_da_proband,5,4,24839,3,1.4285,2.100156330618714,0.4331027251588387,6.137548013227435,0.17342246225612667,0.2607109985181984
Wamsley,ZKSCAN5_(+),ZKSCAN5 (+),proband,5,4,38680,3,2.2244,1.3486500283412162,0.2781240586923577,3.9413276913277215,0.49196114694911464,0.577497601511255
Wamsley,ZKSCAN5_(+),ZKSCAN5 (+),sibling,5,4,9567,0,0.5502,0,0,6.704758909845554,NA,NA
Wamsley,ZMAT4_(+),ZMAT4 (+),asd_d_proband,125,111,13841,92,31.2613,2.9429320589631773,2.37241860131684,3.609244921174935,1.1119334603439069e-18,3.4600387564891406e-18
Wamsley,ZMAT4_(+),ZMAT4 (+),asd_da_proband,125,111,24839,91,56.1015,1.6220609241593906,1.3059822733421942,1.9915313753743202,1.7259769384733002e-5,5.5834612135712203e-5
Wamsley,ZMAT4_(+),ZMAT4 (+),proband,125,111,38680,177,87.3628,2.0260337623014233,1.7385436160784333,2.3474872104770226,4.351879674186175e-17,1.4227778533657379e-16
Wamsley,ZMAT4_(+),ZMAT4 (+),sibling,125,111,9567,20,21.6081,0.9255802924934292,0.5653684885554944,1.4294836926902563,0.8295997383714019,1
Wamsley,ZNF124_(+),ZNF124 (+),asd_d_proband,11,10,13841,4,1.5997,2.500408547899671,0.6812771740687829,6.4020389670129685,0.07877745925583401,0.10472325729236168
Wamsley,ZNF124_(+),ZNF124 (+),asd_da_proband,11,10,24839,2,2.8709,0.6966495171198387,0.08436748846979883,2.5165375875307747,1,1
Wamsley,ZNF124_(+),ZNF124 (+),proband,11,10,38680,6,4.4706,1.3420949345196231,0.49252518732632294,2.921175655518822,0.4689689420860067,0.5528933461437024
Wamsley,ZNF124_(+),ZNF124 (+),sibling,11,10,9567,0,1.1058,0,0,3.3360852634047395,NA,NA
Wamsley,ZNF143_(+),ZNF143 (+),asd_d_proband,198,192,13841,45,30.4763,1.4765560573946503,1.0770101203333922,1.9757481768436136,0.01392314840490598,0.02040840437245429
Wamsley,ZNF143_(+),ZNF143 (+),asd_da_proband,198,192,24839,72,54.6927,1.316446709796649,1.030038473574742,1.6578467598749331,0.025259573332680807,0.04677786673709358
Wamsley,ZNF143_(+),ZNF143 (+),proband,198,192,38680,110,85.169,1.2915496742180448,1.0614967573689782,1.5566666280036896,0.009196580268054118,0.014594294973365436
Wamsley,ZNF143_(+),ZNF143 (+),sibling,198,192,9567,23,21.0655,1.0918348605256152,0.6921296428891902,1.6382883767125511,0.6617824914958363,1
Wamsley,ZNF160_(+),ZNF160 (+),asd_d_proband,25,22,13841,5,2.7239,1.8356104713023893,0.5960177235436577,4.283702509487654,0.20628663626027866,0.25392631247950326
Wamsley,ZNF160_(+),ZNF160 (+),asd_da_proband,25,22,24839,4,4.8883,0.8182836517829661,0.222954754470689,2.095131145342102,1,1
Wamsley,ZNF160_(+),ZNF160 (+),proband,25,22,38680,9,7.6122,1.1823172740417132,0.5406307446841057,2.2444064715800405,0.5828868201642983,0.6639712725570395
Wamsley,ZNF160_(+),ZNF160 (+),sibling,25,22,9567,1,1.8828,0.5311316929715976,0.013447090217025713,2.9592763868633902,1,1
Wamsley,ZNF175_(+),ZNF175 (+),asd_d_proband,11,9,13841,1,1.0407,0.9608835200072076,0.02432746445481104,5.353700313710263,1,1
Wamsley,ZNF175_(+),ZNF175 (+),asd_da_proband,11,9,24839,4,1.8677,2.1417269294930974,0.5835485050543889,5.48367156672591,0.11981908606378859,0.18736253208589657
Wamsley,ZNF175_(+),ZNF175 (+),proband,11,9,38680,5,2.9084,1.7191815926085523,0.5582135835484191,4.01199634544308,0.22414588006951935,0.2916196683686677
Wamsley,ZNF175_(+),ZNF175 (+),sibling,11,9,9567,1,0.7193,1.3901524825357752,0.035195613621724645,7.745433891717755,0.5129290840166661,1
Wamsley,ZNF197_(+),ZNF197 (+),asd_d_proband,3,3,13841,1,0.2512,3.9809708800524795,0.10078945633221816,22.18055009336461,0.2221293318782844,0.27014418745896157
Wamsley,ZNF197_(+),ZNF197 (+),asd_da_proband,3,3,24839,0,0.4508,0,0,8.183080537369102,NA,NA
Wamsley,ZNF197_(+),ZNF197 (+),proband,3,3,38680,1,0.702,1.4245247660498028,0.036065844495714365,7.9369439979901655,0.5044011736551988,0.5896739130538748
Wamsley,ZNF197_(+),ZNF197 (+),sibling,3,3,9567,0,0.1736,0,0,21.245901271841863,NA,NA
Wamsley,ZNF200_(+),ZNF200 (+),asd_d_proband,14,12,13841,1,1.1762,0.8501637694010924,0.021524283068896952,4.736809346999299,1,1
Wamsley,ZNF200_(+),ZNF200 (+),asd_da_proband,14,12,24839,3,2.1109,1.421206578237512,0.29308696361046505,4.153368719974125,0.47443732558127094,0.6013652457211303
Wamsley,ZNF200_(+),ZNF200 (+),proband,14,12,38680,4,3.2871,1.2168683280538282,0.3315556637521067,3.1156662220133797,0.5769877992171264,0.6583430789067413
Wamsley,ZNF200_(+),ZNF200 (+),sibling,14,12,9567,1,0.813,1.229969345905772,0.031140127726204947,6.852950577173334,0.5564871006880993,1
Wamsley,ZNF233_(+),ZNF233 (+),asd_d_proband,8,7,13841,2,1.0781,1.8551360061955815,0.2246655768307821,6.7013891129559475,0.292940032554954,0.347165102410871
Wamsley,ZNF233_(+),ZNF233 (+),asd_da_proband,8,7,24839,1,1.9347,0.516867375130904,0.013085948956908152,2.879800694640038,1,1
Wamsley,ZNF233_(+),ZNF233 (+),proband,8,7,38680,3,3.0128,0.9957447309366486,0.20534650218356193,2.9099886546262317,1,1
Wamsley,ZNF233_(+),ZNF233 (+),sibling,8,7,9567,1,0.7452,1.3419534578108627,0.03397531996870927,7.4768861141594956,0.5253522489028826,1
Wamsley,ZNF250_(+),ZNF250 (+),asd_d_proband,13,13,13841,1,2.4737,0.4042554645210471,0.010234862227343778,2.2523672871496268,0.5295541923200846,0.5928878092910295
Wamsley,ZNF250_(+),ZNF250 (+),asd_da_proband,13,13,24839,3,4.4393,0.6757880612467264,0.1393637448263383,1.9749394900739334,0.80897733758336,0.8910589406162083
Wamsley,ZNF250_(+),ZNF250 (+),proband,13,13,38680,4,6.9129,0.5786246002518938,0.15765572903572825,1.4815087883124467,0.341869648767594,0.42445404705530443
Wamsley,ZNF250_(+),ZNF250 (+),sibling,13,13,9567,2,1.7098,1.169708348371655,0.14165710758297564,4.225388739657228,0.690697398642677,1
Wamsley,ZNF274_(+),ZNF274 (+),asd_d_proband,77,72,13841,32,14.5972,2.1922063917289734,1.4994675491128242,3.0947413309799923,6.252899906234894e-5,1.0986956617579925e-4
Wamsley,ZNF274_(+),ZNF274 (+),asd_da_proband,77,72,24839,32,26.196,1.221559993072214,0.8355461309742985,1.72447823028681,0.24085748945587482,0.345964510935983
Wamsley,ZNF274_(+),ZNF274 (+),proband,77,72,38680,60,40.7932,1.4708341843937784,1.1224014338482615,1.893255149132458,0.004633883981605384,0.007499661876612401
Wamsley,ZNF274_(+),ZNF274 (+),sibling,77,72,9567,8,10.0897,0.7928903697063009,0.34231378394070466,1.5623101160686819,0.6362809268490138,1
Wamsley,ZNF281_(+),ZNF281 (+),asd_d_proband,197,183,13841,76,36.3903,2.088467039119242,1.6454744877850582,2.614027927357383,9.981353655662276e-9,2.142433135338685e-8
Wamsley,ZNF281_(+),ZNF281 (+),asd_da_proband,197,183,24839,108,65.3059,1.6537549223062515,1.3566072166539753,1.9966443192169878,1.2040018809392402e-6,4.546214460135124e-6
Wamsley,ZNF281_(+),ZNF281 (+),proband,197,183,38680,180,101.6963,1.769976668181876,1.5208416417329162,2.04828216409532,2.6220396059395164e-12,7.24393992827358e-12
Wamsley,ZNF281_(+),ZNF281 (+),sibling,197,183,9567,34,25.1533,1.3517134802848616,0.9361008795899151,1.8888841030847558,0.08862792342896855,1
Wamsley,ZNF287_(+),ZNF287 (+),asd_d_proband,9,9,13841,3,1.6239,1.8473980848526572,0.3809778983296872,5.398881159474081,0.2228374014398241,0.27070977666735446
Wamsley,ZNF287_(+),ZNF287 (+),asd_da_proband,9,9,24839,5,2.9143,1.7157049325956244,0.5570847215056076,4.0038829807315315,0.22478496896326206,0.32704690894741717
Wamsley,ZNF287_(+),ZNF287 (+),proband,9,9,38680,8,4.5382,1.7628291549428217,0.7610645071814859,3.473476191529647,0.10045575935551668,0.13893335930259942
Wamsley,ZNF287_(+),ZNF287 (+),sibling,9,9,9567,1,1.1225,0.8909040414078125,0.022555737452790835,4.963799614270593,1,1
Wamsley,ZNF300_(+),ZNF300 (+),asd_d_proband,3,3,13841,1,0.3676,2.7205974236260873,0.06887956317391901,15.158198654751684,0.3075826001111881,0.3622061485453103
Wamsley,ZNF300_(+),ZNF300 (+),asd_da_proband,3,3,24839,2,0.6596,3.031989125198975,0.3671879492837955,10.952587220749095,0.14190159555976956,0.21678877048305797
Wamsley,ZNF300_(+),ZNF300 (+),proband,3,3,38680,3,1.0272,2.9205627409830925,0.6022902503379354,8.535123689171298,0.08537184703238843,0.1193268435571478
Wamsley,ZNF300_(+),ZNF300 (+),sibling,3,3,9567,0,0.2541,0,0,14.519459198361483,NA,NA
Wamsley,ZNF316_(+),ZNF316 (+),asd_d_proband,5,5,13841,1,0.788,1.269088926386098,0.032130549753231825,7.070910929212847,0.5452315301833668,0.6073879246242706
Wamsley,ZNF316_(+),ZNF316 (+),asd_da_proband,5,5,24839,1,1.4141,0.7071725846495425,0.017904059709911095,3.9401134575158023,1,1
Wamsley,ZNF316_(+),ZNF316 (+),proband,5,5,38680,2,2.202,0.9082450791163383,0.10999269267693731,3.2808935111813904,1,1
Wamsley,ZNF316_(+),ZNF316 (+),sibling,5,5,9567,0,0.5446,0,0,6.77295535375315,NA,NA
Wamsley,ZNF329_(+),ZNF329 (+),asd_d_proband,12,12,13841,2,2.1957,0.9108576949950845,0.11030909258048911,3.290331178041229,1,1
Wamsley,ZNF329_(+),ZNF329 (+),asd_da_proband,12,12,24839,4,3.9405,1.0151118286909266,0.2765838081121847,2.599089452247333,0.8017696001740883,0.8865797047958331
Wamsley,ZNF329_(+),ZNF329 (+),proband,12,12,38680,6,6.1362,0.97780620654811,0.35883764453766187,2.128272458912097,1,1
Wamsley,ZNF329_(+),ZNF329 (+),sibling,12,12,9567,1,1.5177,0.6588889597798142,0.01668162416667383,3.6710943181198075,1,1
Wamsley,ZNF335_(+),ZNF335 (+),asd_d_proband,16,15,13841,3,1.5444,1.9424631216798318,0.40058259437869276,5.676701538557065,0.20238601898373612,0.24967666129333557
Wamsley,ZNF335_(+),ZNF335 (+),asd_da_proband,16,15,24839,2,2.7716,0.7215972749082908,0.0873887776774141,2.606657466546572,1,1
Wamsley,ZNF335_(+),ZNF335 (+),proband,16,15,38680,5,4.3161,1.1584639808329262,0.3761501012649325,2.7034684860585347,0.6280130069952408,0.7038927711017384
Wamsley,ZNF335_(+),ZNF335 (+),sibling,16,15,9567,1,1.0675,0.9367489657911067,0.023716430445381364,5.219231184218868,1,1
Wamsley,ZNF354C_(+),ZNF354C (+),asd_d_proband,6,6,13841,6,1.0298,5.826104646212344,2.1380777234552175,12.680977046614252,6.913006638587041e-4,0.0011477033376134074
Wamsley,ZNF354C_(+),ZNF354C (+),asd_da_proband,6,6,24839,0,1.8482,0,0,1.995973887424644,NA,NA
Wamsley,ZNF354C_(+),ZNF354C (+),proband,6,6,38680,6,2.878,2.0847754500575246,0.7650758472167443,4.537678472135157,0.07212193505127003,0.10159398505370258
Wamsley,ZNF354C_(+),ZNF354C (+),sibling,6,6,9567,0,0.7118,0,0,5.182188292018473,NA,NA
Wamsley,ZNF35_(+),ZNF35 (+),asd_d_proband,3,3,13841,0,0.2415,0,0,15.27362794624293,NA,NA
Wamsley,ZNF35_(+),ZNF35 (+),asd_da_proband,3,3,24839,3,0.4334,6.921534049742405,1.4273867214161076,20.227659691870368,0.009839995697129237,0.01994498230172156
Wamsley,ZNF35_(+),ZNF35 (+),proband,3,3,38680,3,0.67490000000000006,4.444777255986339,0.9166199269197179,12.989525312470736,0.03116493622957607,0.046665606611478075
Wamsley,ZNF35_(+),ZNF35 (+),sibling,3,3,9567,0,0.1669,0,0,22.09702983212589,NA,NA
Wamsley,ZNF382_(+),ZNF382 (+),asd_d_proband,9,8,13841,4,1.5377,2.6012249087286525,0.7087462392594139,6.660168891853346,0.07046784406110942,0.0945797328723806
Wamsley,ZNF382_(+),ZNF382 (+),asd_da_proband,9,8,24839,3,2.7596,1.0871075917422182,0.22418772053302763,3.1769897043313273,0.7589088562003766,0.8525453717912689
Wamsley,ZNF382_(+),ZNF382 (+),proband,9,8,38680,7,4.2974,1.628909499301919,0.6549061013007209,3.3561761288606777,0.215962840966322,0.28226071196171065
Wamsley,ZNF382_(+),ZNF382 (+),sibling,9,8,9567,0,1.0629,0,0,3.470596072030064,NA,NA
Wamsley,ZNF426_(+),ZNF426 (+),asd_d_proband,7,5,13841,0,0.5239,0,0,7.041715895340902,NA,NA
Wamsley,ZNF426_(+),ZNF426 (+),asd_da_proband,7,5,24839,2,0.9401,2.1273913663367066,0.25763696401053665,7.684869084397612,0.24222551501525452,0.34660659879876093
Wamsley,ZNF426_(+),ZNF426 (+),proband,7,5,38680,2,1.464,1.3661394557507098,0.1654458259839121,4.934965439176636,0.661361140542931,0.7376471763044812
Wamsley,ZNF426_(+),ZNF426 (+),sibling,7,5,9567,0,0.3621,0,0,10.187560333167495,NA,NA
Wamsley,ZNF432_(+),ZNF432 (+),asd_d_proband,11,11,13841,1,2.1591,0.4631519524945205,0.011725992200805217,2.5805175151165423,0.730952037384579,0.789031559734904
Wamsley,ZNF432_(+),ZNF432 (+),asd_da_proband,11,11,24839,5,3.8747,1.2904074589308465,0.4189917894563048,3.0113805496880084,0.4479065567575966,0.5752975000902464
Wamsley,ZNF432_(+),ZNF432 (+),proband,11,11,38680,6,6.0339,0.9943877209632873,0.36492276808848767,2.164363435038602,1,1
Wamsley,ZNF432_(+),ZNF432 (+),sibling,11,11,9567,2,1.4924,1.3401246314365338,0.16229531006961984,4.84099094897632,0.6644599465173041,1
Wamsley,ZNF454_(+),ZNF454 (+),asd_d_proband,5,5,13841,0,0.7393,0,0,4.989886669597096,NA,NA
Wamsley,ZNF454_(+),ZNF454 (+),asd_da_proband,5,5,24839,1,1.3267,0.7537539129435136,0.019083396835311024,4.199648007446061,1,1
Wamsley,ZNF454_(+),ZNF454 (+),proband,5,5,38680,1,2.066,0.48403550784911925,0.012254718045302235,2.696873238287299,0.7296174021040506,0.8027902177441868
Wamsley,ZNF454_(+),ZNF454 (+),sibling,5,5,9567,0,0.511,0,0,7.219088679198642,NA,NA
Wamsley,ZNF467_(+),ZNF467 (+),asd_d_proband,71,64,13841,74,11.1924,6.6116078196304615,5.191534191908999,8.30026816419672,2.0420867896382518e-35,1.0387601295237499e-34
Wamsley,ZNF467_(+),ZNF467 (+),asd_da_proband,71,64,24839,48,20.0859,2.3897362059839695,1.7620028297027257,3.168443507307611,1.2836726120821848e-7,5.574101457849179e-7
Wamsley,ZNF467_(+),ZNF467 (+),proband,71,64,38680,117,31.2783,3.7406082717117974,3.093584955949619,4.483020837151344,7.834283973919056e-32,4.276994265187389e-31
Wamsley,ZNF467_(+),ZNF467 (+),sibling,71,64,9567,8,7.7363,1.0340869241565769,0.44644533652585905,2.037563481950977,0.8562954735576401,1
Wamsley,ZNF555_(+),ZNF555 (+),asd_d_proband,21,19,13841,5,3.0167,1.6574154284363192,0.538158278167731,3.867854722477565,0.23651859553582524,0.28608221001835976
Wamsley,ZNF555_(+),ZNF555 (+),asd_da_proband,21,19,24839,7,5.4138,1.2929828786578337,0.5198461771346289,2.6640389010173364,0.5121384890778302,0.6388998348929152
Wamsley,ZNF555_(+),ZNF555 (+),proband,21,19,38680,11,8.4306,1.3047733009041265,0.6513381307412295,2.3345998508657395,0.38391763437835635,0.4697257628231628
Wamsley,ZNF555_(+),ZNF555 (+),sibling,21,19,9567,1,2.0852,0.47957117058612087,0.012141690811700533,2.6719995430809917,0.729806653729743,1
Wamsley,ZNF568_(+),ZNF568 (+),asd_d_proband,18,14,13841,2,2.0418,0.97954113687467,0.11862697603327449,3.5384393858033674,1,1
Wamsley,ZNF568_(+),ZNF568 (+),asd_da_proband,18,14,24839,1,3.6642,0.2729141446008758,0.006909587909201696,1.5205802900592127,0.2843459048185129,0.3919737808792443
Wamsley,ZNF568_(+),ZNF568 (+),proband,18,14,38680,3,5.7059,0.5257689584597586,0.10842619922763604,1.5365200101369039,0.3960580255438364,0.48074702887820986
Wamsley,ZNF568_(+),ZNF568 (+),sibling,18,14,9567,1,1.4113,0.7085726390447532,0.017939506018256602,3.9479140613338335,1,1
Wamsley,ZNF579_(+),ZNF579 (+),asd_d_proband,11,11,13841,4,2.787,1.4352184943198438,0.391048735136827,3.6747293695390146,0.36678256233172124,0.42166746587981163
Wamsley,ZNF579_(+),ZNF579 (+),asd_da_proband,11,11,24839,8,5.0016,1.5994894464254565,0.6905460145542363,3.151631849963341,0.1739123679955445,0.2610998184401193
Wamsley,ZNF579_(+),ZNF579 (+),proband,11,11,38680,11,7.7886,1.412315479438279,0.7050227987933247,2.527022514476066,0.2760919403721695,0.3500232266273837
Wamsley,ZNF579_(+),ZNF579 (+),sibling,11,11,9567,4,1.9264,2.0763937681489453,0.5657474174797558,5.316392725388263,0.12984887180205482,1
Wamsley,ZNF597_(+),ZNF597 (+),asd_d_proband,28,26,13841,11,5.2688,2.087777844426843,1.042211177719258,3.7356112673843325,0.024408472933481883,0.03463826604827874
Wamsley,ZNF597_(+),ZNF597 (+),asd_da_proband,28,26,24839,12,9.4553,1.2691302816924381,0.6557781361989788,2.2169151947427346,0.41165290695282764,0.5363981190434051
Wamsley,ZNF597_(+),ZNF597 (+),proband,28,26,38680,22,14.7241,1.4941537303367078,0.9363781879431488,2.2621667038665683,0.06639686494241688,0.09434473586462971
Wamsley,ZNF597_(+),ZNF597 (+),sibling,28,26,9567,1,3.6418,0.2745891002661795,0.006951994115118053,1.5299125457219178,0.2833220849953382,1
Wamsley,ZNF658_(+),ZNF658 (+),asd_d_proband,29,28,13841,8,4.5784,1.7473172601701215,0.7543675720204498,3.442911574971422,0.15048343121579316,0.19094029538752075
Wamsley,ZNF658_(+),ZNF658 (+),asd_da_proband,29,28,24839,8,8.2165,0.9736550665491628,0.4203551497377127,1.918488631151796,1,1
Wamsley,ZNF658_(+),ZNF658 (+),proband,29,28,38680,13,12.7949,1.0160290737273476,0.5409926906014846,1.7374406594860903,0.8884804352214317,0.9283481470582909
Wamsley,ZNF658_(+),ZNF658 (+),sibling,29,28,9567,2,3.1647,0.6319801975022121,0.07653573384554162,2.282929769569992,0.7769328413009375,1
Wamsley,ZNF691_(+),ZNF691 (+),asd_d_proband,6,5,13841,1,0.353,2.832976628318988,0.07172475829976108,15.784335507857854,0.29741270061505265,0.35171735507979685
Wamsley,ZNF691_(+),ZNF691 (+),asd_da_proband,6,5,24839,0,0.6335,0,0,5.823322151432829,NA,NA
Wamsley,ZNF691_(+),ZNF691 (+),proband,6,5,38680,1,0.9865,1.0137339584426863,0.025665521707006027,5.648164109727522,0.6271026535279958,0.7035635473701506
Wamsley,ZNF691_(+),ZNF691 (+),sibling,6,5,9567,0,0.244,0,0,15.119211761204143,NA,NA
Wamsley,ZNF701_(+),ZNF701 (+),asd_d_proband,10,9,13841,3,1.396,2.1489577743722488,0.44316675609462863,6.280166541089073,0.1655426010658277,0.20744033474390555
Wamsley,ZNF701_(+),ZNF701 (+),asd_da_proband,10,9,24839,0,2.5053,0,0,1.472429303381537,NA,NA
Wamsley,ZNF701_(+),ZNF701 (+),proband,10,9,38680,2,3.9013,0.5126460626522974,0.06208381649170859,1.8518538433756484,0.6048144471893471,0.6839378436501933
Wamsley,ZNF701_(+),ZNF701 (+),sibling,10,9,9567,0,0.9649,0,0,3.8228986585861815,NA,NA
Wamsley,ZNF71_(+),ZNF71 (+),asd_d_proband,29,24,13841,9,5.4251,1.658949083364301,0.7585771586219876,3.14920211391012,0.12769638784707485,0.16388683878069282
Wamsley,ZNF71_(+),ZNF71 (+),asd_da_proband,29,24,24839,14,9.7359000000000009,1.4379770149980724,0.7861554151227217,2.412681090300914,0.19481232957449046,0.2901624275588387
Wamsley,ZNF71_(+),ZNF71 (+),proband,29,24,38680,23,15.161,1.517048224880621,0.9616784406634822,2.27631720106268,0.0525501140363267,0.07589832926006172
Wamsley,ZNF71_(+),ZNF71 (+),sibling,29,24,9567,2,3.7499,0.5333499242266888,0.06459115017921231,1.9266433100710332,0.5995174925217404,1
Wamsley,ZNF740_(+),ZNF740 (+),asd_d_proband,10,10,13841,5,1.442,3.467480732300873,1.1258815553776642,8.091943332627906,0.01597513208069891,0.023172261898305447
Wamsley,ZNF740_(+),ZNF740 (+),asd_da_proband,10,10,24839,6,2.5878,2.3186151205335026,0.8508908849932859,5.046648989137718,0.04814150227603975,0.08336158906387865
Wamsley,ZNF740_(+),ZNF740 (+),proband,10,10,38680,10,4.0297,2.4815615726875073,1.1900052314422296,4.563680086191284,0.008532845421864358,0.013575091646351014
Wamsley,ZNF740_(+),ZNF740 (+),sibling,10,10,9567,0,0.9967,0,0,3.701094809289694,NA,NA
Wamsley,ZNF768_(+),ZNF768 (+),asd_d_proband,113,111,13841,42,21.074,1.9929758216026527,1.4363616725480854,2.6939243408195925,4.523316124708538e-5,8.049479493490912e-5
Wamsley,ZNF768_(+),ZNF768 (+),asd_da_proband,113,111,24839,59,37.8193,1.5600485435359301,1.187581232584665,2.0123489587367254,0.0014207263561341285,0.0033347194513002726
Wamsley,ZNF768_(+),ZNF768 (+),proband,113,111,38680,99,58.8933,1.681004737487953,1.366237701607573,2.0465629512878016,1.687535380556393e-6,3.4693294940808006e-6
Wamsley,ZNF768_(+),ZNF768 (+),sibling,113,111,9567,15,14.5665,1.0297592298975016,0.5763484239191407,1.6984312488397935,0.8951873112504067,1
Wamsley,ZNF76_(+),ZNF76 (+),asd_d_proband,35,29,13841,10,4.8179,2.0756087491474284,0.9953350733255159,3.8171183900748376,0.03377748314575334,0.047690895087920425
Wamsley,ZNF76_(+),ZNF76 (+),asd_da_proband,35,29,24839,10,8.6461,1.1565884575445693,0.5546291215386475,2.1270073528332794,0.6070147099284673,0.7229109783852739
Wamsley,ZNF76_(+),ZNF76 (+),proband,35,29,38680,19,13.464,1.4111724747725995,0.8496180138652629,2.20372062438052,0.1322119882128251,0.17810375271645032
Wamsley,ZNF76_(+),ZNF76 (+),sibling,35,29,9567,5,3.3301,1.5014372685768558,0.48751259423022014,3.5038537292051855,0.3978876134802225,1
Wamsley,ZNF787_(+),ZNF787 (+),asd_d_proband,13,13,13841,1,1.661,0.602033324527645,0.015242164110534591,3.354314993729427,1,1
Wamsley,ZNF787_(+),ZNF787 (+),asd_da_proband,13,13,24839,4,2.9809,1.3418806304258846,0.3656173086602587,3.4357473670783283,0.550507643751843,0.6719168970765738
Wamsley,ZNF787_(+),ZNF787 (+),proband,13,13,38680,5,4.6419,1.0771384752827218,0.3497439309788811,2.5136818850028178,0.8135258654305018,0.8687703639259058
Wamsley,ZNF787_(+),ZNF787 (+),sibling,13,13,9567,3,1.1481,2.612964328876493,0.5388560627988334,7.6361905975854,0.10946180043284648,1
Wamsley,ZNF808_(+),ZNF808 (+),asd_d_proband,3,3,13841,0,0.4771,0,0,7.732364625403074,NA,NA
Wamsley,ZNF808_(+),ZNF808 (+),asd_da_proband,3,3,24839,1,0.8561,1.1680225381099032,0.02957177034118943,6.50780505492772,0.5752046957124541,0.6938099374565819
Wamsley,ZNF808_(+),ZNF808 (+),proband,3,3,38680,1,1.3332,0.7500649385757984,0.018990000090610245,4.179094357790838,1,1
Wamsley,ZNF808_(+),ZNF808 (+),sibling,3,3,9567,0,0.3298,0,0,11.186752250465553,NA,NA
Wamsley,ZNF814_(+),ZNF814 (+),asd_d_proband,3,2,13841,0,0.4228,0,0,8.725884288132027,NA,NA
Wamsley,ZNF814_(+),ZNF814 (+),asd_da_proband,3,2,24839,1,0.7587,1.3180999612968982,0.03337140172421479,7.343982937956682,0.5317101333700817,0.655350153465963
Wamsley,ZNF814_(+),ZNF814 (+),proband,3,2,38680,1,1.1814,0.8464396312992154,0.021429996055526656,4.716059777557032,1,1
Wamsley,ZNF814_(+),ZNF814 (+),sibling,3,2,9567,0,0.2922,0,0,12.62412087718568,NA,NA
Wamsley,ZNF84_(+),ZNF84 (+),asd_d_proband,32,27,13841,14,5.8523,2.3922227897137565,1.307850459846171,4.0137433549569055,0.0029240065557100607,0.004640090175300581
Wamsley,ZNF84_(+),ZNF84 (+),asd_da_proband,32,27,24839,31,10.5025,2.9516757190744713,2.005520445245039,4.1896680731624185,2.2579385677877427e-7,9.511987474001349e-7
Wamsley,ZNF84_(+),ZNF84 (+),proband,32,27,38680,45,16.3548,2.751484716094077,2.006951832499189,3.6817030306509757,4.183869674249953e-9,9.987019452550619e-9
Wamsley,ZNF84_(+),ZNF84 (+),sibling,32,27,9567,7,4.0452,1.730467002844575,0.6957374849542993,3.565423400880773,0.1329384589112223,1
Wamsley,ZNF853_(+),ZNF853 (+),asd_d_proband,5,5,13841,2,0.8606,2.323899363624954,0.2814349941361896,8.394723536706381,0.21314506562850005,0.26150176553981175
Wamsley,ZNF853_(+),ZNF853 (+),asd_da_proband,5,5,24839,1,1.5445,0.6474715385469019,0.016392560088223204,3.6074805185658865,1,1
Wamsley,ZNF853_(+),ZNF853 (+),proband,5,5,38680,3,2.4051,1.2473535842269776,0.2572342966517138,3.645296495813248,0.5218782363757725,0.6079894879506402
Wamsley,ZNF853_(+),ZNF853 (+),sibling,5,5,9567,0,0.5949,0,0,6.201167746876491,NA,NA
Wamsley,ZNF85_(+),ZNF85 (+),asd_d_proband,29,25,13841,5,4.5498,1.0989440422479873,0.35682413921826595,2.564568804308543,0.8112861456351712,0.8632022600167916
Wamsley,ZNF85_(+),ZNF85 (+),asd_da_proband,29,25,24839,11,8.1651,1.3471985939554598,0.6725166841750376,2.410510419208873,0.2913950792431392,0.4007125998361804
Wamsley,ZNF85_(+),ZNF85 (+),proband,29,25,38680,16,12.7149,1.258364797415048,0.7192642086599844,2.043505594255654,0.32527199306824195,0.4056123979135126
Wamsley,ZNF85_(+),ZNF85 (+),sibling,29,25,9567,3,3.1449,0.9539344301507929,0.19672421300153228,2.7878012132536787,1,1
Wamsley,ZNF879_(+),ZNF879 (+),asd_d_proband,13,12,13841,3,1.4253,2.104816732703926,0.43406381210937384,6.1511676857927196,0.17264953607724787,0.2158603627273335
Wamsley,ZNF879_(+),ZNF879 (+),asd_da_proband,13,12,24839,1,2.5578,0.3909546599749727,0.009898115011809696,2.178259947406321,0.5304890570662629,0.655350153465963
Wamsley,ZNF879_(+),ZNF879 (+),proband,13,12,38680,3,3.9831,0.7531739502935636,0.1553225755792617,2.2010938970800678,1,1
Wamsley,ZNF879_(+),ZNF879 (+),sibling,13,12,9567,0,0.9852,0,0,3.744373742464122,NA,NA
Wamsley,ZNF91_(+),ZNF91 (+),asd_d_proband,1452,1368,13841,1164,364.6049,3.1924964534658566,3.011706728515694,3.38130282406679,3.943613599516524e-242,2.7457409686633794e-240
Wamsley,ZNF91_(+),ZNF91 (+),asd_da_proband,1452,1368,24839,1191,654.3185,1.8202144838254344,1.7182947292552908,1.926600846056656,7.627963646357498e-79,8.611970956737616e-77
Wamsley,ZNF91_(+),ZNF91 (+),proband,1452,1368,38680,2256,1018.9234,2.214101579317246,2.1236704588486464,2.3073934410878003,5.3473656264708876e-244,4.6933416767717564e-242
Wamsley,ZNF91_(+),ZNF91 (+),sibling,1452,1368,9567,244,252.0176,0.9681863695103394,0.8505051295072876,1.0975987079662757,0.6366304968719375,1
Wamsley,ZSCAN23_(+),ZSCAN23 (+),asd_d_proband,31,25,13841,5,4.3908,1.1387572496535443,0.36975137929224267,2.65747954933874,0.6332863696951697,0.6936883144940207
Wamsley,ZSCAN23_(+),ZSCAN23 (+),asd_da_proband,31,25,24839,5,7.8796,0.6345480531605422,0.20603602563645604,1.4808234809129799,0.37486138937807395,0.49849058728839274
Wamsley,ZSCAN23_(+),ZSCAN23 (+),proband,31,25,38680,8,12.2704,0.6519767980332867,0.2814773054426031,1.2846542043218074,0.31390581654838867,0.39358960074913346
Wamsley,ZSCAN23_(+),ZSCAN23 (+),sibling,31,25,9567,5,3.0349,1.6474902364852833,0.5349355953573671,3.8446926353504236,0.23871659149844301,1
Wang,AHR_+_+,AHR (+),asd_d_proband,43,40,13841,24,8.1694,2.9377906867898096,1.8822979260379127,4.371199672303473,5.2500303917013665e-6,9.879280162762369e-6
Wang,AHR_+_+,AHR (+),asd_da_proband,43,40,24839,19,14.6608,1.295974839669635,0.780261512312235,2.0238252473840452,0.2390227811396212,0.344153561526591
Wang,AHR_+_+,AHR (+),proband,43,40,38680,38,22.8302,1.6644632390152048,1.1778732517505455,2.2846058391527695,0.003159235334756149,0.005239371390925531
Wang,AHR_+_+,AHR (+),sibling,43,40,9567,8,5.6468,1.416743698681501,0.6116493715889815,2.7915498748541303,0.2887012655379504,1
Wang,AHR_-_+,AHR (-),asd_d_proband,19,19,13841,40,4.8733,8.207954109845831,5.863882753256159,11.176903867644366,3.4647450888156613e-23,1.2253098504573482e-22
Wang,AHR_-_+,AHR (-),asd_da_proband,19,19,24839,21,8.7456,2.4011958508010576,1.4863780772453987,3.6704829261156213,4.6391857568166197e-4,0.0012124168332050842
Wang,AHR_-_+,AHR (-),proband,19,19,38680,59,13.619,4.332194465633526,3.297867149462221,5.588215224510317,9.312060414832109e-20,3.373035216928075e-19
Wang,AHR_-_+,AHR (-),sibling,19,19,9567,6,3.3685,1.7812212736653519,0.6536768144465653,3.8769688252983845,0.1599459500707752,1
Wang,ARNT2_+_+,ARNT2 (+),asd_d_proband,11,11,13841,13,2.6995,4.815757982590369,2.5641883048971414,8.235092815309073,5.388360876818982e-6,1.0122485694395187e-5
Wang,ARNT2_+_+,ARNT2 (+),asd_da_proband,11,11,24839,9,4.8445,1.8577923554871822,0.8495009644763414,3.5266685830052844,0.0662839047117284,0.10924748674385601
Wang,ARNT2_+_+,ARNT2 (+),proband,11,11,38680,19,7.5439,2.5185808975094117,1.5163502251882828,3.9330760535891782,3.2506182687265365e-4,5.804312119901374e-4
Wang,ARNT2_+_+,ARNT2 (+),sibling,11,11,9567,2,1.8659,1.0718721605041897,0.12980869134354037,3.8719707896856272,0.711238380559807,1
Wang,ARNT2_-_+,ARNT2 (-),asd_d_proband,54,51,13841,16,7.6731,2.085217306839121,1.191881860624758,3.3862622671245877,0.006139946909518674,0.009447376874590888
Wang,ARNT2_-_+,ARNT2 (-),asd_da_proband,54,51,24839,21,13.77,1.5250496890554313,0.9440297940568584,2.3312004488465496,0.05801595194832981,0.09823762670950238
Wang,ARNT2_-_+,ARNT2 (-),proband,54,51,38680,37,21.4431,1.725496431499693,1.2149087262448806,2.3783695382627057,0.0022481536717413376,0.003788985730364647
Wang,ARNT2_-_+,ARNT2 (-),sibling,54,51,9567,5,5.3037,0.942742393904838,0.3061058891784327,2.2000462634674536,1,1
Wang,ARNTL_+_+,ARNTL (+),asd_d_proband,13,13,13841,19,4.3761,4.3417640867944804,2.6140256035593974,6.780202445349899,1.9987365547812376e-7,4.0483500400478155e-7
Wang,ARNTL_+_+,ARNTL (+),asd_da_proband,13,13,24839,18,7.8533,2.292020445470521,1.3583965766524704,3.622380453389893,0.0016958362352546214,0.003923358831152597
Wang,ARNTL_+_+,ARNTL (+),proband,13,13,38680,35,12.2294,2.8619475390332063,1.9934513229004984,3.9802762203608513,8.150224702129764e-8,1.802210539753888e-7
Wang,ARNTL_+_+,ARNTL (+),sibling,13,13,9567,2,3.0248,0.6612022327333805,0.08007465788100543,2.3884898083502004,0.7759810186357166,1
Wang,ARNTL_extended_-_+,ARNTL (-),asd_d_proband,10,10,13841,7,2.7248,2.568966215955038,1.0328576569695236,5.293052249700074,0.021481103291804044,0.030718804964145963
Wang,ARNTL_extended_-_+,ARNTL (-),asd_da_proband,10,10,24839,6,4.89,1.227001135140028,0.4502877914152631,2.6706649083270224,0.498971012663204,0.6272253340973256
Wang,ARNTL_extended_-_+,ARNTL (-),proband,10,10,38680,13,7.6148,1.7072012045185325,0.9090127407893651,2.919366052954208,0.06555489905862236,0.0932645134986136
Wang,ARNTL_extended_-_+,ARNTL (-),sibling,10,10,9567,2,1.8834,1.0618961428432165,0.12860054932333725,3.8359339838015125,0.713590393525078,1
Wang,ARX_+_+,ARX (+),asd_d_proband,113,106,13841,86,29.5295,2.9123419713022978,2.3294976561451306,3.596718642383697,2.5824520021365437e-17,7.590637283324827e-17
Wang,ARX_+_+,ARX (+),asd_da_proband,113,106,24839,85,52.9935,1.6039698655188641,1.2811941594313656,1.9833335779593384,4.616732064013688e-5,1.3899441334057211e-4
Wang,ARX_+_+,ARX (+),proband,113,106,38680,163,82.523,1.9752065882378977,1.6836157061010473,2.302789281854019,4.314179217627527e-15,1.319699326357375e-14
Wang,ARX_+_+,ARX (+),sibling,113,106,9567,25,20.411,1.2248294532560784,0.7926450416832334,1.8080898925415614,0.3169668643523978,1
Wang,ARX_-_+,ARX (-),asd_d_proband,54,52,13841,75,14.5968,5.138107737485577,4.041447676634278,6.440662541445808,4.761407267182472e-29,1.9500763586916448e-28
Wang,ARX_-_+,ARX (-),asd_da_proband,54,52,24839,49,26.1954,1.8705588848355976,1.3838497605742124,2.4729780461826882,5.368837613771676e-5,1.5909232719024205e-4
Wang,ARX_-_+,ARX (-),proband,54,52,38680,119,40.7922,2.917224872164773,2.416678926413832,3.4908944925282572,2.3774655220109154e-23,9.518204072331418e-23
Wang,ARX_-_+,ARX (-),sibling,54,52,9567,9,10.0894,0.8920231946633789,0.40788980639501604,1.6933378838812054,0.8749396809513624,1
Wang,AR_+_+,AR (+),asd_d_proband,42,40,13841,10,8.0989,1.2347371978196677,0.5921044801118671,2.2707256686227026,0.47806341289716303,0.5401243833341173
Wang,AR_+_+,AR (+),asd_da_proband,42,40,24839,14,14.5342,0.9632431489605391,0.5266139929477283,1.6161583298062063,1,1
Wang,AR_+_+,AR (+),proband,42,40,38680,24,22.6331,1.060392816237147,0.6794136858571537,1.577780456480972,0.75175119968163,0.8192436665107352
Wang,AR_+_+,AR (+),sibling,42,40,9567,4,5.598,0.7145394608559431,0.1946879541191288,1.8295048126078228,0.6718786667616021,1
Wang,ASCL1_+_+,ASCL1 (+),asd_d_proband,102,101,13841,71,14.4737,4.905453824776161,3.831200135455046,6.18756252018014,1.917386872433001e-26,7.24057279962835e-26
Wang,ASCL1_+_+,ASCL1 (+),asd_da_proband,102,101,24839,30,25.9744,1.1549826469289295,0.7792619417805244,1.648809545112131,0.4309528790479068,0.5566885588616554
Wang,ASCL1_+_+,ASCL1 (+),proband,102,101,38680,93,40.4481,2.299242587846686,1.8557855121822227,2.8167275055898817,1.4667002897414641e-12,4.0817195868170985e-12
Wang,ASCL1_+_+,ASCL1 (+),sibling,102,101,9567,11,10.0043,1.0995252905395092,0.5488790634713747,1.9673544649771035,0.7498341533882489,1
Wang,ASCL1_-_+,ASCL1 (-),asd_d_proband,10,9,13841,12,4.4806,2.67823045976398,1.3838807603528491,4.678329630080061,0.002322582665444125,0.003711964885739085
Wang,ASCL1_-_+,ASCL1 (-),asd_da_proband,10,9,24839,18,8.0408,2.238579721018957,1.3267242164463073,3.5379210690720533,0.00200499874742214,0.004591569139634069
Wang,ASCL1_-_+,ASCL1 (-),proband,10,9,38680,30,12.5214,2.3959014861422734,1.6165046716246967,3.420298348207826,2.3012670827679063e-5,4.3613169074898116e-5
Wang,ASCL1_-_+,ASCL1 (-),sibling,10,9,9567,4,3.097,1.2915712969441222,0.35190970852726067,3.3069354920648473,0.5596103449087402,1
Wang,ASCL4_extended_+_+,ASCL4 (+),asd_d_proband,22,22,13841,3,3.6056,0.8320331829650478,0.17158524520819013,2.4315540393804835,1,1
Wang,ASCL4_extended_+_+,ASCL4 (+),asd_da_proband,22,22,24839,3,6.4706,0.4636326456547859,0.09561219771031683,1.35493133616753,0.23399680400693978,0.3382617051521575
Wang,ASCL4_extended_+_+,ASCL4 (+),proband,22,22,38680,6,10.0763,0.5954587014177469,0.21852284880714357,1.2960629071079628,0.2665646748599582,0.33907502119867594
Wang,ASCL4_extended_+_+,ASCL4 (+),sibling,22,22,9567,4,2.4922,1.604985371299847,0.43730449533912336,4.109400000723277,0.3234901046157044,1
Wang,ATF2_+_+,ATF2 (+),asd_d_proband,18,18,13841,60,3.6767,16.319058008860953,12.453160459924899,21.005862477286307,2.737800336719307e-50,1.8154223661341122e-49
Wang,ATF2_+_+,ATF2 (+),asd_da_proband,18,18,24839,19,6.5982,2.8795909363717302,1.7337018513621494,4.496837948376351,6.133969537296474e-5,1.7848586617545667e-4
Wang,ATF2_+_+,ATF2 (+),proband,18,18,38680,73,10.2748,7.104731979811722,5.568975735290424,8.933133799374007,6.482348581713354e-37,3.872439650123004e-36
Wang,ATF2_+_+,ATF2 (+),sibling,18,18,9567,2,2.5413,0.7869833173082627,0.09530733075568523,2.842854333630748,1,1
Wang,ATF6_+_+,ATF6 (+),asd_d_proband,28,28,13841,14,8.0993,1.7285538151672397,0.945016455723103,2.9002195862129905,0.04993961049009914,0.06902323335728343
Wang,ATF6_+_+,ATF6 (+),asd_da_proband,28,28,24839,17,14.5349,1.169599440532475,0.6813347751985311,1.8726420051726709,0.5095251328988568,0.6377537417326046
Wang,ATF6_+_+,ATF6 (+),proband,28,28,38680,30,22.6341,1.3254310102524247,0.894262736753466,1.8921351822061507,0.13917469951755876,0.18726218413860204
Wang,ATF6_+_+,ATF6 (+),sibling,28,28,9567,6,5.5983,1.07176066638578,0.39331727540539563,2.332771763503735,0.8302575649208196,1
Wang,ATF7_+_+,ATF7 (+),asd_d_proband,103,102,13841,67,22.3305,3.0003745738807903,2.325249083278369,3.810369649071271,1.9395602681370707e-14,5.3349879968017203e-14
Wang,ATF7_+_+,ATF7 (+),asd_da_proband,103,102,24839,78,40.0743,1.9463845007895948,1.5385361780333973,2.429175944630285,8.902787574103857e-8,3.910991117184146e-7
Wang,ATF7_+_+,ATF7 (+),proband,103,102,38680,142,62.4048,2.2754642747016973,1.9166045867665773,2.682004425567312,4.970662260481712e-18,1.7134518547461128e-17
Wang,ATF7_+_+,ATF7 (+),sibling,103,102,9567,31,15.435,2.0084178024733728,1.36462245477205,2.8507887537294243,4.6546785237113516e-4,0.5022398127084549
Wang,ATF7_-_+,ATF7 (-),asd_d_proband,72,71,13841,51,19.0161,2.681940848863873,1.9968811201781547,3.526256918396652,9.57344561212703e-10,2.1899011112750537e-9
Wang,ATF7_-_+,ATF7 (-),asd_da_proband,72,71,24839,49,34.1262,1.4358479756037652,1.0622482368069766,1.8982671703682013,0.016039144325982725,0.03084871200005877
Wang,ATF7_-_+,ATF7 (-),proband,72,71,38680,97,53.1423,1.8252895041492343,1.4801868268467882,2.22669840171335,6.571475495482743e-8,1.464463582098791e-7
Wang,ATF7_-_+,ATF7 (-),sibling,72,71,9567,14,13.1441,1.065120514447638,0.5823112966742602,1.787091238104972,0.7814984408555232,1
Wang,BACH1_+_+,BACH1 (+),asd_d_proband,235,227,13841,152,56.1462,2.707218982763417,2.2939508647311513,3.173434833852041,3.91405406545384e-26,1.4730595367958033e-25
Wang,BACH1_+_+,BACH1 (+),asd_da_proband,235,227,24839,139,100.7597,1.3795198694644975,1.1597255508478295,1.628853291313154,2.7070496967496877e-4,7.311624659402864e-4
Wang,BACH1_+_+,BACH1 (+),proband,235,227,38680,275,156.9059,1.7526431335413764,1.5515986596095124,1.9725069868405347,1.5417733439012562e-17,5.143752588863547e-17
Wang,BACH1_+_+,BACH1 (+),sibling,235,227,9567,42,38.8086,1.082233027937314,0.7799783746722952,1.4628646593689012,0.5740062784215607,1
Wang,BACH1_-_+,BACH1 (-),asd_d_proband,159,156,13841,154,37.5419,4.102080118083218,3.479790177299173,4.803543089728528,6.3320192191016746e-46,3.962847983190599e-45
Wang,BACH1_-_+,BACH1 (-),asd_da_proband,159,156,24839,107,67.3726,1.5881830489233029,1.3015543357100416,1.9191566452517799,7.828397523708463e-6,2.6382868072438373e-5
Wang,BACH1_-_+,BACH1 (-),proband,159,156,38680,245,104.9145,2.3352345374678527,2.051952124461421,2.6466952970711835,1.8883286101457529e-31,1.0115412883456826e-30
Wang,BACH1_-_+,BACH1 (-),sibling,159,156,9567,20,25.9493,0.7707350472116655,0.47078498997092716,1.1903377700554834,0.2796177012613575,1
Wang,BACH2_+_+,BACH2 (+),asd_d_proband,205,201,13841,235,56.8425,4.1342288289039,3.622506154070568,4.697983139757604,1.1345265900748852e-69,1.0895367425374328e-68
Wang,BACH2_+_+,BACH2 (+),asd_da_proband,205,201,24839,191,102.0094,1.8723773429711252,1.6162438099320526,2.157571369347335,4.182106074726358e-15,3.870162097021359e-14
Wang,BACH2_+_+,BACH2 (+),proband,205,201,38680,408,158.8519,2.5684304801107207,2.3252238036270967,2.830160508630287,3.975842328761268e-61,3.8772958095013734e-60
Wang,BACH2_+_+,BACH2 (+),sibling,205,201,9567,29,39.29,0.7381019307970919,0.49431844712042994,1.0600374940991368,0.10991677132763117,1
Wang,BARHL1_+_+,BARHL1 (+),asd_d_proband,11,11,13841,0,1.5495,0,0,2.3807154744371073,NA,NA
Wang,BARHL1_+_+,BARHL1 (+),asd_da_proband,11,11,24839,3,2.7807,1.078866349046983,0.22248817816184127,3.1529052959502786,0.7603176657819888,0.8532789708428086
Wang,BARHL1_+_+,BARHL1 (+),proband,11,11,38680,3,4.3302,0.692811821199018,0.1428744533961214,2.0246901407990947,0.8071412832836053,0.8647400978653462
Wang,BARHL1_+_+,BARHL1 (+),sibling,11,11,9567,1,1.071,0.9336943397086518,0.023639094008761966,5.202211896994768,1,1
Wang,BARHL2_+_+,BARHL2 (+),asd_d_proband,22,21,13841,11,3.0723,3.5804043132813757,1.7873249330704106,6.40633232610877,3.560576488794886e-4,6.018941135838396e-4
Wang,BARHL2_+_+,BARHL2 (+),asd_da_proband,22,21,24839,3,5.5135,0.544119139258214,0.11221044766433552,1.5901470254499708,0.392358355211317,0.5156840314709858
Wang,BARHL2_+_+,BARHL2 (+),proband,22,21,38680,13,8.5858,1.5141320139645993,0.80621152813622,2.5892118571378697,0.12456279548714926,0.16889339589231056
Wang,BARHL2_+_+,BARHL2 (+),sibling,22,21,9567,3,2.1236,1.412707776736153,0.29133430642149366,4.128531615464809,0.47633469436050047,1
Wang,BARX2_+_+,BARX2 (+),asd_d_proband,37,36,13841,14,6.218,2.251534654389017,1.2309349470977213,3.777692569591501,0.006908330655536347,0.010556763169091208
Wang,BARX2_+_+,BARX2 (+),asd_da_proband,37,36,24839,12,11.1588,1.0753880528224067,0.5556686993789889,1.8784865107525242,0.7632112058431545,0.8539796346847587
Wang,BARX2_+_+,BARX2 (+),proband,37,36,38680,25,17.3767,1.438704533138129,0.9310537165868645,2.1238117011355984,0.07131549934077017,0.10094082200405323
Wang,BARX2_+_+,BARX2 (+),sibling,37,36,9567,1,4.2979,0.23267102055726072,0.005890720221977489,1.2963599539508703,0.1429143197383721,1
Wang,BATF3_+_+,BATF3 (+),asd_d_proband,34,34,13841,14,6.432,2.1766331406967354,1.189985592569857,3.6520205568712387,0.008122406811961524,0.012260652016971733
Wang,BATF3_+_+,BATF3 (+),asd_da_proband,34,34,24839,9,11.5428,0.7797099426117098,0.3565330357314037,1.4801323465153757,0.5558662910802119,0.6777246680664786
Wang,BATF3_+_+,BATF3 (+),proband,34,34,38680,23,17.9747,1.2795758677589395,0.811141336864141,1.9199920675386477,0.23610176063012778,0.30577991927239023
Wang,BATF3_+_+,BATF3 (+),sibling,34,34,9567,4,4.4458,0.8997231345961121,0.24514427256170995,2.3036485665695645,1,1
Wang,BBX_+_+,BBX (+),asd_d_proband,42,41,13841,77,11.5999,6.637972664022225,5.238584220144165,8.296326900481873,6.809494636666797e-37,3.561397664435123e-36
Wang,BBX_+_+,BBX (+),asd_da_proband,42,41,24839,60,20.8172,2.882234723339813,2.1994487349348675,3.7100074154317766,2.1078444062465482e-12,1.5254848299053543e-11
Wang,BBX_+_+,BBX (+),proband,42,41,38680,130,32.4171,4.010228230823376,3.350535158418984,4.761820377723135,4.3103063768406405e-38,2.629978382874423e-37
Wang,BBX_+_+,BBX (+),sibling,42,41,9567,11,8.018,1.3719210327574192,0.6848580365505611,2.45474569126732,0.28450944428471064,1
Wang,BCL11A_+_+,BCL11A (+),asd_d_proband,269,262,13841,287,79.7552,3.598511233536956,3.1941885708620616,4.039842708008605,8.136764457567794e-72,8.166086131288758e-71
Wang,BCL11A_+_+,BCL11A (+),asd_da_proband,269,262,24839,269,143.1284,1.8794319573496618,1.6615266817579328,2.1179726576823956,7.30154384774817e-21,1.0304303755134604e-19
Wang,BCL11A_+_+,BCL11A (+),proband,269,262,38680,531,222.8836,2.382409928798201,2.1840560290989566,2.5939391568606247,1.892723404009976e-68,2.2495806291410236e-67
Wang,BCL11A_+_+,BCL11A (+),sibling,269,262,9567,56,55.1274,1.0158291889219804,0.7673464524607599,1.3191386971735313,0.8927160618675285,1
Wang,BCL11A_-_+,BCL11A (-),asd_d_proband,248,241,13841,78,47.9075,1.628139022071462,1.2869763334575828,2.0319911843345557,6.354713885416271e-5,1.1148269713942876e-4
Wang,BCL11A_-_+,BCL11A (-),asd_da_proband,248,241,24839,100,85.9745,1.163135319895569,0.9463733199162276,1.4146841970562625,0.13083900700894102,0.20235238207273207
Wang,BCL11A_-_+,BCL11A (-),proband,248,241,38680,170,133.882,1.2697751023398722,1.086069425573772,1.4756540015323527,0.002463957703656157,0.004128305051206571
Wang,BCL11A_-_+,BCL11A (-),sibling,248,241,9567,28,33.114,0.8455642415645541,0.5618712977862316,1.2220757565913825,0.4335045939752106,1
Wang,BCL11B_+_+,BCL11B (+),asd_d_proband,82,79,13841,83,20.4706,4.054594730964638,3.2294620706513286,5.026280204657131,2.8724455125933765e-25,1.063091129909974e-24
Wang,BCL11B_+_+,BCL11B (+),asd_da_proband,82,79,24839,69,36.7365,1.878243139465593,1.4613852733902937,2.3770369031418532,1.962620999803839e-6,7.079230379484135e-6
Wang,BCL11B_+_+,BCL11B (+),proband,82,79,38680,145,57.2071,2.5346521418671033,2.138894201322637,2.9824082004076597,2.0537401213142574e-22,7.970467613671999e-22
Wang,BCL11B_+_+,BCL11B (+),sibling,82,79,9567,12,14.1494,0.8480906983914065,0.4382208395320496,1.4814437752416045,0.6894080095968265,1
Wang,BCL11B_-_+,BCL11B (-),asd_d_proband,167,162,13841,68,36.3965,1.868310937583201,1.4508165476396306,2.368529297704845,2.678412770359018e-6,5.126721350824649e-6
Wang,BCL11B_-_+,BCL11B (-),asd_da_proband,167,162,24839,96,65.317,1.4697546327529007,1.190505971284183,1.7948219642723733,3.225819191317565e-4,8.609810560277851e-4
Wang,BCL11B_-_+,BCL11B (-),proband,167,162,38680,157,101.7135,1.5435507006482247,1.3115476208275172,1.804768863581434,3.784371640160831e-7,8.040908829466495e-7
Wang,BCL11B_-_+,BCL11B (-),sibling,167,162,9567,29,25.1575,1.15273621167983,0.7720055324631131,1.6555214858560476,0.4240926500452895,1
Wang,BCL6_+_+,BCL6 (+),asd_d_proband,140,137,13841,34,26.1702,1.2991878215129016,0.8997253339623688,1.815484759728721,0.14088378570574178,0.1799822675185738
Wang,BCL6_+_+,BCL6 (+),asd_da_proband,140,137,24839,55,46.9649,1.1710867694609803,0.8822228226973868,1.524330401141165,0.242220345750356,0.34660659879876093
Wang,BCL6_+_+,BCL6 (+),proband,140,137,38680,87,73.1351,1.1895789748979,0.9528039934816821,1.467341270692056,0.11384824116335542,0.15594338915652886
Wang,BCL6_+_+,BCL6 (+),sibling,140,137,9567,16,18.089,0.8845139794297835,0.5055761642173614,1.4363952876583215,0.7242168401883241,1
Wang,BCL6_extended_-_+,BCL6 (-),asd_d_proband,14,14,13841,49,5.0077,9.785020062974487,7.23901170988863,12.936315447412293,2.33834644673604e-31,1.0589097323837187e-30
Wang,BCL6_extended_-_+,BCL6 (-),asd_da_proband,14,14,24839,22,8.9867,2.448057883969381,1.534184842448987,3.706389056101751,1.7147093885581707e-4,4.7441875586496724e-4
Wang,BCL6_extended_-_+,BCL6 (-),proband,14,14,38680,66,13.9944,4.716182247666659,3.647495008682376,6.0001401727906964,8.330765807098223e-24,3.394787066392526e-23
Wang,BCL6_extended_-_+,BCL6 (-),sibling,14,14,9567,6,3.4613,1.733439088341043,0.6361415945657604,3.7729671239680544,0.1687058419079009,1
Wang,BHLHE22_+_+,BHLHE22 (+),asd_d_proband,189,181,13841,170,32.7138,5.196581215258093,4.444761883425369,6.039144924524535,3.3741909391970786e-64,2.869350157454615e-63
Wang,BHLHE22_+_+,BHLHE22 (+),asd_da_proband,189,181,24839,127,58.7081,2.163245852999004,1.8034005998085905,2.573852145397323,1.3318321588612764e-14,1.1747175838706103e-13
Wang,BHLHE22_+_+,BHLHE22 (+),proband,189,181,38680,283,91.4219,3.095538689991727,2.745353733660725,3.478014001655596,7.348871412306524e-58,6.817123806050199e-57
Wang,BHLHE22_+_+,BHLHE22 (+),sibling,189,181,9567,25,22.612,1.1056062906250543,0.7154900969992593,1.6320929855951014,0.5978495975260818,1
Wang,BHLHE22_-_+,BHLHE22 (-),asd_d_proband,30,29,13841,56,11.3127,4.950194255098795,3.7393235418572277,6.428238991002702,2.1399632004535023e-21,7.268045747881712e-21
Wang,BHLHE22_-_+,BHLHE22 (-),asd_da_proband,30,29,24839,55,20.3017,2.709132619545037,2.040889444747692,3.5263084857464926,1.5377384791322966e-10,9.137403910212436e-10
Wang,BHLHE22_-_+,BHLHE22 (-),proband,30,29,38680,106,31.6144,3.352903724973767,2.745082845945662,4.055240470470681,2.238427323416015e-25,9.82325221545259e-25
Wang,BHLHE22_-_+,BHLHE22 (-),sibling,30,29,9567,5,7.8194,0.6394342782184894,0.20762256961258263,1.4922263002310672,0.469581070061472,1
Wang,BHLHE40_+_+,BHLHE40 (+),asd_d_proband,128,127,13841,29,21.1419,1.371681062704026,0.918636335401694,1.9699628137292302,0.10093329220550834,0.13135477513660782
Wang,BHLHE40_+_+,BHLHE40 (+),asd_da_proband,128,127,24839,55,37.9412,1.4496100645241607,1.0920446855732815,1.8868667538370727,0.009058478430464726,0.018560142140098067
Wang,BHLHE40_+_+,BHLHE40 (+),proband,128,127,38680,83,59.0832,1.4047991654580227,1.1189146937627419,1.7414599251897709,0.0033092550280225505,0.005456445067881113
Wang,BHLHE40_+_+,BHLHE40 (+),sibling,128,127,9567,16,14.6135,1.0948807554062736,0.6258189530826445,1.778017752333558,0.6932457824155549,1
Wang,BHLHE41_+_+,BHLHE41 (+),asd_d_proband,201,197,13841,41,26.3402,1.5565565119625902,1.1170118270637126,2.111644668981942,0.008068454586040606,0.012195737325439939
Wang,BHLHE41_+_+,BHLHE41 (+),asd_da_proband,201,197,24839,52,47.27,1.1000634637974493,0.8215800116553685,1.4425868765376855,0.4668255442193091,0.5955322479362711
Wang,BHLHE41_+_+,BHLHE41 (+),proband,201,197,38680,87,73.6102,1.181901521767382,0.9466546682524314,1.4578711606195578,0.129114787189156,0.17475678787998458
Wang,BHLHE41_+_+,BHLHE41 (+),sibling,201,197,9567,19,18.2065,1.043581403960795,0.6283041765555765,1.6296816329973929,0.8140858750562991,1
Wang,BNC2_+_+,BNC2 (+),asd_d_proband,40,40,13841,14,8.1457,1.7187083172557187,0.9396338303980855,2.883700513663172,0.050966513052298434,0.0700946858521734
Wang,BNC2_+_+,BNC2 (+),asd_da_proband,40,40,24839,17,14.6182,1.1629376353008196,0.6774540281558855,1.861975809657566,0.5110964844474026,0.6383052333419442
Wang,BNC2_+_+,BNC2 (+),proband,40,40,38680,31,22.7638,1.3618110067831815,0.9252845083943633,1.9329820210025295,0.09220212187516716,0.1284525287662585
Wang,BNC2_+_+,BNC2 (+),sibling,40,40,9567,9,5.6303,1.5984841969585004,0.7309287623052688,3.0344209250261764,0.14081613737785825,1
Wang,BPTF_+_+,BPTF (+),asd_d_proband,43,43,13841,136,14.5085,9.373798668888309,7.86464901556373,11.088154421002978,1.4621688600003377e-81,1.7514581828391143e-80
Wang,BPTF_+_+,BPTF (+),asd_da_proband,43,43,24839,90,26.0369,3.456627523559807,2.779536723281028,4.2487820769255,1.172440903863398e-22,1.8132681924133922e-21
Wang,BPTF_+_+,BPTF (+),proband,43,43,38680,214,40.5455,5.278025567720394,4.594515755942817,6.034554871884801,1.7686051057912078e-81,2.587151827830472e-80
Wang,BPTF_+_+,BPTF (+),sibling,43,43,9567,7,10.0284,0.6980177199446178,0.2806393257597534,1.4381832816395586,0.4288161805055838,1
Wang,BPTF_-_+,BPTF (-),asd_d_proband,40,39,13841,14,6.3378,2.2089639691524,1.2076611573394778,3.706266193369711,0.007533647151226916,0.011449499217553593
Wang,BPTF_-_+,BPTF (-),asd_da_proband,40,39,24839,18,11.3738,1.582582877579298,0.9379389121161239,2.50116323915947,0.05371601964950831,0.09202638267723048
Wang,BPTF_-_+,BPTF (-),proband,40,39,38680,31,17.7116,1.7502629251148418,1.1892187404559664,2.484358511880453,0.003918173708797179,0.006423327876059744
Wang,BPTF_-_+,BPTF (-),sibling,40,39,9567,4,4.3807,0.9130872581952356,0.24878554645159676,2.3378660307969343,1,1
Wang,BSX_+_+,BSX (+),asd_d_proband,17,17,13841,8,2.9686,2.694851688932011,1.1634456843498027,5.309932136624102,0.011240712372623687,0.016673972813718758
Wang,BSX_+_+,BSX (+),asd_da_proband,17,17,24839,4,5.3275,0.7508241520694867,0.20457431125571993,1.9224080332636098,0.8263268222711265,0.9013748621682144
Wang,BSX_+_+,BSX (+),proband,17,17,38680,12,8.2961,1.4464623407384163,0.7474081988072246,2.5266786145311184,0.21836314110422644,0.2844204840181762
Wang,BSX_+_+,BSX (+),sibling,17,17,9567,2,2.0519,0.9746901386669791,0.11803949764522305,3.5209159123397393,1,1
Wang,CDC5L_+_+,CDC5L (+),asd_d_proband,11,11,13841,3,0.8691,3.451781167538635,0.7118402608973949,10.08756935760173,0.057868390114074235,0.07861632510619354
Wang,CDC5L_+_+,CDC5L (+),asd_da_proband,11,11,24839,1,1.5597,0.6411436737912456,0.01623235242338894,3.5722239127212787,1,1
Wang,CDC5L_+_+,CDC5L (+),proband,11,11,38680,3,2.4288,1.235162956047111,0.2547202960465575,3.6096703070983853,0.5259449536811942,0.6117259858820007
Wang,CDC5L_+_+,CDC5L (+),sibling,11,11,9567,0,0.6007,0,0,6.140562533375621,NA,NA
Wang,CEBPB_+_+,CEBPB (+),asd_d_proband,49,49,13841,18,5.8387,3.082897884440643,1.8271206701795428,4.8723077747687,4.047382599852503e-5,7.23721383023385e-5
Wang,CEBPB_+_+,CEBPB (+),asd_da_proband,49,49,24839,10,10.478,0.9543770687347168,0.4576609007258468,1.7551334092368718,1,1
Wang,CEBPB_+_+,CEBPB (+),proband,49,49,38680,28,16.3167,1.7160331341479982,1.1402915553096975,2.480145668021006,0.008542432780087667,0.013575091646351014
Wang,CEBPB_+_+,CEBPB (+),sibling,49,49,9567,5,4.0357,1.238934462752254,0.4022786477053923,2.891259747182104,0.6110575323827246,1
Wang,CEBPD_+_+,CEBPD (+),asd_d_proband,20,20,13841,5,3.2414,1.5425420908187715,0.5008592181258176,3.5997786724012264,0.26590746919222863,0.31783360587998144
Wang,CEBPD_+_+,CEBPD (+),asd_da_proband,20,20,24839,5,5.817,0.8595484954717427,0.2790930568090278,2.005899456689294,1,1
Wang,CEBPD_+_+,CEBPD (+),proband,20,20,38680,10,9.0584,1.1039464880570122,0.5293852509963695,2.030196896670358,0.7373878676492346,0.8074467917349105
Wang,CEBPD_+_+,CEBPD (+),sibling,20,20,9567,2,2.2405,0.8926654156589366,0.10810592315394979,3.2246144099574003,1,1
Wang,CPEB1_+_+,CPEB1 (+),asd_d_proband,63,62,13841,59,13.7368,4.2950168157739785,3.2695657998486176,5.5402587648904325,1.379691325808795e-19,4.416598094686775e-19
Wang,CPEB1_+_+,CPEB1 (+),asd_da_proband,63,62,24839,56,24.6521,2.271612475077907,1.7159516512480488,2.9498777486768586,4.8908180403496706e-8,2.1998938516154492e-07
Wang,CPEB1_+_+,CPEB1 (+),proband,63,62,38680,112,38.3889,2.9175068391137606,2.4022661061376063,3.5105188440060484,4.393525081665343e-22,1.6822188316040793e-21
Wang,CPEB1_+_+,CPEB1 (+),sibling,63,62,9567,13,9.495,1.3691401422486182,0.7290094629362401,2.3412713407408576,0.2519188110790418,1
Wang,CPEB1_-_+,CPEB1 (-),asd_d_proband,32,32,13841,69,12.1464,5.680689409605849,4.419915436648007,7.189276019803383,2.5176166426919963e-29,1.0387499777625496e-28
Wang,CPEB1_-_+,CPEB1 (-),asd_da_proband,32,32,24839,43,21.7979,1.9726669613699157,1.4276288612504642,2.6571694512412516,5.7045994619191756e-5,1.672855270780974e-4
Wang,CPEB1_-_+,CPEB1 (-),proband,32,32,38680,106,33.9443,3.1227615456984785,2.5566612865219454,3.7768901341911114,4.217616918804254e-23,1.6594141049502254e-22
Wang,CPEB1_-_+,CPEB1 (-),sibling,32,32,9567,9,8.3957,1.071978705582431,0.4901769251018205,2.034949498775841,0.7299761435247263,1
Wang,CREB1_-_+,CREB1 (-),asd_d_proband,33,33,13841,64,12.9812,4.930198061806234,3.796853263489783,6.295752858939279,4.050035153471058e-24,1.4648503769372593e-23
Wang,CREB1_-_+,CREB1 (-),asd_da_proband,33,33,24839,49,23.296,2.103361081174982,1.5560781070203722,2.780754895827819,3.420768373133177e-6,1.2106731953816167e-5
Wang,CREB1_-_+,CREB1 (-),proband,33,33,38680,109,36.2773,3.004636189449954,2.4671189575975707,3.6244855117941177,1.8133986914884922e-22,7.085917489686197e-22
Wang,CREB1_-_+,CREB1 (-),sibling,33,33,9567,10,8.9727,1.114489772353208,0.5344411656297782,2.0495863718762832,0.7360990145774432,1
Wang,CREB3L2_+_+,CREB3L2 (+),asd_d_proband,61,61,13841,24,10.3283,2.3237219565800533,1.48885250376326,3.4575140770925357,2.2439606574133148e-4,3.845803342089896e-4
Wang,CREB3L2_+_+,CREB3L2 (+),asd_da_proband,61,61,24839,13,18.535,0.7013739529458357,0.37345209082450853,1.1993708200515434,0.24361170095078863,0.3477087362496086
Wang,CREB3L2_+_+,CREB3L2 (+),proband,61,61,38680,34,28.8633,1.177966229785886,0.8157758577634372,1.6460897356326853,0.35042168057884937,0.43271768132085187
Wang,CREB3L2_+_+,CREB3L2 (+),sibling,61,61,9567,11,7.139,1.5408391328319124,0.7691813434994704,2.756986832290953,0.18348076055974902,1
Wang,CREB3L2_extended_-_+,CREB3L2 (-),asd_d_proband,10,10,13841,5,2.0202,2.4750203056463578,0.803632356296719,5.775871765869677,0.05449259964218797,0.07448436319189866
Wang,CREB3L2_extended_-_+,CREB3L2 (-),asd_da_proband,10,10,24839,4,3.6254,1.1033215846193885,0.3006179977627996,2.8249414615915978,0.7884446031256496,0.8761357843787976
Wang,CREB3L2_extended_-_+,CREB3L2 (-),proband,10,10,38680,9,5.6456,1.594161346711795,0.7289520799042369,3.0262148087134118,0.19818961003950852,0.2602236421807586
Wang,CREB3L2_extended_-_+,CREB3L2 (-),sibling,10,10,9567,0,1.3964,0,0,2.641769490103539,NA,NA
Wang,CREB5_-_+,CREB5 (-),asd_d_proband,78,74,13841,95,20.3055,4.678541415685722,3.785219391202843,5.719274267452378,3.1151648550050614e-33,1.5022916227167265e-32
Wang,CREB5_-_+,CREB5 (-),asd_da_proband,78,74,24839,69,36.4401,1.8935175073498258,1.473269643319479,2.396367593279934,1.2373079550752368e-6,4.656402270933141e-6
Wang,CREB5_-_+,CREB5 (-),proband,78,74,38680,158,56.7456,2.784357288970762,2.367126968062204,3.25394987642675,2.5115021838526563e-28,1.1890555982472535e-27
Wang,CREB5_-_+,CREB5 (-),sibling,78,74,9567,14,14.0353,0.9974855278650683,0.54533462013558065,1.6736112231474727,1,1
Wang,CREM_+_+,CREM (+),asd_d_proband,28,27,13841,6,4.6792,1.282274494949183,0.47057214030441485,2.7909717427545204,0.4823497071156154,0.5433140280351826
Wang,CREM_+_+,CREM (+),asd_da_proband,28,27,24839,10,8.3972,1.1908665998759775,0.5710668231646928,2.1900460770266355,0.49121773895067855,0.618956280441201
Wang,CREM_+_+,CREM (+),proband,28,27,38680,16,13.0764,1.2235754074175555,0.699379066356487,1.9870098044603133,0.4040171579409715,0.4890190164352044
Wang,CREM_+_+,CREM (+),sibling,28,27,9567,3,3.2343,0.9275614761467358,0.19128547585462624,2.7107282501172376,1,1
Wang,CTCFL_+_+,CTCFL (+),asd_d_proband,18,18,13841,4,2.3886,1.6745963176766456,0.45627113535948133,4.287631670747467,0.3106599283687604,0.36544367497655655
Wang,CTCFL_+_+,CTCFL (+),asd_da_proband,18,18,24839,6,4.2866,1.3996993216089086,0.513664982144283,3.046556154981428,0.33381548674058353,0.44919867047689965
Wang,CTCFL_+_+,CTCFL (+),proband,18,18,38680,10,6.6753,1.498066677414843,0.718381201092781,2.7549979572341554,0.17595261404275273,0.2323633479430334
Wang,CTCFL_+_+,CTCFL (+),sibling,18,18,9567,1,1.651,0.6056780504066701,0.015334440580495119,3.3746221065850808,1,1
Wang,CUX1_+_+,CUX1 (+),asd_d_proband,94,92,13841,51,23.1968,2.198575331279447,1.6369837433891135,2.8907205301804426,6.204203227241467e-7,1.2341932848476777e-6
Wang,CUX1_+_+,CUX1 (+),asd_da_proband,94,92,24839,58,41.629,1.3932611565887072,1.0579616093984472,1.8011131312158861,0.015877686102343587,0.030620673293309586
Wang,CUX1_+_+,CUX1 (+),proband,94,92,38680,103,64.8258,1.588873795802968,1.296890289305288,1.9269715689142957,1.2349917046919245e-5,2.39240328532001e-5
Wang,CUX1_+_+,CUX1 (+),sibling,94,92,9567,10,16.0338,0.6236815105896868,0.2990795265868585,1.1469725036567822,0.1669253247530283,1
Wang,CUX1_-_+,CUX1 (-),asd_d_proband,68,68,13841,49,13.2815,3.6893352492198757,2.729390527451717,4.877496854171775,4.16830098811925e-14,1.1270600244574865e-13
Wang,CUX1_-_+,CUX1 (-),asd_da_proband,68,68,24839,29,23.835,1.2166996981779943,0.8148428832393614,1.7473837221031947,0.30376174575929216,0.4146880422759865
Wang,CUX1_-_+,CUX1 (-),proband,68,68,38680,71,37.1165,1.9128961505688291,1.4939877640179695,2.4128582082406296,6.400206323472596e-7,1.3473497075797475e-6
Wang,CUX1_-_+,CUX1 (-),sibling,68,68,9567,9,9.1803,0.9803614948922437,0.44828370242057164,1.8610314946192734,1,1
Wang,CUX2_+_+,CUX2 (+),asd_d_proband,138,138,13841,135,43.4091,3.109949198955878,2.6074897184317183,3.681001261090744,9.067795146387632e-29,3.6516325327682303e-28
Wang,CUX2_+_+,CUX2 (+),asd_da_proband,138,138,24839,138,77.9017,1.771462543836907,1.4882456267088915,2.09288969599635,7.046277505229713e-10,3.824638126636705e-9
Wang,CUX2_+_+,CUX2 (+),proband,138,138,38680,260,121.3108,2.143255158051737,1.8906319593355896,2.4202333216749277,8.122309193135256e-28,3.7520464734280676e-27
Wang,CUX2_+_+,CUX2 (+),sibling,138,138,9567,27,30.0047,0.8998600786609868,0.5930134620147469,1.3092491699699602,0.648329659679775,1
Wang,CUX2_-_+,CUX2 (-),asd_d_proband,110,108,13841,74,23.41,3.161037623206926,2.482094424001504,3.968393266132804,6.467046848899698e-17,1.881015715319651e-16
Wang,CUX2_-_+,CUX2 (-),asd_da_proband,110,108,24839,64,42.0115,1.5233906310910654,1.1731964145693579,1.9453358264189404,0.0014800486991356108,0.0034524276473638527
Wang,CUX2_-_+,CUX2 (-),proband,110,108,38680,133,65.4216,2.0329682187153564,1.7021618059081711,2.409297138399952,2.221832056509511e-13,6.41800095310722e-13
Wang,CUX2_-_+,CUX2 (-),sibling,110,108,9567,19,16.1812,1.174203149216951,0.7069469999921894,1.8336636686163592,0.4542662327213184,1
Wang,DBP_+_+,DBP (+),asd_d_proband,83,80,13841,63,13.2692,4.747839460840211,3.648370203475865,6.074549138424707,6.021294652075069e-23,2.1160007073853712e-22
Wang,DBP_+_+,DBP (+),asd_da_proband,83,80,24839,43,23.8128,1.8057486256137414,1.3068292340128669,2.432331548387479,4.2623174242556634e-4,0.0011217147720243925
Wang,DBP_+_+,DBP (+),proband,83,80,38680,102,37.082,2.750658348395428,2.242833157702514,3.339111559407937,1.4447094868151836e-18,5.025650989195502e-18
Wang,DBP_+_+,DBP (+),sibling,83,80,9567,9,9.1718,0.9812726183381768,0.4487003260781032,1.8627610907296899,1,1
Wang,DBX2_+_+,DBX2 (+),asd_d_proband,142,138,13841,39,23.5612,1.6552603512075543,1.177051921570202,2.2627953906701985,0.0036127526296104205,0.005676454766411859
Wang,DBX2_+_+,DBX2 (+),asd_da_proband,142,138,24839,62,42.2829,1.4663132401444308,1.1242139532407962,1.8797473976290175,0.004264716920135591,0.009259356543909773
Wang,DBX2_+_+,DBX2 (+),proband,142,138,38680,99,65.8442,1.503550097834508,1.222011326979964,1.830518294809568,1.2572873105826975e-4,2.2698810464792055e-4
Wang,DBX2_+_+,DBX2 (+),sibling,142,138,9567,13,16.2857,0.7982460026153708,0.4250323774028687,1.36502497524826,0.5336561593514619,1
Wang,DEAF1_+_+,DEAF1 (+),asd_d_proband,12,11,13841,4,2.2735,1.7593698742511938,0.4793690763369194,4.504685644994364,0.2982425976745118,0.35232476543945507
Wang,DEAF1_+_+,DEAF1 (+),asd_da_proband,12,11,24839,4,4.0801,0.9803711272398556,0.2671181362204316,2.510139458608116,1,1
Wang,DEAF1_+_+,DEAF1 (+),proband,12,11,38680,8,6.3536,1.2591229798092438,0.5435999327685774,2.4809742227783445,0.4282972650881868,0.5165826421412485
Wang,DEAF1_+_+,DEAF1 (+),sibling,12,11,9567,0,1.5715,0,0,2.347379557351908,NA,NA
Wang,DLX1_+_+,DLX1 (+),asd_d_proband,106,101,13841,42,15.3262,2.7403999994671264,1.9750392774559964,3.7042246986267524,1.4895742146754689e-8,3.160734619330423e-8
Wang,DLX1_+_+,DLX1 (+),asd_da_proband,106,101,24839,45,27.5044,1.636102632062964,1.1933844866987957,2.1892340465089815,0.002102354044373889,0.0047826175994403605
Wang,DLX1_+_+,DLX1 (+),proband,106,101,38680,81,42.8306,1.8911705248206185,1.5018623788644123,2.3505522863452772,1.6007698904399624e-7,3.465803500933581e-7
Wang,DLX1_+_+,DLX1 (+),sibling,106,101,9567,9,10.5936,0.8495694215075145,0.38847723795858863,1.6127473983101968,0.7585300961157929,1
Wang,DLX1_-_+,DLX1 (-),asd_d_proband,32,31,13841,39,9.5269,4.093682881852761,2.9110087116317582,5.596199262046123,7.065691536631521e-13,1.834773979442311e-12
Wang,DLX1_-_+,DLX1 (-),asd_da_proband,32,31,24839,29,17.0969,1.6962151932950744,1.1359819360263956,2.436047960220941,0.007300808085350238,0.015207771823543208
Wang,DLX1_-_+,DLX1 (-),proband,32,31,38680,67,26.6238,2.516549027813693,1.950290930635434,3.1959283082373218,4.091706090598345e-11,1.0683379060349455e-10
Wang,DLX1_-_+,DLX1 (-),sibling,32,31,9567,7,6.585,1.063014832970356,0.42738709558990456,2.190216834372246,0.8436235685079432,1
Wang,DLX2_+_+,DLX2 (+),asd_d_proband,37,35,13841,72,5.3594,13.434342776665464,10.511545833324229,16.918331351813254,2.5994571688476653e-54,1.844455596239681e-53
Wang,DLX2_+_+,DLX2 (+),asd_da_proband,37,35,24839,25,9.618,2.5993053370906787,1.6821333629661943,3.8370874370543055,2.5409427239262984e-5,7.924652859980086e-5
Wang,DLX2_+_+,DLX2 (+),proband,37,35,38680,90,14.9774,6.009072465480438,4.832003875690588,7.386170253017737,1.5507987414682738e-39,9.885259016845254e-39
Wang,DLX2_+_+,DLX2 (+),sibling,37,35,9567,2,3.7045,0.5398904172091178,0.06538323422251031,1.950269819566528,0.5983208632961192,1
Wang,DLX2_-_+,DLX2 (-),asd_d_proband,10,10,13841,9,2.047,4.396647238018945,2.0104270846673233,8.346205989642069,2.808004739925856e-4,4.7903786834263453e-4
Wang,DLX2_-_+,DLX2 (-),asd_da_proband,10,10,24839,5,3.6736,1.3610763186346786,0.44193777584317667,3.176298094226284,0.4263246254620022,0.5513407813821312
Wang,DLX2_-_+,DLX2 (-),proband,10,10,38680,13,5.7206,2.2724977808757405,1.2100093596256494,3.8860404147696284,0.009370555888774418,0.014829132134662427
Wang,DLX2_-_+,DLX2 (-),sibling,10,10,9567,1,1.4149,0.7067581201749092,0.01789356637792602,3.9378042092649332,1,1
Wang,DLX5_+_+,DLX5 (+),asd_d_proband,87,84,13841,56,13.0242,4.299686611018967,3.2479370583550287,5.583500706780398,1.0712204083579417e-18,3.3426877728592355e-18
Wang,DLX5_+_+,DLX5 (+),asd_da_proband,87,84,24839,39,23.3732,1.6685788858401156,1.186522701662481,2.2810022659542315,0.0025575928723768427,0.005740601099231522
Wang,DLX5_+_+,DLX5 (+),proband,87,84,38680,91,36.3974,2.5001793917414545,2.0129884871506576,3.069666267497185,2.750654318930543e-14,8.194508036291774e-14
Wang,DLX5_+_+,DLX5 (+),sibling,87,84,9567,12,9.0024,1.332974116003976,0.6887671770221044,2.328437524969653,0.3127703054785441,1
Wang,DLX6_+_+,DLX6 (+),asd_d_proband,36,35,13841,25,5.8588,4.267049983581293,2.7614097645258835,6.299007527760627,3.7135177073940698e-9,8.200150974974933e-9
Wang,DLX6_+_+,DLX6 (+),asd_da_proband,36,35,24839,17,10.5143,1.6168510165251861,0.9418752999507072,2.5887351042787428,0.06091301093365348,0.10248999902249593
Wang,DLX6_+_+,DLX6 (+),proband,36,35,38680,40,16.3731,2.443029527311217,1.7453361116762955,3.326712821142589,6.529385566116603e-7,1.3720126944639124e-6
Wang,DLX6_+_+,DLX6 (+),sibling,36,35,9567,8,4.0497,1.975465289357121,0.8528656975539266,3.89245414425753,0.07157473445942783,1
Wang,DRGX_+_+,DRGX (+),asd_d_proband,13,13,13841,1,1.4128,0.7078183856085902,0.017920409974588335,3.943711630161143,1,1
Wang,DRGX_+_+,DRGX (+),asd_da_proband,13,13,24839,6,2.5354,2.3664996840150967,0.8684636758534592,5.150873524615639,0.044427062133324154,0.0776441999203142
Wang,DRGX_+_+,DRGX (+),proband,13,13,38680,7,3.9482,1.7729679401876806,0.7128250660562132,3.6529915754332967,0.12463474087758589,0.16889339589231056
Wang,DRGX_+_+,DRGX (+),sibling,13,13,9567,2,0.9765,2.048064027429392,0.2480300552477601,7.398311460839096,0.25560851384168654,1
Wang,E2F1_+_+,E2F1 (+),asd_d_proband,105,99,13841,24,17.1108,1.4026207065544576,0.8986855526627866,2.0869884299199484,0.11354220484276781,0.1469059421542896
Wang,E2F1_+_+,E2F1 (+),asd_da_proband,105,99,24839,40,30.707,1.3026338419032066,0.9306207146286659,1.7738175714491,0.10310069293167945,0.16410657575064316
Wang,E2F1_+_+,E2F1 (+),proband,105,99,38680,63,47.8178,1.317499797013396,1.0124030187108606,1.6856545641090703,0.03544385338927701,0.0525896446257023
Wang,E2F1_+_+,E2F1 (+),sibling,105,99,9567,11,11.8271,0.9300651771437526,0.464285185425353,1.664143512402213,1,1
Wang,E2F2_+_+,E2F2 (+),asd_d_proband,179,173,13841,51,29.465,1.7308675559882174,1.2887445841864686,2.275771181425318,2.891662262460163e-4,4.925553150429085e-4
Wang,E2F2_+_+,E2F2 (+),asd_da_proband,179,173,24839,71,52.8778,1.3427197321832895,1.048675250766124,1.693658239733353,0.015893458414419324,0.030620673293309586
Wang,E2F2_+_+,E2F2 (+),proband,179,173,38680,117,82.3427,1.4208902242455193,1.175114928506069,1.702899640887093,3.266240656384056e-4,5.823094670209699e-4
Wang,E2F2_+_+,E2F2 (+),sibling,179,173,9567,22,20.3664,1.0802096105147478,0.6769616118849,1.6354503318426727,0.657525911182672,1
Wang,E2F3_-_+,E2F3 (-),asd_d_proband,184,180,13841,62,40.0543,1.547899294102314,1.1867655129882035,1.984337036739857,0.0011384865230728363,0.0018569165251876131
Wang,E2F3_-_+,E2F3 (-),asd_da_proband,184,180,24839,75,71.8813,1.0433875186687815,0.8206904717838234,1.3078952896753993,0.6797302438832866,0.7919664038640151
Wang,E2F3_-_+,E2F3 (-),proband,184,180,38680,132,111.9355,1.179250168928035,0.9866688644636894,1.3984402424287496,0.06499845290815276,0.09258830807515891
Wang,E2F3_-_+,E2F3 (-),sibling,184,180,9567,31,27.6858,1.119707020469851,0.7607865958055925,1.5893347377703566,0.5050660134562913,1
Wang,E2F5_-_+,E2F5 (-),asd_d_proband,23,23,13841,13,6.19,2.100162236308025,1.118247940240342,3.5913413850379485,0.013229508297407468,0.019494275454116295
Wang,E2F5_-_+,E2F5 (-),asd_da_proband,23,23,24839,17,11.1085,1.5303535498349967,0.8914873380722608,2.4502442809663365,0.09516207481078637,0.15239430136365648
Wang,E2F5_-_+,E2F5 (-),proband,23,23,38680,26,17.2985,1.5030168310620151,0.9818204951100981,2.202267899749261,0.05253299880965013,0.07589832926006172
Wang,E2F5_-_+,E2F5 (-),sibling,23,23,9567,6,4.2786,1.4023371451257627,0.5146330168848637,3.052297586263819,0.33295579324577207,1
Wang,E2F7_+_+,E2F7 (+),asd_d_proband,292,286,13841,81,48.9187,1.6558092373363429,1.314951543234054,2.0580196959984565,2.245532047621381e-5,4.07414120692218e-5
Wang,E2F7_+_+,E2F7 (+),asd_da_proband,292,286,24839,107,87.7893,1.2188279954884957,0.9988589558919542,1.4728288710463464,0.0425123527443568,0.07464455093060471
Wang,E2F7_+_+,E2F7 (+),proband,292,286,38680,179,136.7079,1.3093607447179918,1.124565903839451,1.5158567879361406,5.211298830370092e-4,9.091883739223663e-4
Wang,E2F7_+_+,E2F7 (+),sibling,292,286,9567,21,33.8129,0.6210638792214218,0.3844483299168372,0.9493621121945841,0.024968441429758632,1
Wang,E2F7_-_+,E2F7 (-),asd_d_proband,19,19,13841,23,6.6431,3.4622301774206274,2.1947569389245545,5.195045205317088,5.693127908958256e-7,1.1345517872235236e-6
Wang,E2F7_-_+,E2F7 (-),asd_da_proband,19,19,24839,14,11.9217,1.1743282222723113,0.6420161667688786,1.9703232152753791,0.5595257683557007,0.6802657730788796
Wang,E2F7_-_+,E2F7 (-),proband,19,19,38680,35,18.5648,1.8852855941715319,1.3131704933403698,2.6219758806636744,6.402372971262925e-4,0.0011085140455555384
Wang,E2F7_-_+,E2F7 (-),sibling,19,19,9567,4,4.5918,0.8711236157930369,0.2373518662502483,2.230422439595672,1,1
Wang,E2F8_+_+,E2F8 (+),asd_d_proband,159,156,13841,34,24.1479,1.4079881697631897,0.9750727379664482,1.9675223410782425,0.05223105013112702,0.07156874519812485
Wang,E2F8_+_+,E2F8 (+),asd_da_proband,159,156,24839,58,43.3358,1.338386179876231,1.0162927389186456,1.730174498738685,0.03286077896455173,0.0589822248823194
Wang,E2F8_+_+,E2F8 (+),proband,159,156,38680,89,67.4837,1.3188369266185713,1.059134346996029,1.6229423232882476,0.012354625131848724,0.01939013380390563
Wang,E2F8_+_+,E2F8 (+),sibling,159,156,9567,15,16.6912,0.8986757907555527,0.5029820181051498,1.4822290505198659,0.806200453415253,1
Wang,EBF1_+_+,EBF1 (+),asd_d_proband,137,131,13841,139,27.4707,5.0599326161628495,4.253750359398777,5.974461171667628,1.5284630460671922e-51,1.0575825051669889e-50
Wang,EBF1_+_+,EBF1 (+),asd_da_proband,137,131,24839,101,49.2988,2.0487297219623324,1.668724006247245,2.4893923306660204,8.6361929729297715e-11,5.270411819696061e-10
Wang,EBF1_+_+,EBF1 (+),proband,137,131,38680,231,76.7696,3.00900504705862,2.6334563187429594,3.4230866176621944,1.144832709655676e-45,8.537608638674029e-45
Wang,EBF1_+_+,EBF1 (+),sibling,137,131,9567,21,18.988,1.1059638266030714,0.6846090399251796,1.6905831904939435,0.6447485262389627,1
Wang,EBF1_-_+,EBF1 (-),asd_d_proband,10,10,13841,7,4.1052,1.7051531095528016,0.6855599869585159,3.513267105868198,0.13840800405091408,0.17702240701804625
Wang,EBF1_-_+,EBF1 (-),asd_da_proband,10,10,24839,9,7.3672,1.2216342830910087,0.5586089848297559,2.319042401791694,0.4619319859115213,0.5906242492572
Wang,EBF1_-_+,EBF1 (-),proband,10,10,38680,16,11.4724,1.394653519829832,0.797164989322571,2.264829940948028,0.1811461057685603,0.23866940725395763
Wang,EBF1_-_+,EBF1 (-),sibling,10,10,9567,3,2.8375,1.057251453179247,0.21803066699095472,3.089737397801449,0.7642100930074384,1
Wang,EBF2_+_+,EBF2 (+),asd_d_proband,52,52,13841,56,12.5192,4.473138872642679,3.3789610327394395,5.808742896033613,1.9163784670705e-19,6.082181231671046e-19
Wang,EBF2_+_+,EBF2 (+),asd_da_proband,52,52,24839,51,22.4669,2.270010634161581,1.6901720184772724,2.9846447608779973,2.1499792936722945e-7,9.0911109459027e-7
Wang,EBF2_+_+,EBF2 (+),proband,52,52,38680,101,34.986,2.8868667033355084,2.351400342880552,3.5078047406150934,8.833029743753196e-20,3.209709215803311e-19
Wang,EBF2_+_+,EBF2 (+),sibling,52,52,9567,8,8.6533,0.9244981280330796,0.39913267274305075,1.8216298657374925,1,1
Wang,EBF3_+_+,EBF3 (+),asd_d_proband,19,19,13841,10,3.8722,2.5825293906171254,1.2384232247195146,4.749363498242414,0.006571473205434825,0.010083500207788424
Wang,EBF3_+_+,EBF3 (+),asd_da_proband,19,19,24839,10,6.949,1.4390591125058025,0.6900847801176697,2.646480944449183,0.2488326846987539,0.35337371198099765
Wang,EBF3_+_+,EBF3 (+),proband,19,19,38680,19,10.8212,1.7558195362334565,1.0571180587411084,2.7419297030374854,0.020860051738509584,0.031948079239784474
Wang,EBF3_+_+,EBF3 (+),sibling,19,19,9567,1,2.6765,0.3736258941730075,0.009459388646630814,2.081710243952674,0.5336890964874632,1
Wang,EGR1_+_+,EGR1 (+),asd_d_proband,447,432,13841,233,68.5416,3.3993974334834203,2.976888286162478,3.8650610958381697,1.492898216597113e-54,1.0729603956704412e-53
Wang,EGR1_+_+,EGR1 (+),asd_da_proband,447,432,24839,183,123.0044,1.4877517577944377,1.2799996356343903,1.7196163550312218,4.065988038780272e-7,1.6360613819143116e-6
Wang,EGR1_+_+,EGR1 (+),proband,447,432,38680,399,191.546,2.0830510817115857,1.8836489898171593,2.297817660049258,4.2143488842111725e-39,2.65666965573754e-38
Wang,EGR1_+_+,EGR1 (+),sibling,447,432,9567,42,47.3764,0.8865168736897575,0.6389233856390428,1.198313275401227,0.5124707311308554,1
Wang,EGR1_-_+,EGR1 (-),asd_d_proband,33,33,13841,58,12.0913,4.796842892908622,3.6424439187255837,6.201031789295593,1.8204602636188435e-21,6.2018126411969166e-21
Wang,EGR1_-_+,EGR1 (-),asd_da_proband,33,33,24839,38,21.699,1.7512351226508598,1.2392782010114975,2.4037070288826143,0.0012007924943953233,0.0028730442113063955
Wang,EGR1_-_+,EGR1 (-),proband,33,33,38680,93,33.7903,2.7522726396558794,2.221439232748538,3.3717199255001433,4.280587276035684e-17,1.4034914028611251e-16
Wang,EGR1_-_+,EGR1 (-),sibling,33,33,9567,9,8.3576,1.0768660992108903,0.49241175268569376,2.044227294279391,0.7289114162515835,1
Wang,EGR2_+_+,EGR2 (+),asd_d_proband,41,41,13841,13,6.285,2.0684327215173326,1.1013533099369748,3.5370829484157817,0.014388040906774667,0.021034485000192886
Wang,EGR2_+_+,EGR2 (+),asd_da_proband,41,41,24839,19,11.2789,1.6845542793185238,1.0142117187152944,2.6306401765814647,0.03460640161654312,0.06162559530769271
Wang,EGR2_+_+,EGR2 (+),proband,41,41,38680,30,17.5639,1.7080489200454259,1.1524134337687837,2.4383460395510683,0.005688586673076844,0.009154693080367671
Wang,EGR2_+_+,EGR2 (+),sibling,41,41,9567,3,4.3442,0.6905752297204669,0.1424132144634263,2.018153871386456,0.8073514426113517,1
Wang,EGR3_+_+,EGR3 (+),asd_d_proband,205,200,13841,79,32.1299,2.4587692207465945,1.9466307468113233,3.0643600699895206,2.665006738320306e-12,6.824867831008784e-12
Wang,EGR3_+_+,EGR3 (+),asd_da_proband,205,200,24839,92,57.6602,1.595555315553956,1.2862427790411755,1.9568069543357545,3.0137965266544947e-5,9.307574287890727e-5
Wang,EGR3_+_+,EGR3 (+),proband,205,200,38680,165,89.7901,1.8376196410071428,1.5679229759867308,2.1403900919549472,9.964894156658706e-13,2.786751037438133e-12
Wang,EGR3_+_+,EGR3 (+),sibling,205,200,9567,22,22.2084,0.9906153473977393,0.6208133641883925,1.49980354077581,1,1
Wang,EGR4_+_+,EGR4 (+),asd_d_proband,95,95,13841,39,12.2101,3.1940667202745208,2.2712936777467347,4.366394354131424,8.43241470135179e-10,1.9368474180012153e-9
Wang,EGR4_+_+,EGR4 (+),asd_da_proband,95,95,24839,39,21.9123,1.7798251731277284,1.2656296869315413,2.433079602863765,8.296768007276325e-4,0.0020771619205549752
Wang,EGR4_+_+,EGR4 (+),proband,95,95,38680,77,34.1224,2.2565819250653707,1.780859166260407,2.820340226697613,3.00653375356231e-10,7.522927659681131e-10
Wang,EGR4_+_+,EGR4 (+),sibling,95,95,9567,13,8.4397,1.5403323046346693,0.8201620794645827,2.6340151521199084,0.11870997166385897,1
Wang,ELF1_+_+,ELF1 (+),asd_d_proband,533,524,13841,132,98.4537,1.340732350606901,1.1217796704880294,1.589937506745612,0.0012294133520686732,0.0019993671156270103
Wang,ELF1_+_+,ELF1 (+),asd_da_proband,533,524,24839,222,176.6845,1.2564768549380818,1.096618875599774,1.4330845580988798,0.0010494827770046013,0.0025635496430214378
Wang,ELF1_+_+,ELF1 (+),proband,533,524,38680,343,275.1382,1.2466463812261623,1.1181916213862613,1.3858113890152033,7.727036011774197e-5,1.4151762583361732e-4
Wang,ELF1_+_+,ELF1 (+),sibling,533,524,9567,67,68.0519,0.9845429230675031,0.7630072422423732,1.2503347098465902,0.9516813493107961,1
Wang,ELF1_-_+,ELF1 (-),asd_d_proband,184,179,13841,223,56.9743,3.914043962592701,3.4171507859221593,4.462877594615591,3.179377669620101e-62,2.58527498099036e-61
Wang,ELF1_-_+,ELF1 (-),asd_da_proband,184,179,24839,199,102.2459,1.946288756951335,1.685254204905943,2.236302809152672,2.017864414504903e-17,2.255612796015877e-16
Wang,ELF1_-_+,ELF1 (-),proband,184,179,38680,408,159.2202,2.5624889578498746,2.3198448887225736,2.8236135291445628,6.784259476003765e-61,6.560033950949403e-60
Wang,ELF1_-_+,ELF1 (-),sibling,184,179,9567,45,39.381100000000004,1.142681101507401,0.8334794364723844,1.5289972173494528,0.37965280610728014,1
Wang,ELF2_+_+,ELF2 (+),asd_d_proband,392,382,13841,386,107.6562,3.585488414469273,3.2366793008071824,3.9616420973036073,1.8899906475931836e-95,2.845202137052441e-94
Wang,ELF2_+_+,ELF2 (+),asd_da_proband,392,382,24839,348,193.1993,1.8012484660639265,1.6169492563301793,2.0007983637417164,1.394542429108388e-23,2.217518876708972e-22
Wang,ELF2_+_+,ELF2 (+),proband,392,382,38680,697,300.8555,2.316726680309972,2.147904888724818,2.495291425519201,1.5641185505820235e-84,2.5136046003015336e-83
Wang,ELF2_+_+,ELF2 (+),sibling,392,382,9567,73,74.4127,0.9810148322793681,0.7689590279334625,1.233478867439878,0.9537291899955845,1
Wang,ELF2_-_+,ELF2 (-),asd_d_proband,229,219,13841,187,51.0668,3.6618718395937666,3.155813787462951,4.225994632822656,1.6776011572659965e-48,1.0865393541827442e-47
Wang,ELF2_-_+,ELF2 (-),asd_da_proband,229,219,24839,159,91.6442,1.7349701990893986,1.4757737089470613,2.0265864992253433,1.9289254742844197e-10,1.1283714302938394e-9
Wang,ELF2_-_+,ELF2 (-),proband,229,219,38680,328,142.711,2.2983511421337397,2.0563233929628946,2.561035844272075,4.684748274398846e-40,3.0544558749080475e-39
Wang,ELF2_-_+,ELF2 (-),sibling,229,219,9567,36,35.2977,1.0198956264797405,0.7143223582268392,1.4119654469147958,0.866189650563252,1
Wang,ELF5_extended_+_+,ELF5 (+),asd_d_proband,10,9,13841,0,0.8319,0,0,4.43454633185869,NA,NA
Wang,ELF5_extended_+_+,ELF5 (+),asd_da_proband,10,9,24839,1,1.4928,0.6698662456872361,0.01695954498346659,3.7322558405963413,1,1
Wang,ELF5_extended_+_+,ELF5 (+),proband,10,9,38680,1,2.3247,0.43016565865111833,0.010890851547164597,2.3967296490323817,0.7356980820977559,0.8071456843014804
Wang,ELF5_extended_+_+,ELF5 (+),sibling,10,9,9567,0,0.575,0,0,6.415653368794411,NA,NA
Wang,ELK1_+_+,ELK1 (+),asd_d_proband,20,20,13841,4,2.7738,1.44205013101305,0.39291012620610716,3.6922210727869182,0.3646681176194097,0.41966971387192403
Wang,ELK1_+_+,ELK1 (+),asd_da_proband,20,20,24839,5,4.9779,1.0044393827927667,0.3261387335326006,2.34402645439518,0.8237622957634785,0.9011895658110147
Wang,ELK1_+_+,ELK1 (+),proband,20,20,38680,9,7.7517,1.1610311709550456,0.5308973829073397,2.2039988174153335,0.5878935967296269,0.6681141373192275
Wang,ELK1_+_+,ELK1 (+),sibling,20,20,9567,4,1.9173,2.086277397653562,0.568440373870464,5.3416987423898545,0.12826888593934832,1
Wang,EMX1_+_+,EMX1 (+),asd_d_proband,54,53,13841,32,9.3359,3.4276329779353802,2.3444984195258547,4.838795053361971,5.162053420919132e-9,1.1319936045086443e-8
Wang,EMX1_+_+,EMX1 (+),asd_da_proband,54,53,24839,37,16.7541,2.208408548252412,1.55492342227201,3.0440002791761414,2.1668868280628064e-5,6.837138730880327e-5
Wang,EMX1_+_+,EMX1 (+),proband,54,53,38680,67,26.09,2.568030279851862,1.990188193847121,3.261307678523314,2.1225319513299074e-11,5.6089392541346434e-11
Wang,EMX1_+_+,EMX1 (+),sibling,54,53,9567,7,6.453,1.0847610155130434,0.4361301888270111,2.2350222816821748,0.6950382509035541,1
Wang,EMX1_-_+,EMX1 (-),asd_d_proband,22,22,13841,28,8.617,3.2494059661586743,2.159206666381377,4.696296341976695,1.3006992226038251e-7,2.668469491677092e-7
Wang,EMX1_-_+,EMX1 (-),asd_da_proband,22,22,24839,25,15.464,1.616662304440677,1.0462186031569725,2.386512476934209,0.021260815012916632,0.03993920158000479
Wang,EMX1_-_+,EMX1 (-),proband,22,22,38680,53,24.0809,2.20091269280259,1.6486346365428837,2.878847991530105,3.381811393221604e-7,7.215276785472798e-7
Wang,EMX1_-_+,EMX1 (-),sibling,22,22,9567,5,5.9561,0.8394747565590462,0.27257516842431717,1.9590540463479011,1,1
Wang,EMX2_+_+,EMX2 (+),asd_d_proband,388,374,13841,191,59.0516,3.23446099729971,2.7920000126987907,3.7271228843063935,3.5619815309431785e-42,2.0666913674326567e-41
Wang,EMX2_+_+,EMX2 (+),asd_da_proband,388,374,24839,138,105.9737,1.3022099184887406,1.0940159152618452,1.5384924337865364,0.002579053387152922,0.005777284273999304
Wang,EMX2_+_+,EMX2 (+),proband,388,374,38680,309,165.0253,1.8724405338284071,1.6694636520251134,2.0932909528716905,1.339063772453167e-23,5.398840156781143e-23
Wang,EMX2_+_+,EMX2 (+),sibling,388,374,9567,37,40.8169,0.9064878137238421,0.638251076631065,1.24947404330087,0.6380400621480848,1
Wang,EMX2_-_+,EMX2 (-),asd_d_proband,97,97,13841,155,34.9019,4.441013636798381,3.769393476046522,5.197788361370256,2.591001617291271e-50,1.7283687435104647e-49
Wang,EMX2_-_+,EMX2 (-),asd_da_proband,97,97,24839,135,62.6349,2.155348681855683,1.8071193990760053,2.551116017800136,1.7910505834008248e-15,1.699240427444984e-14
Wang,EMX2_-_+,EMX2 (-),proband,97,97,38680,282,97.5368,2.8912158769445315,2.5635832099136766,3.249115541383033,4.4197930406612656e-52,3.7080763672018417e-51
Wang,EMX2_-_+,EMX2 (-),sibling,97,97,9567,28,24.1245,1.1606469503123567,0.7712414695268885,1.6774579981220352,0.41415001196803203,1
Wang,EN2_+_+,EN2 (+),asd_d_proband,27,27,13841,3,3.6675,0.8179863782706167,0.1686884563814556,2.390503315209345,1,1
Wang,EN2_+_+,EN2 (+),asd_da_proband,27,27,24839,6,6.5818,0.9116107300329004,0.33454507131334044,1.9841927745856596,1,1
Wang,EN2_+_+,EN2 (+),proband,27,27,38680,9,10.2493,0.8781088000240646,0.401527259132245,1.6669240285969649,0.87527181792892494,0.9187535825730483
Wang,EN2_+_+,EN2 (+),sibling,27,27,9567,4,2.535,1.5778891971211604,0.4299216998403488,4.040023033069477,0.3291971910204512,1
Wang,EOMES_+_+,EOMES (+),asd_d_proband,176,173,13841,208,41.4892,5.013349014497535,4.3551477311921065,5.742931422749552,1.6818141875208016e-75,1.8368049067629148e-74
Wang,EOMES_+_+,EOMES (+),asd_da_proband,176,173,24839,146,74.4564,1.9608791195317876,1.655714788448299,2.305991496488164,2.274528752073956e-13,1.847440979202515e-12
Wang,EOMES_+_+,EOMES (+),proband,176,173,38680,336,115.9456,2.897909947305043,2.5962995548466696,3.2249403338919658,6.734248027098729e-62,6.922321620648333e-61
Wang,EOMES_+_+,EOMES (+),sibling,176,173,9567,26,28.6777,0.9066290857852564,0.5922402194644274,1.3284216725591058,0.7084106871943563,1
Wang,EOMES_-_+,EOMES (-),asd_d_proband,52,51,13841,73,19.1815,3.8057545427505324,2.9831040443570216,4.785164962530633,6.2990329007443506e-21,2.094663478038569e-20
Wang,EOMES_-_+,EOMES (-),asd_da_proband,52,51,24839,64,34.423,1.8592219990312668,1.4318274897028473,2.374184985889911,5.222072825804606e-6,1.8085031350715952e-5
Wang,EOMES_-_+,EOMES (-),proband,52,51,38680,133,53.6045,2.4811359335063767,2.0774032679908756,2.9404265396512725,6.427958678138088e-20,2.3507374524857556e-19
Wang,EOMES_-_+,EOMES (-),sibling,52,51,9567,22,13.2584,1.6593281840353364,1.0398921386890116,2.5122428117662454,0.026201838228145764,1
Wang,EPAS1_+_+,EPAS1 (+),asd_d_proband,52,51,13841,18,9.4306,1.9086752939540488,1.1312019447174142,3.0165298439421266,0.012738879365976046,0.018821102935938083
Wang,EPAS1_+_+,EPAS1 (+),asd_da_proband,52,51,24839,13,16.9242,0.7681327117012088,0.40899831824474514,1.3135303306774508,0.39522160889199065,0.5188432516733226
Wang,EPAS1_+_+,EPAS1 (+),proband,52,51,38680,29,26.3548,1.100369509888719,0.7369347304097356,1.5803141668873262,0.5589085007564405,0.6409191953397977
Wang,EPAS1_+_+,EPAS1 (+),sibling,52,51,9567,7,6.5185,1.0738639954782407,0.43174902160449397,2.2125702556290423,0.8427450307467669,1
Wang,ERF_+_+,ERF (+),asd_d_proband,34,34,13841,7,3.8607,1.8131383097542497,0.7289756380382204,3.735757889635902,0.11772440878902588,0.15196406881920604
Wang,ERF_+_+,ERF (+),asd_da_proband,34,34,24839,6,6.9284,0.8659992297357924,0.31780645458045736,1.8849157407092951,1,1
Wang,ERF_+_+,ERF (+),proband,34,34,38680,11,10.7891,1.0195454306337506,0.5089534055721332,1.8242484028904093,0.8785375997830567,0.9213340085960182
Wang,ERF_+_+,ERF (+),sibling,34,34,9567,3,2.6686,1.1242058569774929,0.23183827470264476,3.2854065782417874,0.7530641704949723,1
Wang,ERG_+_+,ERG (+),asd_d_proband,65,65,13841,16,11.9795,1.3356099302474285,0.7634164763121383,2.1689468505560927,0.24450922456047314,0.29478709541165266
Wang,ERG_+_+,ERG (+),asd_da_proband,65,65,24839,23,21.4984,1.0698449817443263,0.6781899460556021,1.6052927616106845,0.7453398018045818,0.8423129095164089
Wang,ERG_+_+,ERG (+),proband,65,65,38680,38,33.478,1.1350742109828673,0.8032460678792808,1.5579780373025667,0.43550230558427405,0.5225111784139398
Wang,ERG_+_+,ERG (+),sibling,65,65,9567,8,8.2803,0.9661428370729935,0.4171119022522237,1.9036865443144997,1,1
Wang,ESR2_+_+,ESR2 (+),asd_d_proband,86,86,13841,42,21.7137,1.9342668761969086,1.394049428665108,2.6145669018892996,9.177273071168916e-5,1.5949270204808382e-4
Wang,ESR2_+_+,ESR2 (+),asd_da_proband,86,86,24839,36,38.9672,0.9238531974524421,0.6470554216782332,1.2790022419519733,0.7481435554979864,0.8429681378814636
Wang,ESR2_+_+,ESR2 (+),proband,86,86,38680,75,60.6809,1.2359741022234365,0.9721720366758011,1.5493042398295847,0.07180866287413677,0.10140307467746294
Wang,ESR2_+_+,ESR2 (+),sibling,86,86,9567,7,15.0086,0.46639817137802536,0.1875162544032493,0.9609584878681271,0.03749236073833637,1
Wang,ESR2_-_+,ESR2 (-),asd_d_proband,30,29,13841,30,9.0457,3.3165030337487105,2.2376306699255974,4.734514300260909,3.081404443147664e-8,6.476763301257543e-8
Wang,ESR2_-_+,ESR2 (-),asd_da_proband,30,29,24839,25,16.2333,1.540041818984792,0.9966338648682924,2.2734055256389665,0.03455821949795898,0.06162559530769271
Wang,ESR2_-_+,ESR2 (-),proband,30,29,38680,52,25.279,2.0570435724629665,1.536298529910001,2.697538969122295,3.2708182931580312e-6,6.57042900086851e-6
Wang,ESR2_-_+,ESR2 (-),sibling,30,29,9567,6,6.2524,0.9596261835500346,0.35216589650969626,2.088702202566737,1,1
Wang,ESRRG_+_+,ESRRG (+),asd_d_proband,41,39,13841,23,8.7826,2.6188232542246928,1.660109297905972,3.929520711580355,4.669287618450428e-5,8.282780902792637e-5
Wang,ESRRG_+_+,ESRRG (+),asd_da_proband,41,39,24839,25,15.7612,1.5861772712671331,1.026490297043561,2.3415105542515455,0.03061468632901493,0.05530236938473257
Wang,ESRRG_+_+,ESRRG (+),proband,41,39,38680,43,24.5437,1.7519746239536564,1.2679127223774942,2.359898321045877,7.648266009178436e-4,0.0013182283257511473
Wang,ESRRG_+_+,ESRRG (+),sibling,41,39,9567,3,6.0706,0.4941869832675362,0.1019132366818332,1.4442240766062233,0.3051513481798397,1
Wang,ETS1_+_+,ETS1 (+),asd_d_proband,94,85,13841,60,21.8373,2.747587524877999,2.0966987375383352,3.5366897807800104,1.375143874990025e-11,3.4347764052441427e-11
Wang,ETS1_+_+,ETS1 (+),asd_da_proband,94,85,24839,53,39.1892,1.3524135589109387,1.0130505600890682,1.768990233243229,0.030877313163573485,0.055687678213537484
Wang,ETS1_+_+,ETS1 (+),proband,94,85,38680,110,61.0265,1.802494606386592,1.4814313518470381,2.1724934448359075,1.3959307760399193e-8,3.2176909403263597e-8
Wang,ETS1_+_+,ETS1 (+),sibling,94,85,9567,13,15.0941,0.861262092111552,0.45858579106913094,1.4727844074570478,0.6992192822766492,1
Wang,ETS2_+_+,ETS2 (+),asd_d_proband,267,261,13841,226,51.9932,4.346722944540809,3.798450396921902,4.951903793757525,7.622426388685494e-71,7.51449822742977e-70
Wang,ETS2_+_+,ETS2 (+),asd_da_proband,267,261,24839,165,93.3068,1.7683605829398392,1.5088286639671835,2.0597197517184105,1.7666622858599854e-11,1.1462998395034043e-10
Wang,ETS2_+_+,ETS2 (+),proband,267,261,38680,373,145.3,2.5671033621363657,2.3131643778862476,2.84130842541132,6.456303147576041e-56,5.8465411836383035e-55
Wang,ETS2_+_+,ETS2 (+),sibling,267,261,9567,40,35.9381,1.1130257360596916,0.7951619039611391,1.5156251469815964,0.5035535262758595,1
Wang,ETS2_-_+,ETS2 (-),asd_d_proband,12,11,13841,14,5.0913,2.7498136090091285,1.5033486882984557,4.61371998794941,8.276717111998769e-4,0.0013659648685580188
Wang,ETS2_-_+,ETS2 (-),asd_da_proband,12,11,24839,11,9.1367,1.2039300862849573,0.6009975613392713,2.154163484143952,0.5049514762440942,0.6327305401549194
Wang,ETS2_-_+,ETS2 (-),proband,12,11,38680,25,14.228,1.7570990066061893,1.13710183212074,2.593824752983995,0.00761061814297849,0.01214505636522861
Wang,ETS2_-_+,ETS2 (-),sibling,12,11,9567,2,3.5191,0.5683251976630284,0.06882681805215916,2.0529860234064308,0.5954952212994815,1
Wang,ETV1_+_+,ETV1 (+),asd_d_proband,111,111,13841,43,25.9276,1.6584632539345803,1.2002380802262431,2.2339391193031495,0.002136619331187147,0.0034247394747373835
Wang,ETV1_+_+,ETV1 (+),asd_da_proband,111,111,24839,52,46.5296,1.117568372580669,0.8346535148080846,1.4655422354935133,0.41923626409860626,0.5446694386275334
Wang,ETV1_+_+,ETV1 (+),proband,111,111,38680,92,72.4572,1.269714936262466,1.0235694446239307,1.5571926545459547,0.025382543133905908,0.03851260866460989
Wang,ETV1_+_+,ETV1 (+),sibling,111,111,9567,17,17.9214,0.9485888464976382,0.5525879596779415,1.518782634489851,1,1
Wang,ETV1_-_+,ETV1 (-),asd_d_proband,17,17,13841,12,5.3642,2.237071878225505,1.1559276837122936,3.90771436952574,0.01385980489967664,0.020342322342871907
Wang,ETV1_-_+,ETV1 (-),asd_da_proband,17,17,24839,16,9.6265,1.6620804308557358,0.9500225755555619,2.6991144901173536,0.050515412833143,0.087071604715448
Wang,ETV1_-_+,ETV1 (-),proband,17,17,38680,28,14.9906,1.8678316362085017,1.2411605575240368,2.6995367682309426,0.0025636059291403567,0.004288965344793471
Wang,ETV1_-_+,ETV1 (-),sibling,17,17,9567,5,3.7077,1.3485293137224843,0.43786379750083737,3.1470175702430088,0.4297702667096757,1
Wang,ETV2_+_+,ETV2 (+),asd_d_proband,15,15,13841,3,1.2107,2.4779724751664873,0.5110174972293728,7.24168711636329,0.12283437256194024,0.15819363125318084
Wang,ETV2_+_+,ETV2 (+),asd_da_proband,15,15,24839,3,2.1727,1.380797013920824,0.2847535399634345,4.035274824976219,0.48382049948777694,0.6109992661316557
Wang,ETV2_+_+,ETV2 (+),proband,15,15,38680,6,3.3833,1.7734031555728724,0.6508077028964081,3.8599520736094317,0.16129332728494147,0.21524641687967044
Wang,ETV2_+_+,ETV2 (+),sibling,15,15,9567,1,0.8368,1.1949972833273874,0.030254711761030843,6.6580987158409775,0.5669153121198257,1
Wang,ETV5_+_+,ETV5 (+),asd_d_proband,94,90,13841,72,21.0225,3.424896286195736,2.679770412681416,4.313090054252453,2.903562118160686e-18,8.910656197330591e-18
Wang,ETV5_+_+,ETV5 (+),asd_da_proband,94,90,24839,58,37.727,1.5373624982887801,1.1673837996752192,1.9873975313331615,0.0018918311051754379,0.004350055636951261
Wang,ETV5_+_+,ETV5 (+),proband,94,90,38680,124,58.7495,2.110656776993983,1.7555351063359104,2.5165209957484236,1.1353235742092594e-13,3.313054215275614e-13
Wang,ETV5_+_+,ETV5 (+),sibling,94,90,9567,17,14.5309,1.169918326674155,0.6815205381273818,1.873152572776487,0.5094550791883389,1
Wang,ETV5_-_+,ETV5 (-),asd_d_proband,21,20,13841,53,4.7131,11.245293593472077,8.42349656890944,14.709120894073182,1.1142151552841794e-36,5.800166742927924e-36
Wang,ETV5_-_+,ETV5 (-),asd_da_proband,21,20,24839,24,8.4581,2.837523923542275,1.8180551188971492,4.222010676429339,9.201982021654438e-6,3.0828005051774066e-5
Wang,ETV5_-_+,ETV5 (-),proband,21,20,38680,71,13.1712,5.390564921920811,4.210075927069726,6.79946416068792,8.529641764607645e-29,4.106464663889166e-28
Wang,ETV5_-_+,ETV5 (-),sibling,21,20,9567,2,3.2577,0.6139268382361814,0.07434938828398147,2.217714828544851,0.778292548571192,1
Wang,ETV6_+_+,ETV6 (+),asd_d_proband,101,97,13841,48,22.8628,2.0994845926740378,1.5479942028520883,2.783611977628899,4.641903696047342e-6,8.779423968415515e-6
Wang,ETV6_+_+,ETV6 (+),asd_da_proband,101,97,24839,44,41.0294,1.0724016959862008,0.7792087140078512,1.4396492220323598,0.6388419241907859,0.7560299081880474
Wang,ETV6_+_+,ETV6 (+),proband,101,97,38680,85,63.8922,1.3303667544661943,1.0626497120457927,1.64501909409629,0.010263673214766915,0.016220015426660732
Wang,ETV6_+_+,ETV6 (+),sibling,101,97,9567,18,15.8029,1.1390312890875414,0.6750621299448905,1.8001605027319856,0.5288496511853574,1
Wang,ETV6_-_+,ETV6 (-),asd_d_proband,31,30,13841,64,7.4651,8.57320566808861,6.6024130291280505,10.947792242522814,3.817211602166838e-37,2.005836662648046e-36
Wang,ETV6_-_+,ETV6 (-),asd_da_proband,31,30,24839,27,13.3969,2.0153960069122587,1.328158667921081,2.9322953776736367,8.595480619544331e-4,0.002142229055069658
Wang,ETV6_-_+,ETV6 (-),proband,31,30,38680,84,20.862,4.026461563941803,3.211663434004789,4.985033396252347,2.328244887376381e-25,1.0178265963587934e-24
Wang,ETV6_-_+,ETV6 (-),sibling,31,30,9567,7,5.1599,1.3566037184529194,0.5454250543954794,2.795122146532107,0.3733692735850965,1
Wang,FEZF2_extended_+_+,FEZF2 (+),asd_d_proband,77,75,13841,47,14.2108,3.3073510082095137,2.4301171198953844,4.398075706475956,5.491072452078771e-12,1.3839490297773192e-11
Wang,FEZF2_extended_+_+,FEZF2 (+),asd_da_proband,77,75,24839,40,25.5026,1.5684684364628334,1.1205368463949434,2.1358088384961538,0.007127896307843493,0.014957983144154838
Wang,FEZF2_extended_+_+,FEZF2 (+),proband,77,75,38680,85,39.7134,2.140337989226039,1.7096259661451996,2.6465610691761783,3.368047423165573e-10,8.390703296576243e-10
Wang,FEZF2_extended_+_+,FEZF2 (+),sibling,77,75,9567,10,9.8226,1.0180617616102312,0.48820018635903745,1.8722518268775976,0.8728329490380571,1
Wang,FLI1_+_+,FLI1 (+),asd_d_proband,166,161,13841,58,33.0058,1.7572676172609438,1.334366976147587,2.271675891875497,7.710493901548347e-5,1.3463150793612628e-4
Wang,FLI1_+_+,FLI1 (+),asd_da_proband,166,161,24839,52,59.232,0.877903170005493,0.6556600781518204,1.1512532082003077,0.39769700960414883,0.5214865549861604
Wang,FLI1_+_+,FLI1 (+),proband,166,161,38680,103,92.2378,1.1166784635748663,0.9114691547636183,1.3542974002162382,0.25207733428572493,0.3231688072134968
Wang,FLI1_+_+,FLI1 (+),sibling,166,161,9567,14,22.8138,0.6136625816241933,0.33549504378044276,1.0296215384999856,0.07364234851821738,1
Wang,FOSL2_+_+,FOSL2 (+),asd_d_proband,46,44,13841,20,8.6264,2.3184619332872476,1.4161767808008574,3.5806764174171017,8.183265536157761e-4,0.0013525456687358674
Wang,FOSL2_+_+,FOSL2 (+),asd_da_proband,46,44,24839,25,15.4809,1.614891482076009,1.0450726202910932,2.3838983937975478,0.021383885231423823,0.040037158252533164
Wang,FOSL2_+_+,FOSL2 (+),proband,46,44,38680,43,24.1073,1.7836902269920345,1.2908654615555804,2.4026190302033665,4.6661876558299145e-4,8.190954023541434e-4
Wang,FOSL2_+_+,FOSL2 (+),sibling,46,44,9567,3,5.9626,0.5031331392070992,0.10375814911079473,1.4703685406217721,0.30349784966740767,1
Wang,FOS_+_+,FOS (+),asd_d_proband,93,91,13841,15,12.1633,1.233214624552375,0.6902208638475059,2.0339999817961996,0.3875661269592009,0.44281914403338435
Wang,FOS_+_+,FOS (+),asd_da_proband,93,91,24839,27,21.8283,1.2369283189006384,0.8151435562591426,1.7996657627514439,0.28232560913083976,0.38990384570057784
Wang,FOS_+_+,FOS (+),proband,93,91,38680,41,33.9916,1.2061804004750194,0.865575880187139,1.6363199105968556,0.22883341172921623,0.29704086778502353
Wang,FOS_+_+,FOS (+),sibling,93,91,9567,6,8.4074,0.7136583513506605,0.2619000371324623,1.5533337834029106,0.6012166809817223,1
Wang,FOXC1_+_+,FOXC1 (+),asd_d_proband,37,37,13841,3,3.8258,0.7841519867650323,0.16171099144157533,2.2916248653833353,1,1
Wang,FOXC1_+_+,FOXC1 (+),asd_da_proband,37,37,24839,12,6.8657,1.7478075041370122,0.9031176420824883,3.053067970484156,0.055719065354418576,0.09488208866536738
Wang,FOXC1_+_+,FOXC1 (+),proband,37,37,38680,15,10.6915,1.402979272080508,0.785236848360475,2.3140009508953105,0.21668254140786056,0.2828773223642665
Wang,FOXC1_+_+,FOXC1 (+),sibling,37,37,9567,4,2.6444,1.5126229258652746,0.4121388375634755,3.8729154569244506,0.34474013954900506,1
Wang,FOXG1_+_+,FOXG1 (+),asd_d_proband,234,229,13841,225,52.7126,4.268428111773159,3.728876866779821,4.864113662711185,3.572657041130259e-69,3.3728304608636513e-68
Wang,FOXG1_+_+,FOXG1 (+),asd_da_proband,234,229,24839,185,94.5978,1.95564734607936,1.683981723558274,2.2586620669923185,2.0611890785522992e-16,2.0964706934104017e-15
Wang,FOXG1_+_+,FOXG1 (+),proband,234,229,38680,390,147.3104,2.6474700980202686,2.391205134069265,2.9237170764069313,1.1679093882851586e-61,1.1792784177286426e-60
Wang,FOXG1_+_+,FOXG1 (+),sibling,234,229,9567,44,36.4353,1.2076186863557836,0.8774575862096071,1.6211717202899827,0.21295535084334138,1
Wang,FOXG1_-_+,FOXG1 (-),asd_d_proband,163,159,13841,87,42.5504,2.044635973753883,1.6376695974945368,2.522050919812376,2.0902097433477803e-9,4.713549907063618e-9
Wang,FOXG1_-_+,FOXG1 (-),asd_da_proband,163,159,24839,117,76.3607,1.532201798890194,1.2671726334916391,1.8363036416005498,1.6239779239805045e-5,5.268595046476982e-5
Wang,FOXG1_-_+,FOXG1 (-),proband,163,159,38680,195,118.9111,1.6398810962872081,1.417779782559734,1.8869063111488087,1.481599962538028e-10,3.77344990458904e-10
Wang,FOXG1_-_+,FOXG1 (-),sibling,163,159,9567,30,29.4111,1.0200223654129854,0.6882048065785337,1.4561453514411749,0.8537171676224895,1
Wang,FOXJ1_extended_+_+,FOXJ1 (+),asd_d_proband,12,12,13841,2,2.5308,0.7902765077850048,0.09570615140042503,2.8547504699431405,1,1
Wang,FOXJ1_extended_+_+,FOXJ1 (+),asd_da_proband,12,12,24839,6,4.5417,1.321093902039404,0.48481817853706144,2.87546524916524,0.4731502536136455,0.6013652457211303
Wang,FOXJ1_extended_+_+,FOXJ1 (+),proband,12,12,38680,8,7.0725,1.1311496529733456,0.4883501335196553,2.2288157520218563,0.7036312117522305,0.7787034069925267
Wang,FOXJ1_extended_+_+,FOXJ1 (+),sibling,12,12,9567,2,1.7493,1.1433278085347813,0.13846230182223088,4.130093159243547,0.6958017188666727,1
Wang,FOXM1_+_+,FOXM1 (+),asd_d_proband,81,81,13841,21,13.7942,1.5223837110935234,0.9423795116795683,2.3271252183370024,0.058405187719236584,0.07924893924388496
Wang,FOXM1_+_+,FOXM1 (+),asd_da_proband,81,81,24839,27,24.7549,1.0906915766519767,0.7187726216537548,1.5868989805056206,0.6147158230833131,0.7301976607133357
Wang,FOXM1_+_+,FOXM1 (+),proband,81,81,38680,45,38.5491,1.167342643590936,0.8514677344946492,1.561996300970884,0.29423873531181033,0.3709683944649454
Wang,FOXM1_+_+,FOXM1 (+),sibling,81,81,9567,4,9.5346,0.4195237188399699,0.11430609364465726,1.0741473419836702,0.07379231864938848,1
Wang,FOXN2_+_+,FOXN2 (+),asd_d_proband,187,182,13841,102,38.3505,2.659678056362461,2.1686496024136392,3.228667692403223,1.2798519856890059e-17,3.812179444004151e-17
Wang,FOXN2_+_+,FOXN2 (+),asd_da_proband,187,182,24839,108,68.8237,1.5692278783744507,1.2872680441722422,1.894591445595741,1.2878605020077682e-5,4.239051040136357e-5
Wang,FOXN2_+_+,FOXN2 (+),proband,187,182,38680,202,107.1742,1.88478263164294,1.633813376499638,2.163394071667981,3.7261522728688134e-16,1.1744584926362752e-15
Wang,FOXN2_+_+,FOXN2 (+),sibling,187,182,9567,30,26.5081,1.131727444773788,0.7635717545416946,1.6156112980312212,0.49522459362346805,1
Wang,FOXN2_-_+,FOXN2 (-),asd_d_proband,88,85,13841,115,22.3202,5.15228660750629,4.2537410067855275,6.184539775034053,1.079392682860016e-43,6.499694317330041e-43
Wang,FOXN2_-_+,FOXN2 (-),asd_da_proband,88,85,24839,85,40.0557,2.1220443690171793,1.695013672067677,2.6239407244910056,6.049319717778314e-10,3.364375350429417e-9
Wang,FOXN2_-_+,FOXN2 (-),proband,88,85,38680,191,62.3759,3.062080076545223,2.643200094153673,3.5284854992526755,4.590732557429442e-39,2.878036180234612e-38
Wang,FOXN2_-_+,FOXN2 (-),sibling,88,85,9567,16,15.4279,1.0370838007025174,0.5927829996187916,1.6841591188826806,0.7991755557285622,1
Wang,FOXN3_+_+,FOXN3 (+),asd_d_proband,14,14,13841,98,4.6472,21.087839285827645,17.120127265525984,25.699321588468873,2.5896871220273697e-91,3.7959361236032758e-90
Wang,FOXN3_+_+,FOXN3 (+),asd_da_proband,14,14,24839,45,8.3399,5.395750781967018,3.9356976457969104,7.219939071588182,6.900461356638525e-19,8.656245412938772e-18
Wang,FOXN3_+_+,FOXN3 (+),proband,14,14,38680,133,12.9871,10.240912408678659,8.574501951987742,12.136638799216108,2.1322470984378214e-84,3.332731423722677e-83
Wang,FOXN3_+_+,FOXN3 (+),sibling,14,14,9567,5,3.2122,1.556566596672343,0.5054129370020995,3.6325071907108013,0.2618311565804574,1
Wang,FOXN4_+_+,FOXN4 (+),asd_d_proband,59,59,13841,9,9.3495,0.9626153931653761,0.440169054683895,1.8273438657267822,1,1
Wang,FOXN4_+_+,FOXN4 (+),asd_da_proband,59,59,24839,18,16.7786,1.0727935630904601,0.6358054555912687,1.695476338852476,0.7135492932401092,0.8220379102735543
Wang,FOXN4_+_+,FOXN4 (+),proband,59,59,38680,26,26.1282,0.9950952288775458,0.6500292412613287,1.458045069396992,1,1
Wang,FOXN4_+_+,FOXN4 (+),sibling,59,59,9567,4,6.4625,0.618959137628281,0.16864553294766857,1.5847812236178604,0.43188609264172956,1
Wang,FOXN4_extended_-_+,FOXN4 (-),asd_d_proband,25,24,13841,32,8.9497,3.575551504757424,2.445674582372136,5.047611878411374,1.9344974538921572e-9,4.371257938409459e-9
Wang,FOXN4_extended_-_+,FOXN4 (-),asd_da_proband,25,24,24839,45,16.061,2.801811638175648,2.043660634806852,3.749044412003109,2.459153678106363e-9,1.2677554806310887e-8
Wang,FOXN4_extended_-_+,FOXN4 (-),proband,25,24,38680,76,25.0107,3.0386988080713633,2.394149043813954,3.803384682803516,1.9474287523974253e-16,6.276881939224469e-16
Wang,FOXN4_extended_-_+,FOXN4 (-),sibling,25,24,9567,6,6.1861,0.9699202018138033,0.35594361978641664,2.1111079465839078,1,1
Wang,FOXO1_+_+,FOXO1 (+),asd_d_proband,372,367,13841,118,68.3632,1.7260737032339335,1.4287168272244493,2.06706870160806,4.3228518275872875e-8,9.05198672167714e-8
Wang,FOXO1_+_+,FOXO1 (+),asd_da_proband,372,367,24839,148,122.6844,1.2063474356947588,1.0198266959827507,1.4171080335168809,0.02678220664095411,0.049006663367321214
Wang,FOXO1_+_+,FOXO1 (+),proband,372,367,38680,259,191.0476,1.3556828314798008,1.1955915093108875,1.5312395911675487,2.9314982043772296e-6,5.920069825122865e-6
Wang,FOXO1_+_+,FOXO1 (+),sibling,372,367,9567,35,47.2532,0.7406910003367247,0.5159184207061057,1.03012187856926,0.08023451113764608,1
Wang,FOXO1_-_+,FOXO1 (-),asd_d_proband,132,130,13841,109,37.3791,2.9160702446818423,2.3943971012536425,3.517648622596846,1.595060218876022e-21,5.450604551619289e-21
Wang,FOXO1_-_+,FOXO1 (-),asd_da_proband,132,130,24839,115,67.0803,1.7143626050900862,1.4153821534592221,2.05783267269409,9.052625545316615e-8,3.961400868473821e-7
Wang,FOXO1_-_+,FOXO1 (-),proband,132,130,38680,213,104.4594,2.0390697889682015,1.7744107033859848,2.332072547605748,1.1575717707934231e-20,4.2882772418029086e-20
Wang,FOXO1_-_+,FOXO1 (-),sibling,132,130,9567,24,25.8367,0.9289116718684096,0.5951712357495865,1.3821469357665566,0.8436102753235024,1
Wang,FOXO3_+_+,FOXO3 (+),asd_d_proband,109,108,13841,49,25.8848,1.8930052371355808,1.4004556955746634,2.502653314309636,4.515459459108747e-5,8.04835493991543e-5
Wang,FOXO3_+_+,FOXO3 (+),asd_da_proband,109,108,24839,64,46.4527,1.377745720135952,1.0610320859687326,1.759350526631678,0.012530767109653144,0.024907105751405634
Wang,FOXO3_+_+,FOXO3 (+),proband,109,108,38680,110,72.3375,1.5206505516700572,1.2497898159947995,1.8327951405147016,3.583878041904855e-5,6.714622078511396e-5
Wang,FOXO3_+_+,FOXO3 (+),sibling,109,108,9567,14,17.8917,0.7824839996772708,0.4277912839893321,1.3128751918798287,0.40878990250562447,1
Wang,FOXO3_-_+,FOXO3 (-),asd_d_proband,46,44,13841,21,7.6571,2.742544186549868,1.6976780771150346,4.192270117196269,5.1585762901437446e-5,9.107217095436024e-5
Wang,FOXO3_-_+,FOXO3 (-),asd_da_proband,46,44,24839,17,13.7414,1.237133653993862,0.720675943253447,1.980770823066526,0.3443471177916035,0.4611718813602851
Wang,FOXO3_-_+,FOXO3 (-),proband,46,44,38680,36,21.3986,1.6823557727597895,1.1783013004205498,2.329089525320804,0.0032956732549183397,0.005441914882578619
Wang,FOXO3_-_+,FOXO3 (-),sibling,46,44,9567,7,5.2927,1.3225864633997675,0.5317483535760911,2.725033599913844,0.38380859699018177,1
Wang,FOXP1_+_+,FOXP1 (+),asd_d_proband,36,35,13841,47,8.6488,5.434302944156752,3.992921400393629,7.226470882891101,8.993398977960462e-20,2.8955625611121257e-19
Wang,FOXP1_+_+,FOXP1 (+),asd_da_proband,36,35,24839,26,15.521,1.6751461225628481,1.0942610631141734,2.454477193381068,0.014739503236241267,0.02879048296490725
Wang,FOXP1_+_+,FOXP1 (+),proband,36,35,38680,68,24.1698,2.8134286339660965,2.1847374201219663,3.5666911821275296,2.2742626406332217e-13,6.552862810511379e-13
Wang,FOXP1_+_+,FOXP1 (+),sibling,36,35,9567,7,5.9781,1.1709429118056867,0.47077978091785855,2.412589926294274,0.6781778853840443,1
Wang,FOXP1_-_+,FOXP1 (-),asd_d_proband,26,26,13841,6,7.3108,0.8207053288909107,0.30118439124903584,1.7863299871322507,0.8519924161555974,0.9030633221668273
Wang,FOXP1_-_+,FOXP1 (-),asd_da_proband,26,26,24839,14,13.1199,1.0670810311774988,0.5833831294139656,1.790380652046933,0.7812453718404494,0.8692948784470533
Wang,FOXP1_-_+,FOXP1 (-),proband,26,26,38680,20,20.4307,0.9789195499120216,0.5979494927017511,1.5118618496999323,1,1
Wang,FOXP1_-_+,FOXP1 (-),sibling,26,26,9567,1,5.0533,0.1978917538967126,0.005010185426831317,1.1025822827199259,0.07247209463047213,1
Wang,FOXP2_+_+,FOXP2 (+),asd_d_proband,52,51,13841,90,10.5007,8.570896578584922,6.892012989321532,10.535087022847874,1.699500204147217e-51,1.161498912527607e-50
Wang,FOXP2_+_+,FOXP2 (+),asd_da_proband,52,51,24839,45,18.8444,2.387974144373644,1.7418047270910242,3.1952972855096218,3.5180218632783516e-7,1.4443078849604577e-6
Wang,FOXP2_+_+,FOXP2 (+),proband,52,51,38680,126,29.3451,4.2937355574423846,3.5767963863508396,5.112239208757857,8.01118684309074e-40,5.13526077975648e-39
Wang,FOXP2_+_+,FOXP2 (+),sibling,52,51,9567,5,7.2581,0.6888829631034569,0.22367842299658244,1.6076230354557837,0.5740915329921721,1
Wang,FOXP2_-_+,FOXP2 (-),asd_d_proband,29,29,13841,13,7.6552,1.6981943890588744,0.9042169908888273,2.9039641242134393,0.06658477645557771,0.08969218980835982
Wang,FOXP2_-_+,FOXP2 (-),asd_da_proband,29,29,24839,11,13.738,0.8007004924904159,0.39970680094458083,1.4326743573469278,0.5877447378680104,0.7044896026166627
Wang,FOXP2_-_+,FOXP2 (-),proband,29,29,38680,24,21.3932,1.121853879832816,0.7187929490083439,1.6692296472816892,0.5169325614318372,0.6037052738932714
Wang,FOXP2_-_+,FOXP2 (-),sibling,29,29,9567,7,5.2913,1.3229206147152246,0.5318826997354966,2.7257220793344903,0.3836975852581815,1
Wang,GABPA_extended_-_+,GABPA (-),asd_d_proband,10,10,13841,5,2.495,2.00402551856389,0.6507016309676971,4.676727049208056,0.1081520719534869,0.14042122162725457
Wang,GABPA_extended_-_+,GABPA (-),asd_da_proband,10,10,24839,4,4.4775,0.8933601901024294,0.2434105843422172,2.287356901502384,1,1
Wang,GABPA_extended_-_+,GABPA (-),proband,10,10,38680,9,6.9725,1.2907934582315679,0.5902329635864596,2.4503280589182195,0.4428439343882215,0.5296487726802523
Wang,GABPA_extended_-_+,GABPA (-),sibling,10,10,9567,2,1.7245,1.15972477066762,0.14044805000648466,4.189324624298175,0.6925929882611905,1
Wang,GBX2_+_+,GBX2 (+),asd_d_proband,12,12,13841,15,3.5984,4.168568635414829,2.333116221021141,6.87542002806493,5.901389049512702e-6,1.1048987228835546e-5
Wang,GBX2_+_+,GBX2 (+),asd_da_proband,12,12,24839,11,6.4576,1.7034200070065706,0.8503411301120707,3.0478889256574915,0.07619832657281012,0.12413839927951317
Wang,GBX2_+_+,GBX2 (+),proband,12,12,38680,23,10.056,2.287202077049057,1.4498899183721738,3.431926121335238,3.6204027793329926e-4,6.414409272079107e-4
Wang,GBX2_+_+,GBX2 (+),sibling,12,12,9567,2,2.4872,0.8041135637472792,0.09738188307132249,2.9047346737272655,1,1
Wang,GCM1_+_+,GCM1 (+),asd_d_proband,24,21,13841,6,2.5256,2.375702695261857,0.8718410187833014,5.1709046056666415,0.043750913016584965,0.06099939562011972
Wang,GCM1_+_+,GCM1 (+),asd_da_proband,24,21,24839,6,4.5324,1.3238093725640874,0.4858147083610321,2.8813756852945764,0.47257897332326004,0.6013652457211303
Wang,GCM1_+_+,GCM1 (+),proband,24,21,38680,11,7.0579,1.5585277105149646,0.7780114177472855,2.7886365838548954,0.13105290750716767,0.17696019818423467
Wang,GCM1_+_+,GCM1 (+),sibling,24,21,9567,3,1.7457,1.7185168289494808,0.3543994849326641,5.022235438115919,0.25488417090154314,1
Wang,GFI1_+_+,GFI1 (+),asd_d_proband,17,17,13841,4,2.4002,1.6665054853063659,0.4540666558484356,4.266915926452955,0.31202250544769666,0.366659357667441
Wang,GFI1_+_+,GFI1 (+),asd_da_proband,17,17,24839,2,4.3074,0.4643122191337294,0.05623036380776396,1.6772553817744993,0.46099848234359264,0.5900989643604491
Wang,GFI1_+_+,GFI1 (+),proband,17,17,38680,6,6.7077,0.8944972500824228,0.3282647257866425,1.9469439334443,1,1
Wang,GFI1_+_+,GFI1 (+),sibling,17,17,9567,3,1.6591,1.8082551287335693,0.37290567974348543,5.284488831123086,0.23201005105592332,1
Wang,GLI2_+_+,GLI2 (+),asd_d_proband,14,14,13841,5,2.9915,1.6714125559566584,0.5427031073737355,3.900519348890354,0.2335204276308766,0.28276277867477884
Wang,GLI2_+_+,GLI2 (+),asd_da_proband,14,14,24839,3,5.3685,0.558815278883919,0.11524114496453723,1.633095381839843,0.5104889601006718,0.6382525315101423
Wang,GLI2_+_+,GLI2 (+),proband,14,14,38680,8,8.36,0.9569398629574397,0.41313871123696333,1.8855530165179977,1,1
Wang,GLI2_+_+,GLI2 (+),sibling,14,14,9567,5,2.0677,2.4181061134102757,0.7851524729967464,5.643053026862274,0.058971097815030356,1
Wang,GLI2_-_+,GLI2 (-),asd_d_proband,15,15,13841,28,5.2889,5.294149716140471,3.5179240387205515,7.651520371638708,3.6292446374260976e-12,9.251667107763554e-12
Wang,GLI2_-_+,GLI2 (-),asd_da_proband,15,15,24839,18,9.4914,1.8964616012546582,1.1239633363603534,2.9972269438369312,0.013045470737438095,0.025793934260188455
Wang,GLI2_-_+,GLI2 (-),proband,15,15,38680,45,14.7802,3.044610245189016,2.2207596048369176,4.073928051025433,2.0193534246467818e-10,5.097527118411456e-10
Wang,GLI2_-_+,GLI2 (-),sibling,15,15,9567,3,3.6557,0.8206370808258328,0.16923509497378905,2.3982497929187594,1,1
Wang,GLI3_+_+,GLI3 (+),asd_d_proband,274,266,13841,175,64.8799,2.6972925836703743,2.312456145034944,3.1278680026158203,1.2309363272272436e-29,5.253881488625092e-29
Wang,GLI3_+_+,GLI3 (+),asd_da_proband,274,266,24839,175,116.4331,1.5030084403793087,1.288566588970114,1.7429373575508502,3.996252497951719e-7,1.6171215305331506e-6
Wang,GLI3_+_+,GLI3 (+),proband,274,266,38680,336,181.313,1.8531487892739598,1.6602756690665965,2.0622774288726275,9.912885734974431e-25,4.143077884104699e-24
Wang,GLI3_+_+,GLI3 (+),sibling,274,266,9567,34,44.8454,0.7581595700218166,0.5250475420407648,1.0594520068809155,0.11617369236533598,1
Wang,GLI3_-_+,GLI3 (-),asd_d_proband,184,182,13841,346,56.6312,6.10970648929519,5.482821604387674,6.788622267817686,1.3086793525577152e-148,3.31333817897567e-147
Wang,GLI3_-_+,GLI3 (-),asd_da_proband,184,182,24839,229,101.6301,2.253269260011195,1.9708585778177143,2.5647896684542673,1.731313228217774e-27,3.553913881196122e-26
Wang,GLI3_-_+,GLI3 (-),proband,184,182,38680,545,158.2613,3.443671797757532,3.1605866298710485,3.745308697659347,4.600356578201009e-127,1.2206992687738025e-125
Wang,GLI3_-_+,GLI3 (-),sibling,184,182,9567,49,39.1439,1.251791571701617,0.9260822959552806,1.65493484343675,0.12777571328383583,1
Wang,GLIS1_+_+,GLIS1 (+),asd_d_proband,168,168,13841,142,43.19,3.287801111147504,2.769287463688104,3.875207898677607,1.556628581303164e-32,7.347814574456462e-32
Wang,GLIS1_+_+,GLIS1 (+),asd_da_proband,168,168,24839,138,77.5085,1.7804494223804626,1.495795706012991,2.1035072196738414,6.194607113783562e-10,3.4282899173831575e-9
Wang,GLIS1_+_+,GLIS1 (+),proband,168,168,38680,268,120.6985,2.220409060270114,1.962505247214001,2.502783965387682,7.987406716276048e-31,4.161475371356608e-30
Wang,GLIS1_+_+,GLIS1 (+),sibling,168,168,9567,31,29.8532,1.038414113186298,0.7055520093782949,1.4739459448824814,0.7835462727178089,1
Wang,GLIS3_+_+,GLIS3 (+),asd_d_proband,28,28,13841,12,7.2201,1.6620363005922154,0.8587984096037371,2.90324293900176,0.08901064894907333,0.11720787580291689
Wang,GLIS3_+_+,GLIS3 (+),asd_da_proband,28,28,24839,18,12.9571,1.3892011214117026,0.8233286275158144,2.1955366925167303,0.16243949647664796,0.24583671785809055
Wang,GLIS3_+_+,GLIS3 (+),proband,28,28,38680,29,20.1771,1.4372696670510356,0.9625620531065606,2.0641589902903466,0.057250081418917034,0.08226995327328002
Wang,GLIS3_+_+,GLIS3 (+),sibling,28,28,9567,3,4.9906,0.6011352680175828,0.12396854413728474,1.7567723488542957,0.5027910347485619,1
Wang,GLIS3_-_+,GLIS3 (-),asd_d_proband,24,23,13841,32,5.7568,5.5585963453540295,3.8020757853469354,7.847079507251166,3.0780561067210175e-14,8.394187041920739e-14
Wang,GLIS3_-_+,GLIS3 (-),asd_da_proband,24,23,24839,26,10.3312,2.5166444809789708,1.6439557290818647,3.6874672598476366,3.0173358630363207e-5,9.307574287890727e-5
Wang,GLIS3_-_+,GLIS3 (-),proband,24,23,38680,55,16.0881,3.418683154151436,2.5754200122606523,4.449886037172786,2.5879749256492668e-14,7.73005075959637e-14
Wang,GLIS3_-_+,GLIS3 (-),sibling,24,23,9567,9,3.9792,2.261774812324939,1.0342274683299977,4.293553124438007,0.020749931875449757,1
Wang,GMEB1_+_+,GMEB1 (+),asd_d_proband,12,12,13841,4,1.3706,2.9183385123609433,0.7951490232855881,7.472105664797578,0.050470087412967456,0.06949774706804171
Wang,GMEB1_+_+,GMEB1 (+),asd_da_proband,12,12,24839,7,2.4597,2.8458177004621232,1.1441663125059758,5.863472118907369,0.013098264309597964,0.02584810682001069
Wang,GMEB1_+_+,GMEB1 (+),proband,12,12,38680,11,3.8304,2.8717680768191958,1.433576277029593,5.138386353566045,0.0020494786943771777,0.003474673388238276
Wang,GMEB1_+_+,GMEB1 (+),sibling,12,12,9567,1,0.9474,1.0555221947733828,0.026723508250428726,5.88099326049844,0.6122515070287432,1
Wang,GSX1_+_+,GSX1 (+),asd_d_proband,16,15,13841,2,1.8134,1.1028810742410566,0.13356401465585963,3.983985648017756,0.7042411597908758,0.7631562762714353
Wang,GSX1_+_+,GSX1 (+),asd_da_proband,16,15,24839,5,3.2544,1.5363920597216536,0.49886231976882245,3.58542655137336,0.26774085486077137,0.3745717783615996
Wang,GSX1_+_+,GSX1 (+),proband,16,15,38680,7,5.0678,1.3812673040330048,0.555341094963278,2.845938559114555,0.36685333332774894,0.45154223659866405
Wang,GSX1_+_+,GSX1 (+),sibling,16,15,9567,3,1.2535,2.3933798915914806,0.4935724728088485,6.994471689737596,0.1323070368240388,1
Wang,GSX2_+_+,GSX2 (+),asd_d_proband,15,14,13841,2,1.6818,1.1892156910531906,0.14401953728157796,4.295855968707905,0.6871174906351627,0.7482393788539308
Wang,GSX2_+_+,GSX2 (+),asd_da_proband,15,14,24839,3,3.0181,0.9939974060872344,0.2049861617922368,2.904882229927445,1,1
Wang,GSX2_+_+,GSX2 (+),proband,15,14,38680,5,4.6999,1.0638530493709415,0.34543018934794073,2.4826781327320395,0.815071957733219,0.8687703639259058
Wang,GSX2_+_+,GSX2 (+),sibling,15,14,9567,0,1.1625,0,0,3.1733413687653265,NA,NA
Wang,GTF2I_-_+,GTF2I (-),asd_d_proband,20,20,13841,40,8.3865,4.769544862829919,3.4074327765162415,6.494766382809168,3.077290500312369e-15,8.745157187112192e-15
Wang,GTF2I_-_+,GTF2I (-),asd_da_proband,20,20,24839,19,15.0505,1.2624201240812325,0.7600593815849996,1.9714254024966933,0.3001413424451257,0.4112373490540618
Wang,GTF2I_-_+,GTF2I (-),proband,20,20,38680,58,23.437,2.4747192902616835,1.8791581109926243,3.199148550639859,1.389017257594998e-9,3.3792509401191743e-9
Wang,GTF2I_-_+,GTF2I (-),sibling,20,20,9567,7,5.7968,1.2075543355414509,0.48549947209292604,2.4880234518757955,0.531377308972347,1
Wang,HBP1_-_+,HBP1 (-),asd_d_proband,12,12,13841,7,3.9648,1.7655296759376324,0.7098344980458166,3.6376659082142964,0.12601181089983188,0.16209833411364055
Wang,HBP1_-_+,HBP1 (-),asd_da_proband,12,12,24839,10,7.1152,1.4054336351620305,0.6739600567220315,2.5846424944057054,0.25733205092309996,0.3627064737730085
Wang,HBP1_-_+,HBP1 (-),proband,12,12,38680,17,11.0801,1.5342880638170229,0.8937793374581692,2.4565438189939255,0.09467848589889807,0.13142110998861642
Wang,HBP1_-_+,HBP1 (-),sibling,12,12,9567,2,2.7405,0.7297912838672452,0.08838111017657967,2.6362570442840605,1,1
Wang,HES1_+_+,HES1 (+),asd_d_proband,221,214,13841,102,30.5666,3.3369739434561714,2.7209034561266763,4.050858687898293,2.452234637097983e-24,8.927416293225991e-24
Wang,HES1_+_+,HES1 (+),asd_da_proband,221,214,24839,77,54.8547,1.403707854684568,1.1077842873771702,1.754393973081039,0.004446989335562779,0.009599715028394603
Wang,HES1_+_+,HES1 (+),proband,221,214,38680,166,85.4213,1.9433084317599811,1.658926350160822,2.2624531769490126,1.1920584142158366e-14,3.617390028245398e-14
Wang,HES1_+_+,HES1 (+),sibling,221,214,9567,26,21.1279,1.230602197849018,0.8038702123661352,1.8031173448462605,0.27560286502372006,1
Wang,HES1_-_+,HES1 (-),asd_d_proband,53,53,13841,45,17.4096,2.5847745591342135,1.8853523000541081,3.4586317242652624,2.5127336734763338e-8,5.291465618625021e-8
Wang,HES1_-_+,HES1 (-),asd_da_proband,53,53,24839,48,31.2433,1.5363308634744455,1.1327690989587675,2.036951834793667,0.005261842668516134,0.011272524426479535
Wang,HES1_-_+,HES1 (-),proband,53,53,38680,90,48.6529,1.8498378838147178,1.4874881065820773,2.2737648162552397,8.963290806335056e-8,1.9781653404310056e-7
Wang,HES1_-_+,HES1 (-),sibling,53,53,9567,8,12.0337,0.6648012668172146,0.2870140008095577,1.309923520332997,0.31086597704209895,1
Wang,HES5_extended_+_+,HES5 (+),asd_d_proband,49,47,13841,34,6.2023,5.481810928538607,3.7963134249938646,7.660281317051554,7.365943523974517e-15,2.0617238908813097e-14
Wang,HES5_extended_+_+,HES5 (+),asd_da_proband,49,47,24839,12,11.1307,1.0781017289495343,0.5570708954329056,1.88322675683019,0.7628281011609392,0.8539796346847587
Wang,HES5_extended_+_+,HES5 (+),proband,49,47,38680,43,17.333,2.4808162279197514,1.7953790050689695,3.3416431785293086,1.7981097801990688e-7,3.8783426450040405e-7
Wang,HES5_extended_+_+,HES5 (+),sibling,49,47,9567,6,4.2871,1.3995489100751273,0.513609783762301,3.046228772395077,0.33386474833967966,1
Wang,HES6_extended_+_+,HES6 (+),asd_d_proband,66,66,13841,70,15.5013,4.515749194754647,3.52024803402824,5.705377442167794,4.1855579948327315e-24,1.5089681573604087e-23
Wang,HES6_extended_+_+,HES6 (+),asd_da_proband,66,66,24839,50,27.8186,1.7973602745854467,1.3340354394659,2.3695954510429287,1.2937239079479094e-4,3.651535730182974e-4
Wang,HES6_extended_+_+,HES6 (+),proband,66,66,38680,117,43.3199,2.7008386389193717,2.233667140447408,3.23688422217976,1.8946000262432216e-20,6.995917896257333e-20
Wang,HES6_extended_+_+,HES6 (+),sibling,66,66,9567,10,10.7146,0.9333047321088723,0.4475558962401795,1.7163806319182182,1,1
Wang,HEY1_+_+,HEY1 (+),asd_d_proband,11,11,13841,10,1.31,7.6334837450207775,3.660552166298331,14.038248391188736,1.2546184870161934e-6,2.456318092330474e-6
Wang,HEY1_+_+,HEY1 (+),asd_da_proband,11,11,24839,3,2.351,1.2760785278976519,0.26315807061197805,3.729242970837837,0.5127043847767769,0.6388998348929152
Wang,HEY1_+_+,HEY1 (+),proband,11,11,38680,13,3.661,3.550971123818055,1.8907425704611502,6.072268767417302,1.1772935108407689e-4,2.135599198520377e-4
Wang,HEY1_+_+,HEY1 (+),sibling,11,11,9567,1,0.9055,1.1043696928486733,0.0279602198272119,6.153154100313532,0.5956578613978503,1
Wang,HEY2_extended_+_+,HEY2 (+),asd_d_proband,37,35,13841,14,5.3747,2.6048114685339385,1.424074668790495,4.370431034976739,0.0013668340830448411,0.0022131586751627224
Wang,HEY2_extended_+_+,HEY2 (+),asd_da_proband,37,35,24839,8,9.6454,0.8294144700092192,0.35808229804733077,1.6342771540902095,0.7468159631761959,0.8423129095164089
Wang,HEY2_extended_+_+,HEY2 (+),proband,37,35,38680,21,15.02,1.398133229161514,0.8654665050336079,2.1371951581376507,0.12086995732030473,0.16418169202674726
Wang,HEY2_extended_+_+,HEY2 (+),sibling,37,35,9567,1,3.715,0.26917824318698386,0.0068150030745565415,1.4997651796373022,0.2868968294249127,1
Wang,HEYL_extended_+_+,HEYL (+),asd_d_proband,39,38,13841,8,8.3431,0.9588708052512778,0.41397235506520114,1.8893577426118782,1,1
Wang,HEYL_extended_+_+,HEYL (+),asd_da_proband,39,38,24839,23,14.9726,1.5361417969529145,0.9737821274916475,2.304966934027703,0.050478076013492405,0.087071604715448
Wang,HEYL_extended_+_+,HEYL (+),proband,39,38,38680,31,23.3157,1.3295748942605061,0.9033816339282899,1.887225432442905,0.11886774568088568,0.1616544670105966
Wang,HEYL_extended_+_+,HEYL (+),sibling,39,38,9567,11,5.7668,1.9074558243220483,0.9521950749793004,3.412965363338971,0.054901575268698946,1
Wang,HHEX_+_+,HHEX (+),asd_d_proband,22,21,13841,3,3.4761,0.8630272533427392,0.17797696764743748,2.5221318655618274,1,1
Wang,HHEX_+_+,HHEX (+),asd_da_proband,22,21,24839,4,6.2383,0.6412045688107065,0.1747066642394468,1.6417383626372108,0.5438515521248792,0.6652312051451664
Wang,HHEX_+_+,HHEX (+),proband,22,21,38680,7,9.7144,0.7205801576578592,0.2897105959100913,1.4846705265690887,0.5183034149855812,0.604687317483178
Wang,HHEX_+_+,HHEX (+),sibling,22,21,9567,1,2.4027,0.41619317144060675,0.010537098798905919,2.3188799330109564,0.7388515009936154,1
Wang,HIF1A_+_+,HIF1A (+),asd_d_proband,41,38,13841,43,8.9004,4.831231293852897,3.496386042624785,6.507636847626703,1.8864758827584658e-16,5.430320758121269e-16
Wang,HIF1A_+_+,HIF1A (+),asd_da_proband,41,38,24839,22,15.9727,1.3773534973984036,0.8631801038039346,2.085329747539893,0.13195124123214816,0.203514960862152
Wang,HIF1A_+_+,HIF1A (+),proband,41,38,38680,61,24.8731,2.4524502853654884,1.8759301442243088,3.1502749889989854,1.1184015453614466e-9,2.744292824209485e-9
Wang,HIF1A_+_+,HIF1A (+),sibling,41,38,9567,2,6.152,0.32509557970940783,0.03937058290962384,1.1743570127790648,0.10474171277907436,1
Wang,HLF_+_+,HLF (+),asd_d_proband,74,73,13841,61,16.1565,3.775579460239358,2.8880191226064427,4.849889766796134,1.3098829895181299e-17,3.8912257341951915e-17
Wang,HLF_+_+,HLF (+),asd_da_proband,74,73,24839,71,28.9943,2.4487558677564034,1.9124986489242437,3.08877232762294,4.107021234668471e-11,2.576014985522613e-10
Wang,HLF_+_+,HLF (+),proband,74,73,38680,127,45.1508,2.8127977369017603,2.3449027390190103,3.346695651655394,1.7488112091171624e-23,7.026033766206628e-23
Wang,HLF_+_+,HLF (+),sibling,74,73,9567,9,11.1675,0.805912670745847,0.3685145915581978,1.529873286522343,0.652377140849361,1
Wang,HLX_+_+,HLX (+),asd_d_proband,18,18,13841,2,1.6996,1.1767567882323735,0.14251070634973823,4.250850127926441,0.6893851413695012,0.74997563231018
Wang,HLX_+_+,HLX (+),asd_da_proband,18,18,24839,3,3.0501,0.9835837215220589,0.20283860967986939,2.8744490245124266,1,1
Wang,HLX_+_+,HLX (+),proband,18,18,38680,5,4.7497,1.0527075171874536,0.3418112653858368,2.4566681785884965,0.8164780988835967,0.8687703639259058
Wang,HLX_+_+,HLX (+),sibling,18,18,9567,1,1.1748,0.8512329207653538,0.021551351637843465,4.742766277131899,1,1
Wang,HMGA1_-_+,HMGA1 (-),asd_d_proband,12,11,13841,8,3.7191,2.151034280071246,0.9286639262248897,4.238395046985669,0.036139726226300344,0.0507687957327851
Wang,HMGA1_-_+,HMGA1 (-),asd_da_proband,12,11,24839,6,6.6744,0.8989632876866858,0.3299036828760926,1.9566646171237108,1,1
Wang,HMGA1_-_+,HMGA1 (-),proband,12,11,38680,13,10.3935,1.2507822230999857,0.665988855760786,2.138875694377508,0.43397065994896805,0.5212216031597606
Wang,HMGA1_-_+,HMGA1 (-),sibling,12,11,9567,5,2.5707,1.9449974829143224,0.6315353884651975,4.538975304818206,0.1184653557196714,1
Wang,HMGA2_+_+,HMGA2 (+),asd_d_proband,443,430,13841,226,76.5545,2.9521437298819375,2.5797759980594206,3.3631616098467925,1.7952286676307776e-43,1.0694570779361957e-42
Wang,HMGA2_+_+,HMGA2 (+),asd_da_proband,443,430,24839,190,137.3845,1.3829803865043484,1.1933156683098027,1.5942241424503474,1.9251189130063105e-5,6.1746001499549e-5
Wang,HMGA2_+_+,HMGA2 (+),proband,443,430,38680,396,213.939,1.85099501018765,1.673153779505396,2.0425933772363694,8.302568313413772e-29,4.0140806972903025e-28
Wang,HMGA2_+_+,HMGA2 (+),sibling,443,430,9567,48,52.9151,0.9071142531499796,0.6688344416055856,1.2027018959591917,0.5817788719321528,1
Wang,HMGA2_-_+,HMGA2 (-),asd_d_proband,147,145,13841,162,55.7361,2.9065557112083678,2.4762052712503553,3.390199885286455,5.7471880251031076e-31,2.5712319116324743e-30
Wang,HMGA2_-_+,HMGA2 (-),asd_da_proband,147,145,24839,184,100.0237,1.839563658649516,1.5833564353749041,2.1254213265767143,5.546489051607652e-14,4.708260255086496e-13
Wang,HMGA2_-_+,HMGA2 (-),proband,147,145,38680,333,155.7598,2.1379073181042396,1.9144246084029086,2.380313868933503,6.202106072299896e-35,3.6105117492317248e-34
Wang,HMGA2_-_+,HMGA2 (-),sibling,147,145,9567,40,38.5252,1.0382819955643567,0.7417638799299496,1.4138453866363956,0.8086302442852908,1
Wang,HMX1_+_+,HMX1 (+),asd_d_proband,35,34,13841,11,5.5934,1.9665990871274814,0.9817191786798701,3.518788997551596,0.03174139028867748,0.044872980687292785
Wang,HMX1_+_+,HMX1 (+),asd_da_proband,35,34,24839,18,10.0379,1.7932011732604025,1.0627646624269405,2.8340309493534352,0.017452635320737916,0.033453353611397466
Wang,HMX1_+_+,HMX1 (+),proband,35,34,38680,27,15.6313,1.7273005665440204,1.1383019573782012,2.5131316375336006,0.007395600144359202,0.011818459054221079
Wang,HMX1_+_+,HMX1 (+),sibling,35,34,9567,4,3.8662,1.034605622164504,0.2818952107390533,2.6490013058672446,0.7983344826233598,1
Wang,HNF4G_+_+,HNF4G (+),asd_d_proband,133,131,13841,28,23.0184,1.216416109579341,0.8082996708479474,1.7580599608771765,0.29566989214964656,0.3500279063280619
Wang,HNF4G_+_+,HNF4G (+),asd_da_proband,133,131,24839,52,41.3088,1.258811890546201,0.9401409298121098,1.6507643177811293,0.10158776400699636,0.16222430772828697
Wang,HNF4G_+_+,HNF4G (+),proband,133,131,38680,79,64.3272,1.228095743871256,0.9722949656584691,1.5305737227751846,0.07036417856519422,0.09973357483588399
Wang,HNF4G_+_+,HNF4G (+),sibling,133,131,9567,21,15.9105,1.3198820455227078,0.8170277890328188,2.0175799116767017,0.20738289240819113,1
Wang,HOMEZ_+_+,HOMEZ (+),asd_d_proband,12,12,13841,0,1.8855,0,0,1.9564205017664544,NA,NA
Wang,HOMEZ_+_+,HOMEZ (+),asd_da_proband,12,12,24839,1,3.3838,0.2955296795725518,0.00748216368107658,1.6465859860166985,0.2761090600070196,0.3839004048619768
Wang,HOMEZ_+_+,HOMEZ (+),proband,12,12,38680,1,5.2693,0.1897792582963447,0.0048047948209478065,1.057382350224115,0.0749467867119532,0.10544301311755686
Wang,HOMEZ_+_+,HOMEZ (+),sibling,12,12,9567,1,1.3033,0.76728982030967,0.01942609633890051,4.275065256263068,1,1
Wang,HOXD1_+_+,HOXD1 (+),asd_d_proband,71,70,13841,24,8.9279,2.6882151275412105,1.7223901559997672,3.999851023229181,2.1632437034563756e-5,3.931245490457427e-5
Wang,HOXD1_+_+,HOXD1 (+),asd_da_proband,71,70,24839,20,16.0219,1.2482918522047954,0.7624890930380023,1.927885523186567,0.31519550040779054,0.42771120187547534
Wang,HOXD1_+_+,HOXD1 (+),proband,71,70,38680,41,24.9498,1.6433029653483862,1.1792625796981882,2.2293260280829017,0.002570988996034897,0.004295019684444829
Wang,HOXD1_+_+,HOXD1 (+),sibling,71,70,9567,8,6.171,1.2963863830632347,0.559687625415301,2.5543979823384726,0.4164637709998126,1
Wang,HSF4_+_+,HSF4 (+),asd_d_proband,22,21,13841,16,5.0139,3.19112321534207,1.8240026413123431,5.182184177359624,7.122595884759083e-5,1.2456156696423262e-4
Wang,HSF4_+_+,HSF4 (+),asd_da_proband,22,21,24839,3,8.9979,0.3334096815256471,0.06875709182113948,0.9743645740103902,0.04325305116079616,0.07570960427990522
Wang,HSF4_+_+,HSF4 (+),proband,22,21,38680,19,14.0118,1.355995333582346,0.8163977704528617,2.1175546834986925,0.1797106191353645,0.2370518109057236
Wang,HSF4_+_+,HSF4 (+),sibling,22,21,9567,3,3.4657,0.865638452954484,0.17851545978313826,2.529762898907085,1,1
Wang,IKZF1_+_+,IKZF1 (+),asd_d_proband,98,96,13841,23,19.1682,1.1999036392294784,0.7606359783397435,1.8004446060445478,0.35968983688759093,0.41479759657637294
Wang,IKZF1_+_+,IKZF1 (+),asd_da_proband,98,96,24839,32,34.3992,0.9302547022974157,0.6362935277295908,1.3132420772059423,0.7976829070860505,0.8846601199412092
Wang,IKZF1_+_+,IKZF1 (+),proband,98,96,38680,53,53.5674,0.9894079766427838,0.7411344690315769,1.294169993965056,1,1
Wang,IKZF1_+_+,IKZF1 (+),sibling,98,96,9567,7,13.2492,0.5283336464296494,0.21241752762662375,1.088569237874183,0.09724067790136111,1
Wang,IKZF2_-_+,IKZF2 (-),asd_d_proband,100,96,13841,113,23.9148,4.725099556256693,3.894150801580451,5.680872842013946,1.4348065355118131e-39,8.154971839592652e-39
Wang,IKZF2_-_+,IKZF2 (-),asd_da_proband,100,96,24839,80,42.9175,1.8640427491636977,1.4780699703982054,2.3199625567759954,3.6215186666952797e-7,1.4814110777894823e-6
Wang,IKZF2_-_+,IKZF2 (-),proband,100,96,38680,183,66.8323,2.738196511732584,2.3558302108874645,3.1649416511833053,1.1473807815491841e-31,6.2045567381403755e-31
Wang,IKZF2_-_+,IKZF2 (-),sibling,100,96,9567,13,16.5301,0.786443571658046,0.4187480799901799,1.344842458865332,0.4601078498736241,1
Wang,INSM1_+_+,INSM1 (+),asd_d_proband,29,29,13841,25,5.7273,4.365023978504986,2.824813368255135,6.443636471392351,2.385995624705801e-9,5.3480867724794004e-9
Wang,INSM1_+_+,INSM1 (+),asd_da_proband,29,29,24839,12,10.2783,1.167511675410202,0.6032703194742558,2.0394079399042093,0.531465580359976,0.655350153465963
Wang,INSM1_+_+,INSM1 (+),proband,29,29,38680,33,16.0056,2.0617764190838552,1.4192320184870315,2.8955006526922973,1.4772504010203194e-4,2.658584712246347e-4
Wang,INSM1_+_+,INSM1 (+),sibling,29,29,9567,3,3.9588,0.7578086784131391,0.15627836794085562,2.2146385394228454,1,1
Wang,IRF2_+_+,IRF2 (+),asd_d_proband,80,77,13841,21,13.9551,1.5048297124886045,0.93151330987198,2.30029206678757,0.07904577510541375,0.10495470019956009
Wang,IRF2_+_+,IRF2 (+),asd_da_proband,80,77,24839,25,25.0437,0.9982548589370198,0.6460179106316716,1.473621095431941,1,1
Wang,IRF2_+_+,IRF2 (+),proband,80,77,38680,46,38.9988,1.1795243146766135,0.8635600442662247,1.5733201411024447,0.2613484404235658,0.3331827603612163
Wang,IRF2_+_+,IRF2 (+),sibling,80,77,9567,9,9.6458,0.9330443063456871,0.426647270777452,1.771208731709089,1,1
Wang,IRF3_+_+,IRF3 (+),asd_d_proband,13,13,13841,4,0.8429,4.745394542279226,1.2929602989563678,12.150094751132357,0.010824175340129005,0.01616371491810149
Wang,IRF3_+_+,IRF3 (+),asd_da_proband,13,13,24839,0,1.5127,0,0,2.438597699598771,NA,NA
Wang,IRF3_+_+,IRF3 (+),proband,13,13,38680,4,2.3556,1.698061164935025,0.46266451649056584,4.347710999235341,0.3068894535877915,0.3860649024737267
Wang,IRF3_+_+,IRF3 (+),sibling,13,13,9567,1,0.5826,1.7163427892674497,0.043454037173893796,9.562849958407622,0.4415745742595141,1
Wang,IRF4_+_+,IRF4 (+),asd_d_proband,21,21,13841,5,2.941,1.7001016417819874,0.5520183754502077,3.9674701049827794,0.22773525897908073,0.2763584733144836
Wang,IRF4_+_+,IRF4 (+),asd_da_proband,21,21,24839,6,5.2779,1.1368142110666848,0.41719077977241137,2.4743659429759073,0.6608401241918042,0.7747544135125098
Wang,IRF4_+_+,IRF4 (+),proband,21,21,38680,11,8.2189,1.3383773271093553,0.6681131395482969,2.394726736136042,0.2941877258682867,0.3709683944649454
Wang,IRF4_+_+,IRF4 (+),sibling,21,21,9567,2,2.0328,0.9838447506597465,0.1191481636282821,3.5539855185232114,1,1
Wang,IRF5_+_+,IRF5 (+),asd_d_proband,10,10,13841,1,1.1437,0.8743363331829698,0.022136279397214523,4.871490252236645,1,1
Wang,IRF5_+_+,IRF5 (+),asd_da_proband,10,10,24839,1,2.0525,0.48720516879042974,0.012334966912389639,2.7145334587224683,0.7295128412343489,0.8334164229501622
Wang,IRF5_+_+,IRF5 (+),proband,10,10,38680,2,3.1962,0.6257336705059713,0.07577925044695916,2.2603651662920687,0.7773322667892929,0.838313909647054
Wang,IRF5_+_+,IRF5 (+),sibling,10,10,9567,0,0.7906,0,0,4.666214341398229,NA,NA
Wang,IRF6_+_+,IRF6 (+),asd_d_proband,10,9,13841,1,1.2931,0.7733533376189913,0.01957961130584732,4.308849012405392,1,1
Wang,IRF6_+_+,IRF6 (+),asd_da_proband,10,9,24839,2,2.3205,0.861869120816817,0.10437634897618127,3.113367604178674,1,1
Wang,IRF6_+_+,IRF6 (+),proband,10,9,38680,3,3.6136,0.8301952078064471,0.17120621054378984,2.4261826960101986,1,1
Wang,IRF6_+_+,IRF6 (+),sibling,10,9,9567,1,0.8938,1.1188443133672477,0.02832668549014663,6.233801524062196,0.5908933507464103,1
Wang,IRF8_+_+,IRF8 (+),asd_d_proband,52,52,13841,17,9.5742,1.7755987330519685,1.0343516948640068,2.8429055765713396,0.02284633705569836,0.03254580496169818
Wang,IRF8_+_+,IRF8 (+),asd_da_proband,52,52,24839,15,17.1819,0.8730126271129235,0.48861854022723783,1.4399015648229723,0.7168153016916545,0.8228472978295378
Wang,IRF8_+_+,IRF8 (+),proband,52,52,38680,31,26.7561,1.1586135470365306,0.7872216929874103,1.6445594466164812,0.3839393356366668,0.4697257628231628
Wang,IRF8_+_+,IRF8 (+),sibling,52,52,9567,5,6.6178,0.7555402475473993,0.24532186181598103,1.7631789015353418,0.6966916378951443,1
Wang,IRF9_+_+,IRF9 (+),asd_d_proband,26,26,13841,2,3.8062,0.5254642682107047,0.06363616065197361,1.8981576091857362,0.6012569570693669,0.6612045904987904
Wang,IRF9_+_+,IRF9 (+),asd_da_proband,26,26,24839,7,6.8305,1.024812926328164,0.412027947796848,2.111506306129618,0.847618154065297,0.9166292106702301
Wang,IRF9_+_+,IRF9 (+),proband,26,26,38680,9,10.6367,0.8461292454335478,0.38690417039580566,1.6062168725255306,0.7586515827296498,0.8251872792130891
Wang,IRF9_+_+,IRF9 (+),sibling,26,26,9567,2,2.6308,0.7602122855967767,0.09206523461732692,2.746148162301638,1,1
Wang,ISL1_+_+,ISL1 (+),asd_d_proband,24,22,13841,15,4.1127,3.647257517489997,2.0413423456683475,6.015596617558309,2.725750305866832e-5,4.937375350789676e-5
Wang,ISL1_+_+,ISL1 (+),asd_da_proband,24,22,24839,11,7.3806,1.490394418174026,0.7439995236934744,2.6667273035010397,0.191677743610383,0.2861478040057736
Wang,ISL1_+_+,ISL1 (+),proband,24,22,38680,25,11.4933,2.1751849060487354,1.4076649822065206,3.211002015489103,5.020720435056803e-4,8.772805538131412e-4
Wang,ISL1_+_+,ISL1 (+),sibling,24,22,9567,2,2.8427,0.7035530650441315,0.08520354015086715,2.541475576306864,1,1
Wang,ISL2_+_+,ISL2 (+),asd_d_proband,11,11,13841,2,0.9985,2.003032925534943,0.24257657989681292,7.235643637578672,0.2636840871110791,0.3155145789922042
Wang,ISL2_+_+,ISL2 (+),asd_da_proband,11,11,24839,1,1.7919,0.5580735682259581,0.014129199441452304,3.1093869080638483,1,1
Wang,ISL2_+_+,ISL2 (+),proband,11,11,38680,2,2.7904,0.7167522937520462,0.08680202798220754,2.589155728741634,1,1
Wang,ISL2_+_+,ISL2 (+),sibling,11,11,9567,2,0.6902,2.897875898644209,0.35094621536027887,10.468124133764649,0.15239205453139795,1
Wang,JDP2_+_+,JDP2 (+),asd_d_proband,111,107,13841,73,24.9101,2.9305381958477374,2.2970741402197574,3.68471180645124,4.401187052295453e-15,1.241246171204338e-14
Wang,JDP2_+_+,JDP2 (+),asd_da_proband,111,107,24839,63,44.7036,1.409283725620336,1.0829323095702985,1.8030860798625234,0.00868264439645104,0.017855565616745398
Wang,JDP2_+_+,JDP2 (+),proband,111,107,38680,130,69.6137,1.8674495657855497,1.5602492094207012,2.2174447150859686,9.401543468024069e-11,2.4160272741025817e-10
Wang,JDP2_+_+,JDP2 (+),sibling,111,107,9567,14,17.218,0.8131005530744232,0.4445296386323634,1.3642445661195115,0.5453749593467746,1
Wang,JDP2_-_+,JDP2 (-),asd_d_proband,18,18,13841,17,4.7854,3.552456130584572,2.0694366081712214,5.6878263969049225,1.150131391278102e-5,2.1212688243109364e-5
Wang,JDP2_-_+,JDP2 (-),asd_da_proband,18,18,24839,12,8.5879,1.3973152837000937,0.7220131972623269,2.4408285965330854,0.22949533821126367,0.33260620903789045
Wang,JDP2_-_+,JDP2 (-),proband,18,18,38680,28,13.3733,2.0937211334262877,1.3912624879500375,3.026009985342972,4.7916292851355846e-4,8.398231972872047e-4
Wang,JDP2_-_+,JDP2 (-),sibling,18,18,9567,2,3.3077,0.6046464292503159,0.07322548770145175,2.184190800369042,0.7792450268042879,1
Wang,JUNB_+_+,JUNB (+),asd_d_proband,45,45,13841,5,5.5048,0.908297642491445,0.29492177215230153,2.1196637038912156,1,1
Wang,JUNB_+_+,JUNB (+),asd_da_proband,45,45,24839,15,9.8789,1.5183881399884163,0.8498303156427599,2.50435032767878,0.10893278056067512,0.1720071458083947
Wang,JUNB_+_+,JUNB (+),proband,45,45,38680,20,15.3837,1.3000773184823258,0.7941210011889385,2.0078639757988954,0.24823104891011488,0.3189545346919382
Wang,JUNB_+_+,JUNB (+),sibling,45,45,9567,3,3.805,0.7884445073517774,0.16259621238290023,2.3041694320971637,1,1
Wang,JUND_+_+,JUND (+),asd_d_proband,170,168,13841,64,21.0969,3.03361839334672,2.3362558162098055,3.8738629631942803,4.500674729235173e-14,1.2139834499680347e-13
Wang,JUND_+_+,JUND (+),asd_da_proband,170,168,24839,71,37.8604,1.8753083387919127,1.4646313711713297,2.3654462982167805,1.279585089838442e-6,4.783614458369539e-6
Wang,JUND_+_+,JUND (+),proband,170,168,38680,132,58.9574,2.238906253257973,1.873274347334444,2.6550571592688015,3.079255324115872e-16,9.759528680045027e-16
Wang,JUND_+_+,JUND (+),sibling,170,168,9567,17,14.5823,1.1657933964070881,0.6791176142383775,1.866548159830632,0.5103975972369731,1
Wang,JUND_-_+,JUND (-),asd_d_proband,16,16,13841,14,5.1463,2.7204263015961425,1.4872823738736551,4.564413079597842,9.152221041595129e-4,0.0015037720118491111
Wang,JUND_-_+,JUND (-),asd_da_proband,16,16,24839,15,9.2354,1.62417772341273,0.909039942420987,2.6788341575615022,0.06755925847598193,0.1110253316148233
Wang,JUND_-_+,JUND (-),proband,16,16,38680,28,14.3817,1.9469193609303106,1.293713776243623,2.813840550575926,0.001291440178818572,0.0022091952684137792
Wang,JUND_-_+,JUND (-),sibling,16,16,9567,1,3.5571,0.28112574803560014,0.007117487708205181,1.5663324160653056,0.2800005480312904,1
Wang,JUN_+_+,JUN (+),asd_d_proband,212,206,13841,92,28.6531,3.210822064254526,2.5883757552458273,3.9377882316079895,4.78849445549179e-21,1.6019167637891452e-20
Wang,JUN_+_+,JUN (+),asd_da_proband,212,206,24839,68,51.4207,1.322423886792504,1.0269138928418022,1.6764873859297178,0.025315568269587405,0.04677786673709358
Wang,JUN_+_+,JUN (+),proband,212,206,38680,153,80.0738,1.9107367005968916,1.6199697219035234,2.238626412979907,4.811562024244266e-13,1.355553646830298e-12
Wang,JUN_+_+,JUN (+),sibling,212,206,9567,25,19.8052,1.2622928281362022,0.8168893626084929,1.8633932241859592,0.25876197702575815,1
Wang,KLF10_+_+,KLF10 (+),asd_d_proband,74,69,13841,27,9.6523,2.7972662090138622,1.8434160578081604,4.069875471957856,3.434476800757282e-6,6.562619478633983e-6
Wang,KLF10_+_+,KLF10 (+),asd_da_proband,74,69,24839,33,17.3219,1.9050980652672973,1.3113818489525944,2.6754659915430627,6.565484674830646e-4,0.0016770208592497282
Wang,KLF10_+_+,KLF10 (+),proband,74,69,38680,60,26.9742,2.2243457198070127,1.6974101171809801,2.863173858860976,3.667301100292821e-8,8.318867903447533e-8
Wang,KLF10_+_+,KLF10 (+),sibling,74,69,9567,7,6.6717,1.0492035941168372,0.42183426125775325,2.16176040375407,0.8449031836340654,1
Wang,KLF12_+_+,KLF12 (+),asd_d_proband,222,210,13841,235,60.7868,3.865973411696173,3.387454602762171,4.393147708690119,1.5789341278678205e-64,1.3530250911113475e-63
Wang,KLF12_+_+,KLF12 (+),asd_da_proband,222,210,24839,208,109.0877,1.9067234012037764,1.656390183637714,2.1842049503434695,3.831177680543832e-17,4.1994170886737734e-16
Wang,KLF12_+_+,KLF12 (+),proband,222,210,38680,421,169.8744,2.4783012711315666,2.2471909609368854,2.726728640636143,4.8946773920311545e-59,4.577726970743891e-58
Wang,KLF12_+_+,KLF12 (+),sibling,222,210,9567,37,42.0163,0.8806116351543578,0.6200318589195486,1.213807139705585,0.487453523555959,1
Wang,KLF12_-_+,KLF12 (-),asd_d_proband,296,285,13841,123,58.8265,2.090893577287061,1.7377369856632554,2.4947321594547667,3.2715349116457184e-13,8.575270333113718e-13
Wang,KLF12_-_+,KLF12 (-),asd_da_proband,296,285,24839,122,105.5698,1.1556331969408473,0.9596835239819217,1.3798276460508556,0.10831885256303009,0.17127728927683608
Wang,KLF12_-_+,KLF12 (-),proband,296,285,38680,232,164.3964,1.411223517699828,1.2354584086483391,1.6049818065948303,6.848898266451417e-7,1.436506051842108e-6
Wang,KLF12_-_+,KLF12 (-),sibling,296,285,9567,49,40.6613,1.2050764290173288,0.8915221762269331,1.5931749473869177,0.18249644331400672,1
Wang,KLF15_+_+,KLF15 (+),asd_d_proband,70,70,13841,15,10.5233,1.4254145847744408,0.7977937225654951,2.351004587328519,0.16327558856707144,0.204949171800662
Wang,KLF15_+_+,KLF15 (+),asd_da_proband,70,70,24839,22,18.885,1.1649465005112574,0.7300657697073946,1.7637430016311495,0.4212958070083645,0.5467160530028086
Wang,KLF15_+_+,KLF15 (+),proband,70,70,38680,37,29.4082,1.25815070822291,0.8858542077787321,1.7341950202587544,0.16543495286380863,0.21974537976438377
Wang,KLF15_+_+,KLF15 (+),sibling,70,70,9567,9,7.2737,1.2373260124090961,0.565784242683867,2.348830191926405,0.4566838338827633,1
Wang,KLF15_-_+,KLF15 (-),asd_d_proband,20,20,13841,35,9.826,3.5619789485522286,2.4810488488317395,4.953850450780008,3.8763908650026505e-10,9.072057612632254e-10
Wang,KLF15_-_+,KLF15 (-),asd_da_proband,20,20,24839,29,17.6337,1.6445787076549325,1.101400171189625,2.3618893534510725,0.011631023580815286,0.023407175798111333
Wang,KLF15_-_+,KLF15 (-),proband,20,20,38680,62,27.4597,2.2578547339847144,1.7310842777948183,2.8944678696443296,1.505963212907845e-8,3.457352164844771e-8
Wang,KLF15_-_+,KLF15 (-),sibling,20,20,9567,10,6.7918,1.4723633510105092,0.7060554570035467,2.707728624830166,0.24231991655284008,1
Wang,KLF16_+_+,KLF16 (+),asd_d_proband,10,10,13841,5,1.3112,3.8131688601810865,1.2381255495454728,8.898664107025043,0.011032022222077388,0.01640810781761577
Wang,KLF16_+_+,KLF16 (+),asd_da_proband,10,10,24839,1,2.3532,0.4249613124020002,0.010759088908145665,2.367732887649325,0.7367861018059456,0.8368481680983931
Wang,KLF16_+_+,KLF16 (+),proband,10,10,38680,6,3.6644,1.637375497221295,0.6008879496897157,3.5638771285116864,0.19047726331296513,0.2506742300347096
Wang,KLF16_+_+,KLF16 (+),sibling,10,10,9567,3,0.9063,3.3100075380223526,0.682603130116244,9.673246649582488,0.06390531051134574,1
Wang,KLF17_+_+,KLF17 (+),asd_d_proband,15,14,13841,3,1.616,1.8564906627428024,0.3828530064849838,5.42545353056435,0.2207720691328088,0.26878697815732133
Wang,KLF17_+_+,KLF17 (+),asd_da_proband,15,14,24839,3,2.9,1.0344896035679025,0.2133366263842611,3.0232176140964278,0.7686259818297985,0.8584358609884332
Wang,KLF17_+_+,KLF17 (+),proband,15,14,38680,6,4.5159,1.3286291242514545,0.4875834722849765,2.891866255620603,0.4715875921495699,0.5552956064423729
Wang,KLF17_+_+,KLF17 (+),sibling,15,14,9567,1,1.117,0.8952889189583335,0.022666752940649546,4.98823058829503,1,1
Wang,KLF1_+_+,KLF1 (+),asd_d_proband,21,20,13841,2,3.7517,0.5330862322164254,0.06455921585343045,1.9256907638637193,0.5995703458591671,0.660001349097937
Wang,KLF1_+_+,KLF1 (+),asd_da_proband,21,20,24839,6,6.7329,0.8911526076058871,0.32703730094513167,1.9396640548548116,1,1
Wang,KLF1_+_+,KLF1 (+),proband,21,20,38680,8,10.4846,0.7630244612313902,0.32941980448089564,1.5034623702533079,0.5374177245216609,0.618851056468518
Wang,KLF1_+_+,KLF1 (+),sibling,21,20,9567,0,2.5932,0,0,1.4225044342573834,NA,NA
Wang,KLF2_+_+,KLF2 (+),asd_d_proband,25,24,13841,2,2.8237,0.7083023980904516,0.08577870641622425,2.5586318002516957,1,1
Wang,KLF2_+_+,KLF2 (+),asd_da_proband,25,24,24839,5,5.0673,0.9867157989421816,0.3203839340994911,2.3026655219943106,1,1
Wang,KLF2_+_+,KLF2 (+),proband,25,24,38680,7,7.891,0.887090155684974,0.3566562510752566,1.8277447617152,1,1
Wang,KLF2_+_+,KLF2 (+),sibling,25,24,9567,2,1.9517,1.024732255876444,0.12409983019828157,3.7016852458747485,0.7227993079006052,1
Wang,KLF3_+_+,KLF3 (+),asd_d_proband,48,47,13841,9,6.5518,1.3736703576417824,0.6281295593894514,2.6076542297056142,0.3229519110659535,0.37632680850154
Wang,KLF3_+_+,KLF3 (+),asd_da_proband,48,47,24839,13,11.7578,1.1056476082037603,0.5887107858291087,1.8906910827949999,0.6605498333960655,0.7747544135125098
Wang,KLF3_+_+,KLF3 (+),proband,48,47,38680,22,18.3096,1.201555128239222,0.7530082018005583,1.8191689039590084,0.35008619472009206,0.43271768132085187
Wang,KLF3_+_+,KLF3 (+),sibling,48,47,9567,6,4.5286,1.3248995798139374,0.48621479520745864,2.8837486075043395,0.4723522033710428,1
Wang,KLF3_-_+,KLF3 (-),asd_d_proband,58,57,13841,68,18.7868,3.6195573101271705,2.810727879940292,4.5886513648781575,1.606001636610463e-18,4.955916407712066e-18
Wang,KLF3_-_+,KLF3 (-),asd_da_proband,58,57,24839,61,33.7148,1.8092964908704292,1.3839684528232041,2.324117033843688,2.0508711395552795e-5,6.522347933965946e-5
Wang,KLF3_-_+,KLF3 (-),proband,58,57,38680,122,52.5016,2.323739169427642,1.9297249342044398,2.7745478034685043,2.598810119546509e-16,8.282799850286499e-16
Wang,KLF3_-_+,KLF3 (-),sibling,58,57,9567,9,12.9856,0.6930758221663185,0.31691839922073733,1.3156737998491441,0.3302385328624262,1
Wang,KLF4_+_+,KLF4 (+),asd_d_proband,14,13,13841,2,1.4797,1.3516113690220286,0.1636864072813231,4.882484994664473,0.6630651161246439,0.7248817854395028
Wang,KLF4_+_+,KLF4 (+),asd_da_proband,14,13,24839,2,2.6555,0.753156445856673,0.09121073969084074,2.7206600431237558,1,1
Wang,KLF4_+_+,KLF4 (+),proband,14,13,38680,4,4.1352,0.9673036690089917,0.2635576936586499,2.476681575549734,1,1
Wang,KLF4_+_+,KLF4 (+),sibling,14,13,9567,1,1.0228,0.9777178299693685,0.02475367228198105,5.447495085551955,1,1
Wang,KLF5_+_+,KLF5 (+),asd_d_proband,185,175,13841,67,34.489,1.9426469076470705,1.5055246703071754,2.4670929023992785,8.77438770783874e-7,1.7330971465482901e-6
Wang,KLF5_+_+,KLF5 (+),asd_da_proband,185,175,24839,99,61.8939,1.599512447640757,1.3000047896492453,1.9473490124466126,1.3821064900493029e-5,4.536041358330415e-5
Wang,KLF5_+_+,KLF5 (+),proband,185,175,38680,159,96.3829,1.6496704532984585,1.4032173490256015,1.9269494488033807,5.2002334558325855e-9,1.2335688925374178e-8
Wang,KLF5_+_+,KLF5 (+),sibling,185,175,9567,28,23.8391,1.174542657931426,0.7804750663250906,1.6975411645654572,0.35711136766091267,1
Wang,KLF5_-_+,KLF5 (-),asd_d_proband,15,15,13841,22,5.3578,4.106135643605901,2.5732933468245065,6.216738710301091,5.939045875167692e-8,1.2343464748016435e-7
Wang,KLF5_-_+,KLF5 (-),asd_da_proband,15,15,24839,16,9.6151,1.6640407407163742,0.9511430620182608,2.7022979105173186,0.0503049217910375,0.0869743594212578
Wang,KLF5_-_+,KLF5 (-),proband,15,15,38680,37,14.973,2.471117170485714,1.7398945365464153,3.4061095093966856,1.457685275946362e-6,3.007629113661481e-6
Wang,KLF5_-_+,KLF5 (-),sibling,15,15,9567,5,3.7034,1.350119811547965,0.43838022781547353,3.1507292616028386,0.4293245441126087,1
Wang,KLF6_-_+,KLF6 (-),asd_d_proband,10,10,13841,3,3.2072,0.9353896597047209,0.19289983550137127,2.7336055244148785,1,1
Wang,KLF6_-_+,KLF6 (-),asd_da_proband,10,10,24839,11,5.7557,1.9111613602225463,0.954044865149863,3.419595590639519,0.03649806112572315,0.0648918283636873
Wang,KLF6_-_+,KLF6 (-),proband,10,10,38680,14,8.9629,1.5619975518754103,0.8539585967004725,2.6207664776277215,0.09378631587307018,0.13034127455684905
Wang,KLF6_-_+,KLF6 (-),sibling,10,10,9567,4,2.2169,1.804359190268359,0.4916271507644795,4.619876162353252,0.29292309303295205,1
Wang,KLF7_+_+,KLF7 (+),asd_d_proband,188,182,13841,182,47.7925,3.8081250679837253,3.2749488679406498,4.403363965818637,1.5774319763441454e-49,1.0397983560043656e-48
Wang,KLF7_+_+,KLF7 (+),asd_da_proband,188,182,24839,176,85.7683,2.0520401043399583,1.7600657179024024,2.3786115776728676,1.3350741746916734e-17,1.522523983057474e-16
Wang,KLF7_+_+,KLF7 (+),proband,188,182,38680,342,133.5609,2.5606305613485767,2.296407617891184,2.846917410292978,3.9628770294878403e-51,3.2529803529824644e-50
Wang,KLF7_+_+,KLF7 (+),sibling,188,182,9567,38,33.0346,1.1503105595967962,0.8140282149799349,1.5788911161827852,0.3831625393742254,1
Wang,KLF7_-_+,KLF7 (-),asd_d_proband,117,113,13841,158,31.5113,5.014072005477135,4.262723433872964,5.8597145729987075,7.949538385103338e-58,5.943480376513502e-57
Wang,KLF7_-_+,KLF7 (-),asd_da_proband,117,113,24839,115,56.5501,2.0335960094904952,1.6789420689839936,2.4410240278018427,9.642050922432377e-12,6.403456171427149e-11
Wang,KLF7_-_+,KLF7 (-),proband,117,113,38680,261,88.0614,2.9638416042468148,2.6151455308997202,3.3460870698148506,3.327136930421388e-50,2.6734248152188757e-49
Wang,KLF7_-_+,KLF7 (-),sibling,117,113,9567,27,21.7809,1.239621038399961,0.816918075376497,1.8035835282497155,0.28180330725534886,1
Wang,KLF8_-_+,KLF8 (-),asd_d_proband,10,10,13841,8,3.3371,2.3972944622458385,1.0349815938557092,4.723625778112842,0.020958260647346134,0.0300096431377167
Wang,KLF8_-_+,KLF8 (-),asd_da_proband,10,10,24839,8,5.9887,1.3358409216129736,0.5767212947605327,2.6321391519328414,0.4066828172747203,0.5308033534140569
Wang,KLF8_-_+,KLF8 (-),proband,10,10,38680,16,9.3258,1.715664563182247,0.980650537028842,2.786131763961549,0.04592085746848984,0.06708796206344035
Wang,KLF8_-_+,KLF8 (-),sibling,10,10,9567,2,2.3066,0.867067854393871,0.10500593973070155,3.1321472173596363,1,1
Wang,KLF9_+_+,KLF9 (+),asd_d_proband,342,327,13841,279,57.4279,4.858264087749186,4.304863288881951,5.463076357613799,1.5026672829141733e-97,2.426045439371578e-96
Wang,KLF9_+_+,KLF9 (+),asd_da_proband,342,327,24839,209,103.0599,2.027946822967022,1.7623133395996042,2.322314942770887,4.436214989353867e-20,5.962484194024423e-19
Wang,KLF9_+_+,KLF9 (+),proband,342,327,38680,464,160.4878,2.8911851143914897,2.63406946402565,3.1666167405559014,2.116465540037003e-84,3.332731423722677e-83
Wang,KLF9_+_+,KLF9 (+),sibling,342,327,9567,33,39.6946,0.8313474135709572,0.5722613067572849,1.167520860326057,0.33990731295423576,1
Wang,KLF9_extended_-_+,KLF9 (-),asd_d_proband,37,36,13841,39,11.042,3.5319601734536565,2.51156895411661,4.828305827957038,5.159922177901996e-11,1.2523209817391772e-10
Wang,KLF9_extended_-_+,KLF9 (-),asd_da_proband,37,36,24839,32,19.816,1.6148587099326903,1.104562162158696,2.2796986689652834,0.009491902662754206,0.019308753344593692
Wang,KLF9_extended_-_+,KLF9 (-),proband,37,36,38680,68,30.858,2.2036423327052344,1.7112144970384917,2.7936417443590336,7.142551505538462e-9,1.6734396853838572e-8
Wang,KLF9_extended_-_+,KLF9 (-),sibling,37,36,9567,14,7.6323,1.8343023444661772,1.0028301607284886,3.0776476496003737,0.02867756468036164,1
Wang,LCORL_+_+,LCORL (+),asd_d_proband,129,128,13841,51,32.6224,1.563344450617912,1.1640126288007673,2.0555092358445357,0.0027409872638746993,0.004355862784531262
Wang,LCORL_+_+,LCORL (+),asd_da_proband,129,128,24839,71,58.544,1.2127637581406048,0.947178556853559,1.5297364614467721,0.10232019525762279,0.16316313622296064
Wang,LCORL_+_+,LCORL (+),proband,129,128,38680,118,91.1663,1.2943374312297469,1.0713573033641086,1.5500406433410439,0.0064072713756451564,0.010282273754727319
Wang,LCORL_+_+,LCORL (+),sibling,129,128,9567,23,22.5488,1.0200090639249255,0.6465982491328717,1.5305144156738075,0.915835421737584,1
Wang,LCORL_-_+,LCORL (-),asd_d_proband,18,18,13841,7,3.2019,2.1862150821559774,0.8789718499850361,4.504438628684737,0.04473352432512481,0.06229143262273631
Wang,LCORL_-_+,LCORL (-),asd_da_proband,18,18,24839,4,5.7461,0.6961265510371567,0.18967105590932892,1.7823604504374946,0.6734663594930284,0.786600741429611
Wang,LCORL_-_+,LCORL (-),proband,18,18,38680,10,8.948,1.1175728671931189,0.5359196294442196,2.0552562930580107,0.6172980032864701,0.6952981458537635
Wang,LCORL_-_+,LCORL (-),sibling,18,18,9567,2,2.2132,0.9036838821580397,0.10944031056465409,3.26441689947405,1,1
Wang,LEF1_+_+,LEF1 (+),asd_d_proband,65,63,13841,25,11.2714,2.2180026830578057,1.4353743898729625,3.2742095009274963,4.3957121473537275e-4,7.397014096906424e-4
Wang,LEF1_+_+,LEF1 (+),asd_da_proband,65,63,24839,25,20.2276,1.2359344231331004,0.7998315926660362,1.8244830187341468,0.266089022762519,0.3727227130259106
Wang,LEF1_+_+,LEF1 (+),proband,65,63,38680,46,31.499,1.4603632432940454,1.0691694366381317,1.9479199160299991,0.015593743415398851,0.0242404104045914
Wang,LEF1_+_+,LEF1 (+),sibling,65,63,9567,6,7.7909,0.7701317061449503,0.2826247630319451,1.6762525017196621,0.7178660804821964,1
Wang,LEF1_extended_-_+,LEF1 (-),asd_d_proband,12,12,13841,6,4.2787,1.4022907523257557,0.5146159915449072,3.0521966086693983,0.3329708441600311,0.3867338650414346
Wang,LEF1_extended_-_+,LEF1 (-),asd_da_proband,12,12,24839,7,7.6786,0.9116291860956929,0.36652221400497803,1.8783045430444487,1,1
Wang,LEF1_extended_-_+,LEF1 (-),proband,12,12,38680,12,11.9573,1.0035732317963175,0.5185609334046798,1.7530404708643597,0.885232172155072,0.9258986686346409
Wang,LEF1_extended_-_+,LEF1 (-),sibling,12,12,9567,3,2.9575,1.0143778772311478,0.2091891049083093,2.964442615197009,0.7728060776534788,1
Wang,LHX1_+_+,LHX1 (+),asd_d_proband,63,62,13841,61,14.5124,4.203306129883053,3.215196133231839,5.399322567757297,9.39930049894945e-20,3.0175275953399673e-19
Wang,LHX1_+_+,LHX1 (+),asd_da_proband,63,62,24839,44,26.0439,1.6894573158176684,1.2275622720074295,2.2680175903088853,0.0011286180433420214,0.0027110846190066856
Wang,LHX1_+_+,LHX1 (+),proband,63,62,38680,100,40.5563,2.465711094974797,2.0062009595883357,2.998965349001975,2.877998960777246e-15,8.851204351069644e-15
Wang,LHX1_+_+,LHX1 (+),sibling,63,62,9567,4,10.0311,0.39876117969530744,0.10864900052407508,1.0209869955395199,0.056392481725787286,1
Wang,LHX2_+_+,LHX2 (+),asd_d_proband,396,384,13841,307,81.5331,3.7653407437878412,3.355880120533148,4.210980078261703,4.342023359699057e-81,5.0915937081102626e-80
Wang,LHX2_+_+,LHX2 (+),asd_da_proband,396,384,24839,238,146.319,1.6265829904027762,1.4264801490483578,1.8468965590612438,3.0438768310956817e-12,2.1213191001895214e-11
Wang,LHX2_+_+,LHX2 (+),proband,396,384,38680,522,227.8521,2.290959514512179,2.0986182036434036,2.496190432235534,2.4593020809683798e-62,2.5509669767135648e-61
Wang,LHX2_+_+,LHX2 (+),sibling,396,384,9567,52,56.3563,0.922700904952492,0.6891171693207588,1.2099994775383225,0.6405764016381861,1
Wang,LHX2_-_+,LHX2 (-),asd_d_proband,53,53,13841,54,18.5361,2.9132326070673398,2.188509995773605,3.8011366177823533,1.7224193823759633e-11,4.2734414074984924e-11
Wang,LHX2_-_+,LHX2 (-),asd_da_proband,53,53,24839,59,33.2648,1.7736453116221982,1.350180988964713,2.2878732272788413,5.6398918696474686e-5,1.666868565662825e-4
Wang,LHX2_-_+,LHX2 (-),proband,53,53,38680,109,51.8009,2.1042091443906683,1.727774660075148,2.5383025021158576,4.524554103098203e-12,1.2350517300562319e-11
Wang,LHX2_-_+,LHX2 (-),sibling,53,53,9567,19,12.8123,1.4829506478170758,0.8928331629070213,2.315811132908866,0.09152725284763143,1
Wang,LHX5_+_+,LHX5 (+),asd_d_proband,37,37,13841,31,5.9561,5.2047858156760904,3.5363994421896776,7.387778006462152,4.0812620440670886e-13,1.0672596049508773e-12
Wang,LHX5_+_+,LHX5 (+),asd_da_proband,37,37,24839,21,10.6887,1.9646890490503723,1.2161734871140804,3.0032359114979994,0.004974118755190556,0.01069672395163836
Wang,LHX5_+_+,LHX5 (+),proband,37,37,38680,50,16.6448,3.0039463786725147,2.229586902563911,3.9603288081578616,3.324969354529005e-11,8.721356398891021e-11
Wang,LHX5_+_+,LHX5 (+),sibling,37,37,9567,4,4.1169,0.9716119655235944,0.264731559456295,2.487712525748293,1,1
Wang,LHX6_+_+,LHX6 (+),asd_d_proband,157,152,13841,98,35.2455,2.7804987393022773,2.257343278904891,3.3885373607567777,3.34719276337457e-18,1.0215815721641839e-17
Wang,LHX6_+_+,LHX6 (+),asd_da_proband,157,152,24839,94,63.2514,1.4861335600303442,1.2009471922386001,1.8186511019609546,2.5702546454104607e-4,6.975522823722139e-4
Wang,LHX6_+_+,LHX6 (+),proband,157,152,38680,184,98.4969,1.868079923528913,1.6079010665418383,2.158368855869327,1.5583257040509483e-14,4.6914238214304276e-14
Wang,LHX6_+_+,LHX6 (+),sibling,157,152,9567,24,24.3619,0.9851436519843805,0.6312001264480442,1.465815664842861,1,1
Wang,LHX6_-_+,LHX6 (-),asd_d_proband,28,28,13841,56,7.573,7.394730606920943,5.58590003123015,9.602672777216412,1.444942034824284e-29,6.12040086233556e-29
Wang,LHX6_-_+,LHX6 (-),asd_da_proband,28,28,24839,37,13.5904,2.7225095718027905,1.9168979869715899,3.752620819723527,1.1957031655142481e-7,5.212157814152842e-7
Wang,LHX6_-_+,LHX6 (-),proband,28,28,38680,86,21.1634,4.063626507060579,3.2503766786061474,5.018545678237672,3.510740784398975e-26,1.5708844058820512e-25
Wang,LHX6_-_+,LHX6 (-),sibling,28,28,9567,7,5.2345,1.3372852818332912,0.537658040933278,2.7553187836948903,0.3790858846088267,1
Wang,LHX9_+_+,LHX9 (+),asd_d_proband,120,115,13841,93,20.9978,4.429033294724714,3.5748014867019715,5.425865008923687,7.746763307013326e-31,3.438204909965277e-30
Wang,LHX9_+_+,LHX9 (+),asd_da_proband,120,115,24839,74,37.6826,1.963772063092368,1.5419834462034874,2.4653359941629946,1.351785440039428e-7,5.847378397718444e-7
Wang,LHX9_+_+,LHX9 (+),proband,120,115,38680,159,58.6804,2.709593389190957,2.3047927208222507,3.1650257645962516,2.716560717078777e-27,1.2398383112747537e-26
Wang,LHX9_+_+,LHX9 (+),sibling,120,115,9567,16,14.5138,1.1023961144621874,0.6301146301353175,1.7902222246019714,0.6920677533613331,1
Wang,LHX9_-_+,LHX9 (-),asd_d_proband,24,24,13841,52,10.2109,5.092610395266846,3.803405026703048,6.678280994962701,1.6695110243296896e-20,5.45406240792749e-20
Wang,LHX9_-_+,LHX9 (-),asd_da_proband,24,24,24839,39,18.3244,2.128310936860031,1.5134371315681054,2.909471113910573,1.9831046056201476e-5,6.324647174421319e-5
Wang,LHX9_-_+,LHX9 (-),proband,24,24,38680,89,28.5353,3.118947887399107,2.504771262740423,3.838133758939291,1.2111579220618277e-19,4.35940438193232e-19
Wang,LHX9_-_+,LHX9 (-),sibling,24,24,9567,8,7.0578,1.1334928637847794,0.4893617656318347,2.2334328114472854,0.7032858306913277,1
Wang,LIN28B_+_+,LIN28B (+),asd_d_proband,139,137,13841,65,27.4228,2.370292270176123,1.829341532848261,3.0211320743873986,7.961526542163287e-10,1.8362609871573294e-9
Wang,LIN28B_+_+,LIN28B (+),asd_da_proband,139,137,24839,103,49.2128,2.0929513309313794,1.7083347111919271,2.538312180916748,1.7917288238975496e-11,1.1559210526744762e-10
Wang,LIN28B_+_+,LIN28B (+),proband,139,137,38680,160,76.6356,2.087803058563851,1.7768313537382756,2.4375407149442667,1.1228483588424438e-16,3.6396874359068994e-16
Wang,LIN28B_+_+,LIN28B (+),sibling,139,137,9567,29,18.9548,1.5299535165492337,1.0246338817327452,2.1972684585983773,0.028095237328365087,1
Wang,LIN28B_-_+,LIN28B (-),asd_d_proband,39,39,13841,52,10.1762,5.109938935181748,3.816346809149044,6.701005069612452,1.4473261431614518e-20,4.7421215396525216e-20
Wang,LIN28B_-_+,LIN28B (-),asd_da_proband,39,39,24839,26,18.2622,1.4237019365081236,0.9300093726854192,2.0860532023232774,0.07779050115539737,0.1265496769516479
Wang,LIN28B_-_+,LIN28B (-),proband,39,39,38680,75,28.4385,2.637270235133836,2.074380337858437,3.305841076701276,3.157361253758516e-13,8.9615651505932e-13
Wang,LIN28B_-_+,LIN28B (-),sibling,39,39,9567,9,7.0339,1.2795185035431393,0.5850773363421353,2.4289246828320574,0.445260385882831,1
Wang,LMX1A_+_+,LMX1A (+),asd_d_proband,86,83,13841,16,15.3693,1.0410343352477223,0.5950410714508054,1.690574539482502,0.7984932986234203,0.8512167795851581
Wang,LMX1A_+_+,LMX1A (+),asd_da_proband,86,83,24839,34,27.5817,1.2326998670477036,0.8536804926814416,1.7225745076171055,0.2150343774484291,0.3157160272474206
Wang,LMX1A_+_+,LMX1A (+),proband,86,83,38680,48,42.9511,1.1175508971688515,0.8239938107886479,1.4817103558769094,0.4445464953432007,0.5303293966902838
Wang,LMX1A_+_+,LMX1A (+),sibling,86,83,9567,13,10.6234,1.2237145333184931,0.6515764509370383,2.0925891204980864,0.4401026609520995,1
Wang,MAFA_+_+,MAFA (+),asd_d_proband,24,22,13841,9,9.2959,0.9681640787681555,0.44270626706783817,1.8378769993864716,1,1
Wang,MAFA_+_+,MAFA (+),asd_da_proband,24,22,24839,20,16.6825,1.1988637057521585,0.7322970970775597,1.8515477598536776,0.39011928251919736,0.5139377712534118
Wang,MAFA_+_+,MAFA (+),proband,24,22,38680,27,25.9784,1.039324639159517,0.6849214861740859,1.5121627833226383,0.7688461172138582,0.8319903698774198
Wang,MAFA_+_+,MAFA (+),sibling,24,22,9567,6,6.4254,0.9337903915703314,0.34268461619394736,2.032468560198382,1,1
Wang,MAFB_+_+,MAFB (+),asd_d_proband,352,338,13841,171,68.572,2.493729519151548,2.133962134182161,2.8967854243310387,3.0528109194599662e-25,1.126103100754438e-24
Wang,MAFB_+_+,MAFB (+),asd_da_proband,352,338,24839,167,123.059,1.3570725568224953,1.1590514422877576,1.5792223452166037,1.4968190029793788e-4,4.182942213771581e-4
Wang,MAFB_+_+,MAFB (+),proband,352,338,38680,323,191.631,1.6855310659192282,1.5067063327017627,1.8797415389020338,5.238834394916723e-18,1.7950480614414356e-17
Wang,MAFB_+_+,MAFB (+),sibling,352,338,9567,47,47.3975,0.9916143168219573,0.728600901948703,1.3186368263250667,1,1
Wang,MAFB_-_+,MAFB (-),asd_d_proband,92,90,13841,135,27.4291,4.921777398695469,4.126589581532942,5.825519213461267,8.204950782351196e-49,5.345213550607738e-48
Wang,MAFB_-_+,MAFB (-),asd_da_proband,92,90,24839,96,49.2242,1.950261256904248,1.5797178795483002,2.381602794069697,3.2909437727171562e-9,1.666845906944333e-8
Wang,MAFB_-_+,MAFB (-),proband,92,90,38680,219,76.6533,2.8570202408365573,2.491134217498943,3.261519823639256,3.902808187946012e-40,2.5592552542795403e-39
Wang,MAFB_-_+,MAFB (-),sibling,92,90,9567,19,18.9592,1.0021517628356238,0.6033608262301029,1.5649841164001144,0.9086847973251821,1
Wang,MAFG_+_+,MAFG (+),asd_d_proband,17,17,13841,8,2.7813,2.8763700685215854,1.241812436862018,5.66759570717577,0.007830289373385393,0.011867948791770513
Wang,MAFG_+_+,MAFG (+),asd_da_proband,17,17,24839,10,4.9913,2.0034944099202496,0.9607534446096085,3.6844975526625707,0.03830985917599486,0.06768674649405039
Wang,MAFG_+_+,MAFG (+),proband,17,17,38680,17,7.7726,2.1871808687077414,1.2741134561599,3.501888446344931,0.0032229766680818483,0.005329588954030998
Wang,MAFG_+_+,MAFG (+),sibling,17,17,9567,1,1.9224,0.5201713980141014,0.013169599573840642,2.8982095319007155,1,1
Wang,MAFK_+_+,MAFK (+),asd_d_proband,10,9,13841,6,1.1738,5.111574654102799,1.8758578095264058,11.125746068236738,0.0013432950784463796,0.0021813858854070945
Wang,MAFK_+_+,MAFK (+),asd_da_proband,10,9,24839,1,2.1065,0.47471922371698294,0.012018850152517723,2.6449662253743726,0.7300698337446505,0.8334164229501622
Wang,MAFK_+_+,MAFK (+),proband,10,9,38680,7,3.2803,2.13394145773896,0.8579551418238531,4.396734983692423,0.04967380686065867,0.07210917764378058
Wang,MAFK_+_+,MAFK (+),sibling,10,9,9567,2,0.8113,2.4650466808625775,0.29852858907446006,8.90459617779587,0.19529114456082527,1
Wang,MAF_+_+,MAF (+),asd_d_proband,283,275,13841,196,69.69,2.8124538165101725,2.432479532121646,3.234952865540963,3.009793177425271e-35,1.5171536650007925e-34
Wang,MAF_+_+,MAF (+),asd_da_proband,283,275,24839,188,125.0654,1.503213054432104,1.296006696976402,1.7341269433210331,1.518137423875158e-7,6.499522390185746e-7
Wang,MAF_+_+,MAF (+),proband,283,275,38680,367,194.7555,1.884414319438729,1.6965296381224793,2.087420870806314,3.961402914955394e-28,1.8600661423720593e-27
Wang,MAF_+_+,MAF (+),sibling,283,275,9567,55,48.1703,1.1417833678308786,0.8601474903011012,1.4861879960466449,0.3127750213508189,1
Wang,MAF_-_+,MAF (-),asd_d_proband,100,98,13841,132,27.8734,4.735695969220938,3.9623176553317427,5.615931202525298,5.166565305425603e-46,3.251725282623798e-45
Wang,MAF_-_+,MAF (-),asd_da_proband,100,98,24839,95,50.0215,1.8991831490095503,1.5365525800358828,2.321652914494396,1.6181567138165136e-8,7.643928576982611e-8
Wang,MAF_-_+,MAF (-),proband,100,98,38680,217,77.8949,2.7858043927774077,2.4274553196720343,3.182155360742739,3.0352687555643456e-38,1.861957876397268e-37
Wang,MAF_-_+,MAF (-),sibling,100,98,9567,21,19.2663,1.0899858779942155,0.6747184379055093,1.666159198780151,0.6479273620549659,1
Wang,MAZ_-_+,MAZ (-),asd_d_proband,19,18,13841,9,6.898,1.304718239585113,0.5966002603163768,2.4767616314214758,0.4402134519008944,0.5004059034873433
Wang,MAZ_-_+,MAZ (-),asd_da_proband,19,18,24839,25,12.3792,2.0195173756880473,1.3069251642968054,2.9812060324697267,0.0014255524388766421,0.003339105193966243
Wang,MAZ_-_+,MAZ (-),proband,19,18,38680,32,19.2772,1.659988983485929,1.1354312358604173,2.343409149589093,0.00817023937634651,0.013019892637446046
Wang,MAZ_-_+,MAZ (-),sibling,19,18,9567,2,4.768,0.41946517900880453,0.05079917919101881,1.5152524529122662,0.35034039923417326,1
Wang,MBNL2_+_+,MBNL2 (+),asd_d_proband,44,42,13841,19,9.4788,2.00448285928593,1.2068296230111124,3.1302482844540025,0.004987847162249937,0.0077173079704811525
Wang,MBNL2_+_+,MBNL2 (+),asd_da_proband,44,42,24839,31,17.0105,1.8224003952118444,1.238232651507535,2.5867518924916832,0.0021312779395012433,0.004822069726847502
Wang,MBNL2_+_+,MBNL2 (+),proband,44,42,38680,46,26.4893,1.7365511535232698,1.2713736989968396,2.316315884206176,5.949001359080643e-4,0.001034727218096191
Wang,MBNL2_+_+,MBNL2 (+),sibling,44,42,9567,4,6.5518,0.6105207540256595,0.16634635742320025,1.5631756101320302,0.4325548213591388,1
Wang,MBNL2_-_+,MBNL2 (-),asd_d_proband,22,21,13841,20,5.4207,3.6895799820433837,2.253691305627366,5.698257039374969,1.1700573028592234e-6,2.294795484833054e-6
Wang,MBNL2_-_+,MBNL2 (-),asd_da_proband,22,21,24839,13,9.7279,1.3363605517714323,0.7115557115548831,2.2852172427144763,0.26148713586381345,0.3676450515445148
Wang,MBNL2_-_+,MBNL2 (-),proband,22,21,38680,30,15.1486,1.9803830092345838,1.3361561001359887,2.827119885555122,6.761788575434631e-4,0.0011672013259562653
Wang,MBNL2_-_+,MBNL2 (-),sibling,22,21,9567,5,3.7468,1.3344694400403072,0.4332985947868776,3.1142065152196143,0.43382495228953816,1
Wang,MEF2A_-_+,MEF2A (-),asd_d_proband,11,11,13841,13,2.885,4.506058844958595,2.3992865574208353,7.70549785799625,1.0791507141411294e-5,2.0002893436825593e-5
Wang,MEF2A_-_+,MEF2A (-),asd_da_proband,11,11,24839,6,5.1774,1.1588790668472082,0.42528819296361786,2.5223918447886353,0.6561371329541905,0.7716446074013344
Wang,MEF2A_-_+,MEF2A (-),proband,11,11,38680,17,8.0624,2.108547705119367,1.2283067406469004,3.375989134125556,0.004323821235610367,0.007027749330244201
Wang,MEF2A_-_+,MEF2A (-),sibling,11,11,9567,1,1.9941,0.5014702822448313,0.012696128315702286,2.7940135838216786,1,1
Wang,MEF2C_+_+,MEF2C (+),asd_d_proband,765,746,13841,845,209.0673,4.041760808587637,3.7738041274123773,4.3237218353716855,7.772505354198974e-239,5.093277037986857e-237
Wang,MEF2C_+_+,MEF2C (+),asd_da_proband,765,746,24839,685,375.1913,1.8257353820563302,1.691554373733189,1.9677298485901575,1.2566041388516908e-46,4.5764712024630935e-45
Wang,MEF2C_+_+,MEF2C (+),proband,765,746,38680,1462,584.2586,2.502316705608424,2.3756779271052726,2.6339529967679116,1.8717221436501512e-203,1.3347718536905141e-201
Wang,MEF2C_+_+,MEF2C (+),sibling,765,746,9567,150,144.5088,1.0379988041670887,0.8785356240822414,1.2180373861442881,0.647099015208346,1
Wang,MEF2C_-_+,MEF2C (-),asd_d_proband,721,710,13841,418,160.9173,2.5976075043466382,2.354525124466008,2.8589719082133245,8.134639808663167e-64,6.813525373572006e-63
Wang,MEF2C_-_+,MEF2C (-),asd_da_proband,721,710,24839,423,288.7815,1.4647751955917592,1.3284951452158527,1.6112415422893875,1.3169831445827813e-13,1.0853094673240584e-12
Wang,MEF2C_-_+,MEF2C (-),proband,721,710,38680,803,449.6988,1.7856395520188,1.6642541690682195,1.9135375429441401,8.512125547445767e-51,6.9373823211683e-50
Wang,MEF2C_-_+,MEF2C (-),sibling,721,710,9567,104,111.2272,0.9350229753685864,0.7639815268676876,1.13293683408464,0.5374383408603652,1
Wang,MEIS1_+_+,MEIS1 (+),asd_d_proband,471,462,13841,230,95.1458,2.417342579836641,2.1150051207746636,2.7507721786572237,1.1697480696863686e-31,5.3625487639119944e-31
Wang,MEIS1_+_+,MEIS1 (+),asd_da_proband,471,462,24839,251,170.7483,1.4700003851809578,1.293752946302399,1.663557397737708,8.572232054769405e-9,4.189632030231454e-8
Wang,MEIS1_+_+,MEIS1 (+),proband,471,462,38680,457,265.8941,1.7187296504109704,1.5647427561209564,1.8837729531208238,1.8713238746412467e-26,8.472938654625644e-26
Wang,MEIS1_+_+,MEIS1 (+),sibling,471,462,9567,70,65.7655,1.0643883209612417,0.829742913680575,1.3447906104203096,0.5787462527441363,1
Wang,MEIS1_-_+,MEIS1 (-),asd_d_proband,267,259,13841,367,77.4734,4.73711163405602,4.264800051330831,5.247437142811127,1.7675697463448689e-124,3.8609268577023214e-123
Wang,MEIS1_-_+,MEIS1 (-),asd_da_proband,267,259,24839,278,139.0334,1.999519814559165,1.7713593813560948,2.248916567401658,2.9017822537406513e-25,5.2001780388463416e-24
Wang,MEIS1_-_+,MEIS1 (-),proband,267,259,38680,614,216.5068,2.835939289887767,2.616029223313597,3.069399153440929,1.1701030933809878e-107,2.5674762106686676e-106
Wang,MEIS1_-_+,MEIS1 (-),sibling,267,259,9567,53,53.5502,0.989726319307023,0.7413729295322004,1.294586394007893,1,1
Wang,MEIS2_+_+,MEIS2 (+),asd_d_proband,364,356,13841,345,95.0933,3.628016584373032,3.255240433814373,4.0317796446353045,8.288840230891396e-87,1.139971360149755e-85
Wang,MEIS2_+_+,MEIS2 (+),asd_da_proband,364,356,24839,317,170.654,1.8575597493125715,1.6586802815341615,2.0737191492178186,1.448452418183289e-23,2.271253861290185e-22
Wang,MEIS2_+_+,MEIS2 (+),proband,364,356,38680,633,265.7473,2.381962290780272,2.199993095440983,2.574968406484974,3.2009349697819784e-81,4.623122532305364e-80
Wang,MEIS2_+_+,MEIS2 (+),sibling,364,356,9567,71,65.7292,1.0801901480923424,0.8436374675033104,1.3625128915180433,0.4972372692034575,1
Wang,MEIS2_-_+,MEIS2 (-),asd_d_proband,200,196,13841,242,48.8206,4.95692537922734,4.352017272024942,5.622395988080859,1.45044535644944e-86,1.9467423217887666e-85
Wang,MEIS2_-_+,MEIS2 (-),asd_da_proband,200,196,24839,189,87.6132,2.1572087863800533,1.8606124049987034,2.4876449002511816,5.651910077451443e-21,8.077223389167948e-20
Wang,MEIS2_-_+,MEIS2 (-),proband,200,196,38680,405,136.4338,2.96847257967725,2.686372480500932,3.2721409841465428,5.440241817817556e-77,7.47869387244558e-76
Wang,MEIS2_-_+,MEIS2 (-),sibling,200,196,9567,37,33.7451,1.096454044608303,0.7720048343208399,1.5113174691035518,0.5463340649476705,1
Wang,MEIS3_+_+,MEIS3 (+),asd_d_proband,36,36,13841,34,10.6818,3.182988381655141,2.204311984196484,4.447907224499109,1.0486316556371856e-8,2.246491662268894e-8
Wang,MEIS3_+_+,MEIS3 (+),asd_da_proband,36,36,24839,35,19.1695,1.8258182420282008,1.2717493036844758,2.5392711894016244,0.0012011309723087855,0.0028730442113063955
Wang,MEIS3_+_+,MEIS3 (+),proband,36,36,38680,67,29.8513,2.2444603737778683,1.7394259610163496,2.8503853356298117,4.0303517330060284e-9,9.660990183529156e-9
Wang,MEIS3_+_+,MEIS3 (+),sibling,36,36,9567,4,7.3833,0.5417611051529929,0.14761166732094433,1.387123599827271,0.268747770708164,1
Wang,MEIS3_-_+,MEIS3 (-),asd_d_proband,13,13,13841,16,3.8033,4.206927887931135,2.404622780626288,6.83178732532668,2.6196007195440374e-6,5.0314400027104445e-6
Wang,MEIS3_-_+,MEIS3 (-),asd_da_proband,13,13,24839,10,6.8253,1.465137709269064,0.7025904809306237,2.694440412404442,0.2435789240574436,0.3477087362496086
Wang,MEIS3_-_+,MEIS3 (-),proband,13,13,38680,25,10.6285,2.352155866115194,1.5221912565753264,3.4722460632370646,1.4354151410510545e-4,2.5873754754174614e-4
Wang,MEIS3_-_+,MEIS3 (-),sibling,13,13,9567,1,2.6288,0.38039673419603093,0.009630811474226066,2.1194349500180567,0.5321513210256534,1
Wang,MESP1_extended_+_+,MESP1 (+),asd_d_proband,20,20,13841,5,1.5029,3.3268952063809203,1.0802338177819275,7.763863612231859,0.01871288987800118,0.026898270095604276
Wang,MESP1_extended_+_+,MESP1 (+),asd_da_proband,20,20,24839,3,2.6971,1.1123045988530533,0.2293839491596529,3.2506260516249705,0.754852129186345,0.8496790168009806
Wang,MESP1_extended_+_+,MESP1 (+),proband,20,20,38680,8,4.2,1.9047593196077894,0.8223398783778707,3.7531351967380324,0.07893922206689256,0.11092321721468523
Wang,MESP1_extended_+_+,MESP1 (+),sibling,20,20,9567,3,1.0388,2.8878994387907375,0.5955542921685605,8.439667659278001,0.08757821593723095,1
Wang,MESP2_extended_+_+,MESP2 (+),asd_d_proband,12,12,13841,3,1.3603,2.2054203481358514,0.45481069621945447,6.445174141891063,0.1569883084722384,0.19829405921779766
Wang,MESP2_extended_+_+,MESP2 (+),asd_da_proband,12,12,24839,3,2.4412,1.2289231868653454,0.2534335056312037,3.5914350536621518,0.528067257117111,0.6537148391285289
Wang,MESP2_extended_+_+,MESP2 (+),proband,12,12,38680,5,3.8014,1.31528882448071,0.4270707011238577,3.0694453568525737,0.4396943469037286,0.5269866069507924
Wang,MESP2_extended_+_+,MESP2 (+),sibling,12,12,9567,1,0.9402,1.063559563727686,0.026926996814312668,5.92577461411322,0.6094654472083468,1
Wang,MGA_+_+,MGA (+),asd_d_proband,30,30,13841,17,7.4034,2.296231780441061,1.3376396308964318,3.6764895199579795,0.0023258092372045614,0.003711964885739085
Wang,MGA_+_+,MGA (+),asd_da_proband,30,30,24839,15,13.2862,1.128993449807989,0.6318890635014123,1.8621030035149009,0.5822945292221877,0.7001177033992011
Wang,MGA_+_+,MGA (+),proband,30,30,38680,31,20.6896,1.498336982580489,1.0180472851449152,2.1267697458054022,0.0354311314229278,0.0525896446257023
Wang,MGA_+_+,MGA (+),sibling,30,30,9567,9,5.1173,1.758737428647265,0.8042067443563665,3.3386314767880965,0.11267703665848952,1
Wang,MITF_+_+,MITF (+),asd_d_proband,335,327,13841,107,74.0895,1.44419934830197,1.183556218337916,1.7451670814904061,3.029156086417096e-4,5.151877679799458e-4
Wang,MITF_+_+,MITF (+),asd_da_proband,335,327,24839,150,132.9607,1.1281529600071696,0.9548397944209805,1.3238285796299218,0.14021605420311956,0.21479501383354407
Wang,MITF_+_+,MITF (+),proband,335,327,38680,247,207.0502,1.1929474783322418,1.0488015466200773,1.3513704730653076,0.006681936619766153,0.01070799112802413
Wang,MITF_+_+,MITF (+),sibling,335,327,9567,37,51.2112,0.722498227116734,0.5087054280707343,0.9958686343557099,0.04985494841591863,1
Wang,MITF_-_+,MITF (-),asd_d_proband,206,198,13841,249,49.243,5.056557182388268,4.447943825139462,5.725195784149506,9.80215635301315e-91,1.3822281237033735e-89
Wang,MITF_-_+,MITF (-),asd_da_proband,206,198,24839,203,88.3713,2.2971268327339733,1.9919788356052355,2.6357966059541993,1.8033812871521201e-25,3.283899150314103e-24
Wang,MITF_-_+,MITF (-),proband,206,198,38680,433,137.6143,3.146476375751382,2.857051758202882,3.4572728252638223,1.4941784713648925e-89,2.5071435820990332e-88
Wang,MITF_-_+,MITF (-),sibling,206,198,9567,39,34.0371,1.1458080720482031,0.8147815489998858,1.5663573540753992,0.390297373511834,1
Wang,MIXL1_+_+,MIXL1 (+),asd_d_proband,11,11,13841,1,1.2174,0.8214116571093685,0.020796342610752347,4.576612830573581,1,1
Wang,MIXL1_+_+,MIXL1 (+),asd_da_proband,11,11,24839,3,2.1848,1.3731420845505982,0.2831749094954033,4.012903872936765,0.48570330772974535,0.6126916585775224
Wang,MIXL1_+_+,MIXL1 (+),proband,11,11,38680,4,3.4022,1.1757144515047329,0.32034261749176884,3.0102959530098357,0.5887153833518486,0.6683823407009544
Wang,MIXL1_+_+,MIXL1 (+),sibling,11,11,9567,1,0.8415,1.1883723995035818,0.030086984224461502,6.621187225668333,0.5689309801449928,1
Wang,MSC_+_+,MSC (+),asd_d_proband,73,71,13841,32,9.2727,3.4510009107215005,2.3604820682529266,4.871783602107025,4.412944069821252e-9,9.715453940278409e-9
Wang,MSC_+_+,MSC (+),asd_da_proband,73,71,24839,26,16.6407,1.5624344449979162,1.0206340532334535,2.2893284709594113,0.026943182751092986,0.04922144551130094
Wang,MSC_+_+,MSC (+),proband,73,71,38680,57,25.9134,2.199636686839039,1.6659833459218534,2.8498844626159134,1.0974372475114237e-7,2.4080305757894894e-7
Wang,MSC_+_+,MSC (+),sibling,73,71,9567,11,6.4093,1.7162457525160029,0.8567436960594944,3.0708377272100784,0.07410159740353776,1
Wang,MSX1_+_+,MSX1 (+),asd_d_proband,45,45,13841,12,6.6512,1.804184431522982,0.9322484231371286,3.1515471169971483,0.0490169617020666,0.06791653648768929
Wang,MSX1_+_+,MSX1 (+),asd_da_proband,45,45,24839,14,11.9362,1.1729002577731737,0.6412354852893477,1.9679273334853666,0.5597581073430284,0.6802657730788796
Wang,MSX1_+_+,MSX1 (+),proband,45,45,38680,25,18.5874,1.3449950834146411,0.8704099016584059,1.9854780674772596,0.13151579795727403,0.17737532561377028
Wang,MSX1_+_+,MSX1 (+),sibling,45,45,9567,6,4.5974,1.305096514932037,0.4789474194132981,2.8406456722724345,0.4767048307888878,1
Wang,MSX2_+_+,MSX2 (+),asd_d_proband,42,41,13841,9,5.2732,1.7067302093009982,0.7804257319822464,3.239905574500784,0.11956043782636316,0.15415547191963955
Wang,MSX2_+_+,MSX2 (+),asd_da_proband,42,41,24839,10,9.4633,1.0567097810761354,0.5067334139265078,1.943326910707279,0.7458871630710433,0.8423129095164089
Wang,MSX2_+_+,MSX2 (+),proband,42,41,38680,19,14.7366,1.289308869676454,0.7762481629255809,2.013415509511401,0.2412775253715812,0.31142268829069475
Wang,MSX2_+_+,MSX2 (+),sibling,42,41,9567,3,3.6449,0.8230672390138014,0.1697362520154966,2.4053517463976233,1,1
Wang,MXD1_+_+,MXD1 (+),asd_d_proband,22,22,13841,2,3.2954,0.6069023254443113,0.07349868719626061,2.192339873075254,0.7789969725140036,0.8320255296074783
Wang,MXD1_+_+,MXD1 (+),asd_da_proband,22,22,24839,8,5.914,1.3527332157453542,0.5840141883872221,2.6654237055293253,0.40330994561878575,0.5272432465506254
Wang,MXD1_+_+,MXD1 (+),proband,22,22,38680,10,9.2094,1.0858499336187581,0.5207072497371547,1.9969166887450334,0.7401082464584906,0.8096486186089529
Wang,MXD1_+_+,MXD1 (+),sibling,22,22,9567,4,2.2778,1.7560646151300747,0.4784685044701768,4.4962228688983314,0.29866644829135,1
Wang,MXD3_+_+,MXD3 (+),asd_d_proband,69,69,13841,15,11.6285,1.2899303661221766,0.7219642338665483,2.127543972455901,0.30248742994211336,0.356960801859655
Wang,MXD3_+_+,MXD3 (+),asd_da_proband,69,69,24839,20,20.8685,0.9583813732435307,0.5854042408257959,1.4801423015815203,1,1
Wang,MXD3_+_+,MXD3 (+),proband,69,69,38680,35,32.4971,1.0770207116725208,0.7501843877963243,1.4978750899656226,0.6601481907181059,0.7370147608702142
Wang,MXD3_+_+,MXD3 (+),sibling,69,69,9567,1,8.0377,0.12441326920662726,0.0031498712604711536,0.6931863691202068,0.0068110957243792515,1
Wang,MXD3_-_+,MXD3 (-),asd_d_proband,13,13,13841,28,5.5136,5.078386197442093,3.3745507474828966,7.3396820128284395,9.381304382681356e-12,2.353777721240322e-11
Wang,MXD3_-_+,MXD3 (-),asd_da_proband,13,13,24839,26,9.8946,2.6276916590394945,1.716495432623923,3.850177104838282,1.4828490258656535e-5,4.824601009228596e-5
Wang,MXD3_-_+,MXD3 (-),proband,13,13,38680,53,15.4082,3.4397316793619703,2.576595066925997,4.4992537272907995,5.927750879921034e-14,1.7522185891165541e-13
Wang,MXD3_-_+,MXD3 (-),sibling,13,13,9567,4,3.811,1.0495892630739,0.28597774858855374,2.6873653776307416,0.795888263959778,1
Wang,MXI1_+_+,MXI1 (+),asd_d_proband,282,276,13841,99,51.8737,1.9084810615116257,1.5511192329759336,2.323507213644661,5.5999360103756225e-9,1.2256048557089279e-8
Wang,MXI1_+_+,MXI1 (+),asd_da_proband,282,276,24839,138,93.0923,1.4823989805005946,1.245396809231573,1.7513763203399833,1.2552690013047306e-5,4.14385585518433e-5
Wang,MXI1_+_+,MXI1 (+),proband,282,276,38680,231,144.9661,1.593476427151645,1.394597383594453,1.8127612775774444,4.339321446491288e-11,1.1304031439375707e-10
Wang,MXI1_+_+,MXI1 (+),sibling,282,276,9567,36,35.8555,1.0040303837008813,0.7032105372312415,1.3900012634934165,0.9334153562240439,1
Wang,MYBL1_+_+,MYBL1 (+),asd_d_proband,81,81,13841,27,14.6135,1.847609762452539,1.2175864755713897,2.688175201103358,0.003492386822304849,0.005495083220406217
Wang,MYBL1_+_+,MYBL1 (+),asd_da_proband,81,81,24839,28,26.2253,1.0676720572620366,0.7094603283056615,1.5430833909860517,0.6955310042457898,0.8053892346599967
Wang,MYBL1_+_+,MYBL1 (+),proband,81,81,38680,49,40.8388,1.1998406386525469,0.8876487096916325,1.586252954857579,0.20949681863666303,0.2747538736372787
Wang,MYBL1_+_+,MYBL1 (+),sibling,81,81,9567,6,10.1009,0.5940040816720809,0.21798902899731082,1.2928968123111013,0.266909832986544,1
Wang,MYBL2_+_+,MYBL2 (+),asd_d_proband,19,18,13841,10,3.9087,2.558370646665854,1.2268381679538458,4.704934707963231,0.006991938846618884,0.010669890239908818
Wang,MYBL2_+_+,MYBL2 (+),asd_da_proband,19,18,24839,13,7.0146,1.8532763217783608,0.9867915886193913,3.1691589522217054,0.034589019759906234,0.06162559530769271
Wang,MYBL2_+_+,MYBL2 (+),proband,19,18,38680,22,10.9233,2.0140356221588567,1.2621854017023233,3.049274135816158,0.0033636335953631073,0.005530123821771334
Wang,MYBL2_+_+,MYBL2 (+),sibling,19,18,9567,0,2.7017,0,0,1.3653676907861334,NA,NA
Wang,MYB_extended_+_+,MYB (+),asd_d_proband,58,58,13841,9,11.5668,0.7780880631454223,0.3557914091622093,1.4770535140816632,0.5559568595098887,0.6168684676235219
Wang,MYB_extended_+_+,MYB (+),asd_da_proband,58,58,24839,20,20.7578,0.9634952992378287,0.5885279596791783,1.4880403455154296,1,1
Wang,MYB_extended_+_+,MYB (+),proband,58,58,38680,29,32.3246,0.897150377967017,0.6008356883597925,1.2884575948246486,0.6593965018763148,0.7368965804513958
Wang,MYB_extended_+_+,MYB (+),sibling,58,58,9567,5,7.9951,0.6253856939941577,0.20306103255485564,1.4594415910362997,0.37531320725866635,1
Wang,MYRF_+_+,MYRF (+),asd_d_proband,207,204,13841,59,42.5138,1.3877855587664591,1.0564466671707202,1.7901422591656861,0.01701257043490647,0.024581068047322706
Wang,MYRF_+_+,MYRF (+),asd_da_proband,207,204,24839,90,76.295,1.1796311245777318,0.9485627272077042,1.4499669245032616,0.12173020032162044,0.19008768487290384
Wang,MYRF_+_+,MYRF (+),proband,207,204,38680,142,118.8088,1.1951975656327851,1.00670494450384,1.4087345585219686,0.03876060887189173,0.05728737658397469
Wang,MYRF_+_+,MYRF (+),sibling,207,204,9567,28,29.3858,0.952840214736787,0.633155402889867,1.3771194063038623,0.9263185335032161,1
Wang,MYRF_-_+,MYRF (-),asd_d_proband,116,115,13841,101,33.4207,3.022076870123343,2.4615312443795747,3.672097350138673,4.057611747204048e-21,1.365613137880758e-20
Wang,MYRF_-_+,MYRF (-),asd_da_proband,116,115,24839,91,59.9767,1.5172560805661028,1.2215999509185358,1.8628542516001945,1.7075827343825378e-4,4.7367589855476294e-4
Wang,MYRF_-_+,MYRF (-),proband,116,115,38680,180,93.3974,1.927248167929775,1.6559762173316355,2.2302825337301595,1.838761472907292e-15,5.670342812397893e-15
Wang,MYRF_-_+,MYRF (-),sibling,116,115,9567,24,23.1006,1.0389318718584537,0.6656632538483399,1.5458482723885867,0.834628671019368,1
Wang,NEUROD1_+_+,NEUROD1 (+),asd_d_proband,104,104,13841,80,20.7366,3.85790477113712,3.0590785503347777,4.801496435991656,4.03977787967654e-23,1.424149543658122e-22
Wang,NEUROD1_+_+,NEUROD1 (+),asd_da_proband,104,104,24839,64,37.2139,1.7197877511110393,1.3244461284225657,2.196130564146008,5.365099408676989e-5,1.5909232719024205e-4
Wang,NEUROD1_+_+,NEUROD1 (+),proband,104,104,38680,138,57.9505,2.3813410907926014,2.0006183457868003,2.8134290780869,3.7084987887443766e-19,1.3140984838376814e-18
Wang,NEUROD1_+_+,NEUROD1 (+),sibling,104,104,9567,10,14.3333,0.6976750801885241,0.3345623193109338,1.2830493126310263,0.2913391425408043,1
Wang,NEUROD2_+_+,NEUROD2 (+),asd_d_proband,140,138,13841,136,26.9405,5.0481583683481555,4.235422067876311,5.97140620437084,2.3260971683571994e-50,1.5610073768373012e-49
Wang,NEUROD2_+_+,NEUROD2 (+),asd_da_proband,140,138,24839,106,48.3473,2.1924681293081925,1.7950132618536738,2.6517270454156243,7.004938075443851e-13,5.343631815659532e-12
Wang,NEUROD2_+_+,NEUROD2 (+),proband,140,138,38680,233,75.2879,3.094788588584975,2.7101390989953664,3.5187256587784455,5.777826321011796e-48,4.515410844023602e-47
Wang,NEUROD2_+_+,NEUROD2 (+),sibling,140,138,9567,17,18.6215,0.9129241138327954,0.5318119386141372,1.4616799425964342,0.8166036243188902,1
Wang,NEUROD2_-_+,NEUROD2 (-),asd_d_proband,28,27,13841,11,7.4444,1.4776266089923091,0.7376258793521029,2.6438821660424,0.19437701692440032,0.24059555205975774
Wang,NEUROD2_-_+,NEUROD2 (-),asd_da_proband,28,27,24839,16,13.3596,1.197637433511819,0.6845532731414535,1.9448881598554162,0.4123946566250449,0.5363981190434051
Wang,NEUROD2_-_+,NEUROD2 (-),proband,28,27,38680,26,20.804,1.2497592772201427,0.8163842526378805,1.8311869047341338,0.2706524327574018,0.34350881621378804
Wang,NEUROD2_-_+,NEUROD2 (-),sibling,28,27,9567,4,5.1456,0.7773627106459724,0.21180517527033635,1.9903572835082282,0.8248971789332011,1
Wang,NEUROD4_extended_+_+,NEUROD4 (+),asd_d_proband,81,81,13841,73,17.7284,4.117689589838482,3.2276113267085096,5.177376452037733,8.347844526765523e-23,2.924370692709683e-22
Wang,NEUROD4_extended_+_+,NEUROD4 (+),asd_da_proband,81,81,24839,70,31.8153,2.2001999247244366,1.7151637802376,2.779820241868884,4.234165932987189e-9,2.115209441744485e-8
Wang,NEUROD4_extended_+_+,NEUROD4 (+),proband,81,81,38680,135,49.5437,2.7248682968610902,2.2846244789243717,3.225211408732778,1.18239583682915e-23,4.7840909568158164e-23
Wang,NEUROD4_extended_+_+,NEUROD4 (+),sibling,81,81,9567,9,12.254,0.7344545884992646,0.3358394060839941,1.3942235876114313,0.47233399900324025,1
Wang,NEUROD4_extended_-_+,NEUROD4 (-),asd_d_proband,18,18,13841,22,6.7625,3.2532467465637374,2.0387924158197692,4.925454670504545,2.6482200402706446e-6,5.077654259658344e-6
Wang,NEUROD4_extended_-_+,NEUROD4 (-),asd_da_proband,18,18,24839,21,12.1359,1.7304018837732498,1.0711460391732102,2.6451030921068526,0.019885151470745203,0.03766834901085794
Wang,NEUROD4_extended_-_+,NEUROD4 (-),proband,18,18,38680,42,18.8984,2.2224122229081567,1.6017192496699075,3.0040557028999997,4.397487790401931e-6,8.771911833651405e-6
Wang,NEUROD4_extended_-_+,NEUROD4 (-),sibling,18,18,9567,7,4.6743,1.497559401799371,0.602096549697192,3.0855447267167917,0.24485826705811897,1
Wang,NEUROD6_extended_+_+,NEUROD6 (+),asd_d_proband,300,292,13841,274,51.7992,5.2896614281897545,4.68181578327218,5.954515277160672,5.673061813770006e-104,9.432523672447444e-103
Wang,NEUROD6_extended_+_+,NEUROD6 (+),asd_da_proband,300,292,24839,182,92.9585,1.9578619296030728,1.6837413675944644,2.2638906330424025,2.79968975304935e-16,2.724870457924755e-15
Wang,NEUROD6_extended_+_+,NEUROD6 (+),proband,300,292,38680,432,144.7577,2.984297138934486,2.7094805271041005,3.279431304422115,1.1899729935519561e-82,1.7865252442668183e-81
Wang,NEUROD6_extended_+_+,NEUROD6 (+),sibling,300,292,9567,36,35.804,1.0054755351206046,0.7042227035189769,1.3920019622092765,0.9333358471958957,1
Wang,NEUROD6_extended_-_+,NEUROD6 (-),asd_d_proband,138,137,13841,107,40.5746,2.6371180958063904,2.161181920247263,3.1866872784668305,3.770511763197052e-18,1.1413994848373684e-17
Wang,NEUROD6_extended_-_+,NEUROD6 (-),asd_da_proband,138,137,24839,114,72.815,1.5656115395492438,1.2914364577293214,1.8807777064385145,7.63565802173895e-6,2.5933511862810147e-5
Wang,NEUROD6_extended_-_+,NEUROD6 (-),proband,138,137,38680,210,113.3896,1.8520218201712138,1.6099899671634492,2.1201692153158413,5.266281751851025e-16,1.6507767799071483e-15
Wang,NEUROD6_extended_-_+,NEUROD6 (-),sibling,138,137,9567,21,28.0455,0.7487844047687106,0.46350934825252127,1.1445965026669163,0.21829345984754164,1
Wang,NEUROG1_+_+,NEUROG1 (+),asd_d_proband,22,22,13841,27,4.2354,6.374876702734576,4.201083916325183,9.275110908504328,1.319664500167097e-13,3.517000605708483e-13
Wang,NEUROG1_+_+,NEUROG1 (+),asd_da_proband,22,22,24839,15,7.6008,1.973479618578071,1.1045415615427228,3.2549545134691917,0.015751375333889272,0.030503092198903924
Wang,NEUROG1_+_+,NEUROG1 (+),proband,22,22,38680,41,11.8362,3.4639601345747826,2.485797598134513,4.69925305989572,3.0137840080985524e-11,7.923335376130065e-11
Wang,NEUROG1_+_+,NEUROG1 (+),sibling,22,22,9567,3,2.9275,1.024757191300527,0.21132956899814362,2.994775375437964,0.7706157555546846,1
Wang,NEUROG2_+_+,NEUROG2 (+),asd_d_proband,107,104,13841,37,17.3554,2.1319011086352067,1.5010551242467223,2.9385448516746866,3.250412887160208e-5,5.8560010795925773e-5
Wang,NEUROG2_+_+,NEUROG2 (+),asd_da_proband,107,104,24839,63,31.1459,2.0227361771005854,1.554326016895376,2.5879582498967673,5.645800215462266e-7,2.2209437084518806e-6
Wang,NEUROG2_+_+,NEUROG2 (+),proband,107,104,38680,99,48.5013,2.041181056777278,1.658971241058915,2.4850646964347396,1.5959786997000014e-10,4.055705337099558e-10
Wang,NEUROG2_+_+,NEUROG2 (+),sibling,107,104,9567,13,11.9962,1.0836783034588453,0.5770130563133636,1.853122902600681,0.7712278894788231,1
Wang,NEUROG2_-_+,NEUROG2 (-),asd_d_proband,22,22,13841,35,8.8524,3.9537508064393183,2.7539323023991753,5.498710266862221,2.5684187818221415e-11,6.330129475552799e-11
Wang,NEUROG2_-_+,NEUROG2 (-),asd_da_proband,22,22,24839,16,15.8864,1.0071510108997093,0.5756738239530952,1.6355501435367643,0.9001134475781205,0.9659962759654924
Wang,NEUROG2_-_+,NEUROG2 (-),proband,22,22,38680,50,24.7387,2.0211207309767545,1.5001147631262148,2.6645957173142114,7.015505758402108e-6,1.375376644387767e-5
Wang,NEUROG2_-_+,NEUROG2 (-),sibling,22,22,9567,7,6.1188,1.1440130639056467,0.4599525853588696,2.3571041471796597,0.6822417419374072,1
Wang,NFATC2_+_+,NFATC2 (+),asd_d_proband,34,33,13841,10,8.4101,1.189053133992586,0.5701971957848891,2.186711048700073,0.49186841409391135,0.5534761750511284
Wang,NFATC2_+_+,NFATC2 (+),asd_da_proband,34,33,24839,11,15.0926,0.7288317915516133,0.3638302043773126,1.3040813991852467,0.3658167217147329,0.4881880364254532
Wang,NFATC2_+_+,NFATC2 (+),proband,34,33,38680,20,23.5027,0.8509661027710126,0.519792203050847,1.314248128237863,0.5361478638325183,0.618851056468518
Wang,NFATC2_+_+,NFATC2 (+),sibling,34,33,9567,5,5.8131,0.8601277530882921,0.2792811401803959,2.007251250735169,1,1
Wang,NFATC4_+_+,NFATC4 (+),asd_d_proband,30,29,13841,3,3.7634,0.7971596154175735,0.16439347718567712,2.32963867617888,1,1
Wang,NFATC4_+_+,NFATC4 (+),asd_da_proband,30,29,24839,5,6.7537,0.7403334968527071,0.24038427125782968,1.7276914181447138,0.6979041635462239,0.8073092219709904
Wang,NFATC4_+_+,NFATC4 (+),proband,30,29,38680,8,10.5171,0.7606677860733978,0.3284023594195433,1.4988187806975624,0.5374946511483798,0.618851056468518
Wang,NFATC4_+_+,NFATC4 (+),sibling,30,29,9567,2,2.6013,0.7688572688752751,0.0931121821987818,2.7773768143415616,1,1
Wang,NFE2L2_+_+,NFE2L2 (+),asd_d_proband,257,250,13841,85,44.002,1.9317297508624816,1.542997114602407,2.3886137519106203,3.926813129709284e-8,8.238172931254506e-8
Wang,NFE2L2_+_+,NFE2L2 (+),asd_da_proband,257,250,24839,109,78.9658,1.380343904866848,1.1334059769561267,1.6651055798536107,0.00130082571822569,0.0030724523763113057
Wang,NFE2L2_+_+,NFE2L2 (+),proband,257,250,38680,189,122.9678,1.536987198138256,1.3256655847295513,1.7724192434873438,3.310922401257377e-8,7.525423226762285e-8
Wang,NFE2L2_+_+,NFE2L2 (+),sibling,257,250,9567,21,30.4145,0.690459854174509,0.4274055321729248,1.0554412315306756,0.10142917288319084,1
Wang,NFE2L2_-_+,NFE2L2 (-),asd_d_proband,86,84,13841,60,23.1032,2.597044502395587,1.9818185518022706,3.3429110696887507,1.1770699586507182e-10,2.81385393548691e-10
Wang,NFE2L2_-_+,NFE2L2 (-),asd_da_proband,86,84,24839,71,41.4609,1.712457694213179,1.3374436666580871,2.1600323689910725,2.474114789852854e-5,7.737605533916543e-5
Wang,NFE2L2_-_+,NFE2L2 (-),proband,86,84,38680,128,64.5641,1.9825270159342194,1.653974798470435,2.357231102592323,2.769646586744014e-12,7.633253032548115e-12
Wang,NFE2L2_-_+,NFE2L2 (-),sibling,86,84,9567,9,15.9691,0.5635887889253264,0.25770868221414706,1.0698670762458407,0.10125021187054731,1
Wang,NFIA_+_+,NFIA (+),asd_d_proband,710,693,13841,708,177.5978,3.986536243339355,3.698257126687301,4.291318578840794,2.691444407180098e-197,1.033885886068493e-195
Wang,NFIA_+_+,NFIA (+),asd_da_proband,710,693,24839,631,318.7162,1.979817594739607,1.828335365449029,2.140502657903899,1.331150160258357e-53,7.514342654658426e-52
Wang,NFIA_+_+,NFIA (+),proband,710,693,38680,1268,496.314,2.5548341690572838,2.4161308405269826,2.6994243263202087,7.93013046045622e-184,3.619311542152219e-182
Wang,NFIA_+_+,NFIA (+),sibling,710,693,9567,131,122.7569,1.0671499526786494,0.8922417933674439,1.266323820588591,0.44286935574806846,1
Wang,NFIA_-_+,NFIA (-),asd_d_proband,741,716,13841,561,186.3646,3.0102284661176566,2.76625337978074,3.2699545383924296,4.063864304004837e-108,7.185944182002204e-107
Wang,NFIA_-_+,NFIA (-),asd_da_proband,741,716,24839,545,334.4491,1.6295453844861656,1.4955894921022566,1.7722799558659919,4.996104825690581e-26,9.246889095417485e-25
Wang,NFIA_-_+,NFIA (-),proband,741,716,38680,1065,520.8137,2.0448770842667305,1.923893766588649,2.171475082595905,1.13422848537222e-96,2.1569245030161717e-95
Wang,NFIA_-_+,NFIA (-),sibling,741,716,9567,128,128.8166,0.9936610383883128,0.8289876014334041,1.1814662228042156,1,1
Wang,NFIB_+_+,NFIB (+),asd_d_proband,564,548,13841,669,141.8956,4.714733636026802,4.36418834027539,5.085941878744899,4.646634146286112e-224,2.875750243868182e-222
Wang,NFIB_+_+,NFIB (+),asd_da_proband,564,548,24839,528,254.6453,2.0734727290566433,1.9003611657579598,2.2581167400650566,1.3054192939335286e-50,4.912727942836513e-49
Wang,NFIB_+_+,NFIB (+),proband,564,548,38680,1137,396.5409,2.8672958886665336,2.7030336828591843,3.038929957059659,4.897938309725599e-201,2.9413408481036363e-199
Wang,NFIB_+_+,NFIB (+),sibling,564,548,9567,105,98.0793,1.0705625273764983,0.8756140834025994,1.2959812117785925,0.4793316575116231,1
Wang,NFIB_-_+,NFIB (-),asd_d_proband,563,544,13841,358,131.8536,2.715133185026499,2.4411306431004003,3.0114763871235324,2.7489881578875244e-59,2.126647783254654e-58
Wang,NFIB_-_+,NFIB (-),asd_da_proband,563,544,24839,367,236.6239,1.5509847819870919,1.396344542585391,1.7180712175797623,3.79362032521341e-15,3.53966722906276e-14
Wang,NFIB_-_+,NFIB (-),proband,563,544,38680,698,368.4774,1.8942815836673303,1.7563407644842608,2.040177286480385,1.1093093782754383e-52,9.445686571733396e-52
Wang,NFIB_-_+,NFIB (-),sibling,563,544,9567,94,91.1381,1.031401264388078,0.8334772094864161,1.2621739367792761,0.7531424299704512,1
Wang,NFIC_+_+,NFIC (+),asd_d_proband,34,34,13841,40,7.4058,5.401147471432413,3.858658940055956,7.354829870546684,5.5084474481020997e-17,1.6106064192088553e-16
Wang,NFIC_+_+,NFIC (+),asd_da_proband,34,34,24839,39,13.2905,2.9344317443654586,2.086667828962494,4.0114647949746445,8.117752466974706e-9,3.9847576240062793e-8
Wang,NFIC_+_+,NFIC (+),proband,34,34,38680,76,20.6963,3.6721519154338798,2.8932380444298156,4.596245705889258,7.574663383080485e-21,2.833669154129454e-20
Wang,NFIC_+_+,NFIC (+),sibling,34,34,9567,6,5.119,1.172111667483475,0.4301443241802404,2.5511936454985835,0.6536260887311409,1
Wang,NFIC_-_+,NFIC (-),asd_d_proband,12,10,13841,0,2.0524,0,0,1.7973561877499633,NA,NA
Wang,NFIC_-_+,NFIC (-),asd_da_proband,12,10,24839,3,3.6832,0.8145060293999586,0.16797072477337982,2.3803322589003355,1,1
Wang,NFIC_-_+,NFIC (-),proband,12,10,38680,3,5.7356,0.5230484814960076,0.10786517147481856,1.528569621996521,0.3968928289211138,0.4812483717311274
Wang,NFIC_-_+,NFIC (-),sibling,12,10,9567,0,1.4186,0,0,2.600314309046435,NA,NA
Wang,NFIX_+_+,NFIX (+),asd_d_proband,157,154,13841,167,42.3889,3.939710328790512,3.3648362542032397,4.584632231805143,1.9529971166952887e-47,1.2503671195393975e-46
Wang,NFIX_+_+,NFIX (+),asd_da_proband,157,154,24839,158,76.0709,2.077008472142571,1.7657729440030865,2.4273039555796037,2.309743154300235e-16,2.328303590361576e-15
Wang,NFIX_+_+,NFIX (+),proband,157,154,38680,309,118.4598,2.6084787468781077,2.3257136215104457,2.916143323619385,7.032291389869351e-48,5.458397602612877e-47
Wang,NFIX_+_+,NFIX (+),sibling,157,154,9567,28,29.2995,0.9556470993429294,0.6350205573262364,1.3811761360709218,0.9262442320853679,1
Wang,NFIX_-_+,NFIX (-),asd_d_proband,71,69,13841,39,18.2038,2.1424099486818853,1.5234629072384094,2.928744927205396,1.7712384627825347e-5,3.234687946786465e-5
Wang,NFIX_-_+,NFIX (-),asd_da_proband,71,69,24839,52,32.6685,1.591749324299474,1.1887945299955693,2.0873674670054734,0.0015487004855410426,0.003605119274589355
Wang,NFIX_-_+,NFIX (-),proband,71,69,38680,86,50.8723,1.69050875333089,1.3521887942356516,2.0877645579166457,6.2956362280825874e-6,1.2385036096969366e-5
Wang,NFIX_-_+,NFIX (-),sibling,71,69,9567,13,12.5826,1.033172924278108,0.5501210689880409,1.7667571660480248,0.8871883354465031,1
Wang,NFKB1_-_+,NFKB1 (-),asd_d_proband,39,39,13841,44,7.7466,5.679915706568559,4.127035447587758,7.625021723460632,2.5919013069985616e-19,8.1334593126659085e-19
Wang,NFKB1_-_+,NFKB1 (-),asd_da_proband,39,39,24839,18,13.902,1.2947773107018998,0.7673670930207127,2.046306363037902,0.28000844571167893,0.3888432167386046
Wang,NFKB1_-_+,NFKB1 (-),proband,39,39,38680,60,21.6486,2.771542021761848,2.1149785422469995,3.5675239666123972,9.819449898762861e-12,2.6424510222850057e-11
Wang,NFKB1_-_+,NFKB1 (-),sibling,39,39,9567,6,5.3545,1.1205523717126402,0.41122297133493435,2.4389707648754877,0.6647308188854807,1
Wang,NHLH1_+_+,NHLH1 (+),asd_d_proband,93,93,13841,43,16.8508,2.5518065105384196,1.8467550245995836,3.437266623339431,7.104882470693055e-8,1.473899268594425e-7
Wang,NHLH1_+_+,NHLH1 (+),asd_da_proband,93,93,24839,49,30.2404,1.6203496018599322,1.1987435556071595,2.142188104862923,0.0013958715343313078,0.003283206171375097
Wang,NHLH1_+_+,NHLH1 (+),proband,93,93,38680,88,47.0912,1.8687145236333176,1.4987636923751915,2.302308558565343,8.117409999836065e-8,1.7984397688957184e-7
Wang,NHLH1_+_+,NHLH1 (+),sibling,93,93,9567,11,11.6474,0.9444167159785817,0.47144942190341427,1.6898223796815088,1,1
Wang,NHLH1_-_+,NHLH1 (-),asd_d_proband,23,22,13841,18,6.6568,2.7039994702618944,1.6025614566103104,4.273484927418502,2.0098046859815685e-4,3.460467419139826e-4
Wang,NHLH1_-_+,NHLH1 (-),asd_da_proband,23,22,24839,25,11.9463,2.0927023737253956,1.3542866362680162,3.0892415266238156,7.283934475675261e-4,0.0018479914658510945
Wang,NHLH1_-_+,NHLH1 (-),proband,23,22,38680,43,18.6031,2.3114449567957593,1.6728041763430042,3.1135011878325947,1.0874022847352644e-6,2.255865467059885e-6
Wang,NHLH1_-_+,NHLH1 (-),sibling,23,22,9567,6,4.6012,1.3039983508551924,0.4785444125515991,2.8382554314000985,0.4769608422187348,1
Wang,NHLH2_+_+,NHLH2 (+),asd_d_proband,36,36,13841,58,7.1936,8.062695459705923,6.122342695266934,10.422903557454095,1.8364391726543062e-32,8.59576990897856e-32
Wang,NHLH2_+_+,NHLH2 (+),asd_da_proband,36,36,24839,29,12.9096,2.2463820576067812,1.5044373195937932,3.2261793497318103,1.139695461811435e-4,3.2492832736997736e-4
Wang,NHLH2_+_+,NHLH2 (+),proband,36,36,38680,82,20.1033,4.0789381326617855,3.244100545259939,5.063037726003762,3.802217048042324e-25,1.6309509969234181e-24
Wang,NHLH2_+_+,NHLH2 (+),sibling,36,36,9567,4,4.9723,0.8044590626383775,0.21918801921736458,2.05973470643577,1,1
Wang,NKX1-2_+_+,NKX1 (-),asd_d_proband,10,10,13841,0,1.0774,0,0,3.423937447058909,NA,NA
Wang,NKX1-2_+_+,NKX1 (-),asd_da_proband,10,10,24839,1,1.9335,0.5172073875182543,0.013094557325243368,2.881695122410856,1,1
Wang,NKX1-2_+_+,NKX1 (-),proband,10,10,38680,1,3.0108,0.3321332548750238,0.008408885972123062,1.8505280544354512,0.38409652648028997,0.4697257628231628
Wang,NKX1-2_+_+,NKX1 (-),sibling,10,10,9567,0,0.7447,0,0,4.9535610123071345,NA,NA
Wang,NKX2-2_+_+,NKX2 (-),asd_d_proband,85,83,13841,21,14.4351,1.454784131564829,0.9005343065044312,2.2237920802300493,0.08636798074999708,0.11386263971064703
Wang,NKX2-2_+_+,NKX2 (-),asd_da_proband,85,83,24839,43,25.9052,1.6598967600768346,1.2012755157293151,2.2358700426693114,0.0021268988302958086,0.0048218248582409
Wang,NKX2-2_+_+,NKX2 (-),proband,85,83,38680,61,40.3404,1.512133374038899,1.1566622146733694,1.9423985785528235,0.0020716982959240056,0.0035071331686191256
Wang,NKX2-2_+_+,NKX2 (-),sibling,85,83,9567,12,9.9777,1.2026858495715211,0.6214453285388004,2.1008501435026994,0.5229257853243806,1
Wang,NKX2-2_extended_-_+,NKX2 (-),asd_d_proband,10,9,13841,45,3.8291,11.752076983864113,8.572045594321663,15.725203630917317,3.437961344176564e-32,1.6024639905492437e-31
Wang,NKX2-2_extended_-_+,NKX2 (-),asd_da_proband,10,9,24839,15,6.8717,2.1828642797437254,1.2217325669272339,3.600302669840538,0.005900381486918282,0.012545255553165238
Wang,NKX2-2_extended_-_+,NKX2 (-),proband,10,9,38680,57,10.7008,5.326696747913823,4.034388098678728,6.901353477951503,3.235321338274374e-23,1.286237507655422e-22
Wang,NKX2-2_extended_-_+,NKX2 (-),sibling,10,9,9567,3,2.6467,1.1334831367106595,0.23375147281838293,3.312518726496807,0.7517259775462559,1
Wang,NKX2-3_extended_+_+,NKX2 (-),asd_d_proband,38,35,13841,6,4.6675,1.2854811201657774,0.4717489152440012,2.797951215873865,0.4815149579274398,0.5429227359627207
Wang,NKX2-3_extended_+_+,NKX2 (-),asd_da_proband,38,35,24839,12,8.3763,1.4326135661028645,0.7402523348662658,2.5024875922531056,0.22100068899940828,0.322781083933159
Wang,NKX2-3_extended_+_+,NKX2 (-),proband,38,35,38680,18,13.0438,1.3799646471727913,0.8178545075046817,2.1809390811353,0.1647674049225822,0.219113763422688
Wang,NKX2-3_extended_+_+,NKX2 (-),sibling,38,35,9567,3,3.2262,0.9298810590683874,0.19176382961808308,2.717507055744581,1,1
Wang,NKX2-8_extended_+_+,NKX2 (-),asd_d_proband,28,27,13841,11,4.988,2.205289417759747,1.100872531735375,3.9458719321204163,0.020298349445962677,0.02910213807310479
Wang,NKX2-8_extended_+_+,NKX2 (-),asd_da_proband,28,27,24839,12,8.9515,1.34056388587797,0.6926889218689058,2.3416953255288044,0.3109778765253764,0.4232092623705735
Wang,NKX2-8_extended_+_+,NKX2 (-),proband,28,27,38680,23,13.9395,1.6499916544088817,1.0459531709643295,2.4757976199710887,0.021752488499279767,0.03318126922149494
Wang,NKX2-8_extended_+_+,NKX2 (-),sibling,28,27,9567,1,3.4477,0.29004447894953916,0.00734329042494784,1.6160244042175165,0.27707330163246885,1
Wang,NKX3-1_extended_+_+,NKX3 (-),asd_d_proband,12,11,13841,2,3.0219,0.6618420299063393,0.08015214028684384,2.3908009757228603,0.7759759636550805,0.829594264406679
Wang,NKX3-1_extended_+_+,NKX3 (-),asd_da_proband,12,11,24839,5,5.423,0.9219931897352593,0.2993686790634128,2.1516245425409912,1,1
Wang,NKX3-1_extended_+_+,NKX3 (-),proband,12,11,38680,7,8.4449,0.8289023882049573,0.3332617506686584,1.7078557216599854,0.8620689523015186,0.9074145175259002
Wang,NKX3-1_extended_+_+,NKX3 (-),sibling,12,11,9567,1,2.0887,0.4787579981150644,0.012121103067220217,2.6674688360569365,0.729846528033994,1
Wang,NKX6-1_+_+,NKX6 (-),asd_d_proband,15,14,13841,7,3.3715,2.076204330723645,0.8347418222563084,4.277774435226813,0.055837315032205466,0.07613558010511247
Wang,NKX6-1_+_+,NKX6 (-),asd_da_proband,15,14,24839,4,6.0505,0.6610973329164613,0.1801267729355915,1.6926717395342048,0.5413558582100424,0.6636164646244711
Wang,NKX6-1_+_+,NKX6 (-),proband,15,14,38680,10,9.4221,1.0613363916954488,0.508952053553034,1.9518354123629744,0.7448518432323465,0.814057426367919
Wang,NKX6-1_+_+,NKX6 (-),sibling,15,14,9567,3,2.3304,1.2873155105293184,0.2654754065785361,3.7620822025750944,0.509268372262859,1
Wang,NKX6-2_+_+,NKX6 (-),asd_d_proband,610,594,13841,189,112.14,1.6853930600410347,1.4536670046079643,1.943557562532178,3.965431662864297e-11,9.666281996566361e-11
Wang,NKX6-2_+_+,NKX6 (-),asd_da_proband,610,594,24839,261,201.246,1.296920232922518,1.144337519994644,1.4641835163340664,4.968446194130965e-5,1.483961839463984e-4
Wang,NKX6-2_+_+,NKX6 (-),proband,610,594,38680,436,313.386,1.3912554852453987,1.2637130283457425,1.5281822436192285,6.203843304657786e-11,1.6051213629511415e-10
Wang,NKX6-2_+_+,NKX6 (-),sibling,610,594,9567,87,77.512,1.1224069428090457,0.8990019494181234,1.3844848172744202,0.28008043972652585,1
Wang,NKX6-2_-_+,NKX6 (-),asd_d_proband,217,214,13841,213,67.6641,3.1479022239354904,2.7393233079040953,3.600237911769444,4.377624590795448e-45,2.6794910956846863e-44
Wang,NKX6-2_-_+,NKX6 (-),asd_da_proband,217,214,24839,202,121.4297,1.6635136222174476,1.4420075622190447,1.9094167401718356,2.0320963070391862e-11,1.3035435969586598e-10
Wang,NKX6-2_-_+,NKX6 (-),proband,217,214,38680,398,189.0938,2.104775143495136,1.9030469272771857,2.3220674094578446,7.546842750442956e-40,4.864942134607578e-39
Wang,NKX6-2_-_+,NKX6 (-),sibling,217,214,9567,49,46.7699,1.04768181478344,0.775080774147051,1.3850909203384936,0.7144442067723377,1
Wang,NKX6-3_+_+,NKX6 (-),asd_d_proband,12,12,13841,3,1.3214,2.2702551664722317,0.46818119445202744,6.6346489941517905,0.14785246307066105,0.18823730726939017
Wang,NKX6-3_+_+,NKX6 (-),asd_da_proband,12,12,24839,1,2.3714,0.42168366626598164,0.010676106092633498,2.349471012217741,0.7375234076686459,0.8368481680983931
Wang,NKX6-3_+_+,NKX6 (-),proband,12,12,38680,4,3.6929,1.0831644866991437,0.2951258669987821,2.7733312851443523,0.7909998180520121,0.8490411969871551
Wang,NKX6-3_+_+,NKX6 (-),sibling,12,12,9567,1,0.9134,1.0948260255441329,0.0277185950909296,6.09998018945087,0.5988368709523246,1
Wang,NR1D2_extended_+_+,NR1D2 (+),asd_d_proband,12,12,13841,2,1.6345,1.2235950689440656,0.14818303943944752,4.420046102444019,0.6811944091878915,0.743242479760344
Wang,NR1D2_extended_+_+,NR1D2 (+),asd_da_proband,12,12,24839,3,2.9333,1.0227331625219298,0.21091216560439147,2.9888603044369715,0.7710373234804951,0.8601789903255722
Wang,NR1D2_extended_+_+,NR1D2 (+),proband,12,12,38680,5,4.5678,1.0946082826560761,0.35541632988060734,2.5544505877616372,0.8117025827896589,0.8687703639259058
Wang,NR1D2_extended_+_+,NR1D2 (+),sibling,12,12,9567,2,1.1298,1.7702288438648284,0.21438292556510855,6.394675248659732,0.31186521967096814,1
Wang,NR2C2_+_+,NR2C2 (+),asd_d_proband,49,48,13841,11,11.2211,0.9803003434278637,0.4893623994381588,1.7540281012682133,1,1
Wang,NR2C2_+_+,NR2C2 (+),asd_da_proband,49,48,24839,35,20.1373,1.7380724479044212,1.2106311430650496,2.417238030853393,0.0023716320451212915,0.0053444562453930896
Wang,NR2C2_+_+,NR2C2 (+),proband,49,48,38680,45,31.3583,1.435026716654902,1.046718334225113,1.9201786515003951,0.019760882119726795,0.030387016844485543
Wang,NR2C2_+_+,NR2C2 (+),sibling,49,48,9567,7,7.7561,0.9025186899445578,0.36285932204086824,1.8595334389913258,1,1
Wang,NR2C2_-_+,NR2C2 (-),asd_d_proband,36,36,13841,30,12.1027,2.4787839542988386,1.6724251248427457,3.5386182251188476,1.5933798685431276e-5,2.9194492986135593e-5
Wang,NR2C2_-_+,NR2C2 (-),asd_da_proband,36,36,24839,41,21.7195,1.8877072307922478,1.3546513002409433,2.5608880113675676,2.1734916357879505e-4,5.956000137875234e-4
Wang,NR2C2_-_+,NR2C2 (-),proband,36,36,38680,69,33.8222,2.040081490081063,1.5873051701756031,2.581853693723097,1.0061149545247695e-7,2.2161721295613166e-7
Wang,NR2C2_-_+,NR2C2 (-),sibling,36,36,9567,6,8.3655,0.717233170512182,0.26321193276063287,1.5611146597320928,0.6004306847455374,1
Wang,NR2E1_+_+,NR2E1 (+),asd_d_proband,164,158,13841,47,32.079,1.4651333869097984,1.0765249039554807,1.948316806931012,0.012964234718729253,0.01912868539955548
Wang,NR2E1_+_+,NR2E1 (+),asd_da_proband,164,158,24839,65,57.5688,1.1290834065288575,0.8714027361104977,1.4391094874850427,0.3223256441377753,0.4347737780544186
Wang,NR2E1_+_+,NR2E1 (+),proband,164,158,38680,109,89.6478,1.215869062958381,0.9983550173940219,1.4666999680044774,0.044570210507103296,0.06536582286453067
Wang,NR2E1_+_+,NR2E1 (+),sibling,164,158,9567,21,22.1732,0.9470879182931329,0.5862623486148638,1.4477244879736155,0.915324235161475,1
Wang,NR2E1_-_+,NR2E1 (-),asd_d_proband,23,23,13841,10,6.1574,1.6240535802331713,0.7787968180563557,2.9866923571801705,0.1504897480702363,0.19094029538752075
Wang,NR2E1_-_+,NR2E1 (-),asd_da_proband,23,23,24839,18,11.0501,1.628944244422609,0.9654155963373916,2.574434186361327,0.04799814380257116,0.08324102051167871
Wang,NR2E1_-_+,NR2E1 (-),proband,23,23,38680,27,17.2075,1.5690801223066126,1.0340336876508087,2.282929198062846,0.028569843372765944,0.0430623398788982
Wang,NR2E1_-_+,NR2E1 (-),sibling,23,23,9567,5,4.2561,1.174794899341869,0.3814527060524129,2.741579402123075,0.6239883543780322,1
Wang,NR2F1_+_+,NR2F1 (+),asd_d_proband,173,167,13841,126,30.1723,4.176010026493442,3.4787278751334805,4.972071965773868,1.173238674777732e-38,6.567778310062279e-38
Wang,NR2F1_+_+,NR2F1 (+),asd_da_proband,173,167,24839,112,54.1472,2.068437350821807,1.7031449160399166,2.488867618185819,5.378607886387046e-12,3.636196589060464e-11
Wang,NR2F1_+_+,NR2F1 (+),proband,173,167,38680,229,84.3195,2.7158605907370448,2.3754716031516785,3.0913354687357106,1.223691038179295e-38,7.588214535666172e-38
Wang,NR2F1_+_+,NR2F1 (+),sibling,173,167,9567,32,20.8553,1.5343790517123705,1.0495141355128637,2.1660854044764717,0.020685180001439846,1
Wang,NR2F1_-_+,NR2F1 (-),asd_d_proband,55,53,13841,21,16.144,1.3007919135257078,0.805210696444309,1.9883986170609766,0.21264595037157996,0.2611770548114003
Wang,NR2F1_-_+,NR2F1 (-),asd_da_proband,55,53,24839,37,28.972,1.2770962184641372,0.899193595386288,1.7603089105120169,0.13643665998557247,0.20985965820669117
Wang,NR2F1_-_+,NR2F1 (-),proband,55,53,38680,58,45.116,1.2855753320977257,0.97619124807809,1.661904231563937,0.06208454869533202,0.08877001260823789
Wang,NR2F1_-_+,NR2F1 (-),sibling,55,53,9567,13,11.1589,1.164993710405417,0.6203100858265029,1.992174724959796,0.5469905571000822,1
Wang,NR2F2_+_+,NR2F2 (+),asd_d_proband,98,94,13841,44,19.5984,2.2450866102113416,1.6312833679083771,3.013923983786403,2.1164670254278424e-6,4.079142329284803e-6
Wang,NR2F2_+_+,NR2F2 (+),asd_da_proband,98,94,24839,41,35.1711,1.165729108778115,0.8365473348704803,1.581443165802347,0.3111281556843012,0.4232092623705735
Wang,NR2F2_+_+,NR2F2 (+),proband,98,94,38680,82,54.7695,1.497184350203702,1.1907551448153353,1.8584005447802925,5.414404234966435e-4,9.431809514651454e-4
Wang,NR2F2_+_+,NR2F2 (+),sibling,98,94,9567,5,13.5465,0.36909836573561555,0.11984523467734459,0.8613524602676906,0.013926081838365138,1
Wang,NR2F2_-_+,NR2F2 (-),asd_d_proband,39,37,13841,30,9.45,3.174608576241647,2.141895075300986,4.531951139196767,7.774267701580549e-8,1.6067781483415086e-7
Wang,NR2F2_-_+,NR2F2 (-),asd_da_proband,39,37,24839,27,16.9589,1.5920842857355197,1.0491935763037519,2.3163990480866037,0.020337967752578026,0.03846158390730418
Wang,NR2F2_-_+,NR2F2 (-),proband,39,37,38680,53,26.4089,2.006900324973555,1.5033060596453838,2.625075037571902,5.491872180281093e-6,1.0878864857119317e-5
Wang,NR2F2_-_+,NR2F2 (-),sibling,39,37,9567,7,6.5319,1.0716640574416378,0.430864532415087,2.208037542469359,0.842914310709255,1
Wang,NR2F6_+_+,NR2F6 (+),asd_d_proband,12,10,13841,9,1.5591,5.772548950895825,2.6395769617573546,10.95809602663901,3.726910477681591e-5,6.685633288465849e-5
Wang,NR2F6_+_+,NR2F6 (+),asd_da_proband,12,10,24839,6,2.798,2.1444193950199044,0.786964123828109,4.6674982304412795,0.06493255271664618,0.10770829653624794
Wang,NR2F6_+_+,NR2F6 (+),proband,12,10,38680,15,4.3571,3.442685713088121,1.9268450596794162,5.678186536502495,5.1755387159573276e-5,9.602097032369611e-5
Wang,NR2F6_+_+,NR2F6 (+),sibling,12,10,9567,1,1.0777,0.9279334056809764,0.02349323978723912,5.170114026993836,1,1
Wang,NR3C1_-_+,NR3C1 (-),asd_d_proband,230,219,13841,275,52.9456,5.194009183107763,4.598208004972192,5.845582142379752,1.4036902696351975e-102,2.2995749417258972e-101
Wang,NR3C1_-_+,NR3C1 (-),asd_da_proband,230,219,24839,185,95.016,1.9470410540796168,1.6765709608437038,2.2487222865322836,2.5796046532940866e-16,2.554713731200898e-15
Wang,NR3C1_-_+,NR3C1 (-),proband,230,219,38680,434,147.9616,2.933193757532503,2.6636911728156685,3.222573225819762,7.267524178321962e-81,1.0365306359331699e-79
Wang,NR3C1_-_+,NR3C1 (-),sibling,230,219,9567,34,36.5964,0.9290533016013056,0.6433964190633195,1.2982588676583215,0.7408744793176487,1
Wang,NR3C2_+_+,NR3C2 (+),asd_d_proband,18,18,13841,4,3.3934,1.1787564634822907,0.32117146337189306,3.0180847118647853,0.5877932394351852,0.6483184838918776
Wang,NR3C2_+_+,NR3C2 (+),asd_da_proband,18,18,24839,6,6.0898,0.9852551357376537,0.3615712702671813,2.1444856417865017,1,1
Wang,NR3C2_+_+,NR3C2 (+),proband,18,18,38680,10,9.4832,1.0544963941997407,0.5056720088857847,1.9392564134357162,0.7463984012805238,0.8149670582402656
Wang,NR3C2_+_+,NR3C2 (+),sibling,18,18,9567,6,2.3455,2.5580382895983673,0.938754968346035,5.567772431936335,0.03249084374372692,1
Wang,NR3C2_extended_-_+,NR3C2 (-),asd_d_proband,20,20,13841,9,3.7607,2.3931753342829447,1.0943121542241587,4.542992245667609,0.015056751570783327,0.02192577941157206
Wang,NR3C2_extended_-_+,NR3C2 (-),asd_da_proband,20,20,24839,16,6.7489,2.3707477793835134,1.3550871964739744,3.8499458660090498,0.0016861812439534435,0.003909032083005005
Wang,NR3C2_extended_-_+,NR3C2 (-),proband,20,20,38680,23,10.5096,2.188471261179006,1.3873030503384858,3.2837814211510135,8.904620705545011e-4,0.0015301464194317556
Wang,NR3C2_extended_-_+,NR3C2 (-),sibling,20,20,9567,3,2.5994,1.1541040312814967,0.2380039970250984,3.3727817310451065,0.7489216592826742,1
Wang,NR4A2_+_+,NR4A2 (+),asd_d_proband,22,22,13841,13,6.0566,2.146417108989662,1.1428767118695515,3.670438626026936,0.011825720336521666,0.017518420817666403
Wang,NR4A2_+_+,NR4A2 (+),asd_da_proband,22,22,24839,16,10.8692,1.472055258289274,0.8414067706218418,2.3905255149754483,0.12634854366931025,0.19594437610254298
Wang,NR4A2_+_+,NR4A2 (+),proband,22,22,38680,28,16.9258,1.654282988136834,1.0992590317327964,2.3908995141550484,0.014061750100695766,0.021948641402043594
Wang,NR4A2_+_+,NR4A2 (+),sibling,22,22,9567,6,4.1864,1.4332228190909093,0.5259675148880384,3.1195226957331212,0.32347385994198785,1
Wang,NRF1_+_+,NRF1 (+),asd_d_proband,26,26,13841,11,7.1811,1.531789302774188,0.7646637009409973,2.7407941864968652,0.1846739631117563,0.2290944263992166
Wang,NRF1_+_+,NRF1 (+),asd_da_proband,26,26,24839,14,12.8873,1.0863449354049737,0.5939148851144245,1.8227022100205552,0.6760514787902234,0.7884939251592585
Wang,NRF1_+_+,NRF1 (+),proband,26,26,38680,24,20.0684,1.1959102607707552,0.7662422696410803,1.7794196718956046,0.37011563011653154,0.4550667391842268
Wang,NRF1_+_+,NRF1 (+),sibling,26,26,9567,4,4.9637,0.8058570935962651,0.21956893560042942,2.0633142209423116,1,1
Wang,OLIG1_+_+,OLIG1 (+),asd_d_proband,180,174,13841,75,36.4518,2.0575128938663285,1.6183644114536215,2.5791102291194075,1.8307203472523002e-8,3.8698718535845587e-8
Wang,OLIG1_+_+,OLIG1 (+),asd_da_proband,180,174,24839,86,65.4162,1.3146589867570253,1.0515574951217634,1.6235931537709678,0.013303879087250685,0.026167385870219554
Wang,OLIG1_+_+,OLIG1 (+),proband,180,174,38680,158,101.868,1.551027122479355,1.318608838154518,1.812613824209265,2.3093037043713275e-7,4.962176133121817e-7
Wang,OLIG1_+_+,OLIG1 (+),sibling,180,174,9567,24,25.1957,0.95254222938029,0.6103117798311446,1.4173073322225584,0.9205376421792654,1
Wang,OLIG1_-_+,OLIG1 (-),asd_d_proband,193,186,13841,244,54.6587,4.464062644457169,3.9214641902807164,5.060750228610174,1.6301778321729275e-78,1.798037727763011e-77
Wang,OLIG1_-_+,OLIG1 (-),asd_da_proband,193,186,24839,191,98.0903,1.9471848528835454,1.680817959628033,2.243773299853014,8.828318068173497e-17,9.228862128673962e-16
Wang,OLIG1_-_+,OLIG1 (-),proband,193,186,38680,420,152.7491,2.7496077786219106,2.4928996083533725,3.025574865989496,1.1389478477014583e-70,1.4280653782718283e-69
Wang,OLIG1_-_+,OLIG1 (-),sibling,193,186,9567,42,37.7805,1.1116842152931483,0.8012042000287392,1.5026741089487357,0.46382847706754105,1
Wang,OLIG2_+_+,OLIG2 (+),asd_d_proband,166,161,13841,63,37.1725,1.6948000683635656,1.302330906776755,2.16838551092419,1.0273655818833416e-4,1.779914865035836e-4
Wang,OLIG2_+_+,OLIG2 (+),asd_da_proband,166,161,24839,92,66.7097,1.379110648865839,1.1117578289578827,1.691356784808323,0.0032086365881707855,0.007089140328854827
Wang,OLIG2_+_+,OLIG2 (+),proband,166,161,38680,151,103.8822,1.4535697418292692,1.2309736877871134,1.7047854180293658,1.4801612332285372e-5,2.8576378462161775e-5
Wang,OLIG2_+_+,OLIG2 (+),sibling,166,161,9567,22,25.6939,0.8562336643601972,0.536597078875443,1.2963480577121138,0.553075738547157,1
Wang,OLIG2_-_+,OLIG2 (-),asd_d_proband,45,43,13841,33,13.9963,2.357762394114319,1.6229751445108493,3.3111750080471287,1.1454397621992058e-5,2.116119229004835e-5
Wang,OLIG2_-_+,OLIG2 (-),asd_da_proband,45,43,24839,43,25.1177,1.711937531970448,1.238937680388615,2.3059686208898817,9.336099091276957e-4,0.0023064454866633883
Wang,OLIG2_-_+,OLIG2 (-),proband,45,43,38680,75,39.1141,1.9174690524194025,1.508211046331778,2.403564061181561,3.4086907405554835e-7,7.256186818980983e-7
Wang,OLIG2_-_+,OLIG2 (-),sibling,45,43,9567,18,9.6744,1.860588346129382,1.102702571844986,2.9405317348469464,0.014185010417281887,1
Wang,OLIG3_+_+,OLIG3 (+),asd_d_proband,23,23,13841,14,2.9031,4.822412151300317,2.636457597831242,8.091188166241462,2.3486838535490974e-6,4.518883960023652e-6
Wang,OLIG3_+_+,OLIG3 (+),asd_da_proband,23,23,24839,5,5.2099,0.9597091927174962,0.31161496256967824,2.239641112041284,1,1
Wang,OLIG3_+_+,OLIG3 (+),proband,23,23,38680,18,8.113,2.2186551162480765,1.3149156329036065,3.5064316035194283,0.002149686802150285,0.0036337668759310743
Wang,OLIG3_+_+,OLIG3 (+),sibling,23,23,9567,2,2.0067,0.9966851317198657,0.12070319334468263,3.6003693898701714,1,1
Wang,OTX1_+_+,OTX1 (+),asd_d_proband,18,18,13841,4,2.9336,1.3634947213280688,0.3715064209744343,3.4910880242315674,0.54718579425261,0.608956018778629
Wang,OTX1_+_+,OTX1 (+),asd_da_proband,18,18,24839,7,5.2647,1.32961183084376,0.5345729156557658,2.739508541905469,0.38151051840223277,0.504362266131289
Wang,OTX1_+_+,OTX1 (+),proband,18,18,38680,11,8.1983,1.3417362643285924,0.6697899089059616,2.400736802655386,0.29310310661097416,0.3703550881983627
Wang,OTX1_+_+,OTX1 (+),sibling,18,18,9567,2,2.0278,0.9863139143880946,0.11944719081090717,3.5629049868921054,1,1
Wang,OTX2_+_+,OTX2 (+),asd_d_proband,63,60,13841,27,11.5172,2.344323351903327,1.544923860899443,3.410867395281967,7.932201543170281e-5,1.3828595491536296e-4
Wang,OTX2_+_+,OTX2 (+),asd_da_proband,63,60,24839,37,20.6687,1.7901475755818228,1.260429098048158,2.467482624150185,0.0012520925617313036,0.0029760263204097726
Wang,OTX2_+_+,OTX2 (+),proband,63,60,38680,63,32.1859,1.95738070144655,1.5041050749328655,2.504340206026493,1.4060241925318554e-6,2.9062927602877668e-6
Wang,OTX2_+_+,OTX2 (+),sibling,63,60,9567,10,7.9608,1.2561614002490795,0.6023782179272326,2.3101255396820175,0.4733761672300155,1
Wang,OVOL2_-_+,OVOL2 (-),asd_d_proband,10,10,13841,11,4.5077,2.4402597486203303,1.2181688743079353,4.366298759527808,0.006749493202154213,0.01032820800439532
Wang,OVOL2_-_+,OVOL2 (-),asd_da_proband,10,10,24839,18,8.0895,2.2250984824150137,1.3187343800533462,3.516614899965702,0.002100967657403982,0.0047826175994403605
Wang,OVOL2_-_+,OVOL2 (-),proband,10,10,38680,27,12.5972,2.143325537928123,1.4124650349670866,3.1184261287415116,3.280705446632553e-4,5.839758057110363e-4
Wang,OVOL2_-_+,OVOL2 (-),sibling,10,10,9567,2,3.1158,0.6418965797324894,0.07773665373842244,2.318751151773752,0.7764455810203224,1
Wang,PATZ1_-_+,PATZ1 (-),asd_d_proband,10,9,13841,12,3.3227,3.611501633566203,1.866115594516685,6.308566553635664,1.8172954259767474e-4,3.1338500070249173e-4
Wang,PATZ1_-_+,PATZ1 (-),asd_da_proband,10,9,24839,14,5.9629,2.347837129590085,1.283584406428017,3.939271759274934,0.0034399142210355836,0.00752647898362243
Wang,PATZ1_-_+,PATZ1 (-),proband,10,9,38680,26,9.2857,2.80001862906096,1.8290651308007209,4.10267604330404,5.057397410226026e-6,1.0053119242278564e-5
Wang,PATZ1_-_+,PATZ1 (-),sibling,10,9,9567,4,2.2967,1.7416394589104847,0.4745381349019564,4.459288739753461,0.3005712394809371,1
Wang,PAX6_+_+,PAX6 (+),asd_d_proband,534,517,13841,368,105.7295,3.4805807421934536,3.1340104148548025,3.855005159254516,1.0942886527894538e-87,1.5237969490093146e-86
Wang,PAX6_+_+,PAX6 (+),asd_da_proband,534,517,24839,298,189.7417,1.5705563371268008,1.3972820988507166,1.7593811226438343,4.005831554580001e-13,3.1406832118894593e-12
Wang,PAX6_+_+,PAX6 (+),proband,534,517,38680,633,295.4712,2.142341040150991,1.9786776283801404,2.3159310773546724,5.88796364278605e-65,6.459775496556618e-64
Wang,PAX6_+_+,PAX6 (+),sibling,534,517,9567,72,73.081,0.985208353157585,0.7708648596921028,1.2407068694306054,0.9533627029073675,1
Wang,PAX6_-_+,PAX6 (-),asd_d_proband,98,96,13841,94,33.0144,2.8472405020020215,2.3008601504413457,3.4843012874348314,3.698078021726734e-18,1.1225228654505673e-17
Wang,PAX6_-_+,PAX6 (-),asd_da_proband,98,96,24839,102,59.2475,1.721590399790574,1.403751227368912,2.0898932824063086,4.637955177326337e-7,1.8568267358870335e-6
Wang,PAX6_-_+,PAX6 (-),proband,98,96,38680,187,92.262,2.0268373980712626,1.7467354637098407,2.339078029230975,5.0364140848362616e-18,1.7308880936139082e-17
Wang,PAX6_-_+,PAX6 (-),sibling,98,96,9567,29,22.8198,1.2708257083392707,0.8510919217195249,1.825117701358584,0.20705261741158976,1
Wang,PBX1_+_+,PBX1 (+),asd_d_proband,208,202,13841,222,58.1398,3.8183797286454193,3.3325781276301,4.355083028050843,3.5068602557548267e-60,2.7904588035077694e-59
Wang,PBX1_+_+,PBX1 (+),asd_da_proband,208,202,24839,185,104.3375,1.773091838915323,1.5267856226275722,2.0478207821468746,8.847033970981145e-13,6.7035579551930954e-12
Wang,PBX1_+_+,PBX1 (+),proband,208,202,38680,391,162.4774,2.406489116667001,2.1738406533329155,2.6572539311947216,7.212418496859775e-52,6.006839054683944e-51
Wang,PBX1_+_+,PBX1 (+),sibling,208,202,9567,45,40.1867,1.1197739235416773,0.8167707836760292,1.4983456109470052,0.4296915787563259,1
Wang,PBX3_-_+,PBX3 (-),asd_d_proband,106,104,13841,123,28.954,4.248118809507275,3.530602061703617,5.068607377432054,1.7632176507459045e-38,9.723883479856126e-38
Wang,PBX3_-_+,PBX3 (-),asd_da_proband,106,104,24839,93,51.9607,1.789813801578847,1.4446107340002396,2.192642825702432,2.3553693902904816e-7,9.88554662318942e-7
Wang,PBX3_-_+,PBX3 (-),proband,106,104,38680,206,80.9147,2.54589077003144,2.210080559934854,2.9183058221052756,2.636624496291113e-31,1.3992504884968187e-30
Wang,PBX3_-_+,PBX3 (-),sibling,106,104,9567,26,20.0132,1.2991418872140472,0.8486426130181735,1.9035438701039553,0.1785452266036014,1
Wang,PBX3_extended_+_+,PBX3 (+),asd_d_proband,72,71,13841,48,16.6673,2.8798853655884846,2.1234001270433183,3.818310182329074,3.1296161944496207e-10,7.370808542530397e-10
Wang,PBX3_extended_+_+,PBX3 (+),asd_da_proband,72,71,24839,49,29.9111,1.6381867341599907,1.21193956427755,2.1657697397114717,0.0012641071189351024,0.002998270876633888
Wang,PBX3_extended_+_+,PBX3 (+),proband,72,71,38680,94,46.5785,2.0181006411799594,1.630830743523822,2.469644084260571,1.110888953268743e-9,2.7317333958612836e-9
Wang,PBX3_extended_+_+,PBX3 (+),sibling,72,71,9567,11,11.5206,0.9548130439623452,0.4766392313751632,1.7084242822063593,1,1
Wang,PEG3_-_+,PEG3 (-),asd_d_proband,29,29,13841,65,7.6534,8.492972653741047,6.554696991725235,10.824990830858852,1.8354815175928145e-37,9.73679243142093e-37
Wang,PEG3_-_+,PEG3 (-),asd_da_proband,29,29,24839,25,13.7347,1.8202026357500742,1.177939173695233,2.686978157920849,0.006174261467134252,0.01310289698570408
Wang,PEG3_-_+,PEG3 (-),proband,29,29,38680,83,21.3881,3.88065884318498,3.0909231069369874,4.810660502162632,4.4311663349003434e-24,1.8186909309788817e-23
Wang,PEG3_-_+,PEG3 (-),sibling,29,29,9567,7,5.2901,1.3232323314969066,0.5320080260487687,2.7263643350412043,0.3835941809582718,1
Wang,PEG3_extended_+_+,PEG3 (+),asd_d_proband,65,62,13841,112,12.9688,8.636134174009234,7.110966163349627,10.391513517902633,5.8857926399084346e-64,4.96725227337727e-63
Wang,PEG3_extended_+_+,PEG3 (+),asd_da_proband,65,62,24839,64,23.2737,2.7498860226133286,2.117747317307412,3.5115430600535262,2.8765158262500112e-12,2.0297414798976643e-11
Wang,PEG3_extended_+_+,PEG3 (+),proband,65,62,38680,164,36.2425,4.525079458931281,3.859019838939526,5.273085071476759,3.6514924388837576e-54,3.1804220402796695e-53
Wang,PEG3_extended_+_+,PEG3 (+),sibling,65,62,9567,7,8.9641,0.7808922147908293,0.31395917093240355,1.6089364152012706,0.6178814174520049,1
Wang,PGR_extended_+_+,PGR (+),asd_d_proband,12,12,13841,0,1.5743,0,0,2.34324617653783,NA,NA
Wang,PGR_extended_+_+,PGR (+),asd_da_proband,12,12,24839,0,2.8252,0,0,1.305723673636624,NA,NA
Wang,PGR_extended_+_+,PGR (+),proband,12,12,38680,0,4.3994,0,0,0.8384919940398166,NA,NA
Wang,PGR_extended_+_+,PGR (+),sibling,12,12,9567,1,1.0881,0.9189992315627762,0.023267046082416316,5.120335994814669,1,1
Wang,PHF21A_extended_+_+,PHF21A (+),asd_d_proband,71,71,13841,180,22.5743,7.973678825623877,6.851334830458181,9.227434696936724,3.99419324197564e-96,6.266945452902624e-95
Wang,PHF21A_extended_+_+,PHF21A (+),asd_da_proband,71,71,24839,112,40.5117,2.7646338254025995,2.276390939554282,3.326572884333149,2.244874139299717e-20,3.128966547246149e-19
Wang,PHF21A_extended_+_+,PHF21A (+),proband,71,71,38680,272,63.086,4.311576942738875,3.8143628327783192,4.855603208409084,4.0425259994902907e-84,6.233138061376246e-83
Wang,PHF21A_extended_+_+,PHF21A (+),sibling,71,71,9567,12,15.6035,0.7690581417055858,0.39738356421831816,1.3433898036962133,0.44625062218378725,1
Wang,PITX2_+_+,PITX2 (+),asd_d_proband,11,11,13841,20,2.0198,9.901740085050552,6.048240083929969,15.292434482055137,7.704363133000248e-14,2.06811097112344e-13
Wang,PITX2_+_+,PITX2 (+),asd_da_proband,11,11,24839,10,3.6248,2.75876614431307,1.3229355983711752,5.073469163058196,0.004217544398681716,0.009174581167845197
Wang,PITX2_+_+,PITX2 (+),proband,11,11,38680,28,5.6447,4.960444113858805,3.2961790894715106,7.169222863843712,1.5975712087971662e-11,4.2789407259097804e-11
Wang,PITX2_+_+,PITX2 (+),sibling,11,11,9567,1,1.3961,0.7162641607462354,0.018134238487801727,3.9907684773881598,1,1
Wang,PKNOX2_+_+,PKNOX2 (+),asd_d_proband,144,141,13841,130,38.2945,3.3947449371850675,2.836300482471062,4.0309839462033015,3.2775077792533836e-31,1.472235349229141e-30
Wang,PKNOX2_+_+,PKNOX2 (+),asd_da_proband,144,141,24839,119,68.7231,1.7315862141092773,1.4344756048241443,2.072101069701323,3.283088232610773e-8,1.5191010715645747e-7
Wang,PKNOX2_+_+,PKNOX2 (+),proband,144,141,38680,241,107.0176,2.2519660700848028,1.9766012139123417,2.5549602583882596,8.766397482073072e-29,4.202714086993855e-28
Wang,PKNOX2_+_+,PKNOX2 (+),sibling,144,141,9567,16,26.4694,0.6044710059493421,0.3455074082215097,0.9816230434610631,0.04058788145690714,1
Wang,PKNOX2_-_+,PKNOX2 (-),asd_d_proband,64,63,13841,37,15.7186,2.353895750610953,1.6573598391058153,3.244535223195628,3.528745837804391e-6,6.7196972022463104e-6
Wang,PKNOX2_-_+,PKNOX2 (-),asd_da_proband,64,63,24839,42,28.2086,1.4889089906964748,1.073074637919543,2.0125724195072827,0.01387529150507611,0.02724383323344509
Wang,PKNOX2_-_+,PKNOX2 (-),proband,64,63,38680,77,43.9272,1.7529003559936536,1.3833615486492905,2.1908246859941736,5.192663009448641e-6,1.0304049554401566e-5
Wang,PKNOX2_-_+,PKNOX2 (-),sibling,64,63,9567,13,10.8648,1.196521613131515,0.6370973661965829,2.0460883988113623,0.4487434486306958,1
Wang,PLAG1_-_+,PLAG1 (-),asd_d_proband,39,39,13841,29,12.2103,2.375050477800579,1.5906085799710024,3.410968664081163,3.564571674588826e-5,6.404730395954763e-5
Wang,PLAG1_-_+,PLAG1 (-),asd_da_proband,39,39,24839,39,21.9125,1.7798066067769884,1.2656164844411903,2.4330542220511053,8.297608734900742e-4,0.0020771619205549752
Wang,PLAG1_-_+,PLAG1 (-),proband,39,39,38680,65,34.1228,1.9048869487130997,1.4701515313141282,2.4279347873042996,2.0166933926924527e-6,4.123740432010911e-6
Wang,PLAG1_-_+,PLAG1 (-),sibling,39,39,9567,3,8.4398,0.3554575930541173,0.07330390123138383,1.0387979276729296,0.05739687203717034,1
Wang,PLAGL1_+_+,PLAGL1 (+),asd_d_proband,130,128,13841,37,26.3401,1.4047045820815878,0.9890416597870504,1.9362002304329233,0.05013737705497623,0.06912504707827168
Wang,PLAGL1_+_+,PLAGL1 (+),asd_da_proband,130,128,24839,56,47.2698,1.1846898379652642,0.8949019720467768,1.5384182955666648,0.21532448271081828,0.3157160272474206
Wang,PLAGL1_+_+,PLAGL1 (+),proband,130,128,38680,90,73.6098,1.2226630501503766,0.9831654770230742,1.5028604667962866,0.06179227204510455,0.08846296411977952
Wang,PLAGL1_+_+,PLAGL1 (+),sibling,130,128,9567,13,18.2064,0.7140330628870253,0.3801925337161476,1.2210182835872467,0.2891097153062451,1
Wang,PLAGL1_-_+,PLAGL1 (-),asd_d_proband,55,54,13841,12,12.0458,0.9961995081106858,0.5147508227760361,1.740160059517849,1,1
Wang,PLAGL1_-_+,PLAGL1 (-),asd_da_proband,55,54,24839,27,21.6173,1.248999320884899,0.823098422628284,1.8172284368864222,0.2359199591970088,0.3406056699915894
Wang,PLAGL1_-_+,PLAGL1 (-),proband,55,54,38680,37,33.6631,1.0991268172507758,0.7738867129195609,1.5150015341178351,0.5455855608349524,0.6269146478955839
Wang,PLAGL1_-_+,PLAGL1 (-),sibling,55,54,9567,9,8.3261,1.0809342577422392,0.49427197381633636,2.051949926381314,0.7280602518025356,1
Wang,POU2AF1_+_+,POU2AF1 (+),asd_d_proband,47,47,13841,13,7.7514,1.6771170885413198,0.8929942160564331,2.867921298414112,0.06925446997696871,0.09317569994485887
Wang,POU2AF1_+_+,POU2AF1 (+),asd_da_proband,47,47,24839,21,13.9106,1.5096375429226017,0.934489432687544,2.307641346319999,0.07861047099227675,0.1276995996406913
Wang,POU2AF1_+_+,POU2AF1 (+),proband,47,47,38680,31,21.662,1.4310761003450654,0.972346778948842,2.0312982924023655,0.052104335826964804,0.07544549134335894
Wang,POU2AF1_+_+,POU2AF1 (+),sibling,47,47,9567,3,5.3578,0.5599290257978243,0.11547082635373532,1.6363502229481068,0.5101216172324115,1
Wang,POU2AF1_-_+,POU2AF1 (-),asd_d_proband,10,10,13841,10,3.9736,2.5165927858378083,1.2068040597975056,4.628103734433068,0.0077890025874459605,0.011821456243071935
Wang,POU2AF1_-_+,POU2AF1 (-),asd_da_proband,10,10,24839,20,7.1311,2.804634707418262,1.7131437416539423,4.331530836084623,5.694395754171851e-5,1.672855270780974e-4
Wang,POU2AF1_-_+,POU2AF1 (-),proband,10,10,38680,28,11.1047,2.521459413045168,1.6754914683970092,3.644210893083737,1.4857177081140092e-5,2.863520109726494e-5
Wang,POU2AF1_-_+,POU2AF1 (-),sibling,10,10,9567,2,2.7466,0.728173110667526,0.08818514189494808,2.630411646303934,1,1
Wang,POU2F1_+_+,POU2F1 (+),asd_d_proband,63,63,13841,56,19.7656,2.8332027645449562,2.1401709206473347,3.679149451903893,2.0793516239861204e-11,5.1361368273182665e-11
Wang,POU2F1_+_+,POU2F1 (+),asd_da_proband,63,63,24839,62,35.4713,1.7478923458301017,1.3400990389689422,2.2407191031611937,4.8327829186518696e-5,1.4511201902015852e-4
Wang,POU2F1_+_+,POU2F1 (+),proband,63,63,38680,114,55.2369,2.0638374293209893,1.7024113783798884,2.4792991931433064,3.6343945952346125e-12,9.968375560487243e-12
Wang,POU2F1_+_+,POU2F1 (+),sibling,63,63,9567,11,13.6621,0.805144832132655,0.4019253992811265,1.4406265086200865,0.5872321981068365,1
Wang,POU2F1_-_+,POU2F1 (-),asd_d_proband,46,45,13841,60,8.8426,6.7853043476338755,5.177902043404071,8.734031701801552,1.2654528116811684e-29,5.3805894359268e-29
Wang,POU2F1_-_+,POU2F1 (-),asd_da_proband,46,45,24839,36,15.869,2.2685791893941096,1.5888849744219604,3.1406698350795286,1.2046498776469987e-5,4.000146211363122e-5
Wang,POU2F1_-_+,POU2F1 (-),proband,46,45,38680,92,24.7116,3.7229475042033973,3.0012211405960825,4.565864621448653,2.8415047834379186e-25,1.2327592995827623e-24
Wang,POU2F1_-_+,POU2F1 (-),sibling,46,45,9567,6,6.1121,0.9816598460917788,0.3602518623320335,2.1366602098308793,1,1
Wang,POU3F1_+_+,POU3F1 (+),asd_d_proband,31,29,13841,30,6.175,4.858263710267603,3.2778501240789173,6.93547353240365,5.121744955931046e-12,1.2937922632442596e-11
Wang,POU3F1_+_+,POU3F1 (+),asd_da_proband,31,29,24839,20,11.0817,1.804775501263172,1.1024037629219379,2.7873293856252914,0.01461821664324731,0.028603061681501233
Wang,POU3F1_+_+,POU3F1 (+),proband,31,29,38680,49,17.2568,2.8394675738339203,2.1006537426132206,3.7539267166967916,3.265729014275707e-10,8.153603512666481e-10
Wang,POU3F1_+_+,POU3F1 (+),sibling,31,29,9567,3,4.2682,0.7028663950435236,0.14494794824451837,2.0540738722973177,0.8063082600640754,1
Wang,POU3F2_+_+,POU3F2 (+),asd_d_proband,68,68,13841,58,18.7457,3.094040145306715,2.3494344015781694,3.99976437143012,3.023529347848583e-13,7.95953879594496e-13
Wang,POU3F2_+_+,POU3F2 (+),asd_da_proband,68,68,24839,58,33.641,1.7240875096094945,1.3091719293145232,2.2287829085295017,1.2986469994347505e-4,3.6562904298300086e-4
Wang,POU3F2_+_+,POU3F2 (+),proband,68,68,38680,113,52.3867,2.1570360208360806,1.7777029773804847,2.593352204354659,4.479310058009581e-13,1.265072469353696e-12
Wang,POU3F2_+_+,POU3F2 (+),sibling,68,68,9567,11,12.9572,0.8489504261471592,0.423792993982555,1.5190068166647723,0.7797725834571254,1
Wang,POU3F2_-_+,POU3F2 (-),asd_d_proband,38,36,13841,39,12.333,3.1622535456819576,2.248671400678292,4.32290469718524,1.1066683010348924e-9,2.5211216510283644e-9
Wang,POU3F2_-_+,POU3F2 (-),asd_da_proband,38,36,24839,43,22.1327,1.9428259602183817,1.4060327807529467,2.6169738185231743,6.848083642985646e-5,1.977362259061584e-4
Wang,POU3F2_-_+,POU3F2 (-),proband,38,36,38680,78,34.4657,2.26312054424943,1.7889028766751234,2.824476861411053,2.092333279196799e-10,5.270093314709818e-10
Wang,POU3F2_-_+,POU3F2 (-),sibling,38,36,9567,10,8.5246,1.1730695881886715,0.5625324642976683,2.157316738885284,0.603789899690458,1
Wang,POU3F3_-_+,POU3F3 (-),asd_d_proband,69,68,13841,48,24.2076,1.9828475659209754,1.4619952667886045,2.628968201800412,1.555822986830947e-5,2.855332466770469e-5
Wang,POU3F3_-_+,POU3F3 (-),asd_da_proband,69,68,24839,74,43.4429,1.7033863865238004,1.3375246852080973,2.13844562186688,2.607454337388581e-5,8.109685804164484e-5
Wang,POU3F3_-_+,POU3F3 (-),proband,69,68,38680,119,67.6505,1.7590413790662458,1.4572199325603483,2.104955267899837,1.712162180575599e-8,3.922845477985459e-8
Wang,POU3F3_-_+,POU3F3 (-),sibling,69,68,9567,9,16.7325,0.537876159452654,0.2459512307036256,1.0210564961614212,0.06489464274127227,1
Wang,POU6F2_+_+,POU6F2 (+),asd_d_proband,225,220,13841,210,56.349,3.7267773032100027,3.239742643780445,4.266363616532973,2.1089530249266836e-55,1.5255673180313804e-54
Wang,POU6F2_+_+,POU6F2 (+),asd_da_proband,225,220,24839,171,101.1236,1.691000043285956,1.4470414828711538,1.9643125849512892,2.1368643269634496e-10,1.2435669201761518e-9
Wang,POU6F2_+_+,POU6F2 (+),proband,225,220,38680,355,157.4725,2.2543612119064886,2.025924767836576,2.501505111456115,1.2246571568742437e-41,8.367268359242587e-41
Wang,POU6F2_+_+,POU6F2 (+),sibling,225,220,9567,39,38.9488,1.0013143700794178,0.7120324017536077,1.3688297068038897,0.9361728214445899,1
Wang,POU6F2_-_+,POU6F2 (-),asd_d_proband,150,147,13841,138,44.3841,3.1092211579467364,2.6121268027279303,3.673381041377337,2.3336265247580158e-29,9.664163377622415e-29
Wang,POU6F2_-_+,POU6F2 (-),asd_da_proband,150,147,24839,144,79.6515,1.8078749251814357,1.5246590295973488,2.128440187748485,8.181422431732911e-11,5.020014089905683e-10
Wang,POU6F2_-_+,POU6F2 (-),proband,150,147,38680,271,124.0356,2.1848560171858185,1.932446778915878,2.461075329298079,3.5816046830043574e-30,1.784546263453263e-29
Wang,POU6F2_-_+,POU6F2 (-),sibling,150,147,9567,41,30.6786,1.3364357338956314,0.9590493563190791,1.8130259783240719,0.07004226378446415,1
Wang,PPARD_+_+,PPARD (+),asd_d_proband,16,16,13841,4,2.0177,1.9824782907817617,0.5401586107722357,5.075931803026043,0.14608023694595126,0.1861938031553658
Wang,PPARD_+_+,PPARD (+),asd_da_proband,16,16,24839,1,3.6209,0.27617337677352516,0.006992104523525051,1.5387395694534898,0.28241993992707837,0.38990384570057784
Wang,PPARD_+_+,PPARD (+),proband,16,16,38680,5,5.6386,0.8867464459252314,0.28792415728909865,2.0693704002429483,1,1
Wang,PPARD_+_+,PPARD (+),sibling,16,16,9567,2,1.3946,1.4340693019081405,0.17367244549860905,5.180351400078624,0.4063128996015838,1
Wang,PPARG_+_+,PPARG (+),asd_d_proband,90,84,13841,48,22.1145,2.1705249001056135,1.6003737175466186,2.8778011187881147,1.7787677286885824e-6,3.4461691300157927e-6
Wang,PPARG_+_+,PPARG (+),asd_da_proband,90,84,24839,57,39.6865,1.4362556556847954,1.0878060077709713,1.860835792551887,0.008605761496362066,0.017762165867262838
Wang,PPARG_+_+,PPARG (+),proband,90,84,38680,102,61.801,1.6504588851478494,1.3457519779559965,2.003544476884798,2.96329197394965e-6,5.963167799429542e-6
Wang,PPARG_+_+,PPARG (+),sibling,90,84,9567,15,15.2857,0.9813105970511196,0.5492320918957522,1.6185225967968766,1,1
Wang,PRDM16_+_+,PRDM16 (+),asd_d_proband,148,143,13841,56,31.2684,1.7909462427897702,1.3528615449720127,2.3256926648550733,7.042265857852362e-5,1.233503799630115e-4
Wang,PRDM16_+_+,PRDM16 (+),asd_da_proband,148,143,24839,82,56.1141,1.4613079155541424,1.162221551653757,1.8138684297548817,0.0010404422483153743,0.0025480678922951356
Wang,PRDM16_+_+,PRDM16 (+),proband,148,143,38680,130,87.3825,1.487712043432799,1.2429795064560463,1.766537243479507,1.782048572904288e-5,3.4001963573307565e-5
Wang,PRDM16_+_+,PRDM16 (+),sibling,148,143,9567,19,21.6129,0.879103114841589,0.5292775020536273,1.3728284102520834,0.6667383796309896,1
Wang,PRDM16_-_+,PRDM16 (-),asd_d_proband,37,37,13841,29,10.978,2.6416397795295974,1.7691476192975846,3.793835370652825,4.514041714949617e-6,8.56668223245975e-6
Wang,PRDM16_-_+,PRDM16 (-),asd_da_proband,37,37,24839,25,19.7011,1.2689630249312178,0.8212059622808515,1.8732397504711245,0.215283982761768,0.3157160272474206
Wang,PRDM16_-_+,PRDM16 (-),proband,37,37,38680,53,30.6792,1.7275573387198817,1.2940589940442966,2.259687533763026,2.686206330344918e-4,4.8040147694726514e-4
Wang,PRDM16_-_+,PRDM16 (-),sibling,37,37,9567,5,7.5881,0.6589269902010353,0.2139518001346149,1.5377157875388545,0.4657035193656257,1
Wang,PRDM1_+_+,PRDM1 (+),asd_d_proband,106,105,13841,72,28.1897,2.5541218277260844,1.998443027869538,3.216493736442706,4.432308867560314e-12,1.1221800178323157e-11
Wang,PRDM1_+_+,PRDM1 (+),asd_da_proband,106,105,24839,92,50.5892,1.8185711649775775,1.4660250298578925,2.2303160961530826,1.5198174588211133e-7,6.499522390185746e-7
Wang,PRDM1_+_+,PRDM1 (+),proband,106,105,38680,157,78.7789,1.9929195515039382,1.6933741762923276,2.3301853011154736,8.478972987247452e-15,2.5798688475864915e-14
Wang,PRDM1_+_+,PRDM1 (+),sibling,106,105,9567,16,19.4849,0.8211467711358892,0.4693563295381596,1.3334909113542963,0.4969059292484296,1
Wang,PRDM1_-_+,PRDM1 (-),asd_d_proband,16,15,13841,11,3.9483,2.7860198562866536,1.3907710742887402,4.984959100932535,0.002576483925762721,0.004100290133285244
Wang,PRDM1_-_+,PRDM1 (-),asd_da_proband,16,15,24839,10,7.0856,1.4113180091009216,0.676781842749069,2.5954640675877636,0.25569885757733124,0.3608550127560087
Wang,PRDM1_-_+,PRDM1 (-),proband,16,15,38680,20,11.0339,1.812602276528324,1.1071845605878021,2.7994172052327575,0.014369252831770648,0.0223979747008884
Wang,PRDM1_-_+,PRDM1 (-),sibling,16,15,9567,4,2.7291,1.4656936564464424,0.3993521911261841,3.752757888368231,0.3576088475145623,1
Wang,PRDM5_extended_+_+,PRDM5 (+),asd_d_proband,11,11,13841,5,2.5065,1.9948263213111366,0.647714676659725,4.655259191526392,0.10968992179789501,0.14225212209878352
Wang,PRDM5_extended_+_+,PRDM5 (+),asd_da_proband,11,11,24839,5,4.4981,1.111574182264481,0.36092511130267946,2.5940433378927006,0.8101529052373301,0.8914840448469256
Wang,PRDM5_extended_+_+,PRDM5 (+),proband,11,11,38680,10,7.0046,1.4276313915857002,0.6846047437453882,2.6254649588022327,0.25149722374784594,0.32278777536140857
Wang,PRDM5_extended_+_+,PRDM5 (+),sibling,11,11,9567,3,1.7325,1.7316018258555936,0.3570979258706598,5.060475351780127,0.2513796525383553,1
Wang,PRDM9_+_+,PRDM9 (+),asd_d_proband,11,11,13841,0,1.1788,0,0,3.1294269936463754,NA,NA
Wang,PRDM9_+_+,PRDM9 (+),asd_da_proband,11,11,24839,3,2.1154,1.4181591674841414,0.29245851425042413,4.144462892563968,0.4751130943529122,0.6013652457211303
Wang,PRDM9_+_+,PRDM9 (+),proband,11,11,38680,3,3.2942,0.9106943009601497,0.1878070588279805,2.6614352065252436,1,1
Wang,PRDM9_+_+,PRDM9 (+),sibling,11,11,9567,2,0.8148,2.4546639880936967,0.2972711968120129,8.86709032159332,0.19652862279592173,1
Wang,PROX1_-_+,PROX1 (-),asd_d_proband,41,41,13841,34,12.9922,2.616952038418883,1.8123153617527576,3.656928170060831,8.917117619725471e-7,1.7581715094467566e-6
Wang,PROX1_-_+,PROX1 (-),asd_da_proband,41,41,24839,37,23.3158,1.586908664811934,1.1173301488418486,2.187344557481061,0.009074577910836256,0.018560142140098067
Wang,PROX1_-_+,PROX1 (-),proband,41,41,38680,69,36.308,1.9004083948986765,1.4786311651442543,2.4050884524993,1.1451138674117563e-6,2.371279351573165e-6
Wang,PROX1_-_+,PROX1 (-),sibling,41,41,9567,7,8.9803,0.7794828797099415,0.31339254513542336,1.6060326462944845,0.6178874309225617,1
Wang,PRRX1_+_+,PRRX1 (+),asd_d_proband,381,373,13841,149,85.1784,1.7492695501026931,1.4796748752343856,2.05377434457223,3.493407820115339e-10,8.192960656017869e-10
Wang,PRRX1_+_+,PRRX1 (+),asd_da_proband,381,373,24839,205,152.8608,1.3410892774458472,1.1637802995476256,1.5377755738298202,6.026400341675344e-5,1.7580894020029623e-4
Wang,PRRX1_+_+,PRRX1 (+),proband,381,373,38680,342,238.0392,1.4367379958593676,1.2884857848714972,1.5973699901040384,2.3590791003058517e-10,5.915844513074674e-10
Wang,PRRX1_+_+,PRRX1 (+),sibling,381,373,9567,68,58.8759,1.1549709883050543,0.8968801649495507,1.464200936134496,0.2400443822200773,1
Wang,PRRX1_-_+,PRRX1 (-),asd_d_proband,111,108,13841,114,30.6192,3.7231573468572865,3.0711456923590448,4.4726492866474565,6.82406223813862e-31,3.0408021333145692e-30
Wang,PRRX1_-_+,PRRX1 (-),asd_da_proband,111,108,24839,99,54.949,1.801669369316404,1.4643079601726878,2.193467810937348,7.72870240422594e-8,3.421845103674936e-7
Wang,PRRX1_-_+,PRRX1 (-),proband,111,108,38680,204,85.5682,2.3840629027471802,2.068115683984471,2.734628077491866,1.8829114088947045e-27,8.628120150798626e-27
Wang,PRRX1_-_+,PRRX1 (-),sibling,111,108,9567,19,21.1642,0.8977426019625047,0.5404996909144832,1.4019362783054596,0.7439957507883613,1
Wang,PURA_+_+,PURA (+),asd_d_proband,251,238,13841,122,38.26,3.188708151003047,2.6480293949716986,3.807321971702517,4.419399160647448e-27,1.6918249707770646e-26
Wang,PURA_+_+,PURA (+),asd_da_proband,251,238,24839,92,68.6612,1.339911546972025,1.0801578203186883,1.6432825661072938,0.006535086108890184,0.013816689544825877
Wang,PURA_+_+,PURA (+),proband,251,238,38680,207,106.9213,1.9360041768171095,1.6812353123828239,2.2184729441651574,8.154027316635507e-18,2.760755242813387e-17
Wang,PURA_+_+,PURA (+),sibling,251,238,9567,20,26.4456,0.7562695796519314,0.46194910658315136,1.1679970286292862,0.24244907629086065,1
Wang,RARB_-_+,RARB (-),asd_d_proband,48,47,13841,78,16.4662,4.736985645906899,3.744390580636104,5.911972468146931,6.168540801731913e-28,2.4027113472480247e-27
Wang,RARB_-_+,RARB (-),asd_da_proband,48,47,24839,79,29.5501,2.673424467764606,2.116575327329035,3.3318845542825195,3.8685012466740175e-14,3.333998402667913e-13
Wang,RARB_-_+,RARB (-),proband,48,47,38680,150,46.0163,3.259715730898367,2.7589399741875895,3.825106168231898,7.1208609694625825e-34,4.002414958697934e-33
Wang,RARB_-_+,RARB (-),sibling,48,47,9567,8,11.3815,0.7028928858013245,0.30345925822352804,1.384979195051751,0.37498634099820144,1
Wang,RBPJ_extended_-_+,RBPJ (-),asd_d_proband,32,31,13841,54,10.8164,4.992439626387413,3.750474301001307,6.514050759246563,7.485392542560567e-21,2.4817640751227596e-20
Wang,RBPJ_extended_-_+,RBPJ (-),asd_da_proband,32,31,24839,31,19.411,1.5970338333934793,1.0851070068167852,2.2668620473074514,0.012245766736922691,0.024383546112849593
Wang,RBPJ_extended_-_+,RBPJ (-),proband,32,31,38680,81,30.2273,2.6796932601665535,2.128063250521741,3.3306140491936724,1.6580904485954778e-14,4.9786347417037897e-14
Wang,RBPJ_extended_-_+,RBPJ (-),sibling,32,31,9567,5,7.4763,0.6687761253849865,0.21714978751973119,1.5607003835429514,0.4649256377702846,1
Wang,REST_+_+,REST (+),asd_d_proband,36,35,13841,10,6.4002,1.562457926814963,0.749259308043099,2.873415757480013,0.16053332510691953,0.20184438393804555
Wang,REST_+_+,REST (+),asd_da_proband,36,35,24839,12,11.4857,1.0447754015079145,0.5398506957329361,1.825012369579281,0.7687144866778617,0.8584358609884332
Wang,REST_+_+,REST (+),proband,36,35,38680,22,17.8859,1.230019554371794,0.7708467061135333,1.862264387197713,0.3416475643618412,0.42445404705530443
Wang,REST_+_+,REST (+),sibling,36,35,9567,5,4.4238,1.130238327848119,0.36698530857032446,2.6375992276220432,0.6357099621606935,1
Wang,REST_-_+,REST (-),asd_d_proband,12,12,13841,17,3.2211,5.277645347911015,3.074422902476314,8.450021455553088,5.898676044638028e-8,1.228247684808741e-7
Wang,REST_-_+,REST (-),asd_da_proband,12,12,24839,10,5.7806,1.7299145144243364,0.8295612507745891,3.181374384251785,0.09058034701238751,0.14588475289156277
Wang,REST_-_+,REST (-),proband,12,12,38680,26,9.0018,2.888322161888414,1.8867479301738732,4.232061178427874,2.9515115585545934e-6,5.949955279701044e-6
Wang,REST_-_+,REST (-),sibling,12,12,9567,2,2.2265,0.8982825676551917,0.10878618632019214,3.2449054943349376,1,1
Wang,RFX2_+_+,RFX2 (+),asd_d_proband,103,102,13841,13,20.7839,0.6254837150547803,0.333043735346596,1.0695962020022027,0.09851081822937552,0.12850240223363504
Wang,RFX2_+_+,RFX2 (+),asd_da_proband,103,102,24839,52,37.2987,1.3941495390431522,1.0412175590146668,1.8282416379979203,0.021383000518698656,0.040037158252533164
Wang,RFX2_+_+,RFX2 (+),proband,103,102,38680,64,58.0826,1.1018783040424105,0.8485805605017172,1.4070739949819917,0.43052399039715883,0.5181728618598715
Wang,RFX2_+_+,RFX2 (+),sibling,103,102,9567,9,14.366,0.626479492009061,0.2864663163859259,1.1892532208133038,0.1856148789547633,1
Wang,RFX2_-_+,RFX2 (-),asd_d_proband,32,32,13841,38,8.4855,4.4782483662136485,3.169075075746057,6.146745765728859,9.810708987853293e-14,2.6271946664587907e-13
Wang,RFX2_-_+,RFX2 (-),asd_da_proband,32,32,24839,28,15.228,1.8387215751856343,1.2218171333800698,2.6574646250391756,0.0028357138512655985,0.006327116478416721
Wang,RFX2_-_+,RFX2 (-),proband,32,32,38680,63,23.7134,2.6567221228950606,2.041498225041121,3.3991016789371566,1.688914709104189e-11,4.513001599737423e-11
Wang,RFX2_-_+,RFX2 (-),sibling,32,32,9567,6,5.8652,1.0229808987599331,0.37541596040173375,2.2265987454813603,0.8359379591735959,1
Wang,RFX3_+_+,RFX3 (+),asd_d_proband,238,236,13841,173,56.9124,3.039760842187285,2.6036608680568363,3.5280103915452803,3.452512099685932e-35,1.71700824957595e-34
Wang,RFX3_+_+,RFX3 (+),asd_da_proband,238,236,24839,183,102.1347,1.7917514472878637,1.5415483044535856,2.0709940867250456,4.95191315951137e-13,3.803204052441046e-12
Wang,RFX3_+_+,RFX3 (+),proband,238,236,38680,345,159.0471,2.1691691105269264,1.9462885111338795,2.4105765952846343,2.4226386984037787e-37,1.4625559549622812e-36
Wang,RFX3_+_+,RFX3 (+),sibling,238,236,9567,45,39.3382,1.1439249211989793,0.8343866870904636,1.53066154595767,0.3390509546532212,1
Wang,RFX3_-_+,RFX3 (-),asd_d_proband,227,221,13841,134,41.3657,3.2393962267417407,2.7141608348854276,3.8366198410293664,3.3399390098257535e-30,1.4421287042425927e-29
Wang,RFX3_-_+,RFX3 (-),asd_da_proband,227,221,24839,121,74.2348,1.6299639721881227,1.3525008839800627,1.947598955972348,5.342915236025192e-7,2.1091438117036507e-6
Wang,RFX3_-_+,RFX3 (-),proband,227,221,38680,247,115.6005,2.1366689067704607,1.8784914631520566,2.4204177667259943,2.292741208581792e-26,1.029928235823553e-25
Wang,RFX3_-_+,RFX3 (-),sibling,227,221,9567,25,28.5923,0.8743614003971292,0.5658405966819066,1.290729910424522,0.5744485231679712,1
Wang,RFX4_+_+,RFX4 (+),asd_d_proband,318,312,13841,102,64.7972,1.5741426818229354,1.283525234534033,1.9109018130508841,1.6808253302965302e-5,3.0746131657640966e-5
Wang,RFX4_+_+,RFX4 (+),asd_da_proband,318,312,24839,149,116.2847,1.2813375471398853,1.0838598174226715,1.5043868916019927,0.0034371342825259815,0.00752647898362243
Wang,RFX4_+_+,RFX4 (+),proband,318,312,38680,244,181.0819,1.3474564961431013,1.1836756825415995,1.5275638614447966,7.984515613580849e-6,1.559988410119135e-5
Wang,RFX4_+_+,RFX4 (+),sibling,318,312,9567,47,44.7883,1.0493816739099364,0.7710461831063886,1.395455164991063,0.7085024484719205,1
Wang,RFX4_-_+,RFX4 (-),asd_d_proband,130,125,13841,149,45.8457,3.2500310566463173,2.7491413761639536,3.815781508808249,1.5850253937591535e-33,7.710560212435358e-33
Wang,RFX4_-_+,RFX4 (-),asd_da_proband,130,125,24839,128,82.2745,1.5557670651195943,1.2979391944303775,1.8498121260458855,2.582001025575002e-6,9.254219548806913e-6
Wang,RFX4_-_+,RFX4 (-),proband,130,125,38680,264,128.1202,2.0605643069846895,1.8194769152219468,2.32470868674144,7.221092980521983e-26,3.218463707334212e-25
Wang,RFX4_-_+,RFX4 (-),sibling,130,125,9567,34,31.6889,1.0729311504040504,0.7430360119076335,1.4993137401245367,0.6563367088188272,1
Wang,RFX6_extended_+_+,RFX6 (+),asd_d_proband,25,24,13841,7,4.0073,1.74680307346499,0.7023054326058872,3.599081949915643,0.12962019805356,0.16597344900191477
Wang,RFX6_extended_+_+,RFX6 (+),asd_da_proband,25,24,24839,2,7.1915,0.2781052991531627,0.03367984193357053,1.0046119625602683,0.058037641288961994,0.09823762670950238
Wang,RFX6_extended_+_+,RFX6 (+),proband,25,24,38680,8,11.1988,0.7143596200274465,0.3084097801775785,1.4075732327197545,0.45225085271662924,0.5369596492712528
Wang,RFX6_extended_+_+,RFX6 (+),sibling,25,24,9567,5,2.7699,1.8051263524786787,0.5861196131386482,4.212562745171536,0.21033396492466067,1
Wang,RFX7_-_+,RFX7 (-),asd_d_proband,27,27,13841,11,5.7227,1.922160466363201,0.9595355793057352,3.4392760297915426,0.03547185483655697,0.04989349278778341
Wang,RFX7_-_+,RFX7 (-),asd_da_proband,27,27,24839,12,10.27,1.1684538470630745,0.6037571533158346,2.041053724173515,0.5311865301137565,0.655350153465963
Wang,RFX7_-_+,RFX7 (-),proband,27,27,38680,23,15.9927,1.4381553289072588,0.9116671121277269,2.15793912105145,0.10146926466085249,0.14016517067558437
Wang,RFX7_-_+,RFX7 (-),sibling,27,27,9567,3,3.9556,0.758420223351095,0.1564044832091927,2.2164257332446713,1,1
Wang,RFX8_extended_+_+,RFX8 (+),asd_d_proband,10,10,13841,0,1.7893,0,0,2.0615850975174066,NA,NA
Wang,RFX8_extended_+_+,RFX8 (+),asd_da_proband,10,10,24839,4,3.2111,1.245661825217566,0.3394009226381981,3.189389010632731,0.5697134680374318,0.6879213961649846
Wang,RFX8_extended_+_+,RFX8 (+),proband,10,10,38680,4,5.0005,0.799922287398633,0.2179519006569339,2.0481187599562154,0.8245326343721037,0.875155103087042
Wang,RFX8_extended_+_+,RFX8 (+),sibling,10,10,9567,1,1.2368,0.8085343910468048,0.020470318461217746,4.504865296222737,1,1
Wang,RORA_+_+,RORA (+),asd_d_proband,232,227,13841,121,47.1035,2.5688113934448866,2.1315315796509373,3.069401823186868,1.9624674998426322e-19,6.210763621661057e-19
Wang,RORA_+_+,RORA (+),asd_da_proband,232,227,24839,116,84.5317,1.3722656704595109,1.133929675675151,1.6459019572393896,0.0010752714824080376,0.0026107129110509125
Wang,RORA_+_+,RORA (+),proband,232,227,38680,227,131.6352,1.7244623182254573,1.5074111663857155,1.963990001467455,4.4658688183786313e-14,1.3235211225376672e-13
Wang,RORA_+_+,RORA (+),sibling,232,227,9567,22,32.5583,0.6757113657111221,0.42346471541090147,1.0230351281132513,0.06523841845840621,1
Wang,RORB_extended_+_+,RORB (+),asd_d_proband,100,100,13841,100,21.226,4.711204531807795,3.833224043073189,5.730087021041313,3.9868544921917327e-35,1.9739359574673736e-34
Wang,RORB_extended_+_+,RORB (+),asd_da_proband,100,100,24839,95,38.0921,2.4939567948997183,2.0177599773353467,3.048732853659559,8.03241974499478e-15,7.20012246098227e-14
Wang,RORB_extended_+_+,RORB (+),proband,100,100,38680,185,59.3181,3.1187796422127874,2.6855393575027624,3.60201407850761,6.74875175700626e-39,4.2078282812809525e-38
Wang,RORB_extended_+_+,RORB (+),sibling,100,100,9567,11,14.6716,0.749749766041882,0.3742723818758431,1.3415094336886775,0.4314326900019665,1
Wang,RREB1_+_+,RREB1 (+),asd_d_proband,22,22,13841,8,4.2823,1.8681550679446226,0.806536760602865,3.681010228584273,0.08355449152309968,0.11054596621939791
Wang,RREB1_+_+,RREB1 (+),asd_da_proband,22,22,24839,4,7.685,0.5204946715934925,0.14181727993168824,1.3326730835499698,0.2732670146429931,0.38041733604431466
Wang,RREB1_+_+,RREB1 (+),proband,22,22,38680,12,11.9673,1.0027327156962844,0.518126626470651,1.7515722583880924,0.8853246691326846,0.9258986686346409
Wang,RREB1_+_+,RREB1 (+),sibling,22,22,9567,0,2.96,0,0,1.24626125541765,NA,NA
Wang,RUNX1_+_+,RUNX1 (+),asd_d_proband,41,41,13841,18,9.814,1.834119987098698,1.0870157448064477,2.898700316381404,0.015278040418098613,0.022218977840420175
Wang,RUNX1_+_+,RUNX1 (+),asd_da_proband,41,41,24839,14,17.6121,0.7949075745133394,0.4345833679591658,1.3337198394425447,0.4736024783093943,0.6013652457211303
Wang,RUNX1_+_+,RUNX1 (+),proband,41,41,38680,31,27.4261,1.1303109516609582,0.7679914525811211,1.6043861716640917,0.5025283985987499,0.5886908652989462
Wang,RUNX1_+_+,RUNX1 (+),sibling,41,41,9567,4,6.7835,0.5896671368345604,0.16066444860034085,1.5097820677156393,0.43682309434036326,1
Wang,RUNX2_+_+,RUNX2 (+),asd_d_proband,17,16,13841,5,3.2247,1.5505399121957373,0.503456088957038,3.6184429195487344,0.2635651830429686,0.3155145789922042
Wang,RUNX2_+_+,RUNX2 (+),asd_da_proband,17,16,24839,5,5.787,0.8640051098957768,0.28054010738171276,2.01629970809912,1,1
Wang,RUNX2_+_+,RUNX2 (+),proband,17,16,38680,10,9.0117,1.1096702649793795,0.5321300245116398,2.0407231262211,0.7366615718060406,0.8074263721716546
Wang,RUNX2_+_+,RUNX2 (+),sibling,17,16,9567,1,2.2289,0.44864686787292146,0.011358755253559696,2.4997003562496003,0.7326063380974465,1
Wang,RUNX3_+_+,RUNX3 (+),asd_d_proband,19,19,13841,8,3.0935,2.58605930135731,1.1164768532509532,5.095567762742025,0.014053560214331486,0.02057249156210943
Wang,RUNX3_+_+,RUNX3 (+),asd_da_proband,19,19,24839,4,5.5516,0.7205130397779,0.19631555332504502,1.8447995471675087,0.6716241296809318,0.7857654325489865
Wang,RUNX3_+_+,RUNX3 (+),proband,19,19,38680,11,8.6451,1.2723956653663124,0.6351753317366765,2.2766673172634753,0.3918579217724213,0.477073800643026
Wang,RUNX3_+_+,RUNX3 (+),sibling,19,19,9567,3,2.1383,1.4030121821137709,0.28933484171890556,4.100196973588825,0.47854815923918975,1
Wang,RXRA_+_+,RXRA (+),asd_d_proband,164,160,13841,52,33.8623,1.5356327010073236,1.1468839516192348,2.013777981506689,0.003331944057990475,0.005250050467611583
Wang,RXRA_+_+,RXRA (+),asd_da_proband,164,160,24839,80,60.7691,1.316459055681194,1.0438701571271058,1.6384472502464296,0.017374398130768763,0.03336002634292166
Wang,RXRA_+_+,RXRA (+),proband,164,160,38680,128,94.6313,1.3526174347079702,1.1284563241749752,1.6082665514143293,9.867762108765677e-4,0.0016931002355040057
Wang,RXRA_+_+,RXRA (+),sibling,164,160,9567,29,23.4058,1.2390068308219533,0.8297823200680432,1.7794204855931686,0.25367339109896825,1
Wang,RXRA_-_+,RXRA (-),asd_d_proband,33,32,13841,31,7.9742,3.887553010453922,2.64140365896425,5.5180711842330625,4.979352161951478e-10,1.158037225138611e-9
Wang,RXRA_-_+,RXRA (-),asd_da_proband,33,32,24839,18,14.3104,1.2578257941380806,0.7454672824402252,1.9879070361085067,0.2911451674166348,0.4007125998361804
Wang,RXRA_-_+,RXRA (-),proband,33,32,38680,46,22.2846,2.0642080395085114,1.5112597203741307,2.7533642533471068,9.879127333625912e-6,1.920286931459483e-5
Wang,RXRA_-_+,RXRA (-),sibling,33,32,9567,6,5.5118,1.0885730427718818,0.3994871212307428,2.3693652289489187,0.828785096265896,1
Wang,RXRG_+_+,RXRG (+),asd_d_proband,73,71,13841,19,12.808,1.4834493563518416,0.8931334180228064,2.316589928062021,0.09144084355501035,0.1201239383493886
Wang,RXRG_+_+,RXRG (+),asd_da_proband,73,71,24839,21,22.9852,0.9136330036309256,0.5655532291511469,1.396585097148281,0.8341785095095633,0.9081847032172583
Wang,RXRG_+_+,RXRG (+),proband,73,71,38680,40,35.7931,1.1175323867232265,0.7983815212673754,1.5217619260811488,0.45174215381770444,0.5369143724020841
Wang,RXRG_+_+,RXRG (+),sibling,73,71,9567,4,8.853,0.4518255745631275,0.12310726215879296,1.1568529219258739,0.12681627249523625,1
Wang,SALL1_+_+,SALL1 (+),asd_d_proband,18,17,13841,7,3.397,2.0606694681069158,0.828496001776457,4.245766680896851,0.09111045873420151,0.11983122907898522
Wang,SALL1_+_+,SALL1 (+),asd_da_proband,18,17,24839,9,6.0962,1.4763392532055604,0.67507631613842,2.8025517742924397,0.22066250817473831,0.32270462659233107
Wang,SALL1_+_+,SALL1 (+),proband,18,17,38680,15,9.4931,1.5800926710777712,0.8843658732852576,2.60612256797965,0.10014208572961675,0.13866762113773387
Wang,SALL1_+_+,SALL1 (+),sibling,18,17,9567,1,2.348,0.4258944602438116,0.010782714166025602,2.372932054654923,0.7365836212556839,1
Wang,SALL3_extended_+_+,SALL3 (+),asd_d_proband,15,14,13841,6,2.5747,2.330388838210067,0.8552116318756611,5.072275415828645,0.047196701426794496,0.06555751295442527
Wang,SALL3_extended_+_+,SALL3 (+),asd_da_proband,15,14,24839,4,4.6205,0.865706131746193,0.23587578418154126,2.216551528779838,1,1
Wang,SALL3_extended_+_+,SALL3 (+),proband,15,14,38680,8,7.1952,1.1118549434562404,0.4800200474482561,2.1907974823885072,0.7068207409942102,0.7807187468290357
Wang,SALL3_extended_+_+,SALL3 (+),sibling,15,14,9567,4,1.7796,2.2476507375816546,0.6124091777239786,5.75487858506976,0.10545880629451324,1
Wang,SALL4_+_+,SALL4 (+),asd_d_proband,24,23,13841,8,3.9084,2.046878493125875,0.8836968501815794,4.033166624735917,0.06593829408423717,0.08903667831495783
Wang,SALL4_+_+,SALL4 (+),asd_da_proband,24,23,24839,1,7.014,0.14257239232333851,0.0036096204527031285,0.7943625274186769,0.013023426939631377,0.025793934260188455
Wang,SALL4_+_+,SALL4 (+),proband,24,23,38680,8,10.9224,0.7324417069119762,0.31621634186564734,1.4432021523518568,0.4505231765239583,0.5365834492837541
Wang,SALL4_+_+,SALL4 (+),sibling,24,23,9567,5,2.7015,1.8508182569872504,0.6009556501602996,4.319192408200079,0.2044208615291616,1
Wang,SATB1_+_+,SATB1 (+),asd_d_proband,196,190,13841,141,34.3655,4.102952651391526,3.4536923179668864,4.838804936737848,3.2377555122954295e-42,1.8884081888466535e-41
Wang,SATB1_+_+,SATB1 (+),asd_da_proband,196,190,24839,115,61.6722,1.8646983822653813,1.5394997557730885,2.2382880053218828,1.0601438460014654e-9,5.593001879138572e-9
Wang,SATB1_+_+,SATB1 (+),proband,196,190,38680,242,96.0377,2.519844619022466,2.212340607498568,2.8581354756620163,7.966101828529626e-36,4.6852176218310844e-35
Wang,SATB1_+_+,SATB1 (+),sibling,196,190,9567,20,23.7537,0.8419747795563519,0.5143000692433171,1.3003617587728868,0.5369734845104971,1
Wang,SATB1_-_+,SATB1 (-),asd_d_proband,41,40,13841,54,14.8395,3.6389340161683927,2.7336792293980494,4.748019538500157,3.838473753304454e-15,1.0852943556297366e-14
Wang,SATB1_-_+,SATB1 (-),asd_da_proband,41,40,24839,37,26.6309,1.3893622868742173,0.978239268088182,1.9150528974671117,0.051733163427078975,0.08889914993785718
Wang,SATB1_-_+,SATB1 (-),proband,41,40,38680,86,41.4704,2.0737665995105417,1.6587456008099501,2.5610848801100494,1.2798046066253466e-9,3.133598832960344e-9
Wang,SATB1_-_+,SATB1 (-),sibling,41,40,9567,9,10.2572,0.8774343353504532,0.4012188509352548,1.6656436845543454,0.8752960856567311,1
Wang,SATB2_+_+,SATB2 (+),asd_d_proband,53,52,13841,28,11.7891,2.3750672991838595,1.5782149718782719,3.4326335291036263,4.907380639199012e-5,8.691290988978854e-5
Wang,SATB2_+_+,SATB2 (+),asd_da_proband,53,52,24839,27,21.1567,1.2761890505945468,0.8410166258342271,1.8567880660979268,0.19186349657428753,0.2861478040057736
Wang,SATB2_+_+,SATB2 (+),proband,53,52,38680,51,32.9459,1.5479932697667618,1.1525826663438816,2.035325268064315,0.002955271255427867,0.004915400149334105
Wang,SATB2_+_+,SATB2 (+),sibling,53,52,9567,9,8.1487,1.1044653436367358,0.5050318846877041,2.096619257215307,0.7237523712856752,1
Wang,SATB2_-_+,SATB2 (-),asd_d_proband,89,87,13841,31,17.9798,1.72416110183842,1.1714838179166263,2.4473090572517298,0.004336388819630111,0.006737429769969238
Wang,SATB2_-_+,SATB2 (-),asd_da_proband,89,87,24839,37,32.2664,1.1467037540992198,0.8073852671269078,1.5805800744488865,0.37849406068454683,0.5027291700151216
Wang,SATB2_-_+,SATB2 (-),proband,89,87,38680,64,50.2462,1.273729262330217,0.9809267388152627,1.6265238321667346,0.05648843569006779,0.08127781226023625
Wang,SATB2_-_+,SATB2 (-),sibling,89,87,9567,9,12.4277,0.7241863809226952,0.3311441277263374,1.3747313311398688,0.39517682432576473,1
Wang,SCRT1_extended_+_+,SCRT1 (+),asd_d_proband,19,19,13841,3,2.9207,1.0271512949666741,0.2118232907306661,3.0017719623040917,0.7701205669907805,0.8249176073343552
Wang,SCRT1_extended_+_+,SCRT1 (+),asd_da_proband,19,19,24839,4,5.2415,0.763144038199806,0.2079310655808335,1.953951834832245,0.8255211908793021,0.90136694826183
Wang,SCRT1_extended_+_+,SCRT1 (+),proband,19,19,38680,7,8.1622,0.8576146804156854,0.3448055812861319,1.7670140172950808,0.8606396781714756,0.9074145175259002
Wang,SCRT1_extended_+_+,SCRT1 (+),sibling,19,19,9567,3,2.0188,1.4860249894045925,0.30645407829028426,4.342795623523668,0.4612279712069557,1
Wang,SCRT2_extended_+_+,SCRT2 (+),asd_d_proband,27,27,13841,26,6.5331,3.9797193338124703,2.5996847979154594,5.831210907115313,7.3966207363036186e-9,1.5968673450081843e-8
Wang,SCRT2_extended_+_+,SCRT2 (+),asd_da_proband,27,27,24839,21,11.7243,1.7911491563906423,1.1087495583700384,2.7379617512103342,0.011997184164149752,0.02393077901294182
Wang,SCRT2_extended_+_+,SCRT2 (+),proband,27,27,38680,44,18.2574,2.4099763276282014,1.7510924890076807,3.2352807331171807,2.4705058527508113e-7,5.298584921031346e-7
Wang,SCRT2_extended_+_+,SCRT2 (+),sibling,27,27,9567,4,4.5157,0.8857900201702711,0.24134796782183557,2.2679742598403654,1,1
Wang,SHOX2_+_+,SHOX2 (+),asd_d_proband,12,12,13841,15,2.7539,5.446806058555078,3.0485360034635627,8.983678269279185,2.331926855317195e-7,4.689109236143241e-7
Wang,SHOX2_+_+,SHOX2 (+),asd_da_proband,12,12,24839,12,4.9422,2.428092681878041,1.254630920410296,4.241389271336885,0.004992572907478673,0.010715997742477987
Wang,SHOX2_+_+,SHOX2 (+),proband,12,12,38680,24,7.6961,3.1184795307739743,1.998068677786475,4.640050349502514,1.959361405075292e-6,4.013700831581522e-6
Wang,SHOX2_+_+,SHOX2 (+),sibling,12,12,9567,1,1.9035,0.525342271394452,0.013300514753195434,2.9270197943957275,1,1
Wang,SIX3_+_+,SIX3 (+),asd_d_proband,12,12,13841,14,2.7615,5.069677731524766,2.7716399914574525,8.506057794523114,1.3286350872322763e-6,2.592118191202725e-6
Wang,SIX3_+_+,SIX3 (+),asd_da_proband,12,12,24839,18,4.9558,3.6321032324645492,2.152614566234973,5.740289001336942,4.8104569242319515e-6,1.6814259651572363e-5
Wang,SIX3_+_+,SIX3 (+),proband,12,12,38680,29,7.7173,3.7577797218551376,2.5166440558177054,5.396798509157302,3.680941829427389e-9,8.846550853504335e-9
Wang,SIX3_+_+,SIX3 (+),sibling,12,12,9567,1,1.9088,0.5238947086117031,0.013263865636616594,2.9189544907842557,1,1
Wang,SMAD1_+_+,SMAD1 (+),asd_d_proband,207,205,13841,64,41.9547,1.5254539972238108,1.1747854579174497,1.9479706989060936,0.0014650680966222292,0.0023687748325648236
Wang,SMAD1_+_+,SMAD1 (+),asd_da_proband,207,205,24839,114,75.2918,1.5141097419981702,1.2489538256613435,1.8189083153228507,3.0980127387615964e-5,9.504501038211529e-5
Wang,SMAD1_+_+,SMAD1 (+),proband,207,205,38680,172,117.2465,1.466994857403236,1.2559451831447972,1.7033601473910371,2.2877715811094304e-6,4.644746217163453e-6
Wang,SMAD1_+_+,SMAD1 (+),sibling,207,205,9567,34,28.9994,1.1724376410603212,0.8119471493541659,1.638364087032945,0.35173014918565526,1
Wang,SMAD1_-_+,SMAD1 (-),asd_d_proband,15,15,13841,10,6.4568,1.5487448592278452,0.7426833591134426,2.848196937944478,0.1633706145053751,0.204949171800662
Wang,SMAD1_-_+,SMAD1 (-),asd_da_proband,15,15,24839,15,11.5874,1.2945072826949116,0.724525899328258,2.1350929003069674,0.3011354737428783,0.4116697283000196
Wang,SMAD1_-_+,SMAD1 (-),proband,15,15,38680,25,18.0443,1.3854820059832345,0.8966109032278048,2.0452447519587453,0.09943442405643614,0.1378550156116569
Wang,SMAD1_-_+,SMAD1 (-),sibling,15,15,9567,3,4.463,0.6721912071675323,0.13862198704336473,1.9644279561058298,0.8094366760127446,1
Wang,SMAD3_+_+,SMAD3 (+),asd_d_proband,194,189,13841,98,46.7089,2.098101392582675,1.7033401274607132,2.5569135691125093,5.984972126404797e-11,1.446260075664847e-10
Wang,SMAD3_+_+,SMAD3 (+),asd_da_proband,194,189,24839,116,83.8236,1.383858694675124,1.143509215899678,1.659806685498322,8.370447512738363e-4,0.0020907600092658434
Wang,SMAD3_+_+,SMAD3 (+),proband,194,189,38680,208,130.5325,1.5934730931835406,1.3842664267788887,1.825367966939135,4.2346796225033643e-10,1.0526730826310106e-9
Wang,SMAD3_+_+,SMAD3 (+),sibling,194,189,9567,33,32.2855,1.022129754456022,0.703587091764713,1.4354501990466595,0.8601187540500492,1
Wang,SMAD3_-_+,SMAD3 (-),asd_d_proband,90,87,13841,100,24.3825,4.101301638066759,3.336982705970606,4.988281686136863,1.8544156128799576e-30,8.10125095195401e-30
Wang,SMAD3_-_+,SMAD3 (-),asd_da_proband,90,87,24839,55,43.7567,1.2569493049182778,0.9469062350374966,1.63609229319709,0.0955787486593477,0.15284476945666228
Wang,SMAD3_-_+,SMAD3 (-),proband,90,87,38680,146,68.1392,2.1426713888268805,1.809215402381774,2.519778987489582,2.559789748682251e-16,8.1812888046119e-16
Wang,SMAD3_-_+,SMAD3 (-),sibling,90,87,9567,17,16.8534,1.0087007123781688,0.5876053367449395,1.615027554892634,0.9029393850994414,1
Wang,SMAD5_+_+,SMAD5 (+),asd_d_proband,166,159,13841,134,34.82,3.848361208107706,3.22438829289006,4.557855209124709,2.0540827154483995e-37,1.084477793843373e-36
Wang,SMAD5_+_+,SMAD5 (+),asd_da_proband,166,159,24839,113,62.4879,1.8083514325991683,1.4903375255809423,2.1741371626057524,9.172925444595595e-9,4.4282732723922705e-8
Wang,SMAD5_+_+,SMAD5 (+),proband,166,159,38680,234,97.3079,2.4047386884062085,2.1064730862543666,2.7334000148776236,7.921858685767289e-32,4.304209885933561e-31
Wang,SMAD5_+_+,SMAD5 (+),sibling,166,159,9567,25,24.0678,1.0387301397024513,0.6722113782398907,1.5333705943154055,0.8379412802214066,1
Wang,SMAD9_+_+,SMAD9 (+),asd_d_proband,16,16,13841,17,3.4596,4.913802562269587,2.8624710718138857,7.8674739097360495,1.5901092582236577e-7,3.2428762544655245e-7
Wang,SMAD9_+_+,SMAD9 (+),asd_da_proband,16,16,24839,5,6.2087,0.8053267899907562,0.2614874166295496,1.879364083597418,0.8399454609102273,0.9118254090073524
Wang,SMAD9_+_+,SMAD9 (+),proband,16,16,38680,20,9.6683,2.0686155260165866,1.2635641044126156,3.194808905147016,0.0030624268883014077,0.005086214089595205
Wang,SMAD9_+_+,SMAD9 (+),sibling,16,16,9567,1,2.3913,0.4181773207187289,0.010587333109341582,2.329934905223042,0.7383579153625368,1
Wang,SMAD9_extended_-_+,SMAD9 (-),asd_d_proband,26,25,13841,25,7.2915,3.42867017781199,2.218854558718424,5.061393549020432,2.2579508847940598e-7,4.548566520181885e-7
Wang,SMAD9_extended_-_+,SMAD9 (-),asd_da_proband,26,25,24839,23,13.0852,1.7577086845931034,1.114236528026769,2.637426053816708,0.011706929276929508,0.023518012728920668
Wang,SMAD9_extended_-_+,SMAD9 (-),proband,26,25,38680,45,20.3767,2.208407525231964,1.6108276029099873,2.955023021207632,2.0318272617451547e-6,4.147253856263366e-6
Wang,SMAD9_extended_-_+,SMAD9 (-),sibling,26,25,9567,3,5.0399,0.5952489674643556,0.12275464745086255,1.73957008074739,0.5031434998534954,1
Wang,SOX10_+_+,SOX10 (+),asd_d_proband,422,411,13841,130,82.2094,1.5813274285926797,1.321194914979744,1.8776979114176493,1.0777039222934094e-6,2.1173935968868747e-6
Wang,SOX10_+_+,SOX10 (+),asd_da_proband,422,411,24839,187,147.5327,1.267515910036416,1.0923495851141856,1.4627806945383015,0.0017308118110522532,0.003996086982981583
Wang,SOX10_+_+,SOX10 (+),proband,422,411,38680,304,229.7421,1.32322299210524,1.1786419245259345,1.4806446934731725,2.726053006421941e-6,5.514940567956445e-6
Wang,SOX10_+_+,SOX10 (+),sibling,422,411,9567,56,56.8237,0.9855035053127109,0.7444387569645168,1.2797582745557472,1,1
Wang,SOX10_-_+,SOX10 (-),asd_d_proband,122,117,13841,124,30.012,4.13168606927621,3.436522708018713,4.926179781813241,1.2345481772560707e-37,6.58031899264719e-37
Wang,SOX10_-_+,SOX10 (-),asd_da_proband,122,117,24839,94,53.8593,1.7452869665082131,1.4103695242814285,2.1357892387636035,7.565106175739139e-7,2.9451740939343063e-6
Wang,SOX10_-_+,SOX10 (-),proband,122,117,38680,209,83.8713,2.49191325410608,2.165506471422706,2.853628764107629,2.1578085935081205e-30,1.0991337523181989e-29
Wang,SOX10_-_+,SOX10 (-),sibling,122,117,9567,22,20.7445,1.0605227912706856,0.6646239870770665,1.6056442509189106,0.7412851767147484,1
Wang,SOX11_+_+,SOX11 (+),asd_d_proband,264,255,13841,448,69.2272,6.471448263120253,5.885991699133325,7.099377823066854,3.297382700691402e-201,1.3604756772482303e-199
Wang,SOX11_+_+,SOX11 (+),asd_da_proband,264,255,24839,306,124.2348,2.463078521698786,2.194807309530031,2.7550939165006274,6.434123095468788e-43,2.201249992358867e-41
Wang,SOX11_+_+,SOX11 (+),proband,264,255,38680,712,193.46190000000001,3.6803105478451497,3.414910213964287,3.9608602837833637,3.985542997530241e-180,1.6842609482155573e-178
Wang,SOX11_+_+,SOX11 (+),sibling,264,255,9567,51,47.8503,1.065823619394379,0.7935756912424767,1.401361224380513,0.6128023468898669,1
Wang,SOX11_-_+,SOX11 (-),asd_d_proband,279,273,13841,220,73.2138,3.0048995474911777,2.620920673005502,3.4293040026885246,1.6969938059989922e-43,1.0163715590768158e-42
Wang,SOX11_-_+,SOX11 (-),asd_da_proband,279,273,24839,206,131.3891,1.5678620891607462,1.3610566347550803,1.7972102797636689,1.9326057310781756e-9,1.0101443844385464e-8
Wang,SOX11_-_+,SOX11 (-),proband,279,273,38680,402,204.6029,1.9647818327540434,1.7773866115059707,2.1665601589039722,3.329604021517016e-34,1.8900886510203558e-33
Wang,SOX11_-_+,SOX11 (-),sibling,279,273,9567,54,50.6059,1.067069562220783,0.8016154966275811,1.3922943114252486,0.6221925768679155,1
Wang,SOX12_+_+,SOX12 (+),asd_d_proband,11,11,13841,3,1.3685,2.1922602239552846,0.45209676223133416,6.406714674450147,0.15893050084590896,0.20028119676735584
Wang,SOX12_+_+,SOX12 (+),asd_da_proband,11,11,24839,4,2.4558,1.6287866532343007,0.4437895435961931,4.1703407356032764,0.3188151832676369,0.43171641789741033
Wang,SOX12_+_+,SOX12 (+),proband,11,11,38680,7,3.8243,1.8304163764077532,0.7359223169512658,3.771357310524664,0.11501293177551271,0.15734982632597122
Wang,SOX12_+_+,SOX12 (+),sibling,11,11,9567,1,0.9459,1.0572131200921604,0.02676631877296531,5.890414493375379,0.6116635119200976,1
Wang,SOX13_+_+,SOX13 (+),asd_d_proband,50,50,13841,27,12.6523,2.133999983491113,1.406319435831133,3.1048579366462112,3.4502090348174366e-4,5.841235356818578e-4
Wang,SOX13_+_+,SOX13 (+),asd_da_proband,50,50,24839,32,22.7058,1.4093341872593068,0.9639835407942247,1.9895593658198294,0.05794241187478668,0.09823762670950238
Wang,SOX13_+_+,SOX13 (+),proband,50,50,38680,58,35.3581,1.640361789753561,1.245595479983441,2.1205480002785273,3.9001203286645963e-4,6.877955633703717e-4
Wang,SOX13_+_+,SOX13 (+),sibling,50,50,9567,5,8.7454,0.5717317974112497,0.18563975837902116,1.3342312945004986,0.30505922811604036,1
Wang,SOX13_-_+,SOX13 (-),asd_d_proband,16,15,13841,15,3.6365,4.124805439751553,2.308622292621291,6.803239292116589,6.674395056313627e-6,1.2454398815298795e-5
Wang,SOX13_-_+,SOX13 (-),asd_da_proband,16,15,24839,10,6.5261,1.5323062413033604,0.7348004028559311,2.81796573429748,0.16708188637425953,0.25184973259885046
Wang,SOX13_-_+,SOX13 (-),proband,16,15,38680,23,10.1626,2.2631901725384846,1.4346684306776052,3.3958964748340588,4.0679280306310056e-4,7.162817720601817e-4
Wang,SOX13_-_+,SOX13 (-),sibling,16,15,9567,2,2.5136,0.7956716782216822,0.09635953156996971,2.8742396806027064,1,1
Wang,SOX15_+_+,SOX15 (+),asd_d_proband,18,18,13841,0,1.6568,0,0,2.2265167604908864,NA,NA
Wang,SOX15_+_+,SOX15 (+),asd_da_proband,18,18,24839,4,2.9733,1.3453177048526674,0.36655379576134056,3.4445476427097934,0.5499565286114161,0.6719168970765738
Wang,SOX15_+_+,SOX15 (+),proband,18,18,38680,4,4.6301,0.8639179542615151,0.23538856600092908,2.2119730842106655,1,1
Wang,SOX15_+_+,SOX15 (+),sibling,18,18,9567,1,1.1452,0.8732190464836261,0.022107992147097143,4.865265129182463,1,1
Wang,SOX17_+_+,SOX17 (+),asd_d_proband,10,9,13841,3,1.1351,2.642917750720858,0.5450331784923137,7.723727207146311,0.10675435378475184,0.13876820316944405
Wang,SOX17_+_+,SOX17 (+),asd_da_proband,10,9,24839,0,2.0371,0,0,1.8108822746530677,NA,NA
Wang,SOX17_+_+,SOX17 (+),proband,10,9,38680,2,3.1722,0.6304830159897863,0.0763544182185546,2.277521435165408,0.7770219270370351,0.838313909647054
Wang,SOX17_+_+,SOX17 (+),sibling,10,9,9567,2,0.7846,2.5490836268929584,0.3087058531089884,9.208166521605309,0.1856815717274999,1
Wang,SOX1_+_+,SOX1 (+),asd_d_proband,54,52,13841,33,8.4404,3.9097752641374828,2.691309391547962,5.490778109791666,1.225407906116149e-10,2.91688975943032e-10
Wang,SOX1_+_+,SOX1 (+),asd_da_proband,54,52,24839,27,15.1471,1.782522334299588,1.1746934502912239,2.593476410362987,0.006279141587834736,0.01330047064289947
Wang,SOX1_+_+,SOX1 (+),proband,54,52,38680,57,23.5875,2.416538472284505,1.8302626400502586,3.130905883995724,5.519715333511517e-9,1.3066380073727471e-8
Wang,SOX1_+_+,SOX1 (+),sibling,54,52,9567,5,5.8341,0.8570369646753978,0.278277569595782,2.0000383816174545,1,1
Wang,SOX1_-_+,SOX1 (-),asd_d_proband,21,21,13841,17,8.1766,2.0791009165983483,1.2111529011852868,3.3288419731481262,0.007168646424135261,0.01092458565866851
Wang,SOX1_-_+,SOX1 (-),asd_da_proband,21,21,24839,26,14.6737,1.7718761304035189,1.1574483157299842,2.5962090667756472,0.005821783951850264,0.01242494155319272
Wang,SOX1_-_+,SOX1 (-),proband,21,21,38680,41,22.8503,1.794285338603545,1.2876101374694886,2.4341506657650323,5.020131538879935e-4,8.772805538131412e-4
Wang,SOX1_-_+,SOX1 (-),sibling,21,21,9567,4,5.6517,0.7077474845919549,0.1928373691819756,1.8121146558106045,0.672320137594519,1
Wang,SOX21_+_+,SOX21 (+),asd_d_proband,37,37,13841,7,3.5652,1.963425209845144,0.7893987664301161,4.045406342654125,0.09872324324528217,0.1286288806728004
Wang,SOX21_+_+,SOX21 (+),asd_da_proband,37,37,24839,12,6.3981,1.8755598623915135,0.9691291498052735,3.2762256307055644,0.04295372426389131,0.07530241412101442
Wang,SOX21_+_+,SOX21 (+),proband,37,37,38680,18,9.9633,1.806632552557244,1.0707249490345956,2.855258319258924,0.016668974011030117,0.025841439329599678
Wang,SOX21_+_+,SOX21 (+),sibling,37,37,9567,0,2.4643,0,0,1.4969334085969577,NA,NA
Wang,SOX2_+_+,SOX2 (+),asd_d_proband,403,395,13841,218,72.9407,2.9887282165678366,2.605128440643996,3.4129089562760164,8.899116842499822e-43,5.273200086460001e-42
Wang,SOX2_+_+,SOX2 (+),asd_da_proband,403,395,24839,222,130.8991,1.695962580394701,1.480190081227862,1.9343434584769543,3.986801697237358e-13,3.1406832118894593e-12
Wang,SOX2_+_+,SOX2 (+),proband,403,395,38680,423,203.8398,2.0751586298365594,1.8820896022729998,2.282658664138701,6.990601304029252e-41,4.7477833856532005e-40
Wang,SOX2_+_+,SOX2 (+),sibling,403,395,9567,58,50.4172,1.150401974409306,0.8735484503717524,1.48716132111113,0.2899486017321677,1
Wang,SOX2_-_+,SOX2 (-),asd_d_proband,86,86,13841,99,27.7139,3.5722207630294314,2.903324765288567,4.3490506031304195,9.148309671438559e-26,3.419871467779381e-25
Wang,SOX2_-_+,SOX2 (-),asd_da_proband,86,86,24839,84,49.7352,1.6889459174911035,1.3471694089406803,2.0910299699756187,9.475678695928214e-6,3.1651009608588616e-5
Wang,SOX2_-_+,SOX2 (-),proband,86,86,38680,177,77.449,2.2853744377207947,1.961084367387364,2.6479752526959723,3.36647177334925e-22,1.293314576899493e-21
Wang,SOX2_-_+,SOX2 (-),sibling,86,86,9567,20,19.156,1.044058386332022,0.6377379862465192,1.6124634994740064,0.8186114851350669,1
Wang,SOX3_+_+,SOX3 (+),asd_d_proband,61,59,13841,11,9.2231,1.1926606787134857,0.5953719136830254,2.1339994010672427,0.5079769045196294,0.5698753994308833
Wang,SOX3_+_+,SOX3 (+),asd_da_proband,61,59,24839,16,16.5517,0.9666684841842326,0.5525345621091706,1.5698090563873002,1,1
Wang,SOX3_+_+,SOX3 (+),proband,61,59,38680,27,25.7748,1.0475360634106905,0.6903328664972425,1.5241099744916449,0.7672642466383452,0.8316945664296038
Wang,SOX3_+_+,SOX3 (+),sibling,61,59,9567,6,6.3751,0.9411680181346878,0.3453920751166903,2.0485265472758916,1,1
Wang,SOX3_-_+,SOX3 (-),asd_d_proband,18,18,13841,16,7.8802,2.030413091729335,1.1605565164215936,3.297263655278726,0.010562966534478352,0.015794825126723335
Wang,SOX3_-_+,SOX3 (-),asd_da_proband,18,18,24839,14,14.1417,0.9899786284591775,0.5412305283753027,1.6610159215157507,1,1
Wang,SOX3_-_+,SOX3 (-),proband,18,18,38680,26,22.0219,1.1806434812375077,0.771235520016137,1.729916249800333,0.3921956397924263,0.477073800643026
Wang,SOX3_-_+,SOX3 (-),sibling,18,18,9567,4,5.4468,0.7343719975599907,0.20009165287535743,1.8802839834359981,0.827809329436231,1
Wang,SOX4_+_+,SOX4 (+),asd_d_proband,343,331,13841,331,74.868,4.421112314965013,3.9576030840946737,4.9239939266179835,1.0411527866631182e-104,1.757339703549566e-103
Wang,SOX4_+_+,SOX4 (+),asd_da_proband,343,331,24839,281,134.3579,2.0914295276021124,1.854020108623328,2.350811970379149,2.703109777370507e-28,5.868867189714043e-27
Wang,SOX4_+_+,SOX4 (+),proband,343,331,38680,582,209.2259,2.7816823960275725,2.5602502731790717,3.01714089978033,5.223474716601102e-99,1.0456113423933083e-97
Wang,SOX4_+_+,SOX4 (+),sibling,343,331,9567,59,51.7493,1.1401113272791679,0.8679055667492751,1.4706605456609871,0.29708731661192694,1
Wang,SOX4_-_+,SOX4 (-),asd_d_proband,549,536,13841,356,133.4956,2.6667539399646665,2.3968989946021764,2.95867581515009,3.3454522220654116e-57,2.468101838000575e-56
Wang,SOX4_-_+,SOX4 (-),asd_da_proband,549,536,24839,350,239.5707,1.4609466366849513,1.311882394651902,1.6223090225515242,2.4806201895416868e-11,1.573382131456497e-10
Wang,SOX4_-_+,SOX4 (-),proband,549,536,38680,672,373.0663,1.8012882817100726,1.667654161099617,1.9427813205499227,5.837955283031063e-44,4.18937545782292e-43
Wang,SOX4_-_+,SOX4 (-),sibling,549,536,9567,85,92.2732,0.9211780221393445,0.7358042860609996,1.139050889834592,0.4982519070126471,1
Wang,SOX5_+_+,SOX5 (+),asd_d_proband,333,323,13841,257,91.1798,2.8186075241648436,2.484509233066089,3.18511286189043,8.721536337297583e-46,5.397661933194171e-45
Wang,SOX5_+_+,SOX5 (+),asd_da_proband,333,323,24839,284,163.6308,1.7356141605978659,1.5396071560154458,1.9496614355146804,1.3747972687420885e-17,1.5521461164098177e-16
Wang,SOX5_+_+,SOX5 (+),proband,333,323,38680,518,254.8106,2.032882356312614,1.861565126318728,2.2157261370708037,2.0588504562742665e-47,1.5660989137392921e-46
Wang,SOX5_+_+,SOX5 (+),sibling,333,323,9567,69,63.0241,1.094818856972117,0.8518344196184698,1.3855633334131379,0.4491711859369776,1
Wang,SOX5_-_+,SOX5 (-),asd_d_proband,552,535,13841,200,110.5422,1.8092644107561977,1.5671928176177525,2.0781390289784305,1.762908538051278e-14,4.873151641164079e-14
Wang,SOX5_-_+,SOX5 (-),asd_da_proband,552,535,24839,281,198.3785,1.4164841715259684,1.255691431576376,1.592158809239753,3.45391379585508e-8,1.5851498680977177e-7
Wang,SOX5_-_+,SOX5 (-),proband,552,535,38680,462,308.9207,1.4955296359469699,1.3622500202701913,1.6383249248656235,4.2506358941821034e-16,1.3360814201823087e-15
Wang,SOX5_-_+,SOX5 (-),sibling,552,535,9567,75,76.4075,0.9815784222827114,0.7720736965531448,1.230417052130854,0.9543380772151834,1
Wang,SOX6_+_+,SOX6 (+),asd_d_proband,328,317,13841,220,82.2319,2.6753595183825762,2.333490673691655,3.053220568614415,2.7465990319123304e-36,1.423121544907133e-35
Wang,SOX6_+_+,SOX6 (+),asd_da_proband,328,317,24839,219,147.5731,1.4840104069427804,1.2939597175472652,1.6941179805270163,3.9520687842523744e-8,1.806431440251389e-7
Wang,SOX6_+_+,SOX6 (+),proband,328,317,38680,419,229.805,1.8232847382201312,1.6528616825774267,2.0065092441843273,5.361771056982714e-29,2.6144362290672126e-28
Wang,SOX6_+_+,SOX6 (+),sibling,328,317,9567,62,56.8393,1.0907942870966776,0.8363057252000559,1.3983490473813183,0.46568720607748615,1
Wang,SOX6_-_+,SOX6 (-),asd_d_proband,372,364,13841,217,90.2453,2.404557732403116,2.095249930007147,2.7466667430850618,1.7378960470216977e-29,7.278256377376584e-29
Wang,SOX6_-_+,SOX6 (-),asd_da_proband,372,364,24839,239,161.9538,1.4757294254690114,1.2945522939901515,1.6751653624601437,1.390998203921406e-8,6.626316338511676e-8
Wang,SOX6_-_+,SOX6 (-),proband,372,364,38680,434,252.1991,1.7208626460285175,1.5627493506294843,1.8906374235127221,2.697700881241319e-25,1.1748384372123452e-24
Wang,SOX6_-_+,SOX6 (-),sibling,372,364,9567,60,62.3782,0.9618745189524338,0.7340115906398329,1.2381231719716785,0.8491865219334647,1
Wang,SOX8_+_+,SOX8 (+),asd_d_proband,227,221,13841,49,37.3463,1.3120425720250926,0.970656317681053,1.7345898611260737,0.059611588946571134,0.08068931966765522
Wang,SOX8_+_+,SOX8 (+),asd_da_proband,227,221,24839,86,67.0216,1.2831684099382392,1.026369098424923,1.5847025475785579,0.023659059947128476,0.04415054327323645
Wang,SOX8_+_+,SOX8 (+),proband,227,221,38680,127,104.3679,1.2168486679841461,1.0144319078095576,1.4478190494958556,0.031057792083078413,0.04656628221654726
Wang,SOX8_+_+,SOX8 (+),sibling,227,221,9567,29,25.8141,1.1234184173542554,0.7523709454781371,1.6134162427552279,0.4906785331466367,1
Wang,SOX8_-_+,SOX8 (-),asd_d_proband,61,58,13841,100,19.6703,5.083818487909443,4.136397629715453,6.1832854290708665,9.165065661456969e-38,4.9323106989676635e-37
Wang,SOX8_-_+,SOX8 (-),asd_da_proband,61,58,24839,67,35.3002,1.8980087053856267,1.4709306766801182,2.4104039634358636,1.8493000332782116e-6,6.691858133240708e-6
Wang,SOX8_-_+,SOX8 (-),proband,61,58,38680,161,54.9704,2.9288485528117603,2.4939074409606334,3.4178299446898093,3.8588268606173068e-31,2.0383895592427532e-30
Wang,SOX8_-_+,SOX8 (-),sibling,61,58,9567,18,13.5962,1.3238971155438306,0.7846253348868522,2.0923282089923716,0.2207473914659211,1
Wang,SOX9_+_+,SOX9 (+),asd_d_proband,348,335,13841,125,53.5748,2.3331858014566715,1.9421233117852463,2.7798855521052737,8.74540060617178e-17,2.5370771550196255e-16
Wang,SOX9_+_+,SOX9 (+),asd_da_proband,348,335,24839,114,96.1451,1.1857073838037422,0.9780623768804576,1.4243967660455987,0.07396527425607294,0.12067455872125193
Wang,SOX9_+_+,SOX9 (+),proband,348,335,38680,229,149.72,1.5295222443129786,1.3378214883880581,1.7409827220850742,1.6485395908132606e-9,3.985134900673581e-9
Wang,SOX9_+_+,SOX9 (+),sibling,348,335,9567,35,37.0313,0.9451463269394065,0.6583290469427596,1.3144697443158386,0.8054115587692956,1
Wang,SOX9_-_+,SOX9 (-),asd_d_proband,50,49,13841,44,14.7862,2.975740064807473,2.1621772865511275,3.994792143004712,6.286610890666482e-10,1.455984310229202e-9
Wang,SOX9_-_+,SOX9 (-),asd_da_proband,50,49,24839,45,26.5353,1.6958529481360056,1.236966777246797,2.2691846704327636,8.968275247817307e-4,0.002225314891161701
Wang,SOX9_-_+,SOX9 (-),proband,50,49,38680,83,41.3216,2.0086367829692464,1.5998679855165188,2.490007502718416,9.161053305386508e-9,2.1375791045901852e-8
Wang,SOX9_-_+,SOX9 (-),sibling,50,49,9567,5,10.2204,0.48921978768161667,0.1588483334155456,1.1416757884889663,0.11601322833701398,1
Wang,SP1_+_+,SP1 (+),asd_d_proband,17,17,13841,5,2.8125,1.777807040954529,0.5772491070492759,4.148808585363088,0.21432607365153333,0.2626614367962686
Wang,SP1_+_+,SP1 (+),asd_da_proband,17,17,24839,11,5.0472,2.179418654473755,1.087957939914811,3.8995819903601063,0.020999050136555862,0.03957917797023634
Wang,SP1_+_+,SP1 (+),proband,17,17,38680,16,7.8597,2.035708562883279,1.163583335732534,3.3058631686706565,0.010459816518063809,0.016484324098219344
Wang,SP1_+_+,SP1 (+),sibling,17,17,9567,3,1.944,1.5432190187426553,0.3182488621394618,4.509940847912218,0.45129886447703144,1
Wang,SP3_+_+,SP3 (+),asd_d_proband,212,205,13841,331,52.1772,6.343762801371114,5.678682973624041,7.065337245589439,8.500591874924389e-147,2.1043687441479487e-145
Wang,SP3_+_+,SP3 (+),asd_da_proband,212,205,24839,182,93.637,1.9436751908815455,1.671540916431122,2.2474863992098375,5.554940162337374e-16,5.314853765490589e-15
Wang,SP3_+_+,SP3 (+),proband,212,205,38680,479,145.8143,3.2850006426015828,2.997367345864178,3.5927882273730494,4.988664641712465e-105,1.0349211556716223e-103
Wang,SP3_+_+,SP3 (+),sibling,212,205,9567,31,36.0653,0.8595523474440573,0.584024117357294,1.2200659456003466,0.45325718924150626,1
Wang,SP3_-_+,SP3 (-),asd_d_proband,36,36,13841,28,10.4549,2.678165831198585,1.7796217452123757,3.870695298542057,5.084882542258065e-6,9.584702456980515e-6
Wang,SP3_-_+,SP3 (-),asd_da_proband,36,36,24839,18,18.7623,0.959368157869757,0.5685823719308642,1.5162152979654884,1,1
Wang,SP3_-_+,SP3 (-),proband,36,36,38680,44,29.2173,1.5059588785855216,1.094232026602865,2.021679503196411,0.009304704958033063,0.014745372718216285
Wang,SP3_-_+,SP3 (-),sibling,36,36,9567,8,7.2265,1.1070343970977503,0.47793887768294846,2.1812990843393076,0.707715436803874,1
Wang,SP4_+_+,SP4 (+),asd_d_proband,21,21,13841,7,4.1702,1.6785850457643026,0.6748782473761196,3.4585267402952664,0.20902534644381152,0.2570135054507793
Wang,SP4_+_+,SP4 (+),asd_da_proband,21,21,24839,13,7.4838,1.7370888121761758,0.9249266331182857,2.9704747722831315,0.06258614006138342,0.10483642749154583
Wang,SP4_+_+,SP4 (+),proband,21,21,38680,19,11.654,1.6303464941278272,0.9815750909372646,2.5459880051691948,0.038982826587716346,0.05754127443283874
Wang,SP4_+_+,SP4 (+),sibling,21,21,9567,3,2.8825,1.0407783729079294,0.21463352181025952,3.041596066788641,0.7673728661972578,1
Wang,SP5_+_+,SP5 (+),asd_d_proband,26,24,13841,7,4.9265,1.4208960566021445,0.5712739088216223,2.9275889352994025,0.358128904344048,0.4134254916469114
Wang,SP5_+_+,SP5 (+),asd_da_proband,26,24,24839,8,8.841,0.9048729736959866,0.39065992405266237,1.7829604880761056,1,1
Wang,SP5_+_+,SP5 (+),proband,26,24,38680,14,13.7675,1.0168884343035307,0.5559423696382645,1.7061660032118944,0.8924310857069835,0.9316229357654786
Wang,SP5_+_+,SP5 (+),sibling,26,24,9567,4,3.4052,1.1746702097645347,0.32005809676318453,3.0076222794146363,0.5890340021506314,1
Wang,SP7_+_+,SP7 (+),asd_d_proband,12,12,13841,0,1.5649,0,0,2.3572218391853696,NA,NA
Wang,SP7_+_+,SP7 (+),asd_da_proband,12,12,24839,2,2.8084,0.7121465085720439,0.08624424602941912,2.57251804904656,1,1
Wang,SP7_+_+,SP7 (+),proband,12,12,38680,2,4.3733,0.4573166268464581,0.055383165127320104,1.6519848971113624,0.3414059339462332,0.42445404705530443
Wang,SP7_+_+,SP7 (+),sibling,12,12,9567,2,1.0817,1.848960711447789,0.22391771998795248,6.679081825051479,0.29426063881629166,1
Wang,SP8_+_+,SP8 (+),asd_d_proband,49,47,13841,69,9.2546,7.455713153120828,5.800989858902496,9.435682171186214,3.074170064357441e-36,1.5854747461547172e-35
Wang,SP8_+_+,SP8 (+),asd_da_proband,49,47,24839,41,16.6084,2.4686374780229086,1.7715368754633418,3.3489854881936894,3.8528709513185235e-7,1.5656588557881496e-6
Wang,SP8_+_+,SP8 (+),proband,49,47,38680,103,25.863,3.9825233249747365,3.2506646158648267,4.829967767129067,2.5219469213466692e-30,1.2676393996724887e-29
Wang,SP8_+_+,SP8 (+),sibling,49,47,9567,6,6.3969,0.9379572511699673,0.3442137802285376,2.041538059314537,1,1
Wang,SP9_+_+,SP9 (+),asd_d_proband,42,41,13841,13,8.9637,1.4502967480349696,0.7722219375196439,2.4800516082796675,0.17780127510224086,0.22106096033917
Wang,SP9_+_+,SP9 (+),asd_da_proband,42,41,24839,24,16.0862,1.4919632431295955,0.9559290016459102,2.219923042435433,0.0595547746641961,0.10063365150178993
Wang,SP9_+_+,SP9 (+),proband,42,41,38680,37,25.0499,1.4770535751201666,1.0399820276562581,2.0359237871008333,0.021254660128169636,0.032465284077967276
Wang,SP9_+_+,SP9 (+),sibling,42,41,9567,6,6.1958,0.9684037576067739,0.3553871114888837,2.107807285962524,1,1
Wang,SPDEF_+_+,SPDEF (+),asd_d_proband,10,10,13841,1,1.9607,0.5100313917087251,0.012912876841241639,2.8417130327852873,1,1
Wang,SPDEF_+_+,SPDEF (+),asd_da_proband,10,10,24839,3,3.5186,0.852612161436507,0.1758291253075103,2.4916945472990273,1,1
Wang,SPDEF_+_+,SPDEF (+),proband,10,10,38680,4,5.4793,0.7300252836236261,0.19890731962328176,1.8691546693795253,0.671467334356588,0.7467292675447047
Wang,SPDEF_+_+,SPDEF (+),sibling,10,10,9567,0,1.3552,0,0,2.721968313830226,NA,NA
Wang,SPI1_+_+,SPI1 (+),asd_d_proband,21,21,13841,1,2.6071,0.38356313490795435,0.009710977799451861,2.137077005617709,0.5315615752517819,0.59453774581374
Wang,SPI1_+_+,SPI1 (+),asd_da_proband,21,21,24839,3,4.6787,0.6411969906511126,0.1322302344667983,1.8738497028451067,0.6409110084074051,0.7568917662049796
Wang,SPI1_+_+,SPI1 (+),proband,21,21,38680,4,7.2859,0.5490069648667008,0.14958592022197534,1.4056758785241394,0.3481072410091417,0.43079214966532614
Wang,SPI1_+_+,SPI1 (+),sibling,21,21,9567,2,1.8021,1.1098353402866095,0.1344062085367077,4.009106848086445,0.7027356908600086,1
Wang,SREBF1_+_+,SREBF1 (+),asd_d_proband,96,91,13841,23,15.1139,1.5217754302263722,0.9646750833482959,2.2834103301175164,0.051982279362217276,0.07131559015949512
Wang,SREBF1_+_+,SREBF1 (+),asd_da_proband,96,91,24839,28,27.1234,1.0323194843196624,0.6859688003261192,1.4919890799895694,0.8473113291804459,0.9166292106702301
Wang,SREBF1_+_+,SREBF1 (+),proband,96,91,38680,47,42.2373,1.1127602235723115,0.8176143575113356,1.479735200248849,0.44130298508069526,0.5283596075310317
Wang,SREBF1_+_+,SREBF1 (+),sibling,96,91,9567,12,10.4469,1.1486710420201627,0.593535089271686,2.00649714497364,0.6398219713039841,1
Wang,SREBF1_-_+,SREBF1 (-),asd_d_proband,16,15,13841,8,4.3033,1.8590528828509554,0.8026070831334614,3.6630752953406853,0.08479529650272977,0.11205451993361917
Wang,SREBF1_-_+,SREBF1 (-),asd_da_proband,16,15,24839,11,7.7226,1.4243863504314829,0.7110485341020437,2.548620637001278,0.20861215824131416,0.3078733681757434
Wang,SREBF1_-_+,SREBF1 (-),proband,16,15,38680,18,12.0259,1.496770673241085,0.8870811613319239,2.365542960434936,0.10913073753236328,0.14966126385147419
Wang,SREBF1_-_+,SREBF1 (-),sibling,16,15,9567,2,2.9744,0.6723934083709646,0.08142996116962445,2.428916182658294,1,1
Wang,SREBF2_+_+,SREBF2 (+),asd_d_proband,159,153,13841,160,44.2088,3.6191897295781748,3.080122792360294,4.225457130531898,3.526363501169726e-41,2.035424321400557e-40
Wang,SREBF2_+_+,SREBF2 (+),asd_da_proband,159,153,24839,156,79.3369,1.966297955671091,1.6698473216338148,2.3002067341521832,2.6771748026682283e-14,2.325023347855715e-13
Wang,SREBF2_+_+,SREBF2 (+),proband,159,153,38680,296,123.5457,2.395874595065132,2.1306805417794346,2.6849527259273582,2.0369433447107497e-39,1.2911957535083141e-38
Wang,SREBF2_+_+,SREBF2 (+),sibling,159,153,9567,29,30.5574,0.9490324464080001,0.6355819238525606,1.3629688994617564,0.8565038526222357,1
Wang,SREBF2_-_+,SREBF2 (-),asd_d_proband,76,74,13841,162,22.9221,7.067408834383212,6.020994176129334,8.243409382178115,2.4114440856292575e-79,2.686348711390993e-78
Wang,SREBF2_-_+,SREBF2 (-),asd_da_proband,76,74,24839,97,41.1359,2.358035265788147,1.912207751003653,2.8766030515041483,1.0938253563174503e-13,9.147620942832603e-13
Wang,SREBF2_-_+,SREBF2 (-),proband,76,74,38680,246,64.0581,3.8402660315835715,3.3753284066054254,4.35135230060011,6.294525519215484e-67,7.254599613560472e-66
Wang,SREBF2_-_+,SREBF2 (-),sibling,76,74,9567,18,15.8439,1.1360812709975032,0.6733137622623553,1.7954982023203037,0.5298015305892971,1
Wang,SRY_+_+,SRY (+),asd_d_proband,11,10,13841,2,1.7163,1.165283832741148,0.14112127821358986,4.20940586790154,0.6915321190975443,0.7508448154723825
Wang,SRY_+_+,SRY (+),asd_da_proband,11,10,24839,5,3.0801,1.6233235566015372,0.527088740180245,3.788295666122776,0.2443256688468683,0.3482874749092353
Wang,SRY_+_+,SRY (+),proband,11,10,38680,7,4.7964,1.4594215964683508,0.5867631739558089,3.0069662716743477,0.3515741766666385,0.433671497920686
Wang,SRY_+_+,SRY (+),sibling,11,10,9567,0,1.1863,0,0,3.109480828928539,NA,NA
Wang,STAT1_+_+,STAT1 (+),asd_d_proband,32,30,13841,9,2.3485,3.8321543617006335,1.7523049961270913,7.274622673906001,7.419752656129328e-4,0.0012281730251007534
Wang,STAT1_+_+,STAT1 (+),asd_da_proband,32,30,24839,3,4.2147,0.7117952751761136,0.146789297986755,2.0801678490737894,0.8057170968282468,0.8896904041702572
Wang,STAT1_+_+,STAT1 (+),proband,32,30,38680,12,6.5632,1.8283643061116328,0.9447425171793297,3.193784491800836,0.046683959450503264,0.06811559812407189
Wang,STAT1_+_+,STAT1 (+),sibling,32,30,9567,2,1.6233,1.2320325312776201,0.1492048552717236,4.450525117478077,0.6798135665453716,1
Wang,STAT2_+_+,STAT2 (+),asd_d_proband,60,60,13841,13,8.8818,1.4636652938050454,0.7793401251115112,2.5029122286888073,0.1748810135172332,0.2181606372432226
Wang,STAT2_+_+,STAT2 (+),asd_da_proband,60,60,24839,14,15.9393,0.8783342530257284,0.480193509424678,1.4736956301360589,0.8012098376539877,0.8865797047958331
Wang,STAT2_+_+,STAT2 (+),proband,60,60,38680,27,24.8211,1.087785311335618,0.7168573744973837,1.5826705170551507,0.6155000052942035,0.6939580099216266
Wang,STAT2_+_+,STAT2 (+),sibling,60,60,9567,4,6.1392,0.6515535400231769,0.17752641058372856,1.6682358392301395,0.5422527238577355,1
Wang,STAT3_+_+,STAT3 (+),asd_d_proband,67,64,13841,11,11.8952,0.9247412869366994,0.4616275186158539,1.6546176022116847,1,1
Wang,STAT3_+_+,STAT3 (+),asd_da_proband,67,64,24839,24,21.3471,1.124273996024509,0.7203435631174016,1.672830588339755,0.5160815519031118,0.6412656823944757
Wang,STAT3_+_+,STAT3 (+),proband,67,64,38680,34,33.2423,1.022792378454191,0.7083134547915126,1.429249831858768,0.8620835556512497,0.9074145175259002
Wang,STAT3_+_+,STAT3 (+),sibling,67,64,9567,6,8.2221,0.7297439580655581,0.26780317129737014,1.588345377241187,0.598293329689334,1
Wang,STAT5A_+_+,STAT5A (+),asd_d_proband,21,20,13841,3,2.5816,1.1620850978804718,0.23964988483035138,3.3961057944654436,0.7478978504112423,0.8042067619286911
Wang,STAT5A_+_+,STAT5A (+),asd_da_proband,21,20,24839,2,4.6329,0.43169799749758064,0.05228063026138168,1.5594415993509496,0.34551555862147354,0.46218846644981476
Wang,STAT5A_+_+,STAT5A (+),proband,21,20,38680,5,7.2144,0.6930549741366602,0.22503306362294834,1.6173591174905866,0.5734271977420948,0.6549353679917219
Wang,STAT5A_+_+,STAT5A (+),sibling,21,20,9567,0,1.7844,0,0,2.0672968146840365,NA,NA
Wang,STAT6_+_+,STAT6 (+),asd_d_proband,15,15,13841,1,1.8135,0.5514123301739033,0.013960551495512735,3.072272865095646,1,1
Wang,STAT6_+_+,STAT6 (+),asd_da_proband,15,15,24839,2,3.2545,0.6145253884566203,0.07442187549251388,2.21987699774291,0.778237204900512,0.8673541997361086
Wang,STAT6_+_+,STAT6 (+),proband,15,15,38680,3,5.0681,0.5919414215566439,0.12207255196809633,1.729904028026184,0.5034365614370483,0.589149863179151
Wang,STAT6_+_+,STAT6 (+),sibling,15,15,9567,1,1.2535,0.797752488965924,0.02019734433462859,4.4447923827520475,1,1
Wang,TAL1_+_+,TAL1 (+),asd_d_proband,59,58,13841,22,13.0407,1.6870234500109618,1.057248614426629,2.554173777283876,0.01816423378909453,0.02617717521481411
Wang,TAL1_+_+,TAL1 (+),asd_da_proband,59,58,24839,20,23.4028,0.85459784911564,0.522010568068265,1.3198570659148385,0.6039856131077879,0.7200631015825686
Wang,TAL1_+_+,TAL1 (+),proband,59,58,38680,41,36.4435,1.1250279148675266,0.8073394554106991,1.5262274004369583,0.4548938226612812,0.5394783426001244
Wang,TAL1_+_+,TAL1 (+),sibling,59,58,9567,7,9.0138,0.776583525761909,0.3122268544747633,1.6000588690443212,0.6179326564774327,1
Wang,TBR1_+_+,TBR1 (+),asd_d_proband,153,150,13841,117,28.3037,4.133740052391032,3.418715649695962,4.9541789581071365,1.2400361675074501e-35,6.33669858074908e-35
Wang,TBR1_+_+,TBR1 (+),asd_da_proband,153,150,24839,76,50.7936,1.4962503138849974,1.1788750661233571,1.8727803855894705,9.245629787887628e-4,0.0022891043926590205
Wang,TBR1_+_+,TBR1 (+),proband,153,150,38680,182,79.0973,2.3009633026313336,1.9788050624911013,2.6606213589624574,5.123226160178395e-23,2.0087976112589514e-22
Wang,TBR1_+_+,TBR1 (+),sibling,153,150,9567,19,19.5637,0.9711864102275909,0.5847176611657375,1.516627882556669,1,1
Wang,TBR1_-_+,TBR1 (-),asd_d_proband,26,25,13841,23,5.7188,4.021808383479238,2.549481520388706,6.034687264745519,4.350092061811627e-8,9.091937254893345e-8
Wang,TBR1_-_+,TBR1 (-),asd_da_proband,26,25,24839,14,10.263,1.3641274113119897,0.7457811495837424,2.2887740038306426,0.26986720543537507,0.37661319522439857
Wang,TBR1_-_+,TBR1 (-),proband,26,25,38680,36,15.9818,2.252563502187964,1.5776677839990496,3.1184973731564143,1.3396431325401667e-5,2.590733583437848e-5
Wang,TBR1_-_+,TBR1 (-),sibling,26,25,9567,3,3.9529,0.7589383319799873,0.15651132966430178,2.2179398665211005,1,1
Wang,TBX1_extended_+_+,TBX1 (+),asd_d_proband,10,10,13841,4,1.997,2.0030276170221293,0.5457576105524174,5.128546239753673,0.14233145342067718,0.18162341249786296
Wang,TBX1_extended_+_+,TBX1 (+),asd_da_proband,10,10,24839,2,3.5838,0.5580720891985042,0.06758511905014646,2.015948270266689,0.5960916665602264,0.7129104783331521
Wang,TBX1_extended_+_+,TBX1 (+),proband,10,10,38680,5,5.5807,0.89593799273537,0.2909086275191779,2.0908204043436154,1,1
Wang,TBX1_extended_+_+,TBX1 (+),sibling,10,10,9567,0,1.3803,0,0,2.6724716330670466,NA,NA
Wang,TCF12_+_+,TCF12 (+),asd_d_proband,908,880,13841,546,210.0249,2.599692204401765,2.386177513479315,2.8271861135180467,6.920090161582247e-83,8.471407076925959e-82
Wang,TCF12_+_+,TCF12 (+),asd_da_proband,908,880,24839,601,376.9097,1.5945462566824875,1.4695957653827423,1.7272812188578737,2.1376550490807282e-26,4.0223542506869034e-25
Wang,TCF12_+_+,TCF12 (+),proband,908,880,38680,1097,586.9346,1.869032787189428,1.7600535806415727,1.9829934096189894,1.4689701723295741e-78,2.0692530452198075e-77
Wang,TCF12_+_+,TCF12 (+),sibling,908,880,9567,144,145.1707,0.9919355973280357,0.8365421435852101,1.1678217113384688,0.9668920065789464,1
Wang,TCF12_-_+,TCF12 (-),asd_d_proband,1068,1039,13841,847,248.1293,3.4135426676350145,3.187497750021128,3.65138712311549,5.603915293848779e-194,2.080920545782513e-192
Wang,TCF12_-_+,TCF12 (-),asd_da_proband,1068,1039,24839,733,445.2918,1.6461115462200258,1.5290858121004973,1.7697179280138544,9.834049757363673e-36,3.000714101638807e-34
Wang,TCF12_-_+,TCF12 (-),proband,1068,1039,38680,1515,693.4211,2.184819490501954,2.076175332861249,2.2976737747420315,9.230230186968404e-160,3.1914220131305907e-158
Wang,TCF12_-_+,TCF12 (-),sibling,1068,1039,9567,171,171.5088,0.997033453461432,0.8531926256875929,1.1581817327727575,1,1
Wang,TCF3_-_+,TCF3 (-),asd_d_proband,60,58,13841,43,18.747,2.293698438699506,1.6599609332020937,3.0895967444193393,1.2631264029832592e-6,2.4686365139006156e-6
Wang,TCF3_-_+,TCF3 (-),asd_da_proband,60,58,24839,48,33.6433,1.4267321965756339,1.051959693835394,1.891639903009913,0.01935318792331182,0.03684612000913835
Wang,TCF3_-_+,TCF3 (-),proband,60,58,38680,90,52.3903,1.7178742743702575,1.3813737809604825,2.1115591360676915,2.2066930860294536e-6,4.490678840828637e-6
Wang,TCF3_-_+,TCF3 (-),sibling,60,58,9567,17,12.9581,1.311923403197225,0.7642437282529243,2.100516456538089,0.2631982471012744,1
Wang,TCF4_+_+,TCF4 (+),asd_d_proband,397,383,13841,516,113.3446,4.552488057872045,4.1681095348082655,4.962780205264873,3.685977517309739e-167,1.1097780957521756e-165
Wang,TCF4_+_+,TCF4 (+),asd_da_proband,397,383,24839,403,203.4078,1.9812419770320717,1.7925055388880087,2.1844457329840177,5.350837266035306e-35,1.4734378715497221e-33
Wang,TCF4_+_+,TCF4 (+),proband,397,383,38680,875,316.7524,2.762410205777133,2.582384313399917,2.9516776185128006,4.378443428478805e-146,1.3502172842957614e-144
Wang,TCF4_+_+,TCF4 (+),sibling,397,383,9567,72,78.3446,0.9190164914131713,0.7190738044774044,1.1573491742755795,0.5339074487870245,1
Wang,TCF4_-_+,TCF4 (-),asd_d_proband,393,388,13841,317,92.3869,3.431221918520945,3.063858451888124,3.8305042948341144,2.0419948441275185e-74,2.1664592917695768e-73
Wang,TCF4_-_+,TCF4 (-),asd_da_proband,393,388,24839,285,165.7972,1.7189678988408748,1.525171411877792,1.9305683352790441,4.3075080488789076e-17,4.649695644331939e-16
Wang,TCF4_-_+,TCF4 (-),proband,393,388,38680,571,258.1841,2.211600384445033,2.0338965495934165,2.4006723361195776,5.280733632036437e-63,5.57899729088294e-62
Wang,TCF4_-_+,TCF4 (-),sibling,393,388,9567,61,63.8585,0.9552368657603414,0.7306805124847287,1.227041716087678,0.8021443502883153,1
Wang,TCF7L1_+_+,TCF7L1 (+),asd_d_proband,210,203,13841,98,43.9381,2.230412376561899,1.8107565798363545,2.7181582789607126,2.5179496493432085e-12,6.463124215134411e-12
Wang,TCF7L1_+_+,TCF7L1 (+),asd_da_proband,210,203,24839,98,78.8511,1.2428494586735874,1.0090052667786535,1.5146354015497894,0.036876250857584364,0.06525593607870336
Wang,TCF7L1_+_+,TCF7L1 (+),proband,210,203,38680,185,122.7891,1.5066480792791586,1.297354471616133,1.740093310686587,1.513572804067058e-7,3.283244428594131e-7
Wang,TCF7L1_+_+,TCF7L1 (+),sibling,210,203,9567,32,30.3703,1.0536606559194592,0.7207031086530524,1.4874544627751358,0.716589065634852,1
Wang,TCF7L1_-_+,TCF7L1 (-),asd_d_proband,37,36,13841,59,10.9362,5.39494654850461,4.1068832751061946,6.959087981144928,3.0798605113997146e-24,1.117578048761981e-23
Wang,TCF7L1_-_+,TCF7L1 (-),asd_da_proband,37,36,24839,44,19.626,2.241925476560918,1.6289864833587042,3.009680309408037,2.152980103694932e-6,7.74112909895407e-6
Wang,TCF7L1_-_+,TCF7L1 (-),proband,37,36,38680,98,30.5621,3.2065809893561803,2.603257445246575,3.9077951480936135,2.88515917543292e-22,1.1159208878538852e-21
Wang,TCF7L1_-_+,TCF7L1 (-),sibling,37,36,9567,7,7.5592,0.9260296007727236,0.37231192757549225,1.9079749010388356,1,1
Wang,TCF7L2_+_+,TCF7L2 (+),asd_d_proband,165,164,13841,80,35.1055,2.2788480129997493,1.8069847467971076,2.836223614031779,6.374252498736389e-11,1.5369950830286445e-10
Wang,TCF7L2_+_+,TCF7L2 (+),asd_da_proband,165,164,24839,110,63.0001,1.7460288700593065,1.4350233837987676,2.104436962672681,7.005095215958721e-8,3.113682086148581e-7
Wang,TCF7L2_+_+,TCF7L2 (+),proband,165,164,38680,180,98.1056,1.8347583901975557,1.5765049407106448,2.123249957823583,1.0799983178049113e-13,3.159687386193343e-13
Wang,TCF7L2_+_+,TCF7L2 (+),sibling,165,164,9567,25,24.2651,1.0302842893517277,0.6667456692095414,1.5209028531025648,0.8388182644696194,1
Wang,TCF7L2_-_+,TCF7L2 (-),asd_d_proband,37,35,13841,46,9.3175,4.936934316415773,3.614456407363094,6.585178532285129,7.872655327962948e-18,2.3639186079112466e-17
Wang,TCF7L2_-_+,TCF7L2 (-),asd_da_proband,37,35,24839,31,16.7212,1.8539352946705756,1.2596590857172738,2.631513165079602,0.0013571296080763635,0.003198745986468088
Wang,TCF7L2_-_+,TCF7L2 (-),proband,37,35,38680,74,26.0387,2.8419225656668945,2.2315204671716393,3.5677735341288916,1.2926195793549914e-14,3.912145729559801e-14
Wang,TCF7L2_-_+,TCF7L2 (-),sibling,37,35,9567,6,6.4403,0.9316278494486577,0.3418910013488398,2.027761616421616,1,1
Wang,TCFL5_+_+,TCFL5 (+),asd_d_proband,92,90,13841,21,13.8268,1.5187845826809172,0.9401515944657749,2.3216235682392137,0.058948870792438504,0.07988934557515388
Wang,TCFL5_+_+,TCFL5 (+),asd_da_proband,92,90,24839,26,24.8136,1.047812546381652,0.684465943301575,1.5352881539059988,0.7630289559481707,0.8539796346847587
Wang,TCFL5_+_+,TCFL5 (+),proband,92,90,38680,43,38.6404,1.112823642810512,0.8053559881465723,1.4989661439058328,0.46836367755863906,0.5528933461437024
Wang,TCFL5_+_+,TCFL5 (+),sibling,92,90,9567,13,9.5572,1.3602286944483042,0.7242644922977914,2.3260324936020123,0.2542418788914413,1
Wang,TCFL5_-_+,TCFL5 (-),asd_d_proband,18,17,13841,26,5.7781,4.4997455687352765,2.939383199749978,6.593169829018238,6.235612493586381e-10,1.447181732886506e-9
Wang,TCFL5_-_+,TCFL5 (-),asd_da_proband,18,17,24839,12,10.3694,1.157255403262208,0.5979707539918281,2.0214922964952575,0.5346871616889934,0.6583007694077138
Wang,TCFL5_-_+,TCFL5 (-),proband,18,17,38680,38,16.1475,2.353310376900076,1.665342484618414,3.230102355150666,2.6314358335720795e-6,5.3329809699924375e-6
Wang,TCFL5_-_+,TCFL5 (-),sibling,18,17,9567,6,3.9939,1.5023030710583245,0.5513187498608304,3.2698813217393723,0.3059404236347345,1
Wang,TEAD1_+_+,TEAD1 (+),asd_d_proband,10,10,13841,9,3.8276,2.351338928611249,1.0751818855139026,4.463573715888191,0.016660657080753965,0.02413520414559157
Wang,TEAD1_+_+,TEAD1 (+),asd_da_proband,10,10,24839,16,6.869,2.3293034420536376,1.331398176760259,3.7826428586793828,0.0030436623311726305,0.0067643597871927166
Wang,TEAD1_+_+,TEAD1 (+),proband,10,10,38680,24,10.6966,2.2437009383597584,1.4375815274773036,3.338449145000942,3.37462230787678e-4,5.98824891646564e-4
Wang,TEAD1_+_+,TEAD1 (+),sibling,10,10,9567,4,2.6457,1.5119046774634237,0.41194313904776564,3.87107645574982,0.3449260472603369,1
Wang,TEAD1_-_+,TEAD1 (-),asd_d_proband,53,52,13841,51,15.3513,3.322195383096065,2.4735926748190136,4.368073389415207,6.114028860815549e-13,1.5913617175113368e-12
Wang,TEAD1_-_+,TEAD1 (-),asd_da_proband,53,52,24839,53,27.5494,1.9238190683404492,1.4410724972779316,2.5164027083267784,1.4208222258590684e-5,4.6361511358233764e-5
Wang,TEAD1_-_+,TEAD1 (-),proband,53,52,38680,101,42.9007,2.3542759778781637,1.917596449888733,2.860658729540753,3.5502468637384084e-14,1.0549040811264385e-13
Wang,TEAD1_-_+,TEAD1 (-),sibling,53,52,9567,13,10.610900000000001,1.2251521915953414,0.6523419434209339,2.095047559935729,0.4397161931021102,1
Wang,TEAD3_+_+,TEAD3 (+),asd_d_proband,25,23,13841,7,3.8521,1.8171948572256345,0.7306065805125349,3.7441159278172043,0.11707416433812715,0.15130002212607152
Wang,TEAD3_+_+,TEAD3 (+),asd_da_proband,25,23,24839,8,6.9129,1.1572489814455382,0.4996179710782537,2.2802418336752504,0.5693996158097439,0.6879213961649846
Wang,TEAD3_+_+,TEAD3 (+),proband,25,23,38680,15,10.765,1.3933997277400654,0.779875250112866,2.2982009493172,0.21821520548133114,0.2844204840181762
Wang,TEAD3_+_+,TEAD3 (+),sibling,25,23,9567,0,2.6626,0,0,1.3854460450399209,NA,NA
Wang,TEAD4_+_+,TEAD4 (+),asd_d_proband,10,10,13841,0,0.9695,0,0,3.8048613602047796,NA,NA
Wang,TEAD4_+_+,TEAD4 (+),asd_da_proband,10,10,24839,1,1.7399,0.5747483516882158,0.014551368407329356,3.2022928551366734,1,1
Wang,TEAD4_+_+,TEAD4 (+),proband,10,10,38680,1,2.7094,0.369084134115398,0.009344401237581538,2.0564051765444633,0.5349414294288535,0.6184074680631426
Wang,TEAD4_+_+,TEAD4 (+),sibling,10,10,9567,0,0.6701,0,0,5.5046604041595435,NA,NA
Wang,TFAP2A_+_+,TFAP2A (+),asd_d_proband,22,22,13841,22,3.4928,6.298724460657376,3.9473770851506877,9.536344528964941,2.8382693829773378e-11,6.97976179390012e-11
Wang,TFAP2A_+_+,TFAP2A (+),asd_da_proband,22,22,24839,11,6.2681,1.754914554932943,0.8760470229031684,3.1400268961585764,0.06848393435885552,0.11205559694369259
Wang,TFAP2A_+_+,TFAP2A (+),proband,22,22,38680,32,9.7609,3.278392225625975,2.242417855425025,4.628111640440163,1.427401581345356e-8,3.283599202248087e-8
Wang,TFAP2A_+_+,TFAP2A (+),sibling,22,22,9567,1,2.4142,0.41421099641741377,0.010486914472277464,2.3078359606432994,0.7393602608419969,1
Wang,TFAP2C_+_+,TFAP2C (+),asd_d_proband,250,242,13841,92,47.2104,1.9487242761931918,1.5709468071468893,2.3899373331433686,6.27455702821384e-9,1.3625451324425374e-8
Wang,TFAP2C_+_+,TFAP2C (+),asd_da_proband,250,242,24839,102,84.7235,1.2039157636450817,0.9816494278030055,1.46147159471323,0.06448080651677332,0.1074501461897437
Wang,TFAP2C_+_+,TFAP2C (+),proband,250,242,38680,186,131.9339,1.4097967839415197,1.214464409837419,1.6276053152931704,8.533945381557234e-6,1.6644840479242398e-5
Wang,TFAP2C_+_+,TFAP2C (+),sibling,250,242,9567,34,32.6322,1.0419171336601576,0.7215579037308502,1.4559747603371944,0.7924091839153359,1
Wang,TFAP2C_-_+,TFAP2C (-),asd_d_proband,25,25,13841,12,9.0939,1.3195686356079557,0.6818403696834354,2.3050208485169152,0.3163010138990638,0.3709045573511127
Wang,TFAP2C_-_+,TFAP2C (-),asd_da_proband,25,25,24839,31,16.3198,1.8995284097888439,1.290637395408004,2.6962289526346535,0.0010880319409701858,0.0026339787375413586
Wang,TFAP2C_-_+,TFAP2C (-),proband,25,25,38680,42,25.4137,1.6526505480629265,1.1910851499664854,2.2339034372807323,0.0026927137609406293,0.004485235622238333
Wang,TFAP2C_-_+,TFAP2C (-),sibling,25,25,9567,7,6.2858,1.1136288491528867,0.44773655516606786,2.2945010521083304,0.6881198032435727,1
Wang,TFCP2L1_+_+,TFCP2L1 (+),asd_d_proband,15,15,13841,3,2.957,1.0145509454832502,0.20922479574262062,2.964948394072304,0.7727689731164036,0.8269593045645279
Wang,TFCP2L1_+_+,TFCP2L1 (+),asd_da_proband,15,15,24839,5,5.3066,0.942227923590165,0.3059388420676344,2.198845661372142,1,1
Wang,TFCP2L1_+_+,TFCP2L1 (+),proband,15,15,38680,8,8.2635,0.9681075240560955,0.4179601146421583,1.9075577608986356,1,1
Wang,TFCP2L1_+_+,TFCP2L1 (+),sibling,15,15,9567,4,2.0439,1.957060678921803,0.533233167010625,5.010852621580852,0.15088040478801526,1
Wang,TFCP2_-_+,TFCP2 (-),asd_d_proband,19,17,13841,39,3.058,12.753370842713148,9.068893389466929,17.434277778324223,2.1327932880253247e-29,8.865416876344073e-29
Wang,TFCP2_-_+,TFCP2 (-),asd_da_proband,19,17,24839,19,5.4879,3.462161665583652,2.0844474864545792,5.406594306352076,5.209819471519524e-6,1.8085031350715952e-5
Wang,TFCP2_-_+,TFCP2 (-),proband,19,17,38680,57,8.5459,6.669852658590925,5.051681268752271,8.641567752250658,7.245396086979756e-28,3.360567859855245e-27
Wang,TFCP2_-_+,TFCP2 (-),sibling,19,17,9567,0,2.1137,0,0,1.7452053652202286,NA,NA
Wang,TFDP2_-_+,TFDP2 (-),asd_d_proband,24,23,13841,21,6.0389,3.477464157381311,2.152605122241013,5.315673359834013,1.6067017162877408e-6,3.118232947638577e-6
Wang,TFDP2_-_+,TFDP2 (-),asd_da_proband,24,23,24839,24,10.8374,2.2145626475560776,1.4189120747505708,3.2950936779878335,6.103328085483953e-4,0.00156282103006201
Wang,TFDP2_-_+,TFDP2 (-),proband,24,23,38680,44,16.8762,2.607216208329453,1.8944072882732181,3.500066066698904,2.8004299294197e-8,6.377825448039676e-8
Wang,TFDP2_-_+,TFDP2 (-),sibling,24,23,9567,4,4.1741,0.9582858019345215,0.2611006283915424,2.4535922542231865,1,1
Wang,TFEB_+_+,TFEB (+),asd_d_proband,457,448,13841,135,90.5309,1.491203918985687,1.250277299753226,1.7650203122844161,1.2004811887391864e-5,2.2104728004222373e-5
Wang,TFEB_+_+,TFEB (+),asd_da_proband,457,448,24839,208,162.4663,1.2802652686493985,1.1121795757603588,1.4665796495555645,5.501390431354946e-4,0.0014180524650684325
Wang,TFEB_+_+,TFEB (+),proband,457,448,38680,328,252.9972,1.2964569936036103,1.1599336563700413,1.4446325325614031,5.852807814452475e-6,1.1573749941577597e-5
Wang,TFEB_+_+,TFEB (+),sibling,457,448,9567,55,62.5756,0.8789368077360441,0.6621354896276621,1.1440570687436666,0.3758209314703005,1
Wang,TFEB_-_+,TFEB (-),asd_d_proband,120,117,13841,118,37.4422,3.1515245857008476,2.608600199728622,3.7741249526281875,7.733263629229298e-26,2.9006248090779255e-25
Wang,TFEB_-_+,TFEB (-),asd_da_proband,120,117,24839,119,67.1936,1.7710018495693847,1.4671281906760418,2.11926775405949,1.0715042868402967e-8,5.125967541706334e-8
Wang,TFEB_-_+,TFEB (-),proband,120,117,38680,229,104.6358,2.188543472750548,1.9142451160834444,2.4911153706706766,8.895299806903872e-26,3.9492362177732756e-25
Wang,TFEB_-_+,TFEB (-),sibling,120,117,9567,31,25.8803,1.1978214355413543,0.8138615509850794,1.7002119146783454,0.3238754981296767,1
Wang,TFEC_+_+,TFEC (+),asd_d_proband,12,12,13841,1,2.1922,0.45616071822986054,0.011548989474119368,2.5415648509313438,0.7316697628288495,0.7890417384233672
Wang,TFEC_+_+,TFEC (+),asd_da_proband,12,12,24839,6,3.9341,1.5251146586463624,0.559690200464681,3.3195325443257704,0.3011861785436813,0.4116697283000196
Wang,TFEC_+_+,TFEC (+),proband,12,12,38680,7,6.1263,1.1426071227284513,0.4593873240871969,2.3542073710116114,0.6824829465968776,0.756766804729871
Wang,TFEC_+_+,TFEC (+),sibling,12,12,9567,1,1.5153,0.6599477893821992,0.016708431411235097,3.676993739076067,1,1
Wang,TGIF1_+_+,TGIF1 (+),asd_d_proband,21,21,13841,2,4.3005,0.46506262964061656,0.056321242001506434,1.6799661225419185,0.4607124307944852,0.5215789104726184
Wang,TGIF1_+_+,TGIF1 (+),asd_da_proband,21,21,24839,6,7.7177,0.7774385269361618,0.2853062374838544,1.6921563744379997,0.7171671754333615,0.8228472978295378
Wang,TGIF1_+_+,TGIF1 (+),proband,21,21,38680,8,12.0181,0.6656599645145578,0.2873847255267057,1.3116154971187677,0.31074333739753557,0.39048254181782827
Wang,TGIF1_+_+,TGIF1 (+),sibling,21,21,9567,2,2.9725,0.6728265764456751,0.0814824198330564,2.430480934682,1,1
Wang,THRB_+_+,THRB (+),asd_d_proband,361,355,13841,310,96.1496,3.224142248506924,2.8751857046030427,3.6037749129272227,6.040969321561532e-67,5.340983987475831e-66
Wang,THRB_+_+,THRB (+),asd_da_proband,361,355,24839,270,172.5497,1.5647668108590642,1.3836703396427232,1.7629795456800375,6.11228473483752e-12,4.1076008723997384e-11
Wang,THRB_+_+,THRB (+),proband,361,355,38680,552,268.6993,2.054341226573252,1.8865165052325865,2.233091759827313,1.2525254650923143e-51,1.0356025765727035e-50
Wang,THRB_+_+,THRB (+),sibling,361,355,9567,59,66.4593,0.8877612959985016,0.6758050308827319,1.145147391093478,0.39048674845305636,1
Wang,THRB_-_+,THRB (-),asd_d_proband,503,490,13841,396,121.1543,3.268559460022775,2.9545204519599473,3.606891358107428,1.3763565952083897e-86,1.8698307891001784e-85
Wang,THRB_-_+,THRB (-),asd_da_proband,503,490,24839,397,217.423,1.8259339845586964,1.6507160792961248,2.014688300638812,1.0393167969624672e-27,2.172941969945603e-26
Wang,THRB_-_+,THRB (-),proband,503,490,38680,752,338.5773,2.2210587570119356,2.065129761272445,2.385641178881173,2.7315831010362517e-83,4.155648424376484e-82
Wang,THRB_-_+,THRB (-),sibling,503,490,9567,70,83.7427,0.8358934817053852,0.6516199768243064,1.0561011271654828,0.13998054717028502,1
Wang,TP53_+_+,TP53 (+),asd_d_proband,13,13,13841,6,3.3222,1.8060071921596146,0.6627728096965669,3.930917335081733,0.1558860841759855,0.19733761110459982
Wang,TP53_+_+,TP53 (+),asd_da_proband,13,13,24839,4,5.9621,0.6709058482408369,0.18279926324027151,1.7177854344013668,0.5409805133436464,0.6636164646244711
Wang,TP53_+_+,TP53 (+),proband,13,13,38680,9,9.2843,0.9693748273014953,0.4432598983947045,1.840175377244383,1,1
Wang,TP53_+_+,TP53 (+),sibling,13,13,9567,3,2.2964,1.306415048953759,0.2694141905729943,3.8178991588661297,0.5036202175659119,1
Wang,TWIST2_extended_+_+,TWIST2 (+),asd_d_proband,37,35,13841,11,5.2857,2.0811000088953335,1.038877626282026,3.7236627750100904,0.02472067718568045,0.035036684968000026
Wang,TWIST2_extended_+_+,TWIST2 (+),asd_da_proband,37,35,24839,10,9.4856,1.0542257675107807,0.5055422328692737,1.9387587213192716,0.7464616189622182,0.8423129095164089
Wang,TWIST2_extended_+_+,TWIST2 (+),proband,37,35,38680,21,14.7713,1.4216757772058064,0.8800397133305733,2.173182443641665,0.11590920649954012,0.15838611331254523
Wang,TWIST2_extended_+_+,TWIST2 (+),sibling,37,35,9567,5,3.6535,1.3685540837880361,0.44436578583417224,3.193748703630397,0.4243471640380622,1
Wang,UNCX_+_+,UNCX (+),asd_d_proband,23,23,13841,48,4.4778,10.719623809686205,7.903804377537437,14.212665973563178,1.7943786415340627e-32,8.434336736999771e-32
Wang,UNCX_+_+,UNCX (+),asd_da_proband,23,23,24839,26,8.0358,3.235526911557543,2.1135536000637116,4.740796582472895,3.855209582897304e-7,1.5656588557881496e-6
Wang,UNCX_+_+,UNCX (+),proband,23,23,38680,69,12.5136,5.5140208157428505,4.290237322302622,6.978346247250171,1.3697444374484836e-28,6.539240180454894e-28
Wang,UNCX_+_+,UNCX (+),sibling,23,23,9567,4,3.0951,1.2923792999361237,0.3521298621479529,3.309004300637991,0.5594483245335311,1
Wang,USF2_+_+,USF2 (+),asd_d_proband,30,29,13841,12,4.0362,2.9730984962762044,1.5362433776491402,5.193404748858389,9.871266631600066e-4,0.0016171457393533049
Wang,USF2_+_+,USF2 (+),asd_da_proband,30,29,24839,19,7.2433,2.6231010019600225,1.5792781557848796,4.096297143822911,1.9832917506336373e-4,5.461308259671649e-4
Wang,USF2_+_+,USF2 (+),proband,30,29,38680,31,11.2795,2.748341832333091,1.8673649343141685,3.9010518515472925,9.828889748657998e-7,2.0464896356238643e-6
Wang,USF2_+_+,USF2 (+),sibling,30,29,9567,2,2.7898,0.7168854096888427,0.08681814893971464,2.5896365892751096,1,1
Wang,VAX1_+_+,VAX1 (+),asd_d_proband,35,35,13841,6,2.8954,2.0722542580863568,0.7604807904420493,4.510425108588752,0.07374167107239439,0.09861731281470269
Wang,VAX1_+_+,VAX1 (+),asd_da_proband,35,35,24839,10,5.1961,1.9245320655805567,0.9228879312629404,3.5392829900306344,0.045046816632009996,0.0786056506608026
Wang,VAX1_+_+,VAX1 (+),proband,35,35,38680,14,8.0915,1.7302180136436822,0.9459262885162899,2.9030118284760738,0.04977279020246504,0.07216105923889785
Wang,VAX1_+_+,VAX1 (+),sibling,35,35,9567,2,2.0013,0.9993404824282521,0.12102476863436237,3.609961429628352,1,1
Wang,VAX2_+_+,VAX2 (+),asd_d_proband,13,12,13841,8,1.8587,4.304063147594961,1.858188973740114,8.480720226400026,6.898331022343791e-4,0.001146976232670296
Wang,VAX2_+_+,VAX2 (+),asd_da_proband,13,12,24839,8,3.3356,2.3983468749088876,1.0354359509455662,4.7256994506060135,0.020910709473939193,0.03947858026099891
Wang,VAX2_+_+,VAX2 (+),proband,13,12,38680,14,5.1943,2.695241508408952,1.4735136130823834,4.522157276026493,9.980346858646802e-4,0.0017098462110684686
Wang,VAX2_+_+,VAX2 (+),sibling,13,12,9567,3,1.2848,2.3350791010450718,0.4815494481909023,6.824092039436857,0.13939083567934465,1
Wang,VEZF1_+_+,VEZF1 (+),asd_d_proband,104,104,13841,65,21.0384,3.0895911279143173,2.3844812055153026,3.9379375154402902,1.2821808407908028e-14,3.570873641602386e-14
Wang,VEZF1_+_+,VEZF1 (+),asd_da_proband,104,104,24839,63,37.7554,1.6686358242417234,1.282225583200017,2.134910076908621,1.623583436967339e-4,4.5259893835459896e-4
Wang,VEZF1_+_+,VEZF1 (+),proband,104,104,38680,125,58.7938,2.1260754316214934,1.7697264640424573,2.5331228963251213,6.852959245909512e-14,2.0152645617481325e-13
Wang,VEZF1_+_+,VEZF1 (+),sibling,104,104,9567,10,14.5419,0.6876688424385439,0.3297639393712269,1.2646474851447047,0.292187350251215,1
Wang,VEZF1_-_+,VEZF1 (-),asd_d_proband,46,46,13841,33,11.7956,2.797650717870186,1.9257740260260054,3.928941763335171,3.0697456994478416e-7,6.128488726137805e-7
Wang,VEZF1_-_+,VEZF1 (-),asd_da_proband,46,46,24839,42,21.1684,1.9840938194868674,1.4299603066728357,2.6819184542275094,4.860725677030116e-5,1.455639068797613e-4
Wang,VEZF1_-_+,VEZF1 (-),proband,46,46,38680,72,32.964,2.184203267051306,1.7090045365512896,2.750642530565173,4.6731140935877065e-9,1.1131572402470925e-8
Wang,VEZF1_-_+,VEZF1 (-),sibling,46,46,9567,6,8.1532,0.7359062608406024,0.2700646278088103,1.6017581160761178,0.5975802078122749,1
Wang,VSX1_+_+,VSX1 (+),asd_d_proband,58,58,13841,18,11.7048,1.5378267534237822,0.9114135964466099,2.430429267466146,0.07678250566729924,0.10241655492318663
Wang,VSX1_+_+,VSX1 (+),asd_da_proband,58,58,24839,25,21.0054,1.190168020616021,0.7702139900402952,1.7569227803767666,0.3808422446708214,0.5040690436498914
Wang,VSX1_+_+,VSX1 (+),proband,58,58,38680,41,32.7103,1.253429081724235,0.8994823496040398,1.700418081854727,0.1604579852716437,0.21438239015801577
Wang,VSX1_+_+,VSX1 (+),sibling,58,58,9567,14,8.0905,1.7304323967686372,0.9460434937656342,2.903371526931796,0.04975144065125138,1
Wang,VSX2_+_+,VSX2 (+),asd_d_proband,10,10,13841,1,1.5134,0.6607522082045936,0.016728797532519428,3.681475673891407,1,1
Wang,VSX2_+_+,VSX2 (+),asd_da_proband,10,10,24839,6,2.716,2.2091399767526343,0.8107154366614228,4.808367689751426,0.05802530669746804,0.09823762670950238
Wang,VSX2_+_+,VSX2 (+),proband,10,10,38680,7,4.2294,1.6550749533691431,0.6654259708940117,3.4100869645325504,0.21206493841114982,0.2778026345891182
Wang,VSX2_+_+,VSX2 (+),sibling,10,10,9567,0,1.0461,0,0,3.5263448549719696,NA,NA
Wang,WT1_+_+,WT1 (+),asd_d_proband,12,11,13841,3,0.9858,3.043157271027827,0.6275721897239903,8.893396929757603,0.07771139569626316,0.1034295039493873
Wang,WT1_+_+,WT1 (+),asd_da_proband,12,11,24839,3,1.7691,1.69573411925988,0.3497011424763376,4.955654692410121,0.2611314664340726,0.3676027750674164
Wang,WT1_+_+,WT1 (+),proband,12,11,38680,6,2.755,2.177887269301766,0.7992462438377399,4.740343702903428,0.06125203209694473,0.08779970932489188
Wang,WT1_+_+,WT1 (+),sibling,12,11,9567,2,0.6814,2.935113047510272,0.3554558068412205,10.602637518861572,0.14936755146789768,1
Wang,XBP1_+_+,XBP1 (+),asd_d_proband,11,11,13841,12,2.0314,5.90718300886791,3.052327660621097,10.318659919627544,1.5988921705481314e-6,3.1084919336660007e-6
Wang,XBP1_+_+,XBP1 (+),asd_da_proband,11,11,24839,7,3.6456,1.9201297696504998,0.7719917539753883,3.9562011885727895,0.10320254099464715,0.16410657575064316
Wang,XBP1_+_+,XBP1 (+),proband,11,11,38680,18,5.677,3.1706820072029758,1.8791471047955368,5.011044534748594,2.8371221366653124e-5,5.341842174810431e-5
Wang,XBP1_+_+,XBP1 (+),sibling,11,11,9567,0,1.4041,0,0,2.6271528307740954,NA,NA
Wang,YBX1_+_+,YBX1 (+),asd_d_proband,118,112,13841,79,14.6259,5.401383256177926,4.276325989876811,6.731735143453495,6.737312622434245e-32,3.1142598594986504e-31
Wang,YBX1_+_+,YBX1 (+),asd_da_proband,118,112,24839,39,26.2475,1.485853086434404,1.056586795716302,2.0312100828996846,0.018490711708402302,0.0353232039234961
Wang,YBX1_+_+,YBX1 (+),proband,118,112,38680,111,40.8734,2.7157005769547644,2.2340509655919707,3.270404008161543,1.1710232419332197e-19,4.228283288119632e-19
Wang,YBX1_+_+,YBX1 (+),sibling,118,112,9567,14,10.1095,1.3848337297151752,0.7571014865363755,2.32351568769628,0.20670510686441174,1
Wang,YBX1_-_+,YBX1 (-),asd_d_proband,11,11,13841,10,4.1829,2.390700739195698,1.1464339300574502,4.3965837783723964,0.010841987898683146,0.016168640587862146
Wang,YBX1_-_+,YBX1 (-),asd_da_proband,11,11,24839,8,7.5066,1.065733368693028,0.4601080250783192,2.0999195936227806,0.8535806869517234,0.9204322784799386
Wang,YBX1_-_+,YBX1 (-),proband,11,11,38680,17,11.6894,1.4543038051461479,0.847185559270201,2.3284812726648276,0.13967850358986805,0.18771869563726673
Wang,YBX1_-_+,YBX1 (-),sibling,11,11,9567,1,2.8912,0.345873198821027,0.008756751234662878,1.9270821223140708,0.38279720055412403,1
Wang,ZBTB16_+_+,ZBTB16 (+),asd_d_proband,12,12,13841,50,6.1042,8.19105770431564,6.079560908726306,10.798888430898023,1.5944463252655468e-28,6.366355578300427e-28
Wang,ZBTB16_+_+,ZBTB16 (+),asd_da_proband,12,12,24839,22,10.9546,2.008288138072806,1.2585834840251404,3.0405723758389316,0.003401951593213327,0.007472380055910207
Wang,ZBTB16_+_+,ZBTB16 (+),proband,12,12,38680,66,17.0588,3.8689660595856066,2.992258070196922,4.922273453865923,1.9547760081481247e-19,6.9699982040531565e-19
Wang,ZBTB16_+_+,ZBTB16 (+),sibling,12,12,9567,6,4.2193,1.4220436461013832,0.5218649554273022,3.095190342524795,0.32678314899097793,1
Wang,ZBTB18_+_+,ZBTB18 (+),asd_d_proband,265,259,13841,320,62.0961,5.153301246827028,4.604082452772944,5.750005060008735,3.8051719410980466e-118,7.707202804333134e-117
Wang,ZBTB18_+_+,ZBTB18 (+),asd_da_proband,265,259,24839,243,111.4374,2.180595880147134,1.9150215539983428,2.472701414232551,3.950150805570797e-27,7.824070630683211e-26
Wang,ZBTB18_+_+,ZBTB18 (+),proband,265,259,38680,537,173.5335,3.0945025249877003,2.838273613435553,3.367652250595335,6.441564903629226e-108,1.4411422656943032e-106
Wang,ZBTB18_+_+,ZBTB18 (+),sibling,265,259,9567,55,42.9213,1.2814153929697492,0.9653374408405189,1.667938269760398,0.06691316748667972,1
Wang,ZBTB18_-_+,ZBTB18 (-),asd_d_proband,85,82,13841,50,22.0966,2.2627871737358216,1.6794842550020777,2.9832027943309165,3.069490949165087e-7,6.128488726137805e-7
Wang,ZBTB18_-_+,ZBTB18 (-),asd_da_proband,85,82,24839,62,39.6545,1.5635031288248362,1.1987288835961065,2.0043404486368983,0.0010561481135210275,0.002569808664149224
Wang,ZBTB18_-_+,ZBTB18 (-),proband,85,82,38680,107,61.7512,1.732760283386501,1.4200388683891398,2.093863433905819,1.5051438834769284e-7,3.271179373423191e-7
Wang,ZBTB18_-_+,ZBTB18 (-),sibling,85,82,9567,14,15.2734,0.9166286647924847,0.5011294206842992,1.5379471460992495,0.8978159190656654,1
Wang,ZBTB1_extended_+_+,ZBTB1 (+),asd_d_proband,33,31,13841,15,7.479,2.005622813090523,1.1225318635076027,3.307969824633646,0.014814134316649455,0.021600714173753262
Wang,ZBTB1_extended_+_+,ZBTB1 (+),asd_da_proband,33,31,24839,25,13.4217,1.862650492906715,1.2054091887376088,2.7496395686837434,0.0037443151632623206,0.008176657290760465
Wang,ZBTB1_extended_+_+,ZBTB1 (+),proband,33,31,38680,39,20.9007,1.8659655099680306,1.326883887171772,2.550836279033055,3.8979889410368455e-4,6.877955633703717e-4
Wang,ZBTB1_extended_+_+,ZBTB1 (+),sibling,33,31,9567,3,5.1695,0.5803245605934134,0.11967687595692804,1.6959546306002269,0.5050318912862795,1
Wang,ZBTB20_+_+,ZBTB20 (+),asd_d_proband,537,530,13841,337,124.779,2.7007746081003012,2.4200876429392926,3.0050814037088656,1.9564582035188975e-55,1.424506169098073e-54
Wang,ZBTB20_+_+,ZBTB20 (+),asd_da_proband,537,530,24839,336,223.9279,1.5004830005939338,1.3443148397761275,1.669813153936924,3.080588812749136e-12,2.1337329874808435e-11
Wang,ZBTB20_+_+,ZBTB20 (+),proband,537,530,38680,639,348.7069,1.8324844683999044,1.6931382102145451,1.9802413726854406,4.231496938565286e-44,3.0557835486727797e-43
Wang,ZBTB20_+_+,ZBTB20 (+),sibling,537,530,9567,82,86.2482,0.9507448641173911,0.7561556051534402,1.1801250615413066,0.7060772026649822,1
Wang,ZBTB20_-_+,ZBTB20 (-),asd_d_proband,701,685,13841,752,181.5904,4.141188172492837,3.8504568665935786,4.448053885384669,8.517501300622167e-219,4.993945499417418e-217
Wang,ZBTB20_-_+,ZBTB20 (-),asd_da_proband,701,685,24839,565,325.8814,1.7337598177444902,1.5937286468708758,1.8827981967360718,4.0141805506323e-33,1.0790499623009206e-31
Wang,ZBTB20_-_+,ZBTB20 (-),proband,701,685,38680,1262,507.4718,2.486837928752812,2.3515100516899046,2.62792332905248,5.298836410283029e-174,2.0153241147109785e-172
Wang,ZBTB20_-_+,ZBTB20 (-),sibling,701,685,9567,109,125.5166,0.8684110021103402,0.7130557948464762,1.0475621329741576,0.15292012366200153,1
Wang,ZBTB33_+_+,ZBTB33 (+),asd_d_proband,15,14,13841,2,1.7065,1.1719801792386386,0.14193223684060863,4.233595373881153,0.6902720974308449,0.7502079185736208
Wang,ZBTB33_+_+,ZBTB33 (+),asd_da_proband,15,14,24839,7,3.0625,2.285712863357904,0.9189751184311661,4.70944208546832,0.03675834701929025,0.06514940939525697
Wang,ZBTB33_+_+,ZBTB33 (+),proband,15,14,38680,9,4.769,1.8871819926005424,0.8629397780227896,3.582459268959761,0.06254185017851922,0.08931195375931218
Wang,ZBTB33_+_+,ZBTB33 (+),sibling,15,14,9567,0,1.1796,0,0,3.127349575128191,NA,NA
Wang,ZBTB37_+_+,ZBTB37 (+),asd_d_proband,28,28,13841,3,3.7557,0.7987753603823556,0.16472668264148368,2.3343605686179822,1,1
Wang,ZBTB37_+_+,ZBTB37 (+),asd_da_proband,28,28,24839,7,6.7401,1.0385676871232778,0.417558075020314,2.139846370361875,0.8460145788534067,0.9166292106702301
Wang,ZBTB37_+_+,ZBTB37 (+),proband,28,28,38680,10,10.4958,0.9527619582085647,0.4568863924498353,1.752163163474557,1,1
Wang,ZBTB37_+_+,ZBTB37 (+),sibling,28,28,9567,2,2.596,0.7704156484479415,0.0933009091947784,2.7830062171817,1,1
Wang,ZBTB42_+_+,ZBTB42 (+),asd_d_proband,16,15,13841,2,2.0456,0.977687750671422,0.11840252236569845,3.531744317580299,1,1
Wang,ZBTB42_+_+,ZBTB42 (+),asd_da_proband,16,15,24839,5,3.6711,1.3619888237291309,0.4422340637635281,3.1784275767195127,0.42608029651454304,0.5513407813821312
Wang,ZBTB42_+_+,ZBTB42 (+),proband,16,15,38680,7,5.7167,1.2244730235173484,0.49230166213857735,2.522882415336125,0.5266291413890297,0.6118980145874571
Wang,ZBTB42_+_+,ZBTB42 (+),sibling,16,15,9567,1,1.414,0.7072319513454141,0.017905562744517833,3.9404442275744973,1,1
Wang,ZBTB44_-_+,ZBTB44 (-),asd_d_proband,53,52,13841,89,18.7004,4.759254603243283,3.822072247641705,5.856672320141856,9.044810057169091e-32,4.163602646151392e-31
Wang,ZBTB44_-_+,ZBTB44 (-),asd_da_proband,53,52,24839,62,33.5597,1.8474554846634335,1.4164335266080617,2.368354553757887,8.950738006117151e-6,3.0075545264601973e-5
Wang,ZBTB44_-_+,ZBTB44 (-),proband,53,52,38680,143,52.2601,2.736314253447797,2.306220668454282,3.22333870536575,4.08275886106709e-25,1.744729535759382e-24
Wang,ZBTB44_-_+,ZBTB44 (-),sibling,53,52,9567,16,12.9259,1.2378288750255084,0.7075261546418194,2.0101565428737103,0.4006364433332988,1
Wang,ZBTB7A_+_+,ZBTB7A (+),asd_d_proband,133,129,13841,146,30.7158,4.753253937964566,4.013522689872503,5.589820939198125,7.02558573151441e-51,4.772257624943325e-50
Wang,ZBTB7A_+_+,ZBTB7A (+),asd_da_proband,133,129,24839,107,55.1224,1.9411330309175552,1.5908053635842128,2.34566056987494,5.560976627949e-10,3.1080904024526835e-9
Wang,ZBTB7A_+_+,ZBTB7A (+),proband,133,129,38680,242,85.8382,2.819256108568895,2.4752140369452476,3.1977431616412546,3.05646316342156e-43,2.1527311539901232e-42
Wang,ZBTB7A_+_+,ZBTB7A (+),sibling,133,129,9567,17,21.231,0.800716498237555,0.46644686754985815,1.2820246803057365,0.4458617204393346,1
Wang,ZBTB7A_-_+,ZBTB7A (-),asd_d_proband,32,31,13841,53,6.9232,7.655407650453239,5.734425654713883,10.013461692925166,9.079912132646317e-29,3.6516325327682303e-28
Wang,ZBTB7A_-_+,ZBTB7A (-),asd_da_proband,32,31,24839,34,12.4244,2.7365584612887313,1.8951462865649245,3.8240661575713775,3.3601382687930174e-7,1.3895956430283212e-6
Wang,ZBTB7A_-_+,ZBTB7A (-),proband,32,31,38680,80,19.3476,4.134885067215207,3.278706698996443,5.146222390454979,6.178358387845759e-25,2.620634542948703e-24
Wang,ZBTB7A_-_+,ZBTB7A (-),sibling,32,31,9567,5,4.7854,1.0448504912713248,0.3392601104575082,2.4383325010794494,0.8175302805218179,1
Wang,ZBTB7B_+_+,ZBTB7B (+),asd_d_proband,13,13,13841,7,2.6398,2.651677475203446,1.0661118729657237,5.463469055542559,0.018472971880637137,0.02658771405042606
Wang,ZBTB7B_+_+,ZBTB7B (+),asd_da_proband,13,13,24839,7,4.7374,1.4775903995447042,0.5940679751084417,3.044400950028768,0.25078540170186414,0.3556993951273927
Wang,ZBTB7B_+_+,ZBTB7B (+),proband,13,13,38680,14,7.3773,1.8977180938102844,1.0375001410069995,3.184048501403972,0.024327954654499613,0.03701092834771208
Wang,ZBTB7B_+_+,ZBTB7B (+),sibling,13,13,9567,1,1.8247,0.5480426456164927,0.013875238468920588,3.0534981844018008,1,1
Wang,ZBTB7C_+_+,ZBTB7C (+),asd_d_proband,32,32,13841,14,8.5713,1.633365407213598,0.8929760673238721,2.7405096120685783,0.08293842741696175,0.10999215255058975
Wang,ZBTB7C_+_+,ZBTB7C (+),asd_da_proband,32,32,24839,23,15.3819,1.4952593094632243,0.9478661373637638,2.243623129678744,0.05565808907651623,0.09488208866536738
Wang,ZBTB7C_+_+,ZBTB7C (+),proband,32,32,38680,35,23.9532,1.4611821743306235,1.0177669222413417,2.0321506885720257,0.031036104294510748,0.04656628221654726
Wang,ZBTB7C_+_+,ZBTB7C (+),sibling,32,32,9567,4,5.9245,0.6751604653270441,0.18395850320034554,1.7286789439434362,0.676862029134143,1
Wang,ZEB1_+_+,ZEB1 (+),asd_d_proband,234,232,13841,154,66.6813,2.309493895620778,1.9591412018224625,2.7044214456404116,6.32330212524352e-20,2.0417850920351537e-19
Wang,ZEB1_+_+,ZEB1 (+),asd_da_proband,234,232,24839,196,119.6659,1.6378930132966145,1.416606810487212,1.8839444280681725,1.6663861246840483e-10,9.849999658472726e-10
Wang,ZEB1_+_+,ZEB1 (+),proband,234,232,38680,337,186.3472,1.8084520655880723,1.6205026823234983,2.012217404406141,3.1506465782013405e-23,1.256953757247458e-22
Wang,ZEB1_+_+,ZEB1 (+),sibling,234,232,9567,40,46.0906,0.8678562268101575,0.6200092121121318,1.181773860840444,0.4173867320660102,1
Wang,ZEB1_-_+,ZEB1 (-),asd_d_proband,139,135,13841,120,33.7748,3.5529462390112605,2.9457455247055577,4.24845279684637,1.19986877109438e-30,5.304181789679125e-30
Wang,ZEB1_-_+,ZEB1 (-),asd_da_proband,139,135,24839,86,60.6121,1.4188588794829762,1.1349039593308188,1.7522791736116325,0.001982953996819572,0.0045503151674985715
Wang,ZEB1_-_+,ZEB1 (-),proband,139,135,38680,194,94.3869,2.055370519964246,1.7763062453728173,2.3658364498030453,2.769254344852335e-19,9.843362017060791e-19
Wang,ZEB1_-_+,ZEB1 (-),sibling,139,135,9567,18,23.3454,0.7710305565091699,0.45696157315101765,1.2185606905839752,0.30108252326358065,1
Wang,ZEB2_+_+,ZEB2 (+),asd_d_proband,135,134,13841,137,33.6267,4.074139707904275,3.4205089530008,4.816299410869298,9.392349244190666e-41,5.393338689705362e-40
Wang,ZEB2_+_+,ZEB2 (+),asd_da_proband,135,134,24839,103,60.3464,1.7068129771205738,1.3931560716370561,2.0700071264647946,5.938519050830737e-7,2.3279819473569103e-6
Wang,ZEB2_+_+,ZEB2 (+),proband,135,134,38680,230,93.9731,2.447508391959048,2.141398089501309,2.7850988303387263,2.1647081383287604e-32,1.1874673008813056e-31
Wang,ZEB2_+_+,ZEB2 (+),sibling,135,134,9567,28,23.243,1.204661626163909,0.8004889019828695,1.7410714595816679,0.2994847243181832,1
Wang,ZEB2_-_+,ZEB2 (-),asd_d_proband,137,133,13841,90,29.4158,3.0595782126718998,2.4602621896367993,3.760741064621453,2.475964174622691e-19,7.813665978837614e-19
Wang,ZEB2_-_+,ZEB2 (-),asd_da_proband,137,133,24839,89,52.7895,1.6859411774949196,1.353949204833141,2.0746956930803906,4.8432763333445166e-6,1.6876725247981356e-5
Wang,ZEB2_-_+,ZEB2 (-),proband,137,133,38680,167,82.2053,2.0314985869659385,1.7350666737684204,2.3640504309691055,2.0942289820167184e-16,6.731028925298805e-16
Wang,ZEB2_-_+,ZEB2 (-),sibling,137,133,9567,13,20.3324,0.6393727123801645,0.3404390414722874,1.0933468104213981,0.11904917360629073,1
Wang,ZFHX2_+_+,ZFHX2 (+),asd_d_proband,14,14,13841,3,2.5736,1.1656908583236645,0.24039347931969907,3.406643356608626,0.7474463510385443,0.8042067619286911
Wang,ZFHX2_+_+,ZFHX2 (+),asd_da_proband,14,14,24839,5,4.6185,1.0825937148608933,0.35151523242088045,2.5264125943968914,0.8129312317551876,0.8928009344859988
Wang,ZFHX2_+_+,ZFHX2 (+),proband,14,14,38680,8,7.1921,1.11232865701881,0.48022456334137675,2.1917308869538767,0.7067349541445753,0.7807187468290357
Wang,ZFHX2_+_+,ZFHX2 (+),sibling,14,14,9567,1,1.7789,0.5621520912183492,0.014232458703433171,3.132110983739196,1,1
Wang,ZFHX3_-_+,ZFHX3 (-),asd_d_proband,26,26,13841,12,7.8947,1.5200115226112034,0.7854121343394986,2.655154233785307,0.14996753950160024,0.19071214498262862
Wang,ZFHX3_-_+,ZFHX3 (-),asd_da_proband,26,26,24839,9,14.1678,0.6352453646824047,0.2904746315609173,1.2058935776693307,0.2285722080955308,0.33212100764460006
Wang,ZFHX3_-_+,ZFHX3 (-),proband,26,26,38680,20,22.0624,0.9065184197027605,0.5537250014414102,1.400044176175712,0.7495162724077813,0.8175889740126946
Wang,ZFHX3_-_+,ZFHX3 (-),sibling,26,26,9567,4,5.4569,0.7330225248061624,0.19972396696859504,1.8768287972176547,0.8279523715900707,1
Wang,ZFP57_+_+,ZFP57 (+),asd_d_proband,19,19,13841,7,2.5458,2.7496061226771515,1.1054842682707682,5.66523949713168,0.015503977801389486,0.02251816332561654
Wang,ZFP57_+_+,ZFP57 (+),asd_da_proband,19,19,24839,5,4.5687,1.094399312831045,0.3553484779472306,2.553962921899033,0.8117230119085854,0.8923420452237516
Wang,ZFP57_+_+,ZFP57 (+),proband,19,19,38680,10,7.1145,1.405573140197018,0.6740269548088148,2.584899049132013,0.25729259876838256,0.32874675833675754
Wang,ZFP57_+_+,ZFP57 (+),sibling,19,19,9567,1,1.7597,0.568282314861719,0.014387662528536762,3.166266403786755,1,1
Wang,ZIC1_+_+,ZIC1 (+),asd_d_proband,44,44,13841,27,8.316,3.2467514673286137,2.139629675323516,4.723852923916837,2.1860596526613555e-7,4.411721835262228e-7
Wang,ZIC1_+_+,ZIC1 (+),asd_da_proband,44,44,24839,24,14.9239,1.6081623274973618,1.0303799475545012,2.392818069230337,0.026482775877620972,0.04861634791192533
Wang,ZIC1_+_+,ZIC1 (+),proband,44,44,38680,47,23.2399,2.0223864297626117,1.4859734796249648,2.689345220319032,1.545827349464513e-5,2.9693417605033828e-5
Wang,ZIC1_+_+,ZIC1 (+),sibling,44,44,9567,1,5.7481,0.17397104653455875,0.004404565550987918,0.9693046316389979,0.054589122963846104,1
Wang,ZIC1_-_+,ZIC1 (-),asd_d_proband,25,25,13841,58,8.8662,6.5417169908758135,4.967399976068664,8.45668618352408,6.568976427118873e-28,2.549769944184817e-27
Wang,ZIC1_-_+,ZIC1 (-),asd_da_proband,25,25,24839,32,15.9112,2.0111621989493638,1.3756334552735825,2.839160949386872,3.516191877371159e-4,9.340660304828325e-4
Wang,ZIC1_-_+,ZIC1 (-),proband,25,25,38680,85,24.7774,3.43054947491822,2.7402010757127093,4.241927551584705,2.697761236115183e-21,1.0158896271971695e-20
Wang,ZIC1_-_+,ZIC1 (-),sibling,25,25,9567,7,6.1284,1.1422298167461153,0.45923562751351066,2.3534299764837168,0.6825481773077331,1
Wang,ZIC2_+_+,ZIC2 (+),asd_d_proband,28,27,13841,32,4.8981,6.533210200772766,4.468710940973655,9.222943473112196,4.0066033109903034e-16,1.1473923106537784e-15
Wang,ZIC2_+_+,ZIC2 (+),asd_da_proband,28,27,24839,14,8.79,1.592714925928658,0.8707520709343727,2.672305011796899,0.0883683253409172,0.1427293838482053
Wang,ZIC2_+_+,ZIC2 (+),proband,28,27,38680,45,13.6881,3.2875333727865765,2.397949401035549,4.398978308386402,1.8396882746120553e-11,4.904402619935409e-11
Wang,ZIC2_+_+,ZIC2 (+),sibling,28,27,9567,3,3.3856,0.8861140089849467,0.18273801168874965,2.5896011625650437,1,1
Wang,ZIC3_+_+,ZIC3 (+),asd_d_proband,10,10,13841,3,1.763,1.7016373992916418,0.35091854073943674,4.972906581758659,0.25949472082218367,0.31177717727276566
Wang,ZIC3_+_+,ZIC3 (+),asd_da_proband,10,10,24839,5,3.1639,1.5803349063700642,0.5131304424641735,3.687974496814241,0.25524657661521777,0.36066756570535774
Wang,ZIC3_+_+,ZIC3 (+),proband,10,10,38680,8,4.9269,1.6237410026608492,0.7010161152119894,3.1994170836911726,0.16881253075865177,0.22371091474520519
Wang,ZIC3_+_+,ZIC3 (+),sibling,10,10,9567,0,1.2186,0,0,3.0271359487518943,NA,NA
Wang,ZIC4_+_+,ZIC4 (+),asd_d_proband,28,28,13841,24,4.2342,5.66811684362538,3.631669413097283,8.43370856911078,3.0964087121700605e-11,7.597795826778519e-11
Wang,ZIC4_+_+,ZIC4 (+),asd_da_proband,28,28,24839,13,7.5987,1.710819792839294,0.9109394866694276,2.9255539491876967,0.06515922633680898,0.10770829653624794
Wang,ZIC4_+_+,ZIC4 (+),proband,28,28,38680,35,11.8329,2.9578530928361566,2.0602530551106493,4.113657629347605,3.762151974066209e-8,8.50022851962286e-8
Wang,ZIC4_+_+,ZIC4 (+),sibling,28,28,9567,3,2.9267,1.0250392656085878,0.2113877395018044,2.9955997162662067,0.7705572175782001,1
Wang,ZIC5_+_+,ZIC5 (+),asd_d_proband,12,11,13841,5,2.407,2.077233637378486,0.6744721078760308,4.8475703774543,0.09675447907862074,0.12635930796434172
Wang,ZIC5_+_+,ZIC5 (+),asd_da_proband,12,11,24839,5,4.3197,1.1574938916605189,0.37583511595121155,2.7012046215364935,0.6282618412786445,0.7442892117561276
Wang,ZIC5_+_+,ZIC5 (+),proband,12,11,38680,10,6.7267,1.486607589191087,0.7128861228791628,2.733924285998979,0.24007882369385902,0.31022643016386536
Wang,ZIC5_+_+,ZIC5 (+),sibling,12,11,9567,1,1.6638,0.6010450668956961,0.015217143593569899,3.3488087746258337,1,1
Wang,ZNF100_+_+,ZNF100 (+),asd_d_proband,153,148,13841,138,35.923,3.8415468473286296,3.2273701271442317,4.538585273187444,2.13701581695385e-38,1.1727269064465955e-37
Wang,ZNF100_+_+,ZNF100 (+),asd_da_proband,153,148,24839,108,64.4673,1.6752675026295607,1.374254403260532,2.0226173160104515,7.29923721494687e-7,2.851501320302774e-6
Wang,ZNF100_+_+,ZNF100 (+),proband,153,148,38680,233,100.3903,2.320940311049602,2.032471977766337,2.638872411222613,1.2055800905868783e-29,5.98072557982447e-29
Wang,ZNF100_+_+,ZNF100 (+),sibling,153,148,9567,20,24.8303,0.805468827989262,0.4920012856281589,1.2439812773878363,0.42043469988794213,1
Wang,ZNF100_-_+,ZNF100 (-),asd_d_proband,39,39,13841,39,12.3625,3.154690184182276,2.2432931112869974,4.312565333032062,1.1808262450078674e-9,2.679104759549418e-9
Wang,ZNF100_-_+,ZNF100 (-),asd_da_proband,39,39,24839,42,22.1858,1.8931052462465552,1.3643837463224335,2.55892833586701,1.6574731088355422e-4,4.609081625308688e-4
Wang,ZNF100_-_+,ZNF100 (-),proband,39,39,38680,79,34.5483,2.2866526663896294,1.8103644498691667,2.8498514889867397,7.38907852781922e-11,1.9074521720003914e-10
Wang,ZNF100_-_+,ZNF100 (-),sibling,39,39,9567,8,8.5451,0.9362111068607503,0.4041895056381236,1.8447091034365786,1,1
Wang,ZNF121_+_+,ZNF121 (+),asd_d_proband,15,14,13841,2,2.868,0.6973489524942345,0.08445219333850908,2.519064188592658,1,1
Wang,ZNF121_+_+,ZNF121 (+),asd_da_proband,15,14,24839,7,5.1469,1.3600396143224143,0.5468064627360474,2.8022014052038697,0.3724096425251727,0.49639962976495866
Wang,ZNF121_+_+,ZNF121 (+),proband,15,14,38680,9,8.0149,1.1229066916139387,0.5134644432815678,2.131626680056389,0.7210905396237448,0.7949413581745826
Wang,ZNF121_+_+,ZNF121 (+),sibling,15,14,9567,1,1.9824,0.5044427120033814,0.012771383721576048,2.8105749024409343,1,1
Wang,ZNF124_+_+,ZNF124 (+),asd_d_proband,23,22,13841,10,5.6608,1.7665482133770674,0.8471285333601335,3.2487450609394664,0.08572395210390525,0.11314749128406451
Wang,ZNF124_+_+,ZNF124 (+),asd_da_proband,23,22,24839,9,10.1588,0.8859339924802443,0.4051054354117972,1.6817786813840048,0.8750459064451099,0.9426782713516499
Wang,ZNF124_+_+,ZNF124 (+),proband,23,22,38680,18,15.8195,1.137834252286287,0.6743526900722382,1.798268668512347,0.5292305230971129,0.6142950425776255
Wang,ZNF124_+_+,ZNF124 (+),sibling,23,22,9567,6,3.9128,1.533445833888491,0.5627475949464257,3.337666005434375,0.29957010599014033,1
Wang,ZNF124_-_+,ZNF124 (-),asd_d_proband,11,11,13841,7,2.2637,3.0922809631347628,1.2432573267949631,6.3712806369235775,0.008635285710778224,0.012999605786225596
Wang,ZNF124_-_+,ZNF124 (-),asd_da_proband,11,11,24839,8,4.0624,1.9692654206575257,0.850189034303142,3.8802379313260205,0.07214511942040915,0.11787531089094345
Wang,ZNF124_-_+,ZNF124 (-),proband,11,11,38680,15,6.3261,2.3711180091639226,1.3270967502218383,3.9107985677891484,0.0023038936499999107,0.0038714913912369633
Wang,ZNF124_-_+,ZNF124 (-),sibling,11,11,9567,2,1.5647,1.2782111368169824,0.15479729863765124,4.617338118454537,0.6727402554204611,1
Wang,ZNF148_+_+,ZNF148 (+),asd_d_proband,55,52,13841,70,13.8672,5.047877184954163,3.9350679078881794,6.377689145208548,8.55876238652795e-27,3.2540823544683063e-26
Wang,ZNF148_+_+,ZNF148 (+),asd_da_proband,55,52,24839,39,24.886,1.5671432922656607,1.1143920786790185,2.1423364703150587,0.008654530938651882,0.01783022888638317
Wang,ZNF148_+_+,ZNF148 (+),proband,55,52,38680,103,38.7533,2.65784082436324,2.1694158244292,3.223404978278597,9.347995133918013e-18,3.146331105545856e-17
Wang,ZNF148_+_+,ZNF148 (+),sibling,55,52,9567,10,9.5851,1.0432837300385338,0.5002951005885666,1.9186359248252995,0.8706250408985625,1
Wang,ZNF148_-_+,ZNF148 (-),asd_d_proband,44,44,13841,6,6.3901,0.9389558598282063,0.34458025200621467,2.043711609953026,1,1
Wang,ZNF148_-_+,ZNF148 (-),asd_da_proband,44,44,24839,13,11.4676,1.1336281970991091,0.6036092709832559,1.93853874196168,0.6553771779678084,0.7715545713510487
Wang,ZNF148_-_+,ZNF148 (-),proband,44,44,38680,19,17.8577,1.0639679121930448,0.6405781862486319,1.6615176909234461,0.7224044240146927,0.7956210886107764
Wang,ZNF148_-_+,ZNF148 (-),sibling,44,44,9567,6,4.4169,1.3584287713893806,0.49851941758315227,2.956727541900265,0.4660846163003691,1
Wang,ZNF184_+_+,ZNF184 (+),asd_d_proband,14,14,13841,13,2.8857,4.504919692093159,2.39868000649664,7.703549871903178,1.0819822457615097e-5,2.0022063484689733e-5
Wang,ZNF184_+_+,ZNF184 (+),asd_da_proband,14,14,24839,12,5.1787,2.317172193539121,1.197316685490161,4.047633500511752,0.007092100869353309,0.01491058078491599
Wang,ZNF184_+_+,ZNF184 (+),proband,14,14,38680,24,8.0645,2.976020688485948,1.906792609484438,4.428082884452575,4.2501690445767485e-6,8.492894710791716e-6
Wang,ZNF184_+_+,ZNF184 (+),sibling,14,14,9567,4,1.9946,2.005374032797402,0.5463969298788176,5.134553996061628,0.14191070803846714,1
Wang,ZNF189_-_+,ZNF189 (-),asd_d_proband,30,29,13841,25,8.6345,2.8953725031956212,1.8737324224062062,4.274140978773676,4.334829562220388e-6,8.240614560261966e-6
Wang,ZNF189_-_+,ZNF189 (-),asd_da_proband,30,29,24839,24,15.4954,1.5488488580080264,0.9923766884700745,2.3045643282266592,0.0404538940466654,0.07114088220979008
Wang,ZNF189_-_+,ZNF189 (-),proband,30,29,38680,47,24.1298,1.9477952310096562,1.4311666724148624,2.5901547387711137,3.6074436747442364e-5,6.747693824398645e-5
Wang,ZNF189_-_+,ZNF189 (-),sibling,30,29,9567,3,5.9682,0.5026635411317728,0.10366130669807144,1.4689961757686347,0.30356065052964587,1
Wang,ZNF207_+_+,ZNF207 (+),asd_d_proband,20,19,13841,16,6.0318,2.652590191500932,1.5161844871283898,4.307640285817654,5.381624916911514e-4,9.028810478071425e-4
Wang,ZNF207_+_+,ZNF207 (+),asd_da_proband,20,19,24839,15,10.8247,1.385717804180085,0.775575735810962,2.2855307846353377,0.21962127362387557,0.3215984668240668
Wang,ZNF207_+_+,ZNF207 (+),proband,20,19,38680,30,16.8566,1.7797230888329434,1.2007716944693905,2.5406653721826595,0.003167873903909797,0.005246072749435528
Wang,ZNF207_+_+,ZNF207 (+),sibling,20,19,9567,4,4.1693,0.9594047465392601,0.26140550313647004,2.4564571968212605,1,1
Wang,ZNF22_-_+,ZNF22 (-),asd_d_proband,11,10,13841,10,3.8872,2.572524189779147,1.233625342019417,4.730963577674182,0.006742205346603231,0.01032820800439532
Wang,ZNF22_-_+,ZNF22 (-),asd_da_proband,11,10,24839,16,6.976,2.2935742862906348,1.3109758771228597,3.7246209481573214,0.003262265050793285,0.007179526788198087
Wang,ZNF22_-_+,ZNF22 (-),proband,11,10,38680,26,10.8632,2.393391908167173,1.563443056461847,3.506873683611276,8.656563584518955e-5,1.5828748477461743e-4
Wang,ZNF22_-_+,ZNF22 (-),sibling,11,10,9567,3,2.6869,1.116535193186992,0.23025639941888226,3.262989643549286,0.7542072898126677,1
Wang,ZNF254_+_+,ZNF254 (+),asd_d_proband,26,25,13841,24,8.2076,2.924118812022221,1.8735380979004619,4.3508570063768,5.664114091668136e-6,1.0622597808279973e-5
Wang,ZNF254_+_+,ZNF254 (+),asd_da_proband,26,25,24839,35,14.7293,2.376211966232512,1.6551186990584579,3.3047356231159877,5.397855993063878e-6,1.863663430021137e-5
Wang,ZNF254_+_+,ZNF254 (+),proband,26,25,38680,56,22.9369,2.4414779329575746,1.8442661926306518,3.170462174922736,4.064036911502299e-9,9.7213126122099e-9
Wang,ZNF254_+_+,ZNF254 (+),sibling,26,25,9567,10,5.6732,1.7626880804327185,0.8452774495714437,3.2416461390178566,0.0861931269714559,1
Wang,ZNF254_-_+,ZNF254 (-),asd_d_proband,12,12,13841,5,3.2026,1.5612166221659118,0.506922787622602,3.643358799038057,0.2605112383079994,0.31238914905824683
Wang,ZNF254_-_+,ZNF254 (-),asd_da_proband,12,12,24839,6,5.7474,1.043945373037484,0.3831095529749331,2.2722295800186,0.8332329553745356,0.9080308944187747
Wang,ZNF254_-_+,ZNF254 (-),proband,12,12,38680,11,8.9501,1.2290423575045617,0.6135335166531254,2.199096274080383,0.499474257647019,0.5857144172407489
Wang,ZNF254_-_+,ZNF254 (-),sibling,12,12,9567,3,2.2137,1.3552084833739972,0.2794765697917064,3.9604942800570613,0.49025006377019875,1
Wang,ZNF273_+_+,ZNF273 (+),asd_d_proband,53,52,13841,23,11.8597,1.9393425824540855,1.2293768385335921,2.9099660820215143,0.003236057841772449,0.0051134304052971756
Wang,ZNF273_+_+,ZNF273 (+),asd_da_proband,53,52,24839,30,21.2833,1.4095526854025313,0.9510192777262728,2.012224104154129,0.06452719142307017,0.1074501461897437
Wang,ZNF273_+_+,ZNF273 (+),proband,53,52,38680,51,33.143,1.5387847611068486,1.1457263268031466,2.023217779793688,0.003928420281580237,0.006430885998971377
Wang,ZNF273_+_+,ZNF273 (+),sibling,53,52,9567,4,8.1975,0.48795343929080487,0.1329508893562308,1.2493546044912482,0.1626447343799001,1
Wang,ZNF273_-_+,ZNF273 (-),asd_d_proband,16,16,13841,20,4.4553,4.489000973423337,2.741998415536178,6.932897923628708,5.737938408211883e-8,1.1970156154958872e-7
Wang,ZNF273_-_+,ZNF273 (-),asd_da_proband,16,16,24839,22,7.9955,2.7515394629601695,1.7243751322697547,4.165863813812996,3.313725156292144e-5,1.0084085448662615e-4
Wang,ZNF273_-_+,ZNF273 (-),proband,16,16,38680,39,12.4509,3.132314162943309,2.2273815727926407,4.281976575387903,1.4313502972814673e-9,3.4748312536130936e-9
Wang,ZNF273_-_+,ZNF273 (-),sibling,16,16,9567,4,3.0796,1.2988870591230774,0.35390300749739273,3.3256667488358307,0.5581627133834403,1
Wang,ZNF280D_+_+,ZNF280D (+),asd_d_proband,19,19,13841,12,4.782,2.5093953399589894,1.2966411902411028,4.383408653170773,0.0038775265961045725,0.00604981040344607
Wang,ZNF280D_+_+,ZNF280D (+),asd_da_proband,19,19,24839,12,8.5818,1.3983067313648847,0.7225254927383188,2.442560456078613,0.22922068544484467,0.33260620903789045
Wang,ZNF280D_+_+,ZNF280D (+),proband,19,19,38680,22,13.3638,1.6462338413654605,1.031685983851944,2.492417819601525,0.026981396563285794,0.04077585891219747
Wang,ZNF280D_+_+,ZNF280D (+),sibling,19,19,9567,1,3.3054,0.30253772429856424,0.007659592011795079,1.68563231209779,0.39633428799758486,1
Wang,ZNF281_-_+,ZNF281 (-),asd_d_proband,34,32,13841,36,11.0726,3.2512671953422116,2.2771475726575674,4.501124251660835,2.3235488022021268e-9,5.2186156565588096e-9
Wang,ZNF281_-_+,ZNF281 (-),asd_da_proband,34,32,24839,37,19.8709,1.8620238807666565,1.3110366500460482,2.566554642876937,4.555504382352995e-4,0.0011933096166302857
Wang,ZNF281_-_+,ZNF281 (-),proband,34,32,38680,70,30.9435,2.2621906580713604,1.7634885980653836,2.8581418041185773,1.3680640144957343e-9,3.3353868387598995e-9
Wang,ZNF281_-_+,ZNF281 (-),sibling,34,32,9567,5,7.6535,0.6532987998491857,0.21212434204717018,1.5245814687326502,0.4664950962811814,1
Wang,ZNF367_extended_+_+,ZNF367 (+),asd_d_proband,63,61,13841,15,10.4379,1.43706555712638,0.8043146833466225,2.3702210943986923,0.16049886149906667,0.20184438393804555
Wang,ZNF367_extended_+_+,ZNF367 (+),asd_da_proband,63,61,24839,27,18.7319,1.4413931268221427,0.9498871530482512,2.097151323459542,0.06331708724163157,0.10590369110489192
Wang,ZNF367_extended_+_+,ZNF367 (+),proband,63,61,38680,41,29.1698,1.4055625636394955,1.0086559628238172,1.906804328413144,0.03290275023589798,0.04901049349759739
Wang,ZNF367_extended_+_+,ZNF367 (+),sibling,63,61,9567,7,7.2148,0.9702307977652597,0.3900831012395986,1.999046260299122,1,1
Wang,ZNF385D_+_+,ZNF385D (+),asd_d_proband,328,321,13841,154,70.5931,2.181516897379432,1.8505784510762484,2.5545601538444656,8.068006921354911e-18,2.4160644382767126e-17
Wang,ZNF385D_+_+,ZNF385D (+),asd_da_proband,328,321,24839,176,126.686,1.3892611447034893,1.1915902173817208,1.6103548055488328,3.4437684585540744e-5,1.042363160779504e-4
Wang,ZNF385D_+_+,ZNF385D (+),proband,328,321,38680,321,197.2791,1.6271361581369983,1.453985001097238,1.8152334041947762,6.174659596744794e-16,1.9302155068180302e-15
Wang,ZNF385D_+_+,ZNF385D (+),sibling,328,321,9567,42,48.7945,0.8607535955024009,0.6203554808273551,1.1634888076601106,0.3894922709649919,1
Wang,ZNF385D_-_+,ZNF385D (-),asd_d_proband,87,86,13841,83,22.6686,3.661447382665172,2.9163224022612884,4.538914915302819,1.5676398240431767e-22,5.423449577590369e-22
Wang,ZNF385D_-_+,ZNF385D (-),asd_da_proband,87,86,24839,73,40.681,1.7944482007808413,1.4065609394949883,2.256249203934926,4.466002306447725e-6,1.5658747217327582e-5
Wang,ZNF385D_-_+,ZNF385D (-),proband,87,86,38680,149,63.3497,2.3520252333938116,1.989534799577231,2.7614549637859636,4.296700332978432e-20,1.5763778392052704e-19
Wang,ZNF385D_-_+,ZNF385D (-),sibling,87,86,9567,15,15.6687,0.9573211609083303,0.535805386593988,1.5789556700784673,1,1
Wang,ZNF3_-_+,ZNF3 (-),asd_d_proband,30,30,13841,21,9.6005,2.1873952221527326,1.354032118369059,3.343665954153645,0.001044317931277653,0.00170582137161775
Wang,ZNF3_-_+,ZNF3 (-),asd_da_proband,30,30,24839,26,17.2289,1.5090883748774782,0.9857866291092552,2.2111641181883233,0.040016330039464025,0.07048118036592026
Wang,ZNF3_-_+,ZNF3 (-),proband,30,30,38680,47,26.8294,1.75180929196995,1.2871635761190752,2.3295349874469125,4.488235732382467e-4,7.890719523341133e-4
Wang,ZNF3_-_+,ZNF3 (-),sibling,30,30,9567,7,6.6359,1.0548669826771184,0.4241112371878184,2.173429148704372,0.8443563436226451,1
Wang,ZNF407_+_+,ZNF407 (+),asd_d_proband,10,10,13841,6,3.3389,1.7969900581848093,0.6594636804495535,3.911290830598143,0.15732639126862952,0.19848425806710449
Wang,ZNF407_+_+,ZNF407 (+),asd_da_proband,10,10,24839,11,5.992,1.835779307733104,0.9164144161470453,3.284716276065977,0.059762169922516616,0.10070371618286754
Wang,ZNF407_+_+,ZNF407 (+),proband,10,10,38680,17,9.3309,1.821899214584243,1.0613234315827027,2.9170371327027156,0.019989945309579038,0.030697883712287596
Wang,ZNF407_+_+,ZNF407 (+),sibling,10,10,9567,4,2.3079,1.7331897421926725,0.4722358714850327,4.437654108991582,0.3017292040937941,1
Wang,ZNF423_+_+,ZNF423 (+),asd_d_proband,111,111,13841,125,30.0022,4.166354708236234,3.468036964300065,4.964023547177742,2.8669153599145793e-38,1.5655606426200203e-37
Wang,ZNF423_+_+,ZNF423 (+),asd_da_proband,111,111,24839,114,53.8419,2.117309962205738,1.7465196240781644,2.543536039395341,9.621716857620001e-13,7.241945554835321e-12
Wang,ZNF423_+_+,ZNF423 (+),proband,111,111,38680,231,83.8442,2.7551117030728385,2.4112509649634015,3.1342539655000454,7.078526679567667e-40,4.588976671242448e-39
Wang,ZNF423_+_+,ZNF423 (+),sibling,111,111,9567,27,20.7378,1.3019721283167878,0.8580078365169067,1.8943010905198407,0.18534024904481478,1
Wang,ZNF430_-_+,ZNF430 (-),asd_d_proband,11,11,13841,9,3.7061,2.4284541867880596,1.1104438920581505,4.6099624968944415,0.013833821583270215,0.02033097261710161
Wang,ZNF430_-_+,ZNF430 (-),asd_da_proband,11,11,24839,8,6.6509,1.202848008707938,0.5193043945266672,2.3700900955494957,0.5567068433203066,0.6780172881430703
Wang,ZNF430_-_+,ZNF430 (-),proband,11,11,38680,16,10.3569,1.5448573778850296,0.8830194723180252,2.508751596135065,0.08544262154793142,0.1193268435571478
Wang,ZNF430_-_+,ZNF430 (-),sibling,11,11,9567,1,2.5617,0.39037239584373984,0.009883373360339006,2.1750157793077567,0.5305585691728896,1
Wang,ZNF431_-_+,ZNF431 (-),asd_d_proband,18,18,13841,8,4.7239,1.6935156080567904,0.7311398373665433,3.3369008721437408,0.15699763036813066,0.19829405921779766
Wang,ZNF431_-_+,ZNF431 (-),asd_da_proband,18,18,24839,12,8.4775,1.4155128747804282,0.7314161581199458,2.4726161259582833,0.224790435202122,0.32704690894741717
Wang,ZNF431_-_+,ZNF431 (-),proband,18,18,38680,20,13.2014,1.5149915674194698,0.9253962077550885,2.339781602690895,0.07139285132100873,0.10094082200405323
Wang,ZNF431_-_+,ZNF431 (-),sibling,18,18,9567,5,3.2652,1.531302232355626,0.49720966667746275,3.5735485921867127,0.2692796166987949,1
Wang,ZNF444_+_+,ZNF444 (+),asd_d_proband,11,11,13841,2,1.307,1.53017005964514,0.18531069309811254,5.5275003797193385,0.3756705582393004,0.43010997109823296
Wang,ZNF444_+_+,ZNF444 (+),asd_da_proband,11,11,24839,5,2.3456,2.131636116142798,0.6921364446485443,4.974527615086358,0.0891728405675344,0.14382305285820904
Wang,ZNF444_+_+,ZNF444 (+),proband,11,11,38680,7,3.6527,1.9164114085940887,0.7704967799797635,3.94853994365933,0.10362197410154027,0.14244900295163546
Wang,ZNF444_+_+,ZNF444 (+),sibling,11,11,9567,1,0.9034,1.1068821885412556,0.028023830710718053,6.167152830333872,0.5948259351159004,1
Wang,ZNF451_extended_-_+,ZNF451 (-),asd_d_proband,42,42,13841,69,13.3782,5.157644242211329,4.012955076251964,6.527328884854427,5.886186622193694e-27,2.2456205127136216e-26
Wang,ZNF451_extended_-_+,ZNF451 (-),asd_da_proband,42,42,24839,50,24.0085,2.082599008818151,1.5457451259184882,2.745647162353257,3.0080581909388753e-06,1.0713241948170316e-5
Wang,ZNF451_extended_-_+,ZNF451 (-),proband,42,42,38680,111,37.3867,2.9689731761032987,2.4424037933990235,3.5754095490675555,1.83632758000858e-22,7.151023101671638e-22
Wang,ZNF451_extended_-_+,ZNF451 (-),sibling,42,42,9567,9,9.2471,0.9732770795867179,0.4450442566251254,1.8475830676122587,1,1
Wang,ZNF462_-_+,ZNF462 (-),asd_d_proband,14,14,13841,38,3.0336,12.526253112347707,8.864322227038745,17.19326106601607,2.0589911213455878e-28,8.162690779996386e-28
Wang,ZNF462_-_+,ZNF462 (-),asd_da_proband,14,14,24839,10,5.4441,1.8368383900530427,0.8808354052282459,3.378011198472218,0.07878019898461436,0.12779144346785865
Wang,ZNF462_-_+,ZNF462 (-),proband,14,14,38680,43,8.4778,5.072091099102078,3.670697477967173,6.832073424643024,3.511740391666385e-17,1.158062366153568e-16
Wang,ZNF462_-_+,ZNF462 (-),sibling,14,14,9567,2,2.0969,0.9538043016729912,0.11551012589017272,3.4454690878594607,1,1
Wang,ZNF467_+_+,ZNF467 (+),asd_d_proband,30,30,13841,9,3.9251,2.292959613968096,1.0484871454110343,4.3527515918540995,0.019214949337651274,0.027584347373896288
Wang,ZNF467_+_+,ZNF467 (+),asd_da_proband,30,30,24839,9,7.0439,1.2777025651971665,0.584246973695967,2.4254774661964085,0.4456740094457711,0.5737354123879995
Wang,ZNF467_+_+,ZNF467 (+),proband,30,30,38680,17,10.969,1.549829134458954,0.9028325838134719,2.4814265785788536,0.09301521936132448,0.1294272747454527
Wang,ZNF467_+_+,ZNF467 (+),sibling,30,30,9567,3,2.713,1.105775200060361,0.2280374301555506,3.2315443775593775,0.7558676275478806,1
Wang,ZNF483_+_+,ZNF483 (+),asd_d_proband,60,59,13841,59,13.032,4.52732888872715,3.446412513423766,5.83992441314628,1.2293202047257947e-20,4.039713003140222e-20
Wang,ZNF483_+_+,ZNF483 (+),asd_da_proband,60,59,24839,42,23.3871,1.795860858677438,1.2942985452574407,2.427482173881023,5.606624070900188e-4,0.0014418857804205723
Wang,ZNF483_+_+,ZNF483 (+),proband,60,59,38680,96,36.4191,2.635980964319036,2.1351530441073603,3.218983922032029,1.8944778679350762e-16,6.1235106156201755e-16
Wang,ZNF483_+_+,ZNF483 (+),sibling,60,59,9567,8,9.0078,0.8881201325725612,0.3834272363371571,1.7499507125005567,0.868244803971528,1
Wang,ZNF483_-_+,ZNF483 (-),asd_d_proband,12,12,13841,27,4.3183,6.2524671680390895,4.1204152616367775,9.097011462271583,2.057305012700696e-13,5.443795211754336e-13
Wang,ZNF483_-_+,ZNF483 (-),asd_da_proband,12,12,24839,30,7.7496,3.8711702507628694,2.6118623120387885,5.526336241660174,1.0294251369725006e-9,5.4564365241406255e-9
Wang,ZNF483_-_+,ZNF483 (-),proband,12,12,38680,54,12.0679,4.474684491873269,3.3615207088650503,5.838492619442641,8.142124610064116e-19,2.858512055410202e-18
Wang,ZNF483_-_+,ZNF483 (-),sibling,12,12,9567,1,2.9848,0.3350266466628303,0.008482140309830067,1.86664900166738,0.3836198839808632,1
Wang,ZNF506_+_+,ZNF506 (+),asd_d_proband,10,10,13841,1,1.4958,0.6685187978035592,0.01692543055667882,3.7247483415006184,1,1
Wang,ZNF506_+_+,ZNF506 (+),asd_da_proband,10,10,24839,2,2.6844,0.7450355232013417,0.09022725828211119,2.6913244782445003,1,1
Wang,ZNF506_+_+,ZNF506 (+),proband,10,10,38680,3,4.1803,0.7176552751085106,0.1479977708528697,2.0972932556057877,0.8054022966081367,0.8636879891258308
Wang,ZNF506_+_+,ZNF506 (+),sibling,10,10,9567,0,1.0339,0,0,3.5677940895457128,NA,NA
Wang,ZNF516_extended_-_+,ZNF516 (-),asd_d_proband,12,12,13841,4,3.4907,1.1458867649313385,0.3122155767988385,2.933925228753944,0.7839313531707162,0.8364938002223925
Wang,ZNF516_extended_-_+,ZNF516 (-),asd_da_proband,12,12,24839,6,6.2645,0.9577812339515273,0.35148883252320734,2.0846865240076435,1,1
Wang,ZNF516_extended_-_+,ZNF516 (-),proband,12,12,38680,10,9.7552,1.025091695541278,0.4915713129297875,1.8851801256719793,0.8721407359676081,0.9163099260948812
Wang,ZNF516_extended_-_+,ZNF516 (-),sibling,12,12,9567,1,2.4128,0.41445120501240346,0.01049299602736159,2.3091743172740204,0.7392977666718827,1
Wang,ZNF518A_+_+,ZNF518A (+),asd_d_proband,84,84,13841,66,22.0101,2.998624308978715,2.319135823329312,3.8149853492857684,3.088817186344655e-14,8.394187041920739e-14
Wang,ZNF518A_+_+,ZNF518A (+),asd_da_proband,84,84,24839,79,39.4992,2.000039506412434,1.583450112018887,2.4926459751236094,2.6477690741444696e-8,1.2301774834193853e-7
Wang,ZNF518A_+_+,ZNF518A (+),proband,84,84,38680,139,61.5093,2.25982040261189,1.8997707240371748,2.668258705110099,1.7888745862653864e-17,5.950746072678734e-17
Wang,ZNF518A_+_+,ZNF518A (+),sibling,84,84,9567,14,15.2135,0.920233103769019,0.5031000010136973,1.5439947822360756,0.8977182505225236,1
Wang,ZNF518A_-_+,ZNF518A (-),asd_d_proband,40,39,13841,32,9.5739,3.3424060363973593,2.2862032546049975,4.718480041287443,9.196408223691013e-9,1.9777603786084532e-8
Wang,ZNF518A_-_+,ZNF518A (-),asd_da_proband,40,39,24839,23,17.1814,1.338660429220234,0.8485958804979499,2.0086479199801044,0.18175349691838405,0.27214814061121434
Wang,ZNF518A_-_+,ZNF518A (-),proband,40,39,38680,52,26.7553,1.9435404128331375,1.4515289413540025,2.5486946761191214,1.6156321430592164e-5,3.098212227278262e-5
Wang,ZNF518A_-_+,ZNF518A (-),sibling,40,39,9567,3,6.6176,0.4533380561086533,0.09348920585403526,1.3248461769369102,0.23694267307308908,1
Wang,ZNF519_+_+,ZNF519 (+),asd_d_proband,204,198,13841,107,40.6305,2.6334890323348468,2.1582078151532964,3.18230192673916,6.396382164471598e-18,1.9310487076480654e-17
Wang,ZNF519_+_+,ZNF519 (+),asd_da_proband,204,198,24839,120,72.9153,1.645744239100026,1.3644855286321407,1.9679067019725165,4.072039400513034e-7,1.6360613819143116e-6
Wang,ZNF519_+_+,ZNF519 (+),proband,204,198,38680,217,113.5458,1.91112227047488,1.665287029496986,2.183027636037043,6.123038901940604e-18,2.0854887722729044e-17
Wang,ZNF519_+_+,ZNF519 (+),sibling,204,198,9567,29,28.0841,1.0326126210717055,0.6915568785653874,1.4830039721395958,0.849906104142317,1
Wang,ZNF519_-_+,ZNF519 (-),asd_d_proband,26,26,13841,6,4.9134,1.2211401399159891,0.44813690946467166,2.6579079891812825,0.5009891532212726,0.5631704507452046
Wang,ZNF519_-_+,ZNF519 (-),asd_da_proband,26,26,24839,7,8.8176,0.7938631771007989,0.3191741705135229,1.6356615549906377,0.7342620036493105,0.8368481680983931
Wang,ZNF519_-_+,ZNF519 (-),proband,26,26,38680,13,13.7311,0.9467571906045488,0.5041083302985321,1.6189836296540714,1,1
Wang,ZNF519_-_+,ZNF519 (-),sibling,26,26,9567,4,3.3962,1.1777847933226862,0.32090671595650827,3.015596850339077,0.5880868125582018,1
Wang,ZNF536_+_+,ZNF536 (+),asd_d_proband,131,125,13841,83,28.8666,2.875292117697414,2.290154121997136,3.564357183079277,1.826674244206845e-16,5.271800798047734e-16
Wang,ZNF536_+_+,ZNF536 (+),asd_da_proband,131,125,24839,70,51.8039,1.35124867960436,1.0533646362348406,1.7072214161780093,0.014800639039455145,0.02885996800612238
Wang,ZNF536_+_+,ZNF536 (+),proband,131,125,38680,147,80.6706,1.8222259178038949,1.5395646125652467,2.141754678777242,3.376921474093131e-11,8.83731055490886e-11
Wang,ZNF536_+_+,ZNF536 (+),sibling,131,125,9567,25,19.9528,1.2529553208459399,0.8108466202204551,1.8496092214350661,0.26086043947104454,1
Wang,ZNF536_-_+,ZNF536 (-),asd_d_proband,276,271,13841,265,75.0149,3.532629952334331,3.120066085416983,3.984572047396238,6.255195224439072e-65,5.44397459376963e-64
Wang,ZNF536_-_+,ZNF536 (-),asd_da_proband,276,271,24839,234,134.6215,1.7382069879215682,1.5226129375507238,1.9757718497863783,8.035566254063473e-15,7.20012246098227e-14
Wang,ZNF536_-_+,ZNF536 (-),proband,276,271,38680,475,209.6364,2.265827721007712,2.06661839728066,2.4790564055042585,1.4073886853695394e-55,1.2644334566981452e-54
Wang,ZNF536_-_+,ZNF536 (-),sibling,276,271,9567,55,51.8509,1.0607344091084607,0.7990903227150594,1.3806916357570642,0.6268525308335922,1
Wang,ZNF565_+_+,ZNF565 (+),asd_d_proband,38,36,13841,15,6.1294,2.447222889002935,1.3696920737443439,4.036321993416168,0.0017146810858323159,0.0027563560311936507
Wang,ZNF565_+_+,ZNF565 (+),asd_da_proband,38,36,24839,17,10.9998,1.5454841287591385,0.9003014578748578,2.4744698035461252,0.0934411637157209,0.15027788295591013
Wang,ZNF565_+_+,ZNF565 (+),proband,38,36,38680,30,17.1292,1.751396691142173,1.181659992898072,2.5002276781485793,0.0049227373406495085,0.007955868704930721
Wang,ZNF565_+_+,ZNF565 (+),sibling,38,36,9567,4,4.2367,0.9441346853890701,0.25724492541128285,2.417359775484133,1,1
Wang,ZNF565_-_+,ZNF565 (-),asd_d_proband,13,13,13841,7,3.4452,2.031787700804586,0.8168840333824181,4.1862592018006035,0.09304588853494233,0.12208848036269229
Wang,ZNF565_-_+,ZNF565 (-),asd_da_proband,13,13,24839,4,6.1828,0.6469543532770763,0.17627328698837452,1.6564600945064067,0.5428807526942266,0.6647639585594164
Wang,ZNF565_-_+,ZNF565 (-),proband,13,13,38680,10,9.6281,1.0386310225600632,0.49806394650369973,1.910079430116456,0.8709753233831332,0.9159288884609723
Wang,ZNF565_-_+,ZNF565 (-),sibling,13,13,9567,5,2.3814,2.099626212638405,0.681742916110867,4.899827178303092,0.0935475465007635,1
Wang,ZNF571_-_+,ZNF571 (-),asd_d_proband,12,12,13841,32,5.3915,5.935255613373194,4.059710445841599,8.378810008919958,5.371035256989526e-15,1.5109427465369524e-14
Wang,ZNF571_-_+,ZNF571 (-),asd_da_proband,12,12,24839,22,9.6756,2.273764549679139,1.424956137785185,3.442506853399342,5.208222934120389e-4,0.0013501895128645788
Wang,ZNF571_-_+,ZNF571 (-),proband,12,12,38680,51,15.0671,3.384859358986893,2.5202501208341648,4.450464944998128,3.1087090346764304e-13,8.845478824353634e-13
Wang,ZNF571_-_+,ZNF571 (-),sibling,12,12,9567,4,3.7267,1.0733494426766277,0.2924515978435926,2.748200874216955,0.792345734350979,1
Wang,ZNF576_+_+,ZNF576 (+),asd_d_proband,37,37,13841,14,4.5122,3.1026821226137633,1.6962651882864346,5.205773394406421,2.5843325869098906e-4,4.415562119352175e-4
Wang,ZNF576_+_+,ZNF576 (+),asd_da_proband,37,37,24839,13,8.0976,1.6054099899589418,0.8548132060829758,2.7452999759811343,0.10827980607821444,0.17127728927683608
Wang,ZNF576_+_+,ZNF576 (+),proband,37,37,38680,27,12.6098,2.1411841261553066,1.411053831115387,3.1153104870405315,3.3184094765270974e-4,5.897671670899405e-4
Wang,ZNF576_+_+,ZNF576 (+),sibling,37,37,9567,5,3.1189,1.6031381407478495,0.5205345905967765,3.741189639054766,0.24929929864097744,1
Wang,ZNF580_+_+,ZNF580 (+),asd_d_proband,15,15,13841,3,0.9811,3.057785550316308,0.6305888925912283,8.936146969445126,0.07685838412547938,0.10241655492318663
Wang,ZNF580_+_+,ZNF580 (+),asd_da_proband,15,15,24839,5,1.7607,2.8398090235736824,0.9220782600614709,6.627166945782956,0.03363199154242498,0.060175148100471955
Wang,ZNF580_+_+,ZNF580 (+),proband,15,15,38680,8,2.7418,2.9178083282956235,1.2597025362315224,5.749245598397481,0.007223645865990136,0.011559859653709322
Wang,ZNF580_+_+,ZNF580 (+),sibling,15,15,9567,2,0.6781,2.9492219645258366,0.35716446214690883,10.653603778245218,0.1482446707178385,1
Wang,ZNF611_+_+,ZNF611 (+),asd_d_proband,34,34,13841,9,6.7606,1.3312504256582012,0.6087324652919126,2.5271279852209414,0.3354005665590445,0.3887994080611608
Wang,ZNF611_+_+,ZNF611 (+),asd_da_proband,34,34,24839,19,12.1325,1.5660449100615432,0.9428613368643686,2.4455731164717363,0.059631455141450365,0.10063365150178993
Wang,ZNF611_+_+,ZNF611 (+),proband,34,34,38680,26,18.893,1.376168463977692,0.8989589302887399,2.016405651774282,0.10605137680006628,0.1456132622489478
Wang,ZNF611_+_+,ZNF611 (+),sibling,34,34,9567,5,4.6729,1.0699881038718257,0.34742222484490476,2.496995303380251,0.8143405973186228,1
Wang,ZNF621_+_+,ZNF621 (+),asd_d_proband,34,33,13841,12,4.9399,2.4291779373875846,1.2551916877685525,4.243284994308744,0.004975630610664959,0.0077091133522681
Wang,ZNF621_+_+,ZNF621 (+),asd_da_proband,34,33,24839,7,8.8652,0.7896042608387042,0.31746186528958625,1.626886559756228,0.734755917409963,0.8368481680983931
Wang,ZNF621_+_+,ZNF621 (+),proband,34,33,38680,17,13.8051,1.231425114472351,0.7173505086159014,1.9716308982976642,0.3464075193192263,0.42915415802740203
Wang,ZNF621_+_+,ZNF621 (+),sibling,34,33,9567,5,3.4145,1.4643327685177152,0.4754648640585876,3.417264203539726,0.4037235156557301,1
Wang,ZNF641_+_+,ZNF641 (+),asd_d_proband,48,48,13841,11,8.0001,1.3749881088505982,0.6863891098856669,2.4602335376117903,0.28374951448568153,0.3377104264284714
Wang,ZNF641_+_+,ZNF641 (+),asd_da_proband,48,48,24839,14,14.3569,0.975141532576761,0.5331189499905311,1.6361217957424428,1,1
Wang,ZNF641_+_+,ZNF641 (+),proband,48,48,38680,24,22.357,1.073491233313968,0.6878060888315877,1.597269862820012,0.6721432516028214,0.7467531159482174
Wang,ZNF641_+_+,ZNF641 (+),sibling,48,48,9567,2,5.5297,0.36168287607212535,0.04380147423756787,1.3065229071926086,0.1947390104875034,1
Wang,ZNF644_-_+,ZNF644 (-),asd_d_proband,44,44,13841,15,10.7783,1.3916887607332538,0.7789176348673569,2.2953789694351725,0.21851460198997774,0.2670356440853907
Wang,ZNF644_-_+,ZNF644 (-),asd_da_proband,44,44,24839,31,19.3426,1.6026766731258046,1.0889410426423631,2.2748716078820492,0.01196383240276668,0.023906489880926692
Wang,ZNF644_-_+,ZNF644 (-),proband,44,44,38680,44,30.1209,1.4607790796994045,1.0614043155679527,1.961027731979132,0.017236283125545777,0.0266485081927476
Wang,ZNF644_-_+,ZNF644 (-),sibling,44,44,9567,8,7.45,1.0738226061703195,0.46360038366387296,2.1158586162479844,0.7149769638208068,1
Wang,ZNF652_extended_+_+,ZNF652 (+),asd_d_proband,21,21,13841,27,5.4731,4.933176914422703,3.250994671422872,7.177513408677579,4.093223175735383e-11,9.95600571565331e-11
Wang,ZNF652_extended_+_+,ZNF652 (+),asd_da_proband,21,21,24839,22,9.8221,2.2398501710952488,1.4037021772864586,3.3911600766540118,6.104553359232474e-4,0.00156282103006201
Wang,ZNF652_extended_+_+,ZNF652 (+),proband,21,21,38680,46,15.2952,3.007473167237479,2.2018483460776546,4.011547747650431,1.88513126133612e-10,4.769256694422423e-10
Wang,ZNF652_extended_+_+,ZNF652 (+),sibling,21,21,9567,2,3.7831,0.5286699392783422,0.06402438229024449,1.9097375953003062,0.6005098242886061,1
Wang,ZNF66_+_+,ZNF66 (+),asd_d_proband,53,51,13841,36,10.7471,3.3497343532306294,2.346112759490974,4.637444303423614,1.0858472389107275e-9,2.4787578363658818e-9
Wang,ZNF66_+_+,ZNF66 (+),asd_da_proband,53,51,24839,35,19.2867,1.8147185221798157,1.2640179421155413,2.5238341660590793,0.0012442617897566331,0.0029636530815089425
Wang,ZNF66_+_+,ZNF66 (+),proband,53,51,38680,68,30.0339,2.2641113527292527,1.7581710571621951,2.8703006359007475,2.3762584473522777e-9,5.732158326488264e-9
Wang,ZNF66_+_+,ZNF66 (+),sibling,53,51,9567,7,7.4285,0.9423182475681916,0.3788608083898384,1.9415357388691885,1,1
Wang,ZNF676_+_+,ZNF676 (+),asd_d_proband,159,158,13841,41,24.6349,1.6643049605210278,1.1943339740352923,2.257817606000864,0.0023099715228937696,0.003697282006470775
Wang,ZNF676_+_+,ZNF676 (+),asd_da_proband,159,158,24839,55,44.2097,1.2440708138179974,0.9372043930674075,1.6193291668285639,0.11338732574155308,0.17804491065676417
Wang,ZNF676_+_+,ZNF676 (+),proband,159,158,38680,93,68.8446,1.3508682757504689,1.0903250436710605,1.6549049016609652,0.005445511354554143,0.008775887649076664
Wang,ZNF676_+_+,ZNF676 (+),sibling,159,158,9567,19,17.0278,1.1158205268946846,0.6717968475420555,1.7424919718769305,0.6261873949313892,1
Wang,ZNF676_-_+,ZNF676 (-),asd_d_proband,12,12,13841,11,4.0449,2.7194678073188356,1.3575485312296052,4.865879101757649,0.0030855824317734255,0.0048825835639141986
Wang,ZNF676_-_+,ZNF676 (-),asd_da_proband,12,12,24839,19,7.259,2.617448823151642,1.5758751749168172,4.087470566465864,2.0365193520918568e-4,5.594234424602691e-4
Wang,ZNF676_-_+,ZNF676 (-),proband,12,12,38680,29,11.3039,2.5654894794394565,1.718148568194084,3.6844708372268298,7.736698943785648e-6,1.5141635497185977e-5
Wang,ZNF676_-_+,ZNF676 (-),sibling,12,12,9567,2,2.7959,0.7153406866615355,0.08663107581471746,2.5840565185723916,1,1
Wang,ZNF682_+_+,ZNF682 (+),asd_d_proband,19,19,13841,4,2.851,1.4029970815866954,0.3822694846300318,3.5922297556006844,0.37722108807507393,0.4314417783528053
Wang,ZNF682_+_+,ZNF682 (+),asd_da_proband,19,19,24839,4,5.1165,0.7817900320560994,0.21301147134603932,2.00169298471231,0.8247668400616663,0.90136694826183
Wang,ZNF682_+_+,ZNF682 (+),proband,19,19,38680,8,7.9675,1.0040787283475414,0.43348992749443205,1.9784353733641722,0.8598534082547997,0.9074145175259002
Wang,ZNF682_+_+,ZNF682 (+),sibling,19,19,9567,2,1.9707,1.0148888160469036,0.12290774396852959,3.6661273567025163,0.7253591685759249,1
Wang,ZNF695_+_+,ZNF695 (+),asd_d_proband,12,12,13841,2,1.3031,1.5348043765587596,0.18587193037620847,5.544241125846415,0.3742739588267411,0.4289518417006066
Wang,ZNF695_+_+,ZNF695 (+),asd_da_proband,12,12,24839,2,2.3385,0.8552368201598209,0.10357314659757244,3.0894094537960557,1,1
Wang,ZNF695_+_+,ZNF695 (+),proband,12,12,38680,4,3.6416,1.0984088612176728,0.29927944598136624,2.8123629385024973,0.7890418556368471,0.8477370595872341
Wang,ZNF695_+_+,ZNF695 (+),sibling,12,12,9567,1,0.9007,1.1102345236725093,0.028108704487870124,6.1858308462121325,0.593719144586452,1
Wang,ZNF69_+_+,ZNF69 (+),asd_d_proband,100,95,13841,55,19.8361,2.772716666105382,2.0887896503497148,3.6090718622332068,6.752530292587431e-11,1.621189384901379e-10
Wang,ZNF69_+_+,ZNF69 (+),asd_da_proband,100,95,24839,83,35.5979,2.3316011288493246,1.8571072842378207,2.890370401162984,1.1729528266752949e-11,7.699207798351209e-11
Wang,ZNF69_+_+,ZNF69 (+),proband,100,95,38680,135,55.434,2.4353286338729054,2.041864341693401,2.8825061758134995,1.605180749401912e-19,5.741414529992418e-19
Wang,ZNF69_+_+,ZNF69 (+),sibling,100,95,9567,15,13.7109,1.094021248483839,0.612315387899434,1.804421675836425,0.6841314899168682,1
Wang,ZNF69_-_+,ZNF69 (-),asd_d_proband,27,26,13841,14,8.3737,1.671895697239775,0.914040935422872,2.805156891670674,0.05684558695874634,0.07732110362886865
Wang,ZNF69_-_+,ZNF69 (-),asd_da_proband,27,26,24839,23,15.0275,1.5305317442800253,0.9702258353329531,2.2965491005081584,0.05102645100771204,0.08781838900565074
Wang,ZNF69_-_+,ZNF69 (-),proband,27,26,38680,36,23.4012,1.5383836246820912,1.0774649778952583,2.1297713861642884,0.012826265409949373,0.02007512871433777
Wang,ZNF69_-_+,ZNF69 (-),sibling,27,26,9567,5,5.788,0.8638589625608761,0.28049265373988014,2.015958648971894,1,1
Wang,ZNF704_+_+,ZNF704 (+),asd_d_proband,77,76,13841,83,23.1083,3.5917832309554725,2.8608352942866158,4.45255571791162,5.009926222850437e-22,1.7278816756208627e-21
Wang,ZNF704_+_+,ZNF704 (+),asd_da_proband,77,76,24839,74,41.4701,1.7844201019745218,1.4011535809225073,2.240176031009598,5.462662320576836e-6,1.8802883414424536e-5
Wang,ZNF704_+_+,ZNF704 (+),proband,77,76,38680,147,64.5784,2.2763045376488087,1.9232071497530703,2.675456345010604,1.2070741428631697e-18,4.2118397461983996e-18
Wang,ZNF704_+_+,ZNF704 (+),sibling,77,76,9567,13,15.9726,0.8138925499369835,0.43336350488044145,1.3917810476876182,0.532127152574975,1
Wang,ZNF704_-_+,ZNF704 (-),asd_d_proband,176,169,13841,195,37.4573,5.205926811960388,4.500849360477297,5.990127076351419,1.7803090358131798e-73,1.8535180055101703e-72
Wang,ZNF704_-_+,ZNF704 (-),asd_da_proband,176,169,24839,133,67.2207,1.9785564656031438,1.6566039820880631,2.344813060458282,1.2598824584292813e-12,9.296779709586004e-12
Wang,ZNF704_-_+,ZNF704 (-),proband,176,169,38680,313,104.678,2.99012116914056,2.6680034033633193,3.340413271206343,1.2920689280801786e-60,1.2388660898651125e-59
Wang,ZNF704_-_+,ZNF704 (-),sibling,176,169,9567,29,25.8908,1.1200905661962828,0.7501422313290217,1.6086368933794273,0.4918772915642651,1
Wang,ZNF711_+_+,ZNF711 (+),asd_d_proband,59,57,13841,61,13.6994,4.452751594423021,3.406002148368176,5.719745702427439,6.188752073461505e-21,2.064152637675484e-20
Wang,ZNF711_+_+,ZNF711 (+),asd_da_proband,59,57,24839,68,24.5849,2.765928228712129,2.147851496812439,3.5064730999905107,4.823726690827385e-13,3.730128379413779e-12
Wang,ZNF711_+_+,ZNF711 (+),proband,59,57,38680,126,38.2843,3.2911689809278055,2.7416316539215537,3.918555971101519,4.111063315653657e-29,2.0131859412707392e-28
Wang,ZNF711_+_+,ZNF711 (+),sibling,59,57,9567,13,9.4691,1.3728834820503497,0.7310026337258763,2.3476725658061417,0.2510032800367769,1
Wang,ZNF726_+_+,ZNF726 (+),asd_d_proband,21,21,13841,8,4.0673,1.9669192916449925,0.8491761423188556,3.875615121881077,0.07236455652681525,0.09689196631114447
Wang,ZNF726_+_+,ZNF726 (+),asd_da_proband,21,21,24839,4,7.2991,0.5480117942682544,0.14931476972795094,1.4031278465413537,0.2685150470401959,0.3751899605301747
Wang,ZNF726_+_+,ZNF726 (+),proband,21,21,38680,10,11.3664,0.879787031917604,0.42189207878615825,1.6179596758114798,0.8813324563883889,0.9234162835070263
Wang,ZNF726_+_+,ZNF726 (+),sibling,21,21,9567,1,2.8113,0.3557035893652443,0.00900563517487195,1.9818535528201076,0.5397403952959801,1
Wang,ZNF730_+_+,ZNF730 (+),asd_d_proband,197,194,13841,75,39.7409,1.8872229564749574,1.4844205731795441,2.3656503180046426,6.538337828594434e-7,1.2983437328082352e-6
Wang,ZNF730_+_+,ZNF730 (+),asd_da_proband,197,194,24839,90,71.3189,1.2619374181200476,1.0147467067943774,1.551135332854249,0.032699129315075945,0.05878553661898207
Wang,ZNF730_+_+,ZNF730 (+),proband,197,194,38680,156,111.0598,1.4046481415818346,1.1928751338490886,1.6431798167018703,5.2834476149578346e-5,9.786385923160535e-5
Wang,ZNF730_+_+,ZNF730 (+),sibling,197,194,9567,17,27.4692,0.618874464290008,0.36051718168672997,0.9908779686407728,0.0445359928769289,1
Wang,ZNF730_-_+,ZNF730 (-),asd_d_proband,41,41,13841,44,15.7124,2.8003353534591002,2.0347279547641297,3.759319505112926,3.7173036286915093e-9,8.200150974974933e-9
Wang,ZNF730_-_+,ZNF730 (-),asd_da_proband,41,41,24839,54,28.1974,1.9150692714447222,1.4386589773120613,2.4987499850230948,1.2244199358285309e-5,4.053871283139036e-5
Wang,ZNF730_-_+,ZNF730 (-),proband,41,41,38680,96,43.9098,2.186299236282452,1.7709094006617758,2.6698455662642413,8.539761879452939e-12,2.3035149655923885e-11
Wang,ZNF730_-_+,ZNF730 (-),sibling,41,41,9567,13,10.8605,1.1969952135512136,0.6373495384738808,2.0468982699526626,0.44857096545285025,1
Wang,ZNF736_+_+,ZNF736 (+),asd_d_proband,10,9,13841,3,3.0757,0.9753888073213435,0.20114862135803474,2.8505000076521663,1,1
Wang,ZNF736_+_+,ZNF736 (+),asd_da_proband,10,9,24839,7,5.5196,1.2682004827749775,0.509882368663079,2.6129776938025326,0.516535619659586,0.6412656823944757
Wang,ZNF736_+_+,ZNF736 (+),proband,10,9,38680,10,8.5953,1.1634226544411161,0.5579063845931319,2.1395756842521543,0.6055990222305999,0.6841470142228856
Wang,ZNF736_+_+,ZNF736 (+),sibling,10,9,9567,0,2.1259,0,0,1.7351725601951373,NA,NA
Wang,ZNF83_+_+,ZNF83 (+),asd_d_proband,16,14,13841,14,4.7532,2.9453600813804726,1.6102557643917992,4.941813741357579,4.300103867233456e-4,7.258054103178894e-4
Wang,ZNF83_+_+,ZNF83 (+),asd_da_proband,16,14,24839,23,8.5301,2.6963207754709004,1.709236078561348,4.045805044378243,3.02592654686364e-5,9.308640521550543e-5
Wang,ZNF83_+_+,ZNF83 (+),proband,16,14,38680,35,13.2834,2.6348713085824147,1.8352844083020905,3.664468153320675,5.356883087868306e-7,1.1297973388646462e-6
Wang,ZNF83_+_+,ZNF83 (+),sibling,16,14,9567,6,3.2855,1.8262208881596165,0.6701908798739362,3.9749140413835855,0.15280524182034808,1
Wang,ZNF846_+_+,ZNF846 (+),asd_d_proband,18,18,13841,15,4.6148,3.2504148764523295,1.8192325319706981,5.361065031104284,9.673666802860168e-5,1.6785770745149887e-4
Wang,ZNF846_+_+,ZNF846 (+),asd_da_proband,18,18,24839,15,8.2817,1.8112239745954624,1.0137283093122282,2.9873385037849505,0.03357861011205121,0.06017500129604098
Wang,ZNF846_+_+,ZNF846 (+),proband,18,18,38680,29,12.8965,2.2486742103487143,1.5059724102590237,3.2294712634191614,1.1304105963339646e-4,2.053819252256455e-4
Wang,ZNF846_+_+,ZNF846 (+),sibling,18,18,9567,5,3.1898,1.567506090553524,0.5089649608882757,3.658036320187869,0.25875068275922236,1
Wang,ZNF85_+_+,ZNF85 (+),asd_d_proband,20,19,13841,3,3.9565,0.7582500906344446,0.15636939775286468,2.2159285332496808,1,1
Wang,ZNF85_+_+,ZNF85 (+),asd_da_proband,20,19,24839,7,7.1003,0.9858767332460974,0.39637357877156054,2.0312828671805883,1,1
Wang,ZNF85_+_+,ZNF85 (+),proband,20,19,38680,9,11.0568,0.8139818643592049,0.3722043407041923,1.5451911295107505,0.6519129578326107,0.729963380654572
Wang,ZNF85_+_+,ZNF85 (+),sibling,20,19,9567,1,2.7347,0.36566459372395904,0.009257825970556565,2.037352716922454,0.53600659573055,1
Wang,ZNF90_-_+,ZNF90 (-),asd_d_proband,17,17,13841,19,6.4587,2.9417590433722296,1.7711311128732479,4.593921148357113,4.653895622625911e-5,8.268643897297074e-5
Wang,ZNF90_-_+,ZNF90 (-),asd_da_proband,17,17,24839,31,11.5908,2.6745366359328093,1.8172178841522684,3.7962912665706,1.698564864500947e-6,6.206083275150709e-6
Wang,ZNF90_-_+,ZNF90 (-),proband,17,17,38680,49,18.0495,2.7147546114494587,2.0083904064865923,3.589049566583291,1.3671649172244088e-9,3.3353868387598995e-9
Wang,ZNF90_-_+,ZNF90 (-),sibling,17,17,9567,3,4.4643,0.6719956250815307,0.13858165331524908,1.9638563822539876,0.809462386720214,1
Wang,ZNF93_+_+,ZNF93 (+),asd_d_proband,55,51,13841,19,9.7224,1.9542414634845284,1.1765810207476055,3.051790121398452,0.008900099269511425,0.013362143647217963
Wang,ZNF93_+_+,ZNF93 (+),asd_da_proband,55,51,24839,31,17.4479,1.7767228085264262,1.2071969474852167,2.521916204289792,0.0026153848673249472,0.005847068346950229
Wang,ZNF93_+_+,ZNF93 (+),proband,55,51,38680,48,27.1703,1.7666351339088462,1.302577287486819,2.342301884952294,2.430147614868565e-4,4.3529017716876497e-4
Wang,ZNF93_+_+,ZNF93 (+),sibling,55,51,9567,13,6.7202,1.9344596240869747,1.030018277976547,3.307984871626634,0.029650908463378776,1
Wang,ZNF93_-_+,ZNF93 (-),asd_d_proband,12,12,13841,43,4.2723,10.064885652088147,7.284007652324781,13.55733492205527,3.357668942795672e-28,1.3263982986788577e-27
Wang,ZNF93_-_+,ZNF93 (-),asd_da_proband,12,12,24839,21,7.667,2.7390063904770847,1.6954881255862597,4.186862220094957,5.2515609930113856e-5,1.5643832087361095e-4
Wang,ZNF93_-_+,ZNF93 (-),proband,12,12,38680,63,11.9393,5.276694395015018,4.054756855703383,6.751184334547094,2.861345100972599e-25,1.2366646818976271e-24
Wang,ZNF93_-_+,ZNF93 (-),sibling,12,12,9567,1,2.953,0.3386351880873255,0.008573500668718793,1.886754507646098,0.38318154336630295,1
Wang,ZNF98_+_+,ZNF98 (+),asd_d_proband,45,45,13841,13,9.309,1.3964989735966336,0.7435768883824206,2.38805577556582,0.246027099269659,0.2962964200934055
Wang,ZNF98_+_+,ZNF98 (+),asd_da_proband,45,45,24839,21,16.7059,1.2570423935206454,0.7781290540185819,1.9215228284197612,0.27039618084561434,0.376885540956418
Wang,ZNF98_+_+,ZNF98 (+),proband,45,45,38680,33,26.0149,1.2685050825057338,0.87318053113908,1.7814527609986524,0.16901204678189732,0.2237154818771982
Wang,ZNF98_+_+,ZNF98 (+),sibling,45,45,9567,1,6.4344,0.15541357948035317,0.003934731163434755,0.8659090429738671,0.026822895767144507,1
Wang,ZSCAN30_+_+,ZSCAN30 (+),asd_d_proband,47,46,13841,7,6.6592,1.0511776036578968,0.4226279154742827,2.1658276178642994,0.8447090601110532,0.8961960885368697
Wang,ZSCAN30_+_+,ZSCAN30 (+),asd_da_proband,47,46,24839,11,11.9506,0.9204582731908832,0.4594894535855487,1.646954107530034,1,1
Wang,ZSCAN30_+_+,ZSCAN30 (+),proband,47,46,38680,17,18.6098,0.9134988056134293,0.5321467177544115,1.462600079808498,0.8165896896176058,0.8687703639259058
Wang,ZSCAN30_+_+,ZSCAN30 (+),sibling,47,46,9567,2,4.6029,0.43450997363642724,0.05262117361731812,1.5695994240170792,0.3446848846520736,1
Wang,ZSCAN9_-_+,ZSCAN9 (-),asd_d_proband,21,21,13841,14,8.3157,1.6835644511684764,0.9204203517787,2.824735078009897,0.05521855405689213,0.0753841534551199
Wang,ZSCAN9_-_+,ZSCAN9 (-),asd_da_proband,21,21,24839,19,14.9233,1.2731766743652975,0.7665355275216342,1.9882230882026877,0.29739482458054567,0.4079693280090353
Wang,ZSCAN9_-_+,ZSCAN9 (-),proband,21,21,38680,33,23.239,1.420027171230158,0.9774813650390478,1.9942461088796122,0.04815886118300783,0.070177855184945
Wang,ZSCAN9_-_+,ZSCAN9 (-),sibling,21,21,9567,10,5.7479,1.7397762822069078,0.8342903517494317,3.1995105263243038,0.08918244316276147,1
Wen,M1-tr2,SPEN,asd_d_proband,475,404,13841,665,147.8394,4.498123267814406,4.16269829379595,4.853381204018254,4.2907386792800856e-212,2.1726740403263703e-210
Wen,M1-tr2,SPEN,asd_da_proband,475,404,24839,545,265.312,2.0541850819519185,1.8853219141050463,2.234114545714411,5.053421591991593e-51,2.0376117776280385e-49
Wen,M1-tr2,SPEN,proband,475,404,38680,1146,413.1515,2.7738011785808676,2.6155111716136874,2.939166390964387,5.92755119716302e-192,3.074243598165003e-190
Wen,M1-tr2,SPEN,sibling,475,404,9567,98,102.1877,0.959019588274902,0.7785784583645297,1.168737701130029,0.7290602825087472,1
Wen,M10-iso,NARS1,asd_d_proband,3541,3122,13841,1486,533.8651,2.7834746262593275,2.6437343876225485,2.9286837245750656,1.1433785106214108e-249,8.49149107221501e-248
Wen,M10-iso,NARS1,asd_da_proband,3541,3122,24839,1460,958.0721,1.523893702117297,1.4467194324838548,1.6041156099522724,3.868758027000971e-51,1.6177140046237395e-49
Wen,M10-iso,NARS1,proband,3541,3122,38680,2805,1491.9372,1.8801059597829533,1.8111662420749681,1.9509980114660046,3.0049223625229947e-201,1.904786897577076e-199
Wen,M10-iso,NARS1,sibling,3541,3122,9567,377,369.0115,1.0216485010845007,0.9211101778223386,1.1301659659795988,0.6770055503906753,1
Wen,M100-xx,CDK2,asd_d_proband,1968,1497,13841,336,233.6256,1.4381982492301626,1.2885125977534313,1.6004995415362848,3.030682889270806e-10,7.152925293745082e-10
Wen,M100-xx,CDK2,asd_da_proband,1968,1497,24839,490,419.2636,1.1687158112675862,1.0675124800058169,1.2769273455034498,7.47182246985661e-4,0.0018871784269503607
Wen,M100-xx,CDK2,proband,1968,1497,38680,798,652.8893,1.2222593633153405,1.138916497840152,1.3100881644442017,3.7529329841150205e-8,8.496223283482615e-8
Wen,M100-xx,CDK2,sibling,1968,1497,9567,148,161.4838,0.9165008844900914,0.7747950890752323,1.076622478488747,0.30618616735679627,1
Wen,M101-xy,DTL,asd_d_proband,2051,1522,13841,418,251.5968,1.6613885484462618,1.5059169148037794,1.8285530745838683,1.0351246689301983e-21,3.55903975675383e-21
Wen,M101-xy,DTL,asd_da_proband,2051,1522,24839,573,451.5145,1.2690622160929417,1.1672664553780536,1.3773583127790374,4.047302628321976e-8,1.8425018820062546e-7
Wen,M101-xy,DTL,proband,2051,1522,38680,956,703.1113,1.359670973927078,1.2748366450738473,1.4486665970405206,1.462341922655092e-19,5.246956395438553e-19
Wen,M101-xy,DTL,sibling,2051,1522,9567,163,173.9055,0.9372905318332325,0.798922538012602,1.0927376425036819,0.4259778219573647,1
Wen,M102-gene,DTL,asd_d_proband,2183,1589,13841,459,258.0774,1.7785362766614103,1.6195304833397084,1.9489329737623347,2.1107473348058138e-29,8.806638692785305e-29
Wen,M102-gene,DTL,asd_da_proband,2183,1589,24839,592,463.1446,1.2782185333083342,1.1773129418284365,1.3854598175684816,9.178174895835176e-9,4.4282732723922705e-8
Wen,M102-gene,DTL,proband,2183,1589,38680,1014,721.222,1.4059471657138944,1.3207315615271886,1.495218305932639,8.683361342555583e-25,3.65598350252986e-24
Wen,M102-gene,DTL,sibling,2183,1589,9567,168,178.385,0.9417833729200884,0.8047536751260967,1.0954570181955186,0.4766845996236093,1
Wen,M103-tr1,AURKA,asd_d_proband,1706,1112,13841,301,178.4201,1.6870295921793743,1.5018079078442041,1.8887870158662958,6.23478645194934e-17,1.8182073579768494e-16
Wen,M103-tr1,AURKA,asd_da_proband,1706,1112,24839,391,320.192,1.2211424356742733,1.1030879183261386,1.3483898660794038,1.2738874452028072e-4,3.613615391040124e-4
Wen,M103-tr1,AURKA,proband,1706,1112,38680,669,498.6121,1.341724425613545,1.2419658343753017,1.4473633025244528,3.7142880699682023e-13,1.0516135701820644e-12
Wen,M103-tr1,AURKA,sibling,1706,1112,9567,95,123.3253,0.7703205876265201,0.6232353562054139,0.9416769721713412,0.01017037223402345,1
Wen,M104-tr2,TPX2,asd_d_proband,2907,2073,13841,459,312.6292,1.4681930934890657,1.3369327921710081,1.608856658871349,9.724901048922182e-15,2.7151728743106043e-14
Wen,M104-tr2,TPX2,asd_da_proband,2907,2073,24839,678,561.043,1.2084635239643877,1.1191998907495044,1.3029526604250536,1.6297411305236232e-6,6.012999138435199e-6
Wen,M104-tr2,TPX2,proband,2907,2073,38680,1100,873.6722,1.2590534854828273,1.185739514699125,1.3357139349176532,1.7673752126249343e-13,5.144324279604719e-13
Wen,M104-tr2,TPX2,sibling,2907,2073,9567,202,216.0916,0.9347889184727904,0.8103165922497775,1.0729708405271816,0.35829675823161167,1
Wen,M105-iso,KIF11,asd_d_proband,3418,2855,13841,1062,493.6283,2.1514162094290326,2.023952677388592,2.2848037219288035,9.568633765802063e-109,1.7474521336235243e-107
Wen,M105-iso,KIF11,asd_da_proband,3418,2855,24839,1228,885.8633,1.3862183631998923,1.3097611025323537,1.4659742778331528,1.8517576490149322e-27,3.733275688817604e-26
Wen,M105-iso,KIF11,proband,3418,2855,38680,2196,1379.4917,1.5918907481089004,1.5259997678585366,1.659894937683115,5.765364152861454e-91,1.027856327877331e-89
Wen,M105-iso,KIF11,sibling,3418,2855,9567,331,341.1995,0.9701069325138277,0.8684009621340577,1.0804522263999286,0.6069828730240502,1
Wen,M106-tr2,ZNF292,asd_d_proband,761,663,13841,487,163.0837,2.986197084733124,2.726834321708803,3.26357770692817,5.319555033371306e-93,7.901312409567513e-92
Wen,M106-tr2,ZNF292,asd_da_proband,761,663,24839,508,292.6693,1.7357476237891043,1.588070013124271,1.8934621733222885,4.821361778999363e-30,1.1581526486149534e-28
Wen,M106-tr2,ZNF292,proband,761,663,38680,954,455.753,2.093239319127765,1.9625006268959302,2.2303979057593835,6.433248058100136e-92,1.1839251668213316e-90
Wen,M106-tr2,ZNF292,sibling,761,663,9567,134,112.7246,1.1887375979227053,0.995995798415435,1.4078963901724155,0.047805237492686295,1
Wen,M107-tr1,SMCHD1,asd_d_proband,1139,963,13841,669,238.5144,2.8048617467539696,2.596317390601056,3.025698782408264,4.828317712654343e-115,9.273699882580929e-114
Wen,M107-tr1,SMCHD1,asd_da_proband,1139,963,24839,779,428.037,1.8199361875099918,1.6943617825064223,1.9523540087524673,3.314802413291493e-52,1.5593383019192064e-50
Wen,M107-tr1,SMCHD1,proband,1139,963,38680,1391,666.5514,2.086860769698209,1.9786210730132532,2.1994819447766254,4.818610365502474e-132,1.3409840065947128e-130
Wen,M107-tr1,SMCHD1,sibling,1139,963,9567,182,164.8629,1.1039475103837022,0.9493836428306234,1.2765028985648759,0.18524800706844777,1
Wen,M108-xx,CPSF6,asd_d_proband,1179,980,13841,622,220.1634,2.8251740490647297,2.6074838323153564,3.056187870243264,2.2824206757058765e-108,4.100994568929591e-107
Wen,M108-xx,CPSF6,asd_da_proband,1179,980,24839,615,395.1044,1.5565508057135236,1.4359458271063272,1.684580634755599,1.483905397187266e-24,2.5383775657945806e-23
Wen,M108-xx,CPSF6,proband,1179,980,38680,1179,615.2678,1.9162388108817134,1.8084055403946746,2.028822414497241,2.324675802787207e-90,4.080700139969544e-89
Wen,M108-xx,CPSF6,sibling,1179,980,9567,163,152.1786,1.0711101203218496,0.9129869413540307,1.2487508493797355,0.3724119564577881,1
Wen,M109-gene,SMCHD1,asd_d_proband,693,590,13841,281,116.9665,2.40239790443719,2.129688791784368,2.700347143821699,9.637734854980606e-38,5.161748379061728e-37
Wen,M109-gene,SMCHD1,asd_da_proband,693,590,24839,319,209.9075,1.519716800695487,1.3575048261820046,1.6959764830941917,2.6139400365569354e-12,1.8678090514384684e-11
Wen,M109-gene,SMCHD1,proband,693,590,38680,573,326.874,1.7529690391013388,1.6123574799656923,1.9025595809509812,8.316550150513119e-35,4.81684452879973e-34
Wen,M109-gene,SMCHD1,sibling,693,590,9567,80,80.8481,0.9895102610750893,0.7846200968041946,1.2315311739871735,1,1
Wen,M11-iso,VEZF1,asd_d_proband,1989,1887,13841,1542,448.2458,3.4400769000946734,3.2704981046496333,3.6161681291905077,0,0
Wen,M11-iso,VEZF1,asd_da_proband,1989,1887,24839,1420,804.42,1.7652470029265703,1.674615946960009,1.8595082682530162,3.063422519773689e-85,5.764340041374158e-83
Wen,M11-iso,VEZF1,proband,1989,1887,38680,2830,1252.6658,2.259181983721824,2.1767056344676057,2.3439835167578447,3.89724e-319,8.8935e-317
Wen,M11-iso,VEZF1,sibling,1989,1887,9567,295,309.8308,0.9521327156127547,0.8465700521900753,1.0672195134907108,0.42626743329615296,1
Wen,M110-xy,U2SURP,asd_d_proband,574,496,13841,268,108.5837,2.468142470680788,2.1814640537422103,2.7820222455590007,6.561799594690582e-38,3.548468324507431e-37
Wen,M110-xy,U2SURP,asd_da_proband,574,496,24839,327,194.8638,1.678095006363149,1.5011208614350244,1.870197951591654,5.4380437798065605e-18,6.462685713054322e-17
Wen,M110-xy,U2SURP,proband,574,496,38680,571,303.4475,1.881709349180762,1.7305125191487987,2.0425785828977387,1.3978479018340124e-42,9.666330036318837e-42
Wen,M110-xy,U2SURP,sibling,574,496,9567,75,75.0538,0.9992827471500912,0.785999271153234,1.2526095766594894,1,1
Wen,M111-tr1,UBA2,asd_d_proband,1181,1113,13841,452,179.6842,2.515524732061053,2.288936510448606,2.758475454650413,7.31072331234573e-65,6.31329129453732e-64
Wen,M111-tr1,UBA2,asd_da_proband,1181,1113,24839,512,322.4605,1.5877915227183421,1.453219040517635,1.7314731391764948,2.2182987258965774e-22,3.295341133601626e-21
Wen,M111-tr1,UBA2,proband,1181,1113,38680,923,502.1447,1.8381157697713626,1.7214307443809829,1.9606286162311157,2.1507952398097487e-63,2.3371974939265936e-62
Wen,M111-tr1,UBA2,sibling,1181,1113,9567,121,124.199,0.9742428378412014,0.8084008738074066,1.1640958734172981,0.8224454022041998,1
Wen,M112-xx,RBM27,asd_d_proband,1551,1447,13841,611,245.1404,2.492449544248652,2.298710724868167,2.698155867540543,9.946979514288726e-86,1.265087694337492e-84
Wen,M112-xx,RBM27,asd_da_proband,1551,1447,24839,725,439.9279,1.6479974408619038,1.5302049446891302,1.7724512689125633,1.687026569144599e-35,5.012244727800664e-34
Wen,M112-xx,RBM27,proband,1551,1447,38680,1280,685.0682,1.8684270154750957,1.767459120397502,1.9736595767412433,2.9210861449667033e-91,5.290411573661918e-90
Wen,M112-xx,RBM27,sibling,1551,1447,9567,156,169.4428,0.9206646288623953,0.7818598194616756,1.077008178286099,0.31788463527987026,1
Wen,M113-xy,ARMC1,asd_d_proband,3147,2656,13841,877,371.4842,2.3608005852592635,2.207120120489038,2.5223608912513087,5.921801724565454e-110,1.099481186860986e-108
Wen,M113-xy,ARMC1,asd_da_proband,3147,2656,24839,1026,666.6639,1.539006424359804,1.4462646185631804,1.6361353928006355,5.373519457059034e-38,1.6851954075054584e-36
Wen,M113-xy,ARMC1,proband,3147,2656,38680,1822,1038.148,1.7550483551511409,1.6753779185597508,1.8375287836838492,5.997133730095249e-107,1.291081053969562e-105
Wen,M113-xy,ARMC1,sibling,3147,2656,9567,252,256.7726,0.9814133159589606,0.8639718005571808,1.1103648585293096,0.8028328667379012,1
Wen,M114-gene,TFAM,asd_d_proband,1462,1352,13841,508,200.6698,2.5315213285513085,2.3161391980942225,2.76154194934556,1.526136570049003e-73,1.6038831500326314e-72
Wen,M114-gene,TFAM,asd_da_proband,1462,1352,24839,582,360.1213,1.6161223051518376,1.487473041194301,1.7529207190886449,7.981061333006855e-27,1.5272234313499557e-25
Wen,M114-gene,TFAM,proband,1462,1352,38680,1041,560.7911,1.8563061829510807,1.7452400428350159,1.972587355265736,2.891019544602434e-73,3.791555517691238e-72
Wen,M114-gene,TFAM,sibling,1462,1352,9567,123,138.7045,0.886777539331576,0.7369988338437409,1.0580511938455877,0.20244740184383822,1
Wen,M115-tr2,NRAS,asd_d_proband,2575,2198,13841,636,292.919,2.1712485157539927,2.0057606358199194,2.346749199297616,2.3791641742986894e-67,2.137410395297371e-66
Wen,M115-tr2,NRAS,asd_da_proband,2575,2198,24839,803,525.6712,1.5275707200509938,1.4237285103352384,1.6369843057155886,3.018746143337154e-29,6.955437542505402e-28
Wen,M115-tr2,NRAS,proband,2575,2198,38680,1381,818.5903,1.6870466846885486,1.5992322085853756,1.7784289711526255,1.3810587897921961e-71,1.7508756435032176e-70
Wen,M115-tr2,NRAS,sibling,2575,2198,9567,206,202.4678,1.0174459185810876,0.8832419174893952,1.166278766875678,0.7786563412791214,1
Wen,M116-tr1,ZNF570,asd_d_proband,788,709,13841,277,119.4724,2.3185263427698293,2.0535022894630686,2.6082645590683184,9.81450097021646e-35,4.816455542211955e-34
Wen,M116-tr1,ZNF570,asd_da_proband,788,709,24839,326,214.4047,1.5204888047909941,1.3598971603506758,1.694830786586341,1.312221951021744e-12,9.620120666906161e-12
Wen,M116-tr1,ZNF570,proband,788,709,38680,578,333.8772,1.7311755399053446,1.5929015033961926,1.8782396972958604,1.1515769349840717e-33,6.440927856945224e-33
Wen,M116-tr1,ZNF570,sibling,788,709,9567,72,82.5802,0.8718794803964587,0.6821919964139164,1.0979879100461167,0.2707013656985674,1
Wen,M117-iso,ARL5B,asd_d_proband,2187,1977,13841,1091,371.505,2.9367034877629496,2.765007593843096,3.116269655072928,1.9943223350320773e-200,7.934553861520478e-199
Wen,M117-iso,ARL5B,asd_da_proband,2187,1977,24839,1142,666.7013,1.712911059835903,1.614993379133253,1.815213285347597,1.3435978200853281e-62,1.0112812925842237e-60
Wen,M117-iso,ARL5B,proband,2187,1977,38680,2130,1038.2063,2.0516154224820182,1.9654039799701861,2.14063504890643,5.321841765020087e-193,2.891534025660914e-191
Wen,M117-iso,ARL5B,sibling,2187,1977,9567,258,256.787,1.0047239366805178,0.8858545920865475,1.135099905190571,0.9254098103704269,1
Wen,M118-tr2,MPPED2-AS1,asd_d_proband,257,183,13841,119,34.8624,3.4134217491303405,2.827736897075242,4.0846680344778825,6.341629751066488e-29,2.587756609043248e-28
Wen,M118-tr2,MPPED2-AS1,asd_da_proband,257,183,24839,106,62.5639,1.694268421592901,1.3871281617483644,2.049168850244207,5.00575169102142e-7,1.989962556043374e-6
Wen,M118-tr2,MPPED2-AS1,proband,257,183,38680,214,97.4263,2.1965331728464954,1.9120798377361934,2.5113747156746613,1.8527240133881642e-24,7.715175544802538e-24
Wen,M118-tr2,MPPED2-AS1,sibling,257,183,9567,23,24.0971,0.9544705231335305,0.6050524362325677,1.43217442536286,0.9188644029670054,1
Wen,M119-xy,SLC26A4,asd_d_proband,349,196,13841,100,36.3585,2.7503857207564675,2.2378235972029317,3.3452059690808085,3.1104632354160126e-18,9.519384736959993e-18
Wen,M119-xy,SLC26A4,asd_da_proband,349,196,24839,98,65.2489,1.501941583226799,1.2193487773547969,1.830385713361372,1.494591357408706e-4,4.182942213771581e-4
Wen,M119-xy,SLC26A4,proband,349,196,38680,184,101.6074,1.8108915025910572,1.5586776249419112,2.092293681507708,1.9317643013320485e-13,5.608506533892792e-13
Wen,M119-xy,SLC26A4,sibling,349,196,9567,26,25.1313,1.0345670615509008,0.6758135528520866,1.5158804497096543,0.841424005836499,1
Wen,M12-gene,AL450306.1,asd_d_proband,1270,195,13841,16,7.9952,2.0011994048967283,1.143858370236275,3.2498224581045063,0.011219882759840856,0.01666526585928362
Wen,M12-gene,AL450306.1,asd_da_proband,1270,195,24839,14,14.3482,0.975734765601621,0.5334432760055223,1.63711713995608,1,1
Wen,M12-gene,AL450306.1,proband,1270,195,38680,27,22.3434,1.2084123351954201,0.7963513433131582,1.7581765036074128,0.33900550723524825,0.42227651065002
Wen,M12-gene,AL450306.1,sibling,1270,195,9567,4,5.5263,0.7238058159082161,0.1972127239969287,1.85323036184923,0.6715358685867393,1
Wen,M120-iso,SLA,asd_d_proband,382,267,13841,283,63.2112,4.477052876416114,3.970583171776902,5.030223863998716,5.085791445389865e-91,7.357885285927675e-90
Wen,M120-iso,SLA,asd_da_proband,382,267,24839,221,113.4386,1.9481905078041202,1.699786890227265,2.222683678398716,4.382144368248286e-19,5.622092036082175e-18
Wen,M120-iso,SLA,proband,382,267,38680,472,176.6498,2.67195284887949,2.4363092699968494,2.924234481329771,1.8913648751208804e-75,2.5093573517592145e-74
Wen,M120-iso,SLA,sibling,382,267,9567,46,43.6921,1.0528228800613824,0.7707986699363356,1.4043181828500024,0.7048692370488662,1
Wen,M121-tr1,SPIRE1,asd_d_proband,1383,942,13841,461,144.9464,3.1804850597261747,2.896744392853253,3.484506574425618,1.1045154819075952e-96,1.7577574954929444e-95
Wen,M121-tr1,SPIRE1,asd_da_proband,1383,942,24839,368,260.1203,1.4147301669078196,1.2738618655070255,1.5669201482008086,2.8259721123195433e-10,1.6195545760450582e-9
Wen,M121-tr1,SPIRE1,proband,1383,942,38680,787,405.0667,1.9428898078613932,1.8095026588995056,2.0835080081437702,2.6445284297919795e-63,2.8466103192383477e-62
Wen,M121-tr1,SPIRE1,sibling,1383,942,9567,109,100.188,1.0879542349848275,0.8933236335081883,1.3123966142867496,0.36836615506445924,1
Wen,M122-iso,PDE1A,asd_d_proband,185,147,13841,177,29.6981,5.95998579116805,5.114275705545633,6.905605760241159,2.0413217065995668e-75,2.2077984283028324e-74
Wen,M122-iso,PDE1A,asd_da_proband,185,147,24839,97,53.296,1.8200237424036847,1.4759166488003148,2.220274618945759,6.957329591487843e-8,3.104673956043389e-7
Wen,M122-iso,PDE1A,proband,185,147,38680,258,82.9941,3.1086560070714513,2.7408695050900684,3.5120444632334262,3.038980783727505e-53,2.6071256197241228e-52
Wen,M122-iso,PDE1A,sibling,185,147,9567,19,20.5275,0.9255870157335702,0.5572638469254113,1.4454187795574556,0.82552504115836145,1
Wen,M123-iso,OSBPL6,asd_d_proband,296,181,13841,194,45.2011,4.291928865498936,3.7091998617428117,4.940229341294556,2.8780085489079195e-60,2.306547858621167e-59
Wen,M123-iso,OSBPL6,asd_da_proband,296,181,24839,170,81.1177,2.0957190829878507,1.7925193338807328,2.4355149547348507,6.691288954012788e-18,7.78810848358808e-17
Wen,M123-iso,OSBPL6,proband,296,181,38680,349,126.3189,2.7628494189906614,2.480555939347184,3.0684675908995986,1.5811077051355004e-59,1.4909453649252942e-58
Wen,M123-iso,OSBPL6,sibling,296,181,9567,33,31.2433,1.0562249448023304,0.7270566519789057,1.483332522749475,0.7200514000312958,1
Wen,M124-iso,ZFR,asd_d_proband,372,320,13841,369,83.1608,4.437186596909168,3.9959479113483316,4.9138377629858185,6.07311471886206e-117,1.2081160351450597e-115
Wen,M124-iso,ZFR,asd_da_proband,372,320,24839,288,149.24,1.9297772189586138,1.713316187489439,2.166015429272568,6.3330486090563306e-24,1.0514723352389113e-22
Wen,M124-iso,ZFR,proband,372,320,38680,629,232.4008,2.706530808246571,2.4991229941686353,2.9265597209116088,4.510857440716139e-102,9.190872035459133e-101
Wen,M124-iso,ZFR,sibling,372,320,9567,62,57.4814,1.0786106658544876,0.8269646126556982,1.3827301948082842,0.5522151379985756,1
Wen,M13-xy,AC138305.3,asd_d_proband,269,35,13841,1,1.3022,0.7679255021732915,0.019442190410262773,4.278607048917254,1,1
Wen,M13-xy,AC138305.3,asd_da_proband,269,35,24839,1,2.3369,0.42791001552319047,0.010833743607570636,2.384162009906346,0.7361573581947282,0.8368481680983931
Wen,M13-xy,AC138305.3,proband,269,35,38680,2,3.6391,0.5495789490993034,0.06655656038214633,1.985268127999215,0.5969388764855345,0.6763726495233314
Wen,M13-xy,AC138305.3,sibling,269,35,9567,0,0.9001,0,0,4.098314178848819,NA,NA
Wen,M14-xx,FAT1,asd_d_proband,562,438,13841,123,69.5619,1.7682098224898037,1.469555237211262,2.1097247400571537,6.5882377345344536e-9,1.425106181800268e-8
Wen,M14-xx,FAT1,asd_da_proband,562,438,24839,162,124.8355,1.2977082423160218,1.1055669697905206,1.5136439041128944,0.0014572464062767255,0.003406275761255534
Wen,M14-xx,FAT1,proband,562,438,38680,276,194.3973,1.4197725414807465,1.2571976904647033,1.597536725981821,3.77152000360795e-8,8.504554000230576e-8
Wen,M14-xx,FAT1,sibling,562,438,9567,46,48.0817,0.9567053744551632,0.7004285755149905,1.2761108999638906,0.8287393990399972,1
Wen,M15-gene,FAT1,asd_d_proband,698,566,13841,128,85.5279,1.496587931627625,1.2485674609789112,1.77944794287434,1.801013972464212e-5,3.2836817763095455e-5
Wen,M15-gene,FAT1,asd_da_proband,698,566,24839,183,153.488,1.192275775300248,1.025784409236699,1.3780907413971413,0.019181656648172195,0.03658123370909866
Wen,M15-gene,FAT1,proband,698,566,38680,303,239.0159,1.2676982793882416,1.1289623532188227,1.4187770052510587,6.809534160313305e-5,1.2511559544150532e-4
Wen,M15-gene,FAT1,sibling,698,566,9567,52,59.1175,0.8796042264475326,0.6569305084655888,1.1534839174096339,0.3974284254132462,1
Wen,M16-xy,FAT1,asd_d_proband,578,366,13841,93,55.9034,1.6635830226532293,1.3427262038685028,2.038001593441327,4.83928407042675e-6,9.137224499076949e-6
Wen,M16-xy,FAT1,asd_da_proband,578,366,24839,130,100.3241,1.2958008023934937,1.0826381684105577,1.538658228696483,0.004364315968148499,0.009457414065335231
Wen,M16-xy,FAT1,proband,578,366,38680,216,156.2275,1.3825991496740175,1.2043530381933674,1.5797939424471226,5.876304823735116e-6,1.1580075654372655e-5
Wen,M16-xy,FAT1,sibling,578,366,9567,31,38.6409,0.8022595943187815,0.5450964712698213,1.13874345578842,0.259010464866417,1
Wen,M17-tr1,GREB1L,asd_d_proband,1417,837,13841,209,134.0419,1.5592141901997765,1.3549783138109164,1.7855430782862456,2.1453117693569177e-9,4.828034971845669e-9
Wen,M17-tr1,GREB1L,asd_da_proband,1417,837,24839,305,240.551,1.2679224540970757,1.1296044609707143,1.4185037237313562,6.27566116977907e-5,1.8213936916916632e-4
Wen,M17-tr1,GREB1L,proband,1417,837,38680,494,374.5929,1.3187650977024368,1.2050212667211722,1.4403523968797223,3.6828323009768268e-9,8.846550853504335e-9
Wen,M17-tr1,GREB1L,sibling,1417,837,9567,82,92.6507,0.8850443613925655,0.7039020455794999,1.0985734142511496,0.2984106589811071,1
Wen,M18-xx,GATA3,asd_d_proband,3115,688,13841,57,39.5795,1.4401396577939147,1.090747713038952,1.8658679677878134,0.00846422420351525,0.012759331208005396
Wen,M18-xx,GATA3,asd_da_proband,3115,688,24839,79,71.0292,1.1122187358720126,0.8805540471873423,1.3861563966810677,0.3419593117786175,0.4585178895463885
Wen,M18-xx,GATA3,proband,3115,688,38680,129,110.6087,1.1662736612850375,0.9737103863317101,1.3857735663647082,0.08664656026823195,0.12086029983625018
Wen,M18-xx,GATA3,sibling,3115,688,9567,25,27.3576,0.9138216806825717,0.5913772094964804,1.3489810683725085,0.7736688724353089,1
Wen,M19-gene,CPNE8,asd_d_proband,239,195,13841,31,30.113,1.0294542390412538,0.6994642096011761,1.4612281187329286,0.8550344149560133,0.9054261770541814
Wen,M19-gene,CPNE8,asd_da_proband,239,195,24839,52,54.0407,0.9622370107020044,0.7186446241371958,1.261845820209107,0.8383723871472335,0.9109936718856848
Wen,M19-gene,CPNE8,proband,239,195,38680,83,84.1538,0.9862895871612483,0.7855741507506508,1.2226543358696216,0.9565211031797508,0.9957943236570217
Wen,M19-gene,CPNE8,sibling,239,195,9567,13,20.8144,0.6245689638556258,0.3325566688587778,1.0680319495926787,0.09863716586247583,1
Wen,M2-gene,EP300,asd_d_proband,651,562,13841,906,203.3891,4.454516022408973,4.16914280855642,4.754278933051145,3.624950672298179e-285,3.671086408127428e-283
Wen,M2-gene,EP300,asd_da_proband,651,562,24839,780,365.0012,2.1369791829184286,1.989621882322403,2.2923616978306556,3.3208889123712545e-79,4.686604477583933e-77
Wen,M2-gene,EP300,proband,651,562,38680,1595,568.3903,2.806170264550513,2.670128976905933,2.947346678260648,1.993842269379287e-271,2.5277489215130736e-269
Wen,M2-gene,EP300,sibling,651,562,9567,149,140.584,1.059864365855936,0.896519734892308,1.2443606779718137,0.47320373604198573,1
Wen,M20-tr2,IKZF2,asd_d_proband,257,183,13841,39,25.0178,1.558890461425788,1.1085235091869867,2.131054578876759,0.008872655434805414,0.013338917887143361
Wen,M20-tr2,IKZF2,asd_da_proband,257,183,24839,53,44.8968,1.1804843215533671,0.8842637632892558,1.544102557657207,0.2315166132029331,0.335105456802707
Wen,M20-tr2,IKZF2,proband,257,183,38680,90,69.9146,1.2872843972194532,1.0351286712238217,1.582291073462034,0.019506857102292822,0.030036874431465736
Wen,M20-tr2,IKZF2,sibling,257,183,9567,13,17.2925,0.7517718154975203,0.4002868300730393,1.285552699894074,0.3975307413966585,1
Wen,M21-xy,INPP4B,asd_d_proband,2260,1620,13841,317,222.5621,1.4243213086880762,1.2718264756566424,1.5900658773202339,2.717108976592376e-9,6.065850500849513e-9
Wen,M21-xy,INPP4B,asd_da_proband,2260,1620,24839,453,399.4091,1.1341755287393278,1.0321237754056465,1.2435882374688525,0.00858604947206322,0.017762165867262838
Wen,M21-xy,INPP4B,proband,2260,1620,38680,748,621.9712,1.2026279986149109,1.1179763948016561,1.2919903473435808,9.822971684863367e-7,2.0464896356238643e-6
Wen,M21-xy,INPP4B,sibling,2260,1620,9567,163,153.8366,1.059565986742981,0.9031470163950669,1.235292152334063,0.44372114167518006,1
Wen,M22-iso,NAALAD2,asd_d_proband,1300,923,13841,334,168.6531,1.9803969378869792,1.7736808738996364,2.2045896754921896,3.226224493150892e-29,1.32620445954616e-28
Wen,M22-iso,NAALAD2,asd_da_proband,1300,923,24839,390,302.6641,1.2885573351960922,1.1638299211642,1.4230102495432917,1.5392009796254706e-6,5.716308901306435e-6
Wen,M22-iso,NAALAD2,proband,1300,923,38680,697,471.3171,1.4788344554469417,1.371070564113414,1.5928175592752192,2.951089542982449e-22,1.1375652596428967e-21
Wen,M22-iso,NAALAD2,sibling,1300,923,9567,104,116.5742,0.8921354837513878,0.7289393383949215,1.0809714596985542,0.2660723348580339,1
Wen,M23-tr1,AC011008.2,asd_d_proband,1447,778,13841,260,130.6185,1.9905296299260327,1.7559080262583258,2.2477706959107455,2.1679921832701346e-23,7.6915391470157e-23
Wen,M23-tr1,AC011008.2,asd_da_proband,1447,778,24839,303,234.4074,1.2926212414356588,1.1511577654393186,1.4466701767024581,1.8325407225617876e-5,5.894411611886775e-5
Wen,M23-tr1,AC011008.2,proband,1447,778,38680,543,365.0259,1.4875656163032753,1.365060936497354,1.6181138280493255,3.639495295940957e-18,1.258383070505646e-17
Wen,M23-tr1,AC011008.2,sibling,1447,778,9567,91,90.2845,1.0079253906900991,0.8115186510487855,1.2375090292222002,0.9161434188131083,1
Wen,M24-gene,NALCN,asd_d_proband,1685,950,13841,240,134.8898,1.779230408623231,1.561232635113837,2.0191494388981375,3.423242922985487e-16,9.828589217025342e-16
Wen,M24-gene,NALCN,asd_da_proband,1685,950,24839,300,242.0726,1.2392974800592889,1.1030130731622414,1.3877699678186062,3.1481177163968793e-4,8.422333890549946e-4
Wen,M24-gene,NALCN,proband,1685,950,38680,521,376.9624,1.3821006692388298,1.2659552511946206,1.5060372220757396,2.2374941677708885e-12,6.196555450064524e-12
Wen,M24-gene,NALCN,sibling,1685,950,9567,82,93.2368,0.8794810734085221,0.69947739754722,1.0916679069775068,0.2763493594961203,1
Wen,M25-tr2,NALCN,asd_d_proband,1320,883,13841,205,131.4416,1.559627514593421,1.353425015501656,1.7883649780441404,2.6090700916957754e-9,5.836353578612638e-9
Wen,M25-tr2,NALCN,asd_da_proband,1320,883,24839,294,235.8846,1.2463721001826076,1.1079593475589253,1.3972950584487607,2.6196513090355114e-4,7.092533160434274e-4
Wen,M25-tr2,NALCN,proband,1320,883,38680,482,367.3263,1.312184999497187,1.1976405453475296,1.434729549731051,1.0583914536001916e-8,2.4545216434102008e-8
Wen,M25-tr2,NALCN,sibling,1320,883,9567,71,90.8534,0.7814785655434537,0.6103412432593661,0.9857288754932797,0.035759248755657586,1
Wen,M26-xx,NALCN,asd_d_proband,1545,1025,13841,261,157.1801,1.6605160676220059,1.4651562914180767,1.8746721603234162,3.485807459461675e-14,9.448149658978847e-14
Wen,M26-xx,NALCN,asd_da_proband,1545,1025,24839,366,282.0747,1.29752884568282,1.167987364352341,1.437511306474591,1.5987951937119423e-6,5.918163192461584e-6
Wen,M26-xx,NALCN,proband,1545,1025,38680,610,439.2547,1.388715916835383,1.2806839765725302,1.5034267847924239,1.3847801517417595e-14,4.179984532109385e-14
Wen,M26-xx,NALCN,sibling,1545,1025,9567,95,108.644,0.8744155555218499,0.7074544014153169,1.0689276724128784,0.21189670604914035,1
Wen,M27-tr1,SSPN,asd_d_proband,469,375,13841,38,47.3921,0.8018216465478722,0.5674167190992503,1.1005628557745655,0.19058055316239053,0.23615877221679982
Wen,M27-tr1,SSPN,asd_da_proband,469,375,24839,80,85.0496,0.9406271894045315,0.7458588611353825,1.1706919598721692,0.6255763201708162,0.7418862032277852
Wen,M27-tr1,SSPN,proband,469,375,38680,116,132.4417,0.875856933778381,0.7237375314683684,1.0505069627551118,0.1641759141705319,0.21858193473579568
Wen,M27-tr1,SSPN,sibling,469,375,9567,26,32.7578,0.7937051945464856,0.5184745845663347,1.162962007936321,0.29305508202854424,1
Wen,M28-tr1,SPAG17,asd_d_proband,658,452,13841,70,57.7209,1.2127324299890008,0.94538442423462,1.5322144678631813,0.11354047199185703,0.1469059421542896
Wen,M28-tr1,SPAG17,asd_da_proband,658,452,24839,127,103.5857,1.2260382891890493,1.0220928809578296,1.4587529552379321,0.02375206996210863,0.04425096862577664
Wen,M28-tr1,SPAG17,proband,658,452,38680,189,161.3066,1.1716820015871239,1.0105864952112413,1.3511574653167548,0.03335485965472838,0.049619158886629836
Wen,M28-tr1,SPAG17,sibling,658,452,9567,44,39.8971,1.102836985460469,0.801323041932232,1.4805071775708072,0.47647878149893375,1
Wen,M29-iso,CHD8,asd_d_proband,400,383,13841,309,89.9192,3.4364188774804343,3.063903128264724,3.841737249620178,9.84385138969374e-73,1.006059674139342e-71
Wen,M29-iso,CHD8,asd_da_proband,400,383,24839,277,161.3686,1.7165669513932837,1.5203511384268487,1.9310803849820777,1.2590916610880715e-16,1.3041417296958097e-15
Wen,M29-iso,CHD8,proband,400,383,38680,556,251.2878,2.212602564889151,2.0324865739106293,2.4044008162431525,1.3125089189026725e-61,1.3136602425157452e-60
Wen,M29-iso,CHD8,sibling,400,383,9567,48,62.1528,0.7722902442064774,0.5694258605766591,1.0239448203051733,0.07540423085122042,1
Wen,M3-xx,SPEN,asd_d_proband,400,364,13841,673,147.3777,4.566498307882258,4.227965504318552,4.924924691318576,4.669427516778282e-218,2.600871126845503e-216
Wen,M3-xx,SPEN,asd_da_proband,400,364,24839,550,264.4834,2.07952567842517,1.9093415657508863,2.260810044163901,6.635466108885468e-53,3.405200562241679e-51
Wen,M3-xx,SPEN,proband,400,364,38680,1154,411.8611,2.801915597850373,2.6425683040799792,2.9683600218979835,1.6028082845305364e-196,9.14402126324671e-195
Wen,M3-xx,SPEN,sibling,400,364,9567,94,101.8685,0.9227579278546258,0.7456823346014032,1.129222007678608,0.4875850295471945,1
Wen,M30-gene,ZNF334,asd_d_proband,344,174,13841,58,32.3636,1.79213636190723,1.360844275847817,2.3167518301189824,4.4441620636651125e-5,7.9339688123765e-5
Wen,M30-gene,ZNF334,asd_da_proband,344,174,24839,67,58.0796,1.1535893074194947,0.894015868187891,1.4650176423802193,0.2371843337793077,0.3419937584123096
Wen,M30-gene,ZNF334,proband,344,174,38680,122,90.4432,1.3489128503500305,1.1201905943817205,1.6106038213105296,0.0015660283104597826,0.0026749076380757665
Wen,M30-gene,ZNF334,sibling,344,174,9567,23,22.37,1.0281644623555708,0.6517680721596839,1.5427515175831146,0.8324511003184529,1
Wen,M31-iso,SLTM,asd_d_proband,5185,4262,13841,2251,859.641,2.6185350373075034,2.511468053827451,2.7289928539786357,0,0
Wen,M31-iso,SLTM,asd_da_proband,5185,4262,24839,2350,1542.708,1.5232953550179353,1.4623232815250427,1.5861566142348333,4.421997496226899e-81,7.132050247485956e-79
Wen,M31-iso,SLTM,proband,5185,4262,38680,4393,2402.349,1.828626886061466,1.7749477110219039,1.883516984186252,2.0442008011817688e-289,2.9155413926854975e-287
Wen,M31-iso,SLTM,sibling,5185,4262,9567,583,594.1901,0.9811674762972168,0.9031285707847448,1.0641452855974027,0.6666244553729899,1
Wen,M32-tr1,NPM1P40,asd_d_proband,1514,237,13841,37,12.4322,2.9761403207254875,2.095477440678367,4.102217397376378,1.3487130481401074e-8,2.8727845805508217e-8
Wen,M32-tr1,NPM1P40,asd_da_proband,1514,237,24839,28,22.3108,1.2549981110965658,0.8339371306624284,1.813821695322959,0.24208824549682395,0.34660659879876093
Wen,M32-tr1,NPM1P40,proband,1514,237,38680,61,34.743,1.7557493564163684,1.343009137864355,2.2553334995107774,5.708333394293023e-5,1.0539172172958478e-4
Wen,M32-tr1,NPM1P40,sibling,1514,237,9567,8,8.5932,0.9309650160978243,0.40192461600323154,1.83437221326629,1,1
Wen,M33-tr1,AL139821.1,asd_d_proband,2182,193,13841,9,7.6593,1.1750436663780157,0.5373047880952095,2.2305988985448177,0.584486243541251,0.6453098863280017
Wen,M33-tr1,AL139821.1,asd_da_proband,2182,193,24839,11,13.7453,0.8002718540723113,0.39949282619063803,1.4319074048147993,0.5878026622364005,0.7044896026166627
Wen,M33-tr1,AL139821.1,proband,2182,193,38680,20,21.4046,0.934377765502592,0.5707422136214194,1.4430706762350365,0.9136214899142523,0.9520019360659012
Wen,M33-tr1,AL139821.1,sibling,2182,193,9567,3,5.2942,0.5666624642464763,0.11685942324020676,1.6560281874739846,0.5081028837697247,1
Wen,M34-tr2,AC118344.1,asd_d_proband,3131,251,13841,7,9.3757,0.7466092353347472,0.3001756351213733,1.5383003747545587,0.6211403674694096,0.6810535131505141
Wen,M34-tr2,AC118344.1,asd_da_proband,3131,251,24839,21,16.8256,1.2480959490641617,0.7725910638937968,1.9078472377277271,0.326679808676946,0.44012112648719814
Wen,M34-tr2,AC118344.1,proband,3131,251,38680,27,26.2014,1.0304812287976155,0.6790936230217034,1.4992960855430768,0.8447424638688895,0.89305064493803
Wen,M34-tr2,AC118344.1,sibling,3131,251,9567,4,6.4806,0.6172299676726984,0.16817439233274248,1.5803538617591248,0.43197621139219106,1
Wen,M35-iso,RN7SL454P,asd_d_proband,5635,2732,13841,1670,562.4655,2.969070860582124,2.828362058528561,3.1149678963349245,7.7172397741616e-311,9.55222789823997e-309
Wen,M35-iso,RN7SL454P,asd_da_proband,5635,2732,24839,1608,1009.3982,1.5930283222361112,1.5161083225806615,1.6728398042691557,2.4119145671998902e-67,2.094655035668212e-65
Wen,M35-iso,RN7SL454P,proband,5635,2732,38680,3131,1571.8638,1.9919028931584206,1.9227364377602838,2.0629217833334783,2.4393695597716472e-262,2.5302915160904085e-260
Wen,M35-iso,RN7SL454P,sibling,5635,2732,9567,380,388.7803,0.9774158623424539,0.881600964951964,1.0808036701805026,0.6848890122161371,1
Wen,M36-xy,AL121756.1,asd_d_proband,3998,275,13841,8,8.2651,0.9679231904611125,0.41788053247945733,1.9071945502314662,1,1
Wen,M36-xy,AL121756.1,asd_da_proband,3998,275,24839,17,14.8325,1.1461281802101957,0.6676619011177894,1.835062243699946,0.5159911798667929,0.6412656823944757
Wen,M36-xy,AL121756.1,proband,3998,275,38680,24,23.0977,1.039066045437352,0.665749221392054,1.54604791203846,0.834615898126601,0.8833921519132206
Wen,M36-xy,AL121756.1,sibling,3998,275,9567,4,5.7129,0.7001685418193927,0.19077236235784786,1.792709552192853,0.6730104078881064,1
Wen,M37-gene,AL121756.1,asd_d_proband,3484,236,13841,5,7.2703,0.6877296538347445,0.22330394661631203,1.6049315963482844,0.5742938549170387,0.6346858674380765
Wen,M37-gene,AL121756.1,asd_da_proband,3484,236,24839,15,13.0472,1.1496677972615683,0.6434603388291539,1.8962021955833475,0.5773474486305109,0.6956513014982357
Wen,M37-gene,AL121756.1,proband,3484,236,38680,20,20.3175,0.9843708519882832,0.6012792896307814,1.5202809436295925,1,1
Wen,M37-gene,AL121756.1,sibling,3484,236,9567,3,5.0253,0.596981256740464,0.1231118871455023,1.7446325651205326,0.50301753252427,1
Wen,M38-xx,AL121756.1,asd_d_proband,3668,248,13841,3,6.7292,0.44581899391219726,0.09193859446361342,1.3028722864353413,0.17743746737525876,0.22085512698998686
Wen,M38-xx,AL121756.1,asd_da_proband,3668,248,24839,14,12.0762,1.1593076710863577,0.633804291662529,1.945121282675437,0.5623315690789266,0.6826584317097936
Wen,M38-xx,AL121756.1,proband,3668,248,38680,17,18.8054,0.9039975164646525,0.5266118666917854,1.4473875954769473,0.8169943913168247,0.8687703639259058
Wen,M38-xx,AL121756.1,sibling,3668,248,9567,4,4.6513,0.859981282148876,0.23431595534520766,2.20189364007877,1,1
Wen,M39-tr1,AC090539.1,asd_d_proband,1350,72,13841,1,1.9616,0.5097793043865235,0.012906494542822864,2.840308492122603,1,1
Wen,M39-tr1,AC090539.1,asd_da_proband,1350,72,24839,5,3.5203,1.4203179177933636,0.46117336183577184,3.3145482246050157,0.41215489518413395,0.5363981190434051
Wen,M39-tr1,AC090539.1,proband,1350,72,38680,6,5.482,1.094496693693982,0.40166099671825245,2.3822585231715245,0.8283227937396853,0.8775453181587566
Wen,M39-tr1,AC090539.1,sibling,1350,72,9567,2,1.3559,1.4750403160894474,0.17863422539164348,5.32835279052354,0.3928469538981357,1
Wen,M4-xy,SOS1,asd_d_proband,415,321,13841,520,107.6228,4.831689412084031,4.425274687661902,5.2653939427004675,5.069045187399564e-179,1.6608577466950337e-177
Wen,M4-xy,SOS1,asd_da_proband,415,321,24839,378,193.1394,1.9571351946306226,1.7647858642213523,2.164729101005103,6.859615881145062e-32,1.760115074957449e-30
Wen,M4-xy,SOS1,proband,415,321,38680,856,300.7623,2.8461018245700793,2.658609370794913,3.043328330747906,4.1737048065193774e-150,1.3228325511773914e-148
Wen,M4-xy,SOS1,sibling,415,321,9567,73,74.3897,0.9813190293846277,0.7691974699046374,1.2338613496292679,0.9537234341152588,1
Wen,M40-iso,NIN,asd_d_proband,1519,1242,13841,815,254.6706,3.200211769290235,2.984245136822722,3.427677407524617,8.608772527350931e-171,2.6639368320747044e-169
Wen,M40-iso,NIN,asd_da_proband,1519,1242,24839,795,457.0309,1.739488649158405,1.6206575521936808,1.864728249593983,2.444831217824818e-46,8.625670140388186e-45
Wen,M40-iso,NIN,proband,1519,1242,38680,1546,711.7015,2.1722589844837152,2.065314224990424,2.2833053777106755,6.515821413662269e-161,2.323297572808953e-159
Wen,M40-iso,NIN,sibling,1519,1242,9567,169,176.0302,0.9600625046973329,0.8207706684991332,1.1162196936356557,0.6242063380736176,1
Wen,M41-tr1,AL022322.1,asd_d_proband,396,89,13841,8,7.8473,1.0194619820575133,0.44013132457525533,2.0087465157457376,0.8579068077023979,0.907605112801967
Wen,M41-tr1,AL022322.1,asd_da_proband,396,89,24839,11,14.0827,0.7811008204347923,0.38992271527160993,1.3976051300517578,0.5044076888963733,0.6327305401549194
Wen,M41-tr1,AL022322.1,proband,396,89,38680,18,21.93,0.8207947236486708,0.4864549724860232,1.2972095292894037,0.4553178299070287,0.5394783426001244
Wen,M41-tr1,AL022322.1,sibling,396,89,9567,4,5.4241,0.737450260983487,0.20093037605439973,1.8881655603904954,0.8274954019719114,1
Wen,M42-xx,AC006148.1,asd_d_proband,785,386,13841,67,53.9143,1.2427125755075932,0.9630851768084411,1.578201042448062,0.07647604851628702,0.10215146048818194
Wen,M42-xx,AC006148.1,asd_da_proband,785,386,24839,96,96.7544,0.9922028831223271,0.8036875208687322,1.2116495420101356,1,1
Wen,M42-xx,AC006148.1,proband,785,386,38680,161,150.6687,1.0685694894093505,0.9098843292061335,1.2469708600600036,0.3921590142865092,0.477073800643026
Wen,M42-xx,AC006148.1,sibling,785,386,9567,25,37.266,0.6708533515239964,0.4341409176342699,0.9903118846820965,0.04850637968029306,1
Wen,M43-iso,JAKMIP3,asd_d_proband,350,253,13841,202,57.6133,3.506132305398043,3.0392713537175884,4.024414124280129,1.752700344311949e-49,1.1485342256255946e-48
Wen,M43-iso,JAKMIP3,asd_da_proband,350,253,24839,182,103.3927,1.7602796977885315,1.5138226556681194,2.0354247963573626,2.808098460367324e-12,1.993926516826861e-11
Wen,M43-iso,JAKMIP3,proband,350,253,38680,370,161.006,2.298050976588215,2.0698311847118456,2.5445611575026206,5.161716853484654e-45,3.7996896321458e-44
Wen,M43-iso,JAKMIP3,sibling,350,253,9567,44,39.8228,1.1048957475090373,0.8028189415884125,1.48327096952737,0.47570119474239525,1
Wen,M44-tr1,LINC01814,asd_d_proband,1397,311,13841,149,37.9673,3.924432362226666,3.3196050120478153,4.607579490580483,2.4470522661102054e-42,1.434745381287773e-41
Wen,M44-tr1,LINC01814,asd_da_proband,1397,311,24839,112,68.1359,1.6437734587832566,1.3534779810158402,1.977886606801752,1.0825786162672448e-6,4.115256760153937e-6
Wen,M44-tr1,LINC01814,proband,1397,311,38680,244,106.1032,2.2996482359892116,2.0201302996657433,2.6070300224069913,2.370330512428869e-30,1.2020209398583731e-29
Wen,M44-tr1,LINC01814,sibling,1397,311,9567,24,26.2433,0.9145206500631033,0.5859506365355239,1.3607342360523351,0.7692038894491224,1
Wen,M45-iso,HELLPAR,asd_d_proband,10961,6898,13841,3594,1380.882,2.602684369586317,2.5182819386201665,2.6891945939098276,0,0
Wen,M45-iso,HELLPAR,asd_da_proband,10961,6898,24839,3761,2478.125,1.517679701975992,1.4695591438524553,1.5669746353255818,1.7276867836003917e-126,9.75279189342421e-124
Wen,M45-iso,HELLPAR,proband,10961,6898,38680,7035,3859.007,1.823007839092746,1.7806543000851212,1.8661144138186496,5e-324,1.41e-321
Wen,M45-iso,HELLPAR,sibling,10961,6898,9567,912,954.4757,0.955498400025882,0.8944839149183669,1.019579072412129,0.17396182687863196,1
Wen,M46-tr2,STX18-AS1,asd_d_proband,5928,1300,13841,316,160.8448,1.9646271187593456,1.7539614134744095,2.1936271163291114,3.1822418099931646e-27,1.2224197849422018e-26
Wen,M46-tr2,STX18-AS1,asd_da_proband,5928,1300,24839,327,288.6513,1.1328545824852085,1.0133822222773496,1.2625401491460997,0.02529193343847224,0.04677786673709358
Wen,M46-tr2,STX18-AS1,proband,5928,1300,38680,614,449.4961,1.365973978780724,1.260050897252367,1.4784235293900878,2.0084075354179607e-13,5.81622588302511e-13
Wen,M46-tr2,STX18-AS1,sibling,5928,1300,9567,105,111.1771,0.9444392892063537,0.7724577700046799,1.1433013422171763,0.6017759336091963,1
Wen,M47-xy,STX18-AS1,asd_d_proband,4268,947,13841,259,129.6445,1.9977706860963327,1.7618558075562303,2.2564758493588997,1.4722263183474763e-23,5.239808685747887e-23
Wen,M47-xy,STX18-AS1,asd_da_proband,4268,947,24839,305,232.6595,1.3109287036638109,1.1679191474905608,1.4666174904345235,5.875647560595067e-6,2.0162936461738085e-5
Wen,M47-xy,STX18-AS1,proband,4268,947,38680,538,362.304,1.4849408379663573,1.362097621516346,1.6158885470525453,6.9244432633036715e-18,2.3514255248302053e-17
Wen,M47-xy,STX18-AS1,sibling,4268,947,9567,77,89.6112,0.859267314526717,0.678120327184017,1.0739367118594316,0.2044239085117503,1
Wen,M48-tr1,AL022322.2,asd_d_proband,4586,928,13841,79,70.8994,1.1142548560827756,0.8821660627327753,1.3886940099791822,0.3414158510785026,0.3953609751574344
Wen,M48-tr1,AL022322.2,asd_da_proband,4586,928,24839,136,127.2358,1.068881877250848,0.8967955362190163,1.264367598602855,0.42481642290853083,0.5506518271684631
Wen,M48-tr1,AL022322.2,proband,4586,928,38680,210,198.1352,1.0598825505081477,0.9213715811037119,1.213339028170884,0.39378513251452174,0.47849716315129853
Wen,M48-tr1,AL022322.2,sibling,4586,928,9567,39,49.0062,0.795817978015973,0.5659043784625503,1.0879093739865824,0.1739539344311339,1
Wen,M49-gene,Z95114.1,asd_d_proband,8534,2078,13841,191,189.5695,1.0075461071451746,0.8697179364019028,1.1610120375758652,0.9132092413521337,0.9642797107737222
Wen,M49-gene,Z95114.1,asd_da_proband,8534,2078,24839,347,340.2006,1.0199864398225593,0.9154778028043502,1.133156134810051,0.7042546240915297,0.8138213619235793
Wen,M49-gene,Z95114.1,proband,8534,2078,38680,520,529.7701,0.9815578688173208,0.8989947036929093,1.069664959000642,0.6957473596414874,0.7707259585931429
Wen,M49-gene,Z95114.1,sibling,8534,2078,9567,116,131.0318,0.8852812091321649,0.7315249925449185,1.061810483337363,0.20496044316405626,1
Wen,M5-iso,GATAD2B,asd_d_proband,220,181,13841,226,49.2009,4.593407762296033,4.014019701860873,5.232933778987817,4.677257997661275e-75,5.010062893648711e-74
Wen,M5-iso,GATAD2B,asd_da_proband,220,181,24839,182,88.2958,2.061253043851068,1.7726566753947073,2.383442564435903,2.338603034126322e-18,2.86987263644415e-17
Wen,M5-iso,GATAD2B,proband,220,181,38680,389,137.4968,2.8291577602884606,2.5549633528151348,3.124760835213919,1.062059478947276e-68,1.28915943136047e-67
Wen,M5-iso,GATAD2B,sibling,220,181,9567,35,34.0081,1.029168060806311,0.7168532631434364,1.4313236365492727,0.8635151767127631,1
Wen,M50-xx,Z95114.1,asd_d_proband,7371,1799,13841,198,164.0939,1.2066265024979443,1.0444015347451447,1.3869094629516552,0.009920754771534788,0.014874456010080422
Wen,M50-xx,Z95114.1,asd_da_proband,7371,1799,24839,312,294.4821,1.0594869820990822,0.9451737603208753,1.1838154842223594,0.30768959936156925,0.419542944057019
Wen,M50-xx,Z95114.1,proband,7371,1799,38680,492,458.576,1.0728864878318385,0.9801661103533886,1.1720140814041953,0.11773079697345898,0.1602993309626691
Wen,M50-xx,Z95114.1,sibling,7371,1799,9567,106,113.4229,0.9345557839468422,0.765137701981541,1.1303182995519323,0.541329456378528,1
Wen,M51-iso,AL022322.2,asd_d_proband,10179,6768,13841,2832,1148.0643,2.4667608470602884,2.3767378912468353,2.5593208313234395,0,0
Wen,M51-iso,AL022322.2,asd_da_proband,10179,6768,24839,3033,2060.3113,1.4721076482499509,1.4201784975781875,1.5254502039672067,4.0539394024052915e-89,9.153795170631149e-87
Wen,M51-iso,AL022322.2,proband,10179,6768,38680,5633,3208.3756,1.7557171526957522,1.7101637695296683,1.8021767073552044,0,0
Wen,M51-iso,AL022322.2,sibling,10179,6768,9567,787,793.5504,0.9917454681728395,0.9236581788370332,1.0635238378510323,0.8313358170739813,1
Wen,M52-tr2,Z95114.1,asd_d_proband,4793,1525,13841,118,133.733,0.8823548238216458,0.730348409812832,1.0566686906923044,0.1801410443349656,0.223720315929935
Wen,M52-tr2,Z95114.1,asd_da_proband,4793,1525,24839,239,239.9968,0.9958467700967725,0.8735854272755578,1.1304294586751489,1,1
Wen,M52-tr2,Z95114.1,proband,4793,1525,38680,351,373.7298,0.9391811701174576,0.8434869535372741,1.0427586256556083,0.254991764688156,0.3264995007390612
Wen,M52-tr2,Z95114.1,sibling,4793,1525,9567,81,92.4373,0.8762700547589856,0.6958849092113508,1.089123668985378,0.25236039230910573,1
Wen,M53-xy,Z95114.1,asd_d_proband,4922,1409,13841,97,109.8308,0.8831763062427996,0.7161964890019528,1.077400196008116,0.2329279520276932,0.28235227264292734
Wen,M53-xy,Z95114.1,asd_da_proband,4922,1409,24839,196,197.102,0.9944091403992191,0.8600603026353845,1.143793608048015,0.9715893098304864,1
Wen,M53-xy,Z95114.1,proband,4922,1409,38680,287,306.9328,0.9350580534176247,0.8299965050778633,1.0497361863036456,0.26563362365388654,0.3382678176217461
Wen,M53-xy,Z95114.1,sibling,4922,1409,9567,70,75.9159,0.9220732218778914,0.7188013121534959,1.16498404433972,0.5656164924114233,1
Wen,M54-iso,ABHD8,asd_d_proband,5530,4602,13841,1641,697.4451,2.3528734105677422,2.240398130883912,2.469533122989642,1.791290971174674e-202,7.981992567554348e-201
Wen,M54-iso,ABHD8,asd_da_proband,5530,4602,24839,1817,1251.632,1.4517046545404808,1.3857149465079381,1.5200250947396934,1.2782429609726899e-50,4.912727942836513e-49
Wen,M54-iso,ABHD8,proband,5530,4602,38680,3335,1949.0771,1.711066238905723,1.6534816773600867,1.7701444477685158,2.3724021860933374e-178,9.334175497698268e-177
Wen,M54-iso,ABHD8,sibling,5530,4602,9567,479,482.0791,0.9936128259450815,0.9066124981214576,1.0867092131815206,0.9093475527582173,1
Wen,M55-gene,NDUFV1,asd_d_proband,2896,2449,13841,659,318.4933,2.0691173544562127,1.9141361315336896,2.233305253288653,2.1778066438646764e-62,1.783879853871507e-61
Wen,M55-gene,NDUFV1,asd_da_proband,2896,2449,24839,786,571.5667,1.375167550721967,1.2806978311347297,1.4747619217910464,2.1318734443108445e-17,2.359691292771513e-16
Wen,M55-gene,NDUFV1,proband,2896,2449,38680,1393,890.06,1.565063014655036,1.4839450471610711,1.6494621787820671,1.2753529088033089e-54,1.1280447046081979e-53
Wen,M55-gene,NDUFV1,sibling,2896,2449,9567,240,220.1449,1.0901911322838587,0.9566169541528391,1.237197162533892,0.17765607860416038,1
Wen,M56-xx,NDUFV1,asd_d_proband,2346,2034,13841,610,279.4849,2.1825863669371857,2.012797112595813,2.362872610874755,2.8252701529714523e-65,2.4782290948111797e-64
Wen,M56-xx,NDUFV1,asd_da_proband,2346,2034,24839,718,501.5625,1.4315265546598988,1.328718256636229,1.5401779544253045,1.030841701719529e-19,1.3532793967922654e-18
Wen,M56-xx,NDUFV1,proband,2346,2034,38680,1278,781.0474,1.6362643193545083,1.5477740566221867,1.728495211114358,1.5511956499362366e-59,1.4749285304810382e-58
Wen,M56-xx,NDUFV1,sibling,2346,2034,9567,198,193.182,1.0249401074982756,0.8871419773036822,1.1780771689543317,0.7189530245954177,1
Wen,M57-xx,SKP1,asd_d_proband,1851,1570,13841,325,159.71190000000001,2.0349144285397482,1.819668836525791,2.2686196339138194,1.9672208738478916e-30,8.560484583853716e-30
Wen,M57-xx,SKP1,asd_da_proband,1851,1570,24839,379,286.6183,1.3223163300211729,1.1925247888834996,1.4623802921785778,1.927725330688169e-7,8.212837352252615e-7
Wen,M57-xx,SKP1,proband,1851,1570,38680,678,446.3301,1.5190549606613515,1.4068493688890016,1.6378290805440232,2.239418599046602e-24,9.257886309826714e-24
Wen,M57-xx,SKP1,sibling,1851,1570,9567,126,110.394,1.1413662594279215,0.9507885750319277,1.3589419434289436,0.1398612315985206,1
Wen,M58-gene,UQCRFS1,asd_d_proband,825,612,13841,59,43.8794,1.3445940434260064,1.0235672845144888,1.7344283512352183,0.02811150607291264,0.03979189042595258
Wen,M58-gene,UQCRFS1,asd_da_proband,825,612,24839,96,78.7458,1.2191124474740707,0.9874849965033332,1.488744957072151,0.05518103169124402,0.09425020390229122
Wen,M58-gene,UQCRFS1,proband,825,612,38680,150,122.6252,1.2232393227608116,1.0353184584696475,1.4354074603390852,0.016565565882180056,0.025716068940908086
Wen,M58-gene,UQCRFS1,sibling,825,612,9567,35,30.3298,1.1539816697352612,0.8037905149420671,1.6049091522939605,0.36415457356004344,1
Wen,M59-iso,PSMB4,asd_d_proband,8893,7475,13841,2373,1061.3732,2.2357828617769124,2.146722812278088,2.327588754494991,4.621690062600818e-262,3.677544806955222e-260
Wen,M59-iso,PSMB4,asd_da_proband,8893,7475,24839,2665,1904.7358,1.3991441439458663,1.3465226671096346,1.4532950910416529,1.221209710030185e-60,8.617161016400494e-59
Wen,M59-iso,PSMB4,proband,8893,7475,38680,4831,2966.109,1.6287331106844654,1.5831250574031455,1.675321699928401,6.247344704841171e-216,4.752146872149184e-214
Wen,M59-iso,PSMB4,sibling,8893,7475,9567,724,733.6289,0.9868749956581625,0.9162891852262656,1.0614553739833779,0.7396700451018448,1
Wen,M6-iso,TNRC6C,asd_d_proband,2193,2010,13841,1467,482.0215,3.043432863830721,2.8896682635379136,3.203254862814377,7.355469173246332e-284,6.8283272158303445e-282
Wen,M6-iso,TNRC6C,asd_da_proband,2193,2010,24839,1464,865.0337,1.692419614457897,1.6068263737683781,1.7813882407079922,1.4600047667293408e-76,1.3736211513645214e-74
Wen,M6-iso,TNRC6C,proband,2193,2010,38680,2798,1347.0552,2.0771235298358133,2.0008652430295832,2.155544150243479,1.3601424140861164e-260,1.293268745393549e-258
Wen,M6-iso,TNRC6C,sibling,2193,2010,9567,319,333.1768,0.9574497494462968,0.8552531992179606,1.068496615989387,0.45945703270412885,1
Wen,M60-tr2,RIC8A,asd_d_proband,4234,3278,13841,734,375.2837,1.955853755692291,1.8169007651246432,2.1026149305601485,3.623683431983333e-60,2.8629669100917965e-59
Wen,M60-tr2,RIC8A,asd_da_proband,4234,3278,24839,863,673.4825,1.2813992790123947,1.1973218696503531,1.3698234988034228,2.529423659600961e-12,1.8189294978913917e-11
Wen,M60-tr2,RIC8A,proband,4234,3278,38680,1534,1048.7662,1.4626711024824577,1.3903832434640107,1.5377424565498343,1.3387720369220158e-44,9.791915988000128e-44
Wen,M60-tr2,RIC8A,sibling,4234,3278,9567,280,259.3988,1.079418965612999,0.9566763397057464,1.2135431041835325,0.20291924962439245,1
Wen,M61-tr1,COPE,asd_d_proband,2734,2254,13841,448,233.2504,1.9206824484007525,1.7469228661509932,2.1070477310368743,1.073246493348286e-35,5.509661721612859e-35
Wen,M61-tr1,COPE,asd_da_proband,2734,2254,24839,588,418.5902,1.4047150678736338,1.29345476714501,1.522985749485486,5.5978615791839434e-15,5.096762679756994e-14
Wen,M61-tr1,COPE,proband,2734,2254,38680,997,651.8407,1.5295149112111435,1.4360351103301208,1.6274823128013003,4.5756596830543906e-36,2.705092071691741e-35
Wen,M61-tr1,COPE,sibling,2734,2254,9567,179,161.2244,1.1102538283870969,0.9535596702803689,1.2853492124931138,0.16784352960947332,1
Wen,M62-xy,PSMD3,asd_d_proband,3278,2636,13841,572,295.9639,1.932667929636461,1.7775094985501398,2.0977432154233395,7.388257158732125e-46,4.5980550138701604e-45
Wen,M62-xy,PSMD3,asd_da_proband,3278,2636,24839,678,531.1356,1.2765101322417503,1.1822202095590135,1.3763197977276633,9.114110261934671e-10,4.865044112902058e-9
Wen,M62-xy,PSMD3,proband,3278,2636,38680,1203,827.0996,1.4544802949863054,1.3734405864659627,1.5390533668219053,1.9688222068851327e-34,1.1288573558070033e-33
Wen,M62-xy,PSMD3,sibling,3278,2636,9567,214,204.5724,1.0460842885430446,0.9106152829477661,1.196025475593905,0.5063972053354298,1
Wen,M63-gene,RPL7A,asd_d_proband,765,566,13841,119,69.8708,1.7031447217489828,1.4109141866151056,2.0380665837118492,8.290860563059369e-8,1.7103738272681735e-7
Wen,M63-gene,RPL7A,asd_da_proband,765,566,24839,177,125.3898,1.4115986003948784,1.2112955770263492,1.6355648767620317,1.4032537909592235e-5,4.592097188385401e-5
Wen,M63-gene,RPL7A,proband,765,566,38680,282,195.2605,1.4442244832478521,1.2805649229185805,1.6230030594344655,5.037760358301847e-9,1.197517618504668e-8
Wen,M63-gene,RPL7A,sibling,765,566,9567,55,48.2952,1.138830200764552,0.8579227607139412,1.4823440431848751,0.3139062902960063,1
Wen,M64-xx,IMPDH2,asd_d_proband,862,727,13841,197,96.3114,2.045448707822935,1.7697766338458798,2.3518895045949715,2.5019139424447464e-19,7.873254609840248e-19
Wen,M64-xx,IMPDH2,asd_da_proband,862,727,24839,230,172.84,1.3307104412200899,1.1642782537008045,1.5142583802930694,3.285396038758699e-5,1.0024897642590733e-4
Wen,M64-xx,IMPDH2,proband,862,727,38680,408,269.1514,1.5158754994134764,1.3723360713346553,1.6703473220950458,3.818722645185646e-15,1.1712802521926941e-14
Wen,M64-xx,IMPDH2,sibling,862,727,9567,68,66.5711,1.021463787277678,0.7932065993865688,1.2949487465086302,0.8539606467889793,1
Wen,M65-iso,SATB2-AS1,asd_d_proband,656,489,13841,514,122.1089,4.209359065095262,3.8532763226824325,4.589496185649559,5.151872610641397e-153,1.3664728781558374e-151
Wen,M65-iso,SATB2-AS1,asd_da_proband,656,489,24839,388,219.136,1.770589731109873,1.5987735729090207,1.955839030621916,8.955642506964787e-25,1.5555262139020377e-23
Wen,M65-iso,SATB2-AS1,proband,656,489,38680,862,341.2449,2.5260452351141054,2.3602074567642313,2.7004619552190725,4.276341348269179e-123,1.0607185822554638e-121
Wen,M65-iso,SATB2-AS1,sibling,656,489,9567,88,84.4025,1.0426228080879818,0.8362139801676628,1.2845404603316553,0.6633067808482327,1
Wen,M66-gene,ARPP21,asd_d_proband,566,366,13841,253,70.7916,3.573868181978928,3.147017660648986,4.042465711235778,5.356470990793256e-63,4.420080506476805e-62
Wen,M66-gene,ARPP21,asd_da_proband,566,366,24839,197,127.0424,1.5506636132477756,1.341675408033992,1.782977721810692,9.053889798924343e-9,4.4059661995627514e-8
Wen,M66-gene,ARPP21,proband,566,366,38680,430,197.834,2.1735391524979715,1.9729296020279827,2.389015864126555,3.0772355183082845e-46,2.309951135782732e-45
Wen,M66-gene,ARPP21,sibling,566,366,9567,41,48.9317,0.8379026428453145,0.6012934029655407,1.1367095478334375,0.28336417234554556,1
Wen,M67-xx,MEF2C,asd_d_proband,473,324,13841,216,58.7353,3.677513301815341,3.203404485734048,4.202022863131645,5.12594750984539e-56,3.7567799512945815e-55
Wen,M67-xx,MEF2C,asd_da_proband,473,324,24839,188,105.4062,1.7835763768223123,1.5377240918147097,2.0575578700565225,3.768971578767553e-13,2.996597825653921e-12
Wen,M67-xx,MEF2C,proband,473,324,38680,388,164.1415,2.363813616095664,2.1344316383938975,2.611129416512208,7.081568128978775e-50,5.611159191086655e-49
Wen,M67-xx,MEF2C,sibling,473,324,9567,38,40.5983,0.9359998786318873,0.6623692220048999,1.2847329625819144,0.753547458009328,1
Wen,M68-iso,TMOD2,asd_d_proband,2759,2155,13841,960,378.1661,2.538566865407993,2.3805023857637764,2.704368123294102,6.205462624376034e-138,1.4107929313377351e-136
Wen,M68-iso,TMOD2,asd_da_proband,2759,2155,24839,1007,678.6553,1.4838165331401232,1.3935740385634663,1.578369091150321,6.159931017155517e-32,1.6173400275275764e-30
Wen,M68-iso,TMOD2,proband,2759,2155,38680,1897,1056.8215,1.795005188347244,1.715129528796886,1.8776407580428505,2.2987510639855294e-119,5.580585029803168e-118
Wen,M68-iso,TMOD2,sibling,2759,2155,9567,256,261.3912,0.9793750457227842,0.8630673804432397,1.106987546121334,0.7806903644726234,1
Wen,M69-gene,FAM8A1,asd_d_proband,1827,1443,13841,472,228.9451,2.0616298486374327,1.8798115818712617,2.256285732606565,9.342229723070381e-45,5.687018530874538e-44
Wen,M69-gene,FAM8A1,asd_da_proband,1827,1443,24839,568,410.8639,1.3824530520172558,1.2710850510140272,1.5009649607952618,2.1361512162876593e-13,1.7476193646295416e-12
Wen,M69-gene,FAM8A1,proband,1827,1443,38680,1005,639.8089,1.570781435061788,1.4751564026190918,1.670978266654725,1.8125565244614625e-40,1.2165452908297227e-39
Wen,M69-gene,FAM8A1,sibling,1827,1443,9567,173,158.2485,1.0932172920405667,0.9363786269188726,1.2688109909860077,0.23314849988945996,1
Wen,M7-tr1,DOT1L,asd_d_proband,768,488,13841,409,128.8964,3.173091871426155,2.872987720327139,3.496023747858121,9.993511409488269e-86,1.265087694337492e-84
Wen,M7-tr1,DOT1L,asd_da_proband,768,488,24839,392,231.3169,1.6946451253873962,1.5310182888489086,1.8709966485611855,6.421770616098186e-22,9.415816916330977e-21
Wen,M7-tr1,DOT1L,proband,768,488,38680,766,360.2132,2.1265182361313073,1.9785723386658725,2.282596896532007,6.4265538393680585e-77,8.729402298474947e-76
Wen,M7-tr1,DOT1L,sibling,768,488,9567,72,89.0941,0.8081342805210039,0.632315303427557,1.0177113805940228,0.07149760111173517,1
Wen,M70-tr1,RAB2A,asd_d_proband,1279,1008,13841,380,145.0346,2.62006481643406,2.363223024505881,2.8972065819825805,5.116571132005878e-59,3.930938097278998e-58
Wen,M70-tr1,RAB2A,asd_da_proband,1279,1008,24839,411,260.2784,1.5790781409193557,1.4300871271177287,1.7393735656418874,6.591204996308131e-18,7.751531709199874e-17
Wen,M70-tr1,RAB2A,proband,1279,1008,38680,762,405.313,1.8800284145681865,1.7488946180707465,2.018390255690854,3.720280065401249e-56,3.39587164369826e-55
Wen,M70-tr1,RAB2A,sibling,1279,1008,9567,111,100.249,1.1072434302105607,0.9108656069812634,1.3334067028227725,0.2719333630457027,1
Wen,M71-xy,TMOD2,asd_d_proband,1006,766,13841,336,137.4373,2.4447504350102167,2.1903042473873287,2.720641575317545,3.308375500155019e-46,2.0940513108935742e-45
Wen,M71-xy,TMOD2,asd_da_proband,1006,766,24839,360,246.6445,1.4595907977795464,1.3126923893656843,1.6184317159783397,1.3036406506745581e-11,8.507573957292347e-11
Wen,M71-xy,TMOD2,proband,1006,766,38680,673,384.0818,1.7522308493428314,1.6223309606480434,1.8897641897562998,2.0796106769460587e-40,1.3795556874392169e-39
Wen,M71-xy,TMOD2,sibling,1006,766,9567,100,94.9977,1.052657161366217,0.8564838806762247,1.2803131549960975,0.6076286992972916,1
Wen,M72-tr2,GNAQ,asd_d_proband,1462,1081,13841,417,179.478,2.323404237885504,2.1057274997113113,2.557472680028614,1.6625710735431148e-51,1.1432741826710061e-50
Wen,M72-tr2,GNAQ,asd_da_proband,1462,1081,24839,461,322.0905,1.4312747469318985,1.303586408975111,1.5680898265005354,3.1524063828889306e-13,2.5421905759154305e-12
Wen,M72-tr2,GNAQ,proband,1462,1081,38680,843,501.5685,1.6807274768618152,1.5691704227470686,1.7981219989961392,8.777631376557368e-44,6.259548375407473e-43
Wen,M72-tr2,GNAQ,sibling,1462,1081,9567,127,124.0565,1.0237269533848756,0.8534350356964976,1.2180408489482681,0.7875258563697327,1
Wen,M73-xx,TMOD2,asd_d_proband,690,481,13841,226,82.6405,2.734737320067118,2.3897920781752178,3.1154863751274244,1.3708182773415203e-38,7.635457804792269e-38
Wen,M73-xx,TMOD2,asd_da_proband,690,481,24839,220,148.3063,1.4834168922820088,1.2938595577724241,1.6929309635677265,3.433150634314701e-8,1.5820518637311417e-7
Wen,M73-xx,TMOD2,proband,690,481,38680,428,230.9467,1.8532412165324017,1.6818045038112261,2.037413935588053,4.848266476135886e-31,2.5492497922908044e-30
Wen,M73-xx,TMOD2,sibling,690,481,9567,66,57.1217,1.1554277888803015,0.8936077682152562,1.4699874450885368,0.2334077275232952,1
Wen,M74-tr1,ZNF598,asd_d_proband,355,323,13841,121,62.1047,1.9483233083172922,1.6166670194805792,2.327997738552101,3.721459338191314e-11,9.091459874441062e-11
Wen,M74-tr1,ZNF598,asd_da_proband,355,323,24839,139,111.4528,1.2471647208180452,1.0484581084070494,1.472576368981689,0.011935706223932821,0.023892575047553467
Wen,M74-tr1,ZNF598,proband,355,323,38680,250,173.5575,1.4404449579095504,1.2674071608322144,1.6305128515143967,5.235923623854225e-8,1.1783409970054578e-7
Wen,M74-tr1,ZNF598,sibling,355,323,9567,42,42.9272,0.9784004435336213,0.7051449808185021,1.3225131691684944,1,1
Wen,M75-iso,DHX34,asd_d_proband,413,382,13841,186,69.876,2.661857073433951,2.2930472792833525,3.073104415204523,1.4875102796939775e-30,6.523962407791697e-30
Wen,M75-iso,DHX34,asd_da_proband,413,382,24839,195,125.3992,1.5550335411475418,1.344423763913628,1.789277655241342,9.436724491591248e-9,4.533643383407029e-8
Wen,M75-iso,DHX34,proband,413,382,38680,368,195.2753,1.8845193900394395,1.6968729740363417,2.087247074388779,3.1744795583123297e-28,1.4967277586918875e-27
Wen,M75-iso,DHX34,sibling,413,382,9567,40,48.2988,0.8281775897074354,0.591662212035674,1.1277428189314387,0.24981943336694382,1
Wen,M76-iso,MBD3,asd_d_proband,981,917,13841,396,162.929,2.430505887735453,2.1969859939073664,2.682090012289738,1.1389863608708444e-53,7.980067962327802e-53
Wen,M76-iso,MBD3,asd_da_proband,981,917,24839,442,292.3918,1.5116704445852207,1.3740102486207721,1.659387673602658,4.359791378875402e-16,4.20701236474387e-15
Wen,M76-iso,MBD3,proband,981,917,38680,808,455.3208,1.7745729430848225,1.654307131328278,1.9012707165896026,3.622332278499087e-50,2.8902665243129076e-49
Wen,M76-iso,MBD3,sibling,981,917,9567,115,112.6177,1.021153491404279,0.8430669354224762,1.2257401160106072,0.8136356908211562,1
Wen,M77-iso,PACS2,asd_d_proband,2167,1934,13841,1037,385.8141,2.687822717131777,2.526700359200325,2.85652541336064,7.568942820164754e-165,2.2188953425430356e-163
Wen,M77-iso,PACS2,asd_da_proband,2167,1934,24839,1068,692.3804,1.542504634972181,1.4513700516366312,1.6378625624565026,6.980794272472663e-40,2.318034333418128e-38
Wen,M77-iso,PACS2,proband,2167,1934,38680,2016,1078.1946,1.8697924199471412,1.7890544716424854,1.9532349474008488,5.62669427939732e-143,1.6894889928400903e-141
Wen,M77-iso,PACS2,sibling,2167,1934,9567,271,266.6775,1.016208561245767,0.8988093244769207,1.1446822123888956,0.7828318352783541,1
Wen,M78-gene,TSC2,asd_d_proband,879,656,13841,204,114.0985,1.7879282566645918,1.5509836024822263,2.0508346510413227,3.089422519916968e-14,8.394187041920739e-14
Wen,M78-gene,TSC2,asd_da_proband,879,656,24839,284,204.7608,1.3869845452045428,1.230349106130915,1.5580365387827142,1.507735943857064e-7,6.497075880208494e-7
Wen,M78-gene,TSC2,proband,879,656,38680,472,318.8593,1.4802767656479332,1.3497289100072996,1.6200421956675874,1.1939468792038478e-15,3.691852003175041e-15
Wen,M78-gene,TSC2,sibling,879,656,9567,60,78.8657,0.7607866194607263,0.5805603388849976,0.9792831849898558,0.03222233645425092,1
Wen,M79-xx,TSC2,asd_d_proband,829,562,13841,180,95.7469,1.8799562579292823,1.6153409325062627,2.1755545943729064,1.48687503822465e-14,4.130620430379701e-14
Wen,M79-xx,TSC2,asd_da_proband,829,562,24839,236,171.827,1.373474508630203,1.203818456882703,1.560342504409214,3.143321875439349e-6,1.1159781123808255e-5
Wen,M79-xx,TSC2,proband,829,562,38680,398,267.5739,1.4874395147172927,1.344878671121552,1.6409994347088788,9.331026887187431e-14,2.736941305470658e-13
Wen,M79-xx,TSC2,sibling,829,562,9567,57,66.181,0.8612748976585916,0.6523211966525818,1.1158815287835508,0.29544239461727295,1
Wen,M8-xy,KMT2B,asd_d_proband,599,435,13841,483,132.4727,3.6460348632032975,3.3280839641444304,3.9861684476435704,1.8631529957416685e-121,3.916136674068337e-120
Wen,M8-xy,KMT2B,asd_da_proband,599,435,24839,435,237.7349,1.8297691639828926,1.6618381974615202,2.0100708923189097,1.777492633885542e-30,4.362585181862559e-29
Wen,M8-xy,KMT2B,proband,599,435,38680,870,370.2076,2.350032898871307,2.1964495276814344,2.511523638231514,5.3391813761273265e-108,1.218401190032256e-106
Wen,M8-xy,KMT2B,sibling,599,435,9567,88,91.5661,0.9610545808801697,0.7707938767519805,1.1840461230572703,0.7538990122096563,1
Wen,M80-tr2,MAPK8IP3,asd_d_proband,1246,948,13841,295,164.4386,1.793982416064422,1.595084133432323,2.010825812293425,5.278013910233907e-20,1.7092172953490036e-19
Wen,M80-tr2,MAPK8IP3,asd_da_proband,1246,948,24839,431,295.1009,1.460517608318554,1.3258699632767759,1.6051319349017452,1.2302776317970503e-13,1.0213113575726983e-12
Wen,M80-tr2,MAPK8IP3,proband,1246,948,38680,705,459.5395,1.5341445662477964,1.4229743327747228,1.6516929513349146,2.2609643978092947e-26,1.0196681335574725e-25
Wen,M80-tr2,MAPK8IP3,sibling,1246,948,9567,105,113.6612,0.9237983021362293,0.7555754875487242,1.118314168884106,0.45278029573851597,1
Wen,M81-xy,MIB2,asd_d_proband,1021,808,13841,239,130.5778,1.8303266482887273,1.6056151760614419,2.0776842626327574,1.6443805560856525e-17,4.871914732658024e-17
Wen,M81-xy,MIB2,asd_da_proband,1021,808,24839,334,234.3343,1.4253139305687736,1.2765380563807072,1.5866679631507474,9.135423843536195e-10,4.865044112902058e-9
Wen,M81-xy,MIB2,proband,1021,808,38680,555,364.9121,1.520914107181895,1.3969956076942036,1.6528774100338215,2.3390102135763996e-20,8.609066624808619e-20
Wen,M81-xy,MIB2,sibling,1021,808,9567,90,90.2563,0.9971601309534583,0.8018345002710852,1.2256790942451785,1,1
Wen,M82-iso,PRDM2,asd_d_proband,328,302,13841,453,102.7612,4.408277818063409,4.011626268884426,4.833539697450554,4.335964849388468e-142,1.050057574395381e-140
Wen,M82-iso,PRDM2,asd_da_proband,328,302,24839,337,184.4148,1.827401667204601,1.637482883697296,2.0333021314524964,7.951633455425874e-24,1.3010716190109873e-22
Wen,M82-iso,PRDM2,proband,328,302,38680,750,287.1761,2.6116382544419334,2.428048843779562,2.8054301185925876,5.2086480947521764e-114,1.2381390575233818e-112
Wen,M82-iso,PRDM2,sibling,328,302,9567,79,71.0293,1.1122170303283236,0.8805526968923425,1.3861542710647499,0.34195981539549797,1
Wen,M83-tr2,ZMIZ2,asd_d_proband,593,424,13841,471,112.4428,4.188795916133778,3.818996763158376,4.584734191076025,1.2525663362423274e-139,2.906997705362401e-138
Wen,M83-tr2,ZMIZ2,asd_da_proband,593,424,24839,362,201.7894,1.7939495521113646,1.6138862748971812,1.988609301897592,3.4398050402460224e-24,5.796328194683223e-23
Wen,M83-tr2,ZMIZ2,proband,593,424,38680,791,314.2322,2.5172467050505993,2.344857430306228,2.698957018871737,2.3515099350309624e-112,5.475658848714955e-111
Wen,M83-tr2,ZMIZ2,sibling,593,424,9567,77,77.7213,0.9907195069194614,0.7818603417376051,1.2382293980565484,1,1
Wen,M84-gene,SRCIN1,asd_d_proband,349,275,13841,418,81.737,5.113961320336064,4.635400226604756,5.628514596629865,1.4486512535664115e-152,3.753017433658099e-151
Wen,M84-gene,SRCIN1,asd_da_proband,349,275,24839,288,146.6849,1.9633919500737074,1.7431603904325508,2.2037451866408477,6.108164251394503e-25,1.0775183499725616e-23
Wen,M84-gene,SRCIN1,proband,349,275,38680,676,228.422,2.9594353446698904,2.740518559633029,3.1911870914072202,1.614201485977916e-126,4.1859179443200054e-125
Wen,M84-gene,SRCIN1,sibling,349,275,9567,48,56.4972,0.8495991890157281,0.6264273736198712,1.1264452651761652,0.28675500977015367,1
Wen,M85-xx,MRTFA,asd_d_proband,329,284,13841,237,64.1428,3.6948819232920878,3.2394099905895875,4.196459506815528,1.2563909338006905e-61,1.0142170291695428e-60
Wen,M85-xx,MRTFA,asd_da_proband,329,284,24839,205,115.1104,1.7808996169183695,1.5454421450515266,2.0420892004712474,3.98166886513148e-14,3.4055334460101826e-13
Wen,M85-xx,MRTFA,proband,329,284,38680,424,179.2531,2.3653699659350518,2.1455535180346943,2.6015964953571604,2.8167100531082883e-54,2.4722047466127365e-53
Wen,M85-xx,MRTFA,sibling,329,284,9567,38,44.336,0.8570921344031411,0.6065294058380951,1.1764259186089716,0.40782880380326814,1
Wen,M86-gene,PPP2R2C,asd_d_proband,1479,1011,13841,388,162.8502,2.382557010075667,2.1513561932104817,2.6318338523667144,1.289204625356428e-50,8.704084561497339e-50
Wen,M86-gene,PPP2R2C,asd_da_proband,1479,1011,24839,403,292.2504,1.3789546478613293,1.2475931122101314,1.5203855114212523,9.033368475771755e-10,4.856510956736339e-9
Wen,M86-gene,PPP2R2C,proband,1479,1011,38680,758,455.1006,1.6655657612924069,1.5490903554131106,1.78847867367848,2.049092270318375e-38,1.2637915029369006e-37
Wen,M86-gene,PPP2R2C,sibling,1479,1011,9567,119,112.5633,1.0571831482572769,0.8757885825432811,1.2650772537484938,0.5398145880419036,1
Wen,M87-tr2,PPP2R2C,asd_d_proband,1632,1167,13841,527,201.4402,2.6161604466457913,2.3975379778578705,2.8493615467207314,5.798653062276691e-81,6.659484032346633e-80
Wen,M87-tr2,PPP2R2C,asd_da_proband,1632,1167,24839,529,361.5038,1.4633317423051437,1.341273073640195,1.593513820040749,1.5430705853022042e-16,1.583751537096535e-15
Wen,M87-tr2,PPP2R2C,proband,1632,1167,38680,1016,562.9441,1.8047974608914277,1.695513258682314,1.9192774044563756,7.43100080171108e-66,8.478771914752342e-65
Wen,M87-tr2,PPP2R2C,sibling,1632,1167,9567,131,139.237,0.9408421170268838,0.7866360820844034,1.1164417720429873,0.5248294734789358,1
Wen,M88-xx,FBXO41,asd_d_proband,1298,1010,13841,475,188.6785,2.517509359805636,2.296172436263911,2.754422874466123,2.808142759317133e-68,2.6068925282327384e-67
Wen,M88-xx,FBXO41,asd_da_proband,1298,1010,24839,493,338.6017,1.4559878963846253,1.330284143297178,1.590368957352652,3.4777052229069e-15,3.2719409972182414e-14
Wen,M88-xx,FBXO41,proband,1298,1010,38680,933,527.2803,1.7694574809112351,1.657724705439985,1.8867399379034973,4.4030691716557687e-57,4.051533810370348e-56
Wen,M88-xx,FBXO41,sibling,1298,1010,9567,140,130.416,1.0734880508919966,0.9030378640401351,1.2667579991927154,0.4051459863459782,1
Wen,M89-iso,RIMS1,asd_d_proband,2653,2065,13841,1046,402.7205,2.5973348352244274,2.442297780986797,2.7596336792486778,1.2966790396322074e-156,3.523171829634827e-155
Wen,M89-iso,RIMS1,asd_da_proband,2653,2065,24839,1081,722.7205,1.4957372546943404,1.4078907336170947,1.5876295742132045,2.3897649406100258e-35,6.918063122945434e-34
Wen,M89-iso,RIMS1,proband,2653,2065,38680,2047,1125.441,1.8188425337039278,1.7408950752648982,1.899380885500472,7.048949955266012e-134,2.0622697176816717e-132
Wen,M89-iso,RIMS1,sibling,2653,2065,9567,281,278.3633,1.0094719838080577,0.894881387286258,1.1346683175211625,0.8572932331377852,1
Wen,M9-iso,FNBP4,asd_d_proband,1800,1655,13841,1354,407.116,3.3258336156685373,3.1510222301070696,3.5078194541712278,5.799670806205729e-298,6.460833278113183e-296
Wen,M9-iso,FNBP4,asd_da_proband,1800,1655,24839,1293,730.6086,1.7697574136757535,1.6745968742909465,1.8689166062229632,1.6307761857229651e-78,1.6737693760738433e-76
Wen,M9-iso,FNBP4,proband,1800,1655,38680,2514,1137.7246,2.2096736195716615,2.1241330087467754,2.297775303152271,2.5530786707119975e-270,2.913062763282389e-268
Wen,M9-iso,FNBP4,sibling,1800,1655,9567,269,281.4015,0.9559294225049483,0.8450969640897329,1.0772576105360578,0.49286358193566615,1
Wen,M90-tr1,PPP2R2C,asd_d_proband,2269,1304,13841,491,205.6149,2.387959659684891,2.181383498327463,2.6088258381636504,1.032615260510302e-63,8.584577613496093e-63
Wen,M90-tr1,PPP2R2C,asd_da_proband,2269,1304,24839,522,368.9956,1.4146511531937906,1.2958817661733233,1.5413797804738694,5.807549754267754e-14,4.89307736758828e-13
Wen,M90-tr1,PPP2R2C,proband,2269,1304,38680,976,574.6104,1.698542095785452,1.5936385941664808,1.8085369244254814,2.8815056970348316e-52,2.4354059261605504e-51
Wen,M90-tr1,PPP2R2C,sibling,2269,1304,9567,136,142.1225,0.9569210250611151,0.8028599998309615,1.1319304445697533,0.6444825646169067,1
Wen,M91-xy,PPP2R2C,asd_d_proband,1559,1057,13841,452,191.2458,2.36345018793689,2.1505602218281306,2.5917134698060225,9.936933601123078e-58,7.379829354434073e-57
Wen,M91-xy,PPP2R2C,asd_da_proband,1559,1057,24839,486,343.209,1.4160469377570284,1.29293419919288,1.5477214100917134,4.150038784301628e-13,3.2313060603286473e-12
Wen,M91-xy,PPP2R2C,proband,1559,1057,38680,903,534.4548,1.6895722669020574,1.581155169776283,1.80346552590217,1.0644692093586419e-47,8.151405153545037e-47
Wen,M91-xy,PPP2R2C,sibling,1559,1057,9567,130,132.1905,0.9834291241418197,0.8216524513303888,1.1677422265872983,0.8961708178661998,1
Wen,M92-iso,SYT5,asd_d_proband,245,209,13841,69,37.9978,1.8158955329198019,1.412875114017064,2.2981320167254538,6.575368936797366e-6,1.22902030127387e-5
Wen,M92-iso,SYT5,asd_da_proband,245,209,24839,85,68.1907,1.2465050904912582,0.9956639934268663,1.5413228479007735,0.045464686240092894,0.07921239315596432
Wen,M92-iso,SYT5,proband,245,209,38680,148,106.1884,1.3937487412620688,1.1782527419331827,1.6372501648407984,1.2138118150116891e-4,2.1983480649656148e-4
Wen,M92-iso,SYT5,sibling,245,209,9567,27,26.2643,1.0280097374593227,0.6774648946564653,1.4957001954041755,0.8450146054684748,1
Wen,M93-tr1,REEP2,asd_d_proband,1307,958,13841,457,159.7156,2.861335806356102,2.604978900989261,3.1360993862652826,8.200723689480813e-82,9.930006728349593e-81
Wen,M93-tr1,REEP2,asd_da_proband,1307,958,24839,425,286.625,1.4827738584584762,1.3451362903825757,1.6306739782170203,2.1434143694035967e-14,1.8759029636098145e-13
Wen,M93-tr1,REEP2,proband,1307,958,38680,840,446.3406,1.8819709648403233,1.7568374845999486,2.013664345745857,7.058441793432586e-62,7.190787577059447e-61
Wen,M93-tr1,REEP2,sibling,1307,958,9567,105,110.3966,0.9511162971676558,0.777918901004879,1.1513842674527055,0.6682072248298367,1
Wen,M94-xy,EVI5L,asd_d_proband,956,735,13841,429,129.043,3.3244744787457723,3.017289168433633,3.6544528555944544,7.760667440302047e-96,1.1842991134926684e-94
Wen,M94-xy,EVI5L,asd_da_proband,956,735,24839,375,231.5799,1.6193112758162649,1.4595448743598833,1.7917926259026298,5.090591539235492e-18,6.11412536999667e-17
Wen,M94-xy,EVI5L,proband,956,735,38680,768,360.6229,2.1296485277518205,1.981674426723596,2.285746026547942,1.8825675317067332e-77,2.6195238459480275e-76
Wen,M94-xy,EVI5L,sibling,956,735,9567,80,89.1954,0.8969069572210073,0.7111914360893117,1.11627834640497,0.3676836490097623,1
Wen,M95-xy,LAPTM5,asd_d_proband,310,286,13841,27,25.6463,1.052781570052441,0.693789688427019,1.5317419112556394,0.7664433116400193,0.8217688634908389
Wen,M95-xy,LAPTM5,asd_da_proband,310,286,24839,49,46.0248,1.0646428717141294,0.787628657436319,1.4075143370882617,0.6577510376732687,0.772737691501686
Wen,M95-xy,LAPTM5,proband,310,286,38680,74,71.6712,1.0324932768596,0.8107292955002242,1.2962007592494929,0.767549849649757,0.8316945664296038
Wen,M95-xy,LAPTM5,sibling,310,286,9567,21,17.7269,1.1846375617303795,0.7333093219572472,1.8108443517907995,0.404870205859234,1
Wen,M96-tr1,COL6A2,asd_d_proband,1249,1117,13841,169,141.3338,1.1957507854253133,1.0222638283549086,1.3902434152376555,0.023006854923040672,0.03273261351758277
Wen,M96-tr1,COL6A2,asd_da_proband,1249,1117,24839,250,253.637,0.9856604712497455,0.8672550329338065,1.115719178839573,0.8505738969590513,0.9182106839337528
Wen,M96-tr1,COL6A2,proband,1249,1117,38680,409,394.9708,1.0355194997060313,0.9375823100506675,1.1409063806007407,0.4810586375703047,0.565281056094457
Wen,M96-tr1,COL6A2,sibling,1249,1117,9567,110,97.691,1.1259998950521448,0.9254349726186953,1.3571343748931288,0.20597939754556874,1
Wen,M97-gene,HLA-E,asd_d_proband,735,699,13841,100,87.8387,1.1384509181486753,0.9262891054385425,1.384661350644674,0.19989873768044486,0.2471555979756
Wen,M97-gene,HLA-E,asd_da_proband,735,699,24839,171,157.6349,1.0847852796144708,0.9282846004899095,1.260116689634094,0.2821248467130842,0.38990384570057784
Wen,M97-gene,HLA-E,proband,735,699,38680,264,245.4735,1.075472331369518,0.9496413546783353,1.2133374642130805,0.23753373537522354,0.30728570528699556
Wen,M97-gene,HLA-E,sibling,735,699,9567,73,60.7147,1.2023443488460275,0.9424460378256991,1.5117675053306392,0.1228636505086741,1
Wen,M98-xx,HLA-E,asd_d_proband,741,701,13841,78,82.6095,0.9442017351191423,0.7463522897214766,1.178406497225565,0.6597860482836957,0.7220055577485628
Wen,M98-xx,HLA-E,asd_da_proband,741,701,24839,143,148.2506,0.9645829701519419,0.8129699209074663,1.1362648198428964,0.7115812896119029,0.8206080449150546
Wen,M98-xx,HLA-E,proband,741,701,38680,218,230.8601,0.9442949961024456,0.8230958362380945,1.0783157972341888,0.42947286024754455,0.5174535729064925
Wen,M98-xx,HLA-E,sibling,741,701,9567,64,57.1003,1.1208354544202146,0.8631798762647155,1.4312818527986972,0.35370312290281325,1
Wen,M99-iso,MOB1A,asd_d_proband,1613,1456,13841,505,220.9794,2.2852810492259463,2.090285278602888,2.4935705072893652,5.582133322599327e-60,4.3792229023772185e-59
Wen,M99-iso,MOB1A,asd_da_proband,1613,1456,24839,636,396.5687,1.6037575611879837,1.4815226181109702,1.7333882995325556,2.2323589527024934e-28,5.0406665152022295e-27
Wen,M99-iso,MOB1A,proband,1613,1456,38680,1105,617.5481,1.789334441396871,1.6853749875647357,1.8980281971842534,1.2750492021380027e-69,1.5643345587521089e-68
Wen,M99-iso,MOB1A,sibling,1613,1456,9567,153,152.7426,1.0016854503687818,0.8492536412587922,1.173578497755724,0.9677176601850666,1
