study,module,module_label,comparison,rate_ratio,ci_l,ci_h,p,p_fdr
GandalGenes,GeneM0_grey,GeneM0 (NA),asd_d_proband vs asd_da_proband,1.5651878552149083,1.490423177927108,1.6437029820748383,1.1247111529146252e-70,1.7076864338420394e-68
GandalGenes,GeneM0_grey,GeneM0 (NA),asd_d_proband vs sibling,2.2311874958453597,2.0729643992329008,2.4014872823956197,2.6615672810378585e-114,1.3470487739030495e-111
GandalGenes,GeneM0_grey,GeneM0 (NA),asd_da_proband vs sibling,1.4255077998538432,1.3259037502066955,1.5325942679680664,4.397426577430009e-23,8.671116043373893e-22
GandalGenes,GeneM0_grey,GeneM0 (NA),proband vs sibling,1.643329200490388,1.533859764044432,1.7606113182496588,8.975421234378793e-51,6.194400564029606e-49
GandalGenes,GeneM10_purple,COL1A2,asd_d_proband vs asd_da_proband,1.3293317683295722,0.8832089093478257,2.0007983746394684,0.19631995645523215,0.3213213804001374
GandalGenes,GeneM10_purple,COL1A2,asd_d_proband vs sibling,1.0240111711345863,0.6284835620264437,1.6684587186773656,1,1
GandalGenes,GeneM10_purple,COL1A2,asd_da_proband vs sibling,0.7703202432462368,0.48533452102627966,1.2226479911220054,0.2659900588012498,0.4119635218768082
GandalGenes,GeneM10_purple,COL1A2,proband vs sibling,0.8336173962501146,0.5425343755491981,1.2808736084738725,0.4186314391377888,0.5834963908422973
GandalGenes,GeneM11_greenyellow,EFNB3,asd_d_proband vs asd_da_proband,2.1284742403631713,1.6839245288625169,2.690383395596622,3.2149412636966144e-10,2.37728205456787e-9
GandalGenes,GeneM11_greenyellow,EFNB3,asd_d_proband vs sibling,3.7769505426728673,2.524515253307927,5.650730524644152,1.8437818853615798e-13,1.8139150081688976e-12
GandalGenes,GeneM11_greenyellow,EFNB3,asd_da_proband vs sibling,1.774487316336243,1.179260303037413,2.67015283031901,0.004304903021020952,0.011589144953162198
GandalGenes,GeneM11_greenyellow,EFNB3,proband vs sibling,2.358533811576075,1.597922356613704,3.4811965157906233,1.7575413704239413e-6,8.347863339187751e-6
GandalGenes,GeneM12_tan,PPM1K,asd_d_proband vs asd_da_proband,1.5906617175602211,1.0336531392300785,2.447827616134623,0.03890348977962517,0.08117516992496226
GandalGenes,GeneM12_tan,PPM1K,asd_d_proband vs sibling,1.418795084288496,0.8199303515779538,2.455061563859939,0.2309355819203341,0.36754422629179656
GandalGenes,GeneM12_tan,PPM1K,asd_da_proband vs sibling,0.8919527443362775,0.5208032506822892,1.5276012526549152,0.6742466439007617,0.8163725313577803
GandalGenes,GeneM12_tan,PPM1K,proband vs sibling,1.0544392549984813,0.6398009332876748,1.7377938740546237,0.9007906136608808,1
GandalGenes,GeneM13_salmon,MIDN,asd_d_proband vs asd_da_proband,1.2995314648776957,0.8736242154016868,1.933076027924293,0.21076925449377054,0.3416562114658807
GandalGenes,GeneM13_salmon,MIDN,asd_d_proband vs sibling,1.2622012225756194,0.75915046105965,2.098598378044332,0.44926489256513435,0.6162251205996683
GandalGenes,GeneM13_salmon,MIDN,asd_da_proband vs sibling,0.9712740758411805,0.5992308980733035,1.5743068881033186,0.9015914241025356,1
GandalGenes,GeneM13_salmon,MIDN,proband vs sibling,1.053870176946858,0.6692192064843799,1.65960919695141,0.9093789944280429,1
GandalGenes,GeneM14_cyan,HIVEP2,asd_d_proband vs asd_da_proband,1.8235392928006238,1.284229647911651,2.589330932980114,0.0010066321663436796,0.003058845575513983
GandalGenes,GeneM14_cyan,HIVEP2,asd_d_proband vs sibling,3.6288259709099395,1.9573246047225867,6.727743520608749,5.131470910338258e-6,2.298313667314726e-5
GandalGenes,GeneM14_cyan,HIVEP2,asd_da_proband vs sibling,1.9899905558583961,1.0725116366044498,3.692325824028433,0.026845124668805755,0.058619148066351975
GandalGenes,GeneM14_cyan,HIVEP2,proband vs sibling,2.452756421614598,1.3546962716384592,4.440858212812147,0.0013572785084329045,0.004030250069042947
GandalGenes,GeneM15_midnightblue,NECAP2,asd_d_proband vs asd_da_proband,1.0325060634243588,0.7063829709272251,1.5091937587463409,0.9225525768495728,1
GandalGenes,GeneM15_midnightblue,NECAP2,asd_d_proband vs sibling,1.1165665601533032,0.6846590184905724,1.8209369183526605,0.7123429509970415,0.8474071929463369
GandalGenes,GeneM15_midnightblue,NECAP2,asd_da_proband vs sibling,1.0814140465675848,0.6911773280342344,1.6919772866967573,0.8226687083748357,0.9370482537252756
GandalGenes,GeneM15_midnightblue,NECAP2,proband vs sibling,1.0654538595953167,0.6953993624465031,1.6324316475252547,0.8315146349562483,0.9449972959644988
GandalGenes,GeneM16_lightcyan,MAPK15,asd_d_proband vs asd_da_proband,1.5951942386111893,1.0813297672037734,2.3532549792636948,0.022565924763561677,0.05046037668042388
GandalGenes,GeneM16_lightcyan,MAPK15,asd_d_proband vs sibling,2.7648321339432256,1.4687390831579759,5.2046662450411825,8.807640894882915e-4,0.00270342346874607
GandalGenes,GeneM16_lightcyan,MAPK15,asd_da_proband vs sibling,1.7332260028411013,0.9272582771356882,3.23973638305409,0.09828405222777989,0.18168987739348108
GandalGenes,GeneM16_lightcyan,MAPK15,proband vs sibling,2.0611466060135335,1.1325633838774396,3.7510707055851995,0.012708156118418898,0.0304021276887595
GandalGenes,GeneM17_grey60,STAT4,asd_d_proband vs asd_da_proband,1.3547429500626629,1.007752396749747,1.8212097204272386,0.05094731430841603,0.10268363569682964
GandalGenes,GeneM17_grey60,STAT4,asd_d_proband vs sibling,2.314042257477281,1.4524633266879639,3.6866965733317505,2.1932580887947428e-4,7.574139950310882e-4
GandalGenes,GeneM17_grey60,STAT4,asd_da_proband vs sibling,1.7081042993213185,1.086505924145608,2.685323874008594,0.021162056265125274,0.04774302441190967
GandalGenes,GeneM17_grey60,STAT4,proband vs sibling,1.8173913473701047,1.1756234146709938,2.809497725443029,0.004921730523283662,0.01306438376081415
GandalGenes,GeneM18_lightgreen,DNAH1,asd_d_proband vs asd_da_proband,1.8800559377171093,1.033918965767103,3.4186531497880974,0.039169425887494884,0.0815726261111578
GandalGenes,GeneM18_lightgreen,DNAH1,asd_d_proband vs sibling,1.9008260951239369,0.8462800723400858,4.269437461658838,0.13779504634739773,0.24152041611776587
GandalGenes,GeneM18_lightgreen,DNAH1,asd_da_proband vs sibling,1.0110476273551987,0.4478360923268143,2.2825701686290176,1,1
GandalGenes,GeneM18_lightgreen,DNAH1,proband vs sibling,1.2985226192419603,0.6096651846881214,2.7657163883247966,0.5967338920231211,0.7516932738289039
GandalGenes,GeneM19_lightyellow,MARCH4,asd_d_proband vs asd_da_proband,2.220236241919797,1.7978570650883416,2.7418469830870134,1.253648115838402e-13,1.2522735016762986e-12
GandalGenes,GeneM19_lightyellow,MARCH4,asd_d_proband vs sibling,6.063757123811043,3.901223644608361,9.42503014596088,3.7515499262461934e-23,7.462144067271359e-22
GandalGenes,GeneM19_lightyellow,MARCH4,asd_da_proband vs sibling,2.731131493722409,1.747798207954866,4.267700471400766,9.322715898660763e-7,4.551443828338669e-6
GandalGenes,GeneM19_lightyellow,MARCH4,proband vs sibling,3.8224771992291298,2.4836411132618723,5.883028695493321,1.6346396489961734e-13,1.6186486089516456e-12
GandalGenes,GeneM1_turquoise,KIF13B,asd_d_proband vs asd_da_proband,1.2410676002744387,1.0421736960341892,1.4779194622855125,0.017395440250146797,0.04003851962578002
GandalGenes,GeneM1_turquoise,KIF13B,asd_d_proband vs sibling,1.7527040423187235,1.361570929682822,2.2561964220813744,8.56785098559128e-6,3.720358554753888e-5
GandalGenes,GeneM1_turquoise,KIF13B,asd_da_proband vs sibling,1.4122550954767863,1.1095259989509143,1.7975824420391813,0.0047501886749123515,0.012631120498672365
GandalGenes,GeneM1_turquoise,KIF13B,proband vs sibling,1.4899118054453373,1.1826978927893341,1.8769266450369748,5.248872195643052e-4,0.0016968497410329386
GandalGenes,GeneM20_royalblue,PKD1P6,asd_d_proband vs asd_da_proband,1.7538120821445529,1.1520046464368459,2.6700038311389167,0.009825399061093247,0.02425728602887791
GandalGenes,GeneM20_royalblue,PKD1P6,asd_d_proband vs sibling,9.907285246004486,3.073682010184478,31.933785154244724,2.249327720926213e-7,1.1953318346546354e-6
GandalGenes,GeneM20_royalblue,PKD1P6,asd_da_proband vs sibling,5.6490004527109345,1.7540934170707918,18.192421112906132,4.5909007687082876e-4,0.001502266738611081
GandalGenes,GeneM20_royalblue,PKD1P6,proband vs sibling,6.678083160475203,2.1095623043919156,21.140306975231788,2.6000391347170953e-5,1.0434518289547462e-4
GandalGenes,GeneM21_darkred,STK17A,asd_d_proband vs asd_da_proband,1.4006568250703533,0.8821628262868838,2.223897315956683,0.17874036748613376,0.29866558103424035
GandalGenes,GeneM21_darkred,STK17A,asd_d_proband vs sibling,1.3824045661754492,0.7585932578385145,2.5191924194369055,0.308019436454176,0.46016022730363126
GandalGenes,GeneM21_darkred,STK17A,asd_da_proband vs sibling,0.986968785952271,0.5538516481962196,1.7587875518951082,1,1
GandalGenes,GeneM21_darkred,STK17A,proband vs sibling,1.0511791365801197,0.6097647675988166,1.812137460044798,1,1
GandalGenes,GeneM22_darkgreen,GDF11,asd_d_proband vs asd_da_proband,1.3957936322287199,0.8518018603048612,2.287198413810654,0.1933701842772168,0.31797876873022474
GandalGenes,GeneM22_darkgreen,GDF11,asd_d_proband vs sibling,3.870772397660818,1.4946370665713846,10.024426189872822,0.00220991867744833,0.006271885484227445
GandalGenes,GeneM22_darkgreen,GDF11,asd_da_proband vs sibling,2.7731695490544688,1.0882567675965584,7.0667783346641215,0.02337829504959973,0.05199615915572597
GandalGenes,GeneM22_darkgreen,GDF11,proband vs sibling,3.1164615364011357,1.2536472301572594,7.747261170632025,0.008804991839020459,0.02201247959755115
GandalGenes,GeneM23_darkturquoise,LANCL1,asd_d_proband vs asd_da_proband,1.1963959792402228,0.7537803590560866,1.8989130214729675,0.4705673538406082,0.6362227060682607
GandalGenes,GeneM23_darkturquoise,LANCL1,asd_d_proband vs sibling,1.7280199108641543,0.8847245232311635,3.375121559236756,0.11759575115626678,0.21155159815039304
GandalGenes,GeneM23_darkturquoise,LANCL1,asd_da_proband vs sibling,1.4443544953749694,0.7640543474566075,2.730381569392694,0.3018096382750862,0.45358003618546855
GandalGenes,GeneM23_darkturquoise,LANCL1,proband vs sibling,1.4634167389847028,0.7937658855860966,2.6980103212162194,0.2703034208931333,0.41722537518408076
GandalGenes,GeneM24_darkgrey,SLC38A5,asd_d_proband vs asd_da_proband,1.4207181921198773,0.7782530053697496,2.593552697507936,0.26711567164377903,0.4134257167303478
GandalGenes,GeneM24_darkgrey,SLC38A5,asd_d_proband vs sibling,2.188825195110159,0.8741771192430002,5.480532067572058,0.10404548814738156,0.19010316827570117
GandalGenes,GeneM24_darkgrey,SLC38A5,asd_da_proband vs sibling,1.5406469821042952,0.6297737661686625,3.768961571561223,0.41851149047408537,0.5834963908422973
GandalGenes,GeneM24_darkgrey,SLC38A5,proband vs sibling,1.7313642679437393,0.7360268209788251,4.072707872691232,0.27593806142017374,0.42252494686133
GandalGenes,GeneM25_orange,CIRBP,asd_d_proband vs asd_da_proband,1.3184749147183628,0.8574762465537118,2.0273169172071093,0.21428557251577365,0.346247173752873
GandalGenes,GeneM25_orange,CIRBP,asd_d_proband vs sibling,2.262131360194843,1.1515179497876284,4.443906664000097,0.016822631485754802,0.03893652765122618
GandalGenes,GeneM25_orange,CIRBP,asd_da_proband vs sibling,1.7157181641776273,0.8921728838346915,3.29946008472779,0.1134439878445554,0.20489211352956105
GandalGenes,GeneM25_orange,CIRBP,proband vs sibling,1.8887582400536174,1.0074929318397046,3.5408761457574416,0.05229619907529107,0.1051696188909275
GandalGenes,GeneM26_darkorange,PNCK,asd_d_proband vs asd_da_proband,1.3223322618285354,0.6630234817644106,2.63725593250388,0.46884424093760757,0.6348811888475626
GandalGenes,GeneM26_darkorange,PNCK,asd_d_proband vs sibling,1.3824139178304558,0.5579667875082807,3.4250573385301863,0.5163501383826526,0.6776687598439977
GandalGenes,GeneM26_darkorange,PNCK,asd_da_proband vs sibling,1.0454361265593255,0.43948731697156396,2.486844676762497,1,1
GandalGenes,GeneM26_darkorange,PNCK,proband vs sibling,1.0953503894217977,0.4823393831900215,2.487444561693226,1,1
GandalGenes,GeneM27_white,RPS8,asd_d_proband vs asd_da_proband,0.9363151493694456,0.4659120478528599,1.8816556965609832,1,1
GandalGenes,GeneM27_white,RPS8,asd_d_proband vs sibling,1.6589007011988237,0.584431707865088,4.708764941058293,0.46103608628645754,0.6264979351334771
GandalGenes,GeneM27_white,RPS8,asd_da_proband vs sibling,1.77173326984616,0.6735743917271724,4.660270369588542,0.2954295549782858,0.4463288964928995
GandalGenes,GeneM27_white,RPS8,proband vs sibling,1.632416025900445,0.6372943936742336,4.18139890773739,0.41524072183500127,0.5798349135372258
GandalGenes,GeneM28_saddlebrown,OLFML3,asd_d_proband vs asd_da_proband,0.2392810248766812,0.05472011689904971,1.046331991060298,0.042723067753950655,0.0881356764579915
GandalGenes,GeneM28_saddlebrown,OLFML3,asd_d_proband vs sibling,0.6912062173959331,0.0973657229213473,4.906922278518248,1,1
GandalGenes,GeneM28_saddlebrown,OLFML3,asd_da_proband vs sibling,2.8886796090586855,0.6605993349161587,12.631665584178187,0.1802290521659924,0.3009323066774543
GandalGenes,GeneM28_saddlebrown,OLFML3,proband vs sibling,2.1023533557462453,0.4857292461144796,9.099492500757904,0.40073535551724715,0.5670550183206534
GandalGenes,GeneM29_steelblue,ACOT11,asd_d_proband vs asd_da_proband,1.2562061245923388,0.6345211273751209,2.4869996590836556,0.5918972973472996,0.7460133340943412
GandalGenes,GeneM29_steelblue,ACOT11,asd_d_proband vs sibling,1.6128001031820611,0.619778802431341,4.1968588835566365,0.3707412343302228,0.5297134009956603
GandalGenes,GeneM29_steelblue,ACOT11,asd_da_proband vs sibling,1.2838658175667177,0.5155928430211927,3.1969245885139355,0.6683371930114588,0.8130276283477176
GandalGenes,GeneM29_steelblue,ACOT11,proband vs sibling,1.4015701826824971,0.5884322555257484,3.3383604629720893,0.5541260224593278,0.7152292525651001
GandalGenes,GeneM2_blue,PON2,asd_d_proband vs asd_da_proband,1.2057444887907707,0.9646100640503467,1.5071579972375622,0.10317228794291478,0.18873484802408708
GandalGenes,GeneM2_blue,PON2,asd_d_proband vs sibling,1.537341078952046,1.1277204087438357,2.0957478242909913,0.005872904569193576,0.01526888145700727
GandalGenes,GeneM2_blue,PON2,asd_da_proband vs sibling,1.2750139795321234,0.9505554956705645,1.7102217128896067,0.12013962715389259,0.21552974620461562
GandalGenes,GeneM2_blue,PON2,proband vs sibling,1.3305034743253326,1.0053137225149313,1.760882653390309,0.05014720565398066,0.10120537073720952
GandalGenes,GeneM30_paleturquoise,FBLN2,asd_d_proband vs asd_da_proband,1.922785949071636,1.1488450184015142,3.2181066608021762,0.013475382128660552,0.031919066872620284
GandalGenes,GeneM30_paleturquoise,FBLN2,asd_d_proband vs sibling,1.3824155681277865,0.7438152077841722,2.5692843908034133,0.36368871340144815,0.5220933153304746
GandalGenes,GeneM30_paleturquoise,FBLN2,asd_da_proband vs sibling,0.7189648794735825,0.3840152902285293,1.3460674902003174,0.3087670485248962,0.46065468347389976
GandalGenes,GeneM30_paleturquoise,FBLN2,proband vs sibling,0.9069020048790432,0.5124079741732018,1.6051101620358859,0.7640480417377141,0.8894042499655731
GandalGenes,GeneM31_violet,FBXO31,asd_d_proband vs asd_da_proband,1.196404964572733,0.6083951901993564,2.352722148880323,0.6006627978645376,0.7553915113113387
GandalGenes,GeneM31_violet,FBXO31,asd_d_proband vs sibling,1.6128172206635283,0.6197853804642561,4.196903426990145,0.3707396730240316,0.5297134009956603
GandalGenes,GeneM31_violet,FBXO31,asd_da_proband vs sibling,1.3480529322606971,0.5440980840131181,3.339924843647952,0.6686281046900073,0.8130276283477176
GandalGenes,GeneM31_violet,FBXO31,proband vs sibling,1.36034869435303,0.5700017697138713,3.246566359183287,0.6871406488903242,0.828680343048829
GandalGenes,GeneM32_darkmagenta,SPR,asd_d_proband vs asd_da_proband,1.4683109610818794,0.608459111061265,3.5432735564972315,0.48454400077035537,0.6477331549679402
GandalGenes,GeneM32_darkmagenta,SPR,asd_d_proband vs sibling,0.5655332412572969,0.23435352753715633,1.3647238440491396,0.25536865826248534,0.3982212387489287
GandalGenes,GeneM32_darkmagenta,SPR,asd_da_proband vs sibling,0.3851590407256793,0.16698849047196304,0.8883695291420857,0.029724903307931684,0.06426052898321254
GandalGenes,GeneM32_darkmagenta,SPR,proband vs sibling,0.42721768152901757,0.20330896059982198,0.8977221017340093,0.03524748431099213,0.07436419223555774
GandalGenes,GeneM33_sienna3,GKAP1,asd_d_proband vs asd_da_proband,1.452775145875268,0.7664596792633904,2.753642078734351,0.3095582481563661,0.46093587430617616
GandalGenes,GeneM33_sienna3,GKAP1,asd_d_proband vs sibling,2.350116837531198,0.8670481307622521,6.369945282267244,0.12690507247466762,0.225713690205034
GandalGenes,GeneM33_sienna3,GKAP1,asd_da_proband vs sibling,1.6176741763539049,0.6099887142707944,4.290029765502462,0.38887877630766304,0.552508679376608
GandalGenes,GeneM33_sienna3,GKAP1,proband vs sibling,1.879765873792453,0.7398855616499874,4.775765231037557,0.24908749502696204,0.3913571449410143
GandalGenes,GeneM34_plum1,TIFA,asd_d_proband vs asd_da_proband,1.3459404752979982,0.5671282142179082,3.194261399150468,0.501746480372217,0.6643765674215664
GandalGenes,GeneM34_plum1,TIFA,asd_d_proband vs sibling,1.555214034035535,0.47894064894002214,5.050084383136115,0.5785692441532028,0.7347251139281732
GandalGenes,GeneM34_plum1,TIFA,asd_da_proband vs sibling,1.155485002924221,0.37266866105150703,3.5826613062005084,1,1
GandalGenes,GeneM34_plum1,TIFA,proband vs sibling,1.2985288436775688,0.44574151882906843,3.7828586448309163,0.8040296944981773,0.9222753106117345
GandalGenes,GeneM35_mediumpurple3,KCNG1,asd_d_proband vs asd_da_proband,1.6663984647642747,0.7832966845876493,3.545123958785253,0.22746591041169587,0.36295425819453053
GandalGenes,GeneM35_mediumpurple3,KCNG1,asd_d_proband vs sibling,1.7971250357268955,0.6406877357492591,5.040924328385087,0.3400086548622799,0.49815773067368035
GandalGenes,GeneM35_mediumpurple3,KCNG1,asd_da_proband vs sibling,1.0784485666104555,0.3884486231657545,2.9940930189057764,1,1
GandalGenes,GeneM35_mediumpurple3,KCNG1,proband vs sibling,1.2366817271190418,0.47343030461602886,3.2304262724172816,0.8205918245275559,0.9351503029079352
GandalGenes,GeneM3_brown,GOT1,asd_d_proband vs asd_da_proband,2.0880525006873403,1.7974289183454988,2.425666573585521,7.125441798000685e-22,1.2828611616558545e-20
GandalGenes,GeneM3_brown,GOT1,asd_d_proband vs sibling,3.365091006130162,2.629041602688759,4.307211216420865,3.726496448626497e-27,9.326478749172359e-26
GandalGenes,GeneM3_brown,GOT1,asd_da_proband vs sibling,1.6115931017167668,1.2547949590355718,2.069845998980811,1.2458263261188985e-4,4.468298358639041e-4
GandalGenes,GeneM3_brown,GOT1,proband vs sibling,2.1284023581279237,1.6784053687410554,2.6990479668701597,8.751760157961541e-12,7.423513504565142e-11
GandalGenes,GeneM4_yellow,SCN9A,asd_d_proband vs asd_da_proband,1.4311329890298443,1.0277840842532557,1.9927742253156113,0.035634599047762096,0.07500720825441606
GandalGenes,GeneM4_yellow,SCN9A,asd_d_proband vs sibling,1.5552173515773124,0.9964581517968879,2.427298132175011,0.05476904157660333,0.1094659870036982
GandalGenes,GeneM4_yellow,SCN9A,asd_da_proband vs sibling,1.0867035862485317,0.7061548433588353,1.672331069412957,0.7473972439256762,0.8767387795333725
GandalGenes,GeneM4_yellow,SCN9A,proband vs sibling,1.1836868054519387,0.7877076217035693,1.7787240021504884,0.49010847370130395,0.6527614320787836
GandalGenes,GeneM5_green,DLG3,asd_d_proband vs asd_da_proband,2.2374914534925594,1.9278403372566117,2.5968789570906545,3.26006823242708e-26,7.898729148247526e-25
GandalGenes,GeneM5_green,DLG3,asd_d_proband vs sibling,4.136606646717484,3.181159259412717,5.379018513152426,9.99518293483838e-35,3.642244661455105e-33
GandalGenes,GeneM5_green,DLG3,asd_da_proband vs sibling,1.8487698088234237,1.4152280846548293,2.4151229353610715,2.1464584343366595e-6,1.008990523055055e-5
GandalGenes,GeneM5_green,DLG3,proband vs sibling,2.5380585053074807,1.9674253458545135,3.274198428894285,5.571290438983491e-16,6.877297547308889e-15
GandalGenes,GeneM6_red,WDPCP,asd_d_proband vs asd_da_proband,1.5834662742102188,1.2179779130311394,2.05862964733178,7.812268867134753e-4,0.0024273454767939156
GandalGenes,GeneM6_red,WDPCP,asd_d_proband vs sibling,2.68802940485567,1.7610109865881356,4.103042023245835,8.061855901770264e-7,3.958717982900247e-6
GandalGenes,GeneM6_red,WDPCP,asd_da_proband vs sibling,1.6975602503415308,1.1178323187619574,2.5779455068280783,0.012312934684109891,0.029534185090110878
GandalGenes,GeneM6_red,WDPCP,proband vs sibling,1.9786982624692566,1.3262603465448355,2.952095208228784,3.7403100856172884e-4,0.0012445174637844337
GandalGenes,GeneM7_black,OSMR,asd_d_proband vs asd_da_proband,1.311433311042597,0.863149143448888,1.9925378393357482,0.22631129589253968,0.3614473887764791
GandalGenes,GeneM7_black,OSMR,asd_d_proband vs sibling,1.6416134861459317,0.9153686076475507,2.944054248071646,0.09819178309971663,0.18159300528591524
GandalGenes,GeneM7_black,OSMR,asd_da_proband vs sibling,1.2517704654313222,0.7147894754777575,2.1921549657384514,0.49961674743088413,0.6621339204386608
GandalGenes,GeneM7_black,OSMR,proband vs sibling,1.3448955916848764,0.7891248287584707,2.292088762913605,0.32304625746451165,0.47884012455283126
GandalGenes,GeneM8_pink,LAPTM5,asd_d_proband vs asd_da_proband,1.5382227667760227,0.9445710015663917,2.504977684371324,0.0922950886401539,0.1715935219411841
GandalGenes,GeneM8_pink,LAPTM5,asd_d_proband vs sibling,1.2197759831788693,0.6727874108905394,2.211476352047923,0.5556581881369196,0.7168006363533471
GandalGenes,GeneM8_pink,LAPTM5,asd_da_proband vs sibling,0.7929774604333875,0.4442456768513109,1.4154628520242158,0.44027536824642827,0.6062437431567353
GandalGenes,GeneM8_pink,LAPTM5,proband vs sibling,0.9311511736773757,0.5454659674637352,1.589544646153197,0.7807723151359289,0.9031025635967893
GandalGenes,GeneM9_magenta,GSDMB,asd_d_proband vs asd_da_proband,0.47404459661868414,0.2630500894729934,0.854279426528924,0.010519670025173523,0.025755508344550856
GandalGenes,GeneM9_magenta,GSDMB,asd_d_proband vs sibling,0.6451276505762878,0.3114076118152147,1.3364788455622034,0.25956689989108517,0.4039382401789863
GandalGenes,GeneM9_magenta,GSDMB,asd_da_proband vs sibling,1.3609007573927077,0.7671521754467483,2.414189688497605,0.34398518562061986,0.502043157058051
GandalGenes,GeneM9_magenta,GSDMB,proband vs sibling,1.0717949995019422,0.611347994886086,1.8790353948431886,0.8891814868636205,0.9971003625464776
GandalIsoforms,IsoformM0_grey,IsoformM0 (NA),asd_d_proband vs asd_da_proband,1.603050233515096,1.5435280690409898,1.664867716185705,1.3003306182734704e-129,1.1846011932471315e-126
GandalIsoforms,IsoformM0_grey,IsoformM0 (NA),asd_d_proband vs sibling,2.304024290941689,2.1758374832646608,2.439763067820835,2.8419753786226135e-204,1.2945197849626004e-200
GandalIsoforms,IsoformM0_grey,IsoformM0 (NA),asd_da_proband vs sibling,1.4372751662869159,1.358274048210244,1.5208712161931313,1.4452621238202768e-38,6.454087229413099e-37
GandalIsoforms,IsoformM0_grey,IsoformM0 (NA),proband vs sibling,1.6765042559476913,1.5887200731975646,1.7691389236077226,2.481660766368598e-89,7.064977994255603e-87
GandalIsoforms,IsoformM10_lightcyan,SPATA2L,asd_d_proband vs asd_da_proband,0.705018196374728,0.351000106995516,1.416098306847024,0.4042388376141273,0.5711252808102822
GandalIsoforms,IsoformM10_lightcyan,SPATA2L,asd_d_proband vs sibling,1.0861888678673788,0.4210703847593359,2.801921719936063,1,1
GandalIsoforms,IsoformM10_lightcyan,SPATA2L,asd_da_proband vs sibling,1.5406536646183988,0.6729870670337342,3.5269826577263506,0.35073674230272345,0.5096031455148023
GandalIsoforms,IsoformM10_lightcyan,SPATA2L,proband vs sibling,1.3426965802562465,0.5996160698383289,3.006647415433523,0.5770293007164983,0.7343878233930516
GandalIsoforms,IsoformM11_grey60,KIF13B,asd_d_proband vs asd_da_proband,1.5830706982336875,1.4636355417133031,1.7122519672298258,6.363907311654606e-30,1.8117248627866705e-28
GandalIsoforms,IsoformM11_grey60,KIF13B,asd_d_proband vs sibling,2.4243838345114708,2.1472414259524784,2.7372967501469136,4.465873322128287e-53,3.4478055902193807e-51
GandalIsoforms,IsoformM11_grey60,KIF13B,asd_da_proband vs sibling,1.531443818154476,1.358546288176781,1.7263454242041805,4.587487616655619e-13,4.3365742207363795e-12
GandalIsoforms,IsoformM11_grey60,KIF13B,proband vs sibling,1.770490805686165,1.5792296141896778,1.9849157240048763,1.0288028751888772e-25,2.4407276544194455e-24
GandalIsoforms,IsoformM12_lightgreen,TTBK1,asd_d_proband vs asd_da_proband,2.5152048415343393,2.1445618057294764,2.949905839960576,3.23071654779798e-30,9.433278125140897e-29
GandalIsoforms,IsoformM12_lightgreen,TTBK1,asd_d_proband vs sibling,5.1205717522586705,3.799887777439724,6.900270904236025,2.689566003559111e-38,1.1779781871357453e-36
GandalIsoforms,IsoformM12_lightgreen,TTBK1,asd_da_proband vs sibling,2.0358468096518894,1.50016875017734,2.7628040058025607,1.1408972851571968e-6,5.522621821350724e-6
GandalIsoforms,IsoformM12_lightgreen,TTBK1,proband vs sibling,2.9831878812163524,2.2291525829341996,3.992283885260986,1.3809859407145879e-17,1.9355049107553685e-16
GandalIsoforms,IsoformM13_lightyellow,RP11-794G24.1,asd_d_proband vs asd_da_proband,2.307336552274012,1.7349195576760927,3.068616030008276,9.963135595712837e-9,6.268243458352483e-8
GandalIsoforms,IsoformM13_lightyellow,RP11-794G24.1,asd_d_proband vs sibling,4.391194816021236,2.6331852912894043,7.322914941093862,5.2395738496778804e-11,4.1578848232199904e-10
GandalIsoforms,IsoformM13_lightyellow,RP11-794G24.1,asd_da_proband vs sibling,1.9031444769916477,1.1300469481937705,3.205140198903268,0.014085186514769454,0.03319090769517582
GandalIsoforms,IsoformM13_lightyellow,RP11-794G24.1,proband vs sibling,2.6770586128479157,1.6288642827063307,4.399778970360839,1.2486879083007774e-5,5.25186834931675e-5
GandalIsoforms,IsoformM14_darkred,DSP,asd_d_proband vs asd_da_proband,1.1777003813645535,0.6791825091663476,2.0421288380477294,0.5685703489676666,0.7262585360481552
GandalIsoforms,IsoformM14_darkred,DSP,asd_d_proband vs sibling,1.1165658704633776,0.5591017408506326,2.229861315020854,0.8621345777178677,0.97131412354808
GandalIsoforms,IsoformM14_darkred,DSP,asd_da_proband vs sibling,0.9480899285857903,0.4976134447791712,1.8063710338146266,0.86848203418995,0.9770154768424851
GandalIsoforms,IsoformM14_darkred,DSP,proband vs sibling,0.9512984595040841,0.5167931128648702,1.7511238763189025,0.8744710958858148,0.9825396748297697
GandalIsoforms,IsoformM15_darkturquoise,SNHG14,asd_d_proband vs asd_da_proband,3.0997559353885724,2.3411903067261215,4.1041032979557395,6.955884720674687e-16,8.54017652363159e-15
GandalIsoforms,IsoformM15_darkturquoise,SNHG14,asd_d_proband vs sibling,5.107266468610247,3.1218539980770794,8.355346149261704,6.7883183939911235e-15,7.74957149990716e-14
GandalIsoforms,IsoformM15_darkturquoise,SNHG14,asd_da_proband vs sibling,1.6476350316174238,0.9863045626626563,2.7523964708064037,0.06604367821953308,0.12861434557074528
GandalIsoforms,IsoformM15_darkturquoise,SNHG14,proband vs sibling,2.693233364851005,1.6620097831659857,4.36429799091156,6.641178475562282e-6,2.9227601890034967e-5
GandalIsoforms,IsoformM16_darkgrey,NUFIP2,asd_d_proband vs asd_da_proband,1.1612042062369548,0.7494520695442743,1.7991747082669691,0.49690531375965574,0.6598844618586682
GandalIsoforms,IsoformM16_darkgrey,NUFIP2,asd_d_proband vs sibling,0.950406505227517,0.5617668761136847,1.607913466574678,0.8931299110471684,1
GandalIsoforms,IsoformM16_darkgrey,NUFIP2,asd_da_proband vs sibling,0.8184662956978452,0.503845078517905,1.3295497083426349,0.4395550020014572,0.6054579759564661
GandalIsoforms,IsoformM16_darkgrey,NUFIP2,proband vs sibling,0.8450676433007175,0.536220489551831,1.3318016294951744,0.465138189626659,0.6315065435914848
GandalIsoforms,IsoformM17_orange,SEMA3G,asd_d_proband vs asd_da_proband,1.555319194106532,0.74006814417677,3.2686419684325645,0.24286006212087674,0.3833082408040865
GandalIsoforms,IsoformM17_orange,SEMA3G,asd_d_proband vs sibling,1.4976186937845428,0.5692359679584152,3.9401265524682536,0.4893258197175012,0.6519096545227312
GandalIsoforms,IsoformM17_orange,SEMA3G,asd_da_proband vs sibling,0.9629011841809514,0.3736046840019378,2.481710562526752,1,1
GandalIsoforms,IsoformM17_orange,SEMA3G,proband vs sibling,1.1130136856219306,0.4595397233981885,2.695739674518412,1,1
GandalIsoforms,IsoformM18_white,TMEFF2,asd_d_proband vs asd_da_proband,1.2337905170200016,0.5725946643481136,2.6584932320693535,0.6885781508151294,0.829755578573078
GandalIsoforms,IsoformM18_white,TMEFF2,asd_d_proband vs sibling,1.5206722401346762,0.5283620874032366,4.376627538287768,0.612458639218477,0.7655732990230962
GandalIsoforms,IsoformM18_white,TMEFF2,asd_da_proband vs sibling,1.2325206095825614,0.45152642799809267,3.3643812606516703,0.8108263759118661,0.9272700743121821
GandalIsoforms,IsoformM18_white,TMEFF2,proband vs sibling,1.236688686276712,0.47343296874218466,3.23044445093911,0.8205917727988445,0.9351503029079352
GandalIsoforms,IsoformM19_saddlebrown,GPR37L1,asd_d_proband vs asd_da_proband,1.6644529010782192,1.3978542536635254,1.9818972204340828,1.6307608009042855e-8,9.997463591008103e-8
GandalIsoforms,IsoformM19_saddlebrown,GPR37L1,asd_d_proband vs sibling,3.0538784437681863,2.2790228148711607,4.092180862980625,1.8376464631281478e-16,2.3645422710589585e-15
GandalIsoforms,IsoformM19_saddlebrown,GPR37L1,asd_da_proband vs sibling,1.8347641088491649,1.371925810258813,2.453747360060241,1.8273244474125036e-5,7.525734952951135e-5
GandalIsoforms,IsoformM19_saddlebrown,GPR37L1,proband vs sibling,2.21703968179087,1.6778935680852085,2.929425944605416,7.490567204420184e-10,5.373154900178573e-9
GandalIsoforms,IsoformM1_turquoise,LAPTM5,asd_d_proband vs asd_da_proband,1.2818547960903643,0.8543255049463065,1.923332159401164,0.2420680335140734,0.38255453665300065
GandalIsoforms,IsoformM1_turquoise,LAPTM5,asd_d_proband vs sibling,1.0633948580444206,0.6490280877969089,1.7423107649374354,0.9005192372702515,1
GandalIsoforms,IsoformM1_turquoise,LAPTM5,asd_da_proband vs sibling,0.8295751291704466,0.5210175365408738,1.3208670470234247,0.4595635928731805,0.6261447708837283
GandalIsoforms,IsoformM1_turquoise,LAPTM5,proband vs sibling,0.8942177250171823,0.5792018307733034,1.3805642476428468,0.64666278722489,0.7971715820864341
GandalIsoforms,IsoformM20_steelblue,SRBD1,asd_d_proband vs asd_da_proband,1.4628231892514383,1.1187999648591422,1.912631167521674,0.0068442784299145,0.017514431600146377
GandalIsoforms,IsoformM20_steelblue,SRBD1,asd_d_proband vs sibling,2.4832242355803125,1.6210679511585349,3.8039137099505678,9.169005496374553e-6,3.962506644780464e-5
GandalIsoforms,IsoformM20_steelblue,SRBD1,asd_da_proband vs sibling,1.697555968367604,1.117829499110141,2.5779390041455126,0.012312920680239167,0.029534185090110878
GandalIsoforms,IsoformM20_steelblue,SRBD1,proband vs sibling,1.923730493819829,1.2885992238484267,2.8719084602580733,7.826471868103669e-4,0.002430100842482087
GandalIsoforms,IsoformM21_paleturquoise,TARBP1,asd_d_proband vs asd_da_proband,1.2349908651309311,0.8982936309739074,1.6978885125827505,0.2116222608604802,0.3425513142215662
GandalIsoforms,IsoformM21_paleturquoise,TARBP1,asd_d_proband vs sibling,2.106540264833178,1.286786386163618,3.448522563712603,0.002671597839803715,0.0074703058074315045
GandalIsoforms,IsoformM21_paleturquoise,TARBP1,asd_da_proband vs sibling,1.705713235870653,1.062315835520741,2.738787793366683,0.027611642074473357,0.060062573853498634
GandalIsoforms,IsoformM21_paleturquoise,TARBP1,proband vs sibling,1.802030647293507,1.1420290179568364,2.8434605449822206,0.009902251329545716,0.02442054943480278
GandalIsoforms,IsoformM22_violet,VMA21,asd_d_proband vs asd_da_proband,1.8719508153071585,1.4510649511906428,2.4149159223050853,1.7537484196180596e-6,8.338659087082937e-6
GandalIsoforms,IsoformM22_violet,VMA21,asd_d_proband vs sibling,4.646449435562248,2.83194860856998,7.6235466603818605,1.0194653948873356e-12,9.381141159013767e-12
GandalIsoforms,IsoformM22_violet,VMA21,asd_da_proband vs sibling,2.482142905447992,1.5107466230565592,4.078138126564685,9.941863706634627e-5,3.62862092818275e-4
GandalIsoforms,IsoformM22_violet,VMA21,proband vs sibling,3.146676269450501,1.9475384931028719,5.084146772856573,5.999342743856776e-8,3.441688438068969e-7
GandalIsoforms,IsoformM23_darkolivegreen,FBXL17,asd_d_proband vs asd_da_proband,1.8761661844013215,1.4778854063410913,2.381781115361125,3.0632970265070394e-7,1.6038296500850074e-6
GandalIsoforms,IsoformM23_darkolivegreen,FBXL17,asd_d_proband vs sibling,3.40666611717141,2.2693496663001067,5.113964677292263,3.794546097210418e-11,3.0483522879706267e-10
GandalIsoforms,IsoformM23_darkolivegreen,FBXL17,asd_da_proband vs sibling,1.8157592570929242,1.2076888739694707,2.7299925922824992,0.003429704612465601,0.009360278316225771
GandalIsoforms,IsoformM23_darkolivegreen,FBXL17,proband vs sibling,2.2525372569013578,1.5247840814371532,3.3276344864161835,9.229966404219356e-6,3.985070802959163e-5
GandalIsoforms,IsoformM24_darkmagenta,MAPK8IP3,asd_d_proband vs asd_da_proband,1.8421362025890862,1.4722905173505287,2.3048887083753518,1.236266131232597e-7,6.842274881852345e-7
GandalIsoforms,IsoformM24_darkmagenta,MAPK8IP3,asd_d_proband vs sibling,2.550882174576388,1.81391816624728,3.5872620880320927,9.849595924512142e-9,6.205381664751425e-8
GandalIsoforms,IsoformM24_darkmagenta,MAPK8IP3,asd_da_proband vs sibling,1.384741351367599,0.9837356528852841,1.9492112586987533,0.06452604711364701,0.12609015212469418
GandalIsoforms,IsoformM24_darkmagenta,MAPK8IP3,proband vs sibling,1.7254687611468542,1.2487207050537685,2.384234067429404,5.816718705866871e-4,0.001861922256164694
GandalIsoforms,IsoformM25_sienna3,RPS29,asd_d_proband vs asd_da_proband,1.2884297885934333,0.7928994164748885,2.093646792572074,0.3100055074959208,0.46093587430617616
GandalIsoforms,IsoformM25_sienna3,RPS29,asd_d_proband vs sibling,1.7594383317365576,0.8759533383210717,3.534004732623386,0.14173232744035258,0.24697427371492195
GandalIsoforms,IsoformM25_sienna3,RPS29,asd_da_proband vs sibling,1.3655678775149402,0.6993875174119495,2.6662981275404705,0.4312748559321697,0.5954704361233807
GandalIsoforms,IsoformM25_sienna3,RPS29,proband vs sibling,1.4840225875776132,0.783844928224029,2.8096412455335984,0.25451741345314133,0.3970297322873489
GandalIsoforms,IsoformM26_skyblue3,FOS,asd_d_proband vs asd_da_proband,2.8264923255208947,1.901777690250426,4.2008374097482,2.5292768416097024e-7,1.3365262196673078e-6
GandalIsoforms,IsoformM26_skyblue3,FOS,asd_d_proband vs sibling,2.721622386656576,1.5722892892884186,4.711110395531966,1.324747843617762e-4,4.7253143521369667e-4
GandalIsoforms,IsoformM26_skyblue3,FOS,asd_da_proband vs sibling,0.9628974973972405,0.5392513560644154,1.7193681203893254,0.882086974736098,0.990119805303826
GandalIsoforms,IsoformM26_skyblue3,FOS,proband vs sibling,1.545852057310179,0.9119581283104796,2.6203599802517954,0.1289228513656745,0.2286774096458907
GandalIsoforms,IsoformM27_plum1,DYNC1I1,asd_d_proband vs asd_da_proband,1.424097306517376,1.1239657823433409,1.8043726688919168,0.00393223503161098,0.01062673834410408
GandalIsoforms,IsoformM27_plum1,DYNC1I1,asd_d_proband vs sibling,2.2977938718216806,1.5911415956217752,3.3182821012972417,3.567456446817776e-6,1.628232877280057e-5
GandalIsoforms,IsoformM27_plum1,DYNC1I1,asd_da_proband vs sibling,1.6135090357279909,1.1272639424896749,2.309495860060934,0.007720369178635032,0.019547682939790197
GandalIsoforms,IsoformM27_plum1,DYNC1I1,proband vs sibling,1.7714670599987075,1.2558747609386844,2.498732869123783,6.59345901544469e-4,0.0020798618985699837
GandalIsoforms,IsoformM28_mediumpurple3,IL1RAP,asd_d_proband vs asd_da_proband,1.7945924105634778,1.1076804548565857,2.907482844832727,0.020237022437382242,0.04592906686710319
GandalIsoforms,IsoformM28_mediumpurple3,IL1RAP,asd_d_proband vs sibling,1.5206467381584785,0.825970494512621,2.799575187775291,0.18910429002000395,0.3119775592325672
GandalIsoforms,IsoformM28_mediumpurple3,IL1RAP,asd_da_proband vs sibling,0.847349364238655,0.4602552031596284,1.5600061447358184,0.6291472803266038,0.7799304328038605
GandalIsoforms,IsoformM28_mediumpurple3,IL1RAP,proband vs sibling,1.02232176999093,0.5816487767518056,1.7968606540083187,1,1
GandalIsoforms,IsoformM29_lightsteelblue1,HSPA4,asd_d_proband vs asd_da_proband,1.9205319914687444,1.3384819491819704,2.755691350570053,4.910961192596218e-4,0.0015955369637857184
GandalIsoforms,IsoformM29_lightsteelblue1,HSPA4,asd_d_proband vs sibling,7.027288279180356,3.0380626565768662,16.25469456721067,1.129281286664456e-8,7.027153361689339e-8
GandalIsoforms,IsoformM29_lightsteelblue1,HSPA4,asd_da_proband vs sibling,3.6590321381765545,1.5777297604562148,8.485937531112727,6.156636208910162e-4,0.001955612129120348
GandalIsoforms,IsoformM29_lightsteelblue1,HSPA4,proband vs sibling,4.616957918395921,2.0308025206304263,10.496491019531298,7.83286969293417e-6,3.417502054723673e-5
GandalIsoforms,IsoformM2_blue,MSN,asd_d_proband vs asd_da_proband,1.4846188544465282,1.124596219463763,1.9598973434474918,0.006336796885168174,0.016400062393148312
GandalIsoforms,IsoformM2_blue,MSN,asd_d_proband vs sibling,1.572494955067435,1.0842009283521803,2.2807030680841804,0.016318020066960794,0.03804628547473733
GandalIsoforms,IsoformM2_blue,MSN,asd_da_proband vs sibling,1.0591910175178716,0.7375828132204251,1.5210300341627823,0.8553975403178925,0.9653953905222994
GandalIsoforms,IsoformM2_blue,MSN,proband vs sibling,1.205767915379953,0.8580579128934295,1.69438011573968,0.3258970437377088,0.4811867209806365
GandalIsoforms,IsoformM30_lightcyan1,PLOD1,asd_d_proband vs asd_da_proband,0.8764287177762669,0.5201239954433055,1.4768157286961368,0.6964209489935327,0.8356685493792065
GandalIsoforms,IsoformM30_lightcyan1,PLOD1,asd_d_proband vs sibling,1.209610596822803,0.5951389286735439,2.458514685314116,0.7239506089592622,0.8562957735158243
GandalIsoforms,IsoformM30_lightcyan1,PLOD1,asd_da_proband vs sibling,1.3801585597193888,0.7278280007941035,2.617153569096555,0.368922271890321,0.5286067783769778
GandalIsoforms,IsoformM30_lightcyan1,PLOD1,proband vs sibling,1.2985192877356149,0.7003983580271961,2.407419037033117,0.4707618381977573,0.6362967872376215
GandalIsoforms,IsoformM31_ivory,P2RY12,asd_d_proband vs asd_da_proband,0.5982034095960559,0.2374589966864943,1.5069857290974544,0.39433656011733986,0.5590423377947349
GandalIsoforms,IsoformM31_ivory,P2RY12,asd_d_proband vs sibling,1.036820866312198,0.2925873162447877,3.6741083742707437,1,1
GandalIsoforms,IsoformM31_ivory,P2RY12,asd_da_proband vs sibling,1.7332246016657178,0.5865911254117697,5.121229063447763,0.474816650175361,0.6399355878392444
GandalIsoforms,IsoformM31_ivory,P2RY12,proband vs sibling,1.3603601928630749,0.46878865930830455,3.9475781198653235,0.8054818867813942,0.923033642814405
GandalIsoforms,IsoformM32_floralwhite,RP5-1000K24.2,asd_d_proband vs asd_da_proband,1.7547104136284528,1.1580830234832875,2.6587114854987504,0.010522722509156783,0.025755508344550856
GandalIsoforms,IsoformM32_floralwhite,RP5-1000K24.2,asd_d_proband vs sibling,2.339478741085407,1.2601334380931364,4.343318425287306,0.006507471957880326,0.01680359113840413
GandalIsoforms,IsoformM32_floralwhite,RP5-1000K24.2,asd_da_proband vs sibling,1.3332563156377177,0.719271529202052,2.47135098640686,0.4634556774687645,0.6295975576708088
GandalIsoforms,IsoformM32_floralwhite,RP5-1000K24.2,proband vs sibling,1.655265060976324,0.9241922651024979,2.9646454807594433,0.10206672749857211,0.18708810613923377
GandalIsoforms,IsoformM33_darkorange2,ECHDC2,asd_d_proband vs asd_da_proband,0.4785558517082626,0.1588308156515933,1.4418845755132483,0.2340563177691869,0.3716863464130511
GandalIsoforms,IsoformM33_darkorange2,ECHDC2,asd_d_proband vs sibling,0.9216137630239881,0.20626855894080895,4.117796393967016,1,1
GandalIsoforms,IsoformM33_darkorange2,ECHDC2,asd_da_proband vs sibling,1.9258227848101264,0.5575312254129678,6.652171626345587,0.43078808350447917,0.5949786902252585
GandalIsoforms,IsoformM33_darkorange2,ECHDC2,proband vs sibling,1.5664816942318947,0.46356135102270946,5.293506227276946,0.5997935008370787,0.7547131265660636
GandalIsoforms,IsoformM34_bisque4,SERTAD1,asd_d_proband vs asd_da_proband,2.273155114454938,1.4084410448230218,3.668761424814862,8.694392488450577e-4,0.00267406872281515
GandalIsoforms,IsoformM34_bisque4,SERTAD1,asd_d_proband vs sibling,6.566431887305907,2.343629645761648,18.397969921828256,1.130115541450427e-5,4.8064204400622736e-5
GandalIsoforms,IsoformM34_bisque4,SERTAD1,asd_da_proband vs sibling,2.8886862341905863,1.0176858856677486,8.199492866236412,0.03552188129560281,0.07487374794144878
GandalIsoforms,IsoformM34_bisque4,SERTAD1,proband vs sibling,4.081038833400161,1.487519492214373,11.196409893713136,0.0014331923516295636,0.004228103083984885
GandalIsoforms,IsoformM35_darkslateblue,RN7SL4P,asd_d_proband vs asd_da_proband,2.5236516103983053,1.942621448104868,3.2784655275370738,2.8446967622310422e-12,2.5456962184601958e-11
GandalIsoforms,IsoformM35_darkslateblue,RN7SL4P,asd_d_proband vs sibling,7.17791189614021,4.062670971732727,12.681907923933316,4.2271065463441294e-18,6.191148012410775e-17
GandalIsoforms,IsoformM35_darkslateblue,RN7SL4P,asd_da_proband vs sibling,2.8442562620627845,1.5937147510064973,5.0760612456992815,9.802141389346323e-5,3.583367096988162e-4
GandalIsoforms,IsoformM35_darkslateblue,RN7SL4P,proband vs sibling,4.147638084897284,2.3701882377650025,7.258031834430201,1.3850119078294665e-9,9.57318549341915e-9
GandalIsoforms,IsoformM36_plum2,PSMA7,asd_d_proband vs asd_da_proband,1.8890476604963344,1.0082090577527447,3.5394455506883786,0.06445573054498147,0.12600680370488868
GandalIsoforms,IsoformM36_plum2,PSMA7,asd_d_proband vs sibling,4.608063824574298,1.3693241068813709,15.50710463990239,0.0054440731333096435,0.014284779029235715
GandalIsoforms,IsoformM36_plum2,PSMA7,asd_da_proband vs sibling,2.439358159636672,0.7218674615051381,8.243158956879585,0.1597922904730407,0.27250245213394003
GandalIsoforms,IsoformM36_plum2,PSMA7,proband vs sibling,3.050501854127368,0.9405779973777976,9.89345018486201,0.04819616340795596,0.09770103008674194
GandalIsoforms,IsoformM37_thistle2,HSPA1A,asd_d_proband vs asd_da_proband,1.6151418726196562,0.6563123210329155,3.9747589449238743,0.34002395737736746,0.49815773067368035
GandalIsoforms,IsoformM37_thistle2,HSPA1A,asd_d_proband vs sibling,1.2441791832225944,0.41697056065049154,3.7124487578919854,0.7908537934371809,0.9122169231433732
GandalIsoforms,IsoformM37_thistle2,HSPA1A,asd_da_proband vs sibling,0.7703219168014112,0.26329945984448794,2.253691883208103,0.5773517095862228,0.7343878233930516
GandalIsoforms,IsoformM37_thistle2,HSPA1A,proband vs sibling,0.9398835405100856,0.35094505911332496,2.517149185555332,0.8023422654868374,0.9205715413835125
GandalIsoforms,IsoformM38_salmon4,EIF4ENIF1,asd_d_proband vs asd_da_proband,1.4356737854377422,0.7974350262268793,2.584736248601542,0.27589492686085115,0.42252494686133
GandalIsoforms,IsoformM38_salmon4,EIF4ENIF1,asd_d_proband vs sibling,3.4560384663419517,1.1812893305282905,10.111156997831854,0.020384183562514008,0.046171037358155795
GandalIsoforms,IsoformM38_salmon4,EIF4ENIF1,asd_da_proband vs sibling,2.407258878303049,0.8377930198754908,6.916857946644227,0.10042275022759606,0.18511761525159856
GandalIsoforms,IsoformM38_salmon4,EIF4ENIF1,proband vs sibling,2.720701274557123,0.9775868519665525,7.571926126549433,0.045952062317552396,0.09369382289946497
GandalIsoforms,IsoformM39_palevioletred3,KIAA1109,asd_d_proband vs asd_da_proband,1.9991994899568768,1.808829140502512,2.2096053801596116,1.275632925307216e-41,6.528660645813897e-40
GandalIsoforms,IsoformM39_palevioletred3,KIAA1109,asd_d_proband vs sibling,3.6879557748283265,3.101357619365823,4.385504500403533,1.627464214720553e-63,1.9508156573821364e-61
GandalIsoforms,IsoformM39_palevioletred3,KIAA1109,asd_da_proband vs sibling,1.8447162443543224,1.548894359840609,2.197036873796159,3.7183344739200016e-13,3.558196119475968e-12
GandalIsoforms,IsoformM39_palevioletred3,KIAA1109,proband vs sibling,2.4017743311968567,2.0324634569301905,2.8381912197864634,7.700352575500285e-31,2.3075727619344602e-29
GandalIsoforms,IsoformM3_brown,PRKCE,asd_d_proband vs asd_da_proband,2.2673841488665345,2.0251253316099884,2.5386235598781752,7.203818232454055e-46,4.317551585372134e-44
GandalIsoforms,IsoformM3_brown,PRKCE,asd_d_proband vs sibling,3.9226031172947735,3.230740977092118,4.7626273120972495,6.938249241834386e-57,6.3207450593111254e-55
GandalIsoforms,IsoformM3_brown,PRKCE,asd_da_proband vs sibling,1.7300125870844085,1.419482644093925,2.108474917902871,1.3597231221039763e-8,8.392329025994054e-8
GandalIsoforms,IsoformM3_brown,PRKCE,proband vs sibling,2.3826816331040495,1.9743711597991338,2.8754328873548567,3.8616133071524004e-24,8.203419422633803e-23
GandalIsoforms,IsoformM40_navajowhite2,RPL21,asd_d_proband vs asd_da_proband,1.846209892396743,1.6220234205605437,2.1013820907750373,3.4740663368646705e-20,5.712769734447139e-19
GandalIsoforms,IsoformM40_navajowhite2,RPL21,asd_d_proband vs sibling,3.1822901409217392,2.5662285700753533,3.946246510968562,7.830838951257311e-32,2.4431144810258258e-30
GandalIsoforms,IsoformM40_navajowhite2,RPL21,asd_da_proband vs sibling,1.7236881646162678,1.3892319975671013,2.1386643080791057,2.0722805215175332e-7,1.1078917576892446e-6
GandalIsoforms,IsoformM40_navajowhite2,RPL21,proband vs sibling,2.137874074949334,1.7398787913691196,2.6269103244507717,2.1058448101108403e-15,2.4721966778491954e-14
GandalIsoforms,IsoformM41_maroon,FMN2,asd_d_proband vs asd_da_proband,1.7613617407910018,1.5263052108023414,2.032617827656799,1.6551710387681783e-14,1.8166997786961572e-13
GandalIsoforms,IsoformM41_maroon,FMN2,asd_d_proband vs sibling,3.3741800995709004,2.6362920866369026,4.318600128585966,2.4890636633662726e-27,6.263914357256007e-26
GandalIsoforms,IsoformM41_maroon,FMN2,asd_da_proband vs sibling,1.915665602033348,1.4973172349276163,2.450899925019026,4.2337602483206704e-8,2.462934601673136e-7
GandalIsoforms,IsoformM41_maroon,FMN2,proband vs sibling,2.3497013850060156,1.8550806320770612,2.976203030332667,3.1470672465605946e-15,3.6568600275723233e-14
GandalIsoforms,IsoformM42_lightpink4,TRPM7,asd_d_proband vs asd_da_proband,2.336208928824453,1.9613088905676301,2.78277031494999,1.7616410814475555e-21,3.074434914173799e-20
GandalIsoforms,IsoformM42_lightpink4,TRPM7,asd_d_proband vs sibling,3.170774177091188,2.4144091996841452,4.164086553109368,3.902591252675496e-20,6.394353653214707e-19
GandalIsoforms,IsoformM42_lightpink4,TRPM7,asd_da_proband vs sibling,1.3572305704210608,1.0259938049583996,1.795405403408033,0.03415970707241836,0.0724761452952666
GandalIsoforms,IsoformM42_lightpink4,TRPM7,proband vs sibling,1.9119534909162785,1.4706534847853676,2.4856746944440484,1.8807587330396453e-7,1.0162344043885628e-6
GandalIsoforms,IsoformM43_lavenderblush3,HIPK3,asd_d_proband vs asd_da_proband,1.6917797178721448,1.3808877212227464,2.0726656988949173,5.800638807797658e-7,2.935767752168704e-6
GandalIsoforms,IsoformM43_lavenderblush3,HIPK3,asd_d_proband vs sibling,3.2079098611505046,2.2696150526857286,4.534110603949889,2.154476441753277e-13,2.105931371713772e-12
GandalIsoforms,IsoformM43_lavenderblush3,HIPK3,asd_da_proband vs sibling,1.8961746776260502,1.3439200280070398,2.675366341107479,1.2524407738494374e-4,4.488487588421863e-4
GandalIsoforms,IsoformM43_lavenderblush3,HIPK3,proband vs sibling,2.27042793350303,1.6314510021116753,3.1596676789916756,9.724647490995673e-8,5.461870446545659e-7
GandalIsoforms,IsoformM44_honeydew1,PLA2G4B,asd_d_proband vs asd_da_proband,1.44238690901518,1.0859459523339228,1.9158227818124676,0.013038275314023334,0.03107762640260402
GandalIsoforms,IsoformM44_honeydew1,PLA2G4B,asd_d_proband vs sibling,2.2863017050087238,1.474446162551117,3.5451789418215394,1.0538402418467144e-4,3.8279444191481534e-4
GandalIsoforms,IsoformM44_honeydew1,PLA2G4B,asd_da_proband vs sibling,1.5850821237484363,1.032612799132307,2.433134027718876,0.033221414239026026,0.07094399524555253
GandalIsoforms,IsoformM44_honeydew1,PLA2G4B,proband vs sibling,1.7694110748262828,1.173838729623718,2.667159868478275,0.004399414323910519,0.011815644012625243
GandalIsoforms,IsoformM45_darkseagreen4,DNM1L,asd_d_proband vs asd_da_proband,2.2530680250327126,1.8001167595167766,2.819992369154707,1.262155494389163e-12,1.1567642408335287e-11
GandalIsoforms,IsoformM45_darkseagreen4,DNM1L,asd_d_proband vs sibling,3.0484007737561902,2.153311075044546,4.3155619200282525,4.575827966450524e-12,4.000555928441868e-11
GandalIsoforms,IsoformM45_darkseagreen4,DNM1L,asd_da_proband vs sibling,1.352999882776256,0.9480020174523573,1.9310177078653328,0.10953109769234565,0.19829656199866233
GandalIsoforms,IsoformM45_darkseagreen4,DNM1L,proband vs sibling,1.8645416437363458,1.3350938475813885,2.603948439673341,1.0995119484205257e-4,3.97482295639325e-4
GandalIsoforms,IsoformM46_coral1,DCAF4,asd_d_proband vs asd_da_proband,1.942383121853352,1.4463528586695678,2.6085281813811627,1.3496823388290283e-5,5.645365521915725e-5
GandalIsoforms,IsoformM46_coral1,DCAF4,asd_d_proband vs sibling,2.543638766335014,1.6348316457120393,3.9576541049792975,1.171589591436153e-5,4.95965668121903e-5
GandalIsoforms,IsoformM46_coral1,DCAF4,asd_da_proband vs sibling,1.309545340317808,0.8384098464464632,2.0454304128423533,0.28687441532442626,0.43658971285374615
GandalIsoforms,IsoformM46_coral1,DCAF4,proband vs sibling,1.612639053254438,1.0585396914486425,2.456785264728587,0.022267419205182503,0.049866359884827696
GandalIsoforms,IsoformM47_antiquewhite4,TMEM106C,asd_d_proband vs asd_da_proband,2.0002264545060235,1.5185115077803402,2.634755053752604,1.056646008679481e-6,5.125689637417504e-6
GandalIsoforms,IsoformM47_antiquewhite4,TMEM106C,asd_d_proband vs sibling,2.8445800319116046,1.8531214913721956,4.366489512761814,2.08586306210129e-7,1.1138459845101262e-6
GandalIsoforms,IsoformM47_antiquewhite4,TMEM106C,asd_da_proband vs sibling,1.4221289921965874,0.9220443551149995,2.193442060814782,0.12907358629657661,0.22885565806964053
GandalIsoforms,IsoformM47_antiquewhite4,TMEM106C,proband vs sibling,1.8740519233656838,1.245009277500652,2.820919229229422,0.001782442988172235,0.005174651249920032
GandalIsoforms,IsoformM48_skyblue2,ZNF638,asd_d_proband vs asd_da_proband,1.764688669801953,1.231979699997333,2.5277414078609635,0.002130541834451265,0.006080587754339293
GandalIsoforms,IsoformM48_skyblue2,ZNF638,asd_d_proband vs sibling,2.5488382500932167,1.4669537740852552,4.42861700205196,5.612197744252341e-4,0.0018027898959851489
GandalIsoforms,IsoformM48_skyblue2,ZNF638,asd_da_proband vs sibling,1.4443557629795782,0.8320994714319669,2.5071083946997628,0.20284876851600117,0.3297559388259762
GandalIsoforms,IsoformM48_skyblue2,ZNF638,proband vs sibling,1.7622830783930585,1.0443163338584815,2.9738514544878987,0.035774119134458104,0.07516195233277521
GandalIsoforms,IsoformM49_yellow4,FAM193B,asd_d_proband vs asd_da_proband,1.6140063421824213,1.2876717634871606,2.023043873813308,4.140907901358235e-5,1.596974668551107e-4
GandalIsoforms,IsoformM49_yellow4,FAM193B,asd_d_proband vs sibling,2.671421716805091,1.8609830097793896,3.8347980349717736,8.42528956094107e-9,5.337579130749176e-8
GandalIsoforms,IsoformM49_yellow4,FAM193B,asd_da_proband vs sibling,1.6551494544890433,1.1573625253577327,2.367036824393991,0.005107953174536205,0.013488910265579555
GandalIsoforms,IsoformM49_yellow4,FAM193B,proband vs sibling,1.9519580130896206,1.3865396827205487,2.747948819891581,4.134243568870927e-5,1.595888089509074e-4
GandalIsoforms,IsoformM4_yellow,MARCH4,asd_d_proband vs asd_da_proband,2.1831685159591236,1.895657345918837,2.5142860229125126,2.3145334729946317e-27,5.889776519268462e-26
GandalIsoforms,IsoformM4_yellow,MARCH4,asd_d_proband vs sibling,3.88349045391769,3.0426299539929094,4.9567309642363995,7.849692918128477e-36,3.056012926673095e-34
GandalIsoforms,IsoformM4_yellow,MARCH4,asd_da_proband vs sibling,1.7788321998641368,1.388169032102717,2.2794371017486776,1.7967363233358448e-6,8.525139534161222e-6
GandalIsoforms,IsoformM4_yellow,MARCH4,proband vs sibling,2.4505887464369067,1.935628405912934,3.102550668205753,6.442411495641089e-17,8.580463263931334e-16
GandalIsoforms,IsoformM50_skyblue1,PDS5A,asd_d_proband vs asd_da_proband,1.378458395847902,0.9636570509586255,1.9718088994350684,0.08876819788249775,0.1659848691932583
GandalIsoforms,IsoformM50_skyblue1,PDS5A,asd_d_proband vs sibling,1.9281091944099635,1.14163037708483,3.2563999173368163,0.01181263474675858,0.028510635255952297
GandalIsoforms,IsoformM50_skyblue1,PDS5A,asd_da_proband vs sibling,1.3987431178319796,0.8417935008736519,2.3241831965343045,0.23377236963620887,0.37141023498183867
GandalIsoforms,IsoformM50_skyblue1,PDS5A,proband vs sibling,1.5360943037226762,0.9462453490212707,2.493629915718838,0.08629516008274381,0.16229333368162593
GandalIsoforms,IsoformM51_mediumpurple2,TVP23A,asd_d_proband vs asd_da_proband,2.111286535178759,1.336574285600805,3.3350415922624297,0.0014758222656914193,0.004334216905367128
GandalIsoforms,IsoformM51_mediumpurple2,TVP23A,asd_d_proband vs sibling,3.072040520288194,1.490702970590684,6.330860771380243,0.0011753204926038309,0.003526735733735474
GandalIsoforms,IsoformM51_mediumpurple2,TVP23A,asd_da_proband vs sibling,1.4550561797752812,0.6979030695539268,3.0336426054917083,0.3953620983263502,0.5603218288352598
GandalIsoforms,IsoformM51_mediumpurple2,TVP23A,proband vs sibling,1.9512274161170067,0.9752754867527703,3.903808186631668,0.06673541638894598,0.12973957390168542
GandalIsoforms,IsoformM52_lightsteelblue,CTD-2547E10.2,asd_d_proband vs asd_da_proband,1.843094778009815,1.1720701802852092,2.8982892132793876,0.010861623198579005,0.0265564646642659
GandalIsoforms,IsoformM52_lightsteelblue,CTD-2547E10.2,asd_d_proband vs sibling,2.918405878970163,1.4112229267339473,6.035256877606911,0.0025962727548938963,0.007277552245256429
GandalIsoforms,IsoformM52_lightsteelblue,CTD-2547E10.2,asd_da_proband vs sibling,1.583426915311146,0.7642447455245542,3.2806778336576956,0.25102327690829274,0.39305982341604445
GandalIsoforms,IsoformM52_lightsteelblue,CTD-2547E10.2,proband vs sibling,1.9237244537926075,0.9609933042000885,3.8509277410627414,0.06585873854714994,0.12830904793937895
GandalIsoforms,IsoformM53_lightcoral,MKRN5P,asd_d_proband vs asd_da_proband,1.3758530984996735,0.7992126876852363,2.3685456672788514,0.25403701596222183,0.39641630421300417
GandalIsoforms,IsoformM53_lightcoral,MKRN5P,asd_d_proband vs sibling,1.7664240052185258,0.8173739071893396,3.8174129841527606,0.15441890487590493,0.26422919297886815
GandalIsoforms,IsoformM53_lightcoral,MKRN5P,asd_da_proband vs sibling,1.2838754421854761,0.6095600995990677,2.7041404976000387,0.594708991187314,0.7493497800437663
GandalIsoforms,IsoformM53_lightcoral,MKRN5P,proband vs sibling,1.374101679976322,0.6757795106183037,2.794040655636607,0.5127211806693047,0.6759609198114856
GandalIsoforms,IsoformM54_indianred4,PNN,asd_d_proband vs asd_da_proband,1.6788186132881129,1.1735725356337396,2.401583072835497,0.005528088985123152,0.014471520303009171
GandalIsoforms,IsoformM54_indianred4,PNN,asd_d_proband vs sibling,4.009017771311951,2.049189275290007,7.843210817322115,5.220771428572082e-6,2.336013149032007e-5
GandalIsoforms,IsoformM54_indianred4,PNN,asd_da_proband vs sibling,2.387999358346367,1.2245152887010422,4.656978143173597,0.007975570465763353,0.02016022390208217
GandalIsoforms,IsoformM54_indianred4,PNN,proband vs sibling,2.8691182340767996,1.5038772650773424,5.473744189283041,3.178366009069374e-4,0.0010700263984708793
GandalIsoforms,IsoformM55_blue2,WAC,asd_d_proband vs asd_da_proband,1.5185041683301077,1.0163861517024704,2.2686799750011857,0.04321182378320848,0.0889023745855983
GandalIsoforms,IsoformM55_blue2,WAC,asd_d_proband vs sibling,6.082605424567398,2.4119798235444945,15.339302754451188,3.2390374808564183e-6,1.4902948576401534e-5
GandalIsoforms,IsoformM55_blue2,WAC,asd_da_proband vs sibling,4.005656060369207,1.600012376390487,10.028222725482633,5.874342579476179e-4,0.0018777284525974733
GandalIsoforms,IsoformM55_blue2,WAC,proband vs sibling,4.6004458021815555,1.8708197420208188,11.312742271978,6.175815598731044e-5,2.338390694282619e-4
GandalIsoforms,IsoformM56_plum3,ARHGEF1,asd_d_proband vs asd_da_proband,2.039318853299545,1.3599936144817948,3.05797125893685,7.527626272578842e-4,0.002343700456021642
GandalIsoforms,IsoformM56_plum3,ARHGEF1,asd_d_proband vs sibling,3.8400496446890067,1.8885260875910175,7.808195698522743,2.8912367895418194e-5,1.1491783225447632e-4
GandalIsoforms,IsoformM56_plum3,ARHGEF1,asd_da_proband vs sibling,1.8830060039291765,0.9192819633481032,3.8570446850926374,0.09122559414272269,0.17016082965141902
GandalIsoforms,IsoformM56_plum3,ARHGEF1,proband vs sibling,2.418409055180003,1.2179793603129552,4.8019716497279825,0.007126486064968317,0.01818551486046537
GandalIsoforms,IsoformM57_thistle3,CHL1,asd_d_proband vs asd_da_proband,0.8683535224825084,0.4687854123872034,1.6084925428203523,0.7590019759565503,0.8851136713983836
GandalIsoforms,IsoformM57_thistle3,CHL1,asd_d_proband vs sibling,2.5920402377608003,0.860288017993511,7.809794456792894,0.10188112867160257,0.18682324918469154
GandalIsoforms,IsoformM57_thistle3,CHL1,asd_da_proband vs sibling,2.9850057271035175,1.0537051734636607,8.456121707698996,0.03599302553657451,0.0755521852959045
GandalIsoforms,IsoformM57_thistle3,CHL1,proband vs sibling,2.720720472223755,0.9775937499625448,7.57197955516907,0.04595194386233689,0.09369382289946497
GandalIsoforms,IsoformM58_thistle,CCSER2,asd_d_proband vs asd_da_proband,1.475560126081612,0.9551174976141666,2.279591454580937,0.08419289978735582,0.15906207321916457
GandalIsoforms,IsoformM58_thistle,CCSER2,asd_d_proband vs sibling,2.557475446944711,1.2718503036448188,5.142649762303805,0.0069423151416651814,0.017745367828442705
GandalIsoforms,IsoformM58_thistle,CCSER2,asd_da_proband vs sibling,1.7332234734047425,0.8735182684801865,3.439039247556778,0.13205833321928762,0.2328787099550349
GandalIsoforms,IsoformM58_thistle,CCSER2,proband vs sibling,1.9044992041527766,0.98551177329979045,3.6804402716305233,0.058599089948660726,0.11564941712138198
GandalIsoforms,IsoformM59_salmon2,RP5-940J5.9,asd_d_proband vs asd_da_proband,0,NA,NA,0.3041445979011357,0.4555669977583438
GandalIsoforms,IsoformM59_salmon2,RP5-940J5.9,asd_d_proband vs sibling,0,NA,NA,0.40870502627678207,0.5724937814827836
GandalIsoforms,IsoformM59_salmon2,RP5-940J5.9,asd_da_proband vs sibling,1.5405714285714285,0.17219065679542356,13.783328147417174,1,1
GandalIsoforms,IsoformM59_salmon2,RP5-940J5.9,proband vs sibling,0.98931745902307755,0.11057664700839608,8.851317716783027,1,1
GandalIsoforms,IsoformM5_green,PPAP2B,asd_d_proband vs asd_da_proband,1.2501676281473968,0.9039811495217746,1.728928860180885,0.17553439279813438,0.2947140284539263
GandalIsoforms,IsoformM5_green,PPAP2B,asd_d_proband vs sibling,2.040709009923861,1.2441320092883432,3.3473081892383423,0.0035723424763626135,0.009720442042910218
GandalIsoforms,IsoformM5_green,PPAP2B,asd_da_proband vs sibling,1.6323483059211465,1.0146375078493708,2.6261211232881085,0.04297913935286459,0.0885036074829558
GandalIsoforms,IsoformM5_green,PPAP2B,proband vs sibling,1.71958361410737,1.0883434866228154,2.7169435405748454,0.019355781113888214,0.044304313052141116
GandalIsoforms,IsoformM60_palevioletred2,SPTBN2,asd_d_proband vs asd_da_proband,3.1990649124510857,1.9198688595038602,5.33058092140751,5.280402657273788e-6,2.3580621670472653e-5
GandalIsoforms,IsoformM60_palevioletred2,SPTBN2,asd_d_proband vs sibling,3.542433688383886,1.660747205696061,7.556138823269931,3.730572709003235e-4,0.001243967633551922
GandalIsoforms,IsoformM60_palevioletred2,SPTBN2,asd_da_proband vs sibling,1.1073341070999758,0.4953288351922016,2.475504629709483,1,1
GandalIsoforms,IsoformM60_palevioletred2,SPTBN2,proband vs sibling,1.8550254569006062,0.8870932038545931,3.879095714854952,0.12631585834783057,0.22510578507095513
GandalIsoforms,IsoformM61_navajowhite1,CELF2,asd_d_proband vs asd_da_proband,3.47342530530895,2.251548170433114,5.358394508272844,7.926331343958074e-9,5.056644155704346e-8
GandalIsoforms,IsoformM61_navajowhite1,CELF2,asd_d_proband vs sibling,5.184097913263033,2.4790915994522766,10.840612416352744,1.9196702903398493e-7,1.0348045174553863e-6
GandalIsoforms,IsoformM61_navajowhite1,CELF2,asd_da_proband vs sibling,1.4925030647238646,0.6860640239589233,3.246876851749188,0.37386816611749213,0.5338465677691114
GandalIsoforms,IsoformM61_navajowhite1,CELF2,proband vs sibling,2.6898066645186796,1.303897823358229,5.548793596307251,0.004214664497887122,0.011359643069749018
GandalIsoforms,IsoformM6_black,SOX4,asd_d_proband vs asd_da_proband,1.3977162155587628,1.0453872169219571,1.86879137951211,0.025993875174591657,0.05692408722128125
GandalIsoforms,IsoformM6_black,SOX4,asd_d_proband vs sibling,2.7993950991680587,1.7160371718095948,4.566691823454083,9.899068200096948e-6,4.249788468561885e-5
GandalIsoforms,IsoformM6_black,SOX4,asd_da_proband vs sibling,2.0028351020088504,1.241119491166859,3.2320404879529097,0.00343918975288499,0.00938054450562343
GandalIsoforms,IsoformM6_black,SOX4,proband vs sibling,2.2507700640269257,1.4184409773502236,3.5715027710095173,1.902136442280238e-4,6.613917171440064e-4
GandalIsoforms,IsoformM7_magenta,PTK2B,asd_d_proband vs asd_da_proband,1.677194215541954,1.2769986800945534,2.202806064325068,2.6782016330988265e-4,9.131144040991883e-4
GandalIsoforms,IsoformM7_magenta,PTK2B,asd_d_proband vs sibling,2.5600260556011594,1.6735380591744429,3.916094629237049,4.747876867795863e-6,2.1439915794751477e-5
GandalIsoforms,IsoformM7_magenta,PTK2B,asd_da_proband vs sibling,1.5263742456766909,1.0007844083707413,2.3279922412640186,0.05335086164159976,0.10692232022425602
GandalIsoforms,IsoformM7_magenta,PTK2B,proband vs sibling,1.8046429830980062,1.2070131674398838,2.698177935666203,0.0025008484914618503,0.007023036300005381
GandalIsoforms,IsoformM8_purple,RPL35,asd_d_proband vs asd_da_proband,0.9305330761298902,0.4879733451037005,1.7744653769720622,0.8722491696086787,0.9805268922920858
GandalIsoforms,IsoformM8_purple,RPL35,asd_d_proband vs sibling,1.3824245176465106,0.5579710657821291,3.4250836005471537,0.5163488169035599,0.6776687598439977
GandalIsoforms,IsoformM8_purple,RPL35,asd_da_proband vs sibling,1.4856264146955935,0.6469661399316647,3.4114394986334293,0.4450048896981429,0.611093591871607
GandalIsoforms,IsoformM8_purple,RPL35,proband vs sibling,1.3780234615137368,0.6163833578254356,3.080791582663232,0.5785859459188489,0.7347251139281732
GandalIsoforms,IsoformM9_cyan,GRIA1,asd_d_proband vs asd_da_proband,1.6516640310032638,1.26548072616338,2.155697842653474,2.8431198081189566e-4,9.664485616404364e-4
GandalIsoforms,IsoformM9_cyan,GRIA1,asd_d_proband vs sibling,2.2464206918922662,1.5115380852410105,3.3385899926941596,2.4614220844464036e-5,9.904397168421704e-5
GandalIsoforms,IsoformM9_cyan,GRIA1,asd_da_proband vs sibling,1.3600954248108992,0.9185807583238472,2.013823550982078,0.13794226125928766,0.24152041611776587
GandalIsoforms,IsoformM9_cyan,GRIA1,proband vs sibling,1.6231473092650595,1.1189922976648783,2.3544462219019033,0.00964106043189393,0.023840950199390257
Wamsley,ARID3A_(+),ARID3A (+),asd_d_proband vs asd_da_proband,1.7945987228716291,1.030887327606426,3.124089791277405,0.039389902648154694,0.08189048791842748
Wamsley,ARID3A_(+),ARID3A (+),asd_d_proband vs sibling,8.640107558817913,2.0465215125502874,36.47724109917369,2.359530684865241e-4,8.111443222310319e-4
Wamsley,ARID3A_(+),ARID3A (+),asd_da_proband vs sibling,4.814506690940043,1.1403783399976704,20.326126745930473,0.016598351913132196,0.03853490976774575
Wamsley,ARID3A_(+),ARID3A (+),proband vs sibling,5.93609607603489,1.4427767038844008,24.42320875368122,0.0022351192622364654,0.006331447910128794
Wamsley,ARX_(+),ARX (+),asd_d_proband vs asd_da_proband,1.2086073354440237,0.7773236972885725,1.8791807021764095,0.42070757136871556,0.5856732847140891
Wamsley,ARX_(+),ARX (+),asd_d_proband vs sibling,2.073629361123697,1.0480470859125768,4.102810632377401,0.032337323310173166,0.06934863826640243
Wamsley,ARX_(+),ARX (+),asd_da_proband vs sibling,1.7157180006373844,0.8921727987938187,3.299459770227125,0.11344399237212244,0.20489211352956105
Wamsley,ARX_(+),ARX (+),proband vs sibling,1.7763347883328178,0.945349045838214,3.337778034613262,0.08440759426444311,0.1594015720872879
Wamsley,AR_(+),AR (+),asd_d_proband vs asd_da_proband,Inf,NA,NA,0.1280697272589673,0.2274417413194302
Wamsley,AR_(+),AR (+),asd_d_proband vs sibling,Inf,NA,NA,0.5166945341247429,0.6776687598439977
Wamsley,AR_(+),AR (+),asd_da_proband vs sibling,NA,NA,NA,NA,NA
Wamsley,AR_(+),AR (+),proband vs sibling,Inf,NA,NA,1,1
Wamsley,ATF2_(+),ATF2 (+),asd_d_proband vs asd_da_proband,1.4955254942767953,0.45642107562425405,4.900291909116654,0.5377143450220105,0.6998036585982825
Wamsley,ATF2_(+),ATF2 (+),asd_d_proband vs sibling,3.455983350676379,0.40376351188225407,29.581229032987505,0.41143852558899724,0.575230984256909
Wamsley,ATF2_(+),ATF2 (+),asd_da_proband vs sibling,2.3108822710826606,0.2782114972154085,19.194666375234164,0.681579312270906,0.8226268594048692
Wamsley,ATF2_(+),ATF2 (+),proband vs sibling,2.720632698351231,0.3512520738432595,21.07273616451544,0.48066314217496986,0.6445159295281094
Wamsley,ATF3_(+),ATF3 (+),asd_d_proband vs asd_da_proband,1.8683435562548771,1.3550713588265342,2.576032340630391,1.5452787452844918e-4,5.452164744206708e-4
Wamsley,ATF3_(+),ATF3 (+),asd_d_proband vs sibling,2.101264613100761,1.3372966409753473,3.301670578525655,7.946381668240102e-4,0.0024572823149242133
Wamsley,ATF3_(+),ATF3 (+),asd_da_proband vs sibling,1.1246671448974712,0.7141268687233396,1.7712205522711624,0.6537159613775652,0.802484120035172
Wamsley,ATF3_(+),ATF3 (+),proband vs sibling,1.414765957976602,0.9250436642803234,2.1637494457157898,0.1211941135905392,0.21716726491145005
Wamsley,ATF4_(+),ATF4 (+),asd_d_proband vs asd_da_proband,2.1535181339643596,1.6280245801978628,2.8486304259298714,9.814516765475854e-8,5.498785223461565e-7
Wamsley,ATF4_(+),ATF4 (+),asd_d_proband vs sibling,4.66565050466026,2.7598979597172564,7.887354876651541,1.2643597308650288e-11,1.0528626278044252e-10
Wamsley,ATF4_(+),ATF4 (+),asd_da_proband vs sibling,2.1665248279434617,1.272978445538793,3.6872814669762657,0.0031797885346189912,0.008746338632360812
Wamsley,ATF4_(+),ATF4 (+),proband vs sibling,2.9371263930830787,1.7633694732739913,4.892174657491535,2.7302468984836133e-6,1.271602722146509e-5
Wamsley,ATF5_(+),ATF5 (+),asd_d_proband vs asd_da_proband,0.5383771667662881,0.21620905411814992,1.340600535336063,0.2211736575616715,0.35510962643405486
Wamsley,ATF5_(+),ATF5 (+),asd_d_proband vs sibling,0.6911984459055589,0.22292630255228013,2.143108669333525,0.5653669807721978,0.7232044790725464
Wamsley,ATF5_(+),ATF5 (+),asd_da_proband vs sibling,1.2838554243620275,0.515588669172274,3.196898708635234,0.6683378592909528,0.8130276283477176
Wamsley,ATF5_(+),ATF5 (+),proband vs sibling,1.0717882357554465,0.4411543869046661,2.6039183932041783,1,1
Wamsley,ATF6B_(+),ATF6B (+),asd_d_proband vs asd_da_proband,2.3073926073926074,0.8593226121367084,6.195648257656996,0.11583792466843415,0.20880164102284035
Wamsley,ATF6B_(+),ATF6B (+),asd_d_proband vs sibling,2.0736596736596735,0.5613966109858644,7.659583898468914,0.38130828910934245,0.5426010233572102
Wamsley,ATF6B_(+),ATF6B (+),asd_da_proband vs sibling,0.8987025732057554,0.2323973203628726,3.475368450141895,1,1
Wamsley,ATF6B_(+),ATF6B (+),proband vs sibling,1.2366548042704626,0.3580151163834747,4.271649533611162,1,1
Wamsley,ATF6_(+),ATF6 (+),asd_d_proband vs asd_da_proband,1.0254907768951127,0.3002015682963276,3.50308407602615,1,1
Wamsley,ATF6_(+),ATF6 (+),asd_d_proband vs sibling,2.7647879359095198,0.3090221211137116,24.73626257887869,0.6546712857954162,0.802484120035172
Wamsley,ATF6_(+),ATF6 (+),asd_da_proband vs sibling,2.6960631906222425,0.33170906548999357,21.91304816192145,0.45738636601003424,0.6241468904424935
Wamsley,ATF6_(+),ATF6 (+),proband vs sibling,2.7206550919368113,0.3512549650065469,21.072909614654808,0.48066283258033293,0.6445159295281094
Wamsley,BACH1_(+),BACH1 (+),asd_d_proband vs asd_da_proband,1.7785013889137966,1.4765933695015114,2.1421382864777017,1.6784445672455702e-9,1.1462241385012852e-8
Wamsley,BACH1_(+),BACH1 (+),asd_d_proband vs sibling,1.9584223763966766,1.5128695168060327,2.535194318984319,1.3198675928333448e-7,7.287268951946529e-7
Wamsley,BACH1_(+),BACH1 (+),asd_da_proband vs sibling,1.1011643783943093,0.8508999198819975,1.4250359647615,0.4800223106309981,0.6445159295281094
Wamsley,BACH1_(+),BACH1 (+),proband vs sibling,1.3730390414454399,1.078901258968208,1.7473667712060428,0.009038986831799337,0.02251098142091087
Wamsley,BACH2_(+),BACH2 (+),asd_d_proband vs asd_da_proband,1.4954942162408063,0.9549292933712675,2.3420613089729274,0.09527460144347058,0.17691635123318733
Wamsley,BACH2_(+),BACH2 (+),asd_d_proband vs sibling,4.838422883649015,1.8956216004770616,12.349688352953395,1.4646282004780988e-4,5.187699419267294e-4
Wamsley,BACH2_(+),BACH2 (+),asd_da_proband vs sibling,3.235333731889155,1.2800540493446129,8.177298733642617,0.008257538383676646,0.02078071123626913
Wamsley,BACH2_(+),BACH2 (+),proband vs sibling,3.7100389272013348,1.500463082020386,9.173427194766678,0.0010898010815148956,0.0032926619217797117
Wamsley,BATF3_(+),BATF3 (+),asd_d_proband vs asd_da_proband,2.991032895367796,0.7148114071749403,12.515577803283128,0.14428803326101358,0.25047617905430675
Wamsley,BATF3_(+),BATF3 (+),asd_d_proband vs sibling,Inf,NA,NA,0.08367915837418262,0.15817001884831253
Wamsley,BATF3_(+),BATF3 (+),asd_da_proband vs sibling,Inf,NA,NA,0.5652250229013236,0.7232044790725464
Wamsley,BATF3_(+),BATF3 (+),proband vs sibling,Inf,NA,NA,0.35797506355924946,0.5156811512636724
Wamsley,BCL11A_(+),BCL11A (+),asd_d_proband vs asd_da_proband,3.752304363127195,1.829182770507254,7.697310657282705,2.1363629804301755e-4,7.39447824913332e-4
Wamsley,BCL11A_(+),BCL11A (+),asd_d_proband vs sibling,3.974466683139774,1.374523132184585,11.492265968839861,0.0054175995139894425,0.014231563025574738
Wamsley,BCL11A_(+),BCL11A (+),asd_da_proband vs sibling,1.0592069028823203,0.3372765722073742,3.326407333218941,1,1
Wamsley,BCL11A_(+),BCL11A (+),proband vs sibling,1.9168852603967108,0.6766593100563939,5.430279384199903,0.288800002223465,0.43805661342919855
Wamsley,BCL6_(+),BCL6 (+),asd_d_proband vs asd_da_proband,1.7385149612929172,1.0608861487639811,2.8489713756379005,0.034585172480972565,0.07323824298039518
Wamsley,BCL6_(+),BCL6 (+),asd_d_proband vs sibling,1.6482651415843996,0.8625180861446858,3.1498214595195235,0.16677468307196175,0.28208648074069004
Wamsley,BCL6_(+),BCL6 (+),asd_da_proband vs sibling,0.948087982146901,0.4976124231733809,1.8063673253153347,0.8684818957283835,0.9770154768424851
Wamsley,BCL6_(+),BCL6 (+),proband vs sibling,1.1415569531084282,0.6267498738088247,2.0792222410366117,0.769743292521379,0.8934250011833771
Wamsley,BCLAF1_(+),BCLAF1 (+),asd_d_proband vs asd_da_proband,1.4907257759365098,1.3462771431169454,1.6506730062254877,3.2819366868130477e-14,3.4684968929079887e-13
Wamsley,BCLAF1_(+),BCLAF1 (+),asd_d_proband vs sibling,2.888563301866507,2.4335060554833845,3.4287146851716175,2.1317682177112817e-40,1.0441079819005256e-38
Wamsley,BCLAF1_(+),BCLAF1 (+),asd_da_proband vs sibling,1.9376892440541866,1.6370495603127586,2.293540585176884,2.494065729511476e-16,3.173315474280663e-15
Wamsley,BCLAF1_(+),BCLAF1 (+),proband vs sibling,2.177176858997014,1.8506334885181097,2.5613386468801704,3.4386178096318137e-25,7.870806091895934e-24
Wamsley,BDP1_(+),BDP1 (+),asd_d_proband vs asd_da_proband,1.7424367258133693,1.6017976710817543,1.8954239965980424,1.1680767951334417e-37,5.0194243413517235e-36
Wamsley,BDP1_(+),BDP1 (+),asd_d_proband vs sibling,3.436745996381903,2.968421076782004,3.9789580851687356,1.7471307876461274e-77,3.4600785816209173e-75
Wamsley,BDP1_(+),BDP1 (+),asd_da_proband vs sibling,1.9723792235713065,1.7042115098119932,2.282744705793544,1.6880515112631343e-22,3.2037810974181573e-21
Wamsley,BDP1_(+),BDP1 (+),proband vs sibling,2.3916921193944978,2.0783847372795345,2.7522292150110226,1.6316463095459745e-42,8.847796357121326e-41
Wamsley,BHLHE22_(+),BHLHE22 (+),asd_d_proband vs asd_da_proband,1.7945239269856932,0.11224538310519681,28.689965105344797,1,1
Wamsley,BHLHE22_(+),BHLHE22 (+),asd_d_proband vs sibling,Inf,NA,NA,1,1
Wamsley,BHLHE22_(+),BHLHE22 (+),asd_da_proband vs sibling,Inf,NA,NA,1,1
Wamsley,BHLHE22_(+),BHLHE22 (+),proband vs sibling,Inf,NA,NA,1,1
Wamsley,BHLHE40_(+),BHLHE40 (+),asd_d_proband vs asd_da_proband,1.7022273487477821,1.4356351626762116,2.0183247263346766,1.3533891559029558e-9,9.383086156983202e-9
Wamsley,BHLHE40_(+),BHLHE40 (+),asd_d_proband vs sibling,2.2291449943696713,1.7346474694968654,2.864609376431193,4.1136209971211345e-11,3.293065666412437e-10
Wamsley,BHLHE40_(+),BHLHE40 (+),asd_da_proband vs sibling,1.3095459875024968,1.0206085265510914,1.680282545922902,0.03713119240305715,0.07783367758671207
Wamsley,BHLHE40_(+),BHLHE40 (+),proband vs sibling,1.5798666678274105,1.2481721196412883,1.9997071307997198,8.38827509330476e-5,3.0997751934658274e-4
Wamsley,BPTF_(+),BPTF (+),asd_d_proband vs asd_da_proband,1.98045349946214,1.7715010845474541,2.214052307246426,6.796474935714824e-33,2.2271901677828076e-31
Wamsley,BPTF_(+),BPTF (+),asd_d_proband vs sibling,4.492848141539921,3.639888052360485,5.54568825539791,3.974126608629189e-61,4.209801558675804e-59
Wamsley,BPTF_(+),BPTF (+),asd_da_proband vs sibling,2.2685956235579914,1.835245848802492,2.804270668469082,1.2399882373105768e-16,1.6277079022909733e-15
Wamsley,BPTF_(+),BPTF (+),proband vs sibling,2.923525562392275,2.38374147992708,3.585540540336835,5.9483672869440035e-33,1.992265661178672e-31
Wamsley,BRCA1_(+),BRCA1 (+),asd_d_proband vs asd_da_proband,1.180959619392418,0.9198335368004921,1.5162152355160123,0.1936057549353534,0.3182512499929754
Wamsley,BRCA1_(+),BRCA1 (+),asd_d_proband vs sibling,1.3824129135417063,0.987774753156035,1.9347178670246752,0.05890313845265531,0.11618828525497457
Wamsley,BRCA1_(+),BRCA1 (+),asd_da_proband vs sibling,1.1705844051238028,0.8530878700329373,1.6062446761388625,0.3514400690686066,0.5104622176682089
Wamsley,BRCA1_(+),BRCA1 (+),proband vs sibling,1.207585812367615,0.8934859400228374,1.6321056984895361,0.24643697380773122,0.388531580237858
Wamsley,BRF1_(+),BRF1 (+),asd_d_proband vs asd_da_proband,1.7656510648750599,1.528398088646987,2.039732780387221,1.9391072230831965e-14,2.1130701916612345e-13
Wamsley,BRF1_(+),BRF1 (+),asd_d_proband vs sibling,2.874793344327893,2.2779638463586425,3.6279929489674614,2.425516279007311e-22,4.509480265664613e-21
Wamsley,BRF1_(+),BRF1 (+),asd_da_proband vs sibling,1.628177504331139,1.2906249108426402,2.0540142711790534,1.8817002702246406e-5,7.72175200979571e-5
Wamsley,BRF1_(+),BRF1 (+),proband vs sibling,1.9871282634684773,1.5922307079143962,2.4799664494898943,4.738550589281967e-11,3.7734436947866015e-10
Wamsley,BRF2_(+),BRF2 (+),asd_d_proband vs asd_da_proband,1.794580208081297,0.2527908385408649,12.739853001897844,0.6209623971879922,0.7719721900823864
Wamsley,BRF2_(+),BRF2 (+),asd_d_proband vs sibling,Inf,NA,NA,0.5166677886961034,0.6776687598439977
Wamsley,BRF2_(+),BRF2 (+),asd_da_proband vs sibling,Inf,NA,NA,1,1
Wamsley,BRF2_(+),BRF2 (+),proband vs sibling,Inf,NA,NA,1,1
Wamsley,CARF_(+),CARF (+),asd_d_proband vs asd_da_proband,0,NA,NA,0.5573116220769077,0.716906831259075
Wamsley,CARF_(+),CARF (+),asd_d_proband vs sibling,0,NA,NA,0.4087040449241027,0.5724937814827836
Wamsley,CARF_(+),CARF (+),asd_da_proband vs sibling,1.1554489829667605,0.12018987802455952,11.107943315876529,1,1
Wamsley,CARF_(+),CARF (+),proband vs sibling,0.7419954335474965,0.07718241304247983,7.133195266936268,0.5868840089433855,0.741364388584841
Wamsley,CEBPA_(+),CEBPA (+),asd_d_proband vs asd_da_proband,1.1963826795325605,0.42584103910391236,3.361187355022024,0.7898957512526698,0.9118031289802104
Wamsley,CEBPA_(+),CEBPA (+),asd_d_proband vs sibling,4.147165785773166,0.499285150480605,34.44721726278472,0.2524713417162474,0.39464892296414106
Wamsley,CEBPA_(+),CEBPA (+),asd_da_proband vs sibling,3.466420783852795,0.4391734445750943,27.360654882838666,0.3018224126626027,0.45358003618546855
Wamsley,CEBPA_(+),CEBPA (+),proband vs sibling,3.462681646640351,0.4553394320436146,26.33236513729269,0.3309634128213351,0.4875815573118741
Wamsley,CEBPB_(+),CEBPB (+),asd_d_proband vs asd_da_proband,1.5901471792193167,1.266599651306055,1.996343555733507,8.031625363285427e-5,2.9767334035610347e-4
Wamsley,CEBPB_(+),CEBPB (+),asd_d_proband vs sibling,1.6684311707184158,1.2285400538066182,2.2658297243135666,8.496325613937079e-4,0.0026184548830502975
Wamsley,CEBPB_(+),CEBPB (+),asd_da_proband vs sibling,1.0492306577165598,0.7765844343606925,1.4175985564256204,0.8198541962004268,0.9347774377203865
Wamsley,CEBPB_(+),CEBPB (+),proband vs sibling,1.2366859598727842,0.9328750107181891,1.6394395238104211,0.1576723818582306,0.26939148513287337
Wamsley,CEBPD_(+),CEBPD (+),asd_d_proband vs asd_da_proband,1.7633854645456617,1.360186687784116,2.2861040506407697,2.247156198592103e-5,9.11468965680056e-5
Wamsley,CEBPD_(+),CEBPD (+),asd_d_proband vs sibling,2.7895166241364526,1.8443317025762802,4.219090842208086,1.7516419818568563e-7,9.498487175426167e-7
Wamsley,CEBPD_(+),CEBPD (+),asd_da_proband vs sibling,1.5819097300176368,1.0466520565349373,2.390898081458975,0.031344086500253485,0.0674727381893453
Wamsley,CEBPD_(+),CEBPD (+),proband vs sibling,1.8991967752198702,1.28101362185205,2.815698700994873,6.990293623547887e-4,0.002189875340801969
Wamsley,CEBPG_(+),CEBPG (+),asd_d_proband vs asd_da_proband,1.196392392654075,0.199910911435796,7.159963140182273,1,1
Wamsley,CEBPG_(+),CEBPG (+),asd_d_proband vs sibling,0.6911966538134763,0.09736437576170637,4.906854385963698,1,1
Wamsley,CEBPG_(+),CEBPG (+),asd_da_proband vs sibling,0.5777340762591501,0.09653634247562344,3.457523398043549,0.6223293707574554,0.7719721900823864
Wamsley,CEBPG_(+),CEBPG (+),proband vs sibling,0.6183348924228251,0.11996579836076773,3.1870586818232876,0.6314447801001082,0.7820138907248767
Wamsley,CELF4_(+),CELF4 (+),asd_d_proband vs asd_da_proband,1.9067636722578474,0.9634082726642694,3.773838989141859,0.06930867261380584,0.1339260839022036
Wamsley,CELF4_(+),CELF4 (+),asd_d_proband vs sibling,5.8753325305928135,1.3574410947410604,25.42985657261758,0.008313482483960593,0.020875396516140916
Wamsley,CELF4_(+),CELF4 (+),asd_da_proband vs sibling,3.0813113423939336,0.7084911426285933,13.400985584011343,0.18490683254068338,0.30727859256578355
Wamsley,CELF4_(+),CELF4 (+),proband vs sibling,4.081103829736067,0.9793015418804512,17.00743617446444,0.0333484036082688,0.07118180807669372
Wamsley,CHD2_(+),CHD2 (+),asd_d_proband vs asd_da_proband,1.716705379133763,1.5806255344801818,1.8645006641095407,4.981024484167473e-37,2.1007931967947072e-35
Wamsley,CHD2_(+),CHD2 (+),asd_d_proband vs sibling,3.1870729956222807,2.771114636032476,3.66546881437125,2.829315584929993e-73,4.773160181243006e-71
Wamsley,CHD2_(+),CHD2 (+),asd_da_proband vs sibling,1.8565055101245471,1.6150802144107526,2.1340195232224244,2.4296314100689308e-20,4.0390405375415983e-19
Wamsley,CHD2_(+),CHD2 (+),proband vs sibling,2.2291387908163602,1.9503079155279635,2.5478334519178025,6.182126094176671e-39,2.8159584358974732e-37
Wamsley,CLOCK_(+),CLOCK (+),asd_d_proband vs asd_da_proband,0.44866819184573903,0.05014793160793122,4.014186426430546,0.6609209142089486,0.8068868303998287
Wamsley,CLOCK_(+),CLOCK (+),asd_d_proband vs sibling,0.6912329438679631,0.043235816158616804,11.05109201444196,1,1
Wamsley,CLOCK_(+),CLOCK (+),asd_da_proband vs sibling,1.5406328249487822,0.17219751910790407,13.783877454252568,1,1
Wamsley,CLOCK_(+),CLOCK (+),proband vs sibling,1.236697462285113,0.14448371413895353,10.585418725819558,1,1
Wamsley,CNOT4_(+),CNOT4 (+),asd_d_proband vs asd_da_proband,2.6919427710843373,0.4498095576373935,16.110275470480133,0.3566570711056948,0.5156811512636724
Wamsley,CNOT4_(+),CNOT4 (+),asd_d_proband vs sibling,0.6912148594377511,0.13951147042772868,3.4246501770981905,0.6937157420927509,0.8335202335089634
Wamsley,CNOT4_(+),CNOT4 (+),asd_da_proband vs sibling,0.2567717511911755,0.04290521665531462,1.5366833534359055,0.13529306280468936,0.2374081376136298
Wamsley,CNOT4_(+),CNOT4 (+),proband vs sibling,0.41222822995443303,0.09851628231414995,1.724913989643694,0.1993333354969319,0.32508533590709804
Wamsley,CPEB1_(+),CPEB1 (+),asd_d_proband vs asd_da_proband,1.7945245805122167,0.11224542398252026,28.689975553605123,1,1
Wamsley,CPEB1_(+),CPEB1 (+),asd_d_proband vs sibling,Inf,NA,NA,1,1
Wamsley,CPEB1_(+),CPEB1 (+),asd_da_proband vs sibling,Inf,NA,NA,1,1
Wamsley,CPEB1_(+),CPEB1 (+),proband vs sibling,Inf,NA,NA,1,1
Wamsley,CREB1_(+),CREB1 (+),asd_d_proband vs asd_da_proband,2.0072605989802605,1.7749645012461543,2.2699581368471744,1.927769893808294e-28,5.1350829627466546e-27
Wamsley,CREB1_(+),CREB1 (+),asd_d_proband vs sibling,3.1249531806428728,2.5622121540733285,3.8112895396602395,9.791693557281881e-36,3.7479969876822664e-34
Wamsley,CREB1_(+),CREB1 (+),asd_da_proband vs sibling,1.5568248498627575,1.273769469705637,1.9027804251818858,7.590291273568401e-6,3.318020801449526e-5
Wamsley,CREB1_(+),CREB1 (+),proband vs sibling,2.036893716739398,1.6839804332801478,2.4637673522197154,1.2890750833299425e-15,1.5411383214088946e-14
Wamsley,CREB3L1_(+),CREB3L1 (+),asd_d_proband vs asd_da_proband,1.345958532863232,0.4670144371606547,3.8791185625898437,0.5861573815778632,0.741364388584841
Wamsley,CREB3L1_(+),CREB3L1 (+),asd_d_proband vs sibling,2.0736199547439873,0.4185294413808343,10.273828532888873,0.4849063760705305,0.6477331549679402
Wamsley,CREB3L1_(+),CREB3L1 (+),asd_da_proband vs sibling,1.5406269243175086,0.3271625445465243,7.254899313801177,0.7363033852984663,0.8679773854853781
Wamsley,CREB3L1_(+),CREB3L1 (+),proband vs sibling,1.7313486235077014,0.393492664455229,7.617849903941655,0.7532172147898535,0.8792681735950236
Wamsley,CREB3L2_(+),CREB3L2 (+),asd_d_proband vs asd_da_proband,1.4356595876608278,0.3855210726578907,5.346318522701049,0.7300974346190922,0.862237204270099
Wamsley,CREB3L2_(+),CREB3L2 (+),asd_d_proband vs sibling,0.6912106650131762,0.17287016522801468,2.763763098148131,0.7236638842034671,0.8562957735158243
Wamsley,CREB3L2_(+),CREB3L2 (+),asd_da_proband vs sibling,0.4814586068689101,0.1292872211182743,1.7929257673199948,0.27515448761518924,0.422280556296222
Wamsley,CREB3L2_(+),CREB3L2 (+),proband vs sibling,0.5565154927389919,0.17138341437542534,1.807114736202456,0.3039732118589432,0.4555669977583438
Wamsley,CREBL2_(+),CREBL2 (+),asd_d_proband vs asd_da_proband,0.9244892340043009,0.5149719083514599,1.6596640125980497,0.8831726074774868,0.9908764090011435
Wamsley,CREBL2_(+),CREBL2 (+),asd_d_proband vs sibling,2.3500925802948514,0.867039181338506,6.369879533507114,0.1269048199011734,0.225713690205034
Wamsley,CREBL2_(+),CREBL2 (+),asd_da_proband vs sibling,2.5420442919770316,0.9924128102423742,6.511392351731951,0.046076804592998226,0.09390597088192704
Wamsley,CREBL2_(+),CREBL2 (+),proband vs sibling,2.374423259714845,0.9452654535330742,5.964341334174871,0.05840635970966142,0.11541907526139165
Wamsley,CREM_(+),CREM (+),asd_d_proband vs asd_da_proband,1.8693706052619739,1.609473452729786,2.17123584976845,4.92163149775726e-16,6.09185637833813e-15
Wamsley,CREM_(+),CREM (+),asd_d_proband vs sibling,2.950276572940379,2.319694512699979,3.752275055696779,3.8546355297283164e-22,7.079784208835678e-21
Wamsley,CREM_(+),CREM (+),asd_da_proband vs sibling,1.578219195613663,1.239718909561322,2.009145629862826,1.2801362207612407e-4,4.5776669447317793e-4
Wamsley,CREM_(+),CREM (+),proband vs sibling,1.9666328220241471,1.563103721373086,2.474336541957167,4.386354471580674e-10,3.1865780890031853e-9
Wamsley,CTCF_(+),CTCF (+),asd_d_proband vs asd_da_proband,1.753339596362467,1.3003200106877884,2.364187057727765,3.157439197775261e-4,0.0010637674220315323
Wamsley,CTCF_(+),CTCF (+),asd_d_proband vs sibling,2.4480236215448525,1.5561749997565546,3.850993398929479,5.250282717078256e-5,2.0029344871265876e-4
Wamsley,CTCF_(+),CTCF (+),asd_da_proband vs sibling,1.3962062036490814,0.888568650382564,2.193856110351057,0.16826878950654733,0.28377057986017146
Wamsley,CTCF_(+),CTCF (+),proband vs sibling,1.7210533258582594,1.121960116154362,2.640044425643606,0.010799788109769585,0.026419460171858464
Wamsley,CUX1_(+),CUX1 (+),asd_d_proband vs asd_da_proband,1.842494190213148,1.7385310889058618,1.9526742217222581,2.721875805304226e-93,8.265429528773833e-91
Wamsley,CUX1_(+),CUX1 (+),asd_d_proband vs sibling,3.021413721547434,2.748825679685253,3.321033030294013,5.6917954215303115e-142,8.642042715023523e-139
Wamsley,CUX1_(+),CUX1 (+),asd_da_proband vs sibling,1.6398497957803075,1.4915546640705315,1.8028889034358286,8.413267968461634e-27,2.0714830052077156e-25
Wamsley,CUX1_(+),CUX1 (+),proband vs sibling,2.039594473985636,1.8634518677947345,2.232386942859839,2.5324740254957544e-64,3.1176808611170707e-62
Wamsley,CXXC1_(+),CXXC1 (+),asd_d_proband vs asd_da_proband,1.19638332181525,0.19990939574607067,7.159908854588319,1,1
Wamsley,CXXC1_(+),CXXC1 (+),asd_d_proband vs sibling,Inf,NA,NA,0.5166699399248544,0.6776687598439977
Wamsley,CXXC1_(+),CXXC1 (+),asd_da_proband vs sibling,Inf,NA,NA,0.5652267826542974,0.7232044790725464
Wamsley,CXXC1_(+),CXXC1 (+),proband vs sibling,Inf,NA,NA,0.5904187575692352,0.744355815294001
Wamsley,DBX2_(+),DBX2 (+),asd_d_proband vs asd_da_proband,2.592187621307785,1.1080533764066742,6.06418138975569,0.026787476694543802,0.05852132198736069
Wamsley,DBX2_(+),DBX2 (+),asd_d_proband vs sibling,1.7971144222234812,0.6406839519605211,5.040894557575317,0.3400089969239174,0.49815773067368035
Wamsley,DBX2_(+),DBX2 (+),asd_da_proband vs sibling,0.6932809984320576,0.23234415950908024,2.068649127236473,0.5525713245089404,0.7142345014580657
Wamsley,DBX2_(+),DBX2 (+),proband vs sibling,1.0388103878200579,0.3917121396261157,2.7548980812105346,1,1
Wamsley,DDIT3_(+),DDIT3 (+),asd_d_proband vs asd_da_proband,0.4486164122137404,0.050142144165247864,4.013723159589454,0.6609126639515969,0.8068868303998287
Wamsley,DDIT3_(+),DDIT3 (+),asd_d_proband vs sibling,Inf,NA,NA,1,1
Wamsley,DDIT3_(+),DDIT3 (+),asd_da_proband vs sibling,Inf,NA,NA,0.5814986938758603,0.7367806816702486
Wamsley,DDIT3_(+),DDIT3 (+),proband vs sibling,Inf,NA,NA,0.5904185142353928,0.744355815294001
Wamsley,DEAF1_(+),DEAF1 (+),asd_d_proband vs asd_da_proband,1.5498762566903383,0.8389029665362694,2.863401974808253,0.19175742064264711,0.3161256065969083
Wamsley,DEAF1_(+),DEAF1 (+),asd_d_proband vs sibling,2.6265347400645056,0.9807272389458854,7.0342542419650025,0.05989220228760481,0.11799696428202418
Wamsley,DEAF1_(+),DEAF1 (+),asd_da_proband vs sibling,1.6946738352346284,0.6417593416296491,4.475072229624343,0.39035052080124755,0.5544267609135275
Wamsley,DEAF1_(+),DEAF1 (+),proband vs sibling,1.9291922185381885,0.7603970262070954,4.894525475241225,0.18782830406523165,0.3112251455136887
Wamsley,DLX1_(+),DLX1 (+),asd_d_proband vs asd_da_proband,1.7771735725478208,1.3515354536553348,2.336857607708616,5.477093615478383e-5,2.0842240115709305e-4
Wamsley,DLX1_(+),DLX1 (+),asd_d_proband vs sibling,2.350105090101841,1.5642166084557378,3.530837036678137,1.717021905007189e-5,7.097127747103218e-5
Wamsley,DLX1_(+),DLX1 (+),asd_da_proband vs sibling,1.3223835456503246,0.8805665842883493,1.9858784934701739,0.2080167313625914,0.33743454820391877
Wamsley,DLX1_(+),DLX1 (+),proband vs sibling,1.6324246253836434,1.1119044964446172,2.3966178444999753,0.009931089210372708,0.02447841523444139
Wamsley,E2F1_(+),E2F1 (+),asd_d_proband vs asd_da_proband,1.6236726627883618,0.8729468799770508,3.02001527968753,0.13796621794476988,0.24152041611776587
Wamsley,E2F1_(+),E2F1 (+),asd_d_proband vs sibling,1.3132987158359501,0.6106822824337481,2.824305807829739,0.5730648595560687,0.7301567651126972
Wamsley,E2F1_(+),E2F1 (+),asd_da_proband vs sibling,0.8088445078459343,0.3809105372201803,1.7175409287623962,0.5528631225387657,0.7144089427415823
Wamsley,E2F1_(+),E2F1 (+),proband vs sibling,0.9646218892556465,0.4815498517403078,1.9322929617117486,0.8590420194023456,0.9687884125718454
Wamsley,E2F3_(+),E2F3 (+),asd_d_proband vs asd_da_proband,1.7945589212800304,0.6294646694934094,5.1161596162935465,0.2761269390159861,0.42252494686133
Wamsley,E2F3_(+),E2F3 (+),asd_d_proband vs sibling,Inf,NA,NA,0.046467649936945965,0.09444897164783081
Wamsley,E2F3_(+),E2F3 (+),asd_da_proband vs sibling,Inf,NA,NA,0.20159884661270222,0.327842557285912
Wamsley,E2F3_(+),E2F3 (+),proband vs sibling,Inf,NA,NA,0.08539262063432268,0.16072867230964455
Wamsley,E2F4_(+),E2F4 (+),asd_d_proband vs asd_da_proband,0.9318084924965894,0.5853485431689938,1.4833334375244056,0.8152413348488494,0.9311495186149722
Wamsley,E2F4_(+),E2F4 (+),asd_d_proband vs sibling,3.7325112813516634,1.4374121751034836,9.692168124577387,0.0034203554182531217,0.009340359070829118
Wamsley,E2F4_(+),E2F4 (+),asd_da_proband vs sibling,4.0056635149902595,1.6000153540515156,10.028241388243268,5.874308952383169e-4,0.0018777284525974733
Wamsley,E2F4_(+),E2F4 (+),proband vs sibling,3.7595183946488295,1.521040414783356,9.292309673254824,0.0011216776431895788,0.003379128085137918
Wamsley,E2F6_(+),E2F6 (+),asd_d_proband vs asd_da_proband,1.2150908151785527,0.886915261898682,1.6646975788538674,0.24961443695939045,0.39179660935562494
Wamsley,E2F6_(+),E2F6 (+),asd_d_proband vs sibling,1.4040145562544666,0.91950525924118,2.1438233815010506,0.12197439508928634,0.21847950044502526
Wamsley,E2F6_(+),E2F6 (+),asd_da_proband vs sibling,1.1554811695685088,0.7744833486969176,1.7239063118320115,0.5539546551101115,0.7152292525651001
Wamsley,E2F6_(+),E2F6 (+),proband vs sibling,1.1825814707803608,0.8079218237902582,1.7309829909930752,0.4603861478176505,0.6264979351334771
Wamsley,EGR1_(+),EGR1 (+),asd_d_proband vs asd_da_proband,2.104116031355909,1.8823826850184642,2.3519682308199266,5.13853017849148e-39,2.3642429255584536e-37
Wamsley,EGR1_(+),EGR1 (+),asd_d_proband vs sibling,3.471511340122903,2.8840153907879347,4.1786846988043935,6.647112651915333e-50,4.5190444969364686e-48
Wamsley,EGR1_(+),EGR1 (+),asd_da_proband vs sibling,1.6498668744450533,1.367045644529543,1.9911995728042158,5.574321365110122e-8,3.2099916331323147e-7
Wamsley,EGR1_(+),EGR1 (+),proband vs sibling,2.200193428468788,1.840370140321758,2.630368215945352,1.3186033997751413e-21,2.310091725375296e-20
Wamsley,EGR3_(+),EGR3 (+),asd_d_proband vs asd_da_proband,1.7569466543813808,1.5357798655069401,2.0099635472971875,3.819194055221343e-16,4.7924046615793984e-15
Wamsley,EGR3_(+),EGR3 (+),asd_d_proband vs sibling,2.569088361721024,2.087246416670454,3.162163775975711,7.25743947480667e-22,1.3014817640844246e-20
Wamsley,EGR3_(+),EGR3 (+),asd_da_proband vs sibling,1.4622460820391825,1.1885459482955065,1.798974290817515,2.1919268837489886e-4,7.574139950310882e-4
Wamsley,EGR3_(+),EGR3 (+),proband vs sibling,1.7795141313592435,1.4616497210886648,2.166504394328243,9.031810161320242e-10,6.3881824976418794e-9
Wamsley,EGR4_(+),EGR4 (+),asd_d_proband vs asd_da_proband,2.157917054202331,1.7530864297864681,2.6562329921089267,4.3120980511256297e-13,4.100544180141387e-12
Wamsley,EGR4_(+),EGR4 (+),asd_d_proband vs sibling,3.010587438142506,2.1774449527235045,4.162510152720436,2.1781353333779233e-13,2.1199586417812908e-12
Wamsley,EGR4_(+),EGR4 (+),asd_da_proband vs sibling,1.3951358474505235,1.002946152250681,1.940686475015258,0.052675477374840046,0.10584424896088991
Wamsley,EGR4_(+),EGR4 (+),proband vs sibling,1.8522785954393726,1.3570948050968337,2.528147615212517,3.7032260398479764e-5,1.444194744135919e-4
Wamsley,ELF1_(+),ELF1 (+),asd_d_proband vs asd_da_proband,1.566669182954589,1.403911407840633,1.748295736548513,1.833408843527222e-15,2.1747857505902333e-14
Wamsley,ELF1_(+),ELF1 (+),asd_d_proband vs sibling,2.186994592055792,1.8570272992691235,2.5755923715088733,3.151945765875819e-23,6.324719367208967e-22
Wamsley,ELF1_(+),ELF1 (+),asd_da_proband vs sibling,1.3959517528335679,1.1883178318224972,1.6398653996889538,3.2070140786622584e-5,1.2658534773229277e-4
Wamsley,ELF1_(+),ELF1 (+),proband vs sibling,1.6214320180045108,1.3913234046227363,1.8895979038914084,6.765361461303761e-11,5.285801278943162e-10
Wamsley,ELF2_(+),ELF2 (+),asd_d_proband vs asd_da_proband,0.5608139013065916,0.20545076135838672,1.5308399434455573,0.36270369724030316,0.5208434240004984
Wamsley,ELF2_(+),ELF2 (+),asd_d_proband vs sibling,0.6912163211764502,0.20010910952481292,2.3875974651791765,0.7495715761624508,0.8767387795333725
Wamsley,ELF2_(+),ELF2 (+),asd_da_proband vs sibling,1.232523515494258,0.4515274925611663,3.364389192847515,0.8108263042512441,0.9272700743121821
Wamsley,ELF2_(+),ELF2 (+),proband vs sibling,0.9893583511929392,0.3713238565835671,2.63605456455482,1,1
Wamsley,ELK1_(+),ELK1 (+),asd_d_proband vs asd_da_proband,1.3099237830795891,1.012255875261979,1.695125075992723,0.04206796239297683,0.08686290512239776
Wamsley,ELK1_(+),ELK1 (+),asd_d_proband vs sibling,1.772326537897873,1.2241843986012957,2.5659053983419517,0.0018594868369893468,0.005377753995229507
Wamsley,ELK1_(+),ELK1 (+),asd_da_proband vs sibling,1.3529997399781457,0.948001917398471,1.9310175040621522,0.10953109285781523,0.19829656199866233
Wamsley,ELK1_(+),ELK1 (+),proband vs sibling,1.458656004214482,1.0388380495094505,2.048131890852159,0.02660379982723771,0.058175856079245206
Wamsley,ELK3_(+),ELK3 (+),asd_d_proband vs asd_da_proband,1.713023271544569,1.4304263765295577,2.051450376616166,7.046045382607466e-9,4.507687741260815e-8
Wamsley,ELK3_(+),ELK3 (+),asd_d_proband vs sibling,2.419226010467545,1.8402295652143628,3.180393685850253,1.4448828371535813e-11,1.2009929421960882e-10
Wamsley,ELK3_(+),ELK3 (+),asd_da_proband vs sibling,1.4122551927074636,1.0757473532384467,1.854027084821568,0.012974628672550736,0.03095832037897779
Wamsley,ELK3_(+),ELK3 (+),proband vs sibling,1.6976324261351794,1.311277965601759,2.1978222237136853,2.660427634922764e-5,1.0648723969308602e-4
Wamsley,ELK4_(+),ELK4 (+),asd_d_proband vs asd_da_proband,1.5047841941318725,1.1971266633300524,1.891508676793052,5.313648085392824e-4,0.0017153555654829422
Wamsley,ELK4_(+),ELK4 (+),asd_d_proband vs sibling,2.3328242051665162,1.6392614342048724,3.3198296858917304,6.55535790736976e-7,3.2848905685444725e-6
Wamsley,ELK4_(+),ELK4 (+),asd_da_proband vs sibling,1.550271603239659,1.0965506242113754,2.191729219560396,0.011650321522665891,0.02819724470549582
Wamsley,ELK4_(+),ELK4 (+),proband vs sibling,1.7313603931079247,1.2431059842324532,2.4113863571123253,7.278440979843774e-4,0.0022738887972008496
Wamsley,EMX1_(+),EMX1 (+),asd_d_proband vs asd_da_proband,0,NA,NA,0.5404196840999634,0.7019406868045154
Wamsley,EMX1_(+),EMX1 (+),asd_d_proband vs sibling,NA,NA,NA,NA,NA
Wamsley,EMX1_(+),EMX1 (+),asd_da_proband vs sibling,Inf,NA,NA,1,1
Wamsley,EMX1_(+),EMX1 (+),proband vs sibling,Inf,NA,NA,1,1
Wamsley,EMX2_(+),EMX2 (+),asd_d_proband vs asd_da_proband,2.5124007631238845,0.7974001770885507,7.915921987366848,0.13204467278849652,0.2328787099550349
Wamsley,EMX2_(+),EMX2 (+),asd_d_proband vs sibling,4.8384823681457325,0.5953007593850241,39.32619143815943,0.1529871352536016,0.26207713595851073
Wamsley,EMX2_(+),EMX2 (+),asd_da_proband vs sibling,1.9258401920438961,0.22499645408056013,16.48408398455787,1,1
Wamsley,EMX2_(+),EMX2 (+),proband vs sibling,2.968090026206259,0.3859387749284981,22.82631074137912,0.48570645214408503,0.6482252826007346
Wamsley,ENO1_(+),ENO1 (+),asd_d_proband vs asd_da_proband,1.794604064470918,0.3622142210217684,8.891433746390609,0.6733789813034847,0.8155403632298088
Wamsley,ENO1_(+),ENO1 (+),asd_d_proband vs sibling,0.6911702873160476,0.1395024742058535,3.4244293428345727,0.6937068104118381,0.8335202335089634
Wamsley,ENO1_(+),ENO1 (+),asd_da_proband vs sibling,0.38513803740872343,0.0777344022381791,1.9081809802120093,0.3577629495521472,0.5156811512636724
Wamsley,ENO1_(+),ENO1 (+),proband vs sibling,0.49465870906264103,0.12371298230114136,1.9778622574622156,0.3941125305519416,0.5589119109836157
Wamsley,EP300_(+),EP300 (+),asd_d_proband vs asd_da_proband,2.0853399466525264,1.8105591405666557,2.4018230587837937,2.7946276896136883e-24,6.119965926053053e-23
Wamsley,EP300_(+),EP300 (+),asd_d_proband vs sibling,3.423122208416007,2.707714509653278,4.327548422101316,7.324869790302886e-31,2.2095882049556055e-29
Wamsley,EP300_(+),EP300 (+),asd_da_proband vs sibling,1.6415175923287444,1.2943438254599393,2.081811612124971,2.0607326833759337e-5,8.410965387793349e-5
Wamsley,EP300_(+),EP300 (+),proband vs sibling,2.1583113910744705,1.7221189833746333,2.7049861860958524,2.172372568539934e-13,2.1188773125694646e-12
Wamsley,ERG_(+),ERG (+),asd_d_proband vs asd_da_proband,1.889673814522065,1.6616679783699462,2.148965480332179,6.103303730350483e-22,1.1075915733763526e-20
Wamsley,ERG_(+),ERG (+),asd_d_proband vs sibling,2.616714155682538,2.150285047133341,3.1843187402887514,2.8029820841965957e-25,6.448274441169441e-24
Wamsley,ERG_(+),ERG (+),asd_da_proband vs sibling,1.3847438301643373,1.1366808753919626,1.6869426737887012,9.79511315133951e-4,0.002984397351461637
Wamsley,ERG_(+),ERG (+),proband vs sibling,1.752953307491786,1.4546749829427483,2.112393032311693,3.522340727280715e-10,2.5836170712984955e-9
Wamsley,ESR2_(+),ESR2 (+),asd_d_proband vs asd_da_proband,0.7477422225429008,0.2634300316153812,2.122455165589218,0.8010288581331153,0.9199915402915633
Wamsley,ESR2_(+),ESR2 (+),asd_d_proband vs sibling,1.1520076481835564,0.2753123208205715,4.820422193666841,1,1
Wamsley,ESR2_(+),ESR2 (+),asd_da_proband vs sibling,1.540648118366034,0.4347656503419241,5.459485179562995,0.7734323778417409,0.8957499316219502
Wamsley,ESR2_(+),ESR2 (+),proband vs sibling,1.3191330054348527,0.3843728405722074,4.5271457875044465,1,1
Wamsley,ESRRA_(+),ESRRA (+),asd_d_proband vs asd_da_proband,1.600935423436555,1.2566895074425488,2.0394808859587394,1.790780120033356e-4,6.250577353832902e-4
Wamsley,ESRRA_(+),ESRRA (+),asd_d_proband vs sibling,2.856988753768219,1.917428316621853,4.2569438807176185,2.3349806427687835e-8,1.4068567232555303e-7
Wamsley,ESRRA_(+),ESRRA (+),asd_da_proband vs sibling,1.78457463801721,1.202750089138623,2.647854003432298,0.0033576634591050954,0.009191200153980594
Wamsley,ESRRA_(+),ESRRA (+),proband vs sibling,2.0776299783053638,1.4228869014853984,3.0336538499630303,4.908113602130682e-5,1.8755417330289646e-4
Wamsley,ESRRB_(+),ESRRB (+),asd_d_proband vs asd_da_proband,Inf,NA,NA,0.3578365855831774,0.5156811512636724
Wamsley,ESRRB_(+),ESRRB (+),asd_d_proband vs sibling,Inf,NA,NA,1,1
Wamsley,ESRRB_(+),ESRRB (+),asd_da_proband vs sibling,NA,NA,NA,NA,NA
Wamsley,ESRRB_(+),ESRRB (+),proband vs sibling,Inf,NA,NA,1,1
Wamsley,ETS1_(+),ETS1 (+),asd_d_proband vs asd_da_proband,1.6195134817002497,1.3965190001477044,1.878115455021707,2.514434256452087e-10,1.8775816455965997e-9
Wamsley,ETS1_(+),ETS1 (+),asd_d_proband vs sibling,1.886655644404024,1.5332431883991202,2.3215296487167523,4.4245217043673033e-10,3.2091873190116348e-9
Wamsley,ETS1_(+),ETS1 (+),asd_da_proband vs sibling,1.164952107977091,0.949319748919863,1.4295640804106235,0.1583364408132059,0.27032327132839307
Wamsley,ETS1_(+),ETS1 (+),proband vs sibling,1.3704903267671633,1.1301759782683036,1.6619037847895854,0.0010101203438697035,0.0030673987775509995
Wamsley,ETS2_(+),ETS2 (+),asd_d_proband vs asd_da_proband,1.8911663204526208,1.6613511128813994,2.152771935976441,1.151930053003313e-21,2.0258847071158652e-20
Wamsley,ETS2_(+),ETS2 (+),asd_d_proband vs sibling,2.371294649371813,1.960380348366968,2.8683404824086716,2.2943329526222258e-21,3.973645094750661e-20
Wamsley,ETS2_(+),ETS2 (+),asd_da_proband vs sibling,1.253879483642814,1.0354049925534723,1.51845294431413,0.02074940320821115,0.046904978468189466
Wamsley,ETS2_(+),ETS2 (+),proband vs sibling,1.5869289608069739,1.3254772828831565,1.8999522354468743,1.5241408758105208e-7,8.344304915044377e-7
Wamsley,ETV3_(+),ETV3 (+),asd_d_proband vs asd_da_proband,1.5427244670816826,1.0530849844382746,2.2600253697492185,0.0327967070268005,0.07026763899674332
Wamsley,ETV3_(+),ETV3 (+),asd_d_proband vs sibling,2.6053355390129584,1.413533770074858,4.801988756508078,0.0011376451096534652,0.0034204445376049726
Wamsley,ETV3_(+),ETV3 (+),asd_da_proband vs sibling,1.6887886298590826,0.9246012299220195,3.0845806214013525,0.10825998938612102,0.19638560400389538
Wamsley,ETV3_(+),ETV3 (+),proband vs sibling,1.9787034509931074,1.111678421824675,3.5219423801944747,0.01962241146229239,0.04484700662857091
Wamsley,ETV4_(+),ETV4 (+),asd_d_proband vs asd_da_proband,0.8973123822389706,0.33677736073224385,2.390806524431224,1,1
Wamsley,ETV4_(+),ETV4 (+),asd_d_proband vs sibling,Inf,NA,NA,0.08785806379850455,0.16462092990628888
Wamsley,ETV4_(+),ETV4 (+),asd_da_proband vs sibling,Inf,NA,NA,0.045736752552237706,0.09354893781634264
Wamsley,ETV4_(+),ETV4 (+),proband vs sibling,Inf,NA,NA,0.033724740555527905,0.07181682712970061
Wamsley,ETV5_(+),ETV5 (+),asd_d_proband vs asd_da_proband,2.00572560845081,1.6939416149356705,2.3748960300193986,9.836172651266912e-16,1.1915895326202336e-14
Wamsley,ETV5_(+),ETV5 (+),asd_d_proband vs sibling,3.2832353072412364,2.485404678594637,4.3371746160913975,9.305177162660233e-21,1.5756536050526898e-19
Wamsley,ETV5_(+),ETV5 (+),asd_da_proband vs sibling,1.6369314393792647,1.2356485849135506,2.168532841734885,4.0989031809002773e-4,0.0013568680224564508
Wamsley,ETV5_(+),ETV5 (+),proband vs sibling,2.1270991065388047,1.6281139533495175,2.779013471219154,1.4416225222862932e-9,9.919321131441187e-9
Wamsley,ETV6_(+),ETV6 (+),asd_d_proband vs asd_da_proband,1.6904454716902222,1.5165421342731324,1.8842904711827257,6.4659440089271645e-21,1.1030852045192221e-19
Wamsley,ETV6_(+),ETV6 (+),asd_d_proband vs sibling,2.3523348199333833,1.9975886230370126,2.770079405367386,7.306491493811327e-28,1.8909698155858292e-26
Wamsley,ETV6_(+),ETV6 (+),asd_da_proband vs sibling,1.3915472929046089,1.182971537138968,1.6368981058270964,4.460349012876855e-5,1.7130598443215915e-4
Wamsley,ETV6_(+),ETV6 (+),proband vs sibling,1.6555630450226213,1.419164163401343,1.931340338721225,1.1503658267021728e-11,9.632199155566906e-11
Wamsley,FLI1_(+),FLI1 (+),asd_d_proband vs asd_da_proband,1.7236920562718518,1.5544355440380315,1.9113782596198743,1.3336982335198344e-24,2.977938947883748e-23
Wamsley,FLI1_(+),FLI1 (+),asd_d_proband vs sibling,2.473609623244985,2.112193527360711,2.8968673982520285,1.2661068131101817e-33,4.4023790333716625e-32
Wamsley,FLI1_(+),FLI1 (+),asd_da_proband vs sibling,1.4350646997788683,1.2262263181008357,1.6794703083367217,3.8788054328331495e-6,1.7632693359835326e-5
Wamsley,FLI1_(+),FLI1 (+),proband vs sibling,1.7376373709694888,1.4967212219494503,2.017332011272659,1.0843822177214804e-14,1.216591379734321e-13
Wamsley,FOSB_(+),FOSB (+),asd_d_proband vs asd_da_proband,1.8800500020605244,1.394207020765681,2.5351959627248375,4.347497076871334e-5,1.673951748533299e-4
Wamsley,FOSB_(+),FOSB (+),asd_d_proband vs sibling,2.764828220943171,1.7328898058250488,4.411287472306556,3.9650103622155405e-6,1.7988667529772694e-5
Wamsley,FOSB_(+),FOSB (+),asd_da_proband vs sibling,1.4706141953208343,0.9196819421872383,2.351580489158761,0.1283925306979427,0.22782546837909196
Wamsley,FOSB_(+),FOSB (+),proband vs sibling,1.888757352027734,1.2111067599621799,2.945573794790989,0.003444185602533156,0.00938854902426004
Wamsley,FOSL2_(+),FOSL2 (+),asd_d_proband vs asd_da_proband,2.279190815493349,1.9760140245256226,2.628883554951651,9.253897614733659e-30,2.601944668834063e-28
Wamsley,FOSL2_(+),FOSL2 (+),asd_d_proband vs sibling,3.52186718319949,2.787362957533701,4.449922254499769,8.62773959417094e-33,2.807096703674902e-31
Wamsley,FOSL2_(+),FOSL2 (+),asd_da_proband vs sibling,1.5452269986605547,1.2167101977649768,1.9624446986436173,2.574365079675873e-4,8.803478181624326e-4
Wamsley,FOSL2_(+),FOSL2 (+),proband vs sibling,2.1376997855394224,1.7054821428209035,2.679453662022407,4.682818726680736e-13,4.416198612842806e-12
Wamsley,FOS_(+),FOS (+),asd_d_proband vs asd_da_proband,1.7873591701507512,1.4986297448558958,2.131715865167998,1.3903149826744161e-10,1.0679400920880211e-9
Wamsley,FOS_(+),FOS (+),asd_d_proband vs sibling,2.5107077328796437,1.919670586003714,3.283716157293585,5.807490782552405e-13,5.431852261709693e-12
Wamsley,FOS_(+),FOS (+),asd_da_proband vs sibling,1.404702409459137,1.0741517070927804,1.8369740941722206,0.011970130977312695,0.028833393231972145
Wamsley,FOS_(+),FOS (+),proband vs sibling,1.7277225971268808,1.3400132500504216,2.227608848278578,9.33877212853316e-6,4.028229833851188e-5
Wamsley,FOXJ2_(+),FOXJ2 (+),asd_d_proband vs asd_da_proband,0.897309899569584,0.08136501981828216,9.895715107841243,1,1
Wamsley,FOXJ2_(+),FOXJ2 (+),asd_d_proband vs sibling,Inf,NA,NA,1,1
Wamsley,FOXJ2_(+),FOXJ2 (+),asd_da_proband vs sibling,Inf,NA,NA,1,1
Wamsley,FOXJ2_(+),FOXJ2 (+),proband vs sibling,Inf,NA,NA,1,1
Wamsley,FOXK1_(+),FOXK1 (+),asd_d_proband vs asd_da_proband,2.212302106388991,1.7317401760766147,2.8262210911001215,1.9902872614502367e-10,1.5059399461637589e-9
Wamsley,FOXK1_(+),FOXK1 (+),asd_d_proband vs sibling,6.177679482830894,3.684984395713013,10.356549633422645,9.722267455941381e-18,1.3795927807418378e-16
Wamsley,FOXK1_(+),FOXK1 (+),asd_da_proband vs sibling,2.7924212814290326,1.655688278163635,4.709592207553882,2.3204025943660398e-5,9.370065440901873e-5
Wamsley,FOXK1_(+),FOXK1 (+),proband vs sibling,3.7409798565731216,2.2556039416099436,6.204515796907558,9.651346942187873e-10,6.773788185156512e-9
Wamsley,FOXN2_(+),FOXN2 (+),asd_d_proband vs asd_da_proband,1.526572687341288,1.209332821893571,1.9270329288569443,4.1605551545813714e-4,0.0013752778468155405
Wamsley,FOXN2_(+),FOXN2 (+),asd_d_proband vs sibling,2.5870925373707787,1.7817575336726215,3.756430193463882,8.372720208536534e-8,4.7317295967597907e-7
Wamsley,FOXN2_(+),FOXN2 (+),asd_da_proband vs sibling,1.6947064223168535,1.174090553434894,2.4461740616510714,0.004331388189123841,0.011653557709072117
Wamsley,FOXN2_(+),FOXN2 (+),proband vs sibling,1.9292305997393924,1.3569374910216996,2.7428903185277944,1.0422444879344076e-4,3.7918719189626414e-4
Wamsley,FOXN3_(+),FOXN3 (+),asd_d_proband vs asd_da_proband,1.6729286139403812,1.1586026329226238,2.415573785017795,0.008027008022959348,0.020278991427942226
Wamsley,FOXN3_(+),FOXN3 (+),asd_d_proband vs sibling,2.9243413513893697,1.5978107079199433,5.352181142019411,1.7780086284776292e-4,6.210758667726688e-4
Wamsley,FOXN3_(+),FOXN3 (+),asd_da_proband vs sibling,1.748037140988005,0.9588587383098389,3.186740365592979,0.06626787859639367,0.12894070354830123
Wamsley,FOXN3_(+),FOXN3 (+),proband vs sibling,2.035776502282691,1.1447717397353283,3.6202727787502256,0.011474709744064754,0.027920567780029357
Wamsley,FOXO1_(+),FOXO1 (+),asd_d_proband vs asd_da_proband,1.9080475714798073,1.6482619548259496,2.208778479883332,7.924745312635151e-18,1.142316927185225e-16
Wamsley,FOXO1_(+),FOXO1 (+),asd_d_proband vs sibling,2.3249715356345027,1.8792238571635063,2.8764495623579878,1.3590147345675844e-16,1.7737283999872055e-15
Wamsley,FOXO1_(+),FOXO1 (+),asd_da_proband vs sibling,1.2185081600619347,0.9833816921167886,1.5098533438643555,0.0760727426611941,0.1456542004294826
Wamsley,FOXO1_(+),FOXO1 (+),proband vs sibling,1.5447332456262945,1.2631016845996923,1.8891597004712977,1.0380354043607334e-5,4.439672551045202e-5
Wamsley,FOXO3_(+),FOXO3 (+),asd_d_proband vs asd_da_proband,2.576852830141934,2.100513154746669,3.1612134840504384,5.05240770090956e-20,8.1899349030758165e-19
Wamsley,FOXO3_(+),FOXO3 (+),asd_d_proband vs sibling,4.691836728629729,3.255576361943195,6.7617310856070825,8.708066171364304e-23,1.695095786776257e-21
Wamsley,FOXO3_(+),FOXO3 (+),asd_da_proband vs sibling,1.820762394246357,1.2507110952128455,2.650632675276261,0.0011190995467693894,0.003373592611207524
Wamsley,FOXO3_(+),FOXO3 (+),proband vs sibling,2.6982281003731017,1.889126393843967,3.8538633017714146,5.652778152274656e-10,4.067678433429867e-9
Wamsley,FOXO6_(+),FOXO6 (+),asd_d_proband vs asd_da_proband,1.7944421740907235,0.2527713945906492,12.738873088745311,0.6209749740499693,0.7719721900823864
Wamsley,FOXO6_(+),FOXO6 (+),asd_d_proband vs sibling,1.382372973709304,0.12534889502062477,15.245088822900888,1,1
Wamsley,FOXO6_(+),FOXO6 (+),asd_da_proband vs sibling,0.7703636225612995,0.06985396176621927,8.495725882404571,1,1
Wamsley,FOXO6_(+),FOXO6 (+),proband vs sibling,0.9893731110461148,0.11058286727070979,8.851815629493442,1,1
Wamsley,FOXP1_(+),FOXP1 (+),asd_d_proband vs asd_da_proband,1.9326402252703674,1.4799179143740906,2.523855008480522,1.614829440691526e-6,7.7102181366351155e-06
Wamsley,FOXP1_(+),FOXP1 (+),asd_d_proband vs sibling,3.6864331576995037,2.313091549152735,5.875162801560603,7.831682403333359e-10,5.591428424323425e-9
Wamsley,FOXP1_(+),FOXP1 (+),asd_da_proband vs sibling,1.9074596034467766,1.1934831320321635,3.048557655428415,0.005047003889709788,0.013357991120062803
Wamsley,FOXP1_(+),FOXP1 (+),proband vs sibling,2.41448149152134,1.54097111781842,3.783147396787263,2.553807147103645e-5,1.0258017244318434e-4
Wamsley,FOXP2_(+),FOXP2 (+),asd_d_proband vs asd_da_proband,1.9404458010329135,1.7308631598617514,2.1754058865329435,1.4278764371881125e-29,3.9901700437986827e-28
Wamsley,FOXP2_(+),FOXP2 (+),asd_d_proband vs sibling,3.4960241223062796,2.8766535967268285,4.2487509367322795,8.521827753918688e-46,5.041159145337613e-44
Wamsley,FOXP2_(+),FOXP2 (+),asd_da_proband vs sibling,1.8016602785016311,1.4805390427824472,2.192431043919147,5.459470979814293e-10,3.934792771052864e-9
Wamsley,FOXP2_(+),FOXP2 (+),proband vs sibling,2.2853139871454724,1.8944536761790527,2.756815901868017,8.336746516844767e-22,1.4833547025089027e-20
Wamsley,FOXP4_(+),FOXP4 (+),asd_d_proband vs asd_da_proband,0.8973182321161232,0.22441718407957045,3.5878714590880714,1,1
Wamsley,FOXP4_(+),FOXP4 (+),asd_d_proband vs sibling,2.073618433899629,0.21569792376289126,19.934792762006666,0.6495869760927786,0.797761882738708
Wamsley,FOXP4_(+),FOXP4 (+),asd_da_proband vs sibling,2.310906387145914,0.2782144005939789,19.19486668824631,0.6815791341334223,0.8226268594048692
Wamsley,FOXP4_(+),FOXP4 (+),proband vs sibling,2.225946197740771,0.2820132119142527,17.56951896545589,0.6980379600038638,0.836506947597369
Wamsley,FOXQ1_(+),FOXQ1 (+),asd_d_proband vs asd_da_proband,0.22432056704260656,0.028056501710565715,1.7935135790420662,0.1712036053009406,0.28765489566425095
Wamsley,FOXQ1_(+),FOXQ1 (+),asd_d_proband vs sibling,0.6911810776942356,0.04323257198981376,11.050262803589982,1,1
Wamsley,FOXQ1_(+),FOXQ1 (+),asd_da_proband vs sibling,3.0812202679701475,0.38537822393483223,24.635326414695026,0.4598137781925493,0.6261447708837283
Wamsley,FOXQ1_(+),FOXQ1 (+),proband vs sibling,2.225974608334968,0.2820168113556633,17.569743211879317,0.6980378939787824,0.836506947597369
Wamsley,GABPA_(+),GABPA (+),asd_d_proband vs asd_da_proband,1.8916001191405403,1.5469192429290333,2.3130819705606687,7.600433206717565e-10,5.4433920214777524e-9
Wamsley,GABPA_(+),GABPA (+),asd_d_proband vs sibling,2.4506417455296665,1.8168605985429427,3.3055067459490313,3.935877974503146e-10,2.868467867817893e-9
Wamsley,GABPA_(+),GABPA (+),asd_da_proband vs sibling,1.2955390099272832,0.958786329425436,1.750568687445908,0.0974698619565305,0.18047773219999855
Wamsley,GABPA_(+),GABPA (+),proband vs sibling,1.6054425620124162,1.2086319429699308,2.1325316072546614,6.613885758373354e-4,0.0020848615660477945
Wamsley,GABPB1_(+),GABPB1 (+),asd_d_proband vs asd_da_proband,1.6390630027637374,1.3001777276185469,2.066277148086225,3.443484871000764e-5,1.3509968636872075e-4
Wamsley,GABPB1_(+),GABPB1 (+),asd_d_proband vs sibling,3.5072396470299343,2.3213190799239944,5.299025906469271,2.616598055997943e-11,2.1245283681052816e-10
Wamsley,GABPB1_(+),GABPB1 (+),asd_da_proband vs sibling,2.1397833037022584,1.4204385321767363,3.2234218398640673,1.0307547586461513e-4,3.7530678861976167e-4
Wamsley,GABPB1_(+),GABPB1 (+),proband vs sibling,2.537498764038199,1.7092041096188375,3.767191958677949,2.5129714884038555e-7,1.3294523960138863e-6
Wamsley,GLI2_(+),GLI2 (+),asd_d_proband vs asd_da_proband,Inf,NA,NA,0.35783091081104323,0.5156811512636724
Wamsley,GLI2_(+),GLI2 (+),asd_d_proband vs sibling,0.17280074510275212,0.019314050125915264,1.546029823542838,0.1661766838755407,0.2814930439022268
Wamsley,GLI2_(+),GLI2 (+),asd_da_proband vs sibling,0,NA,NA,0.005977841384678523,0.01551513818074682
Wamsley,GLI2_(+),GLI2 (+),proband vs sibling,0.061833448008944705,0.006911164148006407,0.5532172598993701,0.006503678651699405,0.01680359113840413
Wamsley,GMEB1_(+),GMEB1 (+),asd_d_proband vs asd_da_proband,2.6918895499971116,1.8381983031277094,3.9420498523222793,3.794233214757595e-7,1.959493457281275e-6
Wamsley,GMEB1_(+),GMEB1 (+),asd_d_proband vs sibling,15.206446767951014,4.781248309369062,48.36310694288996,4.6467450136628335e-12,4.047021708840193e-11
Wamsley,GMEB1_(+),GMEB1 (+),asd_da_proband vs sibling,5.648986143568681,1.754088973882578,18.19237503078173,4.5908986257265944e-4,0.001502266738611081
Wamsley,GMEB1_(+),GMEB1 (+),proband vs sibling,8.326962563631904,2.6411918245885357,26.252657944270766,7.538594867582229e-7,3.761040484319502e-6
Wamsley,GRHL1_(+),GRHL1 (+),asd_d_proband vs asd_da_proband,NA,NA,NA,NA,NA
Wamsley,GRHL1_(+),GRHL1 (+),asd_d_proband vs sibling,0,NA,NA,0.40872662511130897,0.5724937814827836
Wamsley,GRHL1_(+),GRHL1 (+),asd_da_proband vs sibling,0,NA,NA,0.2780694668820678,0.42404872784232334
Wamsley,GRHL1_(+),GRHL1 (+),proband vs sibling,0,NA,NA,0.19828641370869038,0.3240751193509075
Wamsley,GTF2B_(+),GTF2B (+),asd_d_proband vs asd_da_proband,1.1777057182888686,0.6791855869828322,2.0421380922580727,0.5685695026483658,0.7262585360481552
Wamsley,GTF2B_(+),GTF2B (+),asd_d_proband vs sibling,2.0736340547007828,0.8815304262733253,4.877832987561083,0.12254201976624665,0.2190655563979649
Wamsley,GTF2B_(+),GTF2B (+),asd_da_proband vs sibling,1.7607404146034382,0.7771801807628126,3.98904512023839,0.2112924726076446,0.3421392209898672
Wamsley,GTF2B_(+),GTF2B (+),proband vs sibling,1.7313679466716738,0.7842454561471838,3.8223172901616462,0.23862682593711815,0.37754261623604485
Wamsley,GTF3C2_(+),GTF3C2 (+),asd_d_proband vs asd_da_proband,0,NA,NA,0.1677127966971253,0.28304253017984654
Wamsley,GTF3C2_(+),GTF3C2 (+),asd_d_proband vs sibling,NA,NA,NA,NA,NA
Wamsley,GTF3C2_(+),GTF3C2 (+),asd_da_proband vs sibling,Inf,NA,NA,0.33140526941052767,0.4875815573118741
Wamsley,GTF3C2_(+),GTF3C2 (+),proband vs sibling,Inf,NA,NA,0.5904187454975287,0.744355815294001
Wamsley,HBP1_(+),HBP1 (+),asd_d_proband vs asd_da_proband,1.6890283224400868,1.0422917947768773,2.737061433564748,0.03918351392562311,0.0815726261111578
Wamsley,HBP1_(+),HBP1 (+),asd_d_proband vs sibling,2.764814814814814,1.2740870304860628,5.999747880098287,0.009141394325564461,0.0226916453681533
Wamsley,HBP1_(+),HBP1 (+),asd_da_proband vs sibling,1.6369262599578982,0.7577871487809419,3.5359897364983417,0.23187197239742863,0.3687768276083406
Wamsley,HBP1_(+),HBP1 (+),proband vs sibling,1.9786890025711028,0.9488049926279767,4.126464552058873,0.0747483033424923,0.14335036137733584
Wamsley,HDAC2_(+),HDAC2 (+),asd_d_proband vs asd_da_proband,1.7421984684758558,1.3724018781508363,2.2116375326222206,5.921964923594153e-6,2.6239834851139463e-5
Wamsley,HDAC2_(+),HDAC2 (+),asd_d_proband vs sibling,2.965505901375767,2.006014129224032,4.383929865188084,2.3320168197101153e-9,1.571351570085736e-8
Wamsley,HDAC2_(+),HDAC2 (+),asd_da_proband vs sibling,1.7021630744344007,1.1526712756246016,2.5136040024923583,0.005791633306232755,0.015092042168129406
Wamsley,HDAC2_(+),HDAC2 (+),proband vs sibling,2.0664646173832373,1.4238261756364439,2.999155436223144,4.5291531615166314e-5,1.738019599891176e-4
Wamsley,HDX_(+),HDX (+),asd_d_proband vs asd_da_proband,2.69191405227808,1.2093711794564026,5.991875271998263,0.019530168479421392,0.04465859308421909
Wamsley,HDX_(+),HDX (+),asd_d_proband vs sibling,3.4560811793097432,1.0005454241300988,11.93798585243033,0.05216898582923558,0.1049604039260002
Wamsley,HDX_(+),HDX (+),asd_da_proband vs sibling,1.283875009450979,0.3533403968986734,4.665005910335921,1,1
Wamsley,HDX_(+),HDX (+),proband vs sibling,1.9786924133338881,0.5958348844296768,6.570987649259027,0.3380301221591825,0.49604613609377457
Wamsley,HES1_(+),HES1 (+),asd_d_proband vs asd_da_proband,2.6390948219039942,1.7070391053483764,4.080059711097878,1.0860279319883073e-5,4.631888792328408e-5
Wamsley,HES1_(+),HES1 (+),asd_d_proband vs sibling,17.279878936302936,4.204656612953431,71.01512526216673,1.649216655653336e-9,1.1279552352103523e-8
Wamsley,HES1_(+),HES1 (+),asd_da_proband vs sibling,6.547653685226907,1.5730611520089302,27.253720382653075,0.0012957368270040933,0.003860092378681259
Wamsley,HES1_(+),HES1 (+),proband vs sibling,9.522350733312388,2.3393065753312685,38.7615562852742,1.2384043146716443e-5,5.218253148315764e-5
Wamsley,HES6_(+),HES6 (+),asd_d_proband vs asd_da_proband,0.512737147260651,0.10651609542851855,2.4681657839910076,0.504498994345724,0.6668605435985394
Wamsley,HES6_(+),HES6 (+),asd_d_proband vs sibling,0.34559465707680453,0.0633001675362557,1.8868143900508056,0.23418515997300227,0.3716863464130511
Wamsley,HES6_(+),HES6 (+),asd_da_proband vs sibling,0.6740191517684612,0.19731197099137635,2.3024544059241667,0.5116925647015484,0.6748068479502564
Wamsley,HES6_(+),HES6 (+),proband vs sibling,0.5564972011066888,0.17137778132039,1.8070553396919984,0.30396205933458575,0.4555669977583438
Wamsley,HESX1_(+),HESX1 (+),asd_d_proband vs asd_da_proband,1.79461935861195,0.11225135224235261,28.691490819204656,1,1
Wamsley,HESX1_(+),HESX1 (+),asd_d_proband vs sibling,0.34559898625597035,0.03133774449538953,3.811335538801348,0.5713129519456536,0.728133617934977
Wamsley,HESX1_(+),HESX1 (+),asd_da_proband vs sibling,0.19257509097821957,0.017462056421606715,2.12375706330797,0.18895029113465173,0.3119393511300648
Wamsley,HESX1_(+),HESX1 (+),proband vs sibling,0.24732307906944298,0.034838793087614874,1.7557641932818653,0.17816852013679607,0.29786033749268503
Wamsley,HEY2_(+),HEY2 (+),asd_d_proband vs asd_da_proband,1.1216298863462617,0.3669357547197668,3.428539153688958,1,1
Wamsley,HEY2_(+),HEY2 (+),asd_d_proband vs sibling,1.7279955150094288,0.3352558040347132,8.906537825616665,0.707911615798218,0.8427970860895619
Wamsley,HEY2_(+),HEY2 (+),asd_da_proband vs sibling,1.54061115528797,0.32715919588647724,7.254825056549292,0.7363039775006588,0.8679773854853781
Wamsley,HEY2_(+),HEY2 (+),proband vs sibling,1.6076632684697174,0.36279484301805015,7.124084684572389,0.7498955620333742,0.8767387795333725
Wamsley,HIC2_(+),HIC2 (+),asd_d_proband vs asd_da_proband,1.8410099654857477,1.4255897255431609,2.377484652343771,3.2587589021632006e-6,1.4978452875230453e-5
Wamsley,HIC2_(+),HIC2 (+),asd_d_proband vs sibling,5.14085292613746,3.0505623994587823,8.663441473239457,2.0377775797330402e-13,1.996145564663225e-12
Wamsley,HIC2_(+),HIC2 (+),asd_da_proband vs sibling,2.7924090703012863,1.6556810379161815,4.7095716127272835,2.3203919460137172e-5,9.370065440901873e-5
Wamsley,HIC2_(+),HIC2 (+),proband vs sibling,3.4472576573912224,2.075733031501019,5.725006624695407,2.0834639991500506e-8,1.2653571354837975e-7
Wamsley,HIF1A_(+),HIF1A (+),asd_d_proband vs asd_da_proband,1.107777041507515,0.7786899606045498,1.5759416915281756,0.5849849276409893,0.7407857507380334
Wamsley,HIF1A_(+),HIF1A (+),asd_d_proband vs sibling,2.0329632600604386,1.172600835275014,3.5245920797815686,0.00907116579320266,0.022566444668507983
Wamsley,HIF1A_(+),HIF1A (+),asd_da_proband vs sibling,1.8351736711332154,1.0879210680364022,3.0956863527785576,0.023468583926612746,0.052146048675961496
Wamsley,HIF1A_(+),HIF1A (+),proband vs sibling,1.8623016413903886,1.1228486965856252,3.0887219391814678,0.012262277391919577,0.029447640494389884
Wamsley,HINFP_(+),HINFP (+),asd_d_proband vs asd_da_proband,2.392759130251214,0.8302284440354576,6.896049269971807,0.10271760659930329,0.18805413909157012
Wamsley,HINFP_(+),HINFP (+),asd_d_proband vs sibling,1.843255224825839,0.4890117614657019,6.947869338897389,0.5421337759614768,0.7025375630741195
Wamsley,HINFP_(+),HINFP (+),asd_da_proband vs sibling,0.7703471701442497,0.19266201944848674,3.08018551994844,0.7155030053899674,0.8496131880999221
Wamsley,HINFP_(+),HINFP (+),proband vs sibling,1.1542732500495736,0.3317160916332269,4.0165272936266225,1,1
Wamsley,HIST1H2BN_(+),HIST1H2BN (+),asd_d_proband vs asd_da_proband,1.1963841605980727,0.48904867069241226,2.92677425685141,0.8160925201469977,0.9316544935512718
Wamsley,HIST1H2BN_(+),HIST1H2BN (+),asd_d_proband vs sibling,1.3823884197828709,0.4162725033904813,4.590737383768983,0.7717536497550084,0.8949434507724193
Wamsley,HIST1H2BN_(+),HIST1H2BN (+),asd_da_proband vs sibling,1.1554720175263893,0.37266447298259153,3.582621044074874,1,1
Wamsley,HIST1H2BN_(+),HIST1H2BN (+),proband vs sibling,1.2366708765647232,0.4226996099980425,3.618065455396193,1,1
Wamsley,HIVEP1_(+),HIVEP1 (+),asd_d_proband vs asd_da_proband,0,NA,NA,0.540419247797916,0.7019406868045154
Wamsley,HIVEP1_(+),HIVEP1 (+),asd_d_proband vs sibling,0,NA,NA,0.4086946967477293,0.5724937814827836
Wamsley,HIVEP1_(+),HIVEP1 (+),asd_da_proband vs sibling,0.7703033859110205,0.06984849971097383,8.495061580438776,1,1
Wamsley,HIVEP1_(+),HIVEP1 (+),proband vs sibling,0.49465845117248103,0.044853951463408065,5.455193474224316,0.48470407818013295,0.6477331549679402
Wamsley,HLF_(+),HLF (+),asd_d_proband vs asd_da_proband,2.1602669266841312,1.8621893609030065,2.5060572745740077,2.9818175735668984e-24,6.498650262008241e-23
Wamsley,HLF_(+),HLF (+),asd_d_proband vs sibling,3.586806560294452,2.7966833761673655,4.600156532056923,4.19025758395414e-30,1.2004165594283714e-28
Wamsley,HLF_(+),HLF (+),asd_da_proband vs sibling,1.6603534109555458,1.289351784619504,2.138108064964797,4.728540894146686e-5,0.00018114805528038818
Wamsley,HLF_(+),HLF (+),proband vs sibling,2.2561156348573053,1.7747135969479495,2.8681009525149137,2.0362208364216926e-13,1.996145564663225e-12
Wamsley,HLTF_(+),HLTF (+),asd_d_proband vs asd_da_proband,1.7947019867549672,0.11225652053653289,28.6928118372776,1,1
Wamsley,HLTF_(+),HLTF (+),asd_d_proband vs sibling,Inf,NA,NA,1,1
Wamsley,HLTF_(+),HLTF (+),asd_da_proband vs sibling,Inf,NA,NA,1,1
Wamsley,HLTF_(+),HLTF (+),proband vs sibling,Inf,NA,NA,1,1
Wamsley,HMBOX1_(+),HMBOX1 (+),asd_d_proband vs asd_da_proband,1.468296432055337,0.6084530903212386,3.5432384955892133,0.4845447849716422,0.6477331549679402
Wamsley,HMBOX1_(+),HMBOX1 (+),asd_d_proband vs sibling,6.220905140559874,0.7881490763270851,49.10195536635222,0.05559573795925481,0.11058676970389879
Wamsley,HMBOX1_(+),HMBOX1 (+),asd_da_proband vs sibling,4.236818264178293,0.547001880368307,32.81639359555448,0.1988493417663746,0.32452964990383154
Wamsley,HMBOX1_(+),HMBOX1 (+),proband vs sibling,4.946846208362863,0.6639056709896619,36.859584845412606,0.10087386622945937,0.18550014319283606
Wamsley,HMGB3_(+),HMGB3 (+),asd_d_proband vs asd_da_proband,0.9663292220602678,0.3855455319354997,2.422002300791343,1,1
Wamsley,HMGB3_(+),HMGB3 (+),asd_d_proband vs sibling,2.4192143983752135,0.5025679787315771,11.645386401412244,0.3251436762738512,0.4802304994578159
Wamsley,HMGB3_(+),HMGB3 (+),asd_da_proband vs sibling,2.5035095111967256,0.5649568276653824,11.093874019635132,0.26212966217740463,0.40764786999592967
Wamsley,HMGB3_(+),HMGB3 (+),proband vs sibling,2.473346064340552,0.5781185787030554,10.581636673418618,0.2874976275176057,0.43724597440490615
Wamsley,HNF4G_(+),HNF4G (+),asd_d_proband vs asd_da_proband,5.383774341722197,0.5600205556301562,51.75707547015168,0.1340890237270622,0.23591660750378904
Wamsley,HNF4G_(+),HNF4G (+),asd_d_proband vs sibling,0.6912078669858316,0.13951005910498893,3.4246155327305563,0.6937143408283458,0.8335202335089634
Wamsley,HNF4G_(+),HNF4G (+),asd_da_proband vs sibling,0.12838722857108523,0.013354847829152382,1.234254457335157,0.06806329445389064,0.13192693882445614
Wamsley,HNF4G_(+),HNF4G (+),proband vs sibling,0.3297836219403031,0.07380965344604591,1.4734825625426509,0.14510714045186562,0.251331881460746
Wamsley,HSF1_(+),HSF1 (+),asd_d_proband vs asd_da_proband,1.495483891486181,0.4564083788226858,4.90015559193649,0.5377196059481864,0.6998036585982825
Wamsley,HSF1_(+),HSF1 (+),asd_d_proband vs sibling,1.7280078236809462,0.33525819209274366,8.906601267707515,0.7079113264513608,0.8427970860895619
Wamsley,HSF1_(+),HSF1 (+),asd_da_proband vs sibling,1.1554840767717582,0.23321732802066886,5.724889582624646,1,1
Wamsley,HSF1_(+),HSF1 (+),proband vs sibling,1.2366848753840902,0.27096997370300596,5.644128978954825,1,1
Wamsley,HSF2_(+),HSF2 (+),asd_d_proband vs asd_da_proband,NA,NA,NA,NA,NA
Wamsley,HSF2_(+),HSF2 (+),asd_d_proband vs sibling,0,NA,NA,0.16702641793237633,0.28212688770281596
Wamsley,HSF2_(+),HSF2 (+),asd_da_proband vs sibling,0,NA,NA,0.07731260910582582,0.1477260418273307
Wamsley,HSF2_(+),HSF2 (+),proband vs sibling,0,NA,NA,0.03931598618126822,0.08181101738495969
Wamsley,HSF4_(+),HSF4 (+),asd_d_proband vs asd_da_proband,1.7945961106955868,0.6294777141602043,5.116265640667429,0.2761212222250591,0.42252494686133
Wamsley,HSF4_(+),HSF4 (+),asd_d_proband vs sibling,1.612838132635253,0.41706708245696583,6.236998678385927,0.5418513143597182,0.7025375630741195
Wamsley,HSF4_(+),HSF4 (+),asd_da_proband vs sibling,0.8987192845359036,0.23240164177961486,3.4754330744472974,1,1
Wamsley,HSF4_(+),HSF4 (+),proband vs sibling,1.1542549039287189,0.3317108193084058,4.0164634545875195,1,1
Wamsley,IKZF1_(+),IKZF1 (+),asd_d_proband vs asd_da_proband,1.7087836867217245,1.5035386306553373,1.9420463355395088,4.760443523110271e-16,5.908397887675009e-15
Wamsley,IKZF1_(+),IKZF1 (+),asd_d_proband vs sibling,2.380248574874005,1.9623621762152472,2.887124174558228,5.158453648285293e-21,8.833367055616356e-20
Wamsley,IKZF1_(+),IKZF1 (+),asd_da_proband vs sibling,1.3929490276446141,1.1495937855486613,1.6878196611771301,6.058962083748214e-4,0.0019299700903128052
Wamsley,IKZF1_(+),IKZF1 (+),proband vs sibling,1.655113626899941,1.3794193532489123,1.9859088619409562,1.1538032390174677e-8,7.169950550783854e-8
Wamsley,IRF1_(+),IRF1 (+),asd_d_proband vs asd_da_proband,1.7756055101692254,1.450609463545966,2.1734140076795465,3.3581736349351914e-8,1.9865559619649088e-7
Wamsley,IRF1_(+),IRF1 (+),asd_d_proband vs sibling,2.6378702239581275,1.925961019778503,3.6129284274118665,7.201661779448822e-11,5.617049555717361e-10
Wamsley,IRF1_(+),IRF1 (+),asd_da_proband vs sibling,1.485617277514938,1.0850535214480914,2.0340551425568383,0.013687429669119873,0.03237084223408153
Wamsley,IRF1_(+),IRF1 (+),proband vs sibling,1.8171698171075503,1.348291038010475,2.449104867654719,3.0447103505991797e-5,1.2080710493884376e-4
Wamsley,IRF2_(+),IRF2 (+),asd_d_proband vs asd_da_proband,1.4646484938774655,1.2042134839535439,1.7814077314386605,1.5029475786022573e-4,5.311036633462592e-4
Wamsley,IRF2_(+),IRF2 (+),asd_d_proband vs sibling,2.207012011979355,1.6391019650485665,2.971689452447723,3.6149120239753046e-8,2.130132505718954e-7
Wamsley,IRF2_(+),IRF2 (+),asd_da_proband vs sibling,1.5068543894355015,1.1265148108933452,2.015606123420966,0.005004269336084633,0.013260294837618092
Wamsley,IRF2_(+),IRF2 (+),proband vs sibling,1.6879662378324172,1.2783254265848716,2.2288769047440646,1.0772833401309273e-4,3.9037594385810456e-4
Wamsley,IRF3_(+),IRF3 (+),asd_d_proband vs asd_da_proband,1.4100368486276806,0.6401350201624401,3.105913364938784,0.40845536899140333,0.5724937814827836
Wamsley,IRF3_(+),IRF3 (+),asd_d_proband vs sibling,0.7603297121067244,0.3229127838284197,1.790270624341307,0.65805166161313,0.8053265230112324
Wamsley,IRF3_(+),IRF3 (+),asd_da_proband vs sibling,0.539226838537387,0.23951933568119943,1.2139545334495858,0.16875230381893624,0.284270245523393
Wamsley,IRF3_(+),IRF3 (+),proband vs sibling,0.5936111534798973,0.28387126334327056,1.2413169173437142,0.1932965480216866,0.3179724724589319
Wamsley,IRF7_(+),IRF7 (+),asd_d_proband vs asd_da_proband,0.9148921117073822,0.5704936700470192,1.4671987087874376,0.8122492970473942,0.9286635411774298
Wamsley,IRF7_(+),IRF7 (+),asd_d_proband vs sibling,2.9952322033568914,1.2328553180821817,7.276941438661293,0.011102376510897552,0.02707244379397128
Wamsley,IRF7_(+),IRF7 (+),asd_da_proband vs sibling,3.273863841461213,1.4050313713125762,7.628430703589398,0.002712810429709528,0.007571600188313051
Wamsley,IRF7_(+),IRF7 (+),proband vs sibling,3.0504915403141872,1.3275622431731653,7.009463161053931,0.004498027032916629,0.012044981266863755
Wamsley,IRF8_(+),IRF8 (+),asd_d_proband vs asd_da_proband,1.3429743146506974,1.052420931307831,1.7137439556340097,0.020635226371548524,0.04671642948429598
Wamsley,IRF8_(+),IRF8 (+),asd_d_proband vs sibling,1.9050315296007903,1.332640248358818,2.7232744420277832,2.853417175459681e-4,9.692255953929043e-4
Wamsley,IRF8_(+),IRF8 (+),asd_da_proband vs sibling,1.4185167272512444,1.0044634131506585,2.0032483803267955,0.05280772774475778,0.10605784827044608
Wamsley,IRF8_(+),IRF8 (+),proband vs sibling,1.5322820691270145,1.1017308928788125,2.131090590764097,0.010393840737745682,0.025506599564897724
Wamsley,IVD_(+),IVD (+),asd_d_proband vs asd_da_proband,NA,NA,NA,NA,NA
Wamsley,IVD_(+),IVD (+),asd_d_proband vs sibling,NA,NA,NA,NA,NA
Wamsley,IVD_(+),IVD (+),asd_da_proband vs sibling,NA,NA,NA,NA,NA
Wamsley,IVD_(+),IVD (+),proband vs sibling,NA,NA,NA,NA,NA
Wamsley,JDP2_(+),JDP2 (+),asd_d_proband vs asd_da_proband,1.087631776677713,0.62412300046190206,1.8953681898658503,0.7756031716394067,0.8978074833081314
Wamsley,JDP2_(+),JDP2 (+),asd_d_proband vs sibling,1.2567369811186067,0.6021733815896654,2.622812445714082,0.5884873610200527,0.7431549568745052
Wamsley,JDP2_(+),JDP2 (+),asd_da_proband vs sibling,1.1554801984155367,0.5839990875335848,2.2861927654187078,0.7397471369644808,0.870909332869788
Wamsley,JDP2_(+),JDP2 (+),proband vs sibling,1.1242578407362387,0.5853156476401091,2.1594428537028856,0.8724971613847707,0.9805636738484161
Wamsley,JUNB_(+),JUNB (+),asd_d_proband vs asd_da_proband,1.6612133138288099,1.409504326629693,1.9578724392004723,2.3097245492865563e-9,1.558636344000039e-8
Wamsley,JUNB_(+),JUNB (+),asd_d_proband vs sibling,2.281815947946438,1.7849774828920417,2.9169466114870928,3.1751611739599414e-12,2.830305116905584e-11
Wamsley,JUNB_(+),JUNB (+),asd_da_proband vs sibling,1.3735839515319357,1.0767943933833894,1.7521756089180542,0.00982429832887317,0.02425728602887791
Wamsley,JUNB_(+),JUNB (+),proband vs sibling,1.6240812012331955,1.2891805520653479,2.0459816462274394,1.589996882439335e-5,6.608061860867855e-5
Wamsley,JUND_(+),JUND (+),asd_d_proband vs asd_da_proband,2.073140629487485,1.8906404040267073,2.2732572838695413,5.870926808113602e-54,4.691591510694291e-52
Wamsley,JUND_(+),JUND (+),asd_d_proband vs sibling,3.049443291226871,2.635144644708668,3.528878160476329,1.2340524846372367e-61,1.3710022115908812e-59
Wamsley,JUND_(+),JUND (+),asd_da_proband vs sibling,1.4709292982120297,1.268448137483915,1.7057323326047067,1.5615054419279417e-7,8.528366052735941e-7
Wamsley,JUND_(+),JUND (+),proband vs sibling,1.9361684172421367,1.6832079503800703,2.2271449817471747,1.1806387248206752e-23,2.422436662864043e-22
Wamsley,JUN_(+),JUN (+),asd_d_proband vs asd_da_proband,1.4924750367412023,1.2606858470197813,1.7668808930958848,4.724528413369292e-6,2.137063249542912e-5
Wamsley,JUN_(+),JUN (+),asd_d_proband vs sibling,1.8761324524627048,1.4753072116225248,2.3858576379577308,1.2095134721284672e-7,6.710516279592166e-7
Wamsley,JUN_(+),JUN (+),asd_da_proband vs sibling,1.2570611945103034,0.9939587397231823,1.5898072863504955,0.061322945193743914,0.12050302647001877
Wamsley,JUN_(+),JUN (+),proband vs sibling,1.4323803144205982,1.146649979512731,1.7893109508548786,0.001217751921600879,0.0036420617221877894
Wamsley,KDM2A_(+),KDM2A (+),asd_d_proband vs asd_da_proband,1.6057015961684644,0.834626393400953,3.089139807132069,0.1657248909630228,0.2809366871367952
Wamsley,KDM2A_(+),KDM2A (+),asd_d_proband vs sibling,5.87528558258848,1.357430247840044,25.429653370328975,0.008313490095076616,0.020875396516140916
Wamsley,KDM2A_(+),KDM2A (+),asd_da_proband vs sibling,3.659014599355276,0.8522907486641329,15.708709568043293,0.08492898096293611,0.160054775771211
Wamsley,KDM2A_(+),KDM2A (+),proband vs sibling,4.32839870343456,1.041067522516185,17.995984823936066,0.022890500868189216,0.05113596442108969
Wamsley,KDM5A_(+),KDM5A (+),asd_d_proband vs asd_da_proband,1.6551925850800466,1.5146578860610733,1.80876653329853,2.7511324439810976e-28,7.285702489729011e-27
Wamsley,KDM5A_(+),KDM5A (+),asd_d_proband vs sibling,3.0016310375267032,2.5889108078569842,3.480146499485489,2.9847944213952608e-58,2.892710338182003e-56
Wamsley,KDM5A_(+),KDM5A (+),asd_da_proband vs sibling,1.8134633181561415,1.5658035801874886,2.100294856845392,4.2629388413533704e-17,5.711084241871941e-16
Wamsley,KDM5A_(+),KDM5A (+),proband vs sibling,2.145878130933175,1.863980376548836,2.470408492895747,1.0235172724697567e-31,3.171511004149484e-30
Wamsley,KLF10_(+),KLF10 (+),asd_d_proband vs asd_da_proband,1.1963929551416101,0.6083890831700908,2.352698532416471,0.6006647758440546,0.7553915113113387
Wamsley,KLF10_(+),KLF10 (+),asd_d_proband vs sibling,2.4192041292443816,0.7963181254143419,7.349510744726369,0.14944310240352554,0.25774840587970715
Wamsley,KLF10_(+),KLF10 (+),asd_da_proband vs sibling,2.0220815567724855,0.6941129638363416,5.890703725861402,0.2638330653737892,0.40890129388996305
Wamsley,KLF10_(+),KLF10 (+),proband vs sibling,2.1641856411232414,0.7691861839676886,6.089162268989434,0.1609867065779106,0.27402632603228055
Wamsley,KLF11_(+),KLF11 (+),asd_d_proband vs asd_da_proband,0.8157280637923315,0.443079444640979,1.5017899884693597,0.5508827047308928,0.7126585402014248
Wamsley,KLF11_(+),KLF11 (+),asd_d_proband vs sibling,0.9425626017720384,0.43293114567301105,2.0521144462318106,1,1
Wamsley,KLF11_(+),KLF11 (+),asd_da_proband vs sibling,1.1554862994293114,0.5840021710883547,2.286204836671484,0.7397467907680164,0.870909332869788
Wamsley,KLF11_(+),KLF11 (+),proband vs sibling,1.056809911856384,0.548143553526411,2.0375085734618343,1,1
Wamsley,KLF13_(+),KLF13 (+),asd_d_proband vs asd_da_proband,1.5185049957783696,1.0603917992375271,2.1745334355300456,0.028033795347640944,0.060893627948738434
Wamsley,KLF13_(+),KLF13 (+),asd_d_proband vs sibling,2.11201958917105,1.2403873904949425,3.5961561518795837,0.005778801687815763,0.015084493804011919
Wamsley,KLF13_(+),KLF13 (+),asd_da_proband vs sibling,1.3908545543430701,0.825215969702121,2.34420619857266,0.2696473890140261,0.4164950345740552
Wamsley,KLF13_(+),KLF13 (+),proband vs sibling,1.5939477545792053,0.970150099848703,2.6188416047416925,0.06548069844094874,0.12768175573566845
Wamsley,KLF15_(+),KLF15 (+),asd_d_proband vs asd_da_proband,1.076778739373516,0.25733375487098914,4.505636868929591,1,1
Wamsley,KLF15_(+),KLF15 (+),asd_d_proband vs sibling,1.0368001838094507,0.17324388803772467,6.2048631748165,1,1
Wamsley,KLF15_(+),KLF15 (+),asd_da_proband vs sibling,0.9628720793769338,0.18681093229129633,4.9628928557456575,1,1
Wamsley,KLF15_(+),KLF15 (+),proband vs sibling,0.9893256964332204,0.21009000110376452,4.658790653914365,1,1
Wamsley,KLF16_(+),KLF16 (+),asd_d_proband vs asd_da_proband,2.010612877461446,1.5511321022283373,2.6062023583976486,1.7553065571192095e-7,9.507040865253269e-7
Wamsley,KLF16_(+),KLF16 (+),asd_d_proband vs sibling,2.787871735959423,1.8692425420826153,4.157956306463037,4.870012378621534e-8,2.818666630828601e-7
Wamsley,KLF16_(+),KLF16 (+),asd_da_proband vs sibling,1.3865780763720794,0.9252808740993897,2.0778542123731163,0.12812634648203247,0.2274417413194302
Wamsley,KLF16_(+),KLF16 (+),proband vs sibling,1.789072842527246,1.221309644700174,2.620778153810697,0.0017895383508693017,0.00519194088420998
Wamsley,KLF2_(+),KLF2 (+),asd_d_proband vs asd_da_proband,2.2866618836885353,1.8075085571263847,2.8928341997046445,6.287091932184179e-12,5.403340330396026e-11
Wamsley,KLF2_(+),KLF2 (+),asd_d_proband vs sibling,3.4128376249139087,2.3340350394214067,4.990268122502284,1.358605443705306e-12,1.242660200015596e-11
Wamsley,KLF2_(+),KLF2 (+),asd_da_proband vs sibling,1.4924977099844678,1.0119018287267518,2.20134933159647,0.04880110801401159,0.098751242560561
Wamsley,KLF2_(+),KLF2 (+),proband vs sibling,2.1023668639053255,1.4575740849658307,3.032399159697415,1.9199792385380516e-5,7.850543475350831e-5
Wamsley,KLF3_(+),KLF3 (+),asd_d_proband vs asd_da_proband,0.5982016655029717,0.2174147633070459,1.6459104578154116,0.3608196281114431,0.5184212915826886
Wamsley,KLF3_(+),KLF3 (+),asd_d_proband vs sibling,0.8640009536622333,0.23201222441318506,3.2174927412437917,1,1
Wamsley,KLF3_(+),KLF3 (+),asd_da_proband vs sibling,1.4443305719247301,0.4793676683514605,4.351755320024938,0.6165852774202045,0.7696755107287014
Wamsley,KLF3_(+),KLF3 (+),proband vs sibling,1.2366698760526988,0.4226992680185794,3.61806252824875,1,1
Wamsley,KLF4_(+),KLF4 (+),asd_d_proband vs asd_da_proband,2.214611322937837,1.5074424063745722,3.253526165208462,5.820619249098634e-5,2.209410056637023e-4
Wamsley,KLF4_(+),KLF4 (+),asd_d_proband vs sibling,3.0838467498970457,1.6900172803373255,5.627226944657253,8.397634662429926e-5,3.0997751934658274e-4
Wamsley,KLF4_(+),KLF4 (+),asd_da_proband vs sibling,1.3925002179642552,0.7534522198846129,2.573563134935689,0.3167923133659948,0.4698759320684162
Wamsley,KLF4_(+),KLF4 (+),proband vs sibling,1.8455127740583208,1.0344598133474487,3.292459847416496,0.0410052821238046,0.08482246143230245
Wamsley,KLF6_(+),KLF6 (+),asd_d_proband vs asd_da_proband,1.957740366230309,1.6622363707553283,2.305777571107992,1.299930976419339e-15,1.550048585756568e-14
Wamsley,KLF6_(+),KLF6 (+),asd_d_proband vs sibling,3.456037353919629,2.6193911216271553,4.559912451817469,5.406699381138924e-23,1.0569749219350988e-21
Wamsley,KLF6_(+),KLF6 (+),asd_da_proband vs sibling,1.765319555919633,1.3351705021472022,2.3340488196081446,3.117295142688909e-5,1.2336472089442206e-4
Wamsley,KLF6_(+),KLF6 (+),proband vs sibling,2.263135659339948,1.7336910777018935,2.9542650812769238,3.788142008176434e-11,3.0483522879706267e-10
Wamsley,KLF8_(+),KLF8 (+),asd_d_proband vs asd_da_proband,0,NA,NA,0.540425366326849,0.7019406868045154
Wamsley,KLF8_(+),KLF8 (+),asd_d_proband vs sibling,0,NA,NA,0.40870760197388967,0.5724937814827836
Wamsley,KLF8_(+),KLF8 (+),asd_da_proband vs sibling,0.7703084530256652,0.06984895917975233,8.49511746160421,1,1
Wamsley,KLF8_(+),KLF8 (+),proband vs sibling,0.49465129465129465,0.044853302534327434,5.455114550660831,0.48469964340790406,0.6477331549679402
Wamsley,KLF9_(+),KLF9 (+),asd_d_proband vs asd_da_proband,1.4683065467275724,1.0524769095628042,2.048428897179904,0.027200602236755585,0.059310073330982135
Wamsley,KLF9_(+),KLF9 (+),asd_d_proband vs sibling,3.6288354612850084,1.9573297236631972,6.727761115503046,5.131413400264607e-6,2.298313667314726e-5
Wamsley,KLF9_(+),KLF9 (+),asd_da_proband vs sibling,2.4714426761718293,1.3451655046733981,4.54072668410151,0.001914634063883815,0.005530220774249066
Wamsley,KLF9_(+),KLF9 (+),proband vs sibling,2.8031508151068416,1.553510717458634,5.057998251269469,1.1987691710256728e-4,4.3131070884849446e-4
Wamsley,LAS1L_(+),LAS1L (+),asd_d_proband vs asd_da_proband,1.7945964974038546,0.25279313311175683,12.739968640961479,0.6209609131710325,0.7719721900823864
Wamsley,LAS1L_(+),LAS1L (+),asd_d_proband vs sibling,0.6911907066795739,0.09736353802764507,4.906812166835595,1,1
Wamsley,LAS1L_(+),LAS1L (+),asd_da_proband vs sibling,0.38515103962338165,0.05425372119498483,2.734214723997296,0.30984208128270185,0.46093587430617616
Wamsley,LAS1L_(+),LAS1L (+),proband vs sibling,0.4946622579121398,0.09060384227161877,2.7006663654415957,0.34043331139302346,0.49815773067368035
Wamsley,LEF1_(+),LEF1 (+),asd_d_proband vs asd_da_proband,1.9577415494725445,1.5732377016242545,2.4362192506409674,2.178030374197894e-9,1.471947827072909e-8
Wamsley,LEF1_(+),LEF1 (+),asd_d_proband vs sibling,1.7865058580358995,1.3417383357831978,2.378707603173302,4.428122500913182e-5,1.7021179739797084e-4
Wamsley,LEF1_(+),LEF1 (+),asd_da_proband vs sibling,0.9125340668778372,0.6828820503926772,1.2194176472112095,0.5464452904958683,0.7075208351929164
Wamsley,LEF1_(+),LEF1 (+),proband vs sibling,1.1758022558677097,0.8998721128521533,1.536341581385063,0.26999044776201175,0.41688355578168257
Wamsley,LHX6_(+),LHX6 (+),asd_d_proband vs asd_da_proband,2.1030452136761886,1.5066014516102686,2.9356132413381126,1.7370130649566305e-5,7.173249783207118e-5
Wamsley,LHX6_(+),LHX6 (+),asd_d_proband vs sibling,3.2400448913936297,1.8886365928862372,5.558449379720507,2.947297995611851e-6,1.3684956544354722e-5
Wamsley,LHX6_(+),LHX6 (+),asd_da_proband vs sibling,1.5406444285284433,0.8908085024749265,2.6645291873182844,0.13447062223666598,0.23640049567271845
Wamsley,LHX6_(+),LHX6 (+),proband vs sibling,2.040535998584822,1.2145507564297096,3.4282529070752186,0.005091819314391979,0.013460961681401894
Wamsley,LMO2_(+),LMO2 (+),asd_d_proband vs asd_da_proband,1.2078990424656386,0.786912362746911,1.8541074786223188,0.4337624709486375,0.5979988060445047
Wamsley,LMO2_(+),LMO2 (+),asd_d_proband vs sibling,1.2732780121230105,0.7283894452423699,2.225783070780855,0.4891768986286287,0.6519096545227312
Wamsley,LMO2_(+),LMO2 (+),asd_da_proband vs sibling,1.0541261871719976,0.623318041875736,1.7826886819093508,0.8954745967571973,1
Wamsley,LMO2_(+),LMO2 (+),proband vs sibling,1.1065105911166795,0.6729008398206685,1.8195336010870236,0.8057040096224093,0.923033642814405
Wamsley,MAFB_(+),MAFB (+),asd_d_proband vs asd_da_proband,1.9275200822287502,1.141196697248036,3.255647055721903,0.017018475898203298,0.039267515837320535
Wamsley,MAFB_(+),MAFB (+),asd_d_proband vs sibling,3.3408358542680525,1.3870557795046805,8.046672938523512,0.005117319373024108,0.01350486080192631
Wamsley,MAFB_(+),MAFB (+),asd_da_proband vs sibling,1.7332301152500138,0.7156139210474664,4.197915306080689,0.2491723443888936,0.3913571449410143
Wamsley,MAFB_(+),MAFB (+),proband vs sibling,2.267263998870442,0.976194643148722,5.265841271156045,0.05321905724510877,0.10675761890919894
Wamsley,MAFF_(+),MAFF (+),asd_d_proband vs asd_da_proband,1.8185249800832333,1.3218331357906932,2.5018536860997402,3.2917373985512995e-4,0.001102489989000086
Wamsley,MAFF_(+),MAFF (+),asd_d_proband vs sibling,2.7648383506328784,1.6724038386863087,4.570864362004239,2.268691730086149e-5,9.185680738259918e-5
Wamsley,MAFF_(+),MAFF (+),asd_da_proband vs sibling,1.520374138883884,0.9190327199006808,2.51518522913604,0.10758999111449183,0.19563768843373663
Wamsley,MAFF_(+),MAFF (+),proband vs sibling,1.8615398090182407,1.1535188385296895,3.004138592982742,0.007707377347267545,0.019525641722360217
Wamsley,MAFG_(+),MAFG (+),asd_d_proband vs asd_da_proband,2.018919733764915,1.5787941642138421,2.5817405357683536,2.9342672907992858e-8,1.7540141088701767e-7
Wamsley,MAFG_(+),MAFG (+),asd_d_proband vs sibling,2.52197636822121,1.7530231399977223,3.6282263803286177,9.43724485591035e-8,5.313553809477336e-7
Wamsley,MAFG_(+),MAFG (+),asd_da_proband vs sibling,1.249171190930997,0.8640901146587202,1.8058633443205983,0.2481926533605192,0.3905069209178463
Wamsley,MAFG_(+),MAFG (+),proband vs sibling,1.6310908196254135,1.1542658823365353,2.3048911889181407,0.004354578968026107,0.011702128141214699
Wamsley,MAFK_(+),MAFK (+),asd_d_proband vs asd_da_proband,1.4683031898078227,1.0753527194143813,2.0048438231261474,0.016695900631346808,0.03872190803247694
Wamsley,MAFK_(+),MAFK (+),asd_d_proband vs sibling,2.2621335126620092,1.4033345408864073,3.646491894852302,4.8031530072795094e-4,0.0015638571799970096
Wamsley,MAFK_(+),MAFK (+),asd_da_proband vs sibling,1.54064468998265,0.9656178483156124,2.458100857303053,0.07065324785628839,0.13619362843224445
Wamsley,MAFK_(+),MAFK (+),proband vs sibling,1.7426047823972675,1.1149882964867677,2.72350071942649,0.01382743351049295,0.032647724792236744
Wamsley,MAF_(+),MAF (+),asd_d_proband vs asd_da_proband,2.243247422522575,1.65912850140109,3.0330134130084874,1.5236625994480296e-7,8.344304915044377e-7
Wamsley,MAF_(+),MAF (+),asd_d_proband vs sibling,3.8626326428899382,2.305286665011261,6.472050162076493,6.061167178971944e-9,3.916115815633646e-8
Wamsley,MAF_(+),MAF (+),asd_da_proband vs sibling,1.7218932713834718,1.0177341624717253,2.9132523475825116,0.048265241690494856,0.09779723127233277
Wamsley,MAF_(+),MAF (+),proband vs sibling,2.356977742234068,1.4300356983790026,3.8847590194314656,2.3464357128391016e-4,8.072518634427574e-4
Wamsley,MAX_(+),MAX (+),asd_d_proband vs asd_da_proband,1.408841590038437,1.194598434358555,1.6615078077578407,5.86800227293992e-5,2.2255412450658898e-4
Wamsley,MAX_(+),MAX (+),asd_d_proband vs sibling,1.5980203682658194,1.2764378928343902,2.0006215043662507,3.5047573459640226e-5,1.371492243201557e-4
Wamsley,MAX_(+),MAX (+),asd_da_proband vs sibling,1.134279666049766,0.9127615489998472,1.4095580189850703,0.28166994680146107,0.4293864148864308
Wamsley,MAX_(+),MAX (+),proband vs sibling,1.2525691889602766,1.0199624044211861,1.5382229446221105,0.03175291244501629,0.06819166251157435
Wamsley,MAZ_(+),MAZ (+),asd_d_proband vs asd_da_proband,2.02960125473239,1.6491704716328757,2.497789842873376,3.310089462557194e-11,2.6733080677212803e-10
Wamsley,MAZ_(+),MAZ (+),asd_d_proband vs sibling,2.854988298282481,2.0688629385215327,3.9398251240146425,3.921745070274462e-12,3.441916916204273e-11
Wamsley,MAZ_(+),MAZ (+),asd_da_proband vs sibling,1.4066744842739671,1.0151895707855887,1.9491267066270384,0.03941972363806281,0.08191461732270808
Wamsley,MAZ_(+),MAZ (+),proband vs sibling,1.8604070849601895,1.3678004621341389,2.5304235651227915,2.6592004409209677e-5,1.0648723969308602e-4
Wamsley,MECOM_(+),MECOM (+),asd_d_proband vs asd_da_proband,0.7975997154301798,0.2456272364719279,2.589962396645738,0.7816443686180247,0.90327155574729745
Wamsley,MECOM_(+),MECOM (+),asd_d_proband vs sibling,1.3824061615552359,0.2532057132183941,7.547407881186202,1,1
Wamsley,MECOM_(+),MECOM (+),asd_da_proband vs sibling,1.7332079422942681,0.3744861970761168,8.02168356186796,0.7382369774275088,0.869581158437494
Wamsley,MECOM_(+),MECOM (+),proband vs sibling,1.6076794727055383,0.362798499762162,7.124156490870698,0.7498954973783839,0.8767387795333725
Wamsley,MEF2C_(+),MEF2C (+),asd_d_proband vs asd_da_proband,4.237257388003764,2.8695971576482484,6.2567493574278545,2.006778442239489e-14,2.1815932707400652e-13
Wamsley,MEF2C_(+),MEF2C (+),asd_d_proband vs sibling,9.792251908657823,4.278833232514349,22.409893592947185,2.453568184150223e-13,2.372824432867148e-12
Wamsley,MEF2C_(+),MEF2C (+),asd_da_proband vs sibling,2.3109882199700644,0.9737626933167793,5.484566814373745,0.057239211106284965,0.11340816648444313
Wamsley,MEF2C_(+),MEF2C (+),proband vs sibling,4.658206827058769,2.049324843960093,10.588312003150378,8.132662392600164e-6,3.5381353580032236e-5
Wamsley,MEF2D_(+),MEF2D (+),asd_d_proband vs asd_da_proband,2.7735283170517255,1.2991449748936843,5.92117082707978,0.009140291727001275,0.0226916453681533
Wamsley,MEF2D_(+),MEF2D (+),asd_d_proband vs sibling,11.750608200320418,1.563799910235282,88.295690627494,0.001334651513627899,0.003968336804197429
Wamsley,MEF2D_(+),MEF2D (+),asd_da_proband vs sibling,4.236700281038187,0.5469866479473096,32.815479753864345,0.19884993911798088,0.32452964990383154
Wamsley,MEF2D_(+),MEF2D (+),proband vs sibling,6.677912482218305,0.9074433034834052,49.143031800424275,0.030228335222029695,0.0652559558940025
Wamsley,MEIS1_(+),MEIS1 (+),asd_d_proband vs asd_da_proband,0.2990968409326013,0.036008835659668864,2.4843602581701605,0.4336468525840585,0.5979988060445047
Wamsley,MEIS1_(+),MEIS1 (+),asd_d_proband vs sibling,Inf,NA,NA,1,1
Wamsley,MEIS1_(+),MEIS1 (+),asd_da_proband vs sibling,Inf,NA,NA,0.1959765521573411,0.32132006412566283
Wamsley,MEIS1_(+),MEIS1 (+),proband vs sibling,Inf,NA,NA,0.3579754027232772,0.5156811512636724
Wamsley,MEIS3_(+),MEIS3 (+),asd_d_proband vs asd_da_proband,1.589497607531838,1.1293064965132,2.2372160721205114,0.008383134083886828,0.021027079158647856
Wamsley,MEIS3_(+),MEIS3 (+),asd_d_proband vs sibling,3.2965286933372426,1.813019870033959,5.99392296003474,1.698157341631491e-5,7.031915173755856e-5
Wamsley,MEIS3_(+),MEIS3 (+),asd_da_proband vs sibling,2.0739437906144897,1.1474330729740478,3.748578412054959,0.013706784592253954,0.03239979440462727
Wamsley,MEIS3_(+),MEIS3 (+),proband vs sibling,2.473373989880461,1.3985761709653661,4.374147808906638,7.130265362385314e-4,0.0022306565058835925
Wamsley,MEOX2_(+),MEOX2 (+),asd_d_proband vs asd_da_proband,1.986887227241949,1.1919338234079182,3.3120302287337338,0.009430994859489618,0.023359533216408487
Wamsley,MEOX2_(+),MEOX2 (+),asd_d_proband vs sibling,5.356917758184258,1.8909886518359624,15.175431031851156,2.1181616660454676e-4,7.337371209531125e-4
Wamsley,MEOX2_(+),MEOX2 (+),asd_da_proband vs sibling,2.696135787042296,0.9457043744706928,7.6864910202394885,0.07312135402413963,0.14063723050082
Wamsley,MEOX2_(+),MEOX2 (+),proband vs sibling,3.400909731974054,1.2325074153121376,9.384273766910075,0.008494521558689495,0.021283028437750633
Wamsley,MLXIPL_(+),MLXIPL (+),asd_d_proband vs asd_da_proband,1.8663785738411713,1.359383965372566,2.5624614307839937,1.3302325056717548e-4,4.7411651512792194e-4
Wamsley,MLXIPL_(+),MLXIPL (+),asd_d_proband vs sibling,6.739289652500446,3.255460911500666,13.95133477408681,1.418600789285297e-10,1.08418963943707e-9
Wamsley,MLXIPL_(+),MLXIPL (+),asd_da_proband vs sibling,3.6108910308750466,1.7419086704424995,7.485199573374683,7.13795146106813e-5,2.665030238128306e-4
Wamsley,MLXIPL_(+),MLXIPL (+),proband vs sibling,4.637585559677152,2.2773290143166904,9.444045936322143,2.019768956270452e-7,1.0836334035114144e-6
Wamsley,MSRA_(+),MSRA (+),asd_d_proband vs asd_da_proband,1.893715195740037,1.634052756068088,2.194639817631016,3.484691570130299e-17,4.738140328938362e-16
Wamsley,MSRA_(+),MSRA (+),asd_d_proband vs sibling,3.689827527570713,2.847929174509927,4.780605959262117,2.2190182221715678e-29,6.125835152722116e-28
Wamsley,MSRA_(+),MSRA (+),asd_da_proband vs sibling,1.9484595866744265,1.5021922300131758,2.527302887773676,1.0739393538312022e-7,5.980187966627293e-7
Wamsley,MSRA_(+),MSRA (+),proband vs sibling,2.44791092126132,1.9075805077687642,3.1412922568806327,2.721172466667959e-15,3.1700615308625455e-14
Wamsley,MSX1_(+),MSX1 (+),asd_d_proband vs asd_da_proband,0,NA,NA,0.5404265329455977,0.7019406868045154
Wamsley,MSX1_(+),MSX1 (+),asd_d_proband vs sibling,0,NA,NA,0.4086842679467598,0.5724937814827836
Wamsley,MSX1_(+),MSX1 (+),asd_da_proband vs sibling,0.7702272026318495,0.06984159166947941,8.494221415823384,1,1
Wamsley,MSX1_(+),MSX1 (+),proband vs sibling,0.4946193965801809,0.044850410125373094,5.454762772279268,0.484679876106784,0.6477331549679402
Wamsley,MXD3_(+),MXD3 (+),asd_d_proband vs asd_da_proband,0.3589224507283633,0.07864348385847031,1.6380928122245089,0.2328250050896976,0.37003415847298415
Wamsley,MXD3_(+),MXD3 (+),asd_d_proband vs sibling,0.4608147672093688,0.07699973744528417,2.757804853933696,0.4048764769489337,0.5711521145332528
Wamsley,MXD3_(+),MXD3 (+),asd_da_proband vs sibling,1.2838839316800463,0.35334285242116326,4.665038329575354,1,1
Wamsley,MXD3_(+),MXD3 (+),proband vs sibling,0.9893639447308409,0.2791951346501827,3.5059386559862817,1,1
Wamsley,MXI1_(+),MXI1 (+),asd_d_proband vs asd_da_proband,1.4356759549187672,1.1566023053989456,1.7820865805908614,0.0013311781620212071,0.003963082698043529
Wamsley,MXI1_(+),MXI1 (+),asd_d_proband vs sibling,1.8944177358875147,1.3872349761442355,2.5870300416012837,3.0541278386111815e-5,1.2107530291448156e-4
Wamsley,MXI1_(+),MXI1 (+),asd_da_proband vs sibling,1.3195301693234138,0.9744530368547706,1.7868073697780207,0.0828237516147847,0.15706169384069288
Wamsley,MXI1_(+),MXI1 (+),proband vs sibling,1.46111987975509,1.0950425291481345,1.9495784375391403,0.009242329887918878,0.022929636513872816
Wamsley,MYBL1_(+),MYBL1 (+),asd_d_proband vs asd_da_proband,2.193420190101606,0.9089399551098432,5.293080256070334,0.10008987460454098,0.1847282734293696
Wamsley,MYBL1_(+),MYBL1 (+),asd_d_proband vs sibling,2.5344661586365125,0.7070754842315725,9.08462936776064,0.17807502033628642,0.29786033749268503
Wamsley,MYBL1_(+),MYBL1 (+),asd_da_proband vs sibling,1.1554859256215326,0.31282176671785655,4.268078076272936,1,1
Wamsley,MYBL1_(+),MYBL1 (+),proband vs sibling,1.4015884534752459,0.4107498637776971,4.782594873794811,0.7818404831840633,0.90327155574729745
Wamsley,MYCN_(+),MYCN (+),asd_d_proband vs asd_da_proband,0.19939560132072304,0.025262153248404612,1.573840734600231,0.10788824462749702,0.19606870847761537
Wamsley,MYCN_(+),MYCN (+),asd_d_proband vs sibling,0.34559852258100626,0.03133770245091563,3.8113304253000377,0.5713128218988144,0.728133617934977
Wamsley,MYCN_(+),MYCN (+),asd_da_proband vs sibling,1.7332304238001686,0.3744910545507705,8.021787611429428,0.7382371766581315,0.869581158437494
Wamsley,MYCN_(+),MYCN (+),proband vs sibling,1.2366829541813524,0.2709695527483508,5.644120210742112,1,1
Wamsley,MZF1_(+),MZF1 (+),asd_d_proband vs asd_da_proband,1.7946009044990014,1.181656106208552,2.725490427804913,0.007272614567532664,0.018516914116887245
Wamsley,MZF1_(+),MZF1 (+),asd_d_proband vs sibling,3.3792369839591734,1.6497406820532645,6.921840940204688,3.6695558747148034e-4,0.0012245294512326689
Wamsley,MZF1_(+),MZF1 (+),asd_da_proband vs sibling,1.8830019395886544,0.9192799791404442,3.857036359923744,0.09122563029830191,0.17016082965141902
Wamsley,MZF1_(+),MZF1 (+),proband vs sibling,2.3084765325003653,1.1608558121816515,4.590633776549516,0.01282671127414546,0.030621420258769693
Wamsley,NEUROD2_(+),NEUROD2 (+),asd_d_proband vs asd_da_proband,5.383593097689952,1.0865984418422874,26.673215721122485,0.02837182134237291,0.06156915017365822
Wamsley,NEUROD2_(+),NEUROD2 (+),asd_d_proband vs sibling,4.147230726412469,0.49929296880727475,34.44775667317408,0.25247052269425363,0.39464892296414106
Wamsley,NEUROD2_(+),NEUROD2 (+),asd_da_proband vs sibling,0.7703462448140824,0.06985238601101207,8.495534237092556,1,1
Wamsley,NEUROD2_(+),NEUROD2 (+),proband vs sibling,1.7313945671389088,0.21302144395493505,14.072419618713608,1,1
Wamsley,NFATC1_(+),NFATC1 (+),asd_d_proband vs asd_da_proband,1.0254837686369884,0.5045469286080748,2.084279776787229,1,1
Wamsley,NFATC1_(+),NFATC1 (+),asd_d_proband vs sibling,1.658901902730004,0.5844321311652405,4.7087683515866585,0.46103607393498536,0.6264979351334771
Wamsley,NFATC1_(+),NFATC1 (+),asd_da_proband vs sibling,1.6176773864835685,0.60998992473882,4.290038278682688,0.38887856826940226,0.552508679376608
Wamsley,NFATC1_(+),NFATC1 (+),proband vs sibling,1.5334997838221032,0.5962972407198309,3.9437069742996544,0.5295785857218155,0.6926964328155987
Wamsley,NFATC2_(+),NFATC2 (+),asd_d_proband vs asd_da_proband,1.2291747256120706,0.8577425718426145,1.7614498285165399,0.2604136994297567,0.40511762325906475
Wamsley,NFATC2_(+),NFATC2 (+),asd_d_proband vs sibling,2.1600260680829413,1.2301836848028682,3.7926958977232026,0.005670935451075795,0.014828421917135617
Wamsley,NFATC2_(+),NFATC2 (+),asd_da_proband vs sibling,1.7572978219246664,1.0230075785445278,3.0186439472273796,0.04356409349018445,0.08954623007571758
Wamsley,NFATC2_(+),NFATC2 (+),proband vs sibling,1.8086538461538464,1.072681298397315,3.049581213072904,0.022188446658158906,0.04973837329129617
Wamsley,NFATC4_(+),NFATC4 (+),asd_d_proband vs asd_da_proband,3.7686842143259356,1.7747929481713682,8.002612767840512,4.7326009144314275e-4,0.001541988352305805
Wamsley,NFATC4_(+),NFATC4 (+),asd_d_proband vs sibling,1.8144446931084768,0.8036948993495384,4.096342464054491,0.18610670228532017,0.30882224818568305
Wamsley,NFATC4_(+),NFATC4 (+),asd_da_proband vs sibling,0.4814530987263965,0.1900175186718267,1.2198721880669265,0.12049465704268061,0.21599888344329407
Wamsley,NFATC4_(+),NFATC4 (+),proband vs sibling,0.8656872571711995,0.3945674476024072,1.8993316143600252,0.6780946220343187,0.8205953781525829
Wamsley,NFE2L1_(+),NFE2L1 (+),asd_d_proband vs asd_da_proband,1.8059525065755537,1.449070001498071,2.2507294006740683,2.0613403453533719e-7,1.103337869927686e-6
Wamsley,NFE2L1_(+),NFE2L1 (+),asd_d_proband vs sibling,2.6167094456485023,1.8624319745765372,3.6764662636888725,2.4392881586753276e-9,1.6363707750760115e-8
Wamsley,NFE2L1_(+),NFE2L1 (+),asd_da_proband vs sibling,1.4489359139406748,1.031042283264214,2.0362067752066224,0.03289917254215419,0.07045403428749991
Wamsley,NFE2L1_(+),NFE2L1 (+),proband vs sibling,1.8079148917898642,1.3095987329612895,2.495845615675448,1.5839866822707065e-4,5.571474392079589e-4
Wamsley,NFE2L2_(+),NFE2L2 (+),asd_d_proband vs asd_da_proband,6.5802397748737524,1.8357815547562006,23.586442179162717,0.0013672934224093524,0.004055075489722819
Wamsley,NFE2L2_(+),NFE2L2 (+),asd_d_proband vs sibling,3.8017231409737477,0.8426682970680133,17.15158727449878,0.088159092989651,0.16491527334250614
Wamsley,NFE2L2_(+),NFE2L2 (+),asd_da_proband vs sibling,0.5777484211882974,0.09653873943825704,3.457609247104922,0.6223330308054952,0.7719721900823864
Wamsley,NFE2L2_(+),NFE2L2 (+),proband vs sibling,1.6077177736395614,0.3628071429784492,7.124326214906091,0.7498953448008168,0.8767387795333725
Wamsley,NFIA_(+),NFIA (+),asd_d_proband vs asd_da_proband,3.2629191523757246,1.5634481115458951,6.809718414263975,0.0012414474144580895,0.0037104940766775575
Wamsley,NFIA_(+),NFIA (+),asd_d_proband vs sibling,13.823900205693054,1.8552761406326628,103.00365143045177,4.6274058962076075e-4,0.0015108545506892458
Wamsley,NFIA_(+),NFIA (+),asd_da_proband vs sibling,4.236666481799864,0.5469822842371466,32.8152179609247,0.19885011040210623,0.32452964990383154
Wamsley,NFIA_(+),NFIA (+),proband vs sibling,7.42004416268965,1.0118928954127622,54.40996337246381,0.021056850320632634,0.047552777992306214
Wamsley,NFIC_(+),NFIC (+),asd_d_proband vs asd_da_proband,5.05748633995147,2.542166652232943,10.061562272610578,7.915990563875992e-7,3.911082904722505e-6
Wamsley,NFIC_(+),NFIC (+),asd_d_proband vs sibling,3.0610538713068576,1.3479402120603245,6.951384578638389,0.004559686092346674,0.012195754639247856
Wamsley,NFIC_(+),NFIC (+),asd_da_proband vs sibling,0.6052520294768075,0.23463111477891274,1.5613019591667465,0.2984713833484981,0.44943376897600296
Wamsley,NFIC_(+),NFIC (+),proband vs sibling,1.448687575726773,0.6499325436664992,3.2290977156269642,0.46915685293609644,0.6348811888475626
Wamsley,NFIL3_(+),NFIL3 (+),asd_d_proband vs asd_da_proband,0.9485710462426642,0.6368814333526278,1.412801477087038,0.8406461060865428,0.952997265610802
Wamsley,NFIL3_(+),NFIL3 (+),asd_d_proband vs sibling,1.826762399058379,0.987631992324605,3.3788505116759446,0.06315896882584725,0.12379049182518684
Wamsley,NFIL3_(+),NFIL3 (+),asd_da_proband vs sibling,1.9258045101569075,1.0849404591637992,3.418365478045797,0.02072928421248528,0.04688276543588404
Wamsley,NFIL3_(+),NFIL3 (+),proband vs sibling,1.8903671330678724,1.0829978694007283,3.2996259722658725,0.022078462717160248,0.049565006247740226
Wamsley,NFIX_(+),NFIX (+),asd_d_proband vs asd_da_proband,1.5594963228760974,1.289711884601273,1.885714794212317,5.343315933666216e-6,2.3838201839225873e-5
Wamsley,NFIX_(+),NFIX (+),asd_d_proband vs sibling,3.4387572195657232,2.4485408684656877,4.829427749157904,1.1992181275019967e-15,1.4412766677497612e-14
Wamsley,NFIX_(+),NFIX (+),asd_da_proband vs sibling,2.205043493288784,1.5759734584408591,3.0852149071758403,7.695985740640818e-7,3.822815163426274e-6
Wamsley,NFIX_(+),NFIX (+),proband vs sibling,2.5537549511933895,1.8459737508531742,3.532912831360988,1.910029875176123e-10,1.4476183163772448e-9
Wamsley,NFKB1_(+),NFKB1 (+),asd_d_proband vs asd_da_proband,1.6926301186304922,1.2540658996504295,2.284566320871727,7.554670785616493e-4,0.0023491958093649033
Wamsley,NFKB1_(+),NFKB1 (+),asd_d_proband vs sibling,2.124822876950618,1.376377113062851,3.280258161490174,4.3354479181552245e-4,0.0014248171188453857
Wamsley,NFKB1_(+),NFKB1 (+),asd_da_proband vs sibling,1.2553379817380381,0.8156334472504468,1.9320853671542066,0.3489736432918643,0.5078780433696851
Wamsley,NFKB1_(+),NFKB1 (+),proband vs sibling,1.5115035675673867,1.0062362893511507,2.2704836418115457,0.04621916962084209,0.0940698470165039
Wamsley,NFYA_(+),NFYA (+),asd_d_proband vs asd_da_proband,1.7946576313923257,0.25280174465898075,12.74040263550964,0.6209553439650515,0.7719721900823864
Wamsley,NFYA_(+),NFYA (+),asd_d_proband vs sibling,0.46079899141123637,0.07699710139192688,2.757710441654055,0.4048670379664605,0.5711521145332528
Wamsley,NFYA_(+),NFYA (+),asd_da_proband vs sibling,0.2567615033368458,0.04290350429245449,1.5366220238422725,0.13528337725215,0.2374081376136298
Wamsley,NFYA_(+),NFYA (+),proband vs sibling,0.329771336735557,0.07380690386527693,1.4734276718999195,0.1450970400681679,0.251331881460746
Wamsley,NKX2-2_(+),NKX2 (-),asd_d_proband vs asd_da_proband,0,NA,NA,0.30414472890957706,0.4555669977583438
Wamsley,NKX2-2_(+),NKX2 (-),asd_d_proband vs sibling,0,NA,NA,0.40869811588043636,0.5724937814827836
Wamsley,NKX2-2_(+),NKX2 (-),asd_da_proband vs sibling,1.5405152850086772,0.1721843815934007,13.7828258369534,1,1
Wamsley,NKX2-2_(+),NKX2 (-),proband vs sibling,0.9892841834547792,0.1105729277767822,8.851020003824937,1,1
Wamsley,NKX6-2_(+),NKX6 (-),asd_d_proband vs asd_da_proband,Inf,NA,NA,7.51193017688153e-4,0.0023404132664634316
Wamsley,NKX6-2_(+),NKX6 (-),asd_d_proband vs sibling,2.4192093078475603,0.5025669212245636,11.645361897109714,0.32514398689964963,0.4802304994578159
Wamsley,NKX6-2_(+),NKX6 (-),asd_da_proband vs sibling,0,NA,NA,0.07731682495762926,0.1477260418273307
Wamsley,NKX6-2_(+),NKX6 (-),proband vs sibling,0.4946684226177834,0.09060497141783695,2.700700022371992,0.3404381800480896,0.49815773067368035
Wamsley,NR1D1_(+),NR1D1 (+),asd_d_proband vs asd_da_proband,0.8972758746355687,0.08136193455260995,9.895339873985312,1,1
Wamsley,NR1D1_(+),NR1D1 (+),asd_d_proband vs sibling,Inf,NA,NA,1,1
Wamsley,NR1D1_(+),NR1D1 (+),asd_da_proband vs sibling,Inf,NA,NA,1,1
Wamsley,NR1D1_(+),NR1D1 (+),proband vs sibling,Inf,NA,NA,1,1
Wamsley,NR1D2_(+),NR1D2 (+),asd_d_proband vs asd_da_proband,1.7945813561916426,0.831944658727257,3.8710774932043224,0.15243656154995447,0.26207713595851073
Wamsley,NR1D2_(+),NR1D2 (+),asd_d_proband vs sibling,8.985630644420633,1.1754792731187276,68.6882022715138,0.011586645078714129,0.02807311772554103
Wamsley,NR1D2_(+),NR1D2 (+),asd_da_proband vs sibling,5.007090156943022,0.6550158726786631,38.275334820863144,0.1318299880707865,0.2328787099550349
Wamsley,NR1D2_(+),NR1D2 (+),proband vs sibling,6.183415950046557,0.8378568142644678,45.63385074913465,0.04567911460818065,0.09351391098885195
Wamsley,NR2C1_(+),NR2C1 (+),asd_d_proband vs asd_da_proband,0.7878690083387406,0.4526676251626512,1.3712877612522631,0.41945134574455967,0.5842816146380639
Wamsley,NR2C1_(+),NR2C1 (+),asd_d_proband vs sibling,2.073617137661608,0.8231297868287711,5.223827520772724,0.14604646411800065,0.2525598288860138
Wamsley,NR2C1_(+),NR2C1 (+),asd_da_proband vs sibling,2.631931343554087,1.1174133975746094,6.199194149826636,0.021676951746193135,0.04878385592719032
Wamsley,NR2C1_(+),NR2C1 (+),proband vs sibling,2.3909246009178555,1.031649906046304,5.541143767639358,0.039998713099200084,0.08289122717957324
Wamsley,NR2C2_(+),NR2C2 (+),asd_d_proband vs asd_da_proband,1.8235409299027034,1.5588962523448064,2.133112782860745,9.882274388907403e-14,1.0003057742549605e-12
Wamsley,NR2C2_(+),NR2C2 (+),asd_d_proband vs sibling,2.5317474500589574,1.9946121629468905,3.21352956226343,2.5446318358488734e-16,3.2196661145254497e-15
Wamsley,NR2C2_(+),NR2C2 (+),asd_da_proband vs sibling,1.3883688644126242,1.093362027572152,1.7629733382552448,0.00700665611377329,0.017889752577487296
Wamsley,NR2C2_(+),NR2C2 (+),proband vs sibling,1.714104128689634,1.3672583934351112,2.1489375951893113,8.708792552427137e-7,4.2654354920758716e-6
Wamsley,NR2E1_(+),NR2E1 (+),asd_d_proband vs asd_da_proband,1.7945531464833422,0.5195282882304249,6.198740412235108,0.34432114657504975,0.502043157058051
Wamsley,NR2E1_(+),NR2E1 (+),asd_d_proband vs sibling,3.456107879428874,0.4037780606116129,29.582294927459493,0.411437945335708,0.575230984256909
Wamsley,NR2E1_(+),NR2E1 (+),asd_da_proband vs sibling,1.9258877265360248,0.22500200754871374,16.48449085246085,1,1
Wamsley,NR2E1_(+),NR2E1 (+),proband vs sibling,2.4734601192165764,0.31663374844301645,19.322024236010698,0.7041196367714985,0.8407030610593051
Wamsley,NR2F1_(+),NR2F1 (+),asd_d_proband vs asd_da_proband,2.5124524628069,0.7974165858307376,7.916084879634487,0.1320413262903225,0.2328787099550349
Wamsley,NR2F1_(+),NR2F1 (+),asd_d_proband vs sibling,4.838388755362196,0.5952892417733254,39.32543057267179,0.15298857698375617,0.26207713595851073
Wamsley,NR2F1_(+),NR2F1 (+),asd_da_proband vs sibling,1.9257633037787987,0.22498747120281212,16.483425865247387,1,1
Wamsley,NR2F1_(+),NR2F1 (+),proband vs sibling,2.967993380944086,0.3859262082092421,22.82556748400937,0.48570474056065965,0.6482252826007346
Wamsley,NR2F2_(+),NR2F2 (+),asd_d_proband vs asd_da_proband,1.6400959624035032,1.3020463134520917,2.0659132767409414,3.602928063770062e-5,1.4070821096171887e-4
Wamsley,NR2F2_(+),NR2F2 (+),asd_d_proband vs sibling,1.9466682923810614,1.4052062779731453,2.696769506344476,3.780443090472044e-5,1.4705328031044905e-4
Wamsley,NR2F2_(+),NR2F2 (+),asd_da_proband vs sibling,1.1869234099743087,0.8599566669565695,1.6382071740089075,0.34348375164653716,0.5019469004651834
Wamsley,NR2F2_(+),NR2F2 (+),proband vs sibling,1.4032606876398135,1.0357531496785302,1.9011678198483202,0.026477452459873613,0.05795521189559073
Wamsley,NR2F6_(+),NR2F6 (+),asd_d_proband vs asd_da_proband,Inf,NA,NA,0.002099048605059142,0.006005757786460045
Wamsley,NR2F6_(+),NR2F6 (+),asd_d_proband vs sibling,4.147193347193347,0.4992884686522271,34.44744619364452,0.2524709940897871,0.39464892296414106
Wamsley,NR2F6_(+),NR2F6 (+),asd_da_proband vs sibling,0,NA,NA,0.27805190822670123,0.42404872784232334
Wamsley,NR2F6_(+),NR2F6 (+),proband vs sibling,1.236640464205123,0.14447705503715466,10.584930855049494,1,1
Wamsley,NR3C1_(+),NR3C1 (+),asd_d_proband vs asd_da_proband,2.303931005893396,2.1038510332762312,2.5230389395255313,7.486838952401504e-73,1.1759500492478913e-70
Wamsley,NR3C1_(+),NR3C1 (+),asd_d_proband vs sibling,4.453049568118337,3.779497684108168,5.246636488096706,4.319934803077566e-98,1.6397752523348595e-95
Wamsley,NR3C1_(+),NR3C1 (+),asd_da_proband vs sibling,1.932805086926454,1.6353822105199918,2.284319518714191,1.7825427341654367e-16,2.306671066512376e-15
Wamsley,NR3C1_(+),NR3C1 (+),proband vs sibling,2.6787358070018508,2.2838742271971806,3.1418654487466844,1.4096368688419713e-43,7.927032021697753e-42
Wamsley,NRF1_(+),NRF1 (+),asd_d_proband vs asd_da_proband,1.7615660855853117,1.6114849826313649,1.9256245682273359,4.3288988300390564e-35,1.6162405058055657e-33
Wamsley,NRF1_(+),NRF1 (+),asd_d_proband vs sibling,2.8478927693499707,2.468082196723861,3.286151991405203,1.2737801867851873e-55,1.074457176075283e-53
Wamsley,NRF1_(+),NRF1 (+),asd_da_proband vs sibling,1.6166823332113072,1.4014335377688398,1.8649915933071297,5.741991773714422e-12,4.95355540327068e-11
Wamsley,NRF1_(+),NRF1 (+),proband vs sibling,1.9627743030123217,1.7127618752162863,2.249281129099757,5.843187887074012e-26,1.4008274118748486e-24
Wamsley,OLIG1_(+),OLIG1 (+),asd_d_proband vs asd_da_proband,2.8201298354553015,1.0932473992464395,7.2747781465632855,0.04539402501377468,0.09309760645553519
Wamsley,OLIG1_(+),OLIG1 (+),asd_d_proband vs sibling,7.603139851551236,0.9816167548806433,58.89033099203316,0.0348490197816241,0.07362600472482894
Wamsley,OLIG1_(+),OLIG1 (+),asd_da_proband vs sibling,2.6960247560104733,0.33170433670277644,21.9127357732869,0.4573879956744332,0.6241468904424935
Wamsley,OLIG1_(+),OLIG1 (+),proband vs sibling,4.204604948886978,0.5595591929841544,31.593981473029768,0.23082504566004428,0.36750030391386623
Wamsley,PAX6_(+),PAX6 (+),asd_d_proband vs asd_da_proband,1.7945963925877446,0.877307683508084,3.6709768680137986,0.12683650168093727,0.225713690205034
Wamsley,PAX6_(+),PAX6 (+),asd_d_proband vs sibling,1.1520041775307504,0.5041455878662534,2.6324015462778885,0.8371106831994855,0.9494620948273642
Wamsley,PAX6_(+),PAX6 (+),asd_da_proband vs sibling,0.6419293955392393,0.2809242178065974,1.4668487895944438,0.36070685396316904,0.5184212915826886
Wamsley,PAX6_(+),PAX6 (+),proband vs sibling,0.8244512020313716,0.39143404438778273,1.736486118866028,0.5522633831011561,0.7140390888520483
Wamsley,PBX3_(+),PBX3 (+),asd_d_proband vs asd_da_proband,1.281864457130011,0.4068455001773091,4.038821827295861,0.7653009248884528,0.8904076000355081
Wamsley,PBX3_(+),PBX3 (+),asd_d_proband vs sibling,1.7279969650986342,0.33525608537272494,8.906545299753168,0.7079115817087611,0.8427970860895619
Wamsley,PBX3_(+),PBX3 (+),asd_da_proband vs sibling,1.3480340729373816,0.28004080983993884,6.489039446924857,1,1
Wamsley,PBX3_(+),PBX3 (+),proband vs sibling,1.4839968224919307,0.33213684336025107,6.630539830769354,1,1
Wamsley,PBX4_(+),PBX4 (+),asd_d_proband vs asd_da_proband,0,NA,NA,0.5573143994486025,0.716906831259075
Wamsley,PBX4_(+),PBX4 (+),asd_d_proband vs sibling,0,NA,NA,0.4087075314801616,0.5724937814827836
Wamsley,PBX4_(+),PBX4 (+),asd_da_proband vs sibling,1.1555642633228842,0.120201869494668,11.109051567024034,1,1
Wamsley,PBX4_(+),PBX4 (+),proband vs sibling,0.7420468025450233,0.07718775644892875,7.1336891043286,0.5869066926974614,0.741364388584841
Wamsley,PDLIM5_(+),PDLIM5 (+),asd_d_proband vs asd_da_proband,1.8352274790334593,1.5493612222717044,2.1738377412474477,2.8017930751228703e-12,2.517192792344117e-11
Wamsley,PDLIM5_(+),PDLIM5 (+),asd_d_proband vs sibling,2.6016270992606545,2.006263768503229,3.3736658508552004,9.17407015025462e-15,1.034353701346777e-13
Wamsley,PDLIM5_(+),PDLIM5 (+),asd_da_proband vs sibling,1.4176046996805143,1.0925221606672129,1.83941631291854,0.007458366565542702,0.018950944147573926
Wamsley,PDLIM5_(+),PDLIM5 (+),proband vs sibling,1.7760181552157663,1.3879529883813142,2.272584528482203,1.3786360577691466e-6,6.6311375323531815e-6
Wamsley,PHF8_(+),PHF8 (+),asd_d_proband vs asd_da_proband,1.4420853176630708,0.9740513240512876,2.1350107659315705,0.0771517738402451,0.14759610661164066
Wamsley,PHF8_(+),PHF8 (+),asd_d_proband vs sibling,1.3523572013721163,0.8182962118082907,2.2349730741897753,0.2677477502679651,0.41398201034303495
Wamsley,PHF8_(+),PHF8 (+),asd_da_proband vs sibling,0.9377789128063792,0.5771544016626248,1.5237331410293642,0.8020944581126832,0.9205715413835125
Wamsley,PHF8_(+),PHF8 (+),proband vs sibling,1.032361644444746,0.6549724458534024,1.6271990855004665,1,1
Wamsley,POLR2A_(+),POLR2A (+),asd_d_proband vs asd_da_proband,1.3874184734957546,1.1445871263108587,1.681768016036988,9.496936649328812e-4,0.0028974244097583883
Wamsley,POLR2A_(+),POLR2A (+),asd_d_proband vs sibling,1.9872203757572844,1.4952704708757343,2.6410237470362716,7.837033194838289e-7,3.884405462729968e-6
Wamsley,POLR2A_(+),POLR2A (+),asd_da_proband vs sibling,1.4323150611871718,1.0868840439987484,1.887530179351841,0.01008994071544497,0.02482964881623546
Wamsley,POLR2A_(+),POLR2A (+),proband vs sibling,1.5419926894582472,1.1843116299002079,2.0076991513990543,8.722203765636426e-4,0.0026808122909901433
Wamsley,POLR3A_(+),POLR3A (+),asd_d_proband vs asd_da_proband,1.4581217103151678,0.8690635202294155,2.4464482429675303,0.1706350197264824,0.28680535603473334
Wamsley,POLR3A_(+),POLR3A (+),asd_d_proband vs sibling,17.971692663200464,2.4387799737332663,132.4357837357977,1.6347825495351025e-5,6.781816496477588e-5
Wamsley,POLR3A_(+),POLR3A (+),asd_da_proband vs sibling,12.325234948539341,1.6842088818740637,90.19749163634603,6.106528332738416e-4,0.0019424047874038745
Wamsley,POLR3A_(+),POLR3A (+),proband vs sibling,12.6143359996325,1.7432442831975898,91.27892989257467,3.218585615712436e-4,0.0010819673416656934
Wamsley,POLR3G_(+),POLR3G (+),asd_d_proband vs asd_da_proband,5.383755588673622,0.5600186049368291,51.75689518715898,0.13408981350956478,0.23591660750378904
Wamsley,POLR3G_(+),POLR3G (+),asd_d_proband vs sibling,0.6911947342275211,0.1395074084524492,3.4245504659825547,0.6937117091339042,0.8335202335089634
Wamsley,POLR3G_(+),POLR3G (+),asd_da_proband vs sibling,0.12838523644752017,0.01335464060833016,1.2342353059957516,0.0680612080397105,0.13192693882445614
Wamsley,POLR3G_(+),POLR3G (+),proband vs sibling,0.3297780937990697,0.07380841617966431,1.4734578626510593,0.14510259542511306,0.251331881460746
Wamsley,POU2F1_(+),POU2F1 (+),asd_d_proband vs asd_da_proband,1.8843558558558557,1.2221035539097582,2.905479638070384,0.005338476330437434,0.01406405996827213
Wamsley,POU2F1_(+),POU2F1 (+),asd_d_proband vs sibling,9.676816816816816,2.999454660097909,31.21926960655312,3.755397550063801e-7,1.941638574408696e-6
Wamsley,POU2F1_(+),POU2F1 (+),asd_da_proband vs sibling,5.135344678525014,1.5886647824244,16.59995567284512,0.0010429012186734484,0.003158520645649972
Wamsley,POU2F1_(+),POU2F1 (+),proband vs sibling,6.51308639852713,2.0563696073741458,20.628730497941525,3.8760458258300123e-5,1.5051482298939221e-4
Wamsley,POU2F2_(+),POU2F2 (+),asd_d_proband vs asd_da_proband,3.5891612903225796,0.32545297857316413,39.58199683538635,0.2924996707850399,0.44249880188087665
Wamsley,POU2F2_(+),POU2F2 (+),asd_d_proband vs sibling,Inf,NA,NA,0.5166721601922406,0.6776687598439977
Wamsley,POU2F2_(+),POU2F2 (+),asd_da_proband vs sibling,Inf,NA,NA,1,1
Wamsley,POU2F2_(+),POU2F2 (+),proband vs sibling,Inf,NA,NA,1,1
Wamsley,POU3F1_(+),POU3F1 (+),asd_d_proband vs asd_da_proband,1.4139314406775576,0.845702818044296,2.363953479024354,0.22107763139992903,0.35508061037612015
Wamsley,POU3F1_(+),POU3F1 (+),asd_d_proband vs sibling,2.995261813247213,1.2328675056884415,7.277013376134999,0.011102197182501746,0.02707244379397128
Wamsley,POU3F1_(+),POU3F1 (+),asd_da_proband vs sibling,2.1183925380511237,0.8876308704159638,5.055690484455208,0.10628438352435576,0.1937276378365108
Wamsley,POU3F1_(+),POU3F1 (+),proband vs sibling,2.390941545406209,1.0316572173516505,5.541183037738465,0.03999888415822217,0.08289122717957324
Wamsley,POU3F3_(+),POU3F3 (+),asd_d_proband vs asd_da_proband,2.606429848011534,1.759439609855284,3.8611592660257323,1.497290349867822e-6,7.1715641889042375e-6
Wamsley,POU3F3_(+),POU3F3 (+),asd_d_proband vs sibling,2.8109037706756372,1.597822048058546,4.94496869510528,1.4960602666073999e-4,5.290803194407381e-4
Wamsley,POU3F3_(+),POU3F3 (+),asd_da_proband vs sibling,1.0784498085839902,0.5980876148780891,1.9446214245247588,0.8831960967167163,0.9908764090011435
Wamsley,POU3F3_(+),POU3F3 (+),proband vs sibling,1.6324243900512185,0.9483984367658923,2.809799432315902,0.07810552589442217,0.14910757353272966
Wamsley,POU3F4_(+),POU3F4 (+),asd_d_proband vs asd_da_proband,0.4486298446303569,0.05014364551506953,4.01384333798729,0.6609148038048821,0.8068868303998287
Wamsley,POU3F4_(+),POU3F4 (+),asd_d_proband vs sibling,0.6912241761994196,0.043235267751153515,11.050951841273584,1,1
Wamsley,POU3F4_(+),POU3F4 (+),asd_da_proband vs sibling,1.5407449693163977,0.17221005355580926,13.784880797940543,1,1
Wamsley,POU3F4_(+),POU3F4 (+),proband vs sibling,1.236749656331144,0.14448981198410682,10.585865476823,1,1
Wamsley,POU6F1_(+),POU6F1 (+),asd_d_proband vs asd_da_proband,0.864066215326979,0.44586007765843494,1.674539753347133,0.7432304641349885,0.8745581927499025
Wamsley,POU6F1_(+),POU6F1 (+),asd_d_proband vs sibling,1.4976277416463806,0.5692394069969453,3.9401503567388727,0.4893252274937475,0.6519096545227312
Wamsley,POU6F1_(+),POU6F1 (+),asd_da_proband vs sibling,1.7332326100490456,0.7156149510970262,4.197921348529956,0.24917218840118457,0.3913571449410143
Wamsley,POU6F1_(+),POU6F1 (+),proband vs sibling,1.6077022586401355,0.6806581549175879,3.7973636747943496,0.3506951232782254,0.5096031455148023
Wamsley,PPARA_(+),PPARA (+),asd_d_proband vs asd_da_proband,1.4251195828855847,0.8598672829615149,2.361952670799411,0.18210906380319702,0.30384863942255036
Wamsley,PPARA_(+),PPARA (+),asd_d_proband vs sibling,2.3328249686737457,1.0598416471680026,5.134797588875089,0.03772683498974415,0.0789007040304337
Wamsley,PPARA_(+),PPARA (+),asd_da_proband vs sibling,1.6369327856334956,0.7577901697313817,3.5360038328706107,0.23187156652554441,0.3687768276083406
Wamsley,PPARA_(+),PPARA (+),proband vs sibling,1.8859414454691106,0.9025196814456333,3.940939138347615,0.09650727819612423,0.17884082853443747
Wamsley,PPARD_(+),PPARD (+),asd_d_proband vs asd_da_proband,1.938154073905369,1.1249485413278253,3.3392115960807316,0.019873683246337648,0.045307621214748746
Wamsley,PPARD_(+),PPARD (+),asd_d_proband vs sibling,Inf,NA,NA,1.0000741502020343e-6,4.866813839925498e-6
Wamsley,PPARD_(+),PPARD (+),asd_da_proband vs sibling,Inf,NA,NA,4.6304126295547464e-4,0.0015108545506892458
Wamsley,PPARD_(+),PPARD (+),proband vs sibling,Inf,NA,NA,3.60497216668114e-5,1.4070821096171887e-4
Wamsley,PPARGC1A_(+),PPARGC1A (+),asd_d_proband vs asd_da_proband,1.7945850046282008,0.2527915141992214,12.73988705292671,0.62096196020122,0.7719721900823864
Wamsley,PPARGC1A_(+),PPARGC1A (+),asd_d_proband vs sibling,1.3824436902190682,0.12535530735400174,15.24586869887728,1,1
Wamsley,PPARGC1A_(+),PPARGC1A (+),asd_da_proband vs sibling,0.7703417150225662,0.06985197526487336,8.495484281635292,1,1
Wamsley,PPARGC1A_(+),PPARGC1A (+),proband vs sibling,0.9894004637297119,0.11058592449770123,8.852060351034254,1,1
Wamsley,PRDM1_(+),PRDM1 (+),asd_d_proband vs asd_da_proband,0.5383768979434942,0.14816886799734397,1.9562117748274581,0.40171139088896546,0.5679066994100676
Wamsley,PRDM1_(+),PRDM1 (+),asd_d_proband vs sibling,0.518408850663079,0.11602631260363575,2.3162654264804514,0.45436550759472394,0.621516967900562
Wamsley,PRDM1_(+),PRDM1 (+),asd_da_proband vs sibling,0.9629106535650218,0.3020009906815266,3.070178427748231,1,1
Wamsley,PRDM1_(+),PRDM1 (+),proband vs sibling,0.803852667595124,0.26210985793066843,2.465298773198831,0.75975740742717,0.8855411951972261
Wamsley,RAB7A_(+),RAB7A (+),asd_d_proband vs asd_da_proband,1.794627910515903,0.11225188715399187,28.691627542834976,1,1
Wamsley,RAB7A_(+),RAB7A (+),asd_d_proband vs sibling,0.6912189925429919,0.04323494351947688,11.050868967526519,1,1
Wamsley,RAB7A_(+),RAB7A (+),asd_da_proband vs sibling,0.3851600593597626,0.02409131345062392,6.157749415782638,0.47880519364981877,0.6435617304789718
Wamsley,RAB7A_(+),RAB7A (+),proband vs sibling,0.4946769406703515,0.044855628028395676,5.4553973801474545,0.48471553556615343,0.6477331549679402
Wamsley,RAD21_(+),RAD21 (+),asd_d_proband vs asd_da_proband,1.5712339641400561,1.3020389070518177,1.8960847918571644,3.182736672633536e-6,1.4718137607965235e-5
Wamsley,RAD21_(+),RAD21 (+),asd_d_proband vs sibling,2.937628865979381,2.1450887803791288,4.02298656967945,1.7491730459330174e-13,1.7283043870335997e-12
Wamsley,RAD21_(+),RAD21 (+),asd_da_proband vs sibling,1.8696317245071516,1.3703539623954744,2.55081743929369,3.339084401619646e-5,1.3157032395655268e-4
Wamsley,RAD21_(+),RAD21 (+),proband vs sibling,2.1693512477730876,1.6093652035036778,2.924187018564365,2.958087053258283e-8,1.763623891046005e-7
Wamsley,RARA_(+),RARA (+),asd_d_proband vs asd_da_proband,0.6979022070947344,0.2915004766090534,1.670897750609627,0.5329921111714082,0.6962371856569443
Wamsley,RARA_(+),RARA (+),asd_d_proband vs sibling,1.2096102523110246,0.3541005954929488,4.13203756536771,1,1
Wamsley,RARA_(+),RARA (+),asd_da_proband vs sibling,1.7332088077876362,0.5865857801445091,5.121182396635292,0.4748160269908296,0.6399355878392444
Wamsley,RARA_(+),RARA (+),proband vs sibling,1.545848365458253,0.5379982111769457,4.441738130991678,0.6400200413402779,0.7896238592375314
Wamsley,RARG_(+),RARG (+),asd_d_proband vs asd_da_proband,1.3459402538696863,0.5671281209164246,3.194260873644383,0.5017465185357164,0.6643765674215664
Wamsley,RARG_(+),RARG (+),asd_d_proband vs sibling,6.220811835076024,0.7881372551163044,49.10121890090226,0.05559686116837063,0.11058676970389879
Wamsley,RARG_(+),RARG (+),asd_da_proband vs sibling,4.621907857492701,0.6009836091909612,35.545116233552775,0.12943518673220128,0.22896460487636083
Wamsley,RARG_(+),RARG (+),proband vs sibling,4.946715301633465,0.6638881022769191,36.85860944260123,0.10087445805353798,0.18550014319283606
Wamsley,RB1_(+),RB1 (+),asd_d_proband vs asd_da_proband,1.1536724478309512,0.4993551467144878,2.6653577631898346,0.8283525820174862,0.9423441586137986
Wamsley,RB1_(+),RB1 (+),asd_d_proband vs sibling,6.220870356621081,0.7881446694234897,49.101680814760215,0.05559615667142432,0.11058676970389879
Wamsley,RB1_(+),RB1 (+),asd_da_proband vs sibling,5.392232750567196,0.7090736165343076,41.00586082782655,0.08361676833872972,0.15817001884831253
Wamsley,RB1_(+),RB1 (+),proband vs sibling,5.194072829803828,0.69867544382072,38.61362639822359,0.10353393111444632,0.1892444332661574
Wamsley,RBBP5_(+),RBBP5 (+),asd_d_proband vs asd_da_proband,1.6674209464765426,1.2978044255597017,2.14230477103642,7.79631654272013e-5,2.896592320725138e-4
Wamsley,RBBP5_(+),RBBP5 (+),asd_d_proband vs sibling,3.137026786457795,2.051670381561154,4.7965487767414015,6.987645330935566e-9,4.476613851253376e-8
Wamsley,RBBP5_(+),RBBP5 (+),asd_da_proband vs sibling,1.8813646266629331,1.2338032979373674,2.8687983444166787,0.0021063223987741863,0.006019007858479561
Wamsley,RBBP5_(+),RBBP5 (+),proband vs sibling,2.273602103966971,1.5168210930999364,3.4079606030521212,1.3835092738302774e-5,5.776246326578289e-5
Wamsley,RELA_(+),RELA (+),asd_d_proband vs asd_da_proband,1.495489069281466,0.4564099590397415,4.900172557684275,0.5377189511353255,0.6998036585982825
Wamsley,RELA_(+),RELA (+),asd_d_proband vs sibling,0.8640090017682044,0.23201438559016152,3.217522711954395,1,1
Wamsley,RELA_(+),RELA (+),asd_da_proband vs sibling,0.5777434416042457,0.16303723097150088,2.0473083499256988,0.4795626109470641,0.6441780279751923
Wamsley,RELA_(+),RELA (+),proband vs sibling,0.6801840667241875,0.21658672150883226,2.136097547450929,0.5165464360398887,0.6776687598439977
Wamsley,RELB_(+),RELB (+),asd_d_proband vs asd_da_proband,1.5382234572355153,1.1228275017134794,2.1072973371054506,0.009379065367125367,0.023256201822131766
Wamsley,RELB_(+),RELB (+),asd_d_proband vs sibling,2.073621708722351,1.306469883942485,3.2912408037366583,0.0016923762211322646,0.004928883431750297
Wamsley,RELB_(+),RELB (+),asd_da_proband vs sibling,1.3480627271469712,0.8564366155108875,2.1219003057673764,0.23702228127502123,0.3752646823801605
Wamsley,RELB_(+),RELB (+),proband vs sibling,1.5664693251112618,1.0184892773735141,2.4092802948720995,0.03764849168281696,0.0787730269247732
Wamsley,REL_(+),REL (+),asd_d_proband vs asd_da_proband,1.5951956841192458,1.0813307470661955,2.353257111699325,0.02256589418746504,0.05046037668042388
Wamsley,REL_(+),REL (+),asd_d_proband vs sibling,1.8432176691818196,1.0723015817473955,3.168372996753077,0.024396823751995273,0.05389321907019815
Wamsley,REL_(+),REL (+),asd_da_proband vs sibling,1.1554806018670456,0.6777896650125228,1.969837384974529,0.6934982857759667,0.8335202335089634
Wamsley,REL_(+),REL (+),proband vs sibling,1.3603531982036654,0.8232727454157368,2.247810138459574,0.24804418469862732,0.3904081759855727
Wamsley,REST_(+),REST (+),asd_d_proband vs asd_da_proband,2.050955222172359,1.302990664803221,3.2282789408866006,0.0023591758563096515,0.006641561202404489
Wamsley,REST_(+),REST (+),asd_d_proband vs sibling,5.529632518816807,2.182407908832937,14.010596126141948,2.2817429357132718e-5,9.230318891806353e-5
Wamsley,REST_(+),REST (+),asd_da_proband vs sibling,2.6961254244058317,1.0563015501126722,6.881645022060372,0.033002776825819514,0.07060951077576696
Wamsley,REST_(+),REST (+),proband vs sibling,3.561650697849868,1.438754142919413,8.816902982294296,0.0022933385503588625,0.006480246338017754
Wamsley,RFX1_(+),RFX1 (+),asd_d_proband vs asd_da_proband,0.89730195388394,0.2244131129319022,3.5878063715833663,1,1
Wamsley,RFX1_(+),RFX1 (+),asd_d_proband vs sibling,Inf,NA,NA,0.2749996434592317,0.422280556296222
Wamsley,RFX1_(+),RFX1 (+),asd_da_proband vs sibling,Inf,NA,NA,0.19597599689825745,0.32132006412566283
Wamsley,RFX1_(+),RFX1 (+),proband vs sibling,Inf,NA,NA,0.22022030281363061,0.35382838776581566
Wamsley,RFX2_(+),RFX2 (+),asd_d_proband vs asd_da_proband,0.8973172114112978,0.1643553470876655,4.899008107509115,1,1
Wamsley,RFX2_(+),RFX2 (+),asd_d_proband vs sibling,0.6911959191384849,0.09736427227282007,4.906849170453491,1,1
Wamsley,RFX2_(+),RFX2 (+),asd_da_proband vs sibling,0.7702916096431205,0.1410889518796737,4.205497000166401,0.6728073976174945,0.8155403632298088
Wamsley,RFX2_(+),RFX2 (+),proband vs sibling,0.7419889129259059,0.14975946027486614,3.6762121464280204,0.6623115437112966,0.8073243057804903
Wamsley,RFX3_(+),RFX3 (+),asd_d_proband vs asd_da_proband,2.4725558607715725,1.6844233745426844,3.6294512276616064,3.9154803489493735e-6,1.7781667985507875e-5
Wamsley,RFX3_(+),RFX3 (+),asd_d_proband vs sibling,4.285494296772085,2.197510341741639,8.357394738406784,8.982227188563897e-7,4.394634247466009e-6
Wamsley,RFX3_(+),RFX3 (+),asd_da_proband vs sibling,1.7332244600673155,0.8735187657431164,3.439041205279694,0.13205832455674624,0.2328787099550349
Wamsley,RFX3_(+),RFX3 (+),proband vs sibling,2.522842949356242,1.3177418193859622,4.830033056158394,0.0027825546397630112,0.007742539025119436
Wamsley,RFX5_(+),RFX5 (+),asd_d_proband vs asd_da_proband,2.365613110102899,1.3591954864912088,4.117233644688759,0.003034829016829595,0.008398326957265374
Wamsley,RFX5_(+),RFX5 (+),asd_d_proband vs sibling,10.02258018121674,2.3915547370686334,42.002849415039655,2.779589364404828e-5,1.1106166276196484e-4
Wamsley,RFX5_(+),RFX5 (+),asd_da_proband vs sibling,4.236779099005239,0.9962809322952704,18.01730470984029,0.03791458463386234,0.07918429615048712
Wamsley,RFX5_(+),RFX5 (+),proband vs sibling,5.812413154238073,1.4118655044182105,23.92872874210583,0.003406151736494099,0.009318331026865238
Wamsley,RFX7_(+),RFX7 (+),asd_d_proband vs asd_da_proband,NA,NA,NA,NA,NA
Wamsley,RFX7_(+),RFX7 (+),asd_d_proband vs sibling,NA,NA,NA,NA,NA
Wamsley,RFX7_(+),RFX7 (+),asd_da_proband vs sibling,NA,NA,NA,NA,NA
Wamsley,RFX7_(+),RFX7 (+),proband vs sibling,NA,NA,NA,NA,NA
Wamsley,RREB1_(+),RREB1 (+),asd_d_proband vs asd_da_proband,2.051012553463633,0.743754603370861,5.655968346817525,0.18105370248296923,0.30219846640158476
Wamsley,RREB1_(+),RREB1 (+),asd_d_proband vs sibling,5.529635781712109,0.6916095024801896,44.21117952940031,0.09223798722871923,0.17156104313085044
Wamsley,RREB1_(+),RREB1 (+),asd_da_proband vs sibling,2.6960516513533648,0.33170764576062334,21.912954373112814,0.4573868552684188,0.6241468904424935
Wamsley,RREB1_(+),RREB1 (+),proband vs sibling,3.215323282110757,0.42062110318813006,24.578661722209183,0.3284178261585721,0.4844375641684896
Wamsley,RUNX1_(+),RUNX1 (+),asd_d_proband vs asd_da_proband,1.4330946413635293,1.2408472073668928,1.6551274314127606,1.2445582535972067e-6,6.011625498552786e-6
Wamsley,RUNX1_(+),RUNX1 (+),asd_d_proband vs sibling,2.3017196107290925,1.8407266536828073,2.878163988018081,8.239966987977688e-15,9.359862750682886e-14
Wamsley,RUNX1_(+),RUNX1 (+),asd_da_proband vs sibling,1.6061183569419417,1.2912165566384108,1.9978183854935434,1.1651612163986368e-5,4.941628808841518e-5
Wamsley,RUNX1_(+),RUNX1 (+),proband vs sibling,1.7857734018490112,1.4487803299078466,2.2011526364070906,6.694623010036214e-9,4.300988407717201e-8
Wamsley,RXRA_(+),RXRA (+),asd_d_proband vs asd_da_proband,0.7975958651802086,0.3468101403693134,1.8343153503964107,0.685690900147859,0.8273700795161584
Wamsley,RXRA_(+),RXRA (+),asd_d_proband vs sibling,0.9216080035051848,0.3197752624103046,2.6561195063143903,1,1
Wamsley,RXRA_(+),RXRA (+),asd_da_proband vs sibling,1.155482423792351,0.4586729073107232,2.9108752891492897,1,1
Wamsley,RXRA_(+),RXRA (+),proband vs sibling,1.0717941682753394,0.4411568287649971,2.6039328063103797,1,1
Wamsley,RXRB_(+),RXRB (+),asd_d_proband vs asd_da_proband,1.794652511550182,0.25280102346012717,12.740366289384781,0.6209558103546147,0.7719721900823864
Wamsley,RXRB_(+),RXRB (+),asd_d_proband vs sibling,1.3824830433500441,0.12535887576251176,15.246302693167237,1,1
Wamsley,RXRB_(+),RXRB (+),asd_da_proband vs sibling,0.7703346661554472,0.0698513360974986,8.495406545302641,1,1
Wamsley,RXRB_(+),RXRB (+),proband vs sibling,0.98937741822019,0.11058334868631908,8.85185416532019,1,1
Wamsley,RXRG_(+),RXRG (+),asd_d_proband vs asd_da_proband,1.7945578988370154,0.11224750800495939,28.690508230579475,1,1
Wamsley,RXRG_(+),RXRG (+),asd_d_proband vs sibling,Inf,NA,NA,1,1
Wamsley,RXRG_(+),RXRG (+),asd_da_proband vs sibling,Inf,NA,NA,1,1
Wamsley,RXRG_(+),RXRG (+),proband vs sibling,Inf,NA,NA,1,1
Wamsley,SALL1_(+),SALL1 (+),asd_d_proband vs asd_da_proband,1.7945404385073327,0.4488103523506874,7.1753589652535075,0.46838126793990054,0.6348811888475626
Wamsley,SALL1_(+),SALL1 (+),asd_d_proband vs sibling,1.382459706693771,0.2532155207086738,7.547700217123223,1,1
Wamsley,SALL1_(+),SALL1 (+),asd_da_proband vs sibling,0.7703697710170726,0.14110326815443294,4.2059237313154485,0.6728295863160068,0.8155403632298088
Wamsley,SALL1_(+),SALL1 (+),proband vs sibling,0.9894003948872492,0.2101058638255617,4.659142413158814,1,1
Wamsley,SETDB1_(+),SETDB1 (+),asd_d_proband vs asd_da_proband,NA,NA,NA,NA,NA
Wamsley,SETDB1_(+),SETDB1 (+),asd_d_proband vs sibling,NA,NA,NA,NA,NA
Wamsley,SETDB1_(+),SETDB1 (+),asd_da_proband vs sibling,NA,NA,NA,NA,NA
Wamsley,SETDB1_(+),SETDB1 (+),proband vs sibling,NA,NA,NA,NA,NA
Wamsley,SIN3A_(+),SIN3A (+),asd_d_proband vs asd_da_proband,1.5991455383940318,1.2036539157011275,2.1245861618586037,0.0014591395069648641,0.0042907556192543295
Wamsley,SIN3A_(+),SIN3A (+),asd_d_proband vs sibling,3.456045555434269,2.083531952324231,5.732693884494001,1.1265269212652887e-7,6.265360349650048e-7
Wamsley,SIN3A_(+),SIN3A (+),asd_da_proband vs sibling,2.161182626882766,1.3089287467368675,3.5683457624289145,0.001428863898502592,0.0042208009453173195
Wamsley,SIN3A_(+),SIN3A (+),proband vs sibling,2.5145999530405794,1.5495411220995658,4.080700301302095,3.9792238103129825e-5,1.5399629954099945e-4
Wamsley,SIRT6_(+),SIRT6 (+),asd_d_proband vs asd_da_proband,0,NA,NA,0.5404403926725435,0.7019406868045154
Wamsley,SIRT6_(+),SIRT6 (+),asd_d_proband vs sibling,0,NA,NA,0.40871062992125984,0.5724937814827836
Wamsley,SIRT6_(+),SIRT6 (+),asd_da_proband vs sibling,0.7702295386042197,0.06984180348753499,8.494247177399274,1,1
Wamsley,SIRT6_(+),SIRT6 (+),proband vs sibling,0.4946396664681358,0.04485224813009804,5.454986312704449,0.48469243751567925,0.6477331549679402
Wamsley,SMAD1_(+),SMAD1 (+),asd_d_proband vs asd_da_proband,2.216850250770582,1.1695728255021167,4.201897416889581,0.016819750497887795,0.03893652765122618
Wamsley,SMAD1_(+),SMAD1 (+),asd_d_proband vs sibling,1.8144349263600845,0.8036905732403459,4.096320414362744,0.18610693112397364,0.30882224818568305
Wamsley,SMAD1_(+),SMAD1 (+),asd_da_proband vs sibling,0.8184742860864792,0.35322821685922423,1.8965080506344552,0.6569555102384532,0.804201115059434
Wamsley,SMAD1_(+),SMAD1 (+),proband vs sibling,1.0821039328863873,0.5019939602822876,2.332595637026637,1,1
Wamsley,SMAD3_(+),SMAD3 (+),asd_d_proband vs asd_da_proband,1.6016296712913867,1.1913270650034615,2.1532437894823633,0.002091630745443265,0.005999608340991229
Wamsley,SMAD3_(+),SMAD3 (+),asd_d_proband vs sibling,2.607737809933677,1.6298517543994002,4.1723405009086845,2.3648724061186572e-5,9.541181408211235e-5
Wamsley,SMAD3_(+),SMAD3 (+),asd_da_proband vs sibling,1.6281777596134759,1.0230536395596106,2.5912256350909475,0.037454233375988605,0.07843863587477153
Wamsley,SMAD3_(+),SMAD3 (+),proband vs sibling,1.922484016034574,1.2332897466486454,2.9968179026476327,0.00273444559239265,0.00762731149623302
Wamsley,SMAD5_(+),SMAD5 (+),asd_d_proband vs asd_da_proband,1.7945718050065878,0.2527896548544003,12.739793347870634,0.6209631627531003,0.7719721900823864
Wamsley,SMAD5_(+),SMAD5 (+),asd_d_proband vs sibling,0.46081686429512525,0.07700008785734587,2.7578174042113552,0.4048777316932717,0.5711521145332528
Wamsley,SMAD5_(+),SMAD5 (+),asd_da_proband vs sibling,0.25678374251145314,0.04290722034221597,1.5367551170242708,0.13530439632162083,0.2374081376136298
Wamsley,SMAD5_(+),SMAD5 (+),proband vs sibling,0.32979425575650145,0.07381203342563313,1.4735300747345828,0.1451158832583451,0.251331881460746
Wamsley,SMARCC2_(+),SMARCC2 (+),asd_d_proband vs asd_da_proband,Inf,NA,NA,0.3578401887752742,0.5156811512636724
Wamsley,SMARCC2_(+),SMARCC2 (+),asd_d_proband vs sibling,0.6912335143522109,0.043235851841742556,11.051101135063265,1,1
Wamsley,SMARCC2_(+),SMARCC2 (+),asd_da_proband vs sibling,0,NA,NA,0.2780754226267881,0.42404872784232334
Wamsley,SMARCC2_(+),SMARCC2 (+),proband vs sibling,0.24735113126359132,0.015471525384908938,3.9545281163456845,0.3572789121063814,0.5156811512636724
Wamsley,SNAI3_(+),SNAI3 (+),asd_d_proband vs asd_da_proband,1.8473832755077333,1.152365461008522,2.961582138741698,0.011728432854908101,0.02835390427521047
Wamsley,SNAI3_(+),SNAI3 (+),asd_d_proband vs sibling,3.4560457575867973,1.535142030738559,7.780551922474107,0.0013741007362101463,0.004069595936746522
Wamsley,SNAI3_(+),SNAI3 (+),asd_da_proband vs sibling,1.870778957137057,0.829332737988897,4.220035874809116,0.16214001567640657,0.2756803924621246
Wamsley,SNAI3_(+),SNAI3 (+),proband vs sibling,2.4026977562307392,1.10362472261233,5.2309053879577645,0.02003915660650088,0.04554808300529516
Wamsley,SOX10_(+),SOX10 (+),asd_d_proband vs asd_da_proband,1.400001195621342,1.1900371041721547,1.6470102830152151,6.353450858518374e-5,2.3917329471529912e-4
Wamsley,SOX10_(+),SOX10 (+),asd_d_proband vs sibling,1.7049776820316256,1.3590669380664204,2.138929889915302,2.4222176936417083e-6,1.1351030447055535e-5
Wamsley,SOX10_(+),SOX10 (+),asd_da_proband vs sibling,1.2178401613970982,0.9778824790514469,1.5166798572261584,0.07831303428990746,0.1493785055236719
Wamsley,SOX10_(+),SOX10 (+),proband vs sibling,1.3356200822637485,1.0845488641355798,1.644813860524424,0.005772545057403534,0.015076802027794206
Wamsley,SOX11_(+),SOX11 (+),asd_d_proband vs asd_da_proband,5.981912144702843,1.6463060623994492,21.73549239974865,0.003041613367387566,0.008406886461438327
Wamsley,SOX11_(+),SOX11 (+),asd_d_proband vs sibling,3.4561942372385555,0.7572865814228913,15.773788811993223,0.139555041719426,0.24399513907230247
Wamsley,SOX11_(+),SOX11 (+),asd_da_proband vs sibling,0.5777741554260566,0.09654303949479132,3.4577632569389265,0.6223395970564942,0.7719721900823864
Wamsley,SOX11_(+),SOX11 (+),proband vs sibling,1.4841022688613825,0.33216044356192453,6.631010968134384,1,1
Wamsley,SOX13_(+),SOX13 (+),asd_d_proband vs asd_da_proband,2.2796308720116154,1.481790239126681,3.507053006160449,2.2145264546021096e-4,7.641793939933795e-4
Wamsley,SOX13_(+),SOX13 (+),asd_d_proband vs sibling,2.953337529762719,1.531829811742951,5.6939762484323495,6.90329725630182e-4,0.0021670929705344447
Wamsley,SOX13_(+),SOX13 (+),asd_da_proband vs sibling,1.2955332225153646,0.6608918267301453,2.5396082426154294,0.5216638362498673,0.6839892844323965
Wamsley,SOX13_(+),SOX13 (+),proband vs sibling,1.821294265120652,0.9701997151288213,3.4189999733415055,0.06615679721002415,0.12877957747506838
Wamsley,SOX15_(+),SOX15 (+),asd_d_proband vs asd_da_proband,1.7945947628981538,0.44882393875334653,7.175576177970671,0.46837586667822084,0.6348811888475626
Wamsley,SOX15_(+),SOX15 (+),asd_d_proband vs sibling,0.5529781735529471,0.14849253991462072,2.0592607588352347,0.5007917957203966,0.6634981470350222
Wamsley,SOX15_(+),SOX15 (+),asd_da_proband vs sibling,0.3081353991359717,0.08274432924055508,1.1474795320976323,0.12743217177407076,0.22647426548220534
Wamsley,SOX15_(+),SOX15 (+),proband vs sibling,0.3957483789023331,0.12946715477125073,1.2097027982158353,0.15272949625326374,0.26207713595851073
Wamsley,SOX21_(+),SOX21 (+),asd_d_proband vs asd_da_proband,2.153508832222146,0.9304304838528717,4.984359789303863,0.07640162914450571,0.14622244569463175
Wamsley,SOX21_(+),SOX21 (+),asd_d_proband vs sibling,8.294590693518455,1.0785401192434636,63.79014887388942,0.020099709068600157,0.045640166903027773
Wamsley,SOX21_(+),SOX21 (+),asd_da_proband vs sibling,3.851663187728605,0.49306093249514843,30.08818653838419,0.3100565354279086,0.46093587430617616
Wamsley,SOX21_(+),SOX21 (+),proband vs sibling,5.441494398465265,0.7334763751590389,40.369209276997616,0.06742297181188374,0.13090962038275578
Wamsley,SOX2_(+),SOX2 (+),asd_d_proband vs asd_da_proband,1.5927026700186677,1.2705681057267202,1.9965098947873317,6.941236610631924e-5,2.5979731110458847e-4
Wamsley,SOX2_(+),SOX2 (+),asd_d_proband vs sibling,2.8868062452058454,1.985629769605969,4.196980940214859,1.8703062449453296e-9,1.2715290963770115e-8
Wamsley,SOX2_(+),SOX2 (+),asd_da_proband vs sibling,1.8125205033856129,1.2518124918635647,2.624379127502183,9.890301559099006e-4,0.0030113852674930465
Wamsley,SOX2_(+),SOX2 (+),proband vs sibling,2.109640628439535,1.4787960932992914,3.00959922827035,9.787798124137602e-6,4.206931062991181e-5
Wamsley,SOX4_(+),SOX4 (+),asd_d_proband vs asd_da_proband,1.6159868390621648,1.3283332680690774,1.9659324408988044,1.951013516140394e-6,9.209188151315538e-6
Wamsley,SOX4_(+),SOX4 (+),asd_d_proband vs sibling,1.9898413287906767,1.503830310400752,2.6329224024672686,5.809141761640657e-7,2.9368080715064585e-6
Wamsley,SOX4_(+),SOX4 (+),asd_da_proband vs sibling,1.2313474842069119,0.9339668824507896,1.6234158355637196,0.15882892975252616,0.2710624859583202
Wamsley,SOX4_(+),SOX4 (+),proband vs sibling,1.4240630339172393,1.096525423669474,1.8494377611265123,0.007420332235162171,0.01887192257463076
Wamsley,SOX5_(+),SOX5 (+),asd_d_proband vs asd_da_proband,1.8312190418205738,1.2349051976213667,2.7154822779800396,0.0031337709008641508,0.008630185280191176
Wamsley,SOX5_(+),SOX5 (+),asd_d_proband vs sibling,2.880017481479662,1.533811925911034,5.407769070971197,4.164613992896954e-4,0.0013756212282556655
Wamsley,SOX5_(+),SOX5 (+),asd_da_proband vs sibling,1.5727323797465467,0.8365500821610692,2.9567711378539925,0.19764707921931993,0.32326120138025216
Wamsley,SOX5_(+),SOX5 (+),proband vs sibling,1.9168591287455938,1.050745072589482,3.4968985487604156,0.027734919753318016,0.06030193769754824
Wamsley,SOX6_(+),SOX6 (+),asd_d_proband vs asd_da_proband,1.8823748761359171,1.631888868553096,2.171309114602507,6.642918989521184e-18,9.60587174516476e-17
Wamsley,SOX6_(+),SOX6 (+),asd_d_proband vs sibling,2.425508797075713,1.9624736069106499,2.9977946729958376,1.5494605015854648e-18,2.3447815896085686e-17
Wamsley,SOX6_(+),SOX6 (+),asd_da_proband vs sibling,1.2885365331982783,1.0413580202695152,1.594385758854507,0.01884209410881293,0.04319362791426417
Wamsley,SOX6_(+),SOX6 (+),proband vs sibling,1.6054425494536213,1.313433245255297,1.962372879555942,1.422080354512778e-6,6.8328860915671986e-6
Wamsley,SOX8_(+),SOX8 (+),asd_d_proband vs asd_da_proband,2.012857298608412,1.6128076667140734,2.512137428522927,8.921985421120401e-10,6.3203178216490554e-9
Wamsley,SOX8_(+),SOX8 (+),asd_d_proband vs sibling,2.6077379825847635,1.8703904332482697,3.635763563014655,1.4048121311206961e-9,9.680664534424767e-9
Wamsley,SOX8_(+),SOX8 (+),asd_da_proband vs sibling,1.2955404162965858,0.9253198510064482,1.81388626692959,0.14689024618325303,0.2538258996072525
Wamsley,SOX8_(+),SOX8 (+),proband vs sibling,1.6976330701184295,1.2373428083239564,2.329150839502177,5.699969076325272e-4,0.0018284055734268743
Wamsley,SOX9_(+),SOX9 (+),asd_d_proband vs asd_da_proband,2.576847935383741,1.712223174222352,3.878083991654437,4.900029202477304e-6,2.2011472403633254e-5
Wamsley,SOX9_(+),SOX9 (+),asd_d_proband vs sibling,4.300819361561049,2.1274845973564966,8.694327189847517,3.2129889036922348e-6,1.4827927514000131e-5
Wamsley,SOX9_(+),SOX9 (+),asd_da_proband vs sibling,1.6690233453455905,0.8085147910706696,3.4453778187777186,0.19756804868476197,0.32324801068932857
Wamsley,SOX9_(+),SOX9 (+),proband vs sibling,2.5008427518967546,1.2608182740006342,4.960440849155543,0.005360970628430177,0.0141151567702309
Wamsley,SP1_(+),SP1 (+),asd_d_proband vs asd_da_proband,1.944134697658354,1.1162908415293995,3.385909461964887,0.02574438334057856,0.05644839507581251
Wamsley,SP1_(+),SP1 (+),asd_d_proband vs sibling,1.3824035042272096,0.7103886898269995,2.6901321429611484,0.41611156314594444,0.5806949050642699
Wamsley,SP1_(+),SP1 (+),asd_da_proband vs sibling,0.7110636448658979,0.3620606922361719,1.396482738645834,0.35846640820017484,0.5162233605285477
Wamsley,SP1_(+),SP1 (+),proband vs sibling,0.8942148471038258,0.48384061482527685,1.6526520682222496,0.7457541329018671,0.8760969308888322
Wamsley,SP2_(+),SP2 (+),asd_d_proband vs asd_da_proband,0.9663230486927804,0.5046052613887893,1.85051624682813,1,1
Wamsley,SP2_(+),SP2 (+),asd_d_proband vs sibling,1.6128360469519119,0.619792615170185,4.19695241711328,0.370737956171846,0.5297134009956603
Wamsley,SP2_(+),SP2 (+),asd_da_proband vs sibling,1.6690443730321027,0.6869885510384213,4.054957124015198,0.32507446912321664,0.4802304994578159
Wamsley,SP2_(+),SP2 (+),proband vs sibling,1.6076995231767373,0.6806569967955167,3.7973572136792484,0.3506951165658111,0.5096031455148023
Wamsley,SP3_(+),SP3 (+),asd_d_proband vs asd_da_proband,1.1334287275281631,0.550208244250705,2.3348626521138587,0.7122648618760496,0.8474071929463369
Wamsley,SP3_(+),SP3 (+),asd_d_proband vs sibling,2.073603559070687,0.6687815592195896,6.429351498878278,0.3088553803503362,0.46065468347389976
Wamsley,SP3_(+),SP3 (+),asd_da_proband vs sibling,1.8294962080173343,0.6223989590019946,5.377670265574912,0.35411618946203827,0.5138576753741906
Wamsley,SP3_(+),SP3 (+),proband vs sibling,1.855012263861701,0.6535219285252696,5.265424691781033,0.2879201688330074,0.43730455786407096
Wamsley,SP4_(+),SP4 (+),asd_d_proband vs asd_da_proband,1.5363812545247302,1.2027963987466117,1.9624828954549056,7.041156248271857e-4,0.0022042932447339045
Wamsley,SP4_(+),SP4 (+),asd_d_proband vs sibling,2.284823075753995,1.57377496756344,3.3171302092702186,5.548919747998021e-6,2.4658858002079012e-5
Wamsley,SP4_(+),SP4 (+),asd_da_proband vs sibling,1.4871458949561258,1.0307943025716726,2.145532728855067,0.034635438358181586,0.07327655444566518
Wamsley,SP4_(+),SP4 (+),proband vs sibling,1.6832653139806661,1.1863692169223268,2.3882802055508288,0.00266635717437019,0.007460231529027159
Wamsley,SPI1_(+),SPI1 (+),asd_d_proband vs asd_da_proband,2.181123711427369,1.7293693217654194,2.7508876124240653,6.156797368692626e-11,4.835208967999123e-10
Wamsley,SPI1_(+),SPI1 (+),asd_d_proband vs sibling,2.539782367150857,1.8129571618838891,3.5579960785105045,6.145901946744092e-9,3.965238437311521e-8
Wamsley,SPI1_(+),SPI1 (+),asd_da_proband vs sibling,1.16443755750506,0.8248446525962357,1.6438426569906792,0.44499681809671865,0.611093591871607
Wamsley,SPI1_(+),SPI1 (+),proband vs sibling,1.570301750451749,1.138483811653496,2.1659048308210127,0.004685283728109403,0.012480390281601363
Wamsley,SREBF1_(+),SREBF1 (+),asd_d_proband vs asd_da_proband,1.6385445297065133,1.2869870413142164,2.086134583833499,8.301325695949825e-5,3.071692814382734e-4
Wamsley,SREBF1_(+),SREBF1 (+),asd_d_proband vs sibling,2.4192249937432218,1.6703761842497842,3.5037913169125376,7.982249366034111e-7,3.9392357380590875e-6
Wamsley,SREBF1_(+),SREBF1 (+),asd_da_proband vs sibling,1.4764475117295344,1.0230994344235032,2.1306797575552014,0.04184124993759629,0.0864340763406498
Wamsley,SREBF1_(+),SREBF1 (+),proband vs sibling,1.7382296076064914,1.2259774797456495,2.4645168599562433,0.0011361597093523853,0.003418234792668504
Wamsley,SREBF2_(+),SREBF2 (+),asd_d_proband vs asd_da_proband,1.7320663240383871,1.6087974637468052,1.8647802588405893,1.8485387436174208e-47,1.1694574968301876e-45
Wamsley,SREBF2_(+),SREBF2 (+),asd_d_proband vs sibling,2.782912568632983,2.4729890106733445,3.1316768215426602,5.6782452000870966e-77,1.0776836202665301e-74
Wamsley,SREBF2_(+),SREBF2 (+),asd_da_proband vs sibling,1.606700927101049,1.428353536586985,1.807317168350191,1.4972816900930233e-16,1.94860517096392e-15
Wamsley,SREBF2_(+),SREBF2 (+),proband vs sibling,1.9384326016659261,1.7326742978483503,2.168625087742949,3.5004725175653935e-36,1.3864915058704667e-34
Wamsley,SRF_(+),SRF (+),asd_d_proband vs asd_da_proband,0.6632197065798489,0.3802385134280871,1.156801227814209,0.18812384524017173,0.3116014963887208
Wamsley,SRF_(+),SRF (+),asd_d_proband vs sibling,1.068229730831499,0.5003681694214673,2.280550257926498,1,1
Wamsley,SRF_(+),SRF (+),asd_da_proband vs sibling,1.6106724818842344,0.8342909763382748,3.1095456111552604,0.18324828226288697,0.30507892021471134
Wamsley,SRF_(+),SRF (+),proband vs sibling,1.4165682027044768,0.7465963051442359,2.6877516793037457,0.3805595222048156,0.5423806707268257
Wamsley,STAT1_(+),STAT1 (+),asd_d_proband vs asd_da_proband,1.5516355419680032,1.3226694108040047,1.820237797466609,1.0497082599868407e-7,5.852412636768738e-7
Wamsley,STAT1_(+),STAT1 (+),asd_d_proband vs sibling,1.7037652855117225,1.3705327118567472,2.1180203310741947,8.065181752209504e-7,3.958717982900247e-6
Wamsley,STAT1_(+),STAT1 (+),asd_da_proband vs sibling,1.0980447659446926,0.8870838737849461,1.359175094542222,0.42429757753459696,0.5892303248994174
Wamsley,STAT1_(+),STAT1 (+),proband vs sibling,1.2562119903106177,1.0276487437485604,1.5356108536111603,0.025111991713838242,0.05517854426267882
Wamsley,STAT2_(+),STAT2 (+),asd_d_proband vs asd_da_proband,1.4519917432308296,1.098010200598764,1.9200914720653977,0.009577796404925669,0.023697372419574377
Wamsley,STAT2_(+),STAT2 (+),asd_d_proband vs sibling,1.3373348472904776,0.9368500928426848,1.9090188573827278,0.11537105997973814,0.2080424300109688
Wamsley,STAT2_(+),STAT2 (+),asd_da_proband vs sibling,0.9210347465990207,0.6528567809443377,1.2993738124549685,0.6551737229822405,0.8027481528372005
Wamsley,STAT2_(+),STAT2 (+),proband vs sibling,1.0054781668681392,0.7282517098425192,1.3882375151129194,1,1
Wamsley,STAT3_(+),STAT3 (+),asd_d_proband vs asd_da_proband,1.587527054713554,1.2625493488393733,1.9961533794811905,9.30057667728983e-5,3.4054764280590976e-4
Wamsley,STAT3_(+),STAT3 (+),asd_d_proband vs sibling,1.946665688641734,1.4052043984588678,2.6967658993176147,3.78044766725655e-5,1.4705328031044905e-4
Wamsley,STAT3_(+),STAT3 (+),asd_da_proband vs sibling,1.2262252053354652,0.8895588034064553,1.6903078789643196,0.24213056622845244,0.38255453665300065
Wamsley,STAT3_(+),STAT3 (+),proband vs sibling,1.4436413691485963,1.0662373869226784,1.9546307682309485,0.01632106296764802,0.03804628547473733
Wamsley,STAT5A_(+),STAT5A (+),asd_d_proband vs asd_da_proband,0.957116742673517,0.4057990168327487,2.2574536189266454,1,1
Wamsley,STAT5A_(+),STAT5A (+),asd_d_proband vs sibling,1.1059285343185363,0.36179913387313256,3.3805440878938837,1,1
Wamsley,STAT5A_(+),STAT5A (+),asd_da_proband vs sibling,1.1554792482569503,0.4199557803884787,3.1792211358952773,1,1
Wamsley,STAT5A_(+),STAT5A (+),proband vs sibling,1.1377542062155939,0.43254936306142955,2.9926864869234278,1,1
Wamsley,STAT6_(+),STAT6 (+),asd_d_proband vs asd_da_proband,1.0254872256271834,0.43020503801658044,2.444471721607331,1,1
Wamsley,STAT6_(+),STAT6 (+),asd_d_proband vs sibling,1.10594103820136,0.3618032244575014,3.380582309104245,1,1
Wamsley,STAT6_(+),STAT6 (+),asd_da_proband vs sibling,1.0784542318652202,0.3884506637456035,2.994108747332951,1,1
Wamsley,STAT6_(+),STAT6 (+),proband vs sibling,1.038815514905584,0.3917140729352787,2.7549116781077583,1,1
Wamsley,SUCLG1_(+),SUCLG1 (+),asd_d_proband vs asd_da_proband,3.439619409337024,2.099778672732262,5.634394631551017,5.067065082622419e-7,2.587497920554385e-6
Wamsley,SUCLG1_(+),SUCLG1 (+),asd_d_proband vs sibling,7.948801579297469,2.8614237568355216,22.081121817803442,3.3135973825806423e-7,1.7289159310028437e-6
Wamsley,SUCLG1_(+),SUCLG1 (+),asd_da_proband vs sibling,2.3109538100988845,0.8018440141924249,6.660282321604944,0.13964759892293588,0.24399513907230247
Wamsley,SUCLG1_(+),SUCLG1 (+),proband vs sibling,3.95736969808655,1.4411440402938989,10.86690468784776,0.0020609993733243332,0.0059154707911104835
Wamsley,TAF1_(+),TAF1 (+),asd_d_proband vs asd_da_proband,1.8551276027000454,1.641316493101592,2.096791469996275,9.054833953776931e-23,1.755096538700167e-21
Wamsley,TAF1_(+),TAF1 (+),asd_d_proband vs sibling,2.8355827340176774,2.3356407432945603,3.4425368989399967,1.1554494427852046e-30,3.395530459281682e-29
Wamsley,TAF1_(+),TAF1 (+),asd_da_proband vs sibling,1.5285108851222033,1.2582133348280027,1.8568755085213264,1.03565930125445e-5,4.433673042494379e-5
Wamsley,TAF1_(+),TAF1 (+),proband vs sibling,1.8949531103549622,1.5750281238875776,2.2798623313346327,2.876931099625538e-13,2.7704907312461578e-12
Wamsley,TAF7_(+),TAF7 (+),asd_d_proband vs asd_da_proband,1.196376912056934,0.5374851236369412,2.6629903838412226,0.6795180153284621,0.8218811895435859
Wamsley,TAF7_(+),TAF7 (+),asd_d_proband vs sibling,3.455982254263136,0.7572401338416052,15.772821338970449,0.13955581086381913,0.24399513907230247
Wamsley,TAF7_(+),TAF7 (+),asd_da_proband vs sibling,2.8887069112034736,0.6606055785226259,12.631784971444812,0.18022845208589883,0.3009323066774543
Wamsley,TAF7_(+),TAF7 (+),proband vs sibling,2.8443633044272025,0.6706114496112969,12.064217830252424,0.20666892804641587,0.33536856463807807
Wamsley,TAL1_(+),TAL1 (+),asd_d_proband vs asd_da_proband,NA,NA,NA,NA,NA
Wamsley,TAL1_(+),TAL1 (+),asd_d_proband vs sibling,NA,NA,NA,NA,NA
Wamsley,TAL1_(+),TAL1 (+),asd_da_proband vs sibling,NA,NA,NA,NA,NA
Wamsley,TAL1_(+),TAL1 (+),proband vs sibling,NA,NA,NA,NA,NA
Wamsley,TBP_(+),TBP (+),asd_d_proband vs asd_da_proband,0.8972997645702204,0.40312151633737964,1.9972808070704196,0.8440552055871027,0.9560999859961554
Wamsley,TBP_(+),TBP (+),asd_d_proband vs sibling,3.110465814635084,0.6720639143368241,14.395948625750187,0.21816897181940004,0.35109581109460997
Wamsley,TBP_(+),TBP (+),asd_da_proband vs sibling,3.4664734545259837,0.8043400758618292,14.939499561871278,0.08363487555776407,0.15817001884831253
Wamsley,TBP_(+),TBP (+),proband vs sibling,3.21539863404067,0.7631741530797467,13.547089264054614,0.10079729755369801,0.18550014319283606
Wamsley,TBX19_(+),TBX19 (+),asd_d_proband vs asd_da_proband,0,NA,NA,1,1
Wamsley,TBX19_(+),TBX19 (+),asd_d_proband vs sibling,0,NA,NA,0.16704450839844542,0.28212688770281596
Wamsley,TBX19_(+),TBX19 (+),asd_da_proband vs sibling,0.192579253289591,0.017462433845891658,2.1238029661198543,0.18895551699666954,0.3119393511300648
Wamsley,TBX19_(+),TBX19 (+),proband vs sibling,0.12366896425381849,0.01121388244155671,1.3638463573450057,0.10236618972975023,0.1875615423246228
Wamsley,TBX2_(+),TBX2 (+),asd_d_proband vs asd_da_proband,1.6236921319660047,0.8729573473318746,3.020051492167614,0.1379642206635489,0.24152041611776587
Wamsley,TBX2_(+),TBX2 (+),asd_d_proband vs sibling,1.8761413173133226,0.7887046304007148,4.46289536900756,0.16673483174658257,0.28208648074069004
Wamsley,TBX2_(+),TBX2 (+),asd_da_proband vs sibling,1.1554784804195894,0.49120983284628456,2.7180451803589385,0.8357041414856159,0.9483389049494221
Wamsley,TBX2_(+),TBX2 (+),proband vs sibling,1.3780208759294028,0.6163822013058274,3.0807858021764156,0.5785858382181448,0.7347251139281732
Wamsley,TCF12_(+),TCF12 (+),asd_d_proband vs asd_da_proband,1.90015317426184,0.9792925366543987,3.686929033475881,0.07599440955712325,0.14556540602720622
Wamsley,TCF12_(+),TCF12 (+),asd_d_proband vs sibling,12.441866365292801,1.660959642933057,93.19915707189959,7.897495384173669e-4,0.002443937181874796
Wamsley,TCF12_(+),TCF12 (+),asd_da_proband vs sibling,6.547822845979848,0.8714004078955339,49.201243921698385,0.03461047633161485,0.07325776937291154
Wamsley,TCF12_(+),TCF12 (+),proband vs sibling,7.667552511038667,1.0467310958323368,56.166633191293315,0.01317395663595211,0.03130281288916931
Wamsley,TCF3_(+),TCF3 (+),asd_d_proband vs asd_da_proband,1.9541184103811837,1.3037736889019964,2.928866255160119,0.001198381667972541,0.003591202958957187
Wamsley,TCF3_(+),TCF3 (+),asd_d_proband vs sibling,2.419236618004866,1.33575044023572,4.381586288575577,0.0028843007281358275,0.008015857118156616
Wamsley,TCF3_(+),TCF3 (+),asd_da_proband vs sibling,1.2380194593903617,0.6795778636450593,2.2553591925556336,0.5623724806013444,0.7223933020696908
Wamsley,TCF3_(+),TCF3 (+),proband vs sibling,1.643031115439437,0.9367625277139079,2.8817882509564017,0.08914310465272038,0.16654915573959858
Wamsley,TCF4_(+),TCF4 (+),asd_d_proband vs asd_da_proband,4.0378350057157375,2.782245115055373,5.860055767609435,1.1338401666111848e-14,1.268953798258955e-13
Wamsley,TCF4_(+),TCF4 (+),asd_d_proband vs sibling,31.104089927600665,7.660836456757437,126.28704654971352,2.636293413465525e-18,3.9242864373645316e-17
Wamsley,TCF4_(+),TCF4 (+),asd_da_proband vs sibling,7.703160204310335,1.8617219431751952,31.873007325716667,2.278689571271502e-4,7.845374903357287e-4
Wamsley,TCF4_(+),TCF4 (+),proband vs sibling,14.963908037269904,3.6999915589922567,60.518663401723565,1.1329184036122801e-9,7.902669721981524e-9
Wamsley,TCF7L1_(+),TCF7L1 (+),asd_d_proband vs asd_da_proband,1.2352409734755017,0.8706220250950668,1.7525633611050608,0.23561745337122325,0.37330000003684244
Wamsley,TCF7L1_(+),TCF7L1 (+),asd_d_proband vs sibling,1.7444757192869333,1.052402894787044,2.8916639722826503,0.032776189337988586,0.0702567258515473
Wamsley,TCF7L1_(+),TCF7L1 (+),asd_da_proband vs sibling,1.4122553872048444,0.8716896831083486,2.2880450661949596,0.17661708685173716,0.2962042822568714
Wamsley,TCF7L1_(+),TCF7L1 (+),proband vs sibling,1.4369112794160623,0.9043374483761076,2.2831234387347905,0.141531656633694,0.24671898046937474
Wamsley,TCF7L2_(+),TCF7L2 (+),asd_d_proband vs asd_da_proband,1.5291981031791213,1.3294207739007127,1.7589967636095243,3.913919602976873e-9,2.572569089691148e-8
Wamsley,TCF7L2_(+),TCF7L2 (+),asd_d_proband vs sibling,2.2809851238464836,1.8428046607269066,2.8233557501187567,8.866151554888251e-16,1.0769418755337595e-14
Wamsley,TCF7L2_(+),TCF7L2 (+),asd_da_proband vs sibling,1.49162173239977,1.2095465859943773,1.839478874423142,1.345835882611674e-4,4.793027713288643e-4
Wamsley,TCF7L2_(+),TCF7L2 (+),proband vs sibling,1.7111238030957356,1.4010538567271416,2.0898159306741326,2.3160650853470714e-8,1.3973081408948226e-7
Wamsley,TCF7_(+),TCF7 (+),asd_d_proband vs asd_da_proband,1.3459549584380437,0.3012413668447196,6.013764872730032,0.7063561993960945,0.8424941737184376
Wamsley,TCF7_(+),TCF7 (+),asd_d_proband vs sibling,Inf,NA,NA,0.2750078182721575,0.422280556296222
Wamsley,TCF7_(+),TCF7 (+),asd_da_proband vs sibling,Inf,NA,NA,0.5814925304943812,0.7367806816702486
Wamsley,TCF7_(+),TCF7 (+),proband vs sibling,Inf,NA,NA,0.3579766850265055,0.5156811512636724
Wamsley,TEAD1_(+),TEAD1 (+),asd_d_proband vs asd_da_proband,1.4207225299842081,0.9282835444662292,2.174392209403385,0.11520766835870017,0.2078300710391601
Wamsley,TEAD1_(+),TEAD1 (+),asd_d_proband vs sibling,1.7510575328209184,0.9632595376681944,3.183152995994595,0.06942207148306095,0.13404728088399434
Wamsley,TEAD1_(+),TEAD1 (+),asd_da_proband vs sibling,1.2325119760298178,0.6902435162997613,2.200796871226549,0.5741932980383369,0.7313899531780269
Wamsley,TEAD1_(+),TEAD1 (+),proband vs sibling,1.3191301176963481,0.7599564468941986,2.2897420957807064,0.36912812223998936,0.5287354077997332
Wamsley,TEAD3_(+),TEAD3 (+),asd_d_proband vs asd_da_proband,NA,NA,NA,NA,NA
Wamsley,TEAD3_(+),TEAD3 (+),asd_d_proband vs sibling,NA,NA,NA,NA,NA
Wamsley,TEAD3_(+),TEAD3 (+),asd_da_proband vs sibling,NA,NA,NA,NA,NA
Wamsley,TEAD3_(+),TEAD3 (+),proband vs sibling,NA,NA,NA,NA,NA
Wamsley,TEAD4_(+),TEAD4 (+),asd_d_proband vs asd_da_proband,2.1150574243237523,1.2782501210215558,3.4996811927636706,0.004580269285874738,0.012236476050865397
Wamsley,TEAD4_(+),TEAD4 (+),asd_d_proband vs sibling,2.534439718011703,1.2127939328426542,5.296352917250781,0.011289581528521336,0.027499488696478443
Wamsley,TEAD4_(+),TEAD4 (+),asd_da_proband vs sibling,1.1982841169534864,0.5654550393843153,2.5393439352957783,0.7169175876988341,0.8510710482064605
Wamsley,TEAD4_(+),TEAD4 (+),proband vs sibling,1.621441512443987,0.8040711593127589,3.2697013788228855,0.2224895558054718,0.3567194391742077
Wamsley,TEF_(+),TEF (+),asd_d_proband vs asd_da_proband,1.7454265449248407,1.2589861936332416,2.419815117222608,9.13861844677014e-4,0.0027937185922844287
Wamsley,TEF_(+),TEF (+),asd_d_proband vs sibling,3.5054107853876464,1.9761745029415354,6.218026169258579,2.1681710265348026e-6,1.0181462913263944e-5
Wamsley,TEF_(+),TEF (+),asd_da_proband vs sibling,2.0083404801996934,1.1336681884566997,3.5578589268695806,0.016042416541559773,0.037473439665028085
Wamsley,TEF_(+),TEF (+),proband vs sibling,2.438044231412878,1.4069789242153043,4.2246970242576385,5.009175961720945e-4,0.0016251279562420871
Wamsley,TFCP2L1_(+),TFCP2L1 (+),asd_d_proband vs asd_da_proband,0.5982002707981356,0.12073785487944821,2.9638058779514913,0.7197993881156386,0.8527148805822985
Wamsley,TFCP2L1_(+),TFCP2L1 (+),asd_d_proband vs sibling,0.4608121547623328,0.07699930091904805,2.757789219410609,0.40487491385465096,0.5711521145332528
Wamsley,TFCP2L1_(+),TFCP2L1 (+),asd_da_proband vs sibling,0.7703309029725182,0.19265795106701153,3.0801204766682675,0.7154999859049139,0.8496131880999221
Wamsley,TFCP2L1_(+),TFCP2L1 (+),proband vs sibling,0.5771354823218681,0.14924263441185087,2.231837881095766,0.4267441480173166,0.5920896251432577
Wamsley,TFEC_(+),TFEC (+),asd_d_proband vs asd_da_proband,0.598178939034046,0.062222611970943816,5.750611100527052,1,1
Wamsley,TFEC_(+),TFEC (+),asd_d_proband vs sibling,0.3456057007125891,0.03133835333955374,3.8114095871873457,0.571314835186902,0.728133617934977
Wamsley,TFEC_(+),TFEC (+),asd_da_proband vs sibling,0.5777630708140304,0.09654118731409654,3.4576969196619443,0.6223367687063682,0.7719721900823864
Wamsley,TFEC_(+),TFEC (+),proband vs sibling,0.4946876328091798,0.09060849001486641,2.7008049026553542,0.3404533513912551,0.49815773067368035
Wamsley,THAP1_(+),THAP1 (+),asd_d_proband vs asd_da_proband,1.1785391038419635,0.805701892243965,1.7239061154693747,0.42845203957405675,0.5939132806633685
Wamsley,THAP1_(+),THAP1 (+),asd_d_proband vs sibling,2.5344230187836008,1.3386552508547052,4.7983228198888614,0.0026277325749084466,0.007356682162696972
Wamsley,THAP1_(+),THAP1 (+),asd_da_proband vs sibling,2.150478512356137,1.1633633763689988,3.97516195373047,0.011575967706588405,0.02807311772554103
Wamsley,THAP1_(+),THAP1 (+),proband vs sibling,2.2466471703260527,1.2377739321510761,4.077823402826356,0.004260156304842449,0.011475465386491635
Wamsley,THRA_(+),THRA (+),asd_d_proband vs asd_da_proband,1.7946228528752801,0.5788043064002688,5.564352490900391,0.36885477184157733,0.5286067783769778
Wamsley,THRA_(+),THRA (+),asd_d_proband vs sibling,4.1472740851381635,0.49929818884645366,34.448116819722685,0.25246997597782594,0.39464892296414106
Wamsley,THRA_(+),THRA (+),asd_da_proband vs sibling,2.3109446525176867,0.2782190074346239,19.19518452834318,0.6815788515832273,0.8226268594048692
Wamsley,THRA_(+),THRA (+),proband vs sibling,2.7207019419205416,0.3512610136561697,21.07327249250563,0.4806621850689252,0.6445159295281094
Wamsley,TMEM33_(+),TMEM33 (+),asd_d_proband vs asd_da_proband,NA,NA,NA,NA,NA
Wamsley,TMEM33_(+),TMEM33 (+),asd_d_proband vs sibling,NA,NA,NA,NA,NA
Wamsley,TMEM33_(+),TMEM33 (+),asd_da_proband vs sibling,NA,NA,NA,NA,NA
Wamsley,TMEM33_(+),TMEM33 (+),proband vs sibling,NA,NA,NA,NA,NA
Wamsley,TP53_(+),TP53 (+),asd_d_proband vs asd_da_proband,2.2432433886921612,1.4472446245266155,3.4770492946602394,2.9357548561831034e-4,9.957083670822067e-4
Wamsley,TP53_(+),TP53 (+),asd_d_proband vs sibling,2.392645160649337,1.2907957182374001,4.435055666744788,0.0046111336131987694,0.012311672689402342
Wamsley,TP53_(+),TP53 (+),asd_da_proband vs sibling,1.066600785590314,0.5656844783721799,2.0110808751471363,1,1
Wamsley,TP53_(+),TP53 (+),proband vs sibling,1.484026143589467,0.8249832095417711,2.669549597355188,0.23559566799039672,0.37330000003684244
Wamsley,TRAF4_(+),TRAF4 (+),asd_d_proband vs asd_da_proband,5.383904778823947,0.5600341237059262,51.758329431126086,0.13408353055166297,0.23591660750378904
Wamsley,TRAF4_(+),TRAF4 (+),asd_d_proband vs sibling,2.0737253508616096,0.21570904527219945,19.935820611414726,0.649580378836486,0.797761882738708
Wamsley,TRAF4_(+),TRAF4 (+),asd_da_proband vs sibling,0.38517125321718476,0.02409201361337789,6.1579283776643985,0.4788136173833668,0.6435617304789718
Wamsley,TRAF4_(+),TRAF4 (+),proband vs sibling,0.9893630546255879,0.11058174325813666,8.851725655772304,1,1
Wamsley,TRIM28_(+),TRIM28 (+),asd_d_proband vs asd_da_proband,2.230427515864278,1.6282383973716874,3.0553307866678847,6.463477055494984e-7,3.2459909578588372e-6
Wamsley,TRIM28_(+),TRIM28 (+),asd_d_proband vs sibling,4.008999264901279,2.3177320427416848,6.934397423684517,1.3767880523588198e-8,8.486156398503956e-8
Wamsley,TRIM28_(+),TRIM28 (+),asd_da_proband vs sibling,1.7974129337925666,1.0291125552632905,3.1393002038909668,0.03908177154475756,0.08147252603495225
Wamsley,TRIM28_(+),TRIM28 (+),proband vs sibling,2.357944593872542,1.3852074220438977,4.013769071182867,6.291307613602824e-4,0.001994217549057819
Wamsley,TRPS1_(+),TRPS1 (+),asd_d_proband vs asd_da_proband,2.1150540668813096,1.2782480919271402,3.49967563736927,0.004580283571180132,0.012236476050865397
Wamsley,TRPS1_(+),TRPS1 (+),asd_d_proband vs sibling,3.8016521504893603,1.5929360336880845,9.072906110271571,9.119623340773171e-4,0.0027898112336058305
Wamsley,TRPS1_(+),TRPS1 (+),asd_da_proband vs sibling,1.7974255173982263,0.7442568111342078,4.340892071475715,0.2501605010100959,0.39211324229214967
Wamsley,TRPS1_(+),TRPS1 (+),proband vs sibling,2.3909369459365517,1.0316552327460138,5.541172378128951,0.03999883771547543,0.08289122717957324
Wamsley,TWIST1_(+),TWIST1 (+),asd_d_proband vs asd_da_proband,0.8973189049503353,0.2702056683619723,2.9798827761919258,1,1
Wamsley,TWIST1_(+),TWIST1 (+),asd_d_proband vs sibling,1.3824598239521926,0.25321554218608266,7.547700857309267,1,1
Wamsley,TWIST1_(+),TWIST1 (+),asd_da_proband vs sibling,1.5406560770373035,0.32716873532369306,7.2550365956073675,0.7363022906334296,0.8679773854853781
Wamsley,TWIST1_(+),TWIST1 (+),proband vs sibling,1.4840490088423974,0.33214852331094086,6.630773000861195,1,1
Wamsley,UQCRB_(+),UQCRB (+),asd_d_proband vs asd_da_proband,1.615137598207489,1.1747210578417508,2.2206714042704045,0.003868529187537914,0.010488780029306664
Wamsley,UQCRB_(+),UQCRB (+),asd_d_proband vs sibling,2.6193159096698992,1.5799731468412508,4.342362304300098,6.684310643462774e-5,2.5100605920010664e-4
Wamsley,UQCRB_(+),UQCRB (+),asd_da_proband vs sibling,1.6217292647863977,0.9834315804047459,2.674314980999707,0.05680784083367463,0.11274933115354593
Wamsley,UQCRB_(+),UQCRB (+),proband vs sibling,1.926625489629346,1.1949833408831254,3.106223869653557,0.004742160625118428,0.01261713881274208
Wamsley,USF1_(+),USF1 (+),asd_d_proband vs asd_da_proband,2.6918675432188945,0.7596358500752911,9.538979590704052,0.18286251770327808,0.30465941303124694
Wamsley,USF1_(+),USF1 (+),asd_d_proband vs sibling,2.073654735816898,0.4185364614246869,10.274000857030744,0.4849047012022913,0.6477331549679402
Wamsley,USF1_(+),USF1 (+),asd_da_proband vs sibling,0.770340554475148,0.1410979167638348,4.205764220192803,0.67282129219629,0.8155403632298088
Wamsley,USF1_(+),USF1 (+),proband vs sibling,1.2367129414498141,0.27097612325754694,5.6442570701913475,1,1
Wamsley,USF2_(+),USF2 (+),asd_d_proband vs asd_da_proband,1.474132809590523,0.8491776133828499,2.559025939996756,0.18849373235355243,0.3119393511300648
Wamsley,USF2_(+),USF2 (+),asd_d_proband vs sibling,7.948886307613188,1.8740975040870693,33.71478452618701,3.959331387291791e-4,0.00131257310546682
Wamsley,USF2_(+),USF2 (+),asd_da_proband vs sibling,5.392245702625117,1.284558646960748,22.635255919434503,0.00716456235453559,0.018272442063219266
Wamsley,USF2_(+),USF2 (+),proband vs sibling,6.183408953897897,1.5045887441943395,25.4119582102936,0.0015055190036844675,0.004415736678546523
Wamsley,VSX1_(+),VSX1 (+),asd_d_proband vs asd_da_proband,0.8075676687558934,0.36772074152464373,1.773534821331589,0.7003578391880085,0.8386254273259632
Wamsley,VSX1_(+),VSX1 (+),asd_d_proband vs sibling,0.8886932164845528,0.33096845926044804,2.3862564873716994,0.8050043403003868,0.923033642814405
Wamsley,VSX1_(+),VSX1 (+),asd_da_proband vs sibling,1.100456656286944,0.46533262234807565,2.6024499341041074,1,1
Wamsley,VSX1_(+),VSX1 (+),proband vs sibling,0.9540129506041134,0.41545712299658394,2.190697088921617,0.8321285476777996,0.9454591006915384
Wamsley,XBP1_(+),XBP1 (+),asd_d_proband vs asd_da_proband,2.3927981234245,1.603818696653915,3.5699065433075563,1.9098477512244954e-5,7.823162326283792e-5
Wamsley,XBP1_(+),XBP1 (+),asd_d_proband vs sibling,3.8707564007053232,1.9750384637274625,7.586057380029189,8.116632139478461e-6,3.534537227086462e-5
Wamsley,XBP1_(+),XBP1 (+),asd_da_proband vs sibling,1.6176694401471756,0.8116729826358117,3.22402552945418,0.21491033614695365,0.34707495353826323
Wamsley,XBP1_(+),XBP1 (+),proband vs sibling,2.3002303329951537,1.198106662775363,4.4161840921362385,0.008912676942648164,0.02222071345033519
Wamsley,YBX1_(+),YBX1 (+),asd_d_proband vs asd_da_proband,2.8989234116137665,1.4515875586930471,5.78935586494611,0.0021639061521719887,0.0061605509763725695
Wamsley,YBX1_(+),YBX1 (+),asd_d_proband vs sibling,14.514865844815082,1.9524524719664753,107.90599695406934,2.598353545337348e-4,8.878845010511343e-4
Wamsley,YBX1_(+),YBX1 (+),asd_da_proband vs sibling,5.006984933325636,0.6550021075701055,38.274530467623975,0.1318294795652002,0.2328787099550349
Wamsley,YBX1_(+),YBX1 (+),proband vs sibling,7.419928825622776,1.0118771665631776,54.409117624723436,0.02105643025631622,0.047552777992306214
Wamsley,YY1_(+),YY1 (+),asd_d_proband vs asd_da_proband,2.133065847555543,1.8958674954699757,2.399940882408521,3.240260146330939e-36,1.2946828918015285e-34
Wamsley,YY1_(+),YY1 (+),asd_d_proband vs sibling,3.5741919955891324,2.9323185835517576,4.356569062103732,2.7187706822723285e-46,1.6512000610333943e-44
Wamsley,YY1_(+),YY1 (+),asd_da_proband vs sibling,1.6756125928719432,1.3705757983909252,2.0485386978868942,1.59926481307232e-7,8.724133201849602e-7
Wamsley,YY1_(+),YY1 (+),proband vs sibling,2.2429462711666974,1.8531040274912436,2.714800626790157,4.501970231510238e-20,7.349990825996105e-19
Wamsley,ZBTB14_(+),ZBTB14 (+),asd_d_proband vs asd_da_proband,2.1535306398133365,1.0853466875298245,4.27300720580805,0.02918563860256382,0.0632448067719687
Wamsley,ZBTB14_(+),ZBTB14 (+),asd_d_proband vs sibling,12.44172909247206,1.6609413173371514,93.19812879279696,7.897860662392314e-4,0.002443937181874796
Wamsley,ZBTB14_(+),ZBTB14 (+),asd_da_proband vs sibling,5.7773633968590685,0.7631545747233929,43.73678534452193,0.05453081946673828,0.10903770090912769
Wamsley,ZBTB14_(+),ZBTB14 (+),proband vs sibling,7.667413705974115,1.046712146946481,56.16561641141023,0.013173982943696502,0.03130281288916931
Wamsley,ZBTB7A_(+),ZBTB7A (+),asd_d_proband vs asd_da_proband,1.8393004251061713,1.5605540673134757,2.1678364913172716,5.057874994696773e-13,4.740456913753868e-12
Wamsley,ZBTB7A_(+),ZBTB7A (+),asd_d_proband vs sibling,2.8850367045584697,2.218512250212717,3.7518101537873045,4.877097984499938e-18,7.120250422883723e-17
Wamsley,ZBTB7A_(+),ZBTB7A (+),asd_da_proband vs sibling,1.5685510997432268,1.2054101226737295,2.041091663514787,6.469594159617795e-4,0.0020436200691441786
Wamsley,ZBTB7A_(+),ZBTB7A (+),proband vs sibling,1.9571881966257691,1.5236233608478817,2.514128974026459,1.624028351359389e-8,9.969608005986546e-8
Wamsley,ZBTB7B_(+),ZBTB7B (+),asd_d_proband vs asd_da_proband,0.35890921183904223,0.04193146468447599,3.0720563498611373,0.43070488853234246,0.5949786902252585
Wamsley,ZBTB7B_(+),ZBTB7B (+),asd_d_proband vs sibling,Inf,NA,NA,1,1
Wamsley,ZBTB7B_(+),ZBTB7B (+),asd_da_proband vs sibling,Inf,NA,NA,0.3314048129609125,0.4875815573118741
Wamsley,ZBTB7B_(+),ZBTB7B (+),proband vs sibling,Inf,NA,NA,0.6059617406223482,0.7595422083000826
Wamsley,ZEB1_(+),ZEB1 (+),asd_d_proband vs asd_da_proband,1.8922431188308715,1.7569472085117568,2.037957659408424,6.120394296228376e-63,7.148306671620578e-61
Wamsley,ZEB1_(+),ZEB1 (+),asd_d_proband vs sibling,2.9325190761836155,2.6047950137581126,3.3014759651944696,1.5193258904790273e-85,3.844738572851094e-83
Wamsley,ZEB1_(+),ZEB1 (+),asd_da_proband vs sibling,1.5497580871085328,1.3757205452148125,1.745812503064186,6.5250025849513e-14,6.724295650328773e-13
Wamsley,ZEB1_(+),ZEB1 (+),proband vs sibling,1.9406453841973055,1.7329456294103398,2.1732387002169133,1.234262152204772e-35,4.685053419410614e-34
Wamsley,ZFHX2_(+),ZFHX2 (+),asd_d_proband vs asd_da_proband,0.8973104075533804,0.08136506588053077,9.895720709989321,1,1
Wamsley,ZFHX2_(+),ZFHX2 (+),asd_d_proband vs sibling,0.691238251981463,0.043236148174938455,11.051176877947423,1,1
Wamsley,ZFHX2_(+),ZFHX2 (+),asd_da_proband vs sibling,0.770344627859832,0.06985223939108212,8.495516404993957,1,1
Wamsley,ZFHX2_(+),ZFHX2 (+),proband vs sibling,0.7420264699500976,0.07718564145108804,7.133493636319862,0.586897714324477,0.741364388584841
Wamsley,ZFHX3_(+),ZFHX3 (+),asd_d_proband vs asd_da_proband,0.9363150644702278,0.46591200560686136,1.881655525944181,1,1
Wamsley,ZFHX3_(+),ZFHX3 (+),asd_d_proband vs sibling,2.764861738254282,0.7802345632385559,9.797643928938843,0.11947424098168932,0.21450914324602835
Wamsley,ZFHX3_(+),ZFHX3 (+),asd_da_proband vs sibling,2.9529181395993622,0.8866281149811055,9.834704530389024,0.07852661408272668,0.14959813721785442
Wamsley,ZFHX3_(+),ZFHX3 (+),proband vs sibling,2.8031602959995547,0.8609610652785145,9.126670138708773,0.09617266455515884,0.17836583348890414
Wamsley,ZFP64_(+),ZFP64 (+),asd_d_proband vs asd_da_proband,1.8726238573920058,1.0569959288164241,3.3176287776248867,0.033118304534748046,0.07079018167798093
Wamsley,ZFP64_(+),ZFP64 (+),asd_d_proband vs sibling,3.317802336485456,1.2659110787682923,8.695565216712332,0.01257858655487459,0.03012379692820913
Wamsley,ZFP64_(+),ZFP64 (+),asd_da_proband vs sibling,1.7717398629675387,0.6735768982882884,4.660287711774709,0.2954293078065758,0.4463288964928995
Wamsley,ZFP64_(+),ZFP64 (+),proband vs sibling,2.2260374068591786,0.8836335613271155,5.607802548031488,0.10791311792609917,0.19606870847761537
Wamsley,ZFX_(+),ZFX (+),asd_d_proband vs asd_da_proband,2.4313649358285514,1.528613107240209,3.867254194784048,1.9820915404289316e-4,6.886671980666501e-4
Wamsley,ZFX_(+),ZFX (+),asd_d_proband vs sibling,29.03042111879321,3.9955636266129972,210.92527340100938,5.954096673020668e-9,3.8578819837281854e-8
Wamsley,ZFX_(+),ZFX (+),asd_da_proband vs sibling,11.939968653410036,1.6299772912927384,87.4630905632724,5.770134618687075e-4,0.0018483096475470904
Wamsley,ZFX_(+),ZFX (+),proband vs sibling,16.32418876899807,2.2657177722196704,117.6135625686598,9.790004230012407e-6,4.206931062991181e-5
Wamsley,ZIC1_(+),ZIC1 (+),asd_d_proband vs asd_da_proband,3.5893305163079363,0.3254683234118413,39.5838630937891,0.29248473360422805,0.44249880188087665
Wamsley,ZIC1_(+),ZIC1 (+),asd_d_proband vs sibling,1.38254324574145,0.12536433471127875,15.24696661731925,1,1
Wamsley,ZIC1_(+),ZIC1 (+),asd_da_proband vs sibling,0.38518137002428077,0.024092646407887462,6.158090120195772,0.47882123042661595,0.6435617304789718
Wamsley,ZIC1_(+),ZIC1 (+),proband vs sibling,0.4947079947079947,0.04485844390325616,5.455739850357147,0.48473477805545706,0.6477331549679402
Wamsley,ZIC2_(+),ZIC2 (+),asd_d_proband vs asd_da_proband,0.7976065228826934,0.245629332881588,2.5899845017765273,0.7816450175053411,0.90327155574729745
Wamsley,ZIC2_(+),ZIC2 (+),asd_d_proband vs sibling,2.7648605996843765,0.30903024279043867,24.73691269391698,0.6546716808631275,0.802484120035172
Wamsley,ZIC2_(+),ZIC2 (+),asd_da_proband vs sibling,3.4664468260511128,0.4391767439558252,27.360860435379742,0.3018218554588933,0.45358003618546855
Wamsley,ZIC2_(+),ZIC2 (+),proband vs sibling,2.9680591993035375,0.3859347665268101,22.82607366485701,0.48570590610001024,0.6482252826007346
Wamsley,ZKSCAN4_(+),ZKSCAN4 (+),asd_d_proband vs asd_da_proband,3.110664061393821,1.6476461582679143,5.872760273370362,4.468053640535412e-4,0.001465225653897682
Wamsley,ZKSCAN4_(+),ZKSCAN4 (+),asd_d_proband vs sibling,5.990462435930111,1.8131775841131872,19.791575028676043,4.823978876568667e-4,0.0015683957018394201
Wamsley,ZKSCAN4_(+),ZKSCAN4 (+),asd_da_proband vs sibling,1.9257825074321637,0.5575195649964076,6.652032500340339,0.43078762282107663,0.5949786902252585
Wamsley,ZKSCAN4_(+),ZKSCAN4 (+),proband vs sibling,3.297806582885956,1.0202059463286233,10.660130238667298,0.034079918192335114,0.07247153471806089
Wamsley,ZKSCAN5_(+),ZKSCAN5 (+),asd_d_proband vs asd_da_proband,0,NA,NA,0.5573121712671552,0.716906831259075
Wamsley,ZKSCAN5_(+),ZKSCAN5 (+),asd_d_proband vs sibling,NA,NA,NA,NA,NA
Wamsley,ZKSCAN5_(+),ZKSCAN5 (+),asd_da_proband vs sibling,Inf,NA,NA,0.5652270971785507,0.7232044790725464
Wamsley,ZKSCAN5_(+),ZKSCAN5 (+),proband vs sibling,Inf,NA,NA,1,1
Wamsley,ZMAT4_(+),ZMAT4 (+),asd_d_proband vs asd_da_proband,1.8143199419090061,1.357896715458863,2.424158490210607,7.459706881706596e-5,2.7783290961711806e-4
Wamsley,ZMAT4_(+),ZMAT4 (+),asd_d_proband vs sibling,3.1795625901673956,1.9604735715540367,5.156722544736097,2.255755255428269e-7,1.1961542710681916e-6
Wamsley,ZMAT4_(+),ZMAT4 (+),asd_da_proband vs sibling,1.7524817518248172,1.080043304081392,2.84358254791563,0.019772869378175427,0.04514557394365367
Wamsley,ZMAT4_(+),ZMAT4 (+),proband vs sibling,2.1889372249973675,1.378583974176816,3.4756288080602844,3.269025198710673e-4,0.0010956930748728855
Wamsley,ZNF124_(+),ZNF124 (+),asd_d_proband vs asd_da_proband,3.5892979933737577,0.6574267271371963,19.596191565464544,0.1962451115923386,0.32132006412566283
Wamsley,ZNF124_(+),ZNF124 (+),asd_d_proband vs sibling,Inf,NA,NA,0.1501333153201062,0.2585697828642397
Wamsley,ZNF124_(+),ZNF124 (+),asd_da_proband vs sibling,Inf,NA,NA,1,1
Wamsley,ZNF124_(+),ZNF124 (+),proband vs sibling,Inf,NA,NA,0.6059662755131723,0.7595422083000826
Wamsley,ZNF143_(+),ZNF143 (+),asd_d_proband vs asd_da_proband,1.1216236058839164,0.7728477746079084,1.627797290241645,0.5633718033679669,0.7232044790725464
Wamsley,ZNF143_(+),ZNF143 (+),asd_d_proband vs sibling,1.3523658940111554,0.8183014716269162,2.2349874400793315,0.2677472212675102,0.41398201034303495
Wamsley,ZNF143_(+),ZNF143 (+),asd_da_proband vs sibling,1.2057216760745673,0.7540012020217156,1.9280668999705315,0.4927481508146776,0.6557019652237384
Wamsley,ZNF143_(+),ZNF143 (+),proband vs sibling,1.1829191780842898,0.7547304263282449,1.8540365315430303,0.5151255619705182,0.6776687598439977
Wamsley,ZNF160_(+),ZNF160 (+),asd_d_proband vs asd_da_proband,2.243244979624803,0.6023838925413104,8.353722768685728,0.2969140268921191,0.4475427213477734
Wamsley,ZNF160_(+),ZNF160 (+),asd_d_proband vs sibling,3.456074011527589,0.40377410381513124,29.582005037710868,0.4114381030535159,0.575230984256909
Wamsley,ZNF160_(+),ZNF160 (+),asd_da_proband vs sibling,1.5406583065687458,0.172200367204913,13.78410543558675,1,1
Wamsley,ZNF160_(+),ZNF160 (+),proband vs sibling,2.22605816978009,0.2820273980587718,17.570402767081653,0.6980377002433479,0.836506947597369
Wamsley,ZNF175_(+),ZNF175 (+),asd_d_proband vs asd_da_proband,0.44866436052656866,0.0501475033789299,4.0141521480268425,0.6609203036111533,0.8068868303998287
Wamsley,ZNF175_(+),ZNF175 (+),asd_d_proband vs sibling,0.6911694052080332,0.04323184188938663,11.050076189626909,1,1
Wamsley,ZNF175_(+),ZNF175 (+),asd_da_proband vs sibling,1.5405043636558335,0.17218316090678767,13.782728124775135,1,1
Wamsley,ZNF175_(+),ZNF175 (+),proband vs sibling,1.2365905652592493,0.14447122532920156,10.584503748782874,1,1
Wamsley,ZNF197_(+),ZNF197 (+),asd_d_proband vs asd_da_proband,Inf,NA,NA,0.35783475783475777,0.5156811512636724
Wamsley,ZNF197_(+),ZNF197 (+),asd_d_proband vs sibling,Inf,NA,NA,1,1
Wamsley,ZNF197_(+),ZNF197 (+),asd_da_proband vs sibling,NA,NA,NA,NA,NA
Wamsley,ZNF197_(+),ZNF197 (+),proband vs sibling,Inf,NA,NA,1,1
Wamsley,ZNF200_(+),ZNF200 (+),asd_d_proband vs asd_da_proband,0.5982259252961515,0.06222749948497044,5.751062804361481,1,1
Wamsley,ZNF200_(+),ZNF200 (+),asd_d_proband vs sibling,0.6912089780649551,0.04323431712553086,11.050708860981764,1,1
Wamsley,ZNF200_(+),ZNF200 (+),asd_da_proband vs sibling,1.155431332606945,0.1201880420329886,11.10777363361515,1,1
Wamsley,ZNF200_(+),ZNF200 (+),proband vs sibling,0.9893218946792005,0.11057714278452621,8.851357402124943,1,1
Wamsley,ZNF233_(+),ZNF233 (+),asd_d_proband vs asd_da_proband,3.5890919209720806,0.3254466883956225,39.58123181615488,0.29250579417416456,0.44249880188087665
Wamsley,ZNF233_(+),ZNF233 (+),asd_d_proband vs sibling,1.3824320563955106,0.1253542524383201,15.245740398717437,1,1
Wamsley,ZNF233_(+),ZNF233 (+),asd_da_proband vs sibling,0.38517599627849275,0.024092310286342563,6.158004207393593,0.4788171866261779,0.6435617304789718
Wamsley,ZNF233_(+),ZNF233 (+),proband vs sibling,0.7420339883165162,0.07718642351204971,7.133565914360032,0.5869010342782791,0.741364388584841
Wamsley,ZNF250_(+),ZNF250 (+),asd_d_proband vs asd_da_proband,0.5981997278031559,0.06222477442005272,5.750810953979937,1,1
Wamsley,ZNF250_(+),ZNF250 (+),asd_d_proband vs sibling,0.34559566641063993,0.031337443463069214,3.811298926875404,0.5713120208368107,0.728133617934977
Wamsley,ZNF250_(+),ZNF250 (+),asd_da_proband vs sibling,0.5777262180974477,0.0965350294179028,3.4574763698707827,0.6223273658262236,0.7719721900823864
Wamsley,ZNF250_(+),ZNF250 (+),proband vs sibling,0.4946693862199656,0.0906051479141407,2.700705283270639,0.3404389410631005,0.49815773067368035
Wamsley,ZNF274_(+),ZNF274 (+),asd_d_proband vs asd_da_proband,1.7945907434302468,1.099423555201092,2.929313203423647,0.025744266061167385,0.05644839507581251
Wamsley,ZNF274_(+),ZNF274 (+),asd_d_proband vs sibling,2.76483161154194,1.2740947707846426,5.999784329602037,0.009141420252593041,0.0226916453681533
Wamsley,ZNF274_(+),ZNF274 (+),asd_da_proband vs sibling,1.540647427088105,0.7099639711443574,3.3432604907645,0.37685793060631323,0.5376097318859244
Wamsley,ZNF274_(+),ZNF274 (+),proband vs sibling,1.8550334369453734,0.8870970199981685,3.8791124021501835,0.1263162209970058,0.22510578507095513
Wamsley,ZNF281_(+),ZNF281 (+),asd_d_proband vs asd_da_proband,1.2628641067455801,0.9416980417510563,1.6935638404225482,0.12418852170011287,0.22166093900627512
Wamsley,ZNF281_(+),ZNF281 (+),asd_d_proband vs sibling,1.545055235307534,1.031146959768169,2.3150877355909856,0.03319006026894239,0.07091028354832672
Wamsley,ZNF281_(+),ZNF281 (+),asd_da_proband vs sibling,1.223453281358328,0.8321450541430468,1.7987704477892048,0.3489919375954148,0.5078780433696851
Wamsley,ZNF281_(+),ZNF281 (+),proband vs sibling,1.309433375764553,0.9076377296043636,1.8890970589263063,0.16974428768756988,0.2855189181746236
Wamsley,ZNF287_(+),ZNF287 (+),asd_d_proband vs asd_da_proband,1.0767781267319416,0.2573336084589632,4.50563430541272,1,1
Wamsley,ZNF287_(+),ZNF287 (+),asd_d_proband vs sibling,2.0737114354332165,0.21570759778843693,19.935686835028154,0.6495812374176609,0.797761882738708
Wamsley,ZNF287_(+),ZNF287 (+),asd_da_proband vs sibling,1.9258484027039084,0.22499741333429057,16.484154263083457,1,1
Wamsley,ZNF287_(+),ZNF287 (+),proband vs sibling,1.9787580979242876,0.24748970052605046,15.820794165488136,1,1
Wamsley,ZNF300_(+),ZNF300 (+),asd_d_proband vs asd_da_proband,0.8971708378672469,0.08135241017453249,9.8941815072542,1,1
Wamsley,ZNF300_(+),ZNF300 (+),asd_d_proband vs sibling,Inf,NA,NA,1,1
Wamsley,ZNF300_(+),ZNF300 (+),asd_da_proband vs sibling,Inf,NA,NA,1,1
Wamsley,ZNF300_(+),ZNF300 (+),proband vs sibling,Inf,NA,NA,1,1
Wamsley,ZNF316_(+),ZNF316 (+),asd_d_proband vs asd_da_proband,1.794543147208122,0.11224658530774055,28.690272388798917,1,1
Wamsley,ZNF316_(+),ZNF316 (+),asd_d_proband vs sibling,Inf,NA,NA,1,1
Wamsley,ZNF316_(+),ZNF316 (+),asd_da_proband vs sibling,Inf,NA,NA,1,1
Wamsley,ZNF316_(+),ZNF316 (+),proband vs sibling,Inf,NA,NA,1,1
Wamsley,ZNF329_(+),ZNF329 (+),asd_d_proband vs asd_da_proband,0.8973220385298538,0.1643562312373682,4.899034461726599,1,1
Wamsley,ZNF329_(+),ZNF329 (+),asd_d_proband vs sibling,1.382429293619347,0.12535400191914337,15.245709930262965,1,1
Wamsley,ZNF329_(+),ZNF329 (+),asd_da_proband vs sibling,1.5406166730110393,0.17219571379546164,13.783732944589465,1,1
Wamsley,ZNF329_(+),ZNF329 (+),proband vs sibling,1.4840129070108536,0.1786631270285564,12.326518318594097,1,1
Wamsley,ZNF335_(+),ZNF335 (+),asd_d_proband vs asd_da_proband,2.6919191919191916,0.4498056176822215,16.110134357953548,0.35665854802398644,0.5156811512636724
Wamsley,ZNF335_(+),ZNF335 (+),asd_d_proband vs sibling,2.0736208236208236,0.21569817234184466,19.934815735662763,0.6495868286240603,0.797761882738708
Wamsley,ZNF335_(+),ZNF335 (+),asd_da_proband vs sibling,0.7703131765045461,0.06984938748880466,8.495169553084915,1,1
Wamsley,ZNF335_(+),ZNF335 (+),proband vs sibling,1.2366488264868747,0.14447803200489578,10.585002431369931,1,1
Wamsley,ZNF354C_(+),ZNF354C (+),asd_d_proband vs asd_da_proband,Inf,NA,NA,0.002098807402774664,0.006005757786460045
Wamsley,ZNF354C_(+),ZNF354C (+),asd_d_proband vs sibling,Inf,NA,NA,0.08785793126166366,0.16462092990628888
Wamsley,ZNF354C_(+),ZNF354C (+),asd_da_proband vs sibling,NA,NA,NA,NA,NA
Wamsley,ZNF354C_(+),ZNF354C (+),proband vs sibling,Inf,NA,NA,0.605958773039835,0.7595422083000826
Wamsley,ZNF35_(+),ZNF35 (+),asd_d_proband vs asd_da_proband,0,NA,NA,0.5573118270323845,0.716906831259075
Wamsley,ZNF35_(+),ZNF35 (+),asd_d_proband vs sibling,NA,NA,NA,NA,NA
Wamsley,ZNF35_(+),ZNF35 (+),asd_da_proband vs sibling,Inf,NA,NA,0.5652392039301581,0.7232044790725464
Wamsley,ZNF35_(+),ZNF35 (+),proband vs sibling,Inf,NA,NA,1,1
Wamsley,ZNF382_(+),ZNF382 (+),asd_d_proband vs asd_da_proband,2.392837788038412,0.5355466922480727,10.6912670038719,0.25798493539745815,0.4017508993967254
Wamsley,ZNF382_(+),ZNF382 (+),asd_d_proband vs sibling,Inf,NA,NA,0.15013863039710998,0.2585697828642397
Wamsley,ZNF382_(+),ZNF382 (+),asd_da_proband vs sibling,Inf,NA,NA,0.5652261129225201,0.7232044790725464
Wamsley,ZNF382_(+),ZNF382 (+),proband vs sibling,Inf,NA,NA,0.35797595587020126,0.5156811512636724
Wamsley,ZNF426_(+),ZNF426 (+),asd_d_proband vs asd_da_proband,0,NA,NA,0.5404102933052644,0.7019406868045154
Wamsley,ZNF426_(+),ZNF426 (+),asd_d_proband vs sibling,NA,NA,NA,NA,NA
Wamsley,ZNF426_(+),ZNF426 (+),asd_da_proband vs sibling,Inf,NA,NA,1,1
Wamsley,ZNF426_(+),ZNF426 (+),proband vs sibling,Inf,NA,NA,1,1
Wamsley,ZNF432_(+),ZNF432 (+),asd_d_proband vs asd_da_proband,0.35891806771339907,0.041932499318780694,3.0721321510502793,0.43070881108287196,0.5949786902252585
Wamsley,ZNF432_(+),ZNF432 (+),asd_d_proband vs sibling,0.34560696586540685,0.031338468059322395,3.811423539548574,0.571315190039509,0.728133617934977
Wamsley,ZNF432_(+),ZNF432 (+),asd_da_proband vs sibling,0.962913257800604,0.18681892149347684,4.963105100039599,1,1
Wamsley,ZNF432_(+),ZNF432 (+),proband vs sibling,0.7420076567394223,0.1497632434357016,3.6763050133613655,0.6623165451933469,0.8073243057804903
Wamsley,ZNF454_(+),ZNF454 (+),asd_d_proband vs asd_da_proband,0,NA,NA,1,1
Wamsley,ZNF454_(+),ZNF454 (+),asd_d_proband vs sibling,NA,NA,NA,NA,NA
Wamsley,ZNF454_(+),ZNF454 (+),asd_da_proband vs sibling,Inf,NA,NA,1,1
Wamsley,ZNF454_(+),ZNF454 (+),proband vs sibling,Inf,NA,NA,1,1
Wamsley,ZNF467_(+),ZNF467 (+),asd_d_proband vs asd_da_proband,2.7666776115935816,1.92400503912421,3.978422535721333,3.676284812565759e-8,2.160706751127359e-7
Wamsley,ZNF467_(+),ZNF467 (+),asd_d_proband vs sibling,6.3936934884385845,3.0828805530505745,13.260103893305578,5.98827482336419e-10,4.302301548962758e-9
Wamsley,ZNF467_(+),ZNF467 (+),asd_da_proband vs sibling,2.310964407868206,1.093289804647581,4.884849809932291,0.024495832898649237,0.05400702751856112
Wamsley,ZNF467_(+),ZNF467 (+),proband vs sibling,3.6173125617440847,1.767348633371276,7.403717592714902,4.144070380301665e-5,1.596974668551107e-4
Wamsley,ZNF555_(+),ZNF555 (+),asd_d_proband vs asd_da_proband,1.281864288792389,0.4068454467493482,4.038821296907754,0.7653009339492897,0.8904076000355081
Wamsley,ZNF555_(+),ZNF555 (+),asd_d_proband vs sibling,3.456094407796599,0.4037764867170058,29.582179618038303,0.41143800806280106,0.575230984256909
Wamsley,ZNF555_(+),ZNF555 (+),asd_da_proband vs sibling,2.6961468838893197,0.33171936265791846,21.913728403615586,0.4573828179175865,0.6241468904424935
Wamsley,ZNF555_(+),ZNF555 (+),proband vs sibling,2.720707897421298,0.35126178255157875,21.07331862100223,0.48066210277728494,0.6445159295281094
Wamsley,ZNF568_(+),ZNF568 (+),asd_d_proband vs asd_da_proband,3.589186012342051,0.32545522028208235,39.58226947481862,0.29249748856145796,0.44249880188087665
Wamsley,ZNF568_(+),ZNF568 (+),asd_d_proband vs sibling,1.3824076794984819,0.12535204202393507,15.245471565365298,1,1
Wamsley,ZNF568_(+),ZNF568 (+),asd_da_proband vs sibling,0.38515910703564216,0.02409125388385854,6.157734190493427,0.4788044769862183,0.6435617304789718
Wamsley,ZNF568_(+),ZNF568 (+),proband vs sibling,0.7420214164286089,0.07718511578345555,7.13344505414006,0.5868954827760444,0.741364388584841
Wamsley,ZNF579_(+),ZNF579 (+),asd_d_proband vs asd_da_proband,0.897308934337998,0.2702026659556308,2.979849665047373,1,1
Wamsley,ZNF579_(+),ZNF579 (+),asd_d_proband vs sibling,0.6912091855041264,0.17286979520627335,2.763757182422691,0.7236637247037121,0.8562957735158243
Wamsley,ZNF579_(+),ZNF579 (+),asd_da_proband vs sibling,0.7703134996801024,0.23196109307518972,2.5581138626427466,0.7480303988657949,0.8767387795333725
Wamsley,ZNF579_(+),ZNF579 (+),proband vs sibling,0.680173587037465,0.21658338452829906,2.13606463631084,0.5165430315240811,0.6776687598439977
Wamsley,ZNF597_(+),ZNF597 (+),asd_d_proband vs asd_da_proband,1.6450346062354488,0.7258777165737706,3.728091927777473,0.27675138871485316,0.4228790927863657
Wamsley,ZNF597_(+),ZNF597 (+),asd_d_proband vs sibling,7.603211357424842,0.9816259867723319,58.89088484276411,0.03484910344384878,0.07362600472482894
Wamsley,ZNF597_(+),ZNF597 (+),asd_da_proband vs sibling,4.621915750954492,0.6009846355725557,35.545176938790846,0.12943504331572547,0.22896460487636083
Wamsley,ZNF597_(+),ZNF597 (+),proband vs sibling,5.441392003585958,0.7334625730268653,40.36844963267769,0.06742348395564107,0.13090962038275578
Wamsley,ZNF658_(+),ZNF658 (+),asd_d_proband vs asd_da_proband,1.7946225755722522,0.6735538999290944,4.781607216724047,0.29691768035127175,0.4475427213477734
Wamsley,ZNF658_(+),ZNF658 (+),asd_d_proband vs sibling,2.7648960335488377,0.5871443679612124,13.020051785354287,0.21517052580287832,0.34707495353826323
Wamsley,ZNF658_(+),ZNF658 (+),asd_da_proband vs sibling,1.5406559970790483,0.3271687183440169,7.255036219079422,0.736302293635527,0.8679773854853781
Wamsley,ZNF658_(+),ZNF658 (+),proband vs sibling,1.6077147926126816,0.3628064702622156,7.124313004995562,0.7498953566639142,0.8767387795333725
Wamsley,ZNF691_(+),ZNF691 (+),asd_d_proband vs asd_da_proband,Inf,NA,NA,0.3578307146477446,0.5156811512636724
Wamsley,ZNF691_(+),ZNF691 (+),asd_d_proband vs sibling,Inf,NA,NA,1,1
Wamsley,ZNF691_(+),ZNF691 (+),asd_da_proband vs sibling,NA,NA,NA,NA,NA
Wamsley,ZNF691_(+),ZNF691 (+),proband vs sibling,Inf,NA,NA,1,1
Wamsley,ZNF701_(+),ZNF701 (+),asd_d_proband vs asd_da_proband,Inf,NA,NA,0.04581716484692904,0.09358826434418598
Wamsley,ZNF701_(+),ZNF701 (+),asd_d_proband vs sibling,Inf,NA,NA,0.2750070305548887,0.422280556296222
Wamsley,ZNF701_(+),ZNF701 (+),asd_da_proband vs sibling,NA,NA,NA,NA,NA
Wamsley,ZNF701_(+),ZNF701 (+),proband vs sibling,Inf,NA,NA,1,1
Wamsley,ZNF71_(+),ZNF71 (+),asd_d_proband vs asd_da_proband,1.1536732700121395,0.4993555025870829,2.665359662695207,0.8283525538637407,0.9423441586137986
Wamsley,ZNF71_(+),ZNF71 (+),asd_d_proband vs sibling,3.110458793386297,0.6720623972881812,14.395916129801721,0.2181689278337548,0.35109581109460997
Wamsley,ZNF71_(+),ZNF71 (+),asd_da_proband vs sibling,2.696134923325013,0.6127646970143762,11.862862792505544,0.26372936438630357,0.40890129388996305
Wamsley,ZNF71_(+),ZNF71 (+),proband vs sibling,2.844393509662951,0.6706185710563316,12.064345944176244,0.2066694974619287,0.33536856463807807
Wamsley,ZNF740_(+),ZNF740 (+),asd_d_proband vs asd_da_proband,1.495492371705964,0.4564109669103177,4.900183378525585,0.5377185334996042,0.6998036585982825
Wamsley,ZNF740_(+),ZNF740 (+),asd_d_proband vs sibling,Inf,NA,NA,0.08368600338626415,0.15817001884831253
Wamsley,ZNF740_(+),ZNF740 (+),asd_da_proband vs sibling,Inf,NA,NA,0.19598037130454649,0.32132006412566283
Wamsley,ZNF740_(+),ZNF740 (+),proband vs sibling,Inf,NA,NA,0.22757351512702068,0.36295425819453053
Wamsley,ZNF768_(+),ZNF768 (+),asd_d_proband vs asd_da_proband,1.2775084729677344,0.8600359353777323,1.8976275657453283,0.2533478708684004,0.39562010248472884
Wamsley,ZNF768_(+),ZNF768 (+),asd_d_proband vs sibling,1.9353800892094524,1.0733247409609754,3.489806902573371,0.030294407236473822,0.0653676101194402
Wamsley,ZNF768_(+),ZNF768 (+),asd_da_proband vs sibling,1.5149645815760737,0.859539097535747,2.6701725261945017,0.15592010558838992,0.266497591352764
Wamsley,ZNF768_(+),ZNF768 (+),proband vs sibling,1.632425080611886,0.9483988379646624,2.809800620938777,0.07810551557564833,0.14910757353272966
Wamsley,ZNF76_(+),ZNF76 (+),asd_d_proband vs asd_da_proband,1.7945785508208973,0.7469535059381701,4.311529632652951,0.2423621556662071,0.3826549806099041
Wamsley,ZNF76_(+),ZNF76 (+),asd_d_proband vs sibling,1.3823865169472176,0.4725058644571057,4.044378336834253,0.6107217273928065,0.7638213806354293
Wamsley,ZNF76_(+),ZNF76 (+),asd_da_proband vs sibling,0.7703126265021223,0.2632962843788401,2.2536647030492065,0.5773484735599048,0.7343878233930516
Wamsley,ZNF76_(+),ZNF76 (+),proband vs sibling,0.9398677956030896,0.35093918008993724,2.517107018331295,0.8023397523176122,0.9205715413835125
Wamsley,ZNF787_(+),ZNF787 (+),asd_d_proband vs asd_da_proband,0.4486604455147502,0.05014706579554761,4.014117120833949,0.6609196796980752,0.8068868303998287
Wamsley,ZNF787_(+),ZNF787 (+),asd_d_proband vs sibling,0.2304033714629741,0.02396657361840334,2.214989694678008,0.31161495331760847,0.4629504606528723
Wamsley,ZNF787_(+),ZNF787 (+),asd_da_proband vs sibling,0.5135361803482169,0.1149357487206243,2.2944941975160607,0.40599888156672537,0.5718526067948254
Wamsley,ZNF787_(+),ZNF787 (+),proband vs sibling,0.4122234429867081,0.09851513830161142,1.7248939592163806,0.19932929677087144,0.32508533590709804
Wamsley,ZNF808_(+),ZNF808 (+),asd_d_proband vs asd_da_proband,0,NA,NA,1,1
Wamsley,ZNF808_(+),ZNF808 (+),asd_d_proband vs sibling,NA,NA,NA,NA,NA
Wamsley,ZNF808_(+),ZNF808 (+),asd_da_proband vs sibling,Inf,NA,NA,1,1
Wamsley,ZNF808_(+),ZNF808 (+),proband vs sibling,Inf,NA,NA,1,1
Wamsley,ZNF814_(+),ZNF814 (+),asd_d_proband vs asd_da_proband,0,NA,NA,1,1
Wamsley,ZNF814_(+),ZNF814 (+),asd_d_proband vs sibling,NA,NA,NA,NA,NA
Wamsley,ZNF814_(+),ZNF814 (+),asd_da_proband vs sibling,Inf,NA,NA,1,1
Wamsley,ZNF814_(+),ZNF814 (+),proband vs sibling,Inf,NA,NA,1,1
Wamsley,ZNF84_(+),ZNF84 (+),asd_d_proband vs asd_da_proband,0.8104616161387885,0.43116358106921887,1.523431152523169,0.6411786430178312,0.7908390790539457
Wamsley,ZNF84_(+),ZNF84 (+),asd_d_proband vs sibling,1.3824308391572544,0.5579736172560374,3.425099262670115,0.5163480288638937,0.6776687598439977
Wamsley,ZNF84_(+),ZNF84 (+),asd_da_proband vs sibling,1.7057326486890878,0.7511222359541743,3.873569080414496,0.2761485766863182,0.42252494686133
Wamsley,ZNF84_(+),ZNF84 (+),proband vs sibling,1.5900443382283578,0.717077982782583,3.5257546016422805,0.29895699761524475,0.4498681047117988
Wamsley,ZNF853_(+),ZNF853 (+),asd_d_proband vs asd_da_proband,3.589356263072275,0.32547065804115016,39.584147034315066,0.2924824610945541,0.44249880188087665
Wamsley,ZNF853_(+),ZNF853 (+),asd_d_proband vs sibling,Inf,NA,NA,0.5166620599838021,0.6776687598439977
Wamsley,ZNF853_(+),ZNF853 (+),asd_da_proband vs sibling,Inf,NA,NA,1,1
Wamsley,ZNF853_(+),ZNF853 (+),proband vs sibling,Inf,NA,NA,1,1
Wamsley,ZNF85_(+),ZNF85 (+),asd_d_proband vs asd_da_proband,0.8157301619651613,0.2834278681220103,2.347742660412136,0.7995131923591625,0.9184823685235776
Wamsley,ZNF85_(+),ZNF85 (+),asd_d_proband vs sibling,1.152028660600466,0.27531734246888656,4.82051011731993,1,1
Wamsley,ZNF85_(+),ZNF85 (+),asd_da_proband vs sibling,1.4122668430270293,0.39399984035878577,5.062178791994672,0.7698557913599902,0.8934250011833771
Wamsley,ZNF85_(+),ZNF85 (+),proband vs sibling,1.3191452547798252,0.3843764098222397,4.527187826154274,1,1
Wamsley,ZNF879_(+),ZNF879 (+),asd_d_proband vs asd_da_proband,5.3837086929067555,0.5600137268361232,51.75644435330323,0.13409178854606144,0.23591660750378904
Wamsley,ZNF879_(+),ZNF879 (+),asd_d_proband vs sibling,Inf,NA,NA,0.2750005595463841,0.422280556296222
Wamsley,ZNF879_(+),ZNF879 (+),asd_da_proband vs sibling,Inf,NA,NA,1,1
Wamsley,ZNF879_(+),ZNF879 (+),proband vs sibling,Inf,NA,NA,1,1
Wamsley,ZNF91_(+),ZNF91 (+),asd_d_proband vs asd_da_proband,1.7539124765559257,1.6178006938815621,1.901475866002903,1.1016543883046285e-41,5.702313339463162e-40
Wamsley,ZNF91_(+),ZNF91 (+),asd_d_proband vs sibling,3.29739917121785,2.872361082002624,3.7853323394729905,1.9949594974143517e-80,4.543520255361186e-78
Wamsley,ZNF91_(+),ZNF91 (+),asd_da_proband vs sibling,1.8800249244436618,1.6381322406864043,2.1576363792512776,1.037488705128946e-21,1.831690330179205e-20
Wamsley,ZNF91_(+),ZNF91 (+),proband vs sibling,2.28685487150811,2.0038942537724824,2.6097710462990045,1.656986253065054e-42,8.879496920836848e-41
Wamsley,ZSCAN23_(+),ZSCAN23 (+),asd_d_proband vs asd_da_proband,1.7945704655188122,0.519533302140918,6.198800235598533,0.3443182088159072,0.502043157058051
Wamsley,ZSCAN23_(+),ZSCAN23 (+),asd_d_proband vs sibling,0.691195226382436,0.20010300252138077,2.3875245996012473,0.7495709107886734,0.8767387795333725
Wamsley,ZSCAN23_(+),ZSCAN23 (+),asd_da_proband vs sibling,0.3851591451342708,0.11150467834292078,1.3304156317489666,0.15369201109691427,0.26308422042331625
Wamsley,ZSCAN23_(+),ZSCAN23 (+),proband vs sibling,0.39573608032337976,0.12946313135104306,1.2096652045675298,0.15272563590629915,0.26207713595851073
Wang,AHR_+_+,AHR (+),asd_d_proband vs asd_da_proband,2.266862347682559,1.2417609942835297,4.138207696164418,0.009959167270158959,0.024523070516534275
Wang,AHR_+_+,AHR (+),asd_d_proband vs sibling,2.073640659044728,0.9316052447794175,4.615673437799923,0.0735739249540075,0.141287998280367
Wang,AHR_+_+,AHR (+),asd_da_proband vs sibling,0.9147624959074538,0.40045882717220577,2.0895791705422866,0.8311832049416137,0.9449972959644988
Wang,AHR_+_+,AHR (+),proband vs sibling,1.1748604918047147,0.5481186761458914,2.5182451087220863,0.8533047287699379,0.963749823840086
Wang,AHR_-_+,AHR (-),asd_d_proband vs asd_da_proband,3.418276263370963,2.015700646565534,5.796799555843901,2.857918663553378e-6,1.3283489298454731e-5
Wang,AHR_-_+,AHR (-),asd_d_proband vs sibling,4.608102654600921,1.9537465424312384,10.868661627375545,6.293630153806864e-5,2.3731408278543023e-4
Wang,AHR_-_+,AHR (-),asd_da_proband vs sibling,1.3480778905964144,0.5441081576402873,3.3399866802149907,0.6686282098332712,0.8130276283477176
Wang,AHR_-_+,AHR (-),proband vs sibling,2.432159727831216,1.0501435922800868,5.632944851703958,0.0292410116302097,0.06333466855711135
Wang,ARNT2_+_+,ARNT2 (+),asd_d_proband vs asd_da_proband,2.5921878537177667,1.1080534757523632,6.064181933457186,0.026787468489568193,0.05852132198736069
Wang,ARNT2_+_+,ARNT2 (+),asd_d_proband vs sibling,4.492813483978513,1.0138749790438883,19.909134182258356,0.03450824353754401,0.07310932526209905
Wang,ARNT2_+_+,ARNT2 (+),asd_da_proband vs sibling,1.7332129218701617,0.37448727298997225,8.021706608486381,0.738237021548255,0.869581158437494
Wang,ARNT2_+_+,ARNT2 (+),proband vs sibling,2.349719641034478,0.5473179342768848,10.0877059670222,0.40814374929302577,0.5724937814827836
Wang,ARNT2_-_+,ARNT2 (-),asd_d_proband vs asd_da_proband,1.3672998620412313,0.7135089601291413,2.6201617880167882,0.39160204278932365,0.5558576830493516
Wang,ARNT2_-_+,ARNT2 (-),asd_d_proband vs sibling,2.2118622199632485,0.8103022697058093,6.0376660204555215,0.12502392522841416,0.22306462178434253
Wang,ARNT2_-_+,ARNT2 (-),asd_da_proband vs sibling,1.617686274509804,0.6099932762145219,4.290061849496676,0.38887799231759734,0.552508679376608
Wang,ARNT2_-_+,ARNT2 (-),proband vs sibling,1.830303454258013,0.7193629949004062,4.65691279425989,0.24687815227013504,0.38870721866244906
Wang,ARNTL_+_+,ARNTL (+),asd_d_proband vs asd_da_proband,1.894288166276923,0.9941923764628957,3.6092890489295635,0.05851694977322326,0.11553736723755179
Wang,ARNTL_+_+,ARNTL (+),asd_d_proband vs sibling,6.566486140627498,1.5295252962024763,28.190929788548605,0.0029734778771412533,0.008258653494133177
Wang,ARNTL_+_+,ARNTL (+),asd_da_proband vs sibling,3.4664663262577515,0.8043384218604684,14.939468841093657,0.0836350131462902,0.15817001884831253
Wang,ARNTL_+_+,ARNTL (+),proband vs sibling,4.328421672363321,1.0410730470085892,17.996080320798,0.02289040701179528,0.05113596442108969
Wang,ARNTL_extended_-_+,ARNTL (-),asd_d_proband vs asd_da_proband,2.0937316500293597,0.7036491979532203,6.229968335196057,0.24543652606549565,0.38710923548619314
Wang,ARNTL_extended_-_+,ARNTL (-),asd_d_proband vs sibling,2.4192234292425128,0.5025698548053669,11.64542987335062,0.3251431252198752,0.4802304994578159
Wang,ARNTL_extended_-_+,ARNTL (-),asd_da_proband vs sibling,1.1554601226993864,0.23321249324633833,5.724770901266644,1,1
Wang,ARNTL_extended_-_+,ARNTL (-),proband vs sibling,1.6076719020854124,0.36279679133105336,7.12412294296303,0.74989552757758,0.8767387795333725
Wang,ARX_+_+,ARX (+),asd_d_proband vs asd_da_proband,1.8157081203940626,1.345419729352635,2.4503847435411346,1.1616504955311568e-4,4.182860084699146e-4
Wang,ARX_+_+,ARX (+),asd_d_proband vs sibling,2.377752417074451,1.5232056094017434,3.7117159508911945,6.293562723944973e-5,2.3731408278543023e-4
Wang,ARX_+_+,ARX (+),asd_da_proband vs sibling,1.309545510298433,0.8384099552731112,2.0454306783417824,0.28687442603101254,0.43658971285374615
Wang,ARX_+_+,ARX (+),proband vs sibling,1.612637931243411,1.058538954958227,2.4567835553937227,0.022267437103345673,0.049866359884827696
Wang,ARX_-_+,ARX (-),asd_d_proband vs asd_da_proband,2.746834922722788,1.9163575959827737,3.937209896788663,2.8350099427234896e-8,1.696908053758935e-7
Wang,ARX_-_+,ARX (-),asd_d_proband vs sibling,5.760052431583177,2.885032811811532,11.500113232249323,2.0270580211696562e-9,1.3719538315643067e-8
Wang,ARX_-_+,ARX (-),asd_da_proband vs sibling,2.0969780105582574,1.0301504268453994,4.2686161769894575,0.03947614207435478,0.08199444922420702
Wang,ARX_-_+,ARX (-),proband vs sibling,3.2703381746728266,1.660829022301658,6.439622401287633,8.550818632788186e-5,3.1486644197534507e-4
Wang,AR_+_+,AR (+),asd_d_proband vs asd_da_proband,1.2818495633445812,0.5693851528019633,2.885811642542408,0.5312403996736033,0.6945465041656896
Wang,AR_+_+,AR (+),asd_d_proband vs sibling,1.7280124461346602,0.5419625057741,5.509656078018289,0.42391901345057675,0.5888841434179253
Wang,AR_+_+,AR (+),asd_da_proband vs sibling,1.3480618128276753,0.4437352114097492,4.095394290281268,0.7938960124421037,0.9136423425967369
Wang,AR_+_+,AR (+),proband vs sibling,1.484021190203728,0.5149187764374485,4.277021918312632,0.6361009501773189,0.7852144514567656
Wang,ASCL1_+_+,ASCL1 (+),asd_d_proband vs asd_da_proband,4.247203318202441,2.771714451506933,6.508150944749189,3.4748719656852185e-12,3.075500506130749e-11
Wang,ASCL1_+_+,ASCL1 (+),asd_d_proband vs sibling,4.461416852008063,2.3640703057135037,8.419479014340991,1.0301394275122727e-7,5.757405021249574e-7
Wang,ASCL1_+_+,ASCL1 (+),asd_da_proband vs sibling,1.0504363737162186,0.5264266913677598,2.0960498267274152,1,1
Wang,ASCL1_+_+,ASCL1 (+),proband vs sibling,2.0911194615052153,1.1193810788323726,3.9064271184993693,0.018643985237804285,0.0427825454701252
Wang,ASCL1_-_+,ASCL1 (-),asd_d_proband vs asd_da_proband,1.1963873885937895,0.5762988339437498,2.4836815542229167,0.703920006793456,0.8407030610593051
Wang,ASCL1_-_+,ASCL1 (-),asd_d_proband vs sibling,2.0736062134535556,0.6687824153149149,6.429359728976263,0.30885542464244653,0.46065468347389976
Wang,ASCL1_-_+,ASCL1 (-),asd_da_proband vs sibling,1.7332230623818525,0.5865906044577894,5.121224515263262,0.4748165894323473,0.6399355878392444
Wang,ASCL1_-_+,ASCL1 (-),proband vs sibling,1.8550241985720446,0.6535261331308521,5.265458568278647,0.28791970672513395,0.43730455786407096
Wang,ASCL4_extended_+_+,ASCL4 (+),asd_d_proband vs asd_da_proband,1.7945972930996228,0.3622128543208747,8.891400197375296,0.6733791624633751,0.8155403632298088
Wang,ASCL4_extended_+_+,ASCL4 (+),asd_d_proband vs sibling,0.5184019303305968,0.11602476374763364,2.3162345062389322,0.4543631357868077,0.621516967900562
Wang,ASCL4_extended_+_+,ASCL4 (+),asd_da_proband vs sibling,0.28886811114888883,0.06465225607647944,1.2906709015694209,0.09938549823963674,0.18357702533720413
Wang,ASCL4_extended_+_+,ASCL4 (+),proband vs sibling,0.3709992755277235,0.1046947316381764,1.3146837504467683,0.11787980179578106,0.21189522382785428
Wang,ATF2_+_+,ATF2 (+),asd_d_proband vs asd_da_proband,5.667152895975081,3.3829055247130833,9.4937980714323,4.2137478675837017e-13,4.0154019951555985e-12
Wang,ATF2_+_+,ATF2 (+),asd_d_proband vs sibling,20.735714091440695,5.068498675243814,84.83179466576239,1.0739631320866869e-11,9.025649569473909e-11
Wang,ATF2_+_+,ATF2 (+),asd_da_proband vs sibling,3.65892970810221,0.8522709750262678,15.708345116904043,0.08492852638610118,0.160054775771211
Wang,ATF2_+_+,ATF2 (+),proband vs sibling,9.02766477206369,2.2156220532896063,36.78367938058565,1.7526177485976533e-5,7.231135729041948e-5
Wang,ATF6_+_+,ATF6 (+),asd_d_proband vs asd_da_proband,1.4778953300975177,0.7285194635207919,2.998100553372126,0.34861546005258925,0.5076545462082941
Wang,ATF6_+_+,ATF6 (+),asd_d_proband vs sibling,1.6128183917128642,0.6197858304837928,4.196906474316841,0.3707395662212178,0.5297134009956603
Wang,ATF6_+_+,ATF6 (+),asd_da_proband vs sibling,1.0912940577506554,0.43027078607910096,2.76784471317314,1,1
Wang,ATF6_+_+,ATF6 (+),proband vs sibling,1.236695958752502,0.514747254583642,2.9711997116562627,0.8343574537978085,0.9477551626057401
Wang,ATF7_+_+,ATF7 (+),asd_d_proband vs asd_da_proband,1.5415147960791813,1.1121471064254083,2.1366488774751096,0.011709077022763555,0.028324400339186397
Wang,ATF7_+_+,ATF7 (+),asd_d_proband vs sibling,1.4938992019449748,0.9759452016943487,2.2867419417578922,0.06487302903423682,0.126659514466759
Wang,ATF7_+_+,ATF7 (+),asd_da_proband vs sibling,0.9691111663311205,0.6392178611032524,1.4692587767912202,0.914892272312761,1
Wang,ATF7_+_+,ATF7 (+),proband vs sibling,1.1329618565321278,0.768193228557448,1.6709371036335994,0.5684848778780736,0.7262585360481552
Wang,ATF7_-_+,ATF7 (-),asd_d_proband vs asd_da_proband,1.8678438860990938,1.2620199150829374,2.764489483201606,0.0023031871636983673,0.006504040626562966
Wang,ATF7_-_+,ATF7 (-),asd_d_proband vs sibling,2.5179757453646423,1.3938786265484946,4.548603969876601,0.0014274855664092973,0.0042208009453173195
Wang,ATF7_-_+,ATF7 (-),asd_da_proband vs sibling,1.348065416014675,0.7443170128572059,2.441540814550018,0.398850731593846,0.5649145156747415
Wang,ATF7_-_+,ATF7 (-),proband vs sibling,1.7136976704863305,0.9785366911793185,3.0011748484269245,0.05695239401347396,0.11293781224700648
Wang,BACH1_+_+,BACH1 (+),asd_d_proband vs asd_da_proband,1.9624350190172835,1.5591895527594548,2.4699698616179124,1.341381315104832e-8,8.290355346407747e-8
Wang,BACH1_+_+,BACH1 (+),asd_d_proband vs sibling,2.501508052701188,1.7775342982026534,3.5203498149409427,1.8998082859477465e-8,1.1578420720039334e-7
Wang,BACH1_+_+,BACH1 (+),asd_da_proband vs sibling,1.2746959916939582,0.9026679326860753,1.8000527241568962,0.18445722653029378,0.30675526354344224
Wang,BACH1_+_+,BACH1 (+),proband vs sibling,1.6194670090253367,1.1704564111197522,2.2407270944950533,0.002990083745238907,0.00829971447871007
Wang,BACH1_-_+,BACH1 (-),asd_d_proband vs asd_da_proband,2.58287864925901,2.018257807764019,3.3054558694803147,3.592306204628781e-14,3.778973386162609e-13
Wang,BACH1_-_+,BACH1 (-),asd_d_proband vs sibling,5.3223094728823,3.340284463823233,8.480408908859843,2.2019436947132444e-17,3.0393495543693417e-16
Wang,BACH1_-_+,BACH1 (-),asd_da_proband vs sibling,2.0606115097235373,1.2783064469342706,3.321675959773555,0.0019994933162820164,0.00576071603773851
Wang,BACH1_-_+,BACH1 (-),proband vs sibling,3.0298855258329405,1.9207701730866564,4.7794402621837175,4.602850211372106e-8,2.667427826055972e-7
Wang,BACH2_+_+,BACH2 (+),asd_d_proband vs asd_da_proband,2.2080124492057718,1.8242161923213056,2.672555476905319,4.013785910913492e-16,5.022745830827186e-15
Wang,BACH2_+_+,BACH2 (+),asd_d_proband vs sibling,5.6011695959646515,3.8084241450151928,8.237816915382899,7.596067121394633e-27,1.88043944228003e-25
Wang,BACH2_+_+,BACH2 (+),asd_da_proband vs sibling,2.536747289617596,1.716474217995462,3.749014546165024,3.3895328475997146e-7,1.7665128284687301e-6
Wang,BACH2_+_+,BACH2 (+),proband vs sibling,3.479779940765038,2.3876274795594896,5.0715065644933786,1.0390803501818628e-14,1.168644690142811e-13
Wang,BARHL1_+_+,BARHL1 (+),asd_d_proband vs asd_da_proband,0,NA,NA,0.5573125174661668,0.716906831259075
Wang,BARHL1_+_+,BARHL1 (+),asd_d_proband vs sibling,0,NA,NA,0.40870062965082987,0.5724937814827836
Wang,BARHL1_+_+,BARHL1 (+),asd_da_proband vs sibling,1.1554644513971302,0.12019148705168814,11.108092022093992,1,1
Wang,BARHL1_+_+,BARHL1 (+),proband vs sibling,0.7419980601357906,0.07718268626036426,7.133220517721301,0.5868851688418852,0.741364388584841
Wang,BARHL2_+_+,BARHL2 (+),asd_d_proband vs asd_da_proband,6.580140828261129,1.8357539502353055,23.586087511454956,0.0013674195284773326,0.004055075489722819
Wang,BARHL2_+_+,BARHL2 (+),asd_d_proband vs sibling,2.534431316386204,0.7070657638015228,9.084504477976923,0.17807639612471432,0.29786033749268503
Wang,BARHL2_+_+,BARHL2 (+),asd_da_proband vs sibling,0.3851636891266891,0.07773957965710107,1.9083080726193478,0.35777055466181146,0.5156811512636724
Wang,BARHL2_+_+,BARHL2 (+),proband vs sibling,1.071800725228478,0.3054279097796004,3.7611389064910448,1,1
Wang,BARX2_+_+,BARX2 (+),asd_d_proband vs asd_da_proband,2.0936957220971375,0.9683952918298624,4.52662442053467,0.065389902937029315,0.1275593181491086
Wang,BARX2_+_+,BARX2 (+),asd_d_proband vs sibling,9.676841428111935,1.2724956925011424,73.58866562508177,0.0066958371450114105,0.01722186375543427
Wang,BARX2_+_+,BARX2 (+),asd_da_proband vs sibling,4.621894827400796,0.6009819148967644,35.54501602468976,0.1294354234828044,0.22896460487636083
Wang,BARX2_+_+,BARX2 (+),proband vs sibling,6.183423780119356,0.8378578752443377,45.63390853537716,0.04567913324921967,0.09351391098885195
Wang,BATF3_+_+,BATF3 (+),asd_d_proband vs asd_da_proband,2.7915837479270316,1.2083080554040808,6.4494644282448546,0.015927005978742654,0.03724204940101272
Wang,BATF3_+_+,BATF3 (+),asd_d_proband vs sibling,2.4192008706467663,0.7963170527969827,7.34950084514911,0.14944314817306403,0.25774840587970715
Wang,BATF3_+_+,BATF3 (+),asd_da_proband vs sibling,0.8666051564611706,0.26687801609742867,2.814036570666511,0.7635214153930768,0.8894042499655731
Wang,BATF3_+_+,BATF3 (+),proband vs sibling,1.4221850712390194,0.49184618579349315,4.112282325808965,0.6350393766716258,0.7851803367913288
Wang,BBX_+_+,BBX (+),asd_d_proband vs asd_da_proband,2.3030721529208584,1.6433443016310159,3.227650673261329,1.6353396802506821e-6,7.791811970232067e-6
Wang,BBX_+_+,BBX (+),asd_d_proband vs sibling,4.838489986982647,2.57242514700376,9.100745023193136,1.1047611918102395e-8,6.912345094362145e-8
Wang,BBX_+_+,BBX (+),asd_da_proband vs sibling,2.1008851072452326,1.1046352339139125,3.9956341227739496,0.023399611826431143,0.05201817075129032
Wang,BBX_+_+,BBX (+),proband vs sibling,2.9230924980390545,1.579639396273435,5.409126774281309,1.2138997746435381e-4,4.364099031966311e-4
Wang,BCL11A_+_+,BCL11A (+),asd_d_proband vs asd_da_proband,1.9146809870172987,1.6212895656030997,2.261165037894899,3.2115255193581394e-14,3.4019764513200757e-13
Wang,BCL11A_+_+,BCL11A (+),asd_d_proband vs sibling,3.5424389256123736,2.660435538203656,4.716849313389804,1.2995919064483168e-22,2.497738875051512e-21
Wang,BCL11A_+_+,BCL11A (+),asd_da_proband vs sibling,1.8501457682153128,1.3873272361941709,2.4673626195326426,1.0071769153546032e-5,4.3157957191347296e-5
Wang,BCL11A_+_+,BCL11A (+),proband vs sibling,2.3452864281753216,1.7807447540145156,3.0888022653349463,1.6193851963434027e-11,1.3387113555978583e-10
Wang,BCL11A_-_+,BCL11A (-),asd_d_proband vs asd_da_proband,1.3997831237280176,1.0410565815653734,1.8821194046221263,0.02841546831441722,0.06163450389150973
Wang,BCL11A_-_+,BCL11A (-),asd_d_proband vs sibling,1.925505251936395,1.2503159602497516,2.965306844914665,0.002140022843440806,0.006103822199043752
Wang,BCL11A_-_+,BCL11A (-),asd_da_proband vs sibling,1.3755739866388952,0.9046683757708476,2.0915993566209488,0.1400340928429615,0.2445764159891448
Wang,BCL11A_-_+,BCL11A (-),proband vs sibling,1.501690187734615,1.0068751583556586,2.2396752976021514,0.04936195921249928,0.09984179583167595
Wang,BCL11B_+_+,BCL11B (+),asd_d_proband vs asd_da_proband,2.1587194615055565,1.5686412233813978,2.970768359279434,2.520768482033039e-6,1.176444716768493e-5
Wang,BCL11B_+_+,BCL11B (+),asd_d_proband vs sibling,4.780840978443882,2.6098771641527945,8.75766904860743,3.0603197336332158e-9,2.0350009323648612e-8
Wang,BCL11B_+_+,BCL11B (+),asd_da_proband vs sibling,2.214665251180706,1.1997103482827842,4.0882719581503535,0.008714871310725784,0.021799142680041707
Wang,BCL11B_+_+,BCL11B (+),proband vs sibling,2.98864855353036,1.6587787451855696,5.384696544034798,3.378659793437474e-5,1.3278511957815094e-4
Wang,BCL11B_-_+,BCL11B (-),asd_d_proband vs asd_da_proband,1.2711719075552135,0.9317256230617738,1.7342852644189082,0.1424073428198019,0.2479607976086383
Wang,BCL11B_-_+,BCL11B (-),asd_d_proband vs sibling,1.6207602379349662,1.0493851986814293,2.503240709104443,0.029867875015955357,0.06453898040686748
Wang,BCL11B_-_+,BCL11B (-),asd_da_proband vs sibling,1.2750126307086975,0.8416843809593132,1.9314332607834117,0.27313400649579295,0.42088139363610855
Wang,BCL11B_-_+,BCL11B (-),proband vs sibling,1.3390307088046327,0.9010446904619728,1.9899159920719915,0.16744466407288572,0.28269475346626927
Wang,BCL6_+_+,BCL6 (+),asd_d_proband vs asd_da_proband,1.109385762154178,0.7234105775739488,1.7012977241746203,0.6587972547470905,0.8058475613381055
Wang,BCL6_+_+,BCL6 (+),asd_d_proband vs sibling,1.4688128099899884,0.8107894305610561,2.660877151910804,0.24974525131573155,0.3918669031151076
Wang,BCL6_+_+,BCL6 (+),asd_da_proband vs sibling,1.3239874352974244,0.7587591432721664,2.310275591890524,0.35628352467430513,0.5156811512636724
Wang,BCL6_+_+,BCL6 (+),proband vs sibling,1.3448937309171656,0.7891237369428604,2.2920855916304315,0.32304624318430275,0.47884012455283126
Wang,BCL6_extended_-_+,BCL6 (-),asd_d_proband vs asd_da_proband,3.9970109667475735,2.4170479481638205,6.609755789262299,1.526824962103791e-8,9.398226624841578e-8
Wang,BCL6_extended_-_+,BCL6 (-),asd_d_proband vs sibling,5.644763730521664,2.418147667415261,13.176762528928327,1.4875858041611295e-6,7.132582461004153e-6
Wang,BCL6_extended_-_+,BCL6 (-),asd_da_proband vs sibling,1.412246245377428,0.5726322193595056,3.482932657567612,0.5325807172603281,0.6958993594724022
Wang,BCL6_extended_-_+,BCL6 (-),proband vs sibling,2.7206811295946953,1.1795710001525168,6.275252450234522,0.011503119636874507,0.027959823877248338
Wang,BHLHE22_+_+,BHLHE22 (+),asd_d_proband vs asd_da_proband,2.40221697477185,1.9088723641220153,3.0230656079178058,6.182549117377466e-14,6.400343461285081e-13
Wang,BHLHE22_+_+,BHLHE22 (+),asd_d_proband vs sibling,4.700206029259823,3.0887880481025154,7.152299339885677,1.7446481301944424e-17,2.430236156891647e-16
Wang,BHLHE22_+_+,BHLHE22 (+),asd_da_proband vs sibling,1.9566117792945092,1.2742676160527868,3.004337241758357,0.0014381295101444766,0.004234440800716284
Wang,BHLHE22_+_+,BHLHE22 (+),proband vs sibling,2.7998525517408845,1.8600923894243366,4.214400508308094,1.79300623102599e-8,1.0947913381130542e-7
Wang,BHLHE22_-_+,BHLHE22 (-),asd_d_proband vs asd_da_proband,1.8272226628640218,1.2595052011519694,2.650836738609895,0.0019929219948116718,0.005745417523017193
Wang,BHLHE22_-_+,BHLHE22 (-),asd_d_proband vs sibling,7.741501144731143,3.101168907236096,19.325242115653325,2.263070374619781e-8,1.3671466255163265e-7
Wang,BHLHE22_-_+,BHLHE22 (-),asd_da_proband vs sibling,4.236758498056814,1.6960474865962358,10.583502356340487,4.136881761668343e-4,0.0013684456372112784
Wang,BHLHE22_-_+,BHLHE22 (-),proband vs sibling,5.243537122324004,2.138360145911414,12.857834825326439,6.610838900103063e-6,2.912221585103429e-5
Wang,BHLHE40_+_+,BHLHE40 (+),asd_d_proband vs asd_da_proband,0.9462422961039453,0.6034789465774715,1.4836880192988189,0.909466633901869,1
Wang,BHLHE40_+_+,BHLHE40 (+),asd_d_proband vs sibling,1.2528187509164266,0.6804662543442601,2.3065873033782056,0.5452415990490377,0.7061630604686854
Wang,BHLHE40_+_+,BHLHE40 (+),asd_da_proband vs sibling,1.3239936072132668,0.7587626803129661,2.310286361499167,0.35628308399757014,0.5156811512636724
Wang,BHLHE40_+_+,BHLHE40 (+),proband vs sibling,1.2830640732052427,0.7513467360193721,2.1910701637859824,0.44892841705940634,0.6161099547169616
Wang,BHLHE41_+_+,BHLHE41 (+),asd_d_proband vs asd_da_proband,1.4149693974638358,0.9396543354938033,2.1307179886601757,0.10460554495421319,0.19089673768687543
Wang,BHLHE41_+_+,BHLHE41 (+),asd_d_proband vs sibling,1.4915494387406243,0.8657755999021072,2.5696262732040718,0.1886173890675229,0.3119393511300648
Wang,BHLHE41_+_+,BHLHE41 (+),asd_da_proband vs sibling,1.0541213410085397,0.6233151762784727,1.7826804863053973,0.8954747205410016,1
Wang,BHLHE41_+_+,BHLHE41 (+),proband vs sibling,1.1325414855978913,0.6894514386594897,1.86039239992617,0.715092211614168,0.8496131880999221
Wang,BNC2_+_+,BNC2 (+),asd_d_proband vs asd_da_proband,1.4778984798186556,0.7285210161565617,2.998106942986123,0.34861532096168835,0.5076545462082941
Wang,BNC2_+_+,BNC2 (+),asd_d_proband vs sibling,1.0751985028228936,0.46538851398746156,2.484057482569796,1,1
Wang,BNC2_+_+,BNC2 (+),asd_da_proband vs sibling,0.7275185119310935,0.3243038721622899,1.632059406733096,0.5109341405484628,0.6742889399981358
Wang,BNC2_+_+,BNC2 (+),proband vs sibling,0.8519340160937786,0.40560748981476114,1.7893938992821359,0.6912481155719656,0.8323124351149337
Wang,BPTF_+_+,BPTF (+),asd_d_proband vs asd_da_proband,2.71183436529544,2.077781002010309,3.5393747549342716,1.0350168250701454e-13,1.045344043945568e-12
Wang,BPTF_+_+,BPTF (+),asd_d_proband vs sibling,13.42919569316509,6.282757287294291,28.70448255736931,5.0986993107002603e-23,1.0010592827689519e-21
Wang,BPTF_+_+,BPTF (+),asd_da_proband vs sibling,4.952070769890863,2.2950157350140596,10.68533192860974,6.113359437583596e-7,3.080348698915186e-6
Wang,BPTF_+_+,BPTF (+),proband vs sibling,7.561443669105432,3.561732323444988,16.052702777437602,3.0036795230341416e-13,2.886447305362978e-12
Wang,BPTF_-_+,BPTF (-),asd_d_proband vs asd_da_proband,1.3957980511989787,0.6942219570713234,2.806382281467807,0.3601782891844717,0.5183608553665935
Wang,BPTF_-_+,BPTF (-),asd_d_proband vs sibling,2.419206980340181,0.7963190638962314,7.349519406318402,0.14944306236034027,0.25774840587970715
Wang,BPTF_-_+,BPTF (-),asd_da_proband vs sibling,1.7332070196416327,0.5865851749658291,5.121177113127733,0.4748159564452991,0.6399355878392444
Wang,BPTF_-_+,BPTF (-),proband vs sibling,1.9168468687188056,0.676645757817864,5.4301706257147915,0.28879950748174044,0.43805661342919855
Wang,BSX_+_+,BSX (+),asd_d_proband vs asd_da_proband,3.5892339823485817,1.080810135346118,11.919392832044776,0.03418463971667703,0.0724761452952666
Wang,BSX_+_+,BSX (+),asd_d_proband vs sibling,2.7648049585663275,0.5871250275728598,13.019622908111073,0.21517617970038577,0.34707495353826323
Wang,BSX_+_+,BSX (+),asd_da_proband vs sibling,0.7703050211168465,0.14109140836595432,4.2055702216734465,0.6728112048877595,0.8155403632298088
Wang,BSX_+_+,BSX (+),proband vs sibling,1.4839985053217777,0.3321372199983846,6.6305473497007705,1,1
Wang,CDC5L_+_+,CDC5L (+),asd_d_proband vs asd_da_proband,5.3838453572661376,0.5600279426716352,51.75775818020491,0.13408603297065042,0.23591660750378904
Wang,CDC5L_+_+,CDC5L (+),asd_d_proband vs sibling,Inf,NA,NA,0.27500977590255893,0.422280556296222
Wang,CDC5L_+_+,CDC5L (+),asd_da_proband vs sibling,Inf,NA,NA,1,1
Wang,CDC5L_+_+,CDC5L (+),proband vs sibling,Inf,NA,NA,1,1
Wang,CEBPB_+_+,CEBPB (+),asd_d_proband vs asd_da_proband,3.2302396081319467,1.4911327950920976,6.997665104200168,0.002557557700759594,0.007177865266149075
Wang,CEBPB_+_+,CEBPB (+),asd_d_proband vs sibling,2.4883141795262644,0.9238501401701167,6.70206907679998,0.08762736291088566,0.1644592657845423
Wang,CEBPB_+_+,CEBPB (+),asd_da_proband vs sibling,0.7703187631227335,0.26329838190307897,2.253682656649851,0.5773506110750439,0.7343878233930516
Wang,CEBPB_+_+,CEBPB (+),proband vs sibling,1.3850790907475166,0.5348262146374932,3.5870419869495263,0.6630486443462298,0.8077524939815663
Wang,CEBPD_+_+,CEBPD (+),asd_d_proband vs asd_da_proband,1.79459492811748,0.5195403841334666,6.19888473423779,0.3443140595241023,0.502043157058051
Wang,CEBPD_+_+,CEBPD (+),asd_d_proband vs sibling,1.7280341827605354,0.3352633061305664,8.906737129251928,0.7079107069039647,0.8427970860895619
Wang,CEBPD_+_+,CEBPD (+),asd_da_proband vs sibling,0.9629104349320956,0.18681837381667835,4.963090550241913,1,1
Wang,CEBPD_+_+,CEBPD (+),proband vs sibling,1.2366974300097147,0.27097272454652566,5.644186277242948,1,1
Wang,CPEB1_+_+,CPEB1 (+),asd_d_proband vs asd_da_proband,1.8907422554223485,1.3116814576054157,2.725437838365025,8.5541356406979e-4,0.0026327086380661443
Wang,CPEB1_+_+,CPEB1 (+),asd_d_proband vs sibling,3.137025530523288,1.7207668371068974,5.718920754946871,5.621699811501503e-5,2.135683289523715e-4
Wang,CPEB1_+_+,CPEB1 (+),asd_da_proband vs sibling,1.6591502736699288,0.9074682571080103,3.033472090133235,0.10716099928024395,0.19501345657047597
Wang,CPEB1_+_+,CPEB1 (+),proband vs sibling,2.1309044260991308,1.1999359706558872,3.784163308886292,0.00677183838193942,0.017368087741967374
Wang,CPEB1_-_+,CPEB1 (-),asd_d_proband vs asd_da_proband,2.8797030874493963,1.9677405898906322,4.214320685597332,3.0930909719670706e-8,1.834509033503907e-7
Wang,CPEB1_-_+,CPEB1 (-),asd_d_proband vs sibling,5.299268370326461,2.6457248556110904,10.614197164601316,2.1017857523734984e-8,1.2731066048513868e-7
Wang,CPEB1_-_+,CPEB1 (-),asd_da_proband vs sibling,1.8402134558323915,0.8971208731969434,3.7747260867523984,0.12018541020944462,0.21552974620461562
Wang,CPEB1_-_+,CPEB1 (-),proband vs sibling,2.913086700532604,1.475093760686233,5.752904900683803,6.084557170068393e-4,0.0019367685471461584
Wang,CREB1_-_+,CREB1 (-),asd_d_proband vs asd_da_proband,2.34396115701388,1.6157415792676004,3.4003914834452,7.488769244042403e-6,3.283093734996453e-5
Wang,CREB1_-_+,CREB1 (-),asd_d_proband vs sibling,4.4237266200351275,2.2716868453686323,8.61446076896741,5.96741901292879e-7,3.0101432562448103e-6
Wang,CREB1_-_+,CREB1 (-),asd_da_proband vs sibling,1.887286658653846,0.9560309687769641,3.725664804027656,0.07982620718107461,0.15188319703834371
Wang,CREB1_-_+,CREB1 (-),proband vs sibling,2.6959677263743442,1.4107973078912124,5.1518683378523376,0.0011338818678400114,0.003413636423008098
Wang,CREB3L2_+_+,CREB3L2 (+),asd_d_proband vs asd_da_proband,3.31307780936471,1.6869590419252998,6.50666927774226,4.2285899868546844e-4,0.0013927134772323273
Wang,CREB3L2_+_+,CREB3L2 (+),asd_d_proband vs sibling,1.5080894242034024,0.7387482948947932,3.078631418997783,0.3039389895702279,0.4555669977583438
Wang,CREB3L2_+_+,CREB3L2 (+),asd_da_proband vs sibling,0.455192878338279,0.20392992532865833,1.016038014803163,0.06566948092908095,0.12799507301324936
Wang,CREB3L2_+_+,CREB3L2 (+),proband vs sibling,0.7645002477194223,0.38736361509449885,1.5088165382297885,0.453829880548844,0.621516967900562
Wang,CREB3L2_extended_-_+,CREB3L2 (-),asd_d_proband vs asd_da_proband,2.2432184932184933,0.6023767800838317,8.353624134743622,0.29691564479940935,0.4475427213477734
Wang,CREB3L2_extended_-_+,CREB3L2 (-),asd_d_proband vs sibling,Inf,NA,NA,0.08368173150016159,0.15817001884831253
Wang,CREB3L2_extended_-_+,CREB3L2 (-),asd_da_proband vs sibling,Inf,NA,NA,0.58149565306988,0.7367806816702486
Wang,CREB3L2_extended_-_+,CREB3L2 (-),proband vs sibling,Inf,NA,NA,0.22021991062420587,0.35382838776581566
Wang,CREB5_-_+,CREB5 (-),asd_d_proband vs asd_da_proband,2.470815895885994,1.8121839740901573,3.3688252841039548,1.0615719292037285e-8,6.669600189686875e-8
Wang,CREB5_-_+,CREB5 (-),asd_d_proband vs sibling,4.690331964949679,2.67623109585697,8.220222078536244,2.410529189452024e-10,1.8059145490055869e-9
Wang,CREB5_-_+,CREB5 (-),asd_da_proband vs sibling,1.8982927755804337,1.0687007353863802,3.3718658016250402,0.02693981548557323,0.058797728575364666
Wang,CREB5_-_+,CREB5 (-),proband vs sibling,2.791377405724597,1.6160710658574577,4.821438849940428,3.3383524968334776e-5,1.3157032395655268e-4
Wang,CREM_+_+,CREM (+),asd_d_proband vs asd_da_proband,1.076748162078988,0.39134118191206696,2.962598004318873,1,1
Wang,CREM_+_+,CREM (+),asd_d_proband vs sibling,1.3824157975722349,0.3457389468022379,5.527504075120612,0.7458838132778,0.8760969308888322
Wang,CREM_+_+,CREM (+),asd_da_proband vs sibling,1.2838803410660697,0.3533418642338722,4.665025282950643,1,1
Wang,CREM_+_+,CREM (+),proband vs sibling,1.3191398244165062,0.38437482750706325,4.527169189635954,1,1
Wang,CTCFL_+_+,CTCFL (+),asd_d_proband vs asd_da_proband,1.1964051466688996,0.3376214564916946,4.239615840325133,0.7523949926568312,0.8787593667786148
Wang,CTCFL_+_+,CTCFL (+),asd_d_proband vs sibling,2.7647994641212428,0.3090234096293308,24.736365720558577,0.6546713484549607,0.802484120035172
Wang,CTCFL_+_+,CTCFL (+),asd_da_proband vs sibling,2.31092240936873,0.2782163295397561,19.194999772144786,0.6815790158104085,0.8226268594048692
Wang,CTCFL_+_+,CTCFL (+),proband vs sibling,2.473297080281036,0.3166128774255696,19.320750618441753,0.7041161023195377,0.8407030610593051
Wang,CUX1_+_+,CUX1 (+),asd_d_proband vs asd_da_proband,1.5780112060640943,1.0832087185932844,2.2988361556927517,0.021105371754756682,0.047638735551494886
Wang,CUX1_+_+,CUX1 (+),asd_d_proband vs sibling,3.5251577803835015,1.7897645248617016,6.943224767268516,6.60336956299246e-5,2.4817119108441136e-4
Wang,CUX1_+_+,CUX1 (+),asd_da_proband vs sibling,2.2339244276826253,1.1418592383833555,4.370432169610136,0.014492781213649646,0.034080856183879266
Wang,CUX1_+_+,CUX1 (+),proband vs sibling,2.5475680978869524,1.3310310697843406,4.87599678227113,0.0020338911888006833,0.005848731599929587
Wang,CUX1_-_+,CUX1 (-),asd_d_proband vs asd_da_proband,3.0322577295096758,1.9157538403428853,4.799461572017786,1.3657804047248207e-6,6.576247086175009e-6
Wang,CUX1_-_+,CUX1 (-),asd_d_proband vs sibling,3.763252142704765,1.8487155237751483,7.660489949612429,4.396904842154976e-5,1.6915457395283713e-4
Wang,CUX1_-_+,CUX1 (-),asd_da_proband vs sibling,1.2410726522620796,0.5874977873252927,2.6217312837980153,0.717651760477186,0.8517206276637785
Wang,CUX1_-_+,CUX1 (-),proband vs sibling,1.9512175627191861,0.9752705617618256,3.9037884730017964,0.06673513250106287,0.12973957390168542
Wang,CUX2_+_+,CUX2 (+),asd_d_proband vs asd_da_proband,1.7555808524620113,1.384779073199576,2.225672086746686,4.749259064084356e-6,2.1439915794751477e-5
Wang,CUX2_+_+,CUX2 (+),asd_d_proband vs sibling,3.4560380196779015,2.286280277053871,5.224293326297942,6.054927041460749e-11,4.771659632154621e-10
Wang,CUX2_+_+,CUX2 (+),asd_da_proband vs sibling,1.96860088490438,1.3032688592573727,2.9735916856438807,6.744420252828215e-4,0.0021202142780243115
Wang,CUX2_+_+,CUX2 (+),proband vs sibling,2.3817677251172045,1.6024700637084344,3.5400458485208492,2.5101078585583614e-6,1.1738748763586588e-5
Wang,CUX2_-_+,CUX2 (-),asd_d_proband vs asd_da_proband,2.0750020023494233,1.4849723187651738,2.8994704179633852,2.444067647382192e-5,9.843260949448172e-5
Wang,CUX2_-_+,CUX2 (-),asd_d_proband vs sibling,2.6920767103576972,1.6261835356663352,4.456616891943086,4.7560088154425436e-5,1.820472281877377e-4
Wang,CUX2_-_+,CUX2 (-),asd_da_proband vs sibling,1.2973851144768007,0.7774712449763768,2.1649779926164667,0.39092275622443845,0.5550664447014705
Wang,CUX2_-_+,CUX2 (-),proband vs sibling,1.7313608960954794,1.070595820678279,2.7999460623985963,0.024641875446482813,0.054276471304994786
Wang,DBP_+_+,DBP (+),asd_d_proband vs asd_da_proband,2.629285935115347,1.784274087585437,3.874485751205732,7.792409461955973e-7,3.866495108846347e-6
Wang,DBP_+_+,DBP (+),asd_d_proband vs sibling,4.838468031230217,2.4064876312030576,9.728191653963847,2.1289204385741148e-7,1.1355073299420484e-6
Wang,DBP_+_+,DBP (+),asd_da_proband vs sibling,1.8402213188798553,0.8971247065044244,3.7747422157782395,0.1201856323512017,0.21552974620461562
Wang,DBP_+_+,DBP (+),proband vs sibling,2.803167754346223,1.417954016598445,5.5416109175786525,0.001155985343148713,0.003471004112091225
Wang,DBX2_+_+,DBX2 (+),asd_d_proband vs asd_da_proband,1.1288605022034586,0.7562650879326364,1.6850255998443684,0.6039184562328099,0.7576008174443539
Wang,DBX2_+_+,DBX2 (+),asd_d_proband vs sibling,2.0736252822436887,1.1069490095189873,3.884480472166195,0.02321155475179358,0.051701121677346036
Wang,DBX2_+_+,DBX2 (+),asd_da_proband vs sibling,1.8369189799768117,1.0102659252053923,3.3399833200481788,0.05214603069008663,0.1049604039260002
Wang,DBX2_+_+,DBX2 (+),proband vs sibling,1.8835655871097108,1.0565197238262192,3.358024692710336,0.032009837041190176,0.06867887739154806
Wang,DEAF1_+_+,DEAF1 (+),asd_d_proband vs asd_da_proband,1.79463382449967,0.4488337079682183,7.175732363368683,0.46837198348153336,0.6348811888475626
Wang,DEAF1_+_+,DEAF1 (+),asd_d_proband vs sibling,Inf,NA,NA,0.1501390513202277,0.2585697828642397
Wang,DEAF1_+_+,DEAF1 (+),asd_da_proband vs sibling,Inf,NA,NA,0.581494535380144,0.7367806816702486
Wang,DEAF1_+_+,DEAF1 (+),proband vs sibling,Inf,NA,NA,0.369993528362333,0.5294755016306714
Wang,DLX1_+_+,DLX1 (+),asd_d_proband vs asd_da_proband,1.674960090128886,1.0999655558881634,2.550526503767913,0.018449099952850826,0.04235667857118725
Wang,DLX1_+_+,DLX1 (+),asd_d_proband vs sibling,3.225639754146494,1.5702051255291811,6.626364705072342,5.309005510507909e-4,0.0017150723475435124
Wang,DLX1_+_+,DLX1 (+),asd_da_proband vs sibling,1.92580096275505,0.9414484440682748,3.939365316832282,0.06949787765148227,0.13413679351800922
Wang,DLX1_+_+,DLX1 (+),proband vs sibling,2.226034657464523,1.1180215780389369,4.432141913508419,0.01694079116368657,0.0391834235716379
Wang,DLX1_-_+,DLX1 (-),asd_d_proband vs asd_da_proband,2.4134170358270466,1.492507299287949,3.9025482767146404,3.320029126025548e-4,0.0011111486163884183
Wang,DLX1_-_+,DLX1 (-),asd_d_proband vs sibling,3.8509753584961683,1.7225230111579033,8.609470593821417,2.47691095632628e-4,8.482954440651281e-4
Wang,DLX1_-_+,DLX1 (-),asd_da_proband vs sibling,1.595652678889991,0.6990086461442497,3.642454904804399,0.35209690572905916,0.5112532373592172
Wang,DLX1_-_+,DLX1 (-),proband vs sibling,2.3673501582365084,1.0867997300073264,5.156742881841387,0.027431657033251462,0.059728351591220474
Wang,DLX2_+_+,DLX2 (+),asd_d_proband vs asd_da_proband,5.168459155875658,3.279165443461151,8.146270905367752,2.013799294217312e-14,2.1840132821809181e-13
Wang,DLX2_+_+,DLX2 (+),asd_d_proband vs sibling,24.883755644288538,6.105527842951451,101.41650499219337,2.2260438134597645e-14,2.402755822348158e-13
Wang,DLX2_+_+,DLX2 (+),asd_da_proband vs sibling,4.8145404449989595,1.1403863350842174,20.326269250515836,0.01659830803438453,0.03853490976774575
Wang,DLX2_+_+,DLX2 (+),proband vs sibling,11.130269606206685,2.7413493007266663,45.19048392483581,6.308846516911154e-7,3.1753365618265537e-6
Wang,DLX2_-_+,DLX2 (-),asd_d_proband vs asd_da_proband,3.230327308255984,1.0826024152882083,9.63882434687379,0.04610410762687628,0.09391959313077881
Wang,DLX2_-_+,DLX2 (-),asd_d_proband vs sibling,6.22085979482169,0.788143331310748,49.101597449881545,0.055596283813009434,0.11058676970389879
Wang,DLX2_-_+,DLX2 (-),asd_da_proband vs sibling,1.9257676393728225,0.22498797773148757,16.48346297543768,1,1
Wang,DLX2_-_+,DLX2 (-),proband vs sibling,3.2153445442785724,0.42062388465540346,24.578824255050943,0.3284173772523884,0.4844375641684896
Wang,DLX5_+_+,DLX5 (+),asd_d_proband vs asd_da_proband,2.576858305977945,1.7122300651108215,3.8780995991083396,4.899809533679073e-6,2.2011472403633254e-5
Wang,DLX5_+_+,DLX5 (+),asd_d_proband vs sibling,3.2256261421046974,1.7291910717953785,6.017070165546435,5.9411944298836165e-5,2.251426008994998e-4
Wang,DLX5_+_+,DLX5 (+),asd_da_proband vs sibling,1.2517669809867713,0.6554372172059398,2.390649376561731,0.6391181915119791,0.7887248340116675
Wang,DLX5_+_+,DLX5 (+),proband vs sibling,1.8756339738552754,1.0273716038115726,3.424274907762935,0.035618150425730404,0.07500720825441606
Wang,DLX6_+_+,DLX6 (+),asd_d_proband vs asd_da_proband,2.639142125068776,1.4252047950128828,4.88706688378043,0.0019475101278203033,0.005621615102801953
Wang,DLX6_+_+,DLX6 (+),asd_d_proband vs sibling,2.1600519731002934,0.9743264657308123,4.788769155515836,0.05322646598085418,0.10675761890919894
Wang,DLX6_+_+,DLX6 (+),asd_da_proband vs sibling,0.818467468114853,0.35322527443329704,1.896492252535116,0.6569542515420405,0.804201115059434
Wang,DLX6_+_+,DLX6 (+),proband vs sibling,1.2366931124832803,0.5788859405700751,2.6419882523964078,0.7180208109994324,0.8519366486330853
Wang,DRGX_+_+,DRGX (+),asd_d_proband vs asd_da_proband,0.29909871649679126,0.03600906146239708,2.4843758369944657,0.4336467697586758,0.5979988060445047
Wang,DRGX_+_+,DRGX (+),asd_d_proband vs sibling,0.34559031710079274,0.03133695840578639,3.8112399336041864,0.5713105205663185,0.728133617934977
Wang,DRGX_+_+,DRGX (+),asd_da_proband vs sibling,1.1554389839867476,0.23320822671062524,5.724666168714972,1,1
Wang,DRGX_+_+,DRGX (+),proband vs sibling,0.865647636897827,0.17982977592299884,4.166973057830279,0.695428056504574,0.834922149569481
Wang,E2F1_+_+,E2F1 (+),asd_d_proband vs asd_da_proband,1.0767585384669331,0.6491409860920924,1.7860664709237184,0.7948936381890512,0.9145593639684587
Wang,E2F1_+_+,E2F1 (+),asd_d_proband vs sibling,1.5080873961580883,0.7387473014424198,3.0786272789223186,0.30393909738425084,0.4555669977583438
Wang,E2F1_+_+,E2F1 (+),asd_da_proband vs sibling,1.4005808566006566,0.7186426858975435,2.729627357754667,0.35304974548832946,0.5124734195982602
Wang,E2F1_+_+,E2F1 (+),proband vs sibling,1.4165651132575585,0.7465946768642493,2.687745817484931,0.38055926081625546,0.5423806707268257
Wang,E2F2_+_+,E2F2 (+),asd_d_proband vs asd_da_proband,1.289076703560921,0.8995735226010977,1.8472294992172138,0.18585674045790213,0.3086321360953842
Wang,E2F2_+_+,E2F2 (+),asd_d_proband vs sibling,1.6023423784767752,0.9719334567016806,2.641642882194416,0.07356891980125653,0.141287998280367
Wang,E2F2_+_+,E2F2 (+),asd_da_proband vs sibling,1.2430155428691676,0.770509607515631,2.0052801739827584,0.41885070846709943,0.5836234252271759
Wang,E2F2_+_+,E2F2 (+),proband vs sibling,1.3153833695253883,0.8341576490754937,2.074228307732479,0.286834125207921,0.43658971285374615
Wang,E2F3_-_+,E2F3 (-),asd_d_proband vs asd_da_proband,1.483532970658997,1.059721687199322,2.076837816586412,0.02550370668112637,0.055985245268689456
Wang,E2F3_-_+,E2F3 (-),asd_d_proband vs sibling,1.3824133738450055,0.8982527401684247,2.1275378863049177,0.1699498403389893,0.2857591446083781
Wang,E2F3_-_+,E2F3 (-),asd_da_proband vs sibling,0.9318386589217,0.6131842054023077,1.4160888010663764,0.7454173240060149,0.8760969308888322
Wang,E2F3_-_+,E2F3 (-),proband vs sibling,1.05317725458541,0.7122216279913163,1.5573555842502227,0.8448289856064399,0.956548851463419
Wang,E2F5_-_+,E2F5 (-),asd_d_proband vs asd_da_proband,1.372332034590896,0.6665675284776094,2.825362971799263,0.44676973022597066,0.6133321643096131
Wang,E2F5_-_+,E2F5 (-),asd_d_proband vs sibling,1.4976252019386105,0.5692384416691105,3.9401436749512704,0.4893253937214612,0.6519096545227312
Wang,E2F5_-_+,E2F5 (-),asd_da_proband vs sibling,1.0912994553720123,0.4302729142303245,2.7678584031383977,1,1
Wang,E2F5_-_+,E2F5 (-),proband vs sibling,1.07180391363413,0.4411608400124049,2.6039564827402533,1,1
Wang,E2F7_+_+,E2F7 (+),asd_d_proband vs asd_da_proband,1.3585258921587788,1.0178944350384531,1.8131473521574806,0.03989465171415451,0.08282595194073554
Wang,E2F7_+_+,E2F7 (+),asd_d_proband vs sibling,2.6660803683312455,1.6498086976073512,4.308368928294343,1.8361198968558456e-5,7.555127488869355e-5
Wang,E2F7_+_+,E2F7 (+),asd_da_proband vs sibling,1.9624803500025194,1.2292675511248259,3.1330275663926055,0.0030158517757588477,0.008361049810457427
Wang,E2F7_+_+,E2F7 (+),proband vs sibling,2.1082521130645637,1.3414714567458075,3.313322061300794,5.104857532065979e-4,0.0016526386679858232
Wang,E2F7_-_+,E2F7 (-),asd_d_proband vs asd_da_proband,2.948269633153197,1.5171470034890413,5.729368221921333,0.0015814748696822726,0.004620665831560457
Wang,E2F7_-_+,E2F7 (-),asd_d_proband vs sibling,3.9744772771748136,1.3745267960085354,11.49229660174688,0.005417571396310448,0.014231563025574738
Wang,E2F7_-_+,E2F7 (-),asd_da_proband vs sibling,1.3480711643473666,0.44373828960581385,4.095422700076713,0.7938960197748374,0.9136423425967369
Wang,E2F7_-_+,E2F7 (-),proband vs sibling,2.1642166896492285,0.769197219110316,6.089249627259149,0.1609862811916678,0.27402632603228055
Wang,E2F8_+_+,E2F8 (+),asd_d_proband vs asd_da_proband,1.0520063785085332,0.6889131380716382,1.6064687393253845,0.8282313248462357,0.9423441586137986
Wang,E2F8_+_+,E2F8 (+),asd_d_proband vs sibling,1.566736099895505,0.8534006813850549,2.876330029092434,0.1903204828564298,0.31387031115533587
Wang,E2F8_+_+,E2F8 (+),asd_da_proband vs sibling,1.4892838407659872,0.8441330420620663,2.627508044168718,0.19187027678837063,0.31619721807924317
Wang,E2F8_+_+,E2F8 (+),proband vs sibling,1.4675314680927887,0.8491965276496274,2.536101526231341,0.17809225372607673,0.29786033749268503
Wang,EBF1_+_+,EBF1 (+),asd_d_proband vs asd_da_proband,2.469790116973235,1.9114657192484685,3.1911967661637948,4.3863103841924056e-12,3.842239192307002e-11
Wang,EBF1_+_+,EBF1 (+),asd_d_proband vs sibling,4.575146472076655,2.8914764873420036,7.239196075980277,2.351558049953496e-14,2.520316921773688e-13
Wang,EBF1_+_+,EBF1 (+),asd_da_proband vs sibling,1.8524434285467006,1.1577063967191796,2.9640906068157733,0.008356414444797315,0.020971607601130454
Wang,EBF1_+_+,EBF1 (+),proband vs sibling,2.720712365311269,1.740507076406762,4.2529420736625045,7.40567343412526e-7,3.6987765890833944e-6
Wang,EBF1_-_+,EBF1 (-),asd_d_proband vs asd_da_proband,1.3958015308497624,0.5198264975242449,3.747908047784103,0.6032616424777708,0.7569864690678026
Wang,EBF1_-_+,EBF1 (-),asd_d_proband vs sibling,1.6127919062002665,0.4170551286694269,6.236819916358861,0.5418561247171053,0.7025375630741195
Wang,EBF1_-_+,EBF1 (-),asd_da_proband vs sibling,1.1554593332609404,0.31281456743568686,4.267979850696385,1,1
Wang,EBF1_-_+,EBF1 (-),proband vs sibling,1.3191078879165068,0.38436552175611005,4.527059586441398,1,1
Wang,EBF2_+_+,EBF2 (+),asd_d_proband vs asd_da_proband,1.9705362367325359,1.3484254075955429,2.879664709967202,5.443747158410938e-4,0.001753020176230405
Wang,EBF2_+_+,EBF2 (+),asd_d_proband vs sibling,4.83841619272797,2.306637138693228,10.149091446309917,1.2185922765902687e-6,5.892449914934898e-6
Wang,EBF2_+_+,EBF2 (+),asd_da_proband vs sibling,2.4553804708259706,1.1652778997411222,5.173781514137479,0.013066586075094056,0.031112545515971472
Wang,EBF2_+_+,EBF2 (+),proband vs sibling,3.1226179757617336,1.5201349568327494,6.414392997623249,4.377664881200779e-4,0.001437654184129023
Wang,EBF3_+_+,EBF3 (+),asd_d_proband vs asd_da_proband,1.7945870564536957,0.7469570462191102,4.311550067694837,0.24236165008260158,0.3826549806099041
Wang,EBF3_+_+,EBF3 (+),asd_d_proband vs sibling,6.912091317597231,0.8848339079606587,53.99545152255543,0.03359431354379534,0.0715752864161349
Wang,EBF3_+_+,EBF3 (+),asd_da_proband vs sibling,3.85163332853648,0.49305711014610204,30.08795328617631,0.31005602844032754,0.46093587430617616
Wang,EBF3_+_+,EBF3 (+),proband vs sibling,4.69943259527594,0.6291164891915402,35.10425667895359,0.15501919706004558,0.26515675651840315
Wang,EGR1_+_+,EGR1 (+),asd_d_proband vs asd_da_proband,2.2849212677095596,1.8827582462943757,2.772987562214698,6.325362811956197e-17,8.449274958492808e-16
Wang,EGR1_+_+,EGR1 (+),asd_d_proband vs sibling,3.834550390530992,2.760727829716631,5.326050811401651,6.441742925837726e-20,1.0405013839429377e-18
Wang,EGR1_+_+,EGR1 (+),asd_da_proband vs sibling,1.6781980389087126,1.2000673589740045,2.3468254817003613,0.0017384568749237465,0.005059853715832375
Wang,EGR1_+_+,EGR1 (+),proband vs sibling,2.349700855147067,1.709737553814031,3.229205614839872,5.185559008140658e-9,3.374317326011528e-8
Wang,EGR1_-_+,EGR1 (-),asd_d_proband vs asd_da_proband,2.7391203853836625,1.819543079340854,4.123442072249421,1.0456712359766605e-6,5.0778597866457234e-6
Wang,EGR1_-_+,EGR1 (-),asd_d_proband vs sibling,4.454449801831804,2.2071909975602435,8.98976258011755,1.3422036739717875e-6,6.469563740678828e-6
Wang,EGR1_-_+,EGR1 (-),asd_da_proband vs sibling,1.626233671802592,0.7863807630090135,3.363047622356739,0.25335320284258045,0.39562010248472884
Wang,EGR1_-_+,EGR1 (-),proband vs sibling,2.555818287102117,1.289389299241057,5.066124808489183,0.003952061299768278,0.010670799775011562
Wang,EGR2_+_+,EGR2 (+),asd_d_proband vs asd_da_proband,1.2278666834149814,0.6064182622440055,2.486166209212657,0.5831175649503149,0.7386263927554739
Wang,EGR2_+_+,EGR2 (+),asd_d_proband vs sibling,2.995205515778308,0.8535349328574904,10.51070757199656,0.07959555728572511,0.15150763202527281
Wang,EGR2_+_+,EGR2 (+),asd_da_proband vs sibling,2.439357265927233,0.7218671970340266,8.24315593682739,0.15979232703616988,0.27250245213394003
Wang,EGR2_+_+,EGR2 (+),proband vs sibling,2.473368670967154,0.754850113581027,8.104327564448536,0.18641195477279626,0.30921575163513726
Wang,EGR3_+_+,EGR3 (+),asd_d_proband vs asd_da_proband,1.5410120493209833,1.1408857859560428,2.0814687722333955,0.0051752274482334566,0.013649774769370812
Wang,EGR3_+_+,EGR3 (+),asd_d_proband vs sibling,2.482060182401609,1.5474500251893253,3.981144882730399,6.599248522305252e-5,2.4817119108441136e-4
Wang,EGR3_+_+,EGR3 (+),asd_da_proband vs sibling,1.6106689000227352,1.0115635086857047,2.5645985479162725,0.046559806359653164,0.0945519033934409
Wang,EGR3_+_+,EGR3 (+),proband vs sibling,1.8550263336381185,1.188921812884397,2.894322117063784,0.004354270488473492,0.011702128141214699
Wang,EGR4_+_+,EGR4 (+),asd_d_proband vs asd_da_proband,1.7946044667938834,1.1513557987743699,2.797228446380282,0.01256304460503532,0.030102403038367115
Wang,EGR4_+_+,EGR4 (+),asd_d_proband vs sibling,2.0736193806766527,1.1069458591263677,3.8844694168795417,0.023211590303001677,0.051701121677346036
Wang,EGR4_+_+,EGR4 (+),asd_da_proband vs sibling,1.1554743226407087,0.6168188476115636,2.164526773868599,0.7576580938766945,0.8839991336086944
Wang,EGR4_+_+,EGR4 (+),proband vs sibling,1.4649905137883708,0.8139578840142128,2.6367423273861172,0.23439613253287822,0.37175291911116304
Wang,ELF1_+_+,ELF1 (+),asd_d_proband vs asd_da_proband,1.067056379279282,0.86026369653646,1.3235584869439552,0.5793558941906658,0.7354977976695882
Wang,ELF1_+_+,ELF1 (+),asd_d_proband vs sibling,1.3617812230520538,1.014901517693321,1.8272197519932347,0.04325536388381172,0.08895177539086338
Wang,ELF1_+_+,ELF1 (+),asd_da_proband vs sibling,1.2762036285016511,0.9711136509932603,1.677142216809476,0.087615123033220485,0.1644592657845423
Wang,ELF1_+_+,ELF1 (+),proband vs sibling,1.2662185767007272,0.9745723206545681,1.6451416175098819,0.08265171919378775,0.1568007417441496
Wang,ELF1_-_+,ELF1 (-),asd_d_proband vs asd_da_proband,2.011030654507304,1.6611645626106513,2.4345837759819684,1.0007311982580212e-12,9.227389894869003e-12
Wang,ELF1_-_+,ELF1 (-),asd_d_proband vs sibling,3.4253203442409803,2.4865472486192277,4.718518607352563,2.842214113757069e-17,3.887773359808844e-16
Wang,ELF1_-_+,ELF1 (-),asd_da_proband vs sibling,1.7032661021669873,1.2324707371142256,2.3539020663354266,9.647391770378234e-4,0.0029413567278495888
Wang,ELF1_-_+,ELF1 (-),proband vs sibling,2.2425251737321434,1.6482879798194894,3.050995467050071,1.668682468036608e-8,1.0216194411164984e-7
Wang,ELF2_+_+,ELF2 (+),asd_d_proband vs asd_da_proband,1.9905567471948324,1.7220800664185139,2.3008896282293523,2.066774140169635e-20,3.461086841350253e-19
Wang,ELF2_+_+,ELF2 (+),asd_d_proband vs sibling,3.6548744350133564,2.8459940358835136,4.693652540128144,8.209579981765674e-31,2.4440939096040945e-29
Wang,ELF2_+_+,ELF2 (+),asd_da_proband vs sibling,1.8361066270348452,1.4266588774962463,2.3630649197359697,6.520501119330467e-7,3.271022312615669e-6
Wang,ELF2_+_+,ELF2 (+),proband vs sibling,2.3615602247317424,1.8556077758171172,3.00546633168705,6.40328050553275e-15,7.328377563492884e-14
Wang,ELF2_-_+,ELF2 (-),asd_d_proband vs asd_da_proband,2.1106237566846096,1.7083934784943777,2.6075565719247824,4.6375717871782e-12,4.04677001735569e-11
Wang,ELF2_-_+,ELF2 (-),asd_d_proband vs sibling,3.590433347432513,2.5131880222078964,5.12942585610057,1.951677593460089e-15,2.3030806834742757e-14
Wang,ELF2_-_+,ELF2 (-),asd_da_proband vs sibling,1.7011242937359918,1.1847520521473605,2.4425565311271056,0.0030231590640369755,0.00837621018046741
Wang,ELF2_-_+,ELF2 (-),proband vs sibling,2.2535142117052405,1.5973888347651348,3.1791422300157497,3.48452094066654e-7,1.8139420439698386e-6
Wang,ELF5_extended_+_+,ELF5 (+),asd_d_proband vs asd_da_proband,0,NA,NA,1,1
Wang,ELF5_extended_+_+,ELF5 (+),asd_d_proband vs sibling,NA,NA,NA,NA,NA
Wang,ELF5_extended_+_+,ELF5 (+),asd_da_proband vs sibling,Inf,NA,NA,1,1
Wang,ELF5_extended_+_+,ELF5 (+),proband vs sibling,Inf,NA,NA,1,1
Wang,ELK1_+_+,ELK1 (+),asd_d_proband vs asd_da_proband,1.4356911096690461,0.38552953733748824,5.346435908951842,0.7300961279039169,0.862237204270099
Wang,ELK1_+_+,ELK1 (+),asd_d_proband vs sibling,0.691217823923859,0.1728719556547764,2.7637917226097746,0.7236646560044873,0.8562957735158243
Wang,ELK1_+_+,ELK1 (+),asd_da_proband vs sibling,0.481453022358826,0.12928572149654194,1.792904970907001,0.27515108593670795,0.422280556296222
Wang,ELK1_+_+,ELK1 (+),proband vs sibling,0.5565134099616859,0.17138277296743087,1.8071079730168642,0.30397194194843113,0.4555669977583438
Wang,EMX1_+_+,EMX1 (+),asd_d_proband vs asd_da_proband,1.5520766538236734,0.9670027442364255,2.4911428159872124,0.07815729781566855,0.14914390094276087
Wang,EMX1_+_+,EMX1 (+),asd_d_proband vs sibling,3.1597841205913273,1.3947096196833313,7.15864832925439,0.0030642877718240168,0.008459291394338422
Wang,EMX1_+_+,EMX1 (+),asd_da_proband vs sibling,2.0358428256793433,0.9076208057673288,4.566506171446831,0.09189462601234384,0.17112838456557353
Wang,EMX1_+_+,EMX1 (+),proband vs sibling,2.3673602365438318,1.0868043567422603,5.156764835179962,0.027431769819721893,0.059728351591220474
Wang,EMX1_-_+,EMX1 (-),asd_d_proband vs asd_da_proband,2.009943135662063,1.1721014549820827,3.4466908913245935,0.014009513327179701,0.033046780530970245
Wang,EMX1_-_+,EMX1 (-),asd_d_proband vs sibling,3.870739236393176,1.4946242618764296,10.02434030968001,0.002209961844607036,0.006271885484227445
Wang,EMX1_-_+,EMX1 (-),asd_da_proband vs sibling,1.925795395757889,0.737238919965089,5.030510199458685,0.22224513075892888,0.3564530178193384
Wang,EMX1_-_+,EMX1 (-),proband vs sibling,2.6217732725936322,1.0480325479405552,6.558665669681284,0.031406875798260875,0.06754406597342226
Wang,EMX2_+_+,EMX2 (+),asd_d_proband vs asd_da_proband,2.4838233714733984,1.9953638922363455,3.0918563599760347,2.510493144547444e-16,3.1853192962154895e-15
Wang,EMX2_+_+,EMX2 (+),asd_d_proband vs sibling,3.568124432813958,2.509278496826567,5.073773988875771,1.268653262891017e-15,1.5207146348601533e-14
Wang,EMX2_+_+,EMX2 (+),asd_da_proband vs sibling,1.4365451560661315,0.9993915675378977,2.06491834877205,0.05212463249573061,0.1049604039260002
Wang,EMX2_+_+,EMX2 (+),proband vs sibling,2.065600080551121,1.468819084297565,2.9048531152584176,7.446662768230246e-6,3.26777927835152e-5
Wang,EMX2_-_+,EMX2 (-),asd_d_proband vs asd_da_proband,2.0604650303978995,1.635905106356965,2.5952092972843976,9.066552650186986e-10,6.402813538232825e-9
Wang,EMX2_-_+,EMX2 (-),asd_d_proband vs sibling,3.8263343624763784,2.5585524629751983,5.722311684178837,1.245367171974535e-13,1.246735707328353e-12
Wang,EMX2_-_+,EMX2 (-),asd_da_proband vs sibling,1.8570246551272307,1.2361158378858412,2.789819905267562,0.0021049405642196107,0.006018835072203595
Wang,EMX2_-_+,EMX2 (-),proband vs sibling,2.4910411103442867,1.689358546933803,3.6731609312232334,3.2531715163014174e-7,1.6993344331138711e-6
Wang,EN2_+_+,EN2 (+),asd_d_proband vs asd_da_proband,0.8973142467620996,0.22441618735188174,3.5878555238964704,1,1
Wang,EN2_+_+,EN2 (+),asd_d_proband vs sibling,0.5184049079754602,0.11602543018138244,2.316247810440511,0.4543641563039973,0.621516967900562
Wang,EN2_+_+,EN2 (+),asd_da_proband vs sibling,0.5777294964903218,0.16303329570785957,2.0472589336171416,0.4795591698884792,0.6441780279751923
Wang,EN2_+_+,EN2 (+),proband vs sibling,0.5565014196091441,0.17137908044209244,1.8070690379951926,0.30396463133314033,0.4555669977583438
Wang,EOMES_+_+,EOMES (+),asd_d_proband vs asd_da_proband,2.5566863480827955,2.069070296705392,3.159218462940252,1.9410769991974343e-18,2.908422937942208e-17
Wang,EOMES_+_+,EOMES (+),asd_d_proband vs sibling,5.52967037204863,3.6782277774792207,8.313039940247469,1.2295839566069334e-23,2.5115492925312026e-22
Wang,EOMES_+_+,EOMES (+),asd_da_proband vs sibling,2.1628270421967137,1.4250565003220121,3.2825511222890906,1.1456153149935801e-4,4.128384303635884e-4
Wang,EOMES_+_+,EOMES (+),proband vs sibling,3.196362113585363,2.1447821261347513,4.763528489290477,2.3818908549171714e-11,1.9408788629960133e-10
Wang,EOMES_-_+,EOMES (-),asd_d_proband vs asd_da_proband,2.046958495164612,1.4633494896496857,2.863320833856057,3.451726492748094e-5,1.353064903138345e-4
Wang,EOMES_-_+,EOMES (-),asd_d_proband vs sibling,2.2935527366567694,1.4239160268629532,3.694307850031699,3.4868754417540133e-4,0.0011661319851093636
Wang,EOMES_-_+,EOMES (-),asd_da_proband vs sibling,1.1204686084621012,0.6902896982934994,1.8187290142858277,0.7187641507092,0.852596538145939
Wang,EOMES_-_+,EOMES (-),proband vs sibling,1.495267273185172,0.9523724076767812,2.3476364920238426,0.08639269765245869,0.16240971432395762
Wang,EPAS1_+_+,EPAS1 (+),asd_d_proband vs asd_da_proband,2.484837411438052,1.2175335090472699,5.0712501260960705,0.013716749094706144,0.03240653118588511
Wang,EPAS1_+_+,EPAS1 (+),asd_d_proband vs sibling,1.7773903190525677,0.7423821272624402,4.255377696000225,0.22549620807725612,0.360271914343003
Wang,EPAS1_+_+,EPAS1 (+),asd_da_proband vs sibling,0.7152944135785276,0.2853877942194995,1.7928100236239566,0.46074096981165835,0.6264979351334771
Wang,EPAS1_+_+,EPAS1 (+),proband vs sibling,1.0246791584726231,0.448881890634521,2.339072704234008,1,1
Wang,ERF_+_+,ERF (+),asd_d_proband vs asd_da_proband,2.093696307232712,0.7036373201509651,6.229863171526211,0.2454383034213229,0.38710923548619314
Wang,ERF_+_+,ERF (+),asd_d_proband vs sibling,1.6128508646963848,0.4170703748664658,6.237047914479025,0.5418499896106364,0.7025375630741195
Wang,ERF_+_+,ERF (+),asd_da_proband vs sibling,0.77033658564748,0.1926593722906837,3.0801431984926735,0.7155010406983203,0.8496131880999221
Wang,ERF_+_+,ERF (+),proband vs sibling,0.9069214917524786,0.2530165773789179,3.2508011954124036,0.7477453513898576,0.8767387795333725
Wang,ERG_+_+,ERG (+),asd_d_proband vs asd_da_proband,1.2484167699530178,0.6595638873160689,2.3629923673384163,0.5068657646617852,0.6694037570410065
Wang,ERG_+_+,ERG (+),asd_d_proband vs sibling,1.382411619850578,0.5916383204650313,3.2301185041492797,0.5367074118796271,0.6996858217263026
Wang,ERG_+_+,ERG (+),asd_da_proband vs sibling,1.1073318246939305,0.4953278142342806,2.475499527268679,1,1
Wang,ERG_+_+,ERG (+),proband vs sibling,1.1748439273552782,0.5481109481780521,2.518209603788468,0.8533044775913023,0.963749823840086
Wang,ESR2_+_+,ESR2 (+),asd_d_proband vs asd_da_proband,2.093688930644401,1.3414674162113798,3.267715104615083,0.001288506323120381,0.0038410643336474707
Wang,ESR2_+_+,ESR2 (+),asd_d_proband vs sibling,4.147225023832879,1.8631851987619708,9.231221571389762,1.0613642069760314e-4,3.849861741179247e-4
Wang,ESR2_+_+,ESR2 (+),asd_da_proband vs sibling,1.9808219660197735,0.8815181948620467,4.451020618673077,0.12378274184574267,0.22102328071633
Wang,ESR2_+_+,ESR2 (+),proband vs sibling,2.650033677342105,1.221373618611078,5.74982002561458,0.008035062955946358,0.020288088561161672
Wang,ESR2_-_+,ESR2 (-),asd_d_proband vs asd_da_proband,2.153504980266867,1.266599793515555,3.6614435939249548,0.004701737530227372,0.012516899152650892
Wang,ESR2_-_+,ESR2 (-),asd_d_proband vs sibling,3.45600672142565,1.4384861202837405,8.303161420968962,0.003331023612223372,0.009133874963669734
Wang,ESR2_-_+,ESR2 (-),asd_da_proband vs sibling,1.6048287573485778,0.6583658886824802,3.911920992089996,0.42199370356854665,0.5869264257995876
Wang,ESR2_-_+,ESR2 (-),proband vs sibling,2.14357635454989,0.9207386852908089,4.99047086995603,0.07115098546239623,0.13709506716633454
Wang,ESRRG_+_+,ESRRG (+),asd_d_proband vs asd_da_proband,1.651026347550839,0.9371728671303499,2.9086288089558243,0.09678895588716058,0.1792898308523857
Wang,ESRRG_+_+,ESRRG (+),asd_d_proband vs sibling,5.299258382104009,1.5911282494137025,17.649199183439354,0.002097865605098752,0.006005757786460045
Wang,ESRRG_+_+,ESRRG (+),asd_da_proband vs sibling,3.2096752362341276,0.969099473727416,10.63050326760605,0.05507742943249141,0.10993763850350498
Wang,ESRRG_+_+,ESRRG (+),proband vs sibling,3.545184032290703,1.0998742957602603,11.427060229752373,0.024476006703519224,0.05400702751856112
Wang,ETS1_+_+,ETS1 (+),asd_d_proband vs asd_da_proband,2.0316216782968453,1.4040612753321375,2.9396770043026175,1.7495044129929902e-4,6.120578034702819e-4
Wang,ETS1_+_+,ETS1 (+),asd_d_proband vs sibling,3.1901872906942215,1.7515109311232118,5.81058032174565,3.766634744543737e-5,1.4676664894265802e-4
Wang,ETS1_+_+,ETS1 (+),asd_da_proband vs sibling,1.570266415629424,0.8561018415768318,2.8801907627159196,0.169243875807213,0.28478237284142527
Wang,ETS1_+_+,ETS1 (+),proband vs sibling,2.092849953582586,1.1778676746938683,3.7186018619188395,0.008873771155965163,0.022135831114688566
Wang,ETS2_+_+,ETS2 (+),asd_d_proband vs asd_da_proband,2.4580529994714926,2.0110819311657813,3.004365189989236,1.269124024983668e-18,1.9333979711707716e-17
Wang,ETS2_+_+,ETS2 (+),asd_d_proband vs sibling,3.905323484609526,2.7902611988145747,5.465994196501109,9.098874194351257e-20,1.4593440829320413e-18
Wang,ETS2_+_+,ETS2 (+),asd_da_proband vs sibling,1.588787339186426,1.1247340550246179,2.2443040627091473,0.007867055132519398,0.019896966201346948
Wang,ETS2_+_+,ETS2 (+),proband vs sibling,2.306419700619408,1.6646343498245473,3.195639832835363,3.052064391228622e-8,1.8172749414439706e-7
Wang,ETS2_-_+,ETS2 (-),asd_d_proband vs asd_da_proband,2.283999621457638,1.0369006633803572,5.031006783052903,0.05773602700584973,0.11429274359480467
Wang,ETS2_-_+,ETS2 (-),asd_d_proband vs sibling,4.838390980692553,1.0996464448688734,21.28868546002398,0.02152205246430838,0.04850714941856738
Wang,ETS2_-_+,ETS2 (-),asd_da_proband vs sibling,2.1183851937789355,0.46954919587294475,9.557157947803416,0.5358179226842827,0.6987262060769848
Wang,ETS2_-_+,ETS2 (-),proband vs sibling,3.0917029800393587,0.7323099412817997,13.052707300481673,0.1450401691853965,0.251331881460746
Wang,ETV1_+_+,ETV1 (+),asd_d_proband vs asd_da_proband,1.4839938906802017,0.99078659073628,2.222716665896357,0.06817291352639981,0.13208320761920508
Wang,ETV1_+_+,ETV1 (+),asd_d_proband vs sibling,1.748353106342276,0.997158568030809,3.06544884881563,0.049501697366190714,0.10003562085804481
Wang,ETV1_+_+,ETV1 (+),asd_da_proband vs sibling,1.1781403665623602,0.681375716796234,2.037076885936015,0.6868772311632061,0.828582041299895
Wang,ETV1_+_+,ETV1 (+),proband vs sibling,1.3385336446895546,0.7978417678159335,2.2456486865441363,0.3357785562921208,0.49305974336254355
Wang,ETV1_-_+,ETV1 (-),asd_d_proband vs asd_da_proband,1.345936952388054,0.6367467810123952,2.845002650697936,0.4362248538091785,0.6012115609987316
Wang,ETV1_-_+,ETV1 (-),asd_d_proband vs sibling,1.6588643227321873,0.5844188917095638,4.708661681322384,0.46103646071732496,0.6264979351334771
Wang,ETV1_-_+,ETV1 (-),asd_da_proband vs sibling,1.2324977925518101,0.45151806911767106,3.3643189775627826,0.8108269387454272,0.9272700743121821
Wang,ETV1_-_+,ETV1 (-),proband vs sibling,1.3850759809480608,0.5348250138379993,3.587033933271369,0.6630486024575815,0.8077524939815663
Wang,ETV2_+_+,ETV2 (+),asd_d_proband vs asd_da_proband,1.794581646981085,0.3622096963838397,8.891322678088937,0.6733795810831997,0.8155403632298088
Wang,ETV2_+_+,ETV2 (+),asd_d_proband vs sibling,2.0735111918724702,0.2156867684402822,19.93376178757481,0.6495935945286209,0.797761882738708
Wang,ETV2_+_+,ETV2 (+),asd_da_proband vs sibling,1.155428729230911,0.12018777122964498,11.107748605981874,1,1
Wang,ETV2_+_+,ETV2 (+),proband vs sibling,1.483994916206071,0.17866096108146456,12.326368883246419,1,1
Wang,ETV5_+_+,ETV5 (+),asd_d_proband vs asd_da_proband,2.227780579920528,1.5764796036604163,3.148157642349115,5.761204967572644e-6,2.555237451537818e-5
Wang,ETV5_+_+,ETV5 (+),asd_d_proband vs sibling,2.927465110910579,1.725691605757737,4.966154987950845,1.9043131657046963e-5,7.807512574063809e-5
Wang,ETV5_+_+,ETV5 (+),asd_da_proband vs sibling,1.314072461756988,0.7653481856572012,2.2562102675729045,0.3680798863082265,0.528230586683671
Wang,ETV5_+_+,ETV5 (+),proband vs sibling,1.804102062445588,1.0867188575579758,2.99505638379592,0.01974611356724311,0.045107094934198774
Wang,ETV5_-_+,ETV5 (-),asd_d_proband vs asd_da_proband,3.9630612901628792,2.446825778806305,6.418869265489608,5.733980003351177e-9,3.720552552031996e-8
Wang,ETV5_-_+,ETV5 (-),asd_d_proband vs sibling,18.31682968746685,4.463840443469288,75.16089655277024,2.9665862804158526e-10,2.204372024028419e-9
Wang,ETV5_-_+,ETV5 (-),asd_da_proband vs sibling,4.621889076743004,1.0923256834247286,19.556309040304953,0.02586066263928176,0.05665960477245234
Wang,ETV5_-_+,ETV5 (-),proband vs sibling,8.780395863702623,2.15379942641653,35.79504691929306,2.637972383707959e-5,1.0577433281505063e-4
Wang,ETV6_+_+,ETV6 (+),asd_d_proband vs asd_da_proband,1.9577368237724802,1.3004645636917624,2.947203313463909,0.0014839860677622703,0.004355384367691457
Wang,ETV6_+_+,ETV6 (+),asd_d_proband vs sibling,1.8432154708376343,1.0723003028490936,3.1683692179403673,0.02439688643748597,0.05389321907019815
Wang,ETV6_+_+,ETV6 (+),asd_da_proband vs sibling,0.9415031931032651,0.5440809662179713,1.6292212329819322,0.8873011379208642,0.9952368094630721
Wang,ETV6_+_+,ETV6 (+),proband vs sibling,1.1679799029545945,0.7023949086312067,1.9421795872129346,0.6220148859699122,0.7719721900823864
Wang,ETV6_-_+,ETV6 (-),asd_d_proband vs asd_da_proband,4.253876681466399,2.7129973703293495,6.669916830375274,3.0835406070434246e-11,2.499204175281637e-10
Wang,ETV6_-_+,ETV6 (-),asd_d_proband vs sibling,6.319570879349048,2.8961818219301874,13.78952654032617,1.5378463392997793e-8,9.453292949406876e-8
Wang,ETV6_-_+,ETV6 (-),asd_da_proband vs sibling,1.485602746051059,0.6469558326219397,3.411385148395681,0.44500492738487823,0.611093591871607
Wang,ETV6_-_+,ETV6 (-),proband vs sibling,2.968018406672419,1.3727950154127462,6.416932727350938,0.0022535388414332393,0.006375695293620127
Wang,FEZF2_extended_+_+,FEZF2 (+),asd_d_proband vs asd_da_proband,2.1086465927322884,1.3832266872822532,3.2145059764409996,6.913305508007161e-4,0.0021687401232074804
Wang,FEZF2_extended_+_+,FEZF2 (+),asd_d_proband vs sibling,3.2486714329946236,1.641635158187807,6.428874300673299,2.2309775679612485e-4,7.686915901712169e-4
Wang,FEZF2_extended_+_+,FEZF2 (+),asd_da_proband vs sibling,1.5406429148400553,0.7704718915340663,3.080684210712591,0.26944527604038016,0.4163240272604924
Wang,FEZF2_extended_+_+,FEZF2 (+),proband vs sibling,2.1023659520464126,1.0917951961058627,4.048325741026114,0.020320919136115383,0.04607356230214314
Wang,FLI1_+_+,FLI1 (+),asd_d_proband vs asd_da_proband,2.0016621787219684,1.3766736920738898,2.9103857368627115,3.083272498131366e-4,0.0010426359486999533
Wang,FLI1_+_+,FLI1 (+),asd_d_proband vs sibling,2.8635668363049613,1.597499696813749,5.133030724413112,1.6219445911661132e-4,5.687419255397725e-4
Wang,FLI1_+_+,FLI1 (+),asd_da_proband vs sibling,1.4305944663116463,0.7929072674993237,2.581134781998009,0.27241855054175634,0.4200631339599527
Wang,FLI1_+_+,FLI1 (+),proband vs sibling,1.8196919886888645,1.0412054443391305,3.180235900322396,0.0360324239866414,0.07560004203553734
Wang,FOSL2_+_+,FOSL2 (+),asd_d_proband vs asd_da_proband,1.4356765278679404,0.7974365494906732,2.5847411859757656,0.2758947800761879,0.42252494686133
Wang,FOSL2_+_+,FOSL2 (+),asd_d_proband vs sibling,4.60802497758818,1.3693125631795915,15.506973911617884,0.005444209965917278,0.014284779029235715
Wang,FOSL2_+_+,FOSL2 (+),asd_da_proband vs sibling,3.209654046814677,0.9690930759912817,10.630433087860087,0.05507732757815421,0.10993763850350498
Wang,FOSL2_+_+,FOSL2 (+),proband vs sibling,3.545147458791874,1.0998629490287783,11.4269423437498,0.02447579398323045,0.05400702751856112
Wang,FOS_+_+,FOS (+),asd_d_proband vs asd_da_proband,0.9970019101175942,0.5303750081876836,1.8741697731473435,1,1
Wang,FOS_+_+,FOS (+),asd_d_proband vs sibling,1.7280261113349176,0.6704723806332513,4.453687172967473,0.27694542117053245,0.4230336664761151
Wang,FOS_+_+,FOS (+),asd_da_proband vs sibling,1.733222468080428,0.7156107636934808,4.197896784494911,0.24917282257083712,0.3913571449410143
Wang,FOS_+_+,FOS (+),proband vs sibling,1.6901401130475373,0.7175662886203141,3.9809194593363086,0.2742237781245843,0.422280556296222
Wang,FOXC1_+_+,FOXC1 (+),asd_d_proband vs asd_da_proband,0.448644727900047,0.12660601377607847,1.5898304185495047,0.28358200255667343,0.43201204737312626
Wang,FOXC1_+_+,FOXC1 (+),asd_d_proband vs sibling,0.5184013801035077,0.11602464060000575,2.316232047808715,0.45436294721150927,0.621516967900562
Wang,FOXC1_+_+,FOXC1 (+),asd_da_proband vs sibling,1.155483053439562,0.3726680323009514,3.5826552616882585,1,1
Wang,FOXC1_+_+,FOXC1 (+),proband vs sibling,0.9275125099378012,0.3078377747437624,2.7945870412011584,0.779961238210699,0.9023935585597496
Wang,FOXG1_+_+,FOXG1 (+),asd_d_proband vs asd_da_proband,2.1826162697036073,1.7967956647272356,2.651282989097186,4.8216251714287576e-15,5.532116537999494e-14
Wang,FOXG1_+_+,FOXG1 (+),asd_d_proband vs sibling,3.534579493327971,2.5587449810221305,4.88257027852146,5.792475985340906e-18,8.429625595280456e-17
Wang,FOXG1_+_+,FOXG1 (+),asd_da_proband vs sibling,1.6194232318299155,1.1657087130286763,2.249731493364873,0.0031195370851090113,0.008596183558784965
Wang,FOXG1_+_+,FOXG1 (+),proband vs sibling,2.1923044808784717,1.6052107410631118,2.9941233346699,6.727746782686885e-8,3.830610824392345e-7
Wang,FOXG1_-_+,FOXG1 (-),asd_d_proband vs asd_da_proband,1.3344418227169035,1.0111077932092982,1.7611722411553024,0.048320366683823,0.09786539361708038
Wang,FOXG1_-_+,FOXG1 (-),asd_d_proband vs sibling,2.00449796006618,1.3236853112787714,3.035473792504202,6.702551897211696e-4,0.0021113501999861185
Wang,FOXG1_-_+,FOXG1 (-),asd_da_proband vs sibling,1.5021246531265429,1.0057967809689228,2.243374125096006,0.052678136639810635,0.10584424896088991
Wang,FOXG1_-_+,FOXG1 (-),proband vs sibling,1.6076896942337595,1.094631321908255,2.3612207153360347,0.014981817373637312,0.03515825766971559
Wang,FOXJ1_extended_+_+,FOXJ1 (+),asd_d_proband vs asd_da_proband,0.5981902955587166,0.12073584152527882,2.9637564552503206,0.7197987464786442,0.8527148805822985
Wang,FOXJ1_extended_+_+,FOXJ1 (+),asd_d_proband vs sibling,0.6912043622569939,0.09736546159999429,4.906909108754491,1,1
Wang,FOXJ1_extended_+_+,FOXJ1 (+),asd_da_proband vs sibling,1.155492436752758,0.23321901535887654,5.724931002466858,1,1
Wang,FOXJ1_extended_+_+,FOXJ1 (+),proband vs sibling,0.989353128313892,0.21009582644910965,4.658919832191804,1,1
Wang,FOXM1_+_+,FOXM1 (+),asd_d_proband vs asd_da_proband,1.3957903402235077,0.7891453137141436,2.4687857103171917,0.2916800549945376,0.4421306657238332
Wang,FOXM1_+_+,FOXM1 (+),asd_d_proband vs sibling,3.628818633918603,1.2456520602631604,10.57143089788082,0.013137882119559179,0.03124968097568885
Wang,FOXM1_+_+,FOXM1 (+),asd_da_proband vs sibling,2.5998307405806527,0.9097178545597403,7.429907905830025,0.07135959861346529,0.13743888866145218
Wang,FOXM1_+_+,FOXM1 (+),proband vs sibling,2.782535779045425,1.0007533156087376,7.736677201971923,0.04663228323181298,0.09465688508061859
Wang,FOXN2_+_+,FOXN2 (+),asd_d_proband vs asd_da_proband,1.6948973575601654,1.2930593221800828,2.2216127314415326,1.677399015934639e-4,5.877348090447908e-4
Wang,FOXN2_+_+,FOXN2 (+),asd_d_proband vs sibling,2.350100780954616,1.564213740311804,3.530830562543562,1.717020604296209e-5,7.097127747103218e-5
Wang,FOXN2_+_+,FOXN2 (+),asd_da_proband vs sibling,1.3865741016539357,0.9252782217203128,2.0778482560660185,0.1281262983557125,0.2274417413194302
Wang,FOXN2_+_+,FOXN2 (+),proband vs sibling,1.6653996328718415,1.1349329663942114,2.4438059509201784,0.00817306280359042,0.02058535387887783
Wang,FOXN2_-_+,FOXN2 (-),asd_d_proband vs asd_da_proband,2.4279802995651,1.8343809787806886,3.2136663012035225,4.876780515375969e-10,3.531595428861294e-9
Wang,FOXN2_-_+,FOXN2 (-),asd_d_proband vs sibling,4.968057241870593,2.944859811384644,8.381245403630196,8.161588747742593e-13,7.586946274687249e-12
Wang,FOXN2_-_+,FOXN2 (-),asd_da_proband vs sibling,2.046168678864681,1.1994324815211865,3.490656061820917,0.007293302780616214,0.018559214617713326
Wang,FOXN2_-_+,FOXN2 (-),proband vs sibling,2.9525915658130786,1.772838253706734,4.917423761746423,1.962571240284848e-6,9.254153208589527e-6
Wang,FOXN3_+_+,FOXN3 (+),asd_d_proband vs asd_da_proband,3.908256345517492,2.7460256047596485,5.562390837071118,2.5758156961732627e-15,3.0084206400177465e-14
Wang,FOXN3_+_+,FOXN3 (+),asd_d_proband vs sibling,13.547753485970048,5.515796604677396,33.275633180703274,7.715381825842476e-17,1.0186540352670284e-15
Wang,FOXN3_+_+,FOXN3 (+),asd_da_proband vs sibling,3.4664444417798776,1.3760175987133856,8.732618739165925,0.003933403548825192,0.01062673834410408
Wang,FOXN3_+_+,FOXN3 (+),proband vs sibling,6.579183959467472,2.6940999993681483,16.066835523056284,4.276825685547365e-8,2.484813902763807e-7
Wang,FOXN4_+_+,FOXN4 (+),asd_d_proband vs asd_da_proband,0.8972993208192951,0.40312131697753023,1.997279819334502,0.8440551794811111,0.9560999859961554
Wang,FOXN4_+_+,FOXN4 (+),asd_d_proband vs sibling,1.5552302262153057,0.47894563545179314,5.050136962313257,0.5785685139971962,0.7347251139281732
Wang,FOXN4_+_+,FOXN4 (+),asd_da_proband vs sibling,1.7332345964502403,0.5865945080385196,5.121258595443171,0.4748170446247608,0.6399355878392444
Wang,FOXN4_+_+,FOXN4 (+),proband vs sibling,1.607697813090837,0.5610942996491489,4.606520258418706,0.49436513491988704,0.6567026460688188
Wang,FOXN4_extended_-_+,FOXN4 (-),asd_d_proband vs asd_da_proband,1.2761495419461608,0.8110902862011583,2.0078623565287006,0.28734995911451,0.437167355967466
Wang,FOXN4_extended_-_+,FOXN4 (-),asd_d_proband vs sibling,3.686440141382765,1.5414382250636374,8.816338335866254,0.0014046652181374639,0.004157407451992299
Wang,FOXN4_extended_-_+,FOXN4 (-),asd_da_proband vs sibling,2.888721125708237,1.2324290906279147,6.770945124203038,0.011356216035363464,0.02764701445274216
Wang,FOXN4_extended_-_+,FOXN4 (-),proband vs sibling,3.132949764167603,1.3645681659457605,7.193025947512823,0.0032102046331918305,0.008819389634083165
Wang,FOXO1_+_+,FOXO1 (+),asd_d_proband vs asd_da_proband,1.430827412124367,1.1234040086775512,1.8223782962075372,0.003966727902399032,0.010704055447528192
Wang,FOXO1_+_+,FOXO1 (+),asd_d_proband vs sibling,2.330358856393916,1.5980455704674497,3.398258785564573,3.3231982462404883e-6,1.525924194720305e-5
Wang,FOXO1_+_+,FOXO1 (+),asd_da_proband vs sibling,1.628679208021325,1.1267964441598661,2.3541039523058958,0.008143721766226221,0.020539674775836344
Wang,FOXO1_+_+,FOXO1 (+),proband vs sibling,1.830296114685555,1.2859628259651816,2.605039430217356,4.2026556319306897e-4,0.0013861764231313752
Wang,FOXO1_-_+,FOXO1 (-),asd_d_proband vs asd_da_proband,1.7009627909946885,1.3089027963072393,2.2104578158982715,8.728294701241716e-5,3.2088282779786935e-4
Wang,FOXO1_-_+,FOXO1 (-),asd_d_proband vs sibling,3.139232329474671,2.017878484158389,4.8837329382245604,2.5037606010567493e-8,1.5045685406086404e-7
Wang,FOXO1_-_+,FOXO1 (-),asd_da_proband vs sibling,1.8455620229287388,1.188791854865583,2.8651770842272026,0.004446665439877942,0.011928481200614856
Wang,FOXO1_-_+,FOXO1 (-),proband vs sibling,2.195118031503149,1.4393934860760484,3.347620521311486,8.168777096183262e-5,3.025104038464614e-4
Wang,FOXO3_+_+,FOXO3 (+),asd_d_proband vs asd_da_proband,1.3739858309702992,0.9471172462821286,1.9932453675801742,0.09589111702991956,0.17791610512068579
Wang,FOXO3_+_+,FOXO3 (+),asd_d_proband vs sibling,2.419217069477068,1.3357396467670621,4.381550883373488,0.0028842953288598433,0.008015857118156616
Wang,FOXO3_+_+,FOXO3 (+),asd_da_proband vs sibling,1.760729270234638,0.9875223003340418,3.139339295945348,0.05748763132955431,0.11385050465483473
Wang,FOXO3_+_+,FOXO3 (+),proband vs sibling,1.9433577723468858,1.1143360927130646,3.38913856962678,0.01738237972137017,0.040028685354318055
Wang,FOXO3_-_+,FOXO3 (-),asd_d_proband vs asd_da_proband,2.216853715928393,1.1695746536609697,4.201903984873887,0.016819684922932253,0.03893652765122618
Wang,FOXO3_-_+,FOXO3 (-),asd_d_proband vs sibling,2.073644068903371,0.8815346834489133,4.877856544083806,0.12254204998946533,0.2190655563979649
Wang,FOXO3_-_+,FOXO3 (-),asd_da_proband vs sibling,0.9353995953832942,0.38791106875628323,2.2556005061896243,0.8234461576875691,0.9376993120667193
Wang,FOXO3_-_+,FOXO3 (-),proband vs sibling,1.2720271419625584,0.5660857407854338,2.85831797784628,0.7027842270427114,0.8407030610593051
Wang,FOXP1_+_+,FOXP1 (+),asd_d_proband vs asd_da_proband,3.2440560895953556,2.009291287198018,5.237617850379683,9.407578341583299e-7,4.583050197423736e-6
Wang,FOXP1_+_+,FOXP1 (+),asd_d_proband vs sibling,4.6409526672568955,2.0977622377566054,10.267341680605607,1.1024219315498262e-5,4.6974105689517855e-5
Wang,FOXP1_+_+,FOXP1 (+),asd_da_proband vs sibling,1.4306018573913684,0.6209607250395031,3.29589552421602,0.5597367429617175,0.7192103989254226
Wang,FOXP1_+_+,FOXP1 (+),proband vs sibling,2.402707983871254,1.1036294204470438,5.230927654520312,0.020039115471268097,0.04554808300529516
Wang,FOXP1_-_+,FOXP1 (-),asd_d_proband vs asd_da_proband,0.7691106699286377,0.29555956067032046,2.0013943086682846,0.6495641009250027,0.797761882738708
Wang,FOXP1_-_+,FOXP1 (-),asd_d_proband vs sibling,4.147261585599387,0.4992966840032857,34.44801299596686,0.2524701335766554,0.39464892296414106
Wang,FOXP1_-_+,FOXP1 (-),asd_da_proband vs sibling,5.392281953368547,0.7090800866571512,41.00623499624952,0.08361645930296083,0.15817001884831253
Wang,FOXP1_-_+,FOXP1 (-),proband vs sibling,4.946771280474971,0.6638956150777553,36.859026548120816,0.10087420487832463,0.18550014319283606
Wang,FOXP2_+_+,FOXP2 (+),asd_d_proband vs asd_da_proband,3.5891702457931376,2.5094967065942826,5.133357226345811,4.034046796675306e-13,3.852218691584071e-12
Wang,FOXP2_+_+,FOXP2 (+),asd_d_proband vs sibling,12.44162770101041,5.055650956923981,30.61803537654253,3.312521454084337e-15,3.819882335026368e-14
Wang,FOXP2_+_+,FOXP2 (+),asd_da_proband vs sibling,3.4664356519708774,1.3760141095670637,8.732596596001056,0.003933400449017659,0.01062673834410408
Wang,FOXP2_+_+,FOXP2 (+),proband vs sibling,6.232867497469765,2.5499961027250926,15.234782986334297,1.3711348024106853e-7,7.552018168054016e-7
Wang,FOXP2_-_+,FOXP2 (-),asd_d_proband vs asd_da_proband,2.1208875250572397,0.9501739926035968,4.73404232167825,0.08596105637744354,0.16173176860770563
Wang,FOXP2_-_+,FOXP2 (-),asd_d_proband vs sibling,1.283663392203992,0.5121553545884071,3.217366937047656,0.6557601040040346,0.803169473981817
Wang,FOXP2_-_+,FOXP2 (-),asd_da_proband vs sibling,0.6052482166254185,0.23462963669453085,1.5612921235742103,0.2984695732710558,0.44943376897600296
Wang,FOXP2_-_+,FOXP2 (-),proband vs sibling,0.8480077781725033,0.3653891974522007,1.9680855286783312,0.6552398753564679,0.8027481528372005
Wang,GABPA_extended_-_+,GABPA (-),asd_d_proband vs asd_da_proband,2.243236472945892,0.6023816082226553,8.35369109027434,0.29691454650063637,0.4475427213477734
Wang,GABPA_extended_-_+,GABPA (-),asd_d_proband vs sibling,1.727955911823647,0.3352481204511759,8.906333700508052,0.7079125469547012,0.8427970860895619
Wang,GABPA_extended_-_+,GABPA (-),asd_da_proband vs sibling,0.7702959240647682,0.14108974212225278,4.20552055525524,0.672808622401333,0.8155403632298088
Wang,GABPA_extended_-_+,GABPA (-),proband vs sibling,1.1129795625672283,0.24047632926117576,5.151124480725876,1,1
Wang,GBX2_+_+,GBX2 (+),asd_d_proband vs asd_da_proband,2.4471482274950485,1.124006706577713,5.327845832491136,0.024212894092708073,0.05356470742704481
Wang,GBX2_+_+,GBX2 (+),asd_d_proband vs sibling,5.183970653623833,1.1854992693788968,22.66855191881529,0.013432440765418238,0.03185047771289957
Wang,GBX2_+_+,GBX2 (+),asd_da_proband vs sibling,2.1183721506442024,0.46954630480599263,9.557099103312275,0.5358175675698111,0.6987262060769848
Wang,GBX2_+_+,GBX2 (+),proband vs sibling,2.8443516308671444,0.6706086973528141,12.064168317459465,0.20666870803508766,0.33536856463807807
Wang,GCM1_+_+,GCM1 (+),asd_d_proband vs asd_da_proband,1.7945834653151727,0.5787916030685508,5.564230367041418,0.36885836025715935,0.5286067783769778
Wang,GCM1_+_+,GCM1 (+),asd_d_proband vs sibling,1.382404181184669,0.34573604157096827,5.527457627713312,0.7458845001068917,0.8760969308888322
Wang,GCM1_+_+,GCM1 (+),asd_da_proband vs sibling,0.770320360074133,0.1926553143128668,3.0800783215410688,0.7154980290210975,0.8496131880999221
Wang,GCM1_+_+,GCM1 (+),proband vs sibling,0.9069128210940932,0.2530141584040361,3.2507701160004583,0.7477434796008351,0.8767387795333725
Wang,GFI1_+_+,GFI1 (+),asd_d_proband vs asd_da_proband,3.5892008999250065,0.6574089432060887,19.595661472442178,0.19624808542069166,0.32132006412566283
Wang,GFI1_+_+,GFI1 (+),asd_d_proband vs sibling,0.9216454184373524,0.20627564381384283,4.117937831250431,1,1
Wang,GFI1_+_+,GFI1 (+),asd_da_proband vs sibling,0.25678290074445526,0.04290707968735322,1.5367500793621172,0.1353036007253907,0.2374081376136298
Wang,GFI1_+_+,GFI1 (+),proband vs sibling,0.49468521251695813,0.12371961075286937,1.9779682298852737,0.3941218568780184,0.5589119109836157
Wang,GLI2_+_+,GLI2 (+),asd_d_proband vs asd_da_proband,2.99097442754471,0.71479743425376,12.515333152483747,0.14429187570548868,0.25047617905430675
Wang,GLI2_+_+,GLI2 (+),asd_d_proband vs sibling,0.6911917098445596,0.20010198447356922,2.387512452786042,0.7495707999224079,0.8767387795333725
Wang,GLI2_+_+,GLI2 (+),asd_da_proband vs sibling,0.2310924839340598,0.05522759174072711,0.9669756447379465,0.04254778946732524,0.08781385637683119
Wang,GLI2_+_+,GLI2 (+),proband vs sibling,0.39573205741626793,0.12946181527657388,1.2096529075569806,0.15272437332768438,0.26207713595851073
Wang,GLI2_-_+,GLI2 (-),asd_d_proband vs asd_da_proband,2.791582370625272,1.5441689281325597,5.046683682082759,5.945300968686317e-4,0.0018950906866596344
Wang,GLI2_-_+,GLI2 (-),asd_d_proband vs sibling,6.451221741130796,1.9612957122394115,21.21977919674277,1.8432070090174346e-4,6.428643128694038e-4
Wang,GLI2_-_+,GLI2 (-),asd_da_proband vs sibling,2.3109551804791706,0.680728759418263,7.845288996967616,0.22462529371712497,0.35913240185380985
Wang,GLI2_-_+,GLI2 (-),proband vs sibling,3.7100648164436203,1.152983149201727,11.938232533357322,0.01703454175589839,0.039267515837320535
Wang,GLI3_+_+,GLI3 (+),asd_d_proband vs asd_da_proband,1.7945943196583223,1.4553552475166787,2.2129090321042098,6.987825909278801e-8,3.9737262193214657e-7
Wang,GLI3_+_+,GLI3 (+),asd_d_proband vs sibling,3.557679832501373,2.463968414989887,5.136870145569193,2.2788470618830578e-14,2.4539357841317563e-13
Wang,GLI3_+_+,GLI3 (+),asd_da_proband vs sibling,1.9824423790546322,1.3729946584579678,2.862413019644026,1.0615645108498648e-4,3.849861741179247e-4
Wang,GLI3_+_+,GLI3 (+),proband vs sibling,2.4442707946381965,1.7177561925481863,3.4780603577149645,3.2573192741679557e-8,1.929400428327053e-7
Wang,GLI3_-_+,GLI3 (-),asd_d_proband vs asd_da_proband,2.711484992518204,2.294537165292099,3.2041977684486542,1.7389956897375786e-32,5.578257300531458e-31
Wang,GLI3_-_+,GLI3 (-),asd_d_proband vs sibling,4.880770057956082,3.6187843955768124,6.5828504145640165,2.5418899165396994e-35,9.568850057717628e-34
Wang,GLI3_-_+,GLI3 (-),asd_da_proband vs sibling,1.8000358000961032,1.3222130434310115,2.4505346530388215,9.62058939750226e-5,3.5198220647086583e-4
Wang,GLI3_-_+,GLI3 (-),proband vs sibling,2.7509949091296795,2.05371782366677,3.6850111066111912,8.774973743812117e-15,9.918115484631315e-14
Wang,GLIS1_+_+,GLIS1 (+),asd_d_proband vs asd_da_proband,1.8466108633573928,1.4609217654225084,2.334123401661655,3.6425470332939085e-7,1.8884675140787073e-6
Wang,GLIS1_+_+,GLIS1 (+),asd_d_proband vs sibling,3.1661707832607613,2.146789798910037,4.669594309542439,1.6293920875357303e-10,1.2411172171781358e-9
Wang,GLIS1_+_+,GLIS1 (+),asd_da_proband vs sibling,1.7145847271277428,1.1613857141039874,2.531287194941761,0.005815449575865807,0.015136784467467856
Wang,GLIS1_+_+,GLIS1 (+),proband vs sibling,2.1382679074906323,1.4742860005897716,3.1012908230664302,1.623315725611513e-5,6.740385715734222e-5
Wang,GLIS3_+_+,GLIS3 (+),asd_d_proband vs asd_da_proband,1.1963915550569475,0.5763008409256709,2.4836902037354327,0.7039197677993977,0.8407030610593051
Wang,GLIS3_+_+,GLIS3 (+),asd_d_proband vs sibling,2.764837052118391,0.7802275968951078,9.797556450434552,0.11947523521738176,0.21450914324602835
Wang,GLIS3_+_+,GLIS3 (+),asd_da_proband vs sibling,2.310980080419229,0.6807360940933138,7.845373527912836,0.2246250164695704,0.35913240185380985
Wang,GLIS3_+_+,GLIS3 (+),proband vs sibling,2.390951458171227,0.7283420418956315,7.848851976816532,0.1826921119478428,0.30465941303124694
Wang,GLIS3_-_+,GLIS3 (-),asd_d_proband vs asd_da_proband,2.2087484499935863,1.3164488874099465,3.7058557776196195,0.003593199995447203,0.009759855673009023
Wang,GLIS3_-_+,GLIS3 (-),asd_d_proband vs sibling,2.4576616638873445,1.1731598372784038,5.148574526855481,0.0161858693216794,0.0377891515941823
Wang,GLIS3_-_+,GLIS3 (-),asd_da_proband vs sibling,1.1126942336482368,0.5214069864927953,2.37451451489353,0.8528572798000325,0.963749823840086
Wang,GLIS3_-_+,GLIS3 (-),proband vs sibling,1.5115105782120533,0.747036595069266,3.0583029574810845,0.27643412875422796,0.4228198309185723
Wang,GMEB1_+_+,GMEB1 (+),asd_d_proband vs asd_da_proband,1.0254945696358218,0.30020267858101723,3.503097032056454,1,1
Wang,GMEB1_+_+,GMEB1 (+),asd_d_proband vs sibling,2.7649204727856413,0.3090369348453736,24.737448372163787,0.6546720065972995,0.802484120035172
Wang,GMEB1_+_+,GMEB1 (+),asd_da_proband vs sibling,2.6961824612757654,0.33172373990755105,21.914017569309244,0.4573813098915789,0.6241468904424935
Wang,GMEB1_+_+,GMEB1 (+),proband vs sibling,2.7207080200501257,0.3512617983837894,21.073319570827223,0.48066210108287527,0.6445159295281094
Wang,GSX1_+_+,GSX1 (+),asd_d_proband vs asd_da_proband,0.717855961177898,0.13927430676490782,3.7000161262226827,1,1
Wang,GSX1_+_+,GSX1 (+),asd_d_proband vs sibling,0.46082864600566165,0.07700205651955574,2.7578879133634415,0.40488478108186016,0.5711521145332528
Wang,GSX1_+_+,GSX1 (+),asd_da_proband vs sibling,0.6419514093739758,0.15341663108526987,2.686159962463165,0.6934946156416208,0.8335202335089634
Wang,GSX1_+_+,GSX1 (+),proband vs sibling,0.577140639593775,0.14924396804124873,2.2318578247574496,0.42674648503739077,0.5920896251432577
Wang,GSX2_+_+,GSX2 (+),asd_d_proband vs asd_da_proband,1.196376897768264,0.19990832232141845,7.159870409058315,1,1
Wang,GSX2_+_+,GSX2 (+),asd_d_proband vs sibling,Inf,NA,NA,0.5166669390385364,0.6776687598439977
Wang,GSX2_+_+,GSX2 (+),asd_da_proband vs sibling,Inf,NA,NA,0.5652239442933354,0.7232044790725464
Wang,GSX2_+_+,GSX2 (+),proband vs sibling,Inf,NA,NA,0.5904186267681045,0.744355815294001
Wang,GTF2I_-_+,GTF2I (-),asd_d_proband vs asd_da_proband,3.7781271278715476,2.188320925488206,6.522921034159731,8.048640364217253e-7,3.958717982900247e-6
Wang,GTF2I_-_+,GTF2I (-),asd_d_proband vs sibling,3.949749171713042,1.7694124270395202,8.816779107598872,1.6190038903240653e-4,5.685861773651594e-4
Wang,GTF2I_-_+,GTF2I (-),asd_da_proband vs sibling,1.0454251638531231,0.4394827083970052,2.486818599083651,1,1
Wang,GTF2I_-_+,GTF2I (-),proband vs sibling,2.049350538525774,0.935472060964212,4.489538282337384,0.08507930527574084,0.16027139600124052
Wang,HBP1_-_+,HBP1 (-),asd_d_proband vs asd_da_proband,1.2562146892655368,0.4781753310425188,3.3002023380963346,0.6224926134297706,0.7719721900823864
Wang,HBP1_-_+,HBP1 (-),asd_d_proband vs sibling,2.4192266949152543,0.5025705332167346,11.645445593338462,0.32514292595598904,0.4802304994578159
Wang,HBP1_-_+,HBP1 (-),asd_da_proband vs sibling,1.9258067236339107,0.42196343437780043,8.78922492955398,0.5296721498610494,0.6926964328155987
Wang,HBP1_-_+,HBP1 (-),proband vs sibling,2.1023501592945912,0.4857285076039681,9.099478665744028,0.4007354783697438,0.5670550183206534
Wang,HES1_+_+,HES1 (+),asd_d_proband vs asd_da_proband,2.3772571215793556,1.768369831229747,3.195797237826514,1.1594518897381536e-8,7.19523618223064e-8
Wang,HES1_+_+,HES1 (+),asd_d_proband vs sibling,2.7116649193262226,1.762918107143089,4.170997282806663,1.3047625608038028e-6,6.295755788624281e-6
Wang,HES1_+_+,HES1 (+),asd_da_proband vs sibling,1.1406695955230537,0.731287258590913,1.7792284917664427,0.660044354377777,0.8068868303998287
Wang,HES1_+_+,HES1 (+),proband vs sibling,1.5791554961656564,1.044462179465582,2.3875752804626815,0.02946248967091407,0.06375374843278554
Wang,HES1_-_+,HES1 (-),asd_d_proband vs asd_da_proband,1.682439214571271,1.1202539568485714,2.526750022548519,0.012771977102885088,0.030536375586538326
Wang,HES1_-_+,HES1 (-),asd_d_proband vs sibling,3.8880596050454916,1.8328660568384696,8.247742619262638,6.827688259047558e-5,2.559680660079146e-4
Wang,HES1_-_+,HES1 (-),asd_da_proband vs sibling,2.31096587108276,1.093290496877002,4.884852902832949,0.024495828298985625,0.05400702751856112
Wang,HES1_-_+,HES1 (-),proband vs sibling,2.7825499610506257,1.3502281188550314,5.734278658267321,0.002202610335858453,0.006262727890034491
Wang,HES5_extended_+_+,HES5 (+),asd_d_proband vs asd_da_proband,5.084723946492967,2.6330243045464146,9.819285590108858,1.9501944348710075e-7,1.0500160343779478e-6
Wang,HES5_extended_+_+,HES5 (+),asd_d_proband vs sibling,3.916864174042962,1.64444795487078,9.329468234284622,5.926598140804106e-4,0.0018917767716441977
Wang,HES5_extended_+_+,HES5 (+),asd_da_proband vs sibling,0.7703199259705139,0.2891148241379301,2.052446774794653,0.6027843310988845,0.7569864690678026
Wang,HES5_extended_+_+,HES5 (+),proband vs sibling,1.7725850497124944,0.7544885069396421,4.164487238127812,0.21263565187844652,0.34370402322578725
Wang,HES6_extended_+_+,HES6 (+),asd_d_proband vs asd_da_proband,2.5124370214111074,1.7477659923571487,3.6116618667261586,7.590335494209452e-7,3.7804959773027547e-6
Wang,HES6_extended_+_+,HES6 (+),asd_d_proband vs sibling,4.838445807770961,2.4942916842356238,9.385653643756005,3.8389765862289926e-8,2.244741765118493e-7
Wang,HES6_extended_+_+,HES6 (+),asd_da_proband vs sibling,1.9257978474833386,0.9766654685815029,3.7973056984987164,0.06043600591669393,0.11901686422418542
Wang,HES6_extended_+_+,HES6 (+),proband vs sibling,2.8938390901179365,1.5171673637985692,5.519697351337465,3.1830138361689487e-4,0.0010707997063330546
Wang,HEY1_+_+,HEY1 (+),asd_d_proband vs asd_da_proband,5.982188295165394,1.646382062877162,21.7364958023622,0.003040840617326721,0.008406886461438327
Wang,HEY1_+_+,HEY1 (+),asd_d_proband vs sibling,6.912213740458014,0.8848495796139041,53.9964078579597,0.033593190164753095,0.0715752864161349
Wang,HEY1_+_+,HEY1 (+),asd_da_proband vs sibling,1.1554657592513824,0.12019162309477215,11.108104595189918,1,1
Wang,HEY1_+_+,HEY1 (+),proband vs sibling,3.2153783119366293,0.42062830206178464,24.579082382701483,0.3284166644217398,0.4844375641684896
Wang,HEY2_extended_+_+,HEY2 (+),asd_d_proband vs asd_da_proband,3.1405380765438076,1.3174959851749843,7.486155192276748,0.012219107630756908,0.029370994859154467
Wang,HEY2_extended_+_+,HEY2 (+),asd_d_proband vs sibling,9.676819171302585,1.2724927657513099,73.58849637058755,0.006695855324664456,0.01722186375543427
Wang,HEY2_extended_+_+,HEY2 (+),asd_da_proband vs sibling,3.0812615339954794,0.3853833852106152,24.63565634956351,0.45981398951463376,0.6261447708837283
Wang,HEY2_extended_+_+,HEY2 (+),proband vs sibling,5.194074567243675,0.6986756775306806,38.613639314648786,0.10353394680554648,0.1892444332661574
Wang,HEYL_extended_+_+,HEYL (+),asd_d_proband vs asd_da_proband,0.6242117282023729,0.27922021570665595,1.3954587086013235,0.26824730849493766,0.4146136715963492
Wang,HEYL_extended_+_+,HEYL (+),asd_d_proband vs sibling,0.5026952048562721,0.20220191898823217,1.249753069851905,0.1619113175385467,0.2753943433114564
Wang,HEYL_extended_+_+,HEYL (+),asd_da_proband vs sibling,0.8053280355752872,0.39258333672407203,1.6520141947323352,0.5673436543765069,0.7253018090611814
Wang,HEYL_extended_+_+,HEYL (+),proband vs sibling,0.6970363707326355,0.35036824579678216,1.3867115754717356,0.3312805698275386,0.4875815573118741
Wang,HHEX_+_+,HHEX (+),asd_d_proband vs asd_da_proband,1.3459696211271253,0.3012446485358883,6.013830386040107,0.7063545845321983,0.8424941737184376
Wang,HHEX_+_+,HHEX (+),asd_d_proband vs sibling,2.0736169845516526,0.2156977730016209,19.9347788286566,0.6495870655317217,0.797761882738708
Wang,HHEX_+_+,HHEX (+),asd_da_proband vs sibling,1.540612025712133,0.17219519436388178,13.783691365702154,1,1
Wang,HHEX_+_+,HHEX (+),proband vs sibling,1.731336984270773,0.2130143592695894,14.071951596982087,1,1
Wang,HIF1A_+_+,HIF1A (+),asd_d_proband vs asd_da_proband,3.507636531146711,2.0984180340288994,5.863233080880723,7.916615671029967e-7,3.911082904722505e-6
Wang,HIF1A_+_+,HIF1A (+),asd_d_proband vs sibling,14.860905127859425,3.6001161286608774,61.344271497538045,4.292816970648814e-8,2.490927554306414e-7
Wang,HIF1A_+_+,HIF1A (+),asd_da_proband vs sibling,4.236728918717562,0.9962691323730601,18.017091313410504,0.037914588343405574,0.07918429615048712
Wang,HIF1A_+_+,HIF1A (+),proband vs sibling,7.5437319835484935,1.8446262713307395,30.850635233855968,2.0244569710918986e-4,7.023154229492458e-4
Wang,HLF_+_+,HLF (+),asd_d_proband vs asd_da_proband,1.5418311994954281,1.0950516826548529,2.1708961187787055,0.014114490449981958,0.033242763184936824
Wang,HLF_+_+,HLF (+),asd_d_proband vs sibling,4.684853361392215,2.3267559285901966,9.432811902641781,5.359271037693063e-7,2.730590556676947e-6
Wang,HLF_+_+,HLF (+),asd_da_proband vs sibling,3.038499521170253,1.518723074014904,6.079106519231863,6.314436357802459e-4,0.001997379000679875
Wang,HLF_+_+,HLF (+),proband vs sibling,3.490211321467911,1.7751554215302017,6.862258324401896,2.2213461653997435e-5,9.034135520889135e-5
Wang,HLX_+_+,HLX (+),asd_d_proband vs asd_da_proband,1.1963991527418216,0.1999120410111018,7.160003596791148,1,1
Wang,HLX_+_+,HLX (+),asd_d_proband vs sibling,1.3824429277477053,0.1253552382156833,15.245860290188832,1,1
Wang,HLX_+_+,HLX (+),asd_da_proband vs sibling,1.1555030982590735,0.12019550710076993,11.108463554855831,1,1
Wang,HLX_+_+,HLX (+),proband vs sibling,1.2367096869275955,0.1444851423473907,10.585523361725588,1,1
Wang,HMGA1_-_+,HMGA1 (-),asd_d_proband vs asd_da_proband,2.3928369766879087,0.8302554548303152,6.896273627223715,0.10271053949820036,0.18805413909157012
Wang,HMGA1_-_+,HMGA1 (-),asd_d_proband vs sibling,1.1059449866903284,0.36180451618643744,3.380594378637334,1,1
Wang,HMGA1_-_+,HMGA1 (-),asd_da_proband vs sibling,0.4621898597626753,0.14105623323894984,1.514427697112606,0.1924195943682464,0.3167586745021187
Wang,HMGA1_-_+,HMGA1 (-),proband vs sibling,0.6430769230769231,0.2292614534703787,1.8038266910294827,0.3792907780855188,0.540910924915322
Wang,HMGA2_+_+,HMGA2 (+),asd_d_proband vs asd_da_proband,2.1346262775985876,1.7601122581909028,2.588828822598989,1.7867266623559568e-14,1.956379794959467e-13
Wang,HMGA2_+_+,HMGA2 (+),asd_d_proband vs sibling,3.2544387223045894,2.3833966906329924,4.443813922735047,1.2614139863127063e-16,1.651074915992637e-15
Wang,HMGA2_+_+,HMGA2 (+),asd_da_proband vs sibling,1.5245941439293855,1.1108301870429815,2.0924776179258067,0.009017622291367256,0.02247005992186972
Wang,HMGA2_+_+,HMGA2 (+),proband vs sibling,2.0405329322844366,1.5123422495081675,2.753196010421207,4.833768510238708e-7,2.476694664132431e-6
Wang,HMGA2_-_+,HMGA2 (-),asd_d_proband vs asd_da_proband,1.580023441992127,1.2792522923774148,1.9515103409391585,3.0798918617250964e-5,1.2199049939267664e-4
Wang,HMGA2_-_+,HMGA2 (-),asd_d_proband vs sibling,2.7993896236012206,1.980508159957538,3.9568543180827898,2.486649550261355e-10,1.8598832022069739e-9
Wang,HMGA2_-_+,HMGA2 (-),asd_da_proband vs sibling,1.7717392977864246,1.2586439080551506,2.494001773838631,7.467664820524106e-4,0.0023282144597869476
Wang,HMGA2_-_+,HMGA2 (-),proband vs sibling,2.059082574579577,1.483313209726369,2.8583451027982085,3.4491946730963775e-6,1.5790031895431157e-5
Wang,HMX1_+_+,HMX1 (+),asd_d_proband vs asd_da_proband,1.0966982912400727,0.5179959680728498,2.321923752579757,0.8473149453169497,0.9586487244171839
Wang,HMX1_+_+,HMX1 (+),asd_d_proband vs sibling,1.9008206100046485,0.6052663157490067,5.969469797682812,0.3051966568756855,0.4565433408014867
Wang,HMX1_+_+,HMX1 (+),asd_da_proband vs sibling,1.7332210920610887,0.5865899376240316,5.121218693476548,0.4748165116820037,0.6399355878392444
Wang,HMX1_+_+,HMX1 (+),proband vs sibling,1.6695252474202404,0.5841906946131612,4.771240927792108,0.4976937323463214,0.6599698068414068
Wang,HNF4G_+_+,HNF4G (+),asd_d_proband vs asd_da_proband,0.9663225940986341,0.6103759523437856,1.5298429636355915,1,1
Wang,HNF4G_+_+,HNF4G (+),asd_d_proband vs sibling,0.9216105376568311,0.5233915559677587,1.6228117810376652,0.7734243053424968,0.8957499316219502
Wang,HNF4G_+_+,HNF4G (+),asd_da_proband vs sibling,0.9537296791828515,0.5745718128468259,1.5830924535741426,0.8961042799624319,1
Wang,HNF4G_+_+,HNF4G (+),proband vs sibling,0.9304584330467628,0.5750621960241014,1.505494364980919,0.8017511614915933,0.9205715413835125
Wang,HOMEZ_+_+,HOMEZ (+),asd_d_proband vs asd_da_proband,0,NA,NA,1,1
Wang,HOMEZ_+_+,HOMEZ (+),asd_d_proband vs sibling,0,NA,NA,0.40871174109382835,0.5724937814827836
Wang,HOMEZ_+_+,HOMEZ (+),asd_da_proband vs sibling,0.3851586973225367,0.024091228256780627,6.157727640201998,0.47880416865957254,0.6435617304789718
Wang,HOMEZ_+_+,HOMEZ (+),proband vs sibling,0.24733835613838642,0.015470726315695498,3.954323873933068,0.3572657466579262,0.5156811512636724
Wang,HOXD1_+_+,HOXD1 (+),asd_d_proband vs asd_da_proband,2.153505303598831,1.1896847107978068,3.8981631440134348,0.01158268382111538,0.02807311772554103
Wang,HOXD1_+_+,HOXD1 (+),asd_d_proband vs sibling,2.073611935617559,0.9315923404725495,4.615609502923238,0.07357522105840407,0.141287998280367
Wang,HOXD1_+_+,HOXD1 (+),asd_da_proband vs sibling,0.9629007795579801,0.424129407139649,2.186073155187004,1,1
Wang,HOXD1_+_+,HOXD1 (+),proband vs sibling,1.2676003414857036,0.5942704677761136,2.7038372472852292,0.7195838564229031,0.8527148805822985
Wang,HSF4_+_+,HSF4 (+),asd_d_proband vs asd_da_proband,9.571152196892639,2.788870373428189,32.847333188697434,2.048231100953724e-5,8.367437367573285e-5
Wang,HSF4_+_+,HSF4 (+),asd_d_proband vs sibling,3.6864982016660353,1.0741826485279982,12.651730140596,0.033379729546130915,0.07121530120966103
Wang,HSF4_+_+,HSF4 (+),asd_da_proband vs sibling,0.38516765022949795,0.07774037914696999,1.9083276980531048,0.35777172922152106,0.5156811512636724
Wang,HSF4_+_+,HSF4 (+),proband vs sibling,1.5664963340422595,0.46356568331098097,5.293555698603435,0.5997930948557559,0.7547131265660636
Wang,IKZF1_+_+,IKZF1 (+),asd_d_proband vs asd_da_proband,1.2898668106551476,0.7548426159797795,2.2041103059213745,0.3987772763223713,0.5649145156747415
Wang,IKZF1_+_+,IKZF1 (+),asd_d_proband vs sibling,2.2711097397922453,0.9745485606975077,5.292644880094574,0.062266755695732354,0.12225218629054349
Wang,IKZF1_+_+,IKZF1 (+),asd_da_proband vs sibling,1.760731977155615,0.7771764565243218,3.9890260047800363,0.21129256391756235,0.3421392209898672
Wang,IKZF1_+_+,IKZF1 (+),proband vs sibling,1.872694426620882,0.8514433277792686,4.118870042289037,0.14349101583428714,0.24956152648708033
Wang,IKZF2_-_+,IKZF2 (-),asd_d_proband vs asd_da_proband,2.5348724952748922,1.9036316183863762,3.3754317301935943,1.395438927013818e-10,1.0700714330888791e-9
Wang,IKZF2_-_+,IKZF2 (-),asd_d_proband vs sibling,6.008192223418778,3.3841742536576835,10.666818871556046,4.554428486366773e-14,4.758124255825838e-13
Wang,IKZF2_-_+,IKZF2 (-),asd_da_proband vs sibling,2.37021476804782,1.3190067427563221,4.259203432828739,0.0023972024309126677,0.006740282143708149
Wang,IKZF2_-_+,IKZF2 (-),proband vs sibling,3.4817437998369973,1.9836929489876056,6.111096928529293,3.500955921593979e-7,1.820417148728376e-6
Wang,INSM1_+_+,INSM1 (+),asd_d_proband vs asd_da_proband,3.7387817994517487,1.8784427441137241,7.441530697549633,1.0162483108920847e-4,3.7032088448907567e-4
Wang,INSM1_+_+,INSM1 (+),asd_d_proband vs sibling,5.760131300962059,1.7391604450650293,19.07766054504664,7.850059228691098e-4,0.0024325692116889458
Wang,INSM1_+_+,INSM1 (+),asd_da_proband vs sibling,1.540643880797408,0.4347644545144943,5.459470163192393,0.7734322713171154,0.8957499316219502
Wang,INSM1_+_+,INSM1 (+),proband vs sibling,2.7207227470385362,0.8344310265100519,8.871113406715764,0.09483206200937094,0.17616641209326453
Wang,IRF2_+_+,IRF2 (+),asd_d_proband vs asd_da_proband,1.5074566287593785,0.8438879529694947,2.6928047492493774,0.1686094205660033,0.2842029195446968
Wang,IRF2_+_+,IRF2 (+),asd_d_proband vs sibling,1.6128058320375107,0.7386781842222128,3.5213476009083258,0.2675617840793936,0.4139755185059912
Wang,IRF2_+_+,IRF2 (+),asd_da_proband vs sibling,1.069885395883551,0.499401193529592,2.2920545147977833,1,1
Wang,IRF2_+_+,IRF2 (+),proband vs sibling,1.2641608345783857,0.6188010686574735,2.5825789524719167,0.6139212427685694,0.7669805981379137
Wang,IRF3_+_+,IRF3 (+),asd_d_proband vs asd_da_proband,Inf,NA,NA,0.01639449458957703,0.03819791450410402
Wang,IRF3_+_+,IRF3 (+),asd_d_proband vs sibling,2.764740775892751,0.3090168500083858,24.73584064324201,0.6546710295382374,0.802484120035172
Wang,IRF3_+_+,IRF3 (+),asd_da_proband vs sibling,0,NA,NA,0.27805087576957954,0.42404872784232334
Wang,IRF3_+_+,IRF3 (+),proband vs sibling,0.9893020886398369,0.11057492905080167,8.851180199604642,1,1
Wang,IRF4_+_+,IRF4 (+),asd_d_proband vs asd_da_proband,1.495494729683781,0.4564116865441692,4.900191104759383,0.5377182353052672,0.6998036585982825
Wang,IRF4_+_+,IRF4 (+),asd_d_proband vs sibling,1.7279836790207412,0.3352535076839012,8.906476819855923,0.7079118940587728,0.8427970860895619
Wang,IRF4_+_+,IRF4 (+),asd_da_proband vs sibling,1.1554595577786622,0.23321237922546648,5.724768102345538,1,1
Wang,IRF4_+_+,IRF4 (+),proband vs sibling,1.3603280244314935,0.30152256155822393,6.137160431679206,1,1
Wang,IRF5_+_+,IRF5 (+),asd_d_proband vs asd_da_proband,1.794613972195506,0.11225101532827292,28.691404703830266,1,1
Wang,IRF5_+_+,IRF5 (+),asd_d_proband vs sibling,Inf,NA,NA,1,1
Wang,IRF5_+_+,IRF5 (+),asd_da_proband vs sibling,Inf,NA,NA,1,1
Wang,IRF5_+_+,IRF5 (+),proband vs sibling,Inf,NA,NA,1,1
Wang,IRF6_+_+,IRF6 (+),asd_d_proband vs asd_da_proband,0.8972623926997139,0.08136071205637031,9.895191192469166,1,1
Wang,IRF6_+_+,IRF6 (+),asd_d_proband vs sibling,0.691207176552471,0.04323420444302164,11.05068005928705,1,1
Wang,IRF6_+_+,IRF6 (+),asd_da_proband vs sibling,0.7703512174100411,0.06985283690915654,8.495589075886798,1,1
Wang,IRF6_+_+,IRF6 (+),proband vs sibling,0.7420301084790791,0.0771860199311083,7.133528615426925,0.5868993210271523,0.741364388584841
Wang,IRF8_+_+,IRF8 (+),asd_d_proband vs asd_da_proband,2.033884815441499,1.0157612734941988,4.072499661513356,0.06310036900971572,0.1237288768141434
Wang,IRF8_+_+,IRF8 (+),asd_d_proband vs sibling,2.3501201144743162,0.867049339752103,6.369954164356859,0.12690510661143625,0.225713690205034
Wang,IRF8_+_+,IRF8 (+),asd_da_proband vs sibling,1.155483386587048,0.41995728445326247,3.179232522223966,1,1
Wang,IRF8_+_+,IRF8 (+),proband vs sibling,1.5334955393349554,0.5962955902624907,3.943696058736611,0.5295783838840904,0.6926964328155987
Wang,IRF9_+_+,IRF9 (+),asd_d_proband vs asd_da_proband,0.5127348611663676,0.1065156205149334,2.468154779405677,0.5044984756809859,0.6668605435985394
Wang,IRF9_+_+,IRF9 (+),asd_d_proband vs sibling,0.6911880615837318,0.09736316543020253,4.906793389111393,1,1
Wang,IRF9_+_+,IRF9 (+),asd_da_proband vs sibling,1.3480418710196913,0.2800424298147815,6.4890769845989675,1,1
Wang,IRF9_+_+,IRF9 (+),proband vs sibling,1.1129955719349047,0.24047978833095757,5.151198575748403,1,1
Wang,ISL1_+_+,ISL1 (+),asd_d_proband vs asd_da_proband,2.447164768997142,1.1240143043027226,5.327881846072987,0.024212365686484286,0.05356470742704481
Wang,ISL1_+_+,ISL1 (+),asd_d_proband vs sibling,5.1840032095703545,1.1855067144539937,22.668694279992334,0.013432235156127998,0.03185047771289957
Wang,ISL1_+_+,ISL1 (+),asd_da_proband vs sibling,2.1183711351380645,0.46954607971468637,9.557094521826059,0.5358175399231175,0.6987262060769848
Wang,ISL1_+_+,ISL1 (+),proband vs sibling,3.0916925513125038,0.7323074711026136,13.052663271957577,0.14504007674937847,0.251331881460746
Wang,ISL2_+_+,ISL2 (+),asd_d_proband vs asd_da_proband,3.589183775663496,0.3254550174676532,39.582244808275,0.29249768599309217,0.44249880188087665
Wang,ISL2_+_+,ISL2 (+),asd_d_proband vs sibling,0.6912368552829244,0.09737003868116052,4.907139779065062,1,1
Wang,ISL2_+_+,ISL2 (+),asd_da_proband vs sibling,0.1925888721468832,0.017463306051263058,2.12390904482407,0.188967593608581,0.3119393511300648
Wang,ISL2_+_+,ISL2 (+),proband vs sibling,0.24734805045871563,0.03484231064476018,1.7559414669568754,0.17819306688640324,0.29786033749268503
Wang,JDP2_+_+,JDP2 (+),asd_d_proband vs asd_da_proband,2.0794540978883878,1.484476219739716,2.91289903315729,2.214539045388271e-5,9.014499867509897e-5
Wang,JDP2_+_+,JDP2 (+),asd_d_proband vs sibling,3.604143356653383,2.034467118677616,6.384890282105906,9.385037762210171e-7,4.576964347630335e-6
Wang,JDP2_+_+,JDP2 (+),asd_da_proband vs sibling,1.7332161168228062,0.9712914003887666,3.0928288939981745,0.07388210661652994,0.14175779091756271
Wang,JDP2_+_+,JDP2 (+),proband vs sibling,2.296694882924318,1.3233467030318364,3.9859602726677505,0.0015802984912698104,0.004620665831560457
Wang,JDP2_-_+,JDP2 (-),asd_d_proband vs asd_da_proband,2.542356264192474,1.2142328381470635,5.3231762237152305,0.018222807762123875,0.04187935890841284
Wang,JDP2_-_+,JDP2 (-),asd_d_proband vs sibling,5.875255986960337,1.357423410044624,25.42952527331063,0.008313494902366547,0.020875396516140916
Wang,JDP2_-_+,JDP2 (-),asd_da_proband vs sibling,2.310949126096019,0.5172189968835571,10.32538614316649,0.375288656319001,0.5357066216023346
Wang,JDP2_-_+,JDP2 (-),proband vs sibling,3.46270554014342,0.8248971928902769,14.53554426064682,0.10434144254545956,0.19049143505584745
Wang,JUNB_+_+,JUNB (+),asd_d_proband vs asd_da_proband,0.5981991474107445,0.21741384811329584,1.6459035294590236,0.36081900164215575,0.5184212915826886
Wang,JUNB_+_+,JUNB (+),asd_d_proband vs sibling,1.1520248994816644,0.2753164436186508,4.820494379420469,1,1
Wang,JUNB_+_+,JUNB (+),asd_da_proband vs sibling,1.9258217007966474,0.5575309115879533,6.65216788194929,0.4307880710962077,0.5949786902252585
Wang,JUNB_+_+,JUNB (+),proband vs sibling,1.6489314447542964,0.48999355561343094,5.5490013661415665,0.601441532876681,0.7557423951043536
Wang,JUND_+_+,JUND (+),asd_d_proband vs asd_da_proband,1.6176634722182996,1.1539082667513392,2.2678016829853243,0.00682840810281656,0.017483641882141333
Wang,JUND_+_+,JUND (+),asd_d_proband vs sibling,2.602186605057392,1.5243542339566407,4.442127017920378,2.4680156345493136e-4,8.465219288683829e-4
Wang,JUND_+_+,JUND (+),asd_da_proband vs sibling,1.6086081250811808,0.9475740828893403,2.7307839532578053,0.09482035483355611,0.17616641209326453
Wang,JUND_+_+,JUND (+),proband vs sibling,1.9204929421622274,1.1589764163614995,3.1823711758294335,0.009781120896699327,0.02417417562911852
Wang,JUND_-_+,JUND (-),asd_d_proband vs asd_da_proband,1.674932799616553,0.8085017323527097,3.469874919213513,0.17688249500820477,0.29654021522354534
Wang,JUND_-_+,JUND (-),asd_d_proband vs sibling,9.676738627751977,1.272482174348943,73.58788386779341,0.006695921122036025,0.01722186375543427
Wang,JUND_-_+,JUND (-),asd_da_proband vs sibling,5.777389176429824,0.7631579800479337,43.73698050544136,0.054530531831224215,0.10903770090912769
Wang,JUND_-_+,JUND (-),proband vs sibling,6.925384342602056,0.9422706281773005,50.89933492412035,0.019917502895829275,0.04536331426039287
Wang,JUN_+_+,JUN (+),asd_d_proband vs asd_da_proband,2.427980998668248,1.7746730817411382,3.3217902443814418,3.091774958992948e-8,1.834509033503907e-7
Wang,JUN_+_+,JUN (+),asd_d_proband vs sibling,2.543638768580014,1.6348316471549316,3.9576541084722985,1.1715895896093345e-5,4.95965668121903e-5
Wang,JUN_+_+,JUN (+),asd_da_proband vs sibling,1.0476353686355884,0.662399759420706,1.6569146501141032,0.9081971848360577,1
Wang,JUN_+_+,JUN (+),proband vs sibling,1.5137014104488609,0.9917846503654364,2.31027164934506,0.059477521941076375,0.11723068474322929
Wang,KLF10_+_+,KLF10 (+),asd_d_proband vs asd_da_proband,1.46829912418425,0.8829335891497084,2.441749124253427,0.14029311768649191,0.2449348988355579
Wang,KLF10_+_+,KLF10 (+),asd_d_proband vs sibling,2.6660692270236113,1.161029784834223,6.1220868027060815,0.02183191974037426,0.04910834292217519
Wang,KLF10_+_+,KLF10 (+),asd_da_proband vs sibling,1.8157534681530318,0.8032495280606163,4.104528595329548,0.16149882737343152,0.27479535251624226
Wang,KLF10_+_+,KLF10 (+),proband vs sibling,2.1200258024334366,0.9690977260650147,4.637828860906863,0.06432250421896747,0.12580034637930307
Wang,KLF12_+_+,KLF12 (+),asd_d_proband vs asd_da_proband,2.0275474707692105,1.6824291011822712,2.4434603177832512,1.7722776343875757e-13,1.7473429923453264e-12
Wang,KLF12_+_+,KLF12 (+),asd_d_proband vs sibling,4.390102518701162,3.104017856763101,6.209049372159329,1.2247856420629302e-22,2.36394008457485e-21
Wang,KLF12_+_+,KLF12 (+),asd_da_proband vs sibling,2.165227982078094,1.526264530525227,3.071690470825946,3.0920114664534143e-6,1.4327682837940288e-5
Wang,KLF12_+_+,KLF12 (+),proband vs sibling,2.814299031869778,2.011008061645603,3.93846210357905,5.864591549186732e-12,5.049756995566269e-11
Wang,KLF12_-_+,KLF12 (-),asd_d_proband vs asd_da_proband,1.8093057759599533,1.4084729802538423,2.324210287890696,4.993484894988812e-6,2.240918590805324e-5
Wang,KLF12_-_+,KLF12 (-),asd_d_proband vs sibling,1.7350711197247803,1.2460100284182638,2.416089535270129,8.26330950482149e-4,0.0025500931432562257
Wang,KLF12_-_+,KLF12 (-),asd_da_proband vs sibling,0.95897064099307,0.6884014499390625,1.3358843017661641,0.7982452256393295,0.9174885195021817
Wang,KLF12_-_+,KLF12 (-),proband vs sibling,1.171064622846153,0.8605060477183557,1.5937044887924603,0.3317044357652849,0.48786364382010744
Wang,KLF15_+_+,KLF15 (+),asd_d_proband vs asd_da_proband,1.2235835112214195,0.6347650209490505,2.358599733007511,0.6075266897698655,0.7608699675286602
Wang,KLF15_+_+,KLF15 (+),asd_d_proband vs sibling,1.151999214441604,0.5041434158954011,2.6323902053089943,0.8371108173055313,0.9494620948273642
Wang,KLF15_+_+,KLF15 (+),asd_da_proband vs sibling,0.9414961903921396,0.4335227769152646,2.0446793657076263,0.8430939198217133,0.9555344127364779
Wang,KLF15_+_+,KLF15 (+),proband vs sibling,1.0168248613954234,0.49077292417217966,2.1067437664696502,1,1
Wang,KLF15_-_+,KLF15 (-),asd_d_proband vs asd_da_proband,2.1658916877811856,1.3240213278756743,3.543059846872894,0.0024353464423308028,0.006843308479220732
Wang,KLF15_-_+,KLF15 (-),asd_d_proband vs sibling,2.419224506411561,1.1980144107656776,4.885289492203774,0.00995997375534323,0.024523070516534275
Wang,KLF15_-_+,KLF15 (-),asd_da_proband vs sibling,1.116964675592757,0.5443619196094877,2.291876124283342,0.8594458059619134,0.9690038728110187
Wang,KLF15_-_+,KLF15 (-),proband vs sibling,1.5334894408897404,0.786340774702477,2.9905480435121596,0.23841553926801567,0.3773393958880512
Wang,KLF16_+_+,KLF16 (+),asd_d_proband vs asd_da_proband,8.973459426479563,1.048371801634753,76.8076496841229,0.02470043719872973,0.054379164543361
Wang,KLF16_+_+,KLF16 (+),asd_d_proband vs sibling,1.1519981696156192,0.2753100555868806,4.820382531864839,1,1
Wang,KLF16_+_+,KLF16 (+),asd_da_proband vs sibling,0.12837837837837834,0.013353927231533953,1.234169375743177,0.06805402551737384,0.13192693882445614
Wang,KLF16_+_+,KLF16 (+),proband vs sibling,0.4946512389477131,0.12371111404292832,1.9778323886696438,0.394109902140795,0.5589119109836157
Wang,KLF17_+_+,KLF17 (+),asd_d_proband vs asd_da_proband,1.7945544554455444,0.3622042081755718,8.891187956597157,0.6733803086953483,0.8155403632298088
Wang,KLF17_+_+,KLF17 (+),asd_d_proband vs sibling,2.073638613861386,0.2157000228838199,19.934986762671876,0.6495857308131163,0.797761882738708
Wang,KLF17_+_+,KLF17 (+),asd_da_proband vs sibling,1.1555172413793104,0.12019697826905273,11.108599520164743,1,1
Wang,KLF17_+_+,KLF17 (+),proband vs sibling,1.484089550255763,0.178672354254099,12.32715493324745,1,1
Wang,KLF1_+_+,KLF1 (+),asd_d_proband vs asd_da_proband,0.5982088120052242,0.12073957879545477,2.9638481956852165,0.7197999376155736,0.8527148805822985
Wang,KLF1_+_+,KLF1 (+),asd_d_proband vs sibling,Inf,NA,NA,0.5166691140170185,0.6776687598439977
Wang,KLF1_+_+,KLF1 (+),asd_da_proband vs sibling,Inf,NA,NA,0.1959803482196187,0.32132006412566283
Wang,KLF1_+_+,KLF1 (+),proband vs sibling,Inf,NA,NA,0.36999168824160844,0.5294755016306714
Wang,KLF2_+_+,KLF2 (+),asd_d_proband vs asd_da_proband,0.7178241314587245,0.13926813134489022,3.6998520675805535,1,1
Wang,KLF2_+_+,KLF2 (+),asd_d_proband vs sibling,0.691185324219995,0.09736277983558193,4.906773956370821,1,1
Wang,KLF2_+_+,KLF2 (+),asd_da_proband vs sibling,0.9628895072326483,0.18681431354415806,4.962982683441848,1,1
Wang,KLF2_+_+,KLF2 (+),proband vs sibling,0.8656634140159675,0.179833053463997,4.167049004235512,0.6954324117380045,0.834922149569481
Wang,KLF3_+_+,KLF3 (+),asd_d_proband vs asd_da_proband,1.2424090150211218,0.5310786505792,2.906500118056542,0.6588312444397596,0.8058475613381055
Wang,KLF3_+_+,KLF3 (+),asd_d_proband vs sibling,1.0367990475899753,0.3690387626977056,2.9128437815732013,1,1
Wang,KLF3_+_+,KLF3 (+),asd_da_proband vs sibling,0.8345070222887501,0.3171911612562794,2.195527666947087,0.7980643713031366,0.9174885195021817
Wang,KLF3_+_+,KLF3 (+),proband vs sibling,0.906894015525553,0.36772392529566406,2.236614750413032,0.8132045692366578,0.9295224122642349
Wang,KLF3_-_+,KLF3 (-),asd_d_proband vs asd_da_proband,2.0005382223374832,1.4159158890127526,2.8265472618036083,9.921642384068291e-5,3.6241444313898203e-4
Wang,KLF3_-_+,KLF3 (-),asd_d_proband vs sibling,5.22246589212757,2.605844770597133,10.4665290512243,3.400535767507311e-8,2.0090065396881717e-7
Wang,KLF3_-_+,KLF3 (-),asd_da_proband vs sibling,2.61053042317057,1.2965330332286313,5.256224805417184,0.004645075278778947,0.012387773943113644
Wang,KLF3_-_+,KLF3 (-),proband vs sibling,3.352793481002907,1.7037017470893867,6.598117390828624,6.240548010106488e-5,2.3589789366004193e-4
Wang,KLF4_+_+,KLF4 (+),asd_d_proband vs asd_da_proband,1.7946205311887544,0.25279651859467417,12.740139258516118,0.6209587236715889,0.7719721900823864
Wang,KLF4_+_+,KLF4 (+),asd_d_proband vs sibling,1.3824423869703317,0.1253551891798243,15.245854326386551,1,1
Wang,KLF4_+_+,KLF4 (+),asd_da_proband vs sibling,0.7703257390321973,0.06985052661622518,8.495308095181386,1,1
Wang,KLF4_+_+,KLF4 (+),proband vs sibling,0.9893596440317275,0.11058136205387309,8.851695141553044,1,1
Wang,KLF5_+_+,KLF5 (+),asd_d_proband vs asd_da_proband,1.2145261071382445,0.890736144414343,1.65601640190568,0.22505548506475737,0.35969394191928766
Wang,KLF5_+_+,KLF5 (+),asd_d_proband vs sibling,1.6539638932496075,1.064088993839774,2.5708343719466322,0.027902890871490414,0.060638200343339145
Wang,KLF5_+_+,KLF5 (+),asd_da_proband vs sibling,1.361818312120765,0.8952074097638538,2.0716418284748777,0.16561307300039899,0.2808651253611685
Wang,KLF5_+_+,KLF5 (+),proband vs sibling,1.4045233349780626,0.9398901312775467,2.098847229959233,0.0991840173067438,0.18327918816722838
Wang,KLF5_-_+,KLF5 (-),asd_d_proband vs asd_da_proband,2.4675729777147337,1.2959716659446177,4.6983406816304285,0.006213500510534505,0.016099257579911642
Wang,KLF5_-_+,KLF5 (-),asd_d_proband vs sibling,3.041352794057262,1.15173582443813,8.031205265697459,0.018395500891028715,0.04225492010016933
Wang,KLF5_-_+,KLF5 (-),asd_da_proband vs sibling,1.2325280028288836,0.4515291364689103,3.3644014418147186,0.8108261936012634,0.9272700743121821
Wang,KLF5_-_+,KLF5 (-),proband vs sibling,1.8303052160555664,0.7193636873385707,4.656917276870437,0.2468781343026592,0.38870721866244906
Wang,KLF6_-_+,KLF6 (-),asd_d_proband vs asd_da_proband,0.48944137055262027,0.13654630696376618,1.7543708104240046,0.4038438414229062,0.5707442437732975
Wang,KLF6_-_+,KLF6 (-),asd_d_proband vs sibling,0.5184194936393116,0.11602869463335194,2.3163129795996755,0.45436915545749096,0.621516967900562
Wang,KLF6_-_+,KLF6 (-),asd_da_proband vs sibling,1.0592065257049534,0.3372764521051646,3.3264061487047956,1,1
Wang,KLF6_-_+,KLF6 (-),proband vs sibling,0.865696370594339,0.28495723146148993,2.62997433761035,0.7688764948008281,0.8934250011833771
Wang,KLF7_+_+,KLF7 (+),asd_d_proband vs asd_da_proband,1.855776938184481,1.5084757584087534,2.283038375061621,7.449915224605558e-9,4.759377818804813e-8
Wang,KLF7_+_+,KLF7 (+),asd_d_proband vs sibling,3.3105267012276203,2.3338962567220625,4.6958329908518195,6.867499673886304e-14,7.061277881388739e-13
Wang,KLF7_+_+,KLF7 (+),asd_da_proband vs sibling,1.7839033523427286,1.2563465529080693,2.532988340783456,7.55559135174442e-4,0.0023491958093649033
Wang,KLF7_+_+,KLF7 (+),proband vs sibling,2.226036212693984,1.592134790031769,3.1123226822561296,3.0267150992424484e-7,1.5884772747139773e-6
Wang,KLF7_-_+,KLF7 (-),asd_d_proband vs asd_da_proband,2.465620904247048,1.939053554261904,3.135182331657722,1.4644413491479159e-13,1.4532745850476596e-12
Wang,KLF7_-_+,KLF7 (-),asd_d_proband vs sibling,4.044853750876669,2.6893294567494315,6.083613826085951,1.4427857503337124e-14,1.591256438927375e-13
Wang,KLF7_-_+,KLF7 (-),asd_da_proband vs sibling,1.6405010778053442,1.078810948038584,2.494638927398281,0.01899578408976576,0.04350216014524034
Wang,KLF7_-_+,KLF7 (-),proband vs sibling,2.3909306461173676,1.6087498476924817,3.5534109686119155,1.8608546150901343e-6,8.801861652892587e-6
Wang,KLF8_-_+,KLF8 (-),asd_d_proband vs asd_da_proband,1.7945821222019118,0.6735387170568131,4.7814994324299045,0.29692076924543825,0.4475427213477734
Wang,KLF8_-_+,KLF8 (-),asd_d_proband vs sibling,2.7647957807677326,0.5871230786052712,13.019579689338459,0.21517674952722157,0.34707495353826323
Wang,KLF8_-_+,KLF8 (-),asd_da_proband vs sibling,1.5406348623240436,0.327164230235886,7.254936694322869,0.7363030872112751,0.8679773854853781
Wang,KLF8_-_+,KLF8 (-),proband vs sibling,1.9786827939694183,0.45496189051437497,8.605524288472067,0.5545010615243817,0.715510576556249
Wang,KLF9_+_+,KLF9 (+),asd_d_proband vs asd_da_proband,2.3956573347877828,2.0024203735824284,2.8661184941176154,8.15923247249001e-22,1.4574628985173333e-20
Wang,KLF9_+_+,KLF9 (+),asd_d_proband vs sibling,5.8438459355121815,4.073853295282883,8.382858400312346,3.077514153699632e-32,9.73477567368182e-31
Wang,KLF9_+_+,KLF9 (+),asd_da_proband vs sibling,2.4393496726984343,1.6897770283978923,3.5214272212799957,1.8396587419501217e-7,9.952073123019957e-7
Wang,KLF9_+_+,KLF9 (+),proband vs sibling,3.477710662949666,2.443090829696177,4.9504796580558885,1.8222854414636459e-16,2.3514193161096054e-15
Wang,KLF9_extended_-_+,KLF9 (-),asd_d_proband vs asd_da_proband,2.1871717080239086,1.3704261969949945,3.4906805568003128,0.0011453306729802184,0.0034412804851087697
Wang,KLF9_extended_-_+,KLF9 (-),asd_d_proband vs sibling,1.92550327321655,1.0455479583889011,3.5460476254773448,0.03567849786122961,0.07506492275191727
Wang,KLF9_extended_-_+,KLF9 (-),asd_da_proband vs sibling,0.8803621892842726,0.4697931054277593,1.6497423554475212,0.7421383740253951,0.8734987838981071
Wang,KLF9_extended_-_+,KLF9 (-),proband vs sibling,1.2013471848004222,0.6758529091731992,2.1354277518661173,0.6773549618520875,0.8199181108786231
Wang,LCORL_+_+,LCORL (+),asd_d_proband vs asd_da_proband,1.2890753713511636,0.899572592927463,1.8472275901786313,0.18585684946424563,0.3086321360953842
Wang,LCORL_+_+,LCORL (+),asd_d_proband vs sibling,1.5326742680942624,0.9368154043953789,2.5075275246934985,0.09778749732303496,0.18099230000261043
Wang,LCORL_+_+,LCORL (+),asd_da_proband vs sibling,1.1889718027020926,0.7429322660613278,1.9028032731909494,0.5648632520917316,0.7232044790725464
Wang,LCORL_+_+,LCORL (+),proband vs sibling,1.268946396048616,0.8117597325424649,1.9836226059174926,0.3418385836000901,0.4997030642806195
Wang,LCORL_-_+,LCORL (-),asd_d_proband vs asd_da_proband,3.1405337455885567,0.9193580058981394,10.728086495037559,0.0639984846765583,0.12527421474074907
Wang,LCORL_-_+,LCORL (-),asd_d_proband vs sibling,2.4192510696773786,0.5025755968336432,11.645562926272484,0.325141438731034,0.4802304994578159
Wang,LCORL_-_+,LCORL (-),asd_da_proband vs sibling,0.7703311811489532,0.14109619991692654,4.205713045423792,0.6728186312643534,0.8155403632298088
Wang,LCORL_-_+,LCORL (-),proband vs sibling,1.236700938757264,0.2709734933480612,5.644202290880793,1,1
Wang,LEF1_+_+,LEF1 (+),asd_d_proband vs asd_da_proband,1.7945951700764766,1.0308852867426646,3.1240836064679973,0.03939013370565853,0.08189048791842748
Wang,LEF1_+_+,LEF1 (+),asd_d_proband vs sibling,2.8800400423490724,1.1815093125916782,7.020368402631978,0.016485108257002376,0.03835018800339419
Wang,LEF1_+_+,LEF1 (+),asd_da_proband vs sibling,1.6048410752305433,0.6583709419775872,3.9119510180854915,0.4219943017549176,0.5869264257995876
Wang,LEF1_+_+,LEF1 (+),proband vs sibling,1.896258082267162,0.8098920668859225,4.4398443466541835,0.1637503886891376,0.2781070173299858
Wang,LEF1_extended_-_+,LEF1 (-),asd_d_proband vs asd_da_proband,1.5382375821761618,0.5169619711984481,4.577077214661989,0.5639434724128307,0.7232044790725464
Wang,LEF1_extended_-_+,LEF1 (-),asd_d_proband vs sibling,1.382429242526936,0.34574230935385686,5.527557833940521,0.7458830183866865,0.8760969308888322
Wang,LEF1_extended_-_+,LEF1 (-),asd_da_proband vs sibling,0.8987098342579811,0.23239919801308814,3.475396529322452,1,1
Wang,LEF1_extended_-_+,LEF1 (-),proband vs sibling,0.9893537838809766,0.27919226729296687,3.505902649705169,1,1
Wang,LHX1_+_+,LHX1 (+),asd_d_proband vs asd_da_proband,2.4879631149286756,1.6884381147900325,3.6660866673312196,3.4424126837235553e-6,1.577483880720402e-5
Wang,LHX1_+_+,LHX1 (+),asd_d_proband vs sibling,10.540935682588684,3.833061770159725,28.987616617470085,3.820625244027938e-10,2.7889339722030863e-9
Wang,LHX1_+_+,LHX1 (+),asd_da_proband vs sibling,4.236773294322279,1.5223331962332702,11.791274073177277,0.0017980898176064447,0.005213430375046057
Wang,LHX1_+_+,LHX1 (+),proband vs sibling,6.183441290255768,2.2761501822592987,16.798077072439938,3.3461269045989508e-6,1.5349051410320464e-5
Wang,LHX2_+_+,LHX2 (+),asd_d_proband vs asd_da_proband,2.3148784271138254,1.9544010673304526,2.741843637875444,1.8448286709251916e-22,3.472394461183573e-21
Wang,LHX2_+_+,LHX2 (+),asd_d_proband vs sibling,4.080783448685257,3.0415649257847086,5.475074167870082,2.411478220299442e-27,6.102379607479977e-26
Wang,LHX2_+_+,LHX2 (+),asd_da_proband vs sibling,1.7628500058092254,1.305919211666693,2.379657267630995,1.0494797128323953e-4,3.8151477190355627e-4
Wang,LHX2_+_+,LHX2 (+),proband vs sibling,2.482884950369121,1.8671376062699472,3.3016943454344356,2.116123154334491e-12,1.908701181780912e-11
Wang,LHX2_-_+,LHX2 (-),asd_d_proband vs asd_da_proband,1.6425110542423902,1.1355406474475838,2.375822097934173,0.010387645015076535,0.025506599564897724
Wang,LHX2_-_+,LHX2 (-),asd_d_proband vs sibling,1.964485801390686,1.1646611860128817,3.313585539050429,0.011872760031157722,0.028613979863451548
Wang,LHX2_-_+,LHX2 (-),asd_da_proband vs sibling,1.1960259240366615,0.7131966421668465,2.00572734978343,0.6131629407581065,0.7662434005907202
Wang,LHX2_-_+,LHX2 (-),proband vs sibling,1.4189356189808122,0.8716602824070315,2.309819928071807,0.18305526458445948,0.3048690055510833
Wang,LHX5_+_+,LHX5 (+),asd_d_proband vs asd_da_proband,2.6491424158185963,1.522418793763578,4.60974047879432,6.941663695778373e-4,0.002176137517843805
Wang,LHX5_+_+,LHX5 (+),asd_d_proband vs sibling,5.356856835848961,1.8909671462893236,15.175258447029188,2.1182531592828604e-4,7.337371209531125e-4
Wang,LHX5_+_+,LHX5 (+),asd_da_proband vs sibling,2.022109798198097,0.6941226581731345,5.890785998443591,0.2638333485713724,0.40890129388996305
Wang,LHX5_+_+,LHX5 (+),proband vs sibling,3.0917313515332117,1.1166175613223914,8.560498313077801,0.024611740115501386,0.05423632134789976
Wang,LHX6_+_+,LHX6 (+),asd_d_proband vs asd_da_proband,1.8709608016958252,1.4098654166497895,2.482857072840597,1.5834142996991307e-5,6.586714278657114e-5
Wang,LHX6_+_+,LHX6 (+),asd_d_proband vs sibling,2.8224243756886223,1.806175226483901,4.4104687295423455,7.594190602046149e-7,3.7804959773027547e-6
Wang,LHX6_+_+,LHX6 (+),asd_da_proband vs sibling,1.5085427621628402,0.9635748602784979,2.361727520180586,0.08018980314473431,0.15251129575125877
Wang,LHX6_+_+,LHX6 (+),proband vs sibling,1.8962481729543434,1.2392531326128438,2.9015517805078166,0.0022096024178999436,0.006271885484227445
Wang,LHX6_-_+,LHX6 (-),asd_d_proband vs asd_da_proband,2.7161302065303117,1.793147480224702,4.114197733418963,2.0633907510771897e-6,9.719487974308789e-6
Wang,LHX6_-_+,LHX6 (-),asd_d_proband vs sibling,5.5296447907038155,2.520330307674232,12.13212864133446,2.6928383987543273e-7,1.4163832455341756e-6
Wang,LHX6_-_+,LHX6 (-),asd_da_proband vs sibling,2.035854090282216,0.9076258277600913,4.5665314385636675,0.0918945266782279,0.17112838456557353
Wang,LHX6_-_+,LHX6 (-),proband vs sibling,3.038716436327406,1.4064650040830444,6.565252283988663,0.0016223740497520473,0.004731058768643134
Wang,LHX9_+_+,LHX9 (+),asd_d_proband vs asd_da_proband,2.2553725705627334,1.6619632443238477,3.060660606917468,1.712920311123258e-7,9.310682598050645e-7
Wang,LHX9_+_+,LHX9 (+),asd_d_proband vs sibling,4.0176333949270875,2.3636905414551332,6.828888051519812,3.930525545022372e-9,2.576049475910346e-8
Wang,LHX9_+_+,LHX9 (+),asd_da_proband vs sibling,1.7813612914183206,1.0376982351514425,3.0579680518589685,0.0340118811121666,0.07236063450066273
Wang,LHX9_+_+,LHX9 (+),proband vs sibling,2.457905663560576,1.4699903634462188,4.109755003291342,1.8971171104221384e-4,6.602782094715501e-4
Wang,LHX9_-_+,LHX9 (-),asd_d_proband vs asd_da_proband,2.3927894047863885,1.5797732784625513,3.6242169770272654,4.014519820403411e-5,1.5523037166330676e-4
Wang,LHX9_-_+,LHX9 (-),asd_d_proband vs sibling,4.4928165000146905,2.1342814464559487,9.45770302989928,4.782824257192415e-6,2.154872847825069e-5
Wang,LHX9_-_+,LHX9 (-),asd_da_proband vs sibling,1.877648108532885,0.8774888246118939,4.017786119426021,0.10558502916534648,0.19260705160118272
Wang,LHX9_-_+,LHX9 (-),proband vs sibling,2.7516102862069087,1.3347720818198734,5.672398509292028,0.0030680677399922544,0.008464596338985293
Wang,LIN28B_+_+,LIN28B (+),asd_d_proband vs asd_da_proband,1.132510952901356,0.8302417744834264,1.5448283835627938,0.46892966295809857,0.6348811888475626
Wang,LIN28B_+_+,LIN28B (+),asd_d_proband vs sibling,1.5492545090845624,1.0000942218256148,2.399963404985422,0.05837868670950754,0.11541446092092311
Wang,LIN28B_+_+,LIN28B (+),asd_da_proband vs sibling,1.367981921159844,0.906030247550698,2.0654658513654787,0.14549378356921847,0.2518906059132612
Wang,LIN28B_+_+,LIN28B (+),proband vs sibling,1.3646165345681607,0.9187938592537893,2.026763966325601,0.1437609275419076,0.24986289864790145
Wang,LIN28B_-_+,LIN28B (-),asd_d_proband vs asd_da_proband,3.589198325504609,2.241534662236254,5.747109262612558,3.8241364340532234e-8,2.2447089506588187e-7
Wang,LIN28B_-_+,LIN28B (-),asd_d_proband vs sibling,3.9936627730499707,1.9681718548918263,8.10363297554714,1.914418430568245e-5,7.83483912959421e-5
Wang,LIN28B_-_+,LIN28B (-),asd_da_proband vs sibling,1.112689355913064,0.5214047007928064,2.3745041056969893,0.8528574525351192,0.963749823840086
Wang,LIN28B_-_+,LIN28B (-),proband vs sibling,2.061143637439856,1.0323633499002964,4.115133586027723,0.039046270118517176,0.08143578772428835
Wang,LMX1A_+_+,LMX1A (+),asd_d_proband vs asd_da_proband,0.8445162453339946,0.4661757039405027,1.5299117534534863,0.6591723691373426,0.8060483601129115
Wang,LMX1A_+_+,LMX1A (+),asd_d_proband vs sibling,0.8507188906556475,0.4092159287057401,1.7685592865540476,0.7076013250813993,0.8427970860895619
Wang,LMX1A_+_+,LMX1A (+),asd_da_proband vs sibling,1.0073446133877506,0.5316300937111302,1.9087391442379364,1,1
Wang,LMX1A_+_+,LMX1A (+),proband vs sibling,0.9132446325812736,0.4948234473476991,1.6854814851820572,0.7487766438588452,0.8767387795333725
Wang,MAFA_+_+,MAFA (+),asd_d_proband vs asd_da_proband,0.8075737690809929,0.36772351926842406,1.7735482185234328,0.7003580956197506,0.8386254273259632
Wang,MAFA_+_+,MAFA (+),asd_d_proband vs sibling,1.036811927839155,0.3690433472999306,2.9128799680973065,1,1
Wang,MAFA_+_+,MAFA (+),asd_da_proband vs sibling,1.2838603326839502,0.5155906403250378,3.19691093073417,0.6683375446180964,0.8130276283477176
Wang,MAFA_+_+,MAFA (+),proband vs sibling,1.1130131185908292,0.45953948928308386,2.6957383011586264,1,1
Wang,MAFB_+_+,MAFB (+),asd_d_proband vs asd_da_proband,1.8375797841405215,1.4847085138075293,2.2743181113863167,2.945260301783264e-8,1.7582779390069158e-7
Wang,MAFB_+_+,MAFB (+),asd_d_proband vs sibling,2.5148198011470475,1.8210336010617452,3.4729280275519963,1.97087613607032e-9,1.3379047391654706e-8
Wang,MAFB_+_+,MAFB (+),asd_da_proband vs sibling,1.368549993231062,0.9901711180003925,1.8915206169162346,0.05667381035365099,0.11253234793412392
Wang,MAFB_+_+,MAFB (+),proband vs sibling,1.6997863358180512,1.2517199010917175,2.308242910345843,4.0848029632943e-4,0.0013531838180222207
Wang,MAFB_-_+,MAFB (-),asd_d_proband vs asd_da_proband,2.523653027259371,1.9426225387564795,3.278467368175513,2.8446548233905763e-12,2.5456962184601958e-11
Wang,MAFB_-_+,MAFB (-),asd_d_proband vs sibling,4.911211277918631,3.0382250815364387,7.9388444137777965,1.207172400374393e-14,1.3477133048297451e-13
Wang,MAFB_-_+,MAFB (-),asd_da_proband vs sibling,1.9460723106028934,1.1896721376104766,3.1833959276394275,0.006516239554016385,0.01681669754591764
Wang,MAFB_-_+,MAFB (-),proband vs sibling,2.850884780117614,1.7840449811567565,4.555683357398557,7.84662359436458e-7,3.8849315730794194e-6
Wang,MAFG_+_+,MAFG (+),asd_d_proband vs asd_da_proband,1.4356739654118578,0.5666246727894333,3.637610280566388,0.46651289772907034,0.6331842220369235
Wang,MAFG_+_+,MAFG (+),asd_d_proband vs sibling,5.529500593247762,0.6915925940199835,44.21009865505279,0.09223995491272288,0.17156104313085044
Wang,MAFG_+_+,MAFG (+),asd_da_proband vs sibling,3.851501612806283,0.4930402488896551,30.086924357304007,0.31005379273705763,0.46093587430617616
Wang,MAFG_+_+,MAFG (+),proband vs sibling,4.204616215938039,0.5595606924310883,31.594066135205374,0.23082531826971756,0.36750030391386623
Wang,MAFK_+_+,MAFK (+),asd_d_proband vs asd_da_proband,10.767592434827057,1.2963308647026208,89.43785109146646,0.01018811059053184,0.02504416823522533
Wang,MAFK_+_+,MAFK (+),asd_d_proband vs sibling,2.0735218947009715,0.4185096494151314,10.273342690695097,0.4849110995478982,0.6477331549679402
Wang,MAFK_+_+,MAFK (+),asd_da_proband vs sibling,0.19257061476382628,0.01746165053365987,2.1237076987100547,0.18894467114720392,0.3119393511300648
Wang,MAFK_+_+,MAFK (+),proband vs sibling,0.8656372892723228,0.17982762630565288,4.166923247405284,0.6954252000704892,0.834922149569481
Wang,MAF_+_+,MAF (+),asd_d_proband vs asd_da_proband,1.8709618584430137,1.5316893088788113,2.2853840236770226,1.3122772606722196e-9,9.125836522690015e-9
Wang,MAF_+_+,MAF (+),asd_d_proband vs sibling,2.4632147040791037,1.8264887603820934,3.321907481720406,2.818964585612966e-10,2.0981019097168396e-9
Wang,MAF_+_+,MAF (+),asd_da_proband vs sibling,1.3165499301674455,0.974872733614459,1.777979482714089,0.07364331468179805,0.1413591649286094
Wang,MAF_+_+,MAF (+),proband vs sibling,1.6504143633707622,1.2431305684316443,2.191135541182129,3.025431601887082e-4,0.0010245978398955881
Wang,MAF_-_+,MAF (-),asd_d_proband vs asd_da_proband,2.493544307287121,1.9155481593320418,3.245944604479255,8.31289360366222e-12,7.077613152276899e-11
Wang,MAF_-_+,MAF (-),asd_d_proband vs sibling,4.344732151185616,2.7414816127007975,6.88558237198951,3.3880299948485333e-13,3.2489424476915937e-12
Wang,MAF_-_+,MAF (-),asd_da_proband vs sibling,1.7423921999254606,1.086157269972034,2.7951114100071845,0.022060446260291973,0.049565006247740226
Wang,MAF_-_+,MAF (-),proband vs sibling,2.5558168763295157,1.6330597381841259,3.999976089419863,4.445942764031829e-6,2.0130486371933378e-5
Wang,MAZ_-_+,MAZ (-),asd_d_proband vs asd_da_proband,0.6460585677007828,0.3015672716359864,1.3840748388751187,0.2880219434965884,0.43731331754232
Wang,MAZ_-_+,MAZ (-),asd_d_proband vs sibling,3.110466801971586,0.6720641276660404,14.395953195369792,0.21816897800521148,0.35109581109460997
Wang,MAZ_-_+,MAZ (-),asd_da_proband vs sibling,4.814527594674939,1.1403832913183416,20.32621499837091,0.01659832473592495,0.03853490976774575
Wang,MAZ_-_+,MAZ (-),proband vs sibling,3.957421202249289,0.9484138113542689,16.51302668151693,0.04962211980873468,0.10023448147618026
Wang,MBNL2_+_+,MBNL2 (+),asd_d_proband vs asd_da_proband,1.0999061402899781,0.6213710488822338,1.9469743877251107,0.7688143156848044,0.8934250011833771
Wang,MBNL2_+_+,MBNL2 (+),asd_d_proband vs sibling,3.2832267797611516,1.1169615552826826,9.650804932684245,0.0314704780992216,0.06761706661258944
Wang,MBNL2_+_+,MBNL2 (+),asd_da_proband vs sibling,2.9850063196261134,1.0537053826237701,8.456123386236209,0.035993027901671304,0.0755521852959045
Wang,MBNL2_+_+,MBNL2 (+),proband vs sibling,2.844382448762331,1.023925862435966,7.901462216785401,0.03308934189423285,0.07076147996630545
Wang,MBNL2_-_+,MBNL2 (-),asd_d_proband vs asd_da_proband,2.7608980389986533,1.3734063449615461,5.550111232346194,0.005464517264864386,0.014329807795887897
Wang,MBNL2_-_+,MBNL2 (-),asd_d_proband vs sibling,2.764808973010866,1.0376821799071634,7.366579869305732,0.04061665521903151,0.08405673081448821
Wang,MBNL2_-_+,MBNL2 (-),asd_da_proband vs sibling,1.0014165441667782,0.3570120528450323,2.8089670557039486,1,1
Wang,MBNL2_-_+,MBNL2 (-),proband vs sibling,1.4840183251257542,0.5757976067744673,3.824799484051461,0.527051930738737,0.6908551207237258
Wang,MEF2A_-_+,MEF2A (-),asd_d_proband vs asd_da_proband,3.888284228769497,1.4779137345486903,10.229794804846584,0.006437081373443943,0.016650145176625306
Wang,MEF2A_-_+,MEF2A (-),asd_d_proband vs sibling,8.985545927209706,1.1754681906105031,68.68755467390487,0.011586709401540534,0.02807311772554103
Wang,MEF2A_-_+,MEF2A (-),asd_da_proband vs sibling,2.3109282651523935,0.27821703452865176,19.19504841149573,0.6815789725714096,0.8226268594048692
Wang,MEF2A_-_+,MEF2A (-),proband vs sibling,4.204666104385791,0.5595673317087144,31.594441003882253,0.2308265254434349,0.36750030391386623
Wang,MEF2C_+_+,MEF2C (+),asd_d_proband vs asd_da_proband,2.2137714701801348,2.0015666168664348,2.4484741506410455,5.769585630642143e-54,4.691591510694291e-52
Wang,MEF2C_+_+,MEF2C (+),asd_d_proband vs sibling,3.8937999390626854,3.2730791785500433,4.632236844377568,1.1692409090061645e-69,1.6139067698554784e-67
Wang,MEF2C_+_+,MEF2C (+),asd_da_proband vs sibling,1.7588987804354739,1.4740336495270694,2.0988156686992805,4.1900305676143624e-11,3.348348988681302e-10
Wang,MEF2C_+_+,MEF2C (+),proband vs sibling,2.410711804670056,2.0378240411324047,2.851831800917478,1.140683669508366e-30,3.373905269227667e-29
Wang,MEF2C_-_+,MEF2C (-),asd_d_proband vs asd_da_proband,1.7733830178122463,1.5491659865493783,2.030051882864928,1.9842756373240433e-16,2.5460212754960614e-15
Wang,MEF2C_-_+,MEF2C (-),asd_d_proband vs sibling,2.7781213369562163,2.2411799501912784,3.4437030200063536,3.480516068029947e-24,7.513625919372705e-23
Wang,MEF2C_-_+,MEF2C (-),asd_da_proband vs sibling,1.5665658851202244,1.2641077069796567,1.941392065622464,2.2258887453326425e-5,9.044534553960915e-5
Wang,MEF2C_-_+,MEF2C (-),proband vs sibling,1.9097278513461076,1.5569107730542813,2.3424980604716175,2.1121995514620655e-11,1.7304080857751275e-10
Wang,MEIS1_+_+,MEIS1 (+),asd_d_proband vs asd_da_proband,1.6444507866597426,1.3750671175672495,1.9666082878413338,6.687329279955379e-8,3.81236356322863e-7
Wang,MEIS1_+_+,MEIS1 (+),asd_d_proband vs sibling,2.271110683363248,1.7379819684129387,2.9677774740072382,2.1058700672516255e-10,1.5802698774845395e-9
Wang,MEIS1_+_+,MEIS1 (+),asd_da_proband vs sibling,1.3810754944977073,1.0596541185452508,1.799992552400612,0.01774520845761829,0.04082294167901581
Wang,MEIS1_+_+,MEIS1 (+),proband vs sibling,1.6147585233584134,1.2556115016785157,2.076633644461668,1.0002338610708326e-4,3.6477704060669676e-4
Wang,MEIS1_-_+,MEIS1 (-),asd_d_proband vs asd_da_proband,2.3691240194151204,2.0272548331375204,2.768644833211706,1.2348763697502815e-27,3.16003475517558e-26
Wang,MEIS1_-_+,MEIS1 (-),asd_d_proband vs sibling,4.786286331459547,3.588551572955677,6.383783646683972,7.069731428407215e-37,2.954369418017877e-35
Wang,MEIS1_-_+,MEIS1 (-),asd_da_proband vs sibling,2.0202768163403984,1.5060169546807542,2.7101410790608904,5.678079639431086e-7,2.8801395053016253e-6
Wang,MEIS1_-_+,MEIS1 (-),proband vs sibling,2.865378893846935,2.164306099448652,3.7935466741026374,2.686905538119706e-17,3.686402025944356e-16
Wang,MEIS2_+_+,MEIS2 (+),asd_d_proband vs asd_da_proband,1.953108572656293,1.6768775402090053,2.2748429775665358,1.1795137417984736e-17,1.663369998108993e-16
Wang,MEIS2_+_+,MEIS2 (+),asd_d_proband vs sibling,3.3586842206252503,2.6016051746921236,4.33607674354815,2.269657900047991e-25,5.301688069086461e-24
Wang,MEIS2_+_+,MEIS2 (+),asd_da_proband vs sibling,1.7196607846830183,1.3294805820197946,2.2243523180187252,1.5563841905681312e-5,6.48019194518998e-5
Wang,MEIS2_+_+,MEIS2 (+),proband vs sibling,2.2051332966254407,1.7254444315143622,2.818179923429025,3.521120532547873e-12,3.1036982003115995e-11
Wang,MEIS2_-_+,MEIS2 (-),asd_d_proband vs asd_da_proband,2.2978410947915626,1.8997261487238901,2.77938675553826,1.0266183854032682e-17,1.4522505420844368e-16
Wang,MEIS2_-_+,MEIS2 (-),asd_d_proband vs sibling,4.520861984379434,3.19865409535709,6.3896227827427765,8.599939012765663e-24,1.780578281961254e-22
Wang,MEIS2_-_+,MEIS2 (-),asd_da_proband vs sibling,1.967438912388988,1.3831806668374733,2.798488994812702,7.514773556022454e-5,2.796551760431559e-4
Wang,MEIS2_-_+,MEIS2 (-),proband vs sibling,2.707335283049659,1.933538774374993,3.7908028698389327,4.7940197068201774e-11,3.810952838493178e-10
Wang,MEIS3_+_+,MEIS3 (+),asd_d_proband vs asd_da_proband,1.743320414162407,1.0874528634019889,2.794756599313791,0.02336998701208006,0.05199615915572597
Wang,MEIS3_+_+,MEIS3 (+),asd_d_proband vs sibling,5.875231702522047,2.0848981838941896,16.556370869797806,8.482589219358071e-5,3.128598695884697e-4
Wang,MEIS3_+_+,MEIS3 (+),asd_da_proband vs sibling,3.370138762096038,1.197801207345975,9.48223729123492,0.01186603171102607,0.028612903358244443
Wang,MEIS3_+_+,MEIS3 (+),proband vs sibling,4.142877362124933,1.5107095238026647,11.361173387193926,0.0014693797293891973,0.004318080430559867
Wang,MEIS3_-_+,MEIS3 (-),asd_d_proband vs asd_da_proband,2.871317014171903,1.3030192523440383,6.327198451628292,0.012263924043437456,0.029447640494389884
Wang,MEIS3_-_+,MEIS3 (-),asd_d_proband vs sibling,11.05902768648279,1.4666229528674022,83.39027637013275,0.0022705223629112597,0.0064197575189700725
Wang,MEIS3_-_+,MEIS3 (-),asd_da_proband vs sibling,3.8515523127188547,0.49304673911087954,30.087320411775178,0.310054653160298,0.46093587430617616
Wang,MEIS3_-_+,MEIS3 (-),proband vs sibling,6.183374888272098,0.8378512503677779,45.6335477116385,0.04567901687529334,0.09351391098885195
Wang,MESP1_extended_+_+,MESP1 (+),asd_d_proband vs asd_da_proband,2.9909951870827514,0.7148023954678686,12.515420017998974,0.1442905113718651,0.25047617905430675
Wang,MESP1_extended_+_+,MESP1 (+),asd_d_proband vs sibling,1.151995031827356,0.27530930570317075,4.820369402208793,1,1
Wang,MESP1_extended_+_+,MESP1 (+),asd_da_proband vs sibling,0.3851544251232805,0.07773770985537454,1.908262173763904,0.3577678078655382,0.5156811512636724
Wang,MESP1_extended_+_+,MESP1 (+),proband vs sibling,0.6595555555555555,0.1749787113920625,2.486094036259606,0.46485830698278086,0.6313147251957564
Wang,MESP2_extended_+_+,MESP2 (+),asd_d_proband vs asd_da_proband,1.794604131441594,0.36221423453880636,8.891434078199357,0.6733789795117998,0.8155403632298088
Wang,MESP2_extended_+_+,MESP2 (+),asd_d_proband vs sibling,2.073513195618614,0.21568697687008578,19.933781050648214,0.649593470857239,0.797761882738708
Wang,MESP2_extended_+_+,MESP2 (+),asd_da_proband vs sibling,1.1554153694904148,0.12018638154857354,11.107620171717505,1,1
Wang,MESP2_extended_+_+,MESP2 (+),proband vs sibling,1.2366496553901194,0.1444781288458962,10.585009526304782,1,1
Wang,MGA_+_+,MGA (+),asd_d_proband vs asd_da_proband,2.033888933913247,1.0157633303383602,4.072507908034827,0.06310030536115734,0.1237288768141434
Wang,MGA_+_+,MGA (+),asd_d_proband vs sibling,1.305617839251035,0.5820015764401284,2.9289232386570707,0.5566997489012595,0.716906831259075
Wang,MGA_+_+,MGA (+),asd_da_proband vs sibling,0.641931728660816,0.28092523883844067,1.4668541209230674,0.36070726902102557,0.5184212915826886
Wang,MGA_+_+,MGA (+),proband vs sibling,0.8519379570197374,0.40560936609749604,1.7894021767645873,0.6912487249264093,0.8323124351149337
Wang,MITF_+_+,MITF (+),asd_d_proband vs asd_da_proband,1.280144950813993,0.9989593208115907,1.640478306727409,0.05892314795587075,0.11618828525497457
Wang,MITF_+_+,MITF (+),asd_d_proband vs sibling,1.9988966595003888,1.3754730266283666,2.9048827407077638,1.7396336963405206e-4,6.09072366397469e-4
Wang,MITF_+_+,MITF (+),asd_da_proband vs sibling,1.5614611909607348,1.0896473924381953,2.237568839054335,0.014152641405588032,0.03331539100901989
Wang,MITF_+_+,MITF (+),proband vs sibling,1.6511423904065883,1.1687789291546786,2.3325807176977107,0.003581855477945403,0.009740508478830633
Wang,MITF_-_+,MITF (-),asd_d_proband vs asd_da_proband,2.201253450141547,1.828848900925082,2.6494899328802224,6.904738386022014e-17,9.142756787305312e-16
Wang,MITF_-_+,MITF (-),asd_d_proband vs sibling,4.413090029195872,3.1488746900139586,6.184864601805316,6.602883391481002e-24,1.3733394451231034e-22
Wang,MITF_-_+,MITF (-),asd_da_proband vs sibling,2.0048077739126757,1.42315847862093,2.8241789447338563,2.7893872887640202e-5,1.1135546976617101e-4
Wang,MITF_-_+,MITF (-),proband vs sibling,2.7460742423962095,1.9788140443304214,3.810829909135582,5.609402932146795e-12,4.848354906248321e-11
Wang,MIXL1_+_+,MIXL1 (+),asd_d_proband vs asd_da_proband,0.5982147746563715,0.0622263395946985,5.750955607352838,1,1
Wang,MIXL1_+_+,MIXL1 (+),asd_d_proband vs sibling,0.6912272055199605,0.04323545723162773,11.051000272559067,1,1
Wang,MIXL1_+_+,MIXL1 (+),asd_da_proband vs sibling,1.155483339436104,0.12019345178672522,11.108273602820933,1,1
Wang,MIXL1_+_+,MIXL1 (+),proband vs sibling,0.9893598259949443,0.11058138239201858,8.851696769558526,1,1
Wang,MSC_+_+,MSC (+),asd_d_proband vs asd_da_proband,2.2087268582464152,1.3164360183883337,3.7058195508138896,0.003593255315836692,0.009759855673009023
Wang,MSC_+_+,MSC (+),asd_d_proband vs sibling,2.0107666983334265,1.0135752072623119,3.9890307953047026,0.04398405058907355,0.09036867407903926
Wang,MSC_+_+,MSC (+),asd_da_proband vs sibling,0.9103736348503697,0.4498403452221976,1.8423873354918847,0.8544857209856876,0.9646053182378704
Wang,MSC_+_+,MSC (+),proband vs sibling,1.2816468418936642,0.6721233986058741,2.4439241822902473,0.5436218926821987,0.7042655634719611
Wang,MSX1_+_+,MSX1 (+),asd_d_proband vs asd_da_proband,1.5382229629884188,0.7114729515951386,3.32567791728407,0.30749431297865915,0.45952644213182164
Wang,MSX1_+_+,MSX1 (+),asd_d_proband vs sibling,1.3824272311763293,0.5188496264347301,3.683350535741908,0.6347449593590304,0.7850294026283964
Wang,MSX1_+_+,MSX1 (+),asd_da_proband vs sibling,0.8987170679669131,0.3453656699365066,2.3386585250454526,0.8056216037106028,0.923033642814405
Wang,MSX1_+_+,MSX1 (+),proband vs sibling,1.0305816485002386,0.422786418655471,2.5121396699617597,1,1
Wang,MSX2_+_+,MSX2 (+),asd_d_proband vs asd_da_proband,1.6151426079041187,0.6563126198154933,3.9747607544110424,0.3400238807977236,0.49815773067368035
Wang,MSX2_+_+,MSX2 (+),asd_d_proband vs sibling,2.0736365015550327,0.5613903376608921,7.659498306468521,0.38130869985706073,0.5426010233572102
Wang,MSX2_+_+,MSX2 (+),asd_da_proband vs sibling,1.2838720812683384,0.3533395910217704,4.6649952706792375,1,1
Wang,MSX2_+_+,MSX2 (+),proband vs sibling,1.5664649014471903,0.46355638161515517,5.293449480549083,0.5997939666672119,0.7547131265660636
Wang,MXD1_+_+,MXD1 (+),asd_d_proband vs asd_da_proband,0.4486557018874795,0.0952750719450389,2.112745073047708,0.5109442386689506,0.6742889399981358
Wang,MXD1_+_+,MXD1 (+),asd_d_proband vs sibling,0.34560296170419375,0.06330168863704327,1.88685973013388,0.23419095811316282,0.3716863464130511
Wang,MXD1_+_+,MXD1 (+),asd_da_proband vs sibling,0.7703077443354752,0.23195935999374778,2.558094749869984,0.7480297649783312,0.8767387795333725
Wang,MXD1_+_+,MXD1 (+),proband vs sibling,0.6183356136121788,0.19393073198762562,1.9715231677955307,0.49816793378992785,0.6604059774194183
Wang,MXD3_+_+,MXD3 (+),asd_d_proband vs asd_da_proband,1.345949606570065,0.6891093189837009,2.6288722173977175,0.3829602928593485,0.5447795546453256
Wang,MXD3_+_+,MXD3 (+),asd_d_proband vs sibling,10.368104226684437,1.3695635237528732,78.49039740838542,0.0038873861715685663,0.01052752711546336
Wang,MXD3_+_+,MXD3 (+),asd_da_proband vs sibling,7.703189016939405,1.0338285561426153,57.39744823077816,0.014179536659641428,0.03336146151067495
Wang,MXD3_+_+,MXD3 (+),proband vs sibling,8.65675706447652,1.1859852915133633,63.18749769462868,0.0057159273223423524,0.014937492227922785
Wang,MXD3_-_+,MXD3 (-),asd_d_proband vs asd_da_proband,1.9326253404169829,1.1332373902010906,3.295903169731351,0.015815580154469995,0.037019510587672576
Wang,MXD3_-_+,MXD3 (-),asd_d_proband vs sibling,4.838399593731862,1.6971310136605007,13.793932489709176,8.841753198688045e-4,0.0027120663851868043
Wang,MXD3_-_+,MXD3 (-),asd_da_proband vs sibling,2.5035372829624234,0.8737466002573739,7.173360016893498,0.10108991539808508,0.1856597750245329
Wang,MXD3_-_+,MXD3 (-),proband vs sibling,3.2771998027024565,1.1861342485435653,9.054656806361116,0.012017585426074832,0.028932400431168532
Wang,MXI1_+_+,MXI1 (+),asd_d_proband vs asd_da_proband,1.2874270877484955,0.9945149833491836,1.666609889261587,0.05779442776434318,0.11435865267879373
Wang,MXI1_+_+,MXI1 (+),asd_d_proband vs sibling,1.9008211290114259,1.298005029181769,2.7835955048447656,8.129921958301355e-4,0.0025106301369534016
Wang,MXI1_+_+,MXI1 (+),asd_da_proband vs sibling,1.4764495380749358,1.0231008385728668,2.1306826817994393,0.041841303695089524,0.0864340763406498
Wang,MXI1_+_+,MXI1 (+),proband vs sibling,1.587079956394403,1.1170623219448375,2.2548632591989293,0.008861263684586056,0.022116743059336703
Wang,MYBL1_+_+,MYBL1 (+),asd_d_proband vs asd_da_proband,1.7305013954806954,1.0199573610431498,2.9360394798248284,0.048196314951681474,0.09770103008674194
Wang,MYBL1_+_+,MYBL1 (+),asd_d_proband vs sibling,3.1104150272008755,1.28422433588924,7.533482563027392,0.007459724008035138,0.018950944147573926
Wang,MYBL1_+_+,MYBL1 (+),asd_da_proband vs sibling,1.797406829791588,0.7442490731899148,4.340846939767777,0.25016024898057776,0.39211324229214967
Wang,MYBL1_+_+,MYBL1 (+),proband vs sibling,2.01990957945222,0.8653045319738705,4.715143118291271,0.12598877169824607,0.2246980638549377
Wang,MYBL2_+_+,MYBL2 (+),asd_d_proband vs asd_da_proband,1.3804707841088222,0.6053309948884698,3.148194296789883,0.5149217134110056,0.6776687598439977
Wang,MYBL2_+_+,MYBL2 (+),asd_d_proband vs sibling,Inf,NA,NA,0.0072359944258257244,0.01843397908816341
Wang,MYBL2_+_+,MYBL2 (+),asd_da_proband vs sibling,Inf,NA,NA,0.025751869367187354,0.05644839507581251
Wang,MYBL2_+_+,MYBL2 (+),proband vs sibling,Inf,NA,NA,0.013494947034798713,0.03194879612448448
Wang,MYB_extended_+_+,MYB (+),asd_d_proband vs asd_da_proband,0.8075708061002178,0.367722170094194,1.7735417113912348,0.7003579710552026,0.8386254273259632
Wang,MYB_extended_+_+,MYB (+),asd_d_proband vs sibling,1.2441798941798943,0.41697079891863487,3.712450879284612,0.7908537602018612,0.9122169231433732
Wang,MYB_extended_+_+,MYB (+),asd_da_proband vs sibling,1.5406449623755891,0.5782315663132103,4.104907165873372,0.5050083816756028,0.6673377367369802
Wang,MYB_extended_+_+,MYB (+),proband vs sibling,1.4345600564276126,0.5553129962115702,3.705950643218021,0.6660458824248878,0.810970254802877
Wang,MYRF_+_+,MYRF (+),asd_d_proband vs asd_da_proband,1.1764559063436133,0.847206341738987,1.6336616375295967,0.3474965647785639,0.5063489611536656
Wang,MYRF_+_+,MYRF (+),asd_d_proband vs sibling,1.4564701008008827,0.9288882130931881,2.2837033828462623,0.10297339505080391,0.1884466912239501
Wang,MYRF_+_+,MYRF (+),asd_da_proband vs sibling,1.2380150356230046,0.8100893323126007,1.891990385866718,0.35608297094478364,0.5156811512636724
Wang,MYRF_+_+,MYRF (+),proband vs sibling,1.2543514092751187,0.8363936145819754,1.881168663317511,0.29145941117707846,0.44194328159507074
Wang,MYRF_-_+,MYRF (-),asd_d_proband vs asd_da_proband,1.9918058614525176,1.5004435681957644,2.644078507055848,2.430700883993216e-6,1.137907762239373e-5
Wang,MYRF_-_+,MYRF (-),asd_d_proband vs sibling,2.9088267151795146,1.863900119454539,4.539552720999981,3.5911611068362714e-7,1.8651925703123395e-6
Wang,MYRF_-_+,MYRF (-),asd_da_proband vs sibling,1.4603967040534074,0.9314233385620826,2.2897842956164016,0.11780998354039089,0.21185332610599308
Wang,MYRF_-_+,MYRF (-),proband vs sibling,1.8550248722127167,1.2116519867462094,2.840021156378937,0.002762382330433073,0.007700521123086075
Wang,NEUROD1_+_+,NEUROD1 (+),asd_d_proband vs asd_da_proband,2.2432498577394564,1.6148300049841409,3.116222703762253,1.939966332593659e-6,9.166542162825847e-6
Wang,NEUROD1_+_+,NEUROD1 (+),asd_d_proband vs sibling,5.5296625290549075,2.865477155587662,10.67088168042402,9.375535767653036e-10,6.610768641123773e-9
Wang,NEUROD1_+_+,NEUROD1 (+),asd_da_proband vs sibling,2.4650230155936352,1.2658468388832111,4.800216172098015,0.0059300113081166474,0.015399772809846824
Wang,NEUROD1_+_+,NEUROD1 (+),proband vs sibling,3.4132499288185607,1.7964387539654647,6.485205827843035,1.1935508571551246e-5,5.043250606995911e-5
Wang,NEUROD2_+_+,NEUROD2 (+),asd_d_proband vs asd_da_proband,2.3024998835659156,1.7861350761372163,2.9681437785132982,1.0762340792742418e-10,8.322998694557168e-10
Wang,NEUROD2_+_+,NEUROD2 (+),asd_d_proband vs sibling,5.529667229635679,3.3398672571566057,9.155220048038263,5.610946967550354e-16,6.9075306587005034e-15
Wang,NEUROD2_+_+,NEUROD2 (+),asd_da_proband vs sibling,2.401592837899215,1.4391740434655194,4.007609910167887,3.7405994952902755e-4,0.0012445174637844337
Wang,NEUROD2_+_+,NEUROD2 (+),proband vs sibling,3.3899748596427073,2.0718153270043467,5.546792418813631,1.1092985872742517e-8,6.93121408097972e-8
Wang,NEUROD2_-_+,NEUROD2 (-),asd_d_proband vs asd_da_proband,1.233776395679974,0.5725881107202151,2.6584628043051803,0.6885787238213468,0.829755578573078
Wang,NEUROD2_-_+,NEUROD2 (-),asd_d_proband vs sibling,1.9008113481274516,0.6052633665478783,5.96944071103681,0.3051974693173495,0.4565433408014867
Wang,NEUROD2_-_+,NEUROD2 (-),asd_da_proband vs sibling,1.5406449294889069,0.5150702079059879,4.608278177085157,0.6184522537904378,0.7713722051626188
Wang,NEUROD2_-_+,NEUROD2 (-),proband vs sibling,1.607690828686791,0.5610918620584121,4.606500246076543,0.49436515211188925,0.6567026460688188
Wang,NEUROD4_extended_+_+,NEUROD4 (+),asd_d_proband vs asd_da_proband,1.871506332051559,1.3483351751133343,2.5976745363886793,2.227831693372145e-4,7.681887481688206e-4
Wang,NEUROD4_extended_+_+,NEUROD4 (+),asd_d_proband vs sibling,5.606459441097648,2.80525671122449,11.204816778052647,3.231590716848969e-9,2.1426340196866162e-8
Wang,NEUROD4_extended_+_+,NEUROD4 (+),asd_da_proband vs sibling,2.9956935464662875,1.4964936552705903,5.99680445869788,6.133572370403943e-4,0.0019496456487920419
Wang,NEUROD4_extended_+_+,NEUROD4 (+),proband vs sibling,3.710057989209526,1.8894771312697103,7.2848356063710575,8.0657058423536e-6,3.515721541810589e-5
Wang,NEUROD4_extended_-_+,NEUROD4 (-),asd_d_proband vs asd_da_proband,1.8800443622920515,1.033912599971669,3.4186321012849437,0.03917013701479298,0.0815726261111578
Wang,NEUROD4_extended_-_+,NEUROD4 (-),asd_d_proband vs sibling,2.1723707420121467,0.9280169998564766,5.085245896875011,0.08774832202865922,0.16455087054993442
Wang,NEUROD4_extended_-_+,NEUROD4 (-),asd_da_proband vs sibling,1.1554890860999185,0.49121434146721515,2.7180701282214828,0.8357038183920036,0.9483389049494221
Wang,NEUROD4_extended_-_+,NEUROD4 (-),proband vs sibling,1.4840303941074378,0.6667165270570315,3.303272262285297,0.4721901861518857,0.6376601513818634
Wang,NEUROD6_extended_+_+,NEUROD6 (+),asd_d_proband vs asd_da_proband,2.7017504322269645,2.240005488580643,3.258677460948462,6.340734765221325e-26,1.5121490500305306e-24
Wang,NEUROD6_extended_+_+,NEUROD6 (+),asd_d_proband vs sibling,5.26085773954467,3.716699373629094,7.446559803060634,9.118025331541187e-30,2.579664930755907e-28
Wang,NEUROD6_extended_+_+,NEUROD6 (+),asd_da_proband vs sibling,1.9472034414401171,1.361903322640559,2.7840458124478307,1.0870252331916488e-4,3.935929997764674e-4
Wang,NEUROD6_extended_+_+,NEUROD6 (+),proband vs sibling,2.9680493680128937,2.112571149026813,4.169950467713185,4.936287100734082e-13,4.645617302447054e-12
Wang,NEUROD6_extended_-_+,NEUROD6 (-),asd_d_proband vs asd_da_proband,1.684401164984299,1.2938145218580244,2.192901097234556,1.392360905304197e-4,4.954846815359857e-4
Wang,NEUROD6_extended_-_+,NEUROD6 (-),asd_d_proband vs sibling,3.5218708255903945,2.2060457956411716,5.622537001114139,3.922469320307674e-9,2.574473739769662e-8
Wang,NEUROD6_extended_-_+,NEUROD6 (-),asd_da_proband vs sibling,2.090874133076976,1.3127888929774645,3.3301276875180283,0.0010286147043312795,0.0031173253348163524
Wang,NEUROD6_extended_-_+,NEUROD6 (-),proband vs sibling,2.473374983243613,1.5793429351589536,3.8734993341516644,1.4644809977738378e-5,6.103120718078528e-5
Wang,NEUROG1_+_+,NEUROG1 (+),asd_d_proband vs asd_da_proband,3.230259243518912,1.7184006924596658,6.072259413142835,2.695071327508202e-4,9.181787506955766e-4
Wang,NEUROG1_+_+,NEUROG1 (+),asd_d_proband vs sibling,6.220781980450489,1.8872099536018787,20.5054707211772,2.975938285808599e-4,0.0010085862270727804
Wang,NEUROG1_+_+,NEUROG1 (+),asd_da_proband vs sibling,1.925784127986528,0.5575200341515488,6.65203809805465,0.43078764134248904,0.5949786902252585
Wang,NEUROG1_+_+,NEUROG1 (+),proband vs sibling,3.3802374636003676,1.0467514980506278,10.915680877081302,0.035035060191224265,0.07395027765107809
Wang,NEUROG2_+_+,NEUROG2 (+),asd_d_proband vs asd_da_proband,1.0539680161757443,0.7023018256149255,1.581725318952134,0.8349077794267937,0.948143838267027
Wang,NEUROG2_+_+,NEUROG2 (+),asd_d_proband vs sibling,1.9672857306216378,1.0457528328243473,3.700887078120478,0.04286794890236509,0.08831456682508955
Wang,NEUROG2_+_+,NEUROG2 (+),asd_da_proband vs sibling,1.8665516414433605,1.0274085036165646,3.391070852451461,0.03996716212617632,0.08289122717957324
Wang,NEUROG2_+_+,NEUROG2 (+),proband vs sibling,1.8835717171101996,1.0565231622339222,3.358035621288109,0.03200993560971603,0.06867887739154806
Wang,NEUROG2_-_+,NEUROG2 (-),asd_d_proband vs asd_da_proband,3.925658578464598,2.1728840745368236,7.092322805098418,2.5155109679124645e-6,1.1751951239837208e-5
Wang,NEUROG2_-_+,NEUROG2 (-),asd_d_proband vs sibling,3.4560119289684157,1.5351270043941292,7.780475764535168,0.0013741028651407575,0.004069595936746522
Wang,NEUROG2_-_+,NEUROG2 (-),asd_da_proband vs sibling,0.8803648763362731,0.3621839916016241,2.139913230452967,0.8165819849195375,0.9319796896287881
Wang,NEUROG2_-_+,NEUROG2 (-),proband vs sibling,1.766694057719859,0.8010399519546892,3.8964447228459975,0.1840758489406471,0.3063447175464551
Wang,NFATC2_+_+,NFATC2 (+),asd_d_proband vs asd_da_proband,1.6314366600332282,0.692872769724304,3.8413770781602903,0.26286486869151365,0.4083729457332349
Wang,NFATC2_+_+,NFATC2 (+),asd_d_proband vs sibling,1.382409246025612,0.4725136333572674,4.044444834149691,0.6107195513806862,0.7638213806354293
Wang,NFATC2_+_+,NFATC2 (+),asd_da_proband vs sibling,0.8473569828922785,0.2944167010091681,2.4387674136527533,0.7819099328894826,0.90327155574729745
Wang,NFATC2_+_+,NFATC2 (+),proband vs sibling,0.9893501597688776,0.37132078219583914,2.636032739256876,1,1
Wang,NFATC4_+_+,NFATC4 (+),asd_d_proband vs asd_da_proband,1.0767444332252751,0.25732555622291114,4.505493319432658,1,1
Wang,NFATC4_+_+,NFATC4 (+),asd_d_proband vs sibling,1.0368151139926665,0.17324638279325213,6.204952526405625,1,1
Wang,NFATC4_+_+,NFATC4 (+),asd_da_proband vs sibling,0.9629166234804626,0.18681957448342812,4.9631224476280105,1,1
Wang,NFATC4_+_+,NFATC4 (+),proband vs sibling,0.9893601848418292,0.21009732495053085,4.658953061780929,1,1
Wang,NFE2L2_+_+,NFE2L2 (+),asd_d_proband vs asd_da_proband,1.3994553625377328,1.0538710109049116,1.8583633969151143,0.02437456422028496,0.05389321907019815
Wang,NFE2L2_+_+,NFE2L2 (+),asd_d_proband vs sibling,2.797743500836542,1.735323496804223,4.510610679154644,6.279862780485138e-6,2.771780519874981e-5
Wang,NFE2L2_+_+,NFE2L2 (+),asd_da_proband vs sibling,1.9991659439306397,1.2531295262879802,3.1893466617221957,0.002311692587485475,0.006519975068728383
Wang,NFE2L2_+_+,NFE2L2 (+),proband vs sibling,2.226033969868535,1.4181978777876982,3.4940309195346697,1.7715283706064636e-4,6.192871625565956e-4
Wang,NFE2L2_-_+,NFE2L2 (-),asd_d_proband vs asd_da_proband,1.5165596229825367,1.075456080700992,2.138583928561549,0.022288027679430708,0.04988794401956112
Wang,NFE2L2_-_+,NFE2L2 (-),asd_d_proband vs sibling,4.608048524302549,2.286895868201265,9.2851237774234,8.55649673298257e-7,4.195354426128698e-6
Wang,NFE2L2_-_+,NFE2L2 (-),asd_da_proband vs sibling,3.0384882034773857,1.5187174171302533,6.079083875996274,6.314397450006366e-4,0.001997379000679875
Wang,NFE2L2_-_+,NFE2L2 (-),proband vs sibling,3.517683803985324,1.7894409406572953,6.915064400099966,2.228400155471862e-5,9.046669080369278e-5
Wang,NFIA_+_+,NFIA (+),asd_d_proband vs asd_da_proband,2.0135872637262415,1.8087138705665864,2.241666708383474,3.768816754701353e-37,1.6043888147350152e-35
Wang,NFIA_+_+,NFIA (+),asd_d_proband vs sibling,3.7356853820459004,3.1003594214909027,4.501202401533359,1.9624289141860514e-56,1.71901225079182e-54
Wang,NFIA_+_+,NFIA (+),asd_da_proband vs sibling,1.855238881046969,1.5370003482763541,2.2393692425693263,8.502590294871436e-12,7.225615446481228e-11
Wang,NFIA_+_+,NFIA (+),proband vs sibling,2.3940727562676014,1.9999552004262253,2.8658563757234408,1.532796317465484e-26,3.7537028097071395e-25
Wang,NFIA_-_+,NFIA (-),asd_d_proband vs asd_da_proband,1.8472810242627191,1.6418657616243866,2.0783959702192716,4.520210990612003e-24,9.488276987206301e-23
Wang,NFIA_-_+,NFIA (-),asd_d_proband vs sibling,3.02943265345189,2.5002446717278017,3.670625641393105,8.38761045418497e-36,3.2377597982044526e-34
Wang,NFIA_-_+,NFIA (-),asd_da_proband vs sibling,1.6399414131701955,1.3527653699735145,1.9880815242064582,1.734597554115547e-7,9.417272775919329e-7
Wang,NFIA_-_+,NFIA (-),proband vs sibling,2.057922760456378,1.7131673224614752,2.472056309082229,4.1074820637336394e-17,5.535378935001991e-16
Wang,NFIB_+_+,NFIB (+),asd_d_proband vs asd_da_proband,2.273834917265677,2.0286553455959844,2.5486464431727587,2.2158351352155533e-45,1.2939909026803647e-43
Wang,NFIB_+_+,NFIB (+),asd_d_proband vs sibling,4.403979082407871,3.5850492029559122,5.409976449498841,1.0905205362236677e-61,1.2418302606247016e-59
Wang,NFIB_+_+,NFIB (+),asd_da_proband vs sibling,1.936806867098218,1.57084068007832,2.388033928591526,4.0043538580041417e-11,3.211237997043814e-10
Wang,NFIB_+_+,NFIB (+),proband vs sibling,2.678308103185033,2.1930110893120487,3.2709977302654205,3.162460286717403e-28,8.326593413871543e-27
Wang,NFIB_-_+,NFIB (-),asd_d_proband vs asd_da_proband,1.7505865145884945,1.5133976075283049,2.024949114373287,7.22050732204457e-14,7.390878843126521e-13
Wang,NFIB_-_+,NFIB (-),asd_d_proband vs sibling,2.6324683088232352,2.097555004904721,3.303793884191107,1.644578432225549e-19,2.61012360933358e-18
Wang,NFIB_-_+,NFIB (-),asd_da_proband vs sibling,1.5037636168710247,1.1988963988882966,1.886155482260078,3.2311018213765114e-4,0.0010853738050420362
Wang,NFIB_-_+,NFIB (-),proband vs sibling,1.8366088943657493,1.4808017853512825,2.2779093489971656,3.377070418684475e-9,2.2358365926028757e-8
Wang,NFIC_+_+,NFIC (+),asd_d_proband vs asd_da_proband,1.8406224920038416,1.184170032868378,2.8609836966267843,0.006880302934098314,0.01759673209703415
Wang,NFIC_+_+,NFIC (+),asd_d_proband vs sibling,4.608099957690818,1.9537453989934328,10.868655266448817,6.293642415034023e-5,2.3731408278543023e-4
Wang,NFIC_+_+,NFIC (+),asd_da_proband vs sibling,2.503555170986795,1.0599383276724574,5.913352060716871,0.030057961891746268,0.06491892670313146
Wang,NFIC_+_+,NFIC (+),proband vs sibling,3.1329593534432076,1.3645723425911616,7.193047963795697,0.0032102191028122694,0.008819389634083165
Wang,NFIC_-_+,NFIC (-),asd_d_proband vs asd_da_proband,0,NA,NA,0.5573124620454377,0.716906831259075
Wang,NFIC_-_+,NFIC (-),asd_d_proband vs sibling,NA,NA,NA,NA,NA
Wang,NFIC_-_+,NFIC (-),asd_da_proband vs sibling,Inf,NA,NA,0.5652280413622033,0.7232044790725464
Wang,NFIC_-_+,NFIC (-),proband vs sibling,Inf,NA,NA,1,1
Wang,NFIX_+_+,NFIX (+),asd_d_proband vs asd_da_proband,1.8968185664559725,1.52600947489589,2.3577315431134886,1.0730368951066506e-8,6.732345808830294e-8
Wang,NFIX_+_+,NFIX (+),asd_d_proband vs sibling,4.122555416293281,2.7627489002343135,6.151649597604636,1.1138237228904612e-15,1.3457472301766712e-14
Wang,NFIX_+_+,NFIX (+),asd_da_proband vs sibling,2.173405242440182,1.454139924844727,3.248442785429236,5.342910845709723e-5,2.036565598511112e-4
Wang,NFIX_+_+,NFIX (+),proband vs sibling,2.7295412512454496,1.8539476635047358,4.018665461227861,9.590235174518758e-9,6.058740807202904e-8
Wang,NFIX_-_+,NFIX (-),asd_d_proband vs asd_da_proband,1.3459483734165394,0.8886253300270716,2.0386286128569386,0.18901264744653765,0.3119393511300648
Wang,NFIX_-_+,NFIX (-),asd_d_proband vs sibling,2.0736219910128653,1.1069472525840525,3.8844743067697887,0.023211574576543784,0.051701121677346036
Wang,NFIX_-_+,NFIX (-),asd_da_proband vs sibling,1.540640066118738,0.8389861552500959,2.829095329496593,0.21182311244923852,0.34263347386666393
Wang,NFIX_-_+,NFIX (-),proband vs sibling,1.636229116071781,0.9131616613751411,2.9318420094962656,0.1016417620518085,0.18653433768976135
Wang,NFKB1_-_+,NFKB1 (-),asd_d_proband vs asd_da_proband,4.386784739971945,2.535058932776667,7.591097826579034,2.727462803408588e-8,1.6346832986218578e-7
Wang,NFKB1_-_+,NFKB1 (-),asd_d_proband vs sibling,5.0688474083253725,2.160087252716972,11.894526027395303,1.6502800226757836e-5,6.839877619006546e-5
Wang,NFKB1_-_+,NFKB1 (-),asd_da_proband vs sibling,1.1554812257229174,0.45867243173274896,2.9108722709893957,1,1
Wang,NFKB1_-_+,NFKB1 (-),proband vs sibling,2.473370102454662,1.0686275843129336,5.724688145355921,0.029457829580142782,0.06375374843278554
Wang,NHLH1_+_+,NHLH1 (+),asd_d_proband vs asd_da_proband,1.574850682314847,1.0456177051462074,2.371951679261917,0.03812289647580041,0.07958285675860259
Wang,NHLH1_+_+,NHLH1 (+),asd_d_proband vs sibling,2.7019931074219294,1.393406162768317,5.239510881774046,0.0020576432812064727,0.0059095618826579335
Wang,NHLH1_+_+,NHLH1 (+),asd_da_proband vs sibling,1.7157138373590535,0.8921706338904493,3.299451763917603,0.1134441076446878,0.20489211352956105
Wang,NHLH1_+_+,NHLH1 (+),proband vs sibling,1.9786966567001902,1.0572167902871936,3.703346839746021,0.03124409644136653,0.06728929517277756
Wang,NHLH1_-_+,NHLH1 (-),asd_d_proband vs asd_da_proband,1.2921127268357173,0.7049794512033164,2.3682325718871664,0.42816119900903643,0.5936913819515162
Wang,NHLH1_-_+,NHLH1 (-),asd_d_proband vs sibling,2.0736089412330254,0.8231265332269421,5.223806872443568,0.14604667163243915,0.2525598288860138
Wang,NHLH1_-_+,NHLH1 (-),asd_da_proband vs sibling,1.6048204604493999,0.6583624849577056,3.911900767618124,0.42199330074489816,0.5869264257995876
Wang,NHLH1_-_+,NHLH1 (-),proband vs sibling,1.7725683712212839,0.7544814078557739,4.164448053907111,0.212636210197644,0.34370402322578725
Wang,NHLH2_+_+,NHLH2 (+),asd_d_proband vs asd_da_proband,3.5891903914590744,2.298308001567441,5.605118050912433,6.8734548197029235e-9,4.40966009911927e-8
Wang,NHLH2_+_+,NHLH2 (+),asd_d_proband vs sibling,10.022568672153024,3.6387066665487575,27.606479992326467,1.992194045694135e-9,1.3503636723417834e-8
Wang,NHLH2_+_+,NHLH2 (+),asd_da_proband vs sibling,2.7924316012889636,0.9816977916712657,7.943049596355207,0.050641696146302664,0.10215807172117301
Wang,NHLH2_+_+,NHLH2 (+),proband vs sibling,5.070418786965324,1.8586009198285431,13.832526606939691,1.0954144365206714e-4,3.963155487173676e-4
Wang,NKX1-2_+_+,NKX1 (-),asd_d_proband vs asd_da_proband,0,NA,NA,1,1
Wang,NKX1-2_+_+,NKX1 (-),asd_d_proband vs sibling,NA,NA,NA,NA,NA
Wang,NKX1-2_+_+,NKX1 (-),asd_da_proband vs sibling,Inf,NA,NA,1,1
Wang,NKX1-2_+_+,NKX1 (-),proband vs sibling,Inf,NA,NA,1,1
Wang,NKX2-2_+_+,NKX2 (-),asd_d_proband vs asd_da_proband,0.8764315276088178,0.5201256629620703,1.4768204633708708,0.6964210347845154,0.8356685493792065
Wang,NKX2-2_+_+,NKX2 (-),asd_d_proband vs sibling,1.2096192613837105,0.5951431917128306,2.4585322958991163,0.7239505901468021,0.8562957735158243
Wang,NKX2-2_+_+,NKX2 (-),asd_da_proband vs sibling,1.380164021123172,0.7278308808708664,2.617163925393882,0.36892198918243185,0.5286067783769778
Wang,NKX2-2_+_+,NKX2 (-),proband vs sibling,1.2572997540926714,0.6770694884575112,2.334771686792224,0.557835472448122,0.7173745276683219
Wang,NKX2-2_extended_-_+,NKX2 (-),asd_d_proband vs asd_da_proband,5.383797759264579,3.0013004196603563,9.65757313822734,7.933358656466689e-10,5.646320106282151e-9
Wang,NKX2-2_extended_-_+,NKX2 (-),asd_d_proband vs sibling,10.368102164999609,3.2221127330345536,33.36243993009812,1.4070756875668152e-7,7.731278355689798e-7
Wang,NKX2-2_extended_-_+,NKX2 (-),asd_da_proband vs sibling,1.9257971098854725,0.5575237924485654,6.652082940093333,0.43078778975610155,0.5949786902252585
Wang,NKX2-2_extended_-_+,NKX2 (-),proband vs sibling,4.6993963068181825,1.4717491456370024,15.005495817004766,0.0018337776257404703,0.0053101443644296515
Wang,NKX2-3_extended_+_+,NKX2 (-),asd_d_proband vs asd_da_proband,0.8973004820567755,0.33677289438135954,2.3907748174874697,1,1
Wang,NKX2-3_extended_+_+,NKX2 (-),asd_d_proband vs sibling,1.3824102838778787,0.3457375678402186,5.527482028954708,0.7458841392744551,0.8760969308888322
Wang,NKX2-3_extended_+_+,NKX2 (-),asd_da_proband vs sibling,1.5406324988360014,0.43476124256376125,5.459429829745143,0.7734319852195417,0.8957499316219502
Wang,NKX2-3_extended_+_+,NKX2 (-),proband vs sibling,1.484015394286941,0.4371404373584991,5.037972931052627,0.7839466919220511,0.9053948229475007
Wang,NKX2-8_extended_+_+,NKX2 (-),asd_d_proband vs asd_da_proband,1.6450564688585938,0.7258873635385862,3.728141474375798,0.27674952833022526,0.4228790927863657
Wang,NKX2-8_extended_+_+,NKX2 (-),asd_d_proband vs sibling,7.603187650360867,0.9816229260301044,58.89070121904137,0.03484907570155951,0.07362600472482894
Wang,NKX2-8_extended_+_+,NKX2 (-),asd_da_proband vs sibling,4.621839915098029,0.6009747746865042,35.544593717658856,0.12943642130347077,0.22896460487636083
Wang,NKX2-8_extended_+_+,NKX2 (-),proband vs sibling,5.688661716704329,0.7682473334111053,42.12298659523035,0.06887181226087113,0.1331541192055467
Wang,NKX3-1_extended_+_+,NKX3 (-),asd_d_proband vs asd_da_proband,0.7178265329759422,0.1392685972735218,3.6998644456242187,1,1
Wang,NKX3-1_extended_+_+,NKX3 (-),asd_d_proband vs sibling,1.382375326781164,0.12534910838920418,15.245114773053414,1,1
Wang,NKX3-1_extended_+_+,NKX3 (-),asd_da_proband vs sibling,1.925779089065093,0.22498931540227243,16.483560978215774,1,1
Wang,NKX3-1_extended_+_+,NKX3 (-),proband vs sibling,1.7313289677793695,0.21301337296374862,14.071886440585596,1,1
Wang,NKX6-1_+_+,NKX6 (-),asd_d_proband vs asd_da_proband,3.140553166246478,0.9193636910901437,10.728152836148606,0.06399749922065466,0.12527421474074907
Wang,NKX6-1_+_+,NKX6 (-),asd_d_proband vs sibling,1.612813287854071,0.41706065779463164,6.236902601250682,0.5418538996139016,0.7025375630741195
Wang,NKX6-1_+_+,NKX6 (-),asd_da_proband vs sibling,0.5135443351789108,0.11493757387259476,2.2945306335305515,0.4060027522030217,0.5718526067948254
Wang,NKX6-1_+_+,NKX6 (-),proband vs sibling,0.8244446567113488,0.2268987246258113,2.99564923998948,0.7302962596623778,0.862237204270099
Wang,NKX6-2_+_+,NKX6 (-),asd_d_proband vs asd_da_proband,1.2995350639287098,1.07767689433632,1.5670665217520752,0.006784897344458071,0.01738200641395192
Wang,NKX6-2_+_+,NKX6 (-),asd_d_proband vs sibling,1.501588531576908,1.1648527509331084,1.9356679343008005,0.0014361192368599579,0.004231256871861002
Wang,NKX6-2_+_+,NKX6 (-),asd_da_proband vs sibling,1.1554813511821351,0.9065397148742296,1.4727839619413974,0.2559747316382384,0.3988932270311926
Wang,NKX6-2_+_+,NKX6 (-),proband vs sibling,1.2395287043094956,0.9847072737086067,1.560292535486882,0.07022270993608372,0.1354210176794502
Wang,NKX6-2_-_+,NKX6 (-),asd_d_proband vs asd_da_proband,1.892321163155079,1.5609816367685472,2.2939919984821335,1.0968564723921744e-10,8.46810378262094e-10
Wang,NKX6-2_-_+,NKX6 (-),asd_d_proband vs sibling,3.004634537912049,2.2025608370538614,4.098787445294609,2.5147258619952943e-14,2.677111833864085e-13
Wang,NKX6-2_-_+,NKX6 (-),asd_da_proband vs sibling,1.5878036965471563,1.1621121773407377,2.1694296195552276,0.0030137569907877134,0.008360330750936684
Wang,NKX6-2_-_+,NKX6 (-),proband vs sibling,2.008982454901283,1.4931646477986942,2.7029909327489743,7.2290901484095e-7,3.6145450742047496e-6
Wang,NKX6-3_+_+,NKX6 (-),asd_d_proband vs asd_da_proband,5.383835326169215,0.5600268992362837,51.757661745954955,0.13408645541607753,0.23591660750378904
Wang,NKX6-3_+_+,NKX6 (-),asd_d_proband vs sibling,2.0737097018313912,0.21570741745906288,19.935670168995223,0.6495813443821239,0.797761882738708
Wang,NKX6-3_+_+,NKX6 (-),asd_da_proband vs sibling,0.38517331534114874,0.024092142596831855,6.157961345887155,0.47881516917492595,0.6435617304789718
Wang,NKX6-3_+_+,NKX6 (-),proband vs sibling,0.9893579571610388,0.11058117351125413,8.851680049301029,1,1
Wang,NR1D2_extended_+_+,NR1D2 (+),asd_d_proband vs asd_da_proband,1.196410727031712,0.19991397501440658,7.1600728646078755,1,1
Wang,NR1D2_extended_+_+,NR1D2 (+),asd_d_proband vs sibling,0.6912205567451819,0.0973677428121855,4.90702407458217,1,1
Wang,NR1D2_extended_+_+,NR1D2 (+),asd_da_proband vs sibling,0.5777452016500186,0.09653820147024955,3.4575899793667237,0.6223322093445687,0.7719721900823864
Wang,NR1D2_extended_+_+,NR1D2 (+),proband vs sibling,0.6183501904636806,0.1199687663991351,3.1871375319003583,0.6314483183504054,0.7820138907248767
Wang,NR2C2_+_+,NR2C2 (+),asd_d_proband vs asd_da_proband,0.5640147324491998,0.2864603459021033,1.1104944295796395,0.12289245736580497,0.2195196640397026
Wang,NR2C2_+_+,NR2C2 (+),asd_d_proband vs sibling,1.0861820269721456,0.4210677328279148,2.801904073232524,1,1
Wang,NR2C2_+_+,NR2C2 (+),asd_da_proband vs sibling,1.9258043531158595,0.8554236294347412,4.335538882565936,0.12215508302612946,0.21863119967937902
Wang,NR2C2_+_+,NR2C2 (+),proband vs sibling,1.5900301628960387,0.7170715899931115,3.525723169346997,0.298957355205843,0.4498681047117988
Wang,NR2C2_-_+,NR2C2 (-),asd_d_proband vs asd_da_proband,1.3131216235361307,0.8199692311520367,2.1028696354564196,0.26638886073395984,0.41244094515404045
Wang,NR2C2_-_+,NR2C2 (-),asd_d_proband vs sibling,3.456046997777355,1.4385028844215368,8.303258186130781,0.00333101706950327,0.009133874963669734
Wang,NR2C2_-_+,NR2C2 (-),asd_da_proband vs sibling,2.6319321347176503,1.1174137334712,6.199196013316177,0.021676950314924028,0.04878385592719032
Wang,NR2C2_-_+,NR2C2 (-),proband vs sibling,2.8443817965714824,1.2350725068024588,6.550633877854778,0.008446244853098313,0.021173717834817182
Wang,NR2E1_+_+,NR2E1 (+),asd_d_proband vs asd_da_proband,1.2976299376299376,0.8916004856065549,1.8885627388234976,0.19973748023145232,0.32560799855245126
Wang,NR2E1_+_+,NR2E1 (+),asd_d_proband vs sibling,1.5469850473310682,0.9248321280922418,2.5876725775115115,0.10860168849075225,0.19684866338057164
Wang,NR2E1_+_+,NR2E1 (+),asd_da_proband vs sibling,1.1921619580976734,0.7289188085533066,1.9498058187798037,0.5481643276808679,0.7095449026957524
Wang,NR2E1_+_+,NR2E1 (+),proband vs sibling,1.2837957726421247,0.8047167836695365,2.04808899143156,0.32355320153496525,0.47943553448008025
Wang,NR2E1_-_+,NR2E1 (-),asd_d_proband vs asd_da_proband,0.9970027031611468,0.46023317395293717,2.1598060426045698,1,1
Wang,NR2E1_-_+,NR2E1 (-),asd_d_proband vs sibling,1.3824341442816774,0.472522143692012,4.044517677718563,0.6107171681329872,0.7638213806354293
Wang,NR2E1_-_+,NR2E1 (-),asd_da_proband vs sibling,1.386590166604827,0.5148069847113347,3.7346662870226415,0.6450146847481495,0.7953551405056364
Wang,NR2E1_-_+,NR2E1 (-),proband vs sibling,1.3356350428592183,0.5143609563064632,3.4682277996439956,0.6623426028323679,0.8073243057804903
Wang,NR2F1_+_+,NR2F1 (+),asd_d_proband vs asd_da_proband,2.01892464280151,1.565230466008031,2.6041255916176955,7.031503947815128e-8,3.9935786137528564e-7
Wang,NR2F1_+_+,NR2F1 (+),asd_d_proband vs sibling,2.7216269144215057,1.8464106177149022,4.01170410862924,5.780226417097174e-8,3.3243600163986905e-7
Wang,NR2F1_+_+,NR2F1 (+),asd_da_proband vs sibling,1.3480577019679687,0.9100989134579048,1.9967714947933681,0.16249185154452778,0.27617551633780746
Wang,NR2F1_+_+,NR2F1 (+),proband vs sibling,1.7700026758341783,1.2227329578004007,2.562218882278274,0.0018106183963490215,0.0052464165364947786
Wang,NR2F1_-_+,NR2F1 (-),asd_d_proband vs asd_da_proband,1.0185559692497255,0.5962445631051262,1.739984440430578,1,1
Wang,NR2F1_-_+,NR2F1 (-),asd_d_proband vs sibling,1.1165705763512999,0.5591040972455387,2.229870713013134,0.8621345173108056,0.97131412354808
Wang,NR2F1_-_+,NR2F1 (-),asd_da_proband vs sibling,1.0962289850147091,0.5827239778438528,2.062242216345511,0.8752297784710392,0.9831496031900331
Wang,NR2F1_-_+,NR2F1 (-),proband vs sibling,1.1035078805404188,0.60474710267752,2.013617985143384,0.8817752550286876,0.9900138739599882
Wang,NR2F2_+_+,NR2F2 (+),asd_d_proband vs asd_da_proband,1.9259018655579652,1.2585413756997825,2.9471402906378774,0.0030347775409284416,0.008398326957265374
Wang,NR2F2_+_+,NR2F2 (+),asd_d_proband vs sibling,6.082598579475875,2.4119771092105053,15.339285492287365,3.2390601735757447e-6,1.4902948576401534e-5
Wang,NR2F2_+_+,NR2F2 (+),asd_da_proband vs sibling,3.1583117957641353,1.2480791572040912,7.992228170534006,0.008069252999624067,0.02036312876082417
Wang,NR2F2_+_+,NR2F2 (+),proband vs sibling,4.056319666967929,1.644482407221913,10.005415180103219,3.785753838200023e-4,0.001257775983442823
Wang,NR2F2_-_+,NR2F2 (-),asd_d_proband vs asd_da_proband,1.9939917695473255,1.1855547158924487,3.3537070231545263,0.012107624038040974,0.029120286450479593
Wang,NR2F2_-_+,NR2F2 (-),asd_d_proband vs sibling,2.9623129251700684,1.3011838559599196,6.744087567975446,0.006776310435022215,0.017369777170245466
Wang,NR2F2_-_+,NR2F2 (-),asd_da_proband vs sibling,1.485619434548905,0.6469631001913138,3.411423470143438,0.44500490072961896,0.611093591871607
Wang,NR2F2_-_+,NR2F2 (-),proband vs sibling,1.8726949735018985,0.8514435764253829,4.118871245118394,0.1434910291700688,0.24956152648708033
Wang,NR2F6_+_+,NR2F6 (+),asd_d_proband vs asd_da_proband,2.6919376563401967,0.9581696127753588,7.562886830268625,0.06069818370112716,0.11937833625156917
Wang,NR2F6_+_+,NR2F6 (+),asd_d_proband vs sibling,6.221089089859535,0.788172381532251,49.10340728855607,0.055593523983692064,0.11058676970389879
Wang,NR2F6_+_+,NR2F6 (+),asd_da_proband vs sibling,2.3110078627591135,0.27822661743541316,19.195709565689683,0.6815783851193709,0.8226268594048692
Wang,NR2F6_+_+,NR2F6 (+),proband vs sibling,3.710151247389319,0.4900884197279672,28.08722206932611,0.22327781432330052,0.3577346978329249
Wang,NR3C1_-_+,NR3C1 (-),asd_d_proband vs asd_da_proband,2.6676437702094224,2.214055980507016,3.2141568900654045,1.743315661721702e-25,4.0931973397640994e-24
Wang,NR3C1_-_+,NR3C1 (-),asd_d_proband vs sibling,5.5906495368387,3.91490395995724,7.983685567626581,3.972735847737495e-31,1.2144840125130395e-29
Wang,NR3C1_-_+,NR3C1 (-),asd_da_proband vs sibling,2.095725673446949,1.4538033883808852,3.021086711894484,2.1738085648664025e-5,8.85661718512206e-5
Wang,NR3C1_-_+,NR3C1 (-),proband vs sibling,3.1571859344109634,2.2269476159131703,4.4760024677792325,5.1022556609831094e-14,5.318255042512143e-13
Wang,NR3C2_+_+,NR3C2 (+),asd_d_proband vs asd_da_proband,1.1964008565647042,0.33762024583890615,4.23960063778797,0.7523955061331717,0.8787593667786148
Wang,NR3C2_+_+,NR3C2 (+),asd_d_proband vs sibling,0.4607964480069154,0.13003518779190684,1.6328916049675988,0.334820335215002,0.49196987964655936
Wang,NR3C2_+_+,NR3C2 (+),asd_da_proband vs sibling,0.38515222174784064,0.12421984051418639,1.194191147752734,0.10620045527305831,0.19365215122849505
Wang,NR3C2_+_+,NR3C2 (+),proband vs sibling,0.41222020696248807,0.14982030959705778,1.1341953536554001,0.10801956913236249,0.196183866586089
Wang,NR3C2_extended_-_+,NR3C2 (-),asd_d_proband vs asd_da_proband,1.009454689286569,0.44608695179877816,2.2843052584561936,1,1
Wang,NR3C2_extended_-_+,NR3C2 (-),asd_d_proband vs sibling,2.073603318531125,0.5613813541052003,7.659375736618295,0.38130928837083705,0.5426010233572102
Wang,NR3C2_extended_-_+,NR3C2 (-),asd_da_proband vs sibling,2.0541816691115096,0.5985534741035963,7.049766666266845,0.3120089434137375,0.46308267750067594
Wang,NR3C2_extended_-_+,NR3C2 (-),proband vs sibling,1.8962408972114382,0.5693556044438005,6.3154371577142605,0.4583520866315459,0.6250890350112848
Wang,NR4A2_+_+,NR4A2 (+),asd_d_proband vs asd_da_proband,1.4581159396360994,0.7013882904833179,3.031276858009413,0.33514844904489477,0.49229319103498737
Wang,NR4A2_+_+,NR4A2 (+),asd_d_proband vs sibling,1.4976279320630936,0.5692394793732066,3.9401508577114828,0.4893252150309285,0.6519096545227312
Wang,NR4A2_+_+,NR4A2 (+),asd_da_proband vs sibling,1.0270979771586992,0.401911245614155,2.6247841188704926,1,1
Wang,NR4A2_+_+,NR4A2 (+),proband vs sibling,1.154245786511322,0.47793651532081,2.787573857554824,1,1
Wang,NRF1_+_+,NRF1 (+),asd_d_proband vs asd_da_proband,1.4100535731692518,0.6401426128468202,3.1059502043853837,0.408452680807585,0.5724937814827836
Wang,NRF1_+_+,NRF1 (+),asd_d_proband vs sibling,1.9008473632173346,0.6052748346057529,5.969553815340387,0.30519431036298184,0.4565433408014867
Wang,NRF1_+_+,NRF1 (+),asd_da_proband vs sibling,1.3480674772838377,0.44373707595233086,4.095411498825568,0.7938960168794548,0.9136423425967369
Wang,NRF1_+_+,NRF1 (+),proband vs sibling,1.484034601662315,0.514923429883027,4.277060570794626,0.6361011656083961,0.7852144514567656
Wang,OLIG1_+_+,OLIG1 (+),asd_d_proband vs asd_da_proband,1.5650533479253967,1.1482771851220677,2.1331016705623305,0.005084099349381678,0.013448358035094973
Wang,OLIG1_+_+,OLIG1 (+),asd_d_proband vs sibling,2.160018503887325,1.364058558819024,3.4204396189376918,6.74465529935725e-4,0.0021202142780243115
Wang,OLIG1_+_+,OLIG1 (+),asd_da_proband vs sibling,1.3801564699060274,0.877855820544227,2.169868715163916,0.1682418398691289,0.28377057986017146
Wang,OLIG1_+_+,OLIG1 (+),proband vs sibling,1.6283002676666536,1.059872872630275,2.5015846995908477,0.025238198155452828,0.05542911889975296
Wang,OLIG1_-_+,OLIG1 (-),asd_d_proband vs asd_da_proband,2.292573265473744,1.8970840348597682,2.7705109952883338,9.333985457568719e-18,1.3286344924757973e-16
Wang,OLIG1_-_+,OLIG1 (-),asd_d_proband vs sibling,4.015586069293896,2.894344102083521,5.571186739095575,9.0654908974843e-22,1.606743620157237e-20
Wang,OLIG1_-_+,OLIG1 (-),asd_da_proband vs sibling,1.7515628092540387,1.2541762728202825,2.4462050042319095,7.275673746857673e-4,0.0022738887972008496
Wang,OLIG1_-_+,OLIG1 (-),proband vs sibling,2.473369728528679,1.80108860609201,3.39658903693576,4.2021274573708055e-10,3.0576183016492045e-9
Wang,OLIG2_+_+,OLIG2 (+),asd_d_proband vs asd_da_proband,1.2289096076751456,0.8919111586212427,1.6932390734642742,0.20961716704104916,0.33990964609184016
Wang,OLIG2_+_+,OLIG2 (+),asd_d_proband vs sibling,1.9793661003063114,1.2182352305680983,3.2160374784226105,0.005496035944790126,0.01439718136831824
Wang,OLIG2_+_+,OLIG2 (+),asd_da_proband vs sibling,1.6106685861549097,1.0115633115643479,2.5645980481580852,0.04655980665455278,0.0945519033934409
Wang,OLIG2_+_+,OLIG2 (+),proband vs sibling,1.697630454145526,1.0854143707400223,2.6551603116121147,0.017013152989515112,0.039267515837320535
Wang,OLIG2_-_+,OLIG2 (-),asd_d_proband vs asd_da_proband,1.377247873981313,0.8750248316195118,2.1677232894927028,0.1877941040717902,0.3112251455136887
Wang,OLIG2_-_+,OLIG2 (-),asd_d_proband vs sibling,1.267220622593114,0.7135694627850717,2.250443986290601,0.477626919687571,0.6432852215188899
Wang,OLIG2_-_+,OLIG2 (-),asd_da_proband vs sibling,0.9201107850904608,0.5307368280032083,1.595148126473459,0.7755668635473478,0.8978074833081314
Wang,OLIG2_-_+,OLIG2 (-),proband vs sibling,1.030574652107552,0.6161226877206136,1.723819191751974,1,1
Wang,OLIG3_+_+,OLIG3 (+),asd_d_proband vs asd_da_proband,5.0248768557748615,1.8099208034909051,13.950548204651728,0.0010916425574765012,0.003295183465411175
Wang,OLIG3_+_+,OLIG3 (+),asd_d_proband vs sibling,4.8385863387413455,1.0996908449152294,21.28954502595601,0.021520479824025322,0.04850714941856738
Wang,OLIG3_+_+,OLIG3 (+),asd_da_proband vs sibling,0.9629263517533925,0.1868214619072869,4.96317258967414,1,1
Wang,OLIG3_+_+,OLIG3 (+),proband vs sibling,2.2260939233329227,0.5165297177831709,9.593821971691442,0.4016352187296546,0.5679066994100676
Wang,OTX1_+_+,OTX1 (+),asd_d_proband vs asd_da_proband,1.0254976820289066,0.30020358970114264,3.503107664014244,1,1
Wang,OTX1_+_+,OTX1 (+),asd_d_proband vs sibling,1.382465230433597,0.25321653245364517,7.547730374625883,1,1
Wang,OTX1_+_+,OTX1 (+),asd_da_proband vs sibling,1.3480920090413506,0.2800528454952685,6.489318334285054,1,1
Wang,OTX1_+_+,OTX1 (+),proband vs sibling,1.3603917885415269,0.30153669514765785,6.13744810536234,1,1
Wang,OTX2_+_+,OTX2 (+),asd_d_proband vs asd_da_proband,1.3095687202501358,0.7974100280932787,2.150675527818878,0.29818689022334743,0.449302442926678
Wang,OTX2_+_+,OTX2 (+),asd_d_proband vs sibling,1.866266106345292,0.9033819467545322,3.85545581490307,0.09578151491680456,0.17778516725592697
Wang,OTX2_+_+,OTX2 (+),asd_da_proband vs sibling,1.425099788569189,0.708712023406211,2.8656341931649365,0.41539296565248673,0.5798697390582522
Wang,OTX2_+_+,OTX2 (+),proband vs sibling,1.5582301566835168,0.7996160995521703,3.036558696801876,0.23933547846586045,0.3785323279208314
Wang,OVOL2_-_+,OVOL2 (-),asd_d_proband vs asd_da_proband,1.0966975027915198,0.5179955956703625,2.321922083280701,0.8473149867186789,0.9586487244171839
Wang,OVOL2_-_+,OVOL2 (-),asd_d_proband vs sibling,3.801694877653793,0.8426620323814982,17.15145976368832,0.08815933779898494,0.16491527334250614
Wang,OVOL2_-_+,OVOL2 (-),asd_da_proband vs sibling,3.466493602818469,0.8043447509529034,14.939586395193587,0.08363448668768274,0.15817001884831253
Wang,OVOL2_-_+,OVOL2 (-),proband vs sibling,3.339099164893786,0.7940446059041452,14.041507429294631,0.10112445704409793,0.1856597750245329
Wang,PATZ1_-_+,PATZ1 (-),asd_d_proband vs asd_da_proband,1.5382240776648937,0.7114734671654953,3.325680327243501,0.3074941874350475,0.45952644213182164
Wang,PATZ1_-_+,PATZ1 (-),asd_d_proband vs sibling,2.0736449273181448,0.6687949013653994,6.429479763995608,0.30885607098337864,0.46065468347389976
Wang,PATZ1_-_+,PATZ1 (-),asd_da_proband vs sibling,1.3480772778346108,0.4437403019538597,4.095441272771612,0.7938960245879001,0.9136423425967369
Wang,PATZ1_-_+,PATZ1 (-),proband vs sibling,1.607692473373036,0.5610924360618531,4.60650495857938,0.494365148059968,0.6567026460688188
Wang,PAX6_+_+,PAX6 (+),asd_d_proband vs asd_da_proband,2.2161449546869814,1.9022341172439363,2.5818580455808076,1.8685574296183426e-24,4.131688879568714e-23
Wang,PAX6_+_+,PAX6 (+),asd_d_proband vs sibling,3.5328372035345965,2.7443104198633663,4.5479325576075125,1.6599762552566672e-28,4.474078013428473e-27
Wang,PAX6_+_+,PAX6 (+),asd_da_proband vs sibling,1.5941363384479472,1.2323861403159242,2.062073389521217,2.472318941918629e-4,8.473598781368965e-4
Wang,PAX6_+_+,PAX6 (+),proband vs sibling,2.1745056427383336,1.7040956400149552,2.77477078121,7.1706086055461316e-12,6.127977898360718e-11
Wang,PAX6_-_+,PAX6 (-),asd_d_proband vs asd_da_proband,1.6538430883160669,1.2496622883230333,2.1887489014662393,5.717858359945012e-4,0.001832853260348313
Wang,PAX6_-_+,PAX6 (-),asd_d_proband vs sibling,2.2404656024706457,1.4775032775815957,3.3974111543566026,6.95178930319199e-5,2.599786557967119e-4
Wang,PAX6_-_+,PAX6 (-),asd_da_proband vs sibling,1.3547026427711921,0.89683740690213265,2.0463232646266287,0.17186246124208027,0.28865542439442315
Wang,PAX6_-_+,PAX6 (-),proband vs sibling,1.5948967670031147,1.0785832307214969,2.358367555645597,0.0167440941943756,0.0388139180943414
Wang,PBX1_+_+,PBX1 (+),asd_d_proband vs asd_da_proband,2.1535161799662195,1.7717901230832225,2.617483796165436,1.4159314202365078e-14,1.5654290337808964e-13
Wang,PBX1_+_+,PBX1 (+),asd_d_proband vs sibling,3.409959901249517,2.4750968524291963,4.6979278878389845,4.241223155261201e-17,5.698752646671024e-16
Wang,PBX1_+_+,PBX1 (+),asd_da_proband vs sibling,1.5834382545957961,1.1431893048173947,2.1932296738184376,0.005039124205756483,0.01334488997512836
Wang,PBX1_+_+,PBX1 (+),proband vs sibling,2.149085171913824,1.5785595386497935,2.9258111354420753,1.0473634788072059e-7,5.846495889665224e-7
Wang,PBX3_-_+,PBX3 (-),asd_d_proband vs asd_da_proband,2.3734964470895994,1.813097149471843,3.1071061944959713,3.463179999362103e-10,2.544320144692642e-9
Wang,PBX3_-_+,PBX3 (-),asd_d_proband vs sibling,3.2699395858683005,2.141938970514458,4.991974581171374,1.5106628644823442e-9,1.0378686798969951e-8
Wang,PBX3_-_+,PBX3 (-),asd_da_proband vs sibling,1.3776888479769696,0.8919042054036302,2.128061007382693,0.15340528437353781,0.26269213169979877
Wang,PBX3_-_+,PBX3 (-),proband vs sibling,1.9596701597722428,1.3032474377126788,2.946721416035827,6.832480401244608e-4,0.002146341257080634
Wang,PBX3_extended_+_+,PBX3 (+),asd_d_proband vs asd_da_proband,1.7579733602776155,1.180729078161413,2.6174254472144747,0.005784941468010427,0.015091871928286081
Wang,PBX3_extended_+_+,PBX3 (+),asd_d_proband vs sibling,3.016187930313193,1.5664611546709377,5.80760627471675,4.635571936721642e-4,0.0015114552735695835
Wang,PBX3_extended_+_+,PBX3 (+),asd_da_proband vs sibling,1.715718792141926,0.8921732103759212,3.2994612923522015,0.11344397045990301,0.20489211352956105
Wang,PBX3_extended_+_+,PBX3 (+),proband vs sibling,2.1136095760139044,1.131818059618281,3.9470526219773707,0.014027617392652625,0.03307235881135233
Wang,PEG3_-_+,PEG3 (-),asd_d_proband vs asd_da_proband,4.665928868215434,2.9418253463262003,7.4004706739079555,3.529562388060172e-12,3.1036982003115995e-11
Wang,PEG3_-_+,PEG3 (-),asd_d_proband vs sibling,6.418370546797128,2.943202268265877,13.996822753288063,9.16215914088572e-9,5.7963381787131194e-8
Wang,PEG3_-_+,PEG3 (-),asd_da_proband vs sibling,1.3755825963227652,0.5949734442280606,3.1803561951594697,0.5564163924509684,0.716906831259075
Wang,PEG3_-_+,PEG3 (-),proband vs sibling,2.932727611549012,1.3559875302922066,6.342898479080065,0.0022533573925842118,0.006375695293620127
Wang,PEG3_extended_+_+,PEG3 (+),asd_d_proband vs asd_da_proband,3.1405353617913763,2.3100638681129713,4.269562627599071,9.463988815716693e-14,9.622426128479805e-13
Wang,PEG3_extended_+_+,PEG3 (+),asd_d_proband vs sibling,11.05928073530319,5.15348994551069,23.732983216314025,3.965107356259794e-18,5.826149679923665e-17
Wang,PEG3_extended_+_+,PEG3 (+),asd_da_proband vs sibling,3.5214635281148126,1.6138435427702327,7.6839576149720665,3.0418964036305014e-4,0.0010294084783459832
Wang,PEG3_extended_+_+,PEG3 (+),proband vs sibling,5.794745316765045,2.7196692660057367,12.346748814603693,3.6666951169017834e-9,2.4135543724693095e-8
Wang,PGR_extended_+_+,PGR (+),asd_d_proband vs asd_da_proband,NA,NA,NA,NA,NA
Wang,PGR_extended_+_+,PGR (+),asd_d_proband vs sibling,0,NA,NA,0.40869140625,0.5724937814827836
Wang,PGR_extended_+_+,PGR (+),asd_da_proband vs sibling,0,NA,NA,0.2780517721616028,0.42404872784232334
Wang,PGR_extended_+_+,PGR (+),proband vs sibling,0,NA,NA,0.19828701594533024,0.3240751193509075
Wang,PHF21A_extended_+_+,PHF21A (+),asd_d_proband vs asd_da_proband,2.884168691198145,2.2781301748540628,3.651428320956462,3.6323880287867703e-19,5.705354300387497e-18
Wang,PHF21A_extended_+_+,PHF21A (+),asd_d_proband vs sibling,10.368095577714481,5.7798920018726365,18.598514621690917,1.2094111705542283e-27,3.112354735522322e-26
Wang,PHF21A_extended_+_+,PHF21A (+),asd_da_proband vs sibling,3.5948298063686956,1.9821151844691098,6.519702506702727,1.0248023578144888e-6,4.981830031851651e-6
Wang,PHF21A_extended_+_+,PHF21A (+),proband vs sibling,5.606304621204917,3.1448081836904898,9.994457426290198,2.5154859822037944e-14,2.677111833864085e-13
Wang,PITX2_+_+,PITX2 (+),asd_d_proband vs asd_da_proband,3.589266263986534,1.6801062092212267,7.667867806859295,8.277729050494227e-4,0.002552813529113149
Wang,PITX2_+_+,PITX2 (+),asd_d_proband vs sibling,13.824141004059806,1.8553084576675,103.00544564993136,4.6273896602579487e-4,0.0015108545506892458
Wang,PITX2_+_+,PITX2 (+),asd_da_proband vs sibling,3.8515228426395933,0.4930429665731333,30.08709019921533,0.31005415300486727,0.46093587430617616
Wang,PITX2_+_+,PITX2 (+),proband vs sibling,6.925221889560118,0.9422485247499232,50.898140946807054,0.01991803041071037,0.04536331426039287
Wang,PKNOX2_+_+,PKNOX2 (+),asd_d_proband vs asd_da_proband,1.9604814127925647,1.5288746832740021,2.5139322483086124,1.3676428950859832e-7,7.54190482701774e-7
Wang,PKNOX2_+_+,PKNOX2 (+),asd_d_proband vs sibling,5.616051260624894,3.3412976519744095,9.439455878266068,1.887943225255261e-15,2.23365750416564e-14
Wang,PKNOX2_+_+,PKNOX2 (+),asd_da_proband vs sibling,2.864628669253861,1.6998596599423144,4.827514650821012,1.1894684835540686e-5,5.030667541865165e-5
Wang,PKNOX2_+_+,PKNOX2 (+),proband vs sibling,3.725511855059355,2.2461313863373378,6.179263896410062,9.619390773336384e-10,6.761778545146178e-9
Wang,PKNOX2_-_+,PKNOX2 (-),asd_d_proband vs asd_da_proband,1.5809571675170393,1.016248723113577,2.4594624413064685,0.04581818430022716,0.09358826434418598
Wang,PKNOX2_-_+,PKNOX2 (-),asd_d_proband vs sibling,1.9672803117130222,1.0457499522875002,3.7008768839892645,0.04286791322760716,0.08831456682508955
Wang,PKNOX2_-_+,PKNOX2 (-),asd_da_proband vs sibling,1.2443602851067244,0.6680183537017287,2.3179490661753075,0.5499511504025474,0.711655536955569
Wang,PKNOX2_-_+,PKNOX2 (-),proband vs sibling,1.464993128490916,0.8139593367592858,2.636747033421282,0.23439612206607968,0.37175291911116304
Wang,PLAG1_-_+,PLAG1 (-),asd_d_proband vs asd_da_proband,1.3344397972539788,0.825245329877013,2.1578184183855043,0.25549599759858965,0.39828345963777406
Wang,PLAG1_-_+,PLAG1 (-),asd_d_proband vs sibling,6.681632173929661,2.0353878804707053,21.93400527538149,1.8879074436144636e-4,6.579509109153696e-4
Wang,PLAG1_-_+,PLAG1 (-),asd_da_proband vs sibling,5.007069024529378,1.5473576060717888,16.202292293665458,0.0015747044369014036,0.004609754955068055
Wang,PLAG1_-_+,PLAG1 (-),proband vs sibling,5.3589486599380285,1.6843220019710448,17.050380334784276,6.205170395442946e-4,0.0019696551324907747
Wang,PLAGL1_+_+,PLAGL1 (+),asd_d_proband vs asd_da_proband,1.18571425859648,0.7827903573830568,1.7960342635531688,0.4492829035151478,0.6162251205996683
Wang,PLAGL1_+_+,PLAGL1 (+),asd_d_proband vs sibling,1.9672748161402343,1.0457470309981718,3.700866545636273,0.042867877067383306,0.08831456682508955
Wang,PLAGL1_+_+,PLAGL1 (+),asd_da_proband vs sibling,1.6591474732444234,0.9074667254220063,3.033466970034866,0.10716107174443498,0.19501345657047597
Wang,PLAGL1_+_+,PLAGL1 (+),proband vs sibling,1.7123305278958465,0.957263215647938,3.0629776521595975,0.08232360811578616,0.15624380139457392
Wang,PLAGL1_-_+,PLAGL1 (-),asd_d_proband vs asd_da_proband,0.7975965804586569,0.40407662812442235,1.574355607034658,0.617254586324619,0.7702999015640108
Wang,PLAGL1_-_+,PLAGL1 (-),asd_d_proband vs sibling,0.9216047640394716,0.38832925648417005,2.187204097857802,0.8288892755773427,0.9427192634843435
Wang,PLAGL1_-_+,PLAGL1 (-),asd_da_proband vs sibling,1.1554773260305404,0.5434177262676285,2.4569089053108084,0.8529154762533628,0.963749823840086
Wang,PLAGL1_-_+,PLAGL1 (-),proband vs sibling,1.0168262050203998,0.4907735726759523,2.106746550305541,1,1
Wang,POU2AF1_+_+,POU2AF1 (+),asd_d_proband vs asd_da_proband,1.1109378705167852,0.5562836137245175,2.21862179956205,0.8582637109197058,0.9681503722732193
Wang,POU2AF1_+_+,POU2AF1 (+),asd_d_proband vs sibling,2.9952180681339287,0.8535385098654638,10.510751620439505,0.07959509525432068,0.15150763202527281
Wang,POU2AF1_+_+,POU2AF1 (+),asd_da_proband vs sibling,2.6961166304832287,0.8042029777329278,9.038818664486787,0.11213456441097049,0.20284866596186282
Wang,POU2AF1_+_+,POU2AF1 (+),proband vs sibling,2.5558089434647466,0.7813697058807704,8.359883044264231,0.13204141771567268,0.2328787099550349
Wang,POU2AF1_-_+,POU2AF1 (-),asd_d_proband vs asd_da_proband,0.8973097443124621,0.42002335913068806,1.9169523783261144,0.850993762384004,0.962571787350171
Wang,POU2AF1_-_+,POU2AF1 (-),asd_d_proband vs sibling,3.4560599959734244,0.7572571678246446,15.773176145800099,0.13955552828623285,0.24399513907230247
Wang,POU2AF1_-_+,POU2AF1 (-),asd_da_proband vs sibling,3.8515797001865066,0.9002661674144018,16.47808917388787,0.05614298778442316,0.11152695567293829
Wang,POU2AF1_-_+,POU2AF1 (-),proband vs sibling,3.4627139859699048,0.8248992048830606,14.535579714046845,0.10434163127647407,0.19049143505584745
Wang,POU2F1_+_+,POU2F1 (+),asd_d_proband vs asd_da_proband,1.6209269411698657,1.129383775180592,2.3264050771317017,0.009411656330677854,0.023324316967485107
Wang,POU2F1_+_+,POU2F1 (+),asd_d_proband vs sibling,3.5188665707547,1.843651628880907,6.71624820481462,2.7973296899339516e-5,1.1157475251881918e-4
Wang,POU2F1_+_+,POU2F1 (+),asd_da_proband vs sibling,2.17089770141956,1.1432848884149795,4.122154397197033,0.012991155762684963,0.030981525915722518
Wang,POU2F1_+_+,POU2F1 (+),proband vs sibling,2.5633052608606994,1.3805635830350802,4.759312748139599,0.0010605422112878959,0.003209488884544563
Wang,POU2F1_-_+,POU2F1 (-),asd_d_proband vs asd_da_proband,2.991013201245486,1.9786514070388141,4.521342131413287,1.559550037103999e-7,8.527911667477449e-7
Wang,POU2F1_-_+,POU2F1 (-),asd_d_proband vs sibling,6.912107298758284,2.9863984034792295,15.998276470375105,1.9013520743335723e-8,1.1578420720039334e-7
Wang,POU2F1_-_+,POU2F1 (-),asd_da_proband vs sibling,2.3109584724935406,0.9737501588596112,5.4844962159946,0.05723937974703287,0.11340816648444313
Wang,POU2F1_-_+,POU2F1 (-),proband vs sibling,3.7925050043973947,1.6606265563749578,8.661245451702676,2.0178478759554162e-4,7.005561794951921e-4
Wang,POU3F1_+_+,POU3F1 (+),asd_d_proband vs asd_da_proband,2.6919109311740894,1.52876230601266,4.740033445928346,5.660790409837767e-4,0.001817117710839396
Wang,POU3F1_+_+,POU3F1 (+),asd_d_proband vs sibling,6.912064777327936,2.1095006755322068,22.648316751035832,1.115584260637066e-4,4.026534316324751e-4
Wang,POU3F1_+_+,POU3F1 (+),asd_da_proband vs sibling,2.567716746227264,0.7630181729474648,8.640907284537086,0.16082076485316005,0.27402632603228055
Wang,POU3F1_+_+,POU3F1 (+),proband vs sibling,4.039794940738338,1.2592072979370443,12.960489658813113,0.008175373159250368,0.02058535387887783
Wang,POU3F2_+_+,POU3F2 (+),asd_d_proband vs asd_da_proband,1.7945982278602561,1.2471051599221272,2.5824468560776976,0.0018431007393714988,0.0053337508690198075
Wang,POU3F2_+_+,POU3F2 (+),asd_d_proband vs sibling,3.6445575154932506,1.9130073390888824,6.943412715846976,1.204457267447716e-5,5.084618028938226e-5
Wang,POU3F2_+_+,POU3F2 (+),asd_da_proband vs sibling,2.0308487208519908,1.0659808470722767,3.8690625054978343,0.030691935579189727,0.06616269122726418
Wang,POU3F2_+_+,POU3F2 (+),proband vs sibling,2.540831581645376,1.3681299178062036,4.718722280876995,0.0014511959517018802,0.004270153462533633
Wang,POU3F2_-_+,POU3F2 (-),asd_d_proband vs asd_da_proband,1.6276529786788707,1.0552096916193376,2.5106424249540606,0.02868770044372794,0.06219537149984805
Wang,POU3F2_-_+,POU3F2 (-),asd_d_proband vs sibling,2.6956896132327897,1.345717890138101,5.39990033880386,0.0033327113478856417,0.009133874963669734
Wang,POU3F2_-_+,POU3F2 (-),asd_da_proband vs sibling,1.656182029305055,0.832280787974431,3.2956893320446055,0.1686499432556126,0.2842029195446968
Wang,POU3F2_-_+,POU3F2 (-),proband vs sibling,1.9292189045921015,0.9987882480216276,3.726401055686986,0.04507330261828385,0.09248148352535267
Wang,POU3F3_-_+,POU3F3 (-),asd_d_proband vs asd_da_proband,1.1640632850170352,0.8095137709023608,1.673897814010244,0.4499986143274496,0.61702097780299
Wang,POU3F3_-_+,POU3F3 (-),asd_d_proband vs sibling,3.6864455790743413,1.8089061477263995,7.5127618005819565,6.701905578059114e-5,2.5145947205979625e-4
Wang,POU3F3_-_+,POU3F3 (-),asd_da_proband vs sibling,3.166877287964969,1.5853978070188497,6.32592760796541,3.108810329669113e-4,0.0010497131987874581
Wang,POU3F3_-_+,POU3F3 (-),proband vs sibling,3.270350305368525,1.6608351828301415,6.439646287838683,8.550801790244448e-5,3.1486644197534507e-4
Wang,POU6F2_+_+,POU6F2 (+),asd_d_proband vs asd_da_proband,2.2038878630141165,1.800993681330799,2.6969121341680005,2.187034144923698e-14,2.3662566579875164e-13
Wang,POU6F2_+_+,POU6F2 (+),asd_d_proband vs sibling,3.7218816250919753,2.644498609628918,5.238196299577969,1.4220226231513694e-17,1.9869058430841987e-16
Wang,POU6F2_+_+,POU6F2 (+),asd_da_proband vs sibling,1.6887799454559342,1.1926862340361024,2.3912221192684773,0.0025676711178585403,0.007201811540545351
Wang,POU6F2_+_+,POU6F2 (+),proband vs sibling,2.251402300198122,1.6175579660995203,3.133620200059981,1.2602680039943102e-7,6.966651405575343e-7
Wang,POU6F2_-_+,POU6F2 (-),asd_d_proband vs asd_da_proband,1.719820555108699,1.3617066321794007,2.1721145156210966,6.855461202648632e-6,3.014153067380745e-5
Wang,POU6F2_-_+,POU6F2 (-),asd_d_proband vs sibling,2.326501563595533,1.6417340325649754,3.2968857427874774,5.78176041160538e-7,2.929468150707731e-6
Wang,POU6F2_-_+,POU6F2 (-),asd_da_proband vs sibling,1.352758319282031,0.9561892639978672,1.9138000595568565,0.10035945235845115,0.18507583218329757
Wang,POU6F2_-_+,POU6F2 (-),proband vs sibling,1.6348376064181103,1.1771649268886581,2.270449907493457,0.0022349997789417237,0.006331447910128794
Wang,PPARD_+_+,PPARD (+),asd_d_proband vs asd_da_proband,7.178272290231451,0.8023200984958644,64.2232360491843,0.058512061869941574,0.11553736723755179
Wang,PPARD_+_+,PPARD (+),asd_d_proband vs sibling,1.3823660603657628,0.25319836816267616,7.54718894405912,1,1
Wang,PPARD_+_+,PPARD (+),asd_da_proband vs sibling,0.19257643127399265,0.017462177955083813,2.1237718443609115,0.18895197390316865,0.3119393511300648
Wang,PPARD_+_+,PPARD (+),proband vs sibling,0.6183272443514347,0.11996431452571085,3.187019261676337,0.6314430112430274,0.7820138907248767
Wang,PPARG_+_+,PPARG (+),asd_d_proband vs asd_da_proband,1.5112351862495554,1.0293921271015576,2.2186217749588546,0.04122444537930704,0.08523710789956586
Wang,PPARG_+_+,PPARG (+),asd_d_proband vs sibling,2.2118628049469806,1.23870922940413,3.949544373913594,0.0066463556168284525,0.017133078570828297
Wang,PPARG_+_+,PPARG (+),asd_da_proband vs sibling,1.4636125634661659,0.8287347070633149,2.5848582395286863,0.23583837879083136,0.3735201027094009
Wang,PPARG_+_+,PPARG (+),proband vs sibling,1.6818944677270593,0.978167637191579,2.891906144730547,0.06290823098026017,0.12345841969628828
Wang,PRDM16_+_+,PRDM16 (+),asd_d_proband vs asd_da_proband,1.2255767608909922,0.8725286893336391,1.7214773739797387,0.24884873389096476,0.3913571449410143
Wang,PRDM16_+_+,PRDM16 (+),asd_d_proband vs sibling,2.0372382004633565,1.2107382168378034,3.427941257414835,0.006562333983358963,0.016926065285504006
Wang,PRDM16_+_+,PRDM16 (+),asd_da_proband vs sibling,1.6622689540737439,1.0091973898149587,2.7379560268026983,0.04542483399001113,0.09311886535756107
Wang,PRDM16_+_+,PRDM16 (+),proband vs sibling,1.6923038004417965,1.0457199336120684,2.7386798902239993,0.030527242833907623,0.06583882154756118
Wang,PRDM16_-_+,PRDM16 (-),asd_d_proband vs asd_da_proband,2.0817340134815088,1.219324548140468,3.554112405507472,0.009852036223762108,0.02430987269731116
Wang,PRDM16_-_+,PRDM16 (-),asd_d_proband vs sibling,4.0090162142466745,1.5518756400746219,10.356635925620886,0.0014286065578828176,0.0042208009453173195
Wang,PRDM16_-_+,PRDM16 (-),asd_da_proband vs sibling,1.925806173259361,0.7372430458413698,5.030538352154033,0.22224500011138637,0.3564530178193384
Wang,PRDM16_-_+,PRDM16 (-),proband vs sibling,2.6217717541526504,1.0480319409561192,6.558661871127518,0.031406878536050134,0.06754406597342226
Wang,PRDM1_+_+,PRDM1 (+),asd_d_proband vs asd_da_proband,1.4044685763270612,1.0317559956477773,1.9118202270796871,0.03398343383097078,0.07233389771031397
Wang,PRDM1_+_+,PRDM1 (+),asd_d_proband vs sibling,3.110428631734286,1.8095082298129042,5.346627395064543,6.573141192777325e-6,2.898418018693196e-5
Wang,PRDM1_+_+,PRDM1 (+),asd_da_proband vs sibling,2.214665877301875,1.3024012681790114,3.7659245794063057,0.0017682020256587936,0.005139859749123041
Wang,PRDM1_+_+,PRDM1 (+),proband vs sibling,2.42698973011809,1.451066260969757,4.059276484150466,2.5456359365990105e-4,8.7117743735601e-4
Wang,PRDM1_-_+,PRDM1 (-),asd_d_proband vs asd_da_proband,1.9740546564344148,0.838382973055794,4.648104639323417,0.11719057469055716,0.2109099979450068
Wang,PRDM1_-_+,PRDM1 (-),asd_d_proband vs sibling,1.9008244054403158,0.6052675243056431,5.969481717134057,0.30519632395709023,0.4565433408014867
Wang,PRDM1_-_+,PRDM1 (-),asd_da_proband vs sibling,0.9629036355425086,0.30199878959491094,3.0701560512367174,1,1
Wang,PRDM1_-_+,PRDM1 (-),proband vs sibling,1.2366887501246158,0.4227057192603686,3.6181177471666532,1,1
Wang,PRDM5_extended_+_+,PRDM5 (+),asd_d_proband vs asd_da_proband,1.7945741073209656,0.5195343564530973,6.19881281510125,0.3443175910865388,0.502043157058051
Wang,PRDM5_extended_+_+,PRDM5 (+),asd_d_proband vs sibling,1.152004787552364,0.2753116371731896,4.820410223737555,1,1
Wang,PRDM5_extended_+_+,PRDM5 (+),asd_da_proband vs sibling,0.6419377070318579,0.15341335643373863,2.6861026268420396,0.6934931467311005,0.8335202335089634
Wang,PRDM5_extended_+_+,PRDM5 (+),proband vs sibling,0.8244582131741998,0.22690245555439,2.995698497883634,0.7302988219701518,0.862237204270099
Wang,PRDM9_+_+,PRDM9 (+),asd_d_proband vs asd_da_proband,0,NA,NA,0.557313280571533,0.716906831259075
Wang,PRDM9_+_+,PRDM9 (+),asd_d_proband vs sibling,0,NA,NA,0.16704211905062488,0.28212688770281596
Wang,PRDM9_+_+,PRDM9 (+),asd_da_proband vs sibling,0.5777630708140303,0.0965411873140965,3.4576969196619434,0.6223367687063684,0.7719721900823864
Wang,PRDM9_+_+,PRDM9 (+),proband vs sibling,0.3710157246068848,0.0619947870937526,2.2203910096086688,0.25923483559544763,0.40355935616447847
Wang,PROX1_-_+,PROX1 (-),asd_d_proband vs asd_da_proband,1.6490917419474553,1.0352044826300486,2.6270206698198417,0.035740592613454476,0.07515687792384339
Wang,PROX1_-_+,PROX1 (-),asd_d_proband vs sibling,3.3572912978556357,1.488316710883833,7.5732569393537785,0.0021079351033744505,0.006019839746627349
Wang,PROX1_-_+,PROX1 (-),asd_da_proband vs sibling,2.0358426474751026,0.9076207263201954,4.566505771725028,0.09189462758449898,0.17112838456557353
Wang,PROX1_-_+,PROX1 (-),proband vs sibling,2.43803294039881,1.120444736108304,5.305040424497216,0.020287167261926368,0.04601994366437978
Wang,PRRX1_+_+,PRRX1 (+),asd_d_proband vs asd_da_proband,1.304364761660634,1.0562421935912494,1.6107739700090102,0.014645244513587943,0.03442161442693141
Wang,PRRX1_+_+,PRRX1 (+),asd_d_proband vs sibling,1.5145563519003162,1.1368812093656322,2.017696241423109,0.0045359493487729,0.012139394408731234
Wang,PRRX1_+_+,PRRX1 (+),asd_da_proband vs sibling,1.1611447935561212,0.8826062989901563,1.5275862331201473,0.31107680844979274,0.46230174958851744
Wang,PRRX1_+_+,PRRX1 (+),proband vs sibling,1.243959583621719,0.9589277246266609,1.6137143665199412,0.10715354658673915,0.19501345657047597
Wang,PRRX1_-_+,PRRX1 (-),asd_d_proband vs asd_da_proband,2.066500955629346,1.578696142075036,2.705033657714497,1.3767929417769955e-7,7.574023973181419e-7
Wang,PRRX1_-_+,PRRX1 (-),asd_d_proband vs sibling,4.147240946856875,2.551724666520562,6.740385315449829,3.715459698015252e-11,2.995383880435305e-10
Wang,PRRX1_-_+,PRRX1 (-),asd_da_proband vs sibling,2.0068904084265697,1.2283656940659602,3.2788355543396435,0.003833694341413246,0.01040052276660949
Wang,PRRX1_-_+,PRRX1 (-),proband vs sibling,2.655620589006319,1.6595698916211388,4.2494870197152474,4.762392570669077e-6,2.1477918969700637e-5
Wang,PURA_+_+,PURA (+),asd_d_proband vs asd_da_proband,2.379788858837701,1.8155319708091604,3.1194135403321708,2.992026431236202e-10,2.219654787342166e-9
Wang,PURA_+_+,PURA (+),asd_d_proband vs sibling,4.216365917407214,2.6278130348113087,6.765223139533485,7.09533823994141e-12,6.086490712416783e-11
Wang,PURA_+_+,PURA (+),asd_da_proband vs sibling,1.7717394977075847,1.0924296542158258,2.8734672622837425,0.019845020868242476,0.04526493242606133
Wang,PURA_+_+,PURA (+),proband vs sibling,2.5599385716410104,1.6177528307514393,4.050857069142906,8.377445220579179e-6,3.641151047684939e-5
Wang,RARB_-_+,RARB (-),asd_d_proband vs asd_da_proband,1.7718749985586124,1.2958769545235844,2.422715366268167,4.3313744613718774e-4,0.0014245061856714009
Wang,RARB_-_+,RARB (-),asd_d_proband vs sibling,6.73923704315507,3.2554354981891325,13.951225864894974,1.4186103734456504e-10,1.08418963943707e-9
Wang,RARB_-_+,RARB (-),asd_da_proband vs sibling,3.8034494807124175,1.838070296739231,7.870334436063138,3.407972868143983e-5,1.3382169322755037e-4
Wang,RARB_-_+,RARB (-),proband vs sibling,4.637555062010636,2.2773140381572357,9.443983830435398,2.0197174910504658e-7,1.0836334035114144e-6
Wang,RBPJ_extended_-_+,RBPJ (-),asd_d_proband vs asd_da_proband,3.126059472414053,2.0099737004982763,4.86187845276138,3.044836960360831e-7,1.5959991201891353e-6
Wang,RBPJ_extended_-_+,RBPJ (-),asd_d_proband vs sibling,7.464964313449948,2.9862445198315446,18.660793458475656,3.83065419446411e-8,2.244741765118493e-7
Wang,RBPJ_extended_-_+,RBPJ (-),asd_da_proband vs sibling,2.38797898099016,0.9285591640008825,6.141174235016632,0.064290585404302,0.125791931493383
Wang,RBPJ_extended_-_+,RBPJ (-),proband vs sibling,4.006843482547234,1.6239040261135704,9.886541590794993,3.743115094148571e-4,0.0012445174637844337
Wang,REST_+_+,REST (+),asd_d_proband vs asd_da_proband,1.4954871201941606,0.6461300664377566,3.461349104208681,0.3767322173246429,0.5375987625043072
Wang,REST_+_+,REST (+),asd_d_proband vs sibling,1.3823943001781196,0.47250852480007094,4.04440110783937,0.6107209822075419,0.7638213806354293
Wang,REST_+_+,REST (+),asd_da_proband vs sibling,0.9243772691259566,0.325658664027655,2.623831115404316,1,1
Wang,REST_+_+,REST (+),proband vs sibling,1.088271767146188,0.4121197591400692,2.873765241537377,1,1
Wang,REST_-_+,REST (-),asd_d_proband vs asd_da_proband,3.0508273571140294,1.3969829039852268,6.662606633455125,0.004477620900993339,0.012004451562109863
Wang,REST_-_+,REST (-),asd_d_proband vs sibling,5.875399708174227,1.3574566154982566,25.430147333396025,0.008313471624760793,0.020875396516140916
Wang,REST_-_+,REST (-),asd_da_proband vs sibling,1.9258381482891052,0.4219703198327463,8.789368349119115,0.5296711713241629,0.6926964328155987
Wang,REST_-_+,REST (-),proband vs sibling,3.2154124730609435,0.763177437768141,13.547147570493191,0.10079704066042744,0.18550014319283606
Wang,RFX2_+_+,RFX2 (+),asd_d_proband vs asd_da_proband,0.4486489542386174,0.24432070114981916,0.8238593094736376,0.009067110521327349,0.022566444668507983
Wang,RFX2_+_+,RFX2 (+),asd_d_proband vs sibling,0.9984116979435472,0.4267798533781023,2.3356911313884976,1,1
Wang,RFX2_+_+,RFX2 (+),asd_da_proband vs sibling,2.225373955541495,1.0967171328191814,4.515557470386394,0.021865713647580172,0.04916008176936213
Wang,RFX2_+_+,RFX2 (+),proband vs sibling,1.7588438228010148,0.8753855947010221,3.5339073566339048,0.14041433712910908,0.24495875358984753
Wang,RFX2_-_+,RFX2 (-),asd_d_proband vs asd_da_proband,2.43551604838506,1.4948310859910514,3.968166355069156,4.262592067579469e-4,0.001402897895074023
Wang,RFX2_-_+,RFX2 (-),asd_d_proband vs sibling,4.377616718716241,1.850575749925439,10.355441076516895,1.5807519134263405e-4,5.564393327401068e-4
Wang,RFX2_-_+,RFX2 (-),asd_da_proband vs sibling,1.7974082829874791,0.7442496749121723,4.34085044932434,0.2501602685665369,0.39211324229214967
Wang,RFX2_-_+,RFX2 (-),proband vs sibling,2.597037961658809,1.124100930732513,6.0000005247766,0.02213795135301279,0.04967407310983904
Wang,RFX3_+_+,RFX3 (+),asd_d_proband vs asd_da_proband,1.6965295586279796,1.378156792827606,2.088450717855645,7.640494557835721e-7,3.799394400757829e-6
Wang,RFX3_+_+,RFX3 (+),asd_d_proband vs sibling,2.6573035831285354,1.9142619984564053,3.6887648287442945,3.1113633739130495e-10,2.3044325476705594e-9
Wang,RFX3_+_+,RFX3 (+),asd_da_proband vs sibling,1.5663172914461654,1.1304349549827606,2.1702706968404617,0.006121450660604766,0.01587881990834551
Wang,RFX3_+_+,RFX3 (+),proband vs sibling,1.8962487632070417,1.3899008872095824,2.5870617142947636,1.8790213045074605e-5,7.717711489658687e-5
Wang,RFX3_-_+,RFX3 (-),asd_d_proband vs asd_da_proband,1.987405982962249,1.5543154636534617,2.5411717463262375,6.277547063848829e-8,3.587732355813227e-7
Wang,RFX3_-_+,RFX3 (-),asd_d_proband vs sibling,3.704874521644745,2.4173042073101256,5.6782655569884595,1.1814490591010718e-11,9.856308850489761e-11
Wang,RFX3_-_+,RFX3 (-),asd_da_proband vs sibling,1.8641759929305393,1.2119507127398035,2.8674038441401954,0.0030605288267156897,0.008454038087137638
Wang,RFX3_-_+,RFX3 (-),proband vs sibling,2.443691195107288,1.6195644513657905,3.6871806194615897,2.813718739389871e-6,1.309140843505706e-5
Wang,RFX4_+_+,RFX4 (+),asd_d_proband vs asd_da_proband,1.228514369064833,0.9549720002939022,1.580410268085639,0.11411598914298457,0.20602391222603833
Wang,RFX4_+_+,RFX4 (+),asd_d_proband vs sibling,1.5000669847698962,1.0618096099128518,2.1192132165589777,0.024121229860797094,0.05341380749437567
Wang,RFX4_+_+,RFX4 (+),asd_da_proband vs sibling,1.2210414648318473,0.8796859642468465,1.6948573916547494,0.2642519073054236,0.409410693121158
Wang,RFX4_+_+,RFX4 (+),proband vs sibling,1.284048725900951,0.9396999327809094,1.7545825778751738,0.12267571259581216,0.2192184664079735
Wang,RFX4_-_+,RFX4 (-),asd_d_proband vs asd_da_proband,2.089021656474871,1.649530052458289,2.6456089567554972,1.1640680356793609e-9,8.107538077246925e-9
Wang,RFX4_-_+,RFX4 (-),asd_d_proband vs sibling,3.029116015627356,2.08706373706692,4.396388894679905,2.0012955323679023e-10,1.511758067982719e-9
Wang,RFX4_-_+,RFX4 (-),asd_da_proband vs sibling,1.4500165693537381,0.9934491032398998,2.1164124508678097,0.05380001681178559,0.10771827541876192
Wang,RFX4_-_+,RFX4 (-),proband vs sibling,1.9205011250005395,1.3437519150361277,2.7447957691127636,1.4593486227189878e-4,5.174564527339305e-4
Wang,RFX6_extended_+_+,RFX6 (+),asd_d_proband vs asd_da_proband,6.2810994934245,1.3048365943681404,30.235365115125393,0.012801981219430625,0.03057840820897037
Wang,RFX6_extended_+_+,RFX6 (+),asd_d_proband vs sibling,0.9676989494173135,0.30713384781587144,3.048967944636224,1,1
Wang,RFX6_extended_+_+,RFX6 (+),asd_da_proband vs sibling,0.1540652158798582,0.029890851784590246,0.7940921495032162,0.020658787845850277,0.046746536829532045
Wang,RFX6_extended_+_+,RFX6 (+),proband vs sibling,0.3957424009715327,0.12946519912030324,1.2096845251918575,0.15272761977816204,0.26207713595851073
Wang,RFX7_-_+,RFX7 (-),asd_d_proband vs asd_da_proband,1.6450568204984828,0.7258875187010118,3.7281422712865906,0.2767494984115286,0.4228790927863657
Wang,RFX7_-_+,RFX7 (-),asd_d_proband vs sibling,2.5344446968505543,0.7070694967368699,9.084552439382515,0.1780758677464926,0.29786033749268503
Wang,RFX7_-_+,RFX7 (-),asd_da_proband vs sibling,1.5406426484907496,0.43476410676175353,5.459465796354919,0.7734322403401132,0.8957499316219502
Wang,RFX7_-_+,RFX7 (-),proband vs sibling,1.8962568338471093,0.5693603894966114,6.315490234736928,0.45835288187435597,0.6250890350112848
Wang,RFX8_extended_+_+,RFX8 (+),asd_d_proband vs asd_da_proband,0,NA,NA,0.3041440879849464,0.4555669977583438
Wang,RFX8_extended_+_+,RFX8 (+),asd_d_proband vs sibling,0,NA,NA,0.4087108819933247,0.5724937814827836
Wang,RFX8_extended_+_+,RFX8 (+),asd_da_proband vs sibling,1.540655850020242,0.17220009263491093,13.784083457109475,1,1
Wang,RFX8_extended_+_+,RFX8 (+),proband vs sibling,0.9893410658934106,0.11057928556343617,8.851528924932353,1,1
Wang,RORA_+_+,RORA (+),asd_d_proband vs asd_da_proband,1.8719481091345802,1.4510628534687648,2.4149124311988053,1.753772866174633e-6,8.338659087082937e-6
Wang,RORA_+_+,RORA (+),asd_d_proband vs sibling,3.801642128504252,2.413710465999298,5.987662181029191,6.143070894581979e-11,4.832761299623647e-10
Wang,RORA_+_+,RORA (+),asd_da_proband vs sibling,2.030848029362196,1.2874735544438194,3.20343956124676,0.0015957204965245195,0.0046592992703007605
Wang,RORA_+_+,RORA (+),proband vs sibling,2.552071627428751,1.6474998495095785,3.953305120765637,3.2129041448462503e-6,1.4827927514000131e-5
Wang,RORB_extended_+_+,RORB (+),asd_d_proband vs asd_da_proband,1.8890486840865472,1.4265645823929325,2.5014674939309605,1.2467293227344245e-5,5.248476954764606e-5
Wang,RORB_extended_+_+,RORB (+),asd_d_proband vs sibling,6.283717225015632,3.3714934675122556,11.711457413290875,8.828890144410439e-13,8.173901343046656e-12
Wang,RORB_extended_+_+,RORB (+),asd_da_proband vs sibling,3.3263924206665614,1.7818655669553567,6.209720161535152,1.7948838096721958e-5,7.398819686024299e-5
Wang,RORB_extended_+_+,RORB (+),proband vs sibling,4.15976972228774,2.2641359057841615,7.642511254848395,2.5536227802498477e-8,1.532510113839006e-7
Wang,RREB1_+_+,RREB1 (+),asd_d_proband vs asd_da_proband,3.5891927235364167,1.0807977112627116,11.919255816739446,0.03418573322277534,0.0724761452952666
Wang,RREB1_+_+,RREB1 (+),asd_d_proband vs sibling,Inf,NA,NA,0.024731969117650878,0.05442227986999988
Wang,RREB1_+_+,RREB1 (+),asd_da_proband vs sibling,Inf,NA,NA,0.581494996342919,0.7367806816702486
Wang,RREB1_+_+,RREB1 (+),proband vs sibling,Inf,NA,NA,0.14080925824803717,0.24555366436439865
Wang,RUNX1_+_+,RUNX1 (+),asd_d_proband vs asd_da_proband,2.307329179888789,1.1475861980851996,4.6391007082947,0.025077217158061552,0.05512872787402045
Wang,RUNX1_+_+,RUNX1 (+),asd_d_proband vs sibling,3.1104289790095785,1.0526910554795519,9.190510723067979,0.030896230630397134,0.06657158492027386
Wang,RUNX1_+_+,RUNX1 (+),asd_da_proband vs sibling,1.3480646828032998,0.4437361561062225,4.0954030092299645,0.7938960146887091,0.9136423425967369
Wang,RUNX1_+_+,RUNX1 (+),proband vs sibling,1.916864774794812,0.6766520786516075,5.430221351231545,0.2887997380981304,0.43805661342919855
Wang,RUNX2_+_+,RUNX2 (+),asd_d_proband vs asd_da_proband,1.7945855428411945,0.519537667069036,6.198852315642941,0.34431565140597303,0.502043157058051
Wang,RUNX2_+_+,RUNX2 (+),asd_d_proband vs sibling,3.455980401277638,0.40376316730316536,29.58120378783126,0.41143853934336105,0.575230984256909
Wang,RUNX2_+_+,RUNX2 (+),asd_da_proband vs sibling,1.92578192500432,0.22498964672585403,16.483585252223858,1,1
Wang,RUNX2_+_+,RUNX2 (+),proband vs sibling,2.4733402132782936,0.3166183989872464,19.32108756214742,0.7041170371895559,0.8407030610593051
Wang,RUNX3_+_+,RUNX3 (+),asd_d_proband vs asd_da_proband,3.589203167932762,1.0808008563375335,11.919290501260864,0.03418545640190101,0.0724761452952666
Wang,RUNX3_+_+,RUNX3 (+),asd_d_proband vs sibling,1.8432627552394805,0.48901375926871354,6.947897723642671,0.5421337835044305,0.7025375630741195
Wang,RUNX3_+_+,RUNX3 (+),asd_da_proband vs sibling,0.5135576530489709,0.11494055457663335,2.294590138151152,0.4060090736277641,0.5718526067948254
Wang,RUNX3_+_+,RUNX3 (+),proband vs sibling,0.9069222256923962,0.2530167821364053,3.250803826172379,0.7477455098309355,0.8767387795333725
Wang,RXRA_+_+,RXRA (+),asd_d_proband vs asd_da_proband,1.166486476110601,0.8227237768460846,1.653885225202974,0.41398800208358616,0.5782629099940922
Wang,RXRA_+_+,RXRA (+),asd_d_proband vs sibling,1.2394025417545522,0.7869305182041938,1.9520384900221273,0.3685701566129691,0.5286067783769778
Wang,RXRA_+_+,RXRA (+),asd_da_proband vs sibling,1.0625091393147346,0.6947529951380202,1.6249309884631222,0.8313560021795394,0.9449972959644988
Wang,RXRA_+_+,RXRA (+),proband vs sibling,1.091693325788504,0.7295316763206567,1.6336430017431156,0.7639389223926654,0.8894042499655731
Wang,RXRA_-_+,RXRA (-),asd_d_proband vs asd_da_proband,3.0906785494330324,1.7290764474041285,5.524506397774594,1.3088814570532756e-4,4.6760431661785654e-4
Wang,RXRA_-_+,RXRA (-),asd_d_proband vs sibling,3.571221355538278,1.4899529347291305,8.559748212832796,0.002163969607507379,0.0061605509763725695
Wang,RXRA_-_+,RXRA (-),asd_da_proband vs sibling,1.1554813282647587,0.45867247243710196,2.9108725293113795,1,1
Wang,RXRA_-_+,RXRA (-),proband vs sibling,1.8962482312149795,0.8098878595002889,4.439821281682833,0.16375037663117936,0.2781070173299858
Wang,RXRG_+_+,RXRG (+),asd_d_proband vs asd_da_proband,1.6236831147199666,0.8729524993246529,3.020034720178136,0.13796514564725168,0.24152041611776587
Wang,RXRG_+_+,RXRG (+),asd_d_proband vs sibling,3.2832409431605245,1.116966373704818,9.650846564960574,0.03147051179334569,0.06761706661258944
Wang,RXRG_+_+,RXRG (+),asd_da_proband vs sibling,2.022094652210988,0.6941174590623631,5.8907418753357,0.263833196633346,0.40890129388996305
Wang,RXRG_+_+,RXRG (+),proband vs sibling,2.473381741173578,0.8849470694290987,6.91297530542416,0.08746114839033566,0.16428269316205316
Wang,SALL1_+_+,SALL1 (+),asd_d_proband vs asd_da_proband,1.3957871324371178,0.5198211352458338,3.7478693861796892,0.6032625428575463,0.7569864690678026
Wang,SALL1_+_+,SALL1 (+),asd_d_proband vs sibling,4.838386811892847,0.5952890026593447,39.32541477655189,0.15298860691848082,0.26207713595851073
Wang,SALL1_+_+,SALL1 (+),asd_da_proband vs sibling,3.466421705324629,0.43917356131970914,27.36066215606785,0.3018223929456168,0.45358003618546855
Wang,SALL1_+_+,SALL1 (+),proband vs sibling,3.7100630984609873,0.49007677579053543,28.086554749219705,0.22327985640812414,0.3577346978329249
Wang,SALL3_extended_+_+,SALL3 (+),asd_d_proband vs asd_da_proband,2.691867013632656,0.7596357006278589,9.53897771404696,0.18286253243192735,0.30465941303124694
Wang,SALL3_extended_+_+,SALL3 (+),asd_d_proband vs sibling,1.036780984192333,0.2925760616464317,3.6739670468386474,1,1
Wang,SALL3_extended_+_+,SALL3 (+),asd_da_proband vs sibling,0.3851531219564982,0.09632589194704674,1.5400109394718684,0.2300118281170636,0.3667146927102642
Wang,SALL3_extended_+_+,SALL3 (+),proband vs sibling,0.4946631087391595,0.1489557114794917,1.6427137215290921,0.27140696961054056,0.4186593644148283
Wang,SALL4_+_+,SALL4 (+),asd_d_proband vs asd_da_proband,14.35677003377341,1.7956478459429703,114.7868978142613,0.0016497839280758726,0.0048079115754226485
Wang,SALL4_+_+,SALL4 (+),asd_d_proband vs sibling,1.105925698495548,0.361798206147453,3.3805354194995525,1,1
Wang,SALL4_+_+,SALL4 (+),asd_da_proband vs sibling,0.07703165098374679,0.008999629561640844,0.6593466111731711,0.007662515215389862,0.0194227917674462
Wang,SALL4_+_+,SALL4 (+),proband vs sibling,0.39573720061524936,0.12946349784907213,1.2096686290167042,0.15272598752041766,0.26207713595851073
Wang,SATB1_+_+,SATB1 (+),asd_d_proband vs asd_da_proband,2.2003311460621844,1.72002522234983,2.814759393886748,3.5727227743119197e-10,2.6163588805451437e-9
Wang,SATB1_+_+,SATB1 (+),asd_d_proband vs sibling,4.87301465132182,3.0507866908018735,7.783655233449186,3.4674390509516526e-15,3.988430524516358e-14
Wang,SATB1_+_+,SATB1 (+),asd_da_proband vs sibling,2.2146733049899305,1.377486950160305,3.5606710083636197,4.947177392771308e-4,0.001606157735144213
Wang,SATB1_+_+,SATB1 (+),proband vs sibling,2.9927806475998486,1.896843452724579,4.7219162929776495,6.223758285060141e-8,3.5614596719156963e-7
Wang,SATB1_-_+,SATB1 (-),asd_d_proband vs asd_da_proband,2.6191393860250627,1.723853143094186,3.9793941559979746,5.256971354971866e-6,2.3499023083313886e-5
Wang,SATB1_-_+,SATB1 (-),asd_d_proband vs sibling,4.147255635297685,2.0478268055809057,8.399015608953986,7.796809403920438e-6,3.405030377263432e-5
Wang,SATB1_-_+,SATB1 (-),asd_da_proband vs sibling,1.5834421250836017,0.7642520865572014,3.280709346550945,0.25102275817814357,0.39305982341604445
Wang,SATB1_-_+,SATB1 (-),proband vs sibling,2.3634506646775635,1.1894207101271868,4.696318970070318,0.009574400260695986,0.023697372419574377
Wang,SATB2_+_+,SATB2 (+),asd_d_proband vs asd_da_proband,1.8610650076325996,1.096911541864094,3.1575590468749564,0.023841141229404086,0.05284496267636769
Wang,SATB2_+_+,SATB2 (+),asd_d_proband vs sibling,2.1504195495085385,1.0147556442220225,4.557061855471421,0.044663120198456724,0.09172250338321479
Wang,SATB2_+_+,SATB2 (+),asd_da_proband vs sibling,1.1554779337042167,0.543418012054844,2.456910197416532,0.8529154770429661,0.963749823840086
Wang,SATB2_+_+,SATB2 (+),proband vs sibling,1.4015694416199485,0.6900205938624272,2.8468670604264683,0.4196971814019312,0.5844453259815948
Wang,SATB2_-_+,SATB2 (-),asd_d_proband vs asd_da_proband,1.5035768368285969,0.9329761956514185,2.423152182000745,0.10028211638542799,0.18500811670134648
Wang,SATB2_-_+,SATB2 (-),asd_d_proband vs sibling,2.380811923504278,1.1335093208760012,5.000634146280842,0.023100305207135026,0.05155408633929449
Wang,SATB2_-_+,SATB2 (-),asd_da_proband vs sibling,1.5834321633512123,0.7642472785035039,3.2806887069910644,0.25102309787744514,0.39305982341604445
Wang,SATB2_-_+,SATB2 (-),proband vs sibling,1.7588346094939626,0.8753810091908315,3.533888845056499,0.1404139290656037,0.24495875358984753
Wang,SCRT1_extended_+_+,SCRT1 (+),asd_d_proband vs asd_da_proband,1.3459530249597698,0.30124093410836805,6.013756233894346,0.7063564123430583,0.8424941737184376
Wang,SCRT1_extended_+_+,SCRT1 (+),asd_d_proband vs sibling,0.6912041633854897,0.13950931158817484,3.4245971831025157,0.6937135986490706,0.8335202335089634
Wang,SCRT1_extended_+_+,SCRT1 (+),asd_da_proband vs sibling,0.513542560971732,0.1149371767830843,2.29452270632263,0.4060019100799872,0.5718526067948254
Wang,SCRT1_extended_+_+,SCRT1 (+),proband vs sibling,0.5771156469252571,0.14923750513642853,2.231761175727791,0.4267351598868995,0.5920896251432577
Wang,SCRT2_extended_+_+,SCRT2 (+),asd_d_proband vs asd_da_proband,2.2218854755016757,1.2502113898380178,3.9487522721137065,0.008847592497229415,0.022106847956599004
Wang,SCRT2_extended_+_+,SCRT2 (+),asd_d_proband vs sibling,4.492821172184721,1.568016282991249,12.873234993914886,0.002310461958783909,0.006519975068728383
Wang,SCRT2_extended_+_+,SCRT2 (+),asd_da_proband vs sibling,2.0220759448325274,0.6941110374450622,5.890687377225261,0.26383300915433955,0.40890129388996305
Wang,SCRT2_extended_+_+,SCRT2 (+),proband vs sibling,2.7206885975001915,0.9775822969188178,7.57189084530063,0.0459521405834039,0.09369382289946497
Wang,SHOX2_+_+,SHOX2 (+),asd_d_proband vs asd_da_proband,2.2432731762228113,1.0500578433446388,4.792378415204257,0.04303321121470194,0.08857491056618497
Wang,SHOX2_+_+,SHOX2 (+),asd_d_proband vs sibling,10.368023530266168,1.3695528642467047,78.4897865065464,0.0038874425045465136,0.01052752711546336
Wang,SHOX2_+_+,SHOX2 (+),asd_da_proband vs sibling,4.621828335559062,0.6009732690067425,35.54450466437799,0.1294366317358132,0.22896460487636083
Wang,SHOX2_+_+,SHOX2 (+),proband vs sibling,5.935993555177298,0.803044262606936,43.87805396021279,0.04497331748022915,0.09231791848690571
Wang,SIX3_+_+,SIX3 (+),asd_d_proband vs asd_da_proband,1.3958034079707085,0.6942246213453928,2.806393051757431,0.36017737729216764,0.5183608553665935
Wang,SIX3_+_+,SIX3 (+),asd_d_proband vs sibling,9.677059569074778,1.2725243778358808,73.59032450339377,0.006695659017474888,0.01722186375543427
Wang,SIX3_+_+,SIX3 (+),asd_da_proband vs sibling,6.932967432099761,0.9255347045528194,51.93326320246361,0.03629730012875127,0.07612071919266208
Wang,SIX3_+_+,SIX3 (+),proband vs sibling,7.172871341013049,0.9771021974590015,52.65578504328882,0.019969324879103807,0.045457408707805014
Wang,SMAD1_+_+,SMAD1 (+),asd_d_proband vs asd_da_proband,1.0074933369027637,0.7418030530229909,1.3683454385459455,1,1
Wang,SMAD1_+_+,SMAD1 (+),asd_d_proband vs sibling,1.3010963225181669,0.85835825527549,1.9721970751326636,0.21969671543862113,0.35336106596854494
Wang,SMAD1_+_+,SMAD1 (+),asd_da_proband vs sibling,1.2914192827497972,0.8805154177850815,1.894076730709868,0.20009546308986947,0.3258615782532554
Wang,SMAD1_+_+,SMAD1 (+),proband vs sibling,1.2512343401195218,0.866125369725566,1.8075759337131478,0.25619748493302635,0.3991038111730284
Wang,SMAD1_-_+,SMAD1 (-),asd_d_proband vs asd_da_proband,1.1964027588485524,0.537496735584521,2.6630479156749107,0.6795150168591844,0.8218811895435859
Wang,SMAD1_-_+,SMAD1 (-),asd_d_proband vs sibling,2.3040308924957666,0.6341015940246348,8.371778913031088,0.26259167511486126,0.4080877107295097
Wang,SMAD1_-_+,SMAD1 (-),asd_da_proband vs sibling,1.9257987123944975,0.5575242563795292,6.652088475475483,0.4307878080818125,0.5949786902252585
Wang,SMAD1_-_+,SMAD1 (-),proband vs sibling,2.061131031221309,0.6223187240536491,6.826503789233861,0.3410912604827849,0.49877068747964204
Wang,SMAD3_+_+,SMAD3 (+),asd_d_proband vs asd_da_proband,1.5161241145728632,1.158635990648271,1.9839124188635255,0.002690237845170414,0.007513202565757961
Wang,SMAD3_+_+,SMAD3 (+),asd_d_proband vs sibling,2.0526741480778075,1.3835790160234211,3.0453419063097633,2.3973662925636863e-4,8.235296728980083e-4
Wang,SMAD3_+_+,SMAD3 (+),asd_da_proband vs sibling,1.3538958508394323,0.9197099691555641,1.993056546514592,0.1430935165370693,0.24906036218049318
Wang,SMAD3_+_+,SMAD3 (+),proband vs sibling,1.558971787474268,1.0797950725148593,2.25079100285232,0.01527704986941229,0.0357957624255005
Wang,SMAD3_-_+,SMAD3 (-),asd_d_proband vs asd_da_proband,3.2628990613610735,2.348057243874147,4.534178335049832,4.345257806198827e-13,4.1234686056740955e-12
Wang,SMAD3_-_+,SMAD3 (-),asd_d_proband vs sibling,4.065934463603959,2.431387207072302,6.799337848877155,1.1241927970003816e-9,7.85383158027107e-9
Wang,SMAD3_-_+,SMAD3 (-),asd_da_proband vs sibling,1.2461110157382282,0.7233520073885107,2.146662548363065,0.5110088739568748,0.6742889399981358
Wang,SMAD3_-_+,SMAD3 (-),proband vs sibling,2.1241952459947044,1.2854626183828135,3.5101802095055237,0.0016086778435617398,0.00469412400859944
Wang,SMAD5_+_+,SMAD5 (+),asd_d_proband vs asd_da_proband,2.1281072824589673,1.6568323703871763,2.7334331985537985,3.5333758163102033e-9,2.3325401222163733e-8
Wang,SMAD5_+_+,SMAD5 (+),asd_d_proband vs sibling,3.7048652498564034,2.417298157784606,5.6782513466080315,1.1814587557337891e-11,9.856308850489761e-11
Wang,SMAD5_+_+,SMAD5 (+),asd_da_proband vs sibling,1.740920338177471,1.1288776598395596,2.684793695280239,0.01014198226319087,0.024944238233711884
Wang,SMAD5_+_+,SMAD5 (+),proband vs sibling,2.3150700816686003,1.5327118941797824,3.4967755540940564,1.1251997240676865e-5,4.789985741241413e-5
Wang,SMAD9_+_+,SMAD9 (+),asd_d_proband vs asd_da_proband,6.101740085559023,2.2511656659329065,16.538646015769277,1.459783845802636e-4,5.174564527339305e-4
Wang,SMAD9_+_+,SMAD9 (+),asd_d_proband vs sibling,11.750520291363163,1.563788211094513,88.29503006746506,0.001334685397152681,0.003968336804197429
Wang,SMAD9_+_+,SMAD9 (+),asd_da_proband vs sibling,1.9257654581474384,0.2249877228983093,16.48344430540339,1,1
Wang,SMAD9_+_+,SMAD9 (+),proband vs sibling,4.94668142279408,0.6638835554701966,36.85835700702871,0.10087461134767398,0.18550014319283606
Wang,SMAD9_extended_-_+,SMAD9 (-),asd_d_proband vs asd_da_proband,1.9506334057821944,1.1072389634053657,3.436449411110927,0.023243921888307185,0.05174783196541506
Wang,SMAD9_extended_-_+,SMAD9 (-),asd_d_proband vs sibling,5.760017371825642,1.7391260463617277,19.077283209656663,7.850442900510978e-4,0.0024325692116889458
Wang,SMAD9_extended_-_+,SMAD9 (-),asd_da_proband vs sibling,2.952895892560552,0.8866214351988861,9.834630436545908,0.07852670605661688,0.14959813721785442
Wang,SMAD9_extended_-_+,SMAD9 (-),proband vs sibling,3.7100462783473285,1.1529773880860321,11.938172881541192,0.01703448355521241,0.039267515837320535
Wang,SOX10_+_+,SOX10 (+),asd_d_proband vs asd_da_proband,1.2475804418009682,0.9973964580242415,1.5605198376656653,0.05335552884077584,0.10692232022425602
Wang,SOX10_+_+,SOX10 (+),asd_d_proband vs sibling,1.6045873186556003,1.1730205941593739,2.194932020810331,0.002778075758542499,0.007734801393741493
Wang,SOX10_+_+,SOX10 (+),asd_da_proband vs sibling,1.2861594049512897,0.9541802156952518,1.733641075066033,0.09999971792419927,0.18463669037078542
Wang,SOX10_+_+,SOX10 (+),proband vs sibling,1.3426860566074492,1.0097033652138934,1.7854806755310355,0.040570929193336186,0.08400026476165742
Wang,SOX10_-_+,SOX10 (-),asd_d_proband vs asd_da_proband,2.367334342858601,1.8107178395940973,3.0950553246518275,2.7167802743026153e-10,2.0253574712681525e-9
Wang,SOX10_-_+,SOX10 (-),asd_d_proband vs sibling,3.8958931578883598,2.4756456366454116,6.1309192531480585,1.7756983729851564e-11,1.4652728422006137e-10
Wang,SOX10_-_+,SOX10 (-),asd_da_proband vs sibling,1.6456877625422335,1.0345452267512893,2.6178538566998295,0.037629936817353896,0.07877038704184144
Wang,SOX10_-_+,SOX10 (-),proband vs sibling,2.3497042492485507,1.5143419342837783,3.6458807181800426,3.1666862410131547e-5,1.251019586107105e-4
Wang,SOX11_+_+,SOX11 (+),asd_d_proband vs asd_da_proband,2.6273811903017155,2.2719335279210235,3.0384392123778827,1.6750649885578596e-39,7.865897961733042e-38
Wang,SOX11_+_+,SOX11 (+),asd_d_proband vs sibling,6.07177593574236,4.544876921784768,8.111652669217406,3.270928371734272e-52,2.364933132261843e-50
Wang,SOX11_+_+,SOX11 (+),asd_da_proband vs sibling,2.310961179959238,1.7181082156355898,3.1083848657943443,1.7060616888431102e-9,1.1633399689641269e-08
Wang,SOX11_+_+,SOX11 (+),proband vs sibling,3.4530195229503002,2.5990341279650906,4.587605717671465,2.0224283495917048e-24,4.450319387628124e-23
Wang,SOX11_-_+,SOX11 (-),asd_d_proband vs asd_da_proband,1.9165574838442971,1.5848770371550964,2.3176514661812995,2.4648445299452475e-11,2.0048869346251076e-10
Wang,SOX11_-_+,SOX11 (-),asd_d_proband vs sibling,2.8160290161852704,2.091060580742251,3.792343221917805,1.0662222187918356e-13,1.0744783642913298e-12
Wang,SOX11_-_+,SOX11 (-),asd_da_proband vs sibling,1.4693162297103566,1.0888847934864276,1.9826617065501033,0.010398629065206383,0.025506599564897724
Wang,SOX11_-_+,SOX11 (-),proband vs sibling,1.8412877388888969,1.3859672923794601,2.4461908704656175,7.340119279675845e-6,3.224131467591464e-5
Wang,SOX12_+_+,SOX12 (+),asd_d_proband vs asd_da_proband,1.3458896602119106,0.3012267522940843,6.013473118406376,0.7063633917520775,0.8424941737184376
Wang,SOX12_+_+,SOX12 (+),asd_d_proband vs sibling,2.073584216295213,0.2156943644454643,19.934463810044395,0.6495890877083361,0.797761882738708
Wang,SOX12_+_+,SOX12 (+),asd_da_proband vs sibling,1.5406792084045933,0.17220270341651348,13.78429244208124,1,1
Wang,SOX12_+_+,SOX12 (+),proband vs sibling,1.7313756765944093,0.21301911976428392,14.072266080245793,1,1
Wang,SOX13_+_+,SOX13 (+),asd_d_proband vs asd_da_proband,1.5141925776341059,0.9072916750752575,2.5270585250019377,0.13437762541035259,0.2363282176618363
Wang,SOX13_+_+,SOX13 (+),asd_d_proband vs sibling,3.7325355864151177,1.437421535127203,9.692231237249668,0.0034203222573605634,0.009340359070829118
Wang,SOX13_+_+,SOX13 (+),asd_da_proband vs sibling,2.465033603748822,0.9604906224786657,6.326340440399118,0.06472779510313656,0.12643014866843355
Wang,SOX13_+_+,SOX13 (+),proband vs sibling,2.869120229876605,1.1508291628649079,7.152973837571662,0.01668023641523341,0.03870528623096699
Wang,SOX13_-_+,SOX13 (-),asd_d_proband vs asd_da_proband,2.691915303176131,1.2093717414357312,5.9918780563461125,0.019530155856046182,0.04465859308421909
Wang,SOX13_-_+,SOX13 (-),asd_d_proband vs sibling,5.1841055960401485,1.1855301287619142,22.669141997227126,0.013431588623544327,0.03185047771289957
Wang,SOX13_-_+,SOX13 (-),asd_da_proband vs sibling,1.9258056113145676,0.42196319065755356,8.789219853019155,0.5296721845029349,0.6926964328155987
Wang,SOX13_-_+,SOX13 (-),proband vs sibling,2.8443902151024343,0.670617794302532,12.06433197047054,0.2066694353446772,0.33536856463807807
Wang,SOX15_+_+,SOX15 (+),asd_d_proband vs asd_da_proband,0,NA,NA,0.3041440102903844,0.4555669977583438
Wang,SOX15_+_+,SOX15 (+),asd_d_proband vs sibling,0,NA,NA,0.4087080656673804,0.5724937814827836
Wang,SOX15_+_+,SOX15 (+),asd_da_proband vs sibling,1.540645074496351,0.1721988882476935,13.783987049647285,1,1
Wang,SOX15_+_+,SOX15 (+),proband vs sibling,0.9893522818081684,0.1105805391734233,8.851629272524626,1,1
Wang,SOX17_+_+,SOX17 (+),asd_d_proband vs asd_da_proband,Inf,NA,NA,0.045816371192018535,0.09358826434418598
Wang,SOX17_+_+,SOX17 (+),asd_d_proband vs sibling,1.03682494934367,0.17324802622896393,6.205011387320397,1,1
Wang,SOX17_+_+,SOX17 (+),asd_da_proband vs sibling,0,NA,NA,0.0773169887412418,0.1477260418273307
Wang,SOX17_+_+,SOX17 (+),proband vs sibling,0.24733623352878126,0.034840646070720176,1.7558575777277288,0.17818145090128693,0.29786033749268503
Wang,SOX1_+_+,SOX1 (+),asd_d_proband vs asd_da_proband,2.193393941308732,1.3189554860593422,3.6475658448062287,0.002765152653458596,0.007703529257800553
Wang,SOX1_+_+,SOX1 (+),asd_d_proband vs sibling,4.561994692194682,1.7810004283090697,11.685452311413385,3.73326839750928e-4,0.001243967633551922
Wang,SOX1_+_+,SOX1 (+),asd_da_proband vs sibling,2.0798793168329253,0.8009738289870394,5.400798148499048,0.16600871143657595,0.2813131252208346
Wang,SOX1_+_+,SOX1 (+),proband vs sibling,2.8196604133545313,1.1302715894266875,7.034136680964796,0.016509412581327057,0.03838712317914484
Wang,SOX1_-_+,SOX1 (-),asd_d_proband vs asd_da_proband,1.1733901998009326,0.6367192453335346,2.162404499439366,0.6346066789312754,0.7850294026283964
Wang,SOX1_-_+,SOX1 (-),asd_d_proband vs sibling,2.937617713964239,0.9884767696404717,8.730197915055943,0.04621257827707982,0.0940698470165039
Wang,SOX1_-_+,SOX1 (-),asd_da_proband vs sibling,2.503530125326264,0.8737441022077932,7.173339508191116,0.1010898741186792,0.1856597750245329
Wang,SOX1_-_+,SOX1 (-),proband vs sibling,2.5351931922119184,0.9080972296691655,7.0776611929310596,0.08941765539946221,0.16699361227738843
Wang,SOX21_+_+,SOX21 (+),asd_d_proband vs asd_da_proband,1.0468487041400203,0.4121514539383602,2.6589550974228446,1,1
Wang,SOX21_+_+,SOX21 (+),asd_d_proband vs sibling,Inf,NA,NA,0.046467582657023845,0.09444897164783081
Wang,SOX21_+_+,SOX21 (+),asd_da_proband vs sibling,Inf,NA,NA,0.04573731822546544,0.09354893781634264
Wang,SOX21_+_+,SOX21 (+),proband vs sibling,Inf,NA,NA,0.0341934656947372,0.0724761452952666
Wang,SOX2_+_+,SOX2 (+),asd_d_proband vs asd_da_proband,1.7622610923346997,1.4618675175044378,2.1243813959682307,3.5898849958619586e-9,2.366414783813491e-8
Wang,SOX2_+_+,SOX2 (+),asd_d_proband vs sibling,2.5979889284649413,1.944807708736083,3.4705469554174577,3.4772398697197275e-12,3.075500506130749e-11
Wang,SOX2_+_+,SOX2 (+),asd_da_proband vs sibling,1.474236104834524,1.1041923397496438,1.9682912247792297,0.007549053221026018,0.019156511098481065
Wang,SOX2_+_+,SOX2 (+),proband vs sibling,1.803857024842125,1.3709365109810758,2.373487130883773,7.527535029102634e-6,3.296915582457933e-5
Wang,SOX2_-_+,SOX2 (-),asd_d_proband vs asd_da_proband,2.1150572714156333,1.5814373026078639,2.828735134798697,5.900887538322834e-7,2.9798827868138035e-6
Wang,SOX2_-_+,SOX2 (-),asd_d_proband vs sibling,3.421467205986887,2.116099111189373,5.532083908425256,2.06816715912689e-8,1.2577438464383156e-7
Wang,SOX2_-_+,SOX2 (-),asd_da_proband vs sibling,1.617671186604256,0.9933576110945477,2.634358501653992,0.0620025046311167,0.12178585967862725
Wang,SOX2_-_+,SOX2 (-),proband vs sibling,2.188932071427649,1.378580728479067,3.475620625141572,3.2690381750872697e-4,0.0010956930748728855
Wang,SOX3_+_+,SOX3 (+),asd_d_proband vs asd_da_proband,1.2337818900369724,0.5725906606178337,2.658474643195732,0.6885785008455081,0.829755578573078
Wang,SOX3_+_+,SOX3 (+),asd_d_proband vs sibling,1.267218541849631,0.46865189398342094,3.4265151884018916,0.8064527998435582,0.923426974179841
Wang,SOX3_+_+,SOX3 (+),asd_da_proband vs sibling,1.0271009422999853,0.40191240589647875,2.624791696390779,1,1
Wang,SOX3_+_+,SOX3 (+),proband vs sibling,1.1130231854369383,0.4595436456701402,2.6957626832455714,1,1
Wang,SOX3_-_+,SOX3 (-),asd_d_proband vs asd_da_proband,2.050955922075944,1.0010331479379253,4.202078825225105,0.055896121849659336,0.11108500655549662
Wang,SOX3_-_+,SOX3 (-),asd_d_proband vs sibling,2.7648029237836598,0.9243321348837676,8.26990095754261,0.06883428130472945,0.13313806851084614
Wang,SOX3_-_+,SOX3 (-),asd_da_proband vs sibling,1.3480557500159103,0.4437332157423141,4.095375871537819,0.7938960077072414,0.9136423425967369
Wang,SOX3_-_+,SOX3 (-),proband vs sibling,1.6076814443803669,0.5610885868901574,4.606473357318405,0.49436517527332147,0.6567026460688188
Wang,SOX4_+_+,SOX4 (+),asd_d_proband vs asd_da_proband,2.1139204953268167,1.8031932072433026,2.478192487977703,3.1147538616585994e-20,5.140472405744537e-19
Wang,SOX4_+_+,SOX4 (+),asd_d_proband vs sibling,3.877789497085492,2.939649593422182,5.115321029198243,3.602046589768135e-28,9.375612695082203e-27
Wang,SOX4_+_+,SOX4 (+),asd_da_proband vs sibling,1.8344064999880598,1.3854749279811174,2.428804115641352,8.917451758351301e-6,3.8684755008847784e-5
Wang,SOX4_+_+,SOX4 (+),proband vs sibling,2.4398324765849346,1.8666442633437696,3.1890289064158357,2.8315712183195165e-13,2.732586207509618e-12
Wang,SOX4_-_+,SOX4 (-),asd_d_proband vs asd_da_proband,1.825360733130637,1.57498203561278,2.115542736815315,2.50750745891707e-15,2.936168759734512e-14
Wang,SOX4_-_+,SOX4 (-),asd_d_proband vs sibling,2.8949409039786813,2.284974332388096,3.667736096085596,4.403427622777062e-22,8.023045128699808e-21
Wang,SOX4_-_+,SOX4 (-),asd_da_proband vs sibling,1.5859555053611953,1.25130447022884,2.0101061930398854,8.88738096392125e-5,3.2594219235637114e-4
Wang,SOX4_-_+,SOX4 (-),proband vs sibling,1.9554193544938576,1.560446550503487,2.4503657947755064,3.3303975183520446e-10,2.450720629417377e-9
Wang,SOX5_+_+,SOX5 (+),asd_d_proband vs asd_da_proband,1.6239819642533253,1.3718222847557697,1.9224920381648556,2.3435042763519037e-8,1.4101270777784572e-7
Wang,SOX5_+_+,SOX5 (+),asd_d_proband vs sibling,2.5744949833313897,1.9736960936603956,3.35817882017805,6.916177476453428e-14,7.095312703884092e-13
Wang,SOX5_+_+,SOX5 (+),asd_da_proband vs sibling,1.5852977680790261,1.2186139740952162,2.0623175729970544,4.3831501206393714e-4,0.0014384185014057879
Wang,SOX5_+_+,SOX5 (+),proband vs sibling,1.8568201102183806,1.4443937039523589,2.387009104427056,2.590378700411223e-7,1.365645252358e-6
Wang,SOX5_-_+,SOX5 (-),asd_d_proband vs asd_da_proband,1.2772919475250917,1.065473549727263,1.5312202913249815,0.008853076776203214,0.022108423637941688
Wang,SOX5_-_+,SOX5 (-),asd_d_proband vs sibling,1.8432176429755636,1.413589742025484,2.4034210056648413,3.6601821973811613e-6,1.6672129909071187e-5
Wang,SOX5_-_+,SOX5 (-),asd_da_proband vs sibling,1.443066830998991,1.1185522272057666,1.8617296788470732,0.0044418999377119454,0.011922719043180855
Wang,SOX5_-_+,SOX5 (-),proband vs sibling,1.523595537625028,1.193722429473746,1.9446257395819104,5.147874342516667e-4,0.0016653812237331972
Wang,SOX6_+_+,SOX6 (+),asd_d_proband vs asd_da_proband,1.8027912497666905,1.4951816706821666,2.173686551917487,9.50443619972185e-10,6.691299364719171e-9
Wang,SOX6_+_+,SOX6 (+),asd_d_proband vs sibling,2.4526715144570104,1.8503262325882535,3.2511010501181574,2.3590463719713096e-11,1.9257090007758627e-10
Wang,SOX6_+_+,SOX6 (+),asd_da_proband vs sibling,1.3604855885418927,1.026222292611767,1.8036258322936345,0.03296676495469558,0.07056560825593909
Wang,SOX6_+_+,SOX6 (+),proband vs sibling,1.6715200124088374,1.2802259925920225,2.1824108931161303,7.550368669395375e-5,2.807504431762933e-4
Wang,SOX6_-_+,SOX6 (-),asd_d_proband vs asd_da_proband,1.629402515460106,1.3558545689039667,1.9581396252061956,2.568106001929653e-7,1.355471939604817e-6
Wang,SOX6_-_+,SOX6 (-),asd_d_proband vs sibling,2.4998659948680615,1.878282841997278,3.32715065727398,1.535697383059514e-11,1.274153293230617e-10
Wang,SOX6_-_+,SOX6 (-),asd_da_proband vs sibling,1.5342224963744804,1.1560499286846067,2.0361046785062484,0.0023781824787066728,0.006690933409826371
Wang,SOX6_-_+,SOX6 (-),proband vs sibling,1.7890718616098682,1.3658024876099741,2.3435146406895626,7.5846228248548045e-6,3.318020801449526e-5
Wang,SOX8_+_+,SOX8 (+),asd_d_proband vs asd_da_proband,1.0225035835248835,0.7199651655264893,1.4521724499777364,0.9285285831437542,1
Wang,SOX8_+_+,SOX8 (+),asd_d_proband vs sibling,1.1679049219389042,0.737872087054292,1.84856146562535,0.565385543353971,0.7232044790725464
Wang,SOX8_+_+,SOX8 (+),asd_da_proband vs sibling,1.1422012995913204,0.7498265046124867,1.7399008980915343,0.6031676341667769,0.7569864690678026
Wang,SOX8_+_+,SOX8 (+),proband vs sibling,1.0831678626513879,0.7236224075377492,1.6213602653253532,0.7636834070092593,0.8894042499655731
Wang,SOX8_-_+,SOX8 (-),asd_d_proband vs asd_da_proband,2.678498328527871,1.9656474368401418,3.649867805113446,3.681408342729028e-10,2.6916235956871144e-9
Wang,SOX8_-_+,SOX8 (-),asd_d_proband vs sibling,3.840025034922926,2.3248447250755846,6.342699841321839,2.6289208594314235e-9,1.7584044808678612e-8
Wang,SOX8_-_+,SOX8 (-),asd_da_proband vs sibling,1.4336484716170952,0.8520471125478788,2.412246822859267,0.18484763541778632,0.30727859256578355
Wang,SOX8_-_+,SOX8 (-),proband vs sibling,2.2122898060693674,1.3592321138192731,3.600728776401752,6.70735127164772e-4,0.002111401868856625
Wang,SOX9_+_+,SOX9 (+),asd_d_proband vs asd_da_proband,1.9677583261520306,1.5266364881959849,2.536342384110209,2.2515800529828257e-7,1.1953318346546354e-6
Wang,SOX9_+_+,SOX9 (+),asd_d_proband vs sibling,2.4685979762340287,1.6969517683107611,3.5911309219666383,4.6196938668396984e-7,2.3696740499386067e-6
Wang,SOX9_+_+,SOX9 (+),asd_da_proband vs sibling,1.2545229479787767,0.8589913013608235,1.832181332351195,0.27256759415439724,0.4201507246610083
Wang,SOX9_+_+,SOX9 (+),proband vs sibling,1.6182908476775695,1.133895154355082,2.3096185371446456,0.00673359459202783,0.017299223557070934
Wang,SOX9_-_+,SOX9 (-),asd_d_proband vs asd_da_proband,1.7547190398254227,1.158088716646211,2.658724555785894,0.010522660566866664,0.025755508344550856
Wang,SOX9_-_+,SOX9 (-),asd_d_proband vs sibling,6.082666269900312,2.4120039509874402,15.339456196096272,3.238835811525644e-6,1.4902948576401534e-5
Wang,SOX9_-_+,SOX9 (-),asd_da_proband vs sibling,3.466461656736498,1.3760244322523814,8.732662106845778,0.003933409626379688,0.01062673834410408
Wang,SOX9_-_+,SOX9 (-),proband vs sibling,4.105810036397429,1.6650668901789945,10.124323625923314,2.6149537089475213e-4,8.928871172605666e-4
Wang,SP1_+_+,SP1 (+),asd_d_proband vs asd_da_proband,0.8157090909090909,0.28342054692098134,2.347682016072202,0.799511770051503,0.9184823685235776
Wang,SP1_+_+,SP1 (+),asd_d_proband vs sibling,1.152,0.2753104930209312,4.820390190863896,1,1
Wang,SP1_+_+,SP1 (+),asd_da_proband vs sibling,1.412268188302425,0.39400021566908483,5.062183614046971,0.7698557678791383,0.8934250011833771
Wang,SP1_+_+,SP1 (+),proband vs sibling,1.3191343181037445,0.3843732230615156,4.527150292465978,1,1
Wang,SP3_+_+,SP3 (+),asd_d_proband vs asd_da_proband,3.263798414582665,2.723793595922158,3.9108617139640067,1.3295521840543892e-39,6.442670423795471e-38
Wang,SP3_+_+,SP3 (+),asd_d_proband vs sibling,7.380318074907518,5.107353574986406,10.664837295301531,2.64778186416034e-43,1.4708105355183352e-41
Wang,SP3_+_+,SP3 (+),asd_da_proband vs sibling,2.2612665175435547,1.545123212817349,3.3093323697079216,5.515761040736614e-6,2.453544095757351e-5
Wang,SP3_+_+,SP3 (+),proband vs sibling,3.8217585987019773,2.6577457121685124,5.495574207825655,1.8573925348489085e-18,2.792218810639201e-17
Wang,SP3_-_+,SP3 (-),asd_d_proband vs asd_da_proband,2.791590546059742,1.5441734503891893,5.046698461812051,5.945182807582689e-4,0.0018950906866596344
Wang,SP3_-_+,SP3 (-),asd_d_proband vs sibling,2.419224478474208,1.1026467349975793,5.30781699295709,0.026505522130280505,0.05798878640894702
Wang,SP3_-_+,SP3 (-),asd_da_proband vs sibling,0.8666115028541276,0.376819477220579,1.9930378928886079,0.8267858136657589,0.9412670285547443
Wang,SP3_-_+,SP3 (-),proband vs sibling,1.3603498612123637,0.6404551187678378,2.88943235938335,0.49054587570743835,0.6529621460687848
Wang,SP4_+_+,SP4 (+),asd_d_proband vs asd_da_proband,0.9663177932805287,0.3855409720868857,2.421973655760031,1,1
Wang,SP4_+_+,SP4 (+),asd_d_proband vs sibling,1.612832318194171,0.4170655788888587,6.236976193388449,0.5418519193651214,0.7025375630741195
Wang,SP4_+_+,SP4 (+),asd_da_proband vs sibling,1.6690495915622188,0.4756241678794111,5.85699114389893,0.5803096754780545,0.7362985259679371
Wang,SP4_+_+,SP4 (+),proband vs sibling,1.566486471025685,0.46356276459619145,5.293522369174913,0.5997933683574115,0.7547131265660636
Wang,SP5_+_+,SP5 (+),asd_d_proband vs asd_da_proband,1.5702577895057341,0.5694194594038842,4.330216477119951,0.4233806297577221,0.5883157801127683
Wang,SP5_+_+,SP5 (+),asd_d_proband vs sibling,1.2096011367096318,0.3540979269971459,4.1320064264059555,1,1
Wang,SP5_+_+,SP5 (+),asd_da_proband vs sibling,0.7703200995362517,0.23196308046064662,2.558135779931635,0.7480311258007617,0.8767387795333725
Wang,SP5_+_+,SP5 (+),proband vs sibling,0.8656764118394771,0.28495066173136047,2.6299137031721327,0.7688734612911704,0.8934250011833771
Wang,SP7_+_+,SP7 (+),asd_d_proband vs asd_da_proband,0,NA,NA,0.5404243497992826,0.7019406868045154
Wang,SP7_+_+,SP7 (+),asd_d_proband vs sibling,0,NA,NA,0.16704637017222715,0.28212688770281596
Wang,SP7_+_+,SP7 (+),asd_da_proband vs sibling,0.38516593077909134,0.05425581881520918,2.734320437374673,0.30985557873455755,0.46093587430617616
Wang,SP7_+_+,SP7 (+),proband vs sibling,0.24734182425170925,0.03484143359948631,1.755897266668884,0.17818694655436385,0.29786033749268503
Wang,SP8_+_+,SP8 (+),asd_d_proband vs asd_da_proband,3.0201977342315725,2.0520544699068384,4.445103425676433,1.126032272219065e-8,7.016521203772696e-8
Wang,SP8_+_+,SP8 (+),asd_d_proband vs sibling,7.948949711494824,3.451551144946961,18.306494344833062,3.3288683335193676e-10,2.450720629417377e-9
Wang,SP8_+_+,SP8 (+),asd_da_proband vs sibling,2.6319302280773584,1.1174129239875439,6.199191522456879,0.021676953764354162,0.04878385592719032
Wang,SP8_+_+,SP8 (+),proband vs sibling,4.24596721184704,1.864218924235969,9.67066546192734,3.3712855907202384e-5,1.326097225019921e-4
Wang,SP9_+_+,SP9 (+),asd_d_proband vs asd_da_proband,0.9720716147721739,0.4949612095748785,1.9090854110716573,1,1
Wang,SP9_+_+,SP9 (+),asd_d_proband vs sibling,1.4976218897702216,0.569237182733584,3.940134960875605,0.4893256105169471,0.6519096545227312
Wang,SP9_+_+,SP9 (+),asd_da_proband vs sibling,1.5406497494747051,0.6297748973929506,3.768968341517514,0.4185113952877918,0.5834963908422973
Wang,SP9_+_+,SP9 (+),proband vs sibling,1.5252529284880711,0.6437579004879044,3.613775448966545,0.44412885318963463,0.61088572841913
Wang,SPDEF_+_+,SPDEF (+),asd_d_proband vs asd_da_proband,0.5981877220720491,0.0622235255831256,5.7506955365252805,1,1
Wang,SPDEF_+_+,SPDEF (+),asd_d_proband vs sibling,Inf,NA,NA,1,1
Wang,SPDEF_+_+,SPDEF (+),asd_da_proband vs sibling,Inf,NA,NA,0.5652282337534984,0.7232044790725464
Wang,SPDEF_+_+,SPDEF (+),proband vs sibling,Inf,NA,NA,1,1
Wang,SPI1_+_+,SPI1 (+),asd_d_proband vs asd_da_proband,0.5981997877590682,0.062224780656670614,5.750811530367893,1,1
Wang,SPI1_+_+,SPI1 (+),asd_d_proband vs sibling,0.34561390050247404,0.03133909686870328,3.811500016129102,0.5713171351261488,0.728133617934977
Wang,SPI1_+_+,SPI1 (+),asd_da_proband vs sibling,0.57775664180221,0.09654011305984637,3.4576584444192524,0.6223351283087732,0.7719721900823864
Wang,SPI1_+_+,SPI1 (+),proband vs sibling,0.4946815081184205,0.09060736819789607,2.7007714641908906,0.34044851441142177,0.49815773067368035
Wang,SREBF1_+_+,SREBF1 (+),asd_d_proband vs asd_da_proband,1.474135445800602,0.8491791319777613,2.5590305163347438,0.18849346772708514,0.3119393511300648
Wang,SREBF1_+_+,SREBF1 (+),asd_d_proband vs sibling,1.3248218527315916,0.6592336595878839,2.662414025661843,0.49397906902104205,0.6567026460688188
Wang,SREBF1_+_+,SREBF1 (+),asd_da_proband vs sibling,0.8987110760450385,0.45701205882237006,1.767309160916382,0.7267997656666207,0.8589966093958115
Wang,SREBF1_+_+,SREBF1 (+),proband vs sibling,0.9687414915252633,0.513925166748135,1.8260636725395336,0.8711474461159374,0.979530144916834
Wang,SREBF1_-_+,SREBF1 (-),asd_d_proband vs asd_da_proband,1.3051463675868202,0.5249763624899296,3.2447309298763845,0.6339681725528274,0.7844947095838438
Wang,SREBF1_-_+,SREBF1 (-),asd_d_proband vs sibling,2.7647619268933146,0.5871158895061307,13.019420269529284,0.21517885154600558,0.34707495353826323
Wang,SREBF1_-_+,SREBF1 (-),asd_da_proband vs sibling,2.118353922254163,0.4695422644048842,9.557016865387249,0.5358170713462009,0.6987262060769848
Wang,SREBF1_-_+,SREBF1 (-),proband vs sibling,2.225995559583898,0.5165068940384083,9.593398052338028,0.4016345807870953,0.5679066994100676
Wang,SREBF2_+_+,SREBF2 (+),asd_d_proband vs asd_da_proband,1.8406104550944495,1.4763405736661501,2.2947596969377213,7.496997310685785e-8,4.2526553860739415e-7
Wang,SREBF2_+_+,SREBF2 (+),asd_d_proband vs sibling,3.8135518657854988,2.567657614773342,5.663986408997855,5.450023781344126e-14,5.667775873064496e-13
Wang,SREBF2_+_+,SREBF2 (+),asd_da_proband vs sibling,2.0718951450212257,1.3939192455722018,3.079625670998149,1.4393642761498026e-4,5.110135836213836e-4
Wang,SREBF2_+_+,SREBF2 (+),proband vs sibling,2.524541288686334,1.7240752020775743,3.696653551191957,9.66666066050544e-8,5.436004852913861e-7
Wang,SREBF2_-_+,SREBF2 (-),asd_d_proband vs asd_da_proband,2.9971596762265666,2.330399229091956,3.854689794202672,2.8073346526629214e-18,4.1652799162474294e-17
Wang,SREBF2_-_+,SREBF2 (-),asd_d_proband vs sibling,6.220856727786721,3.822675873617914,10.12355211560827,4.813018655783858e-20,7.829749991819812e-19
Wang,SREBF2_-_+,SREBF2 (-),asd_da_proband vs sibling,2.0755840194736632,1.2551242480659448,3.432368571105879,0.003337989781058628,0.009142840320337972
Wang,SREBF2_-_+,SREBF2 (-),proband vs sibling,3.3802641664364073,2.0946427319783414,5.454956905277231,4.326587435707031e-9,2.823439222012253e-8
Wang,SRY_+_+,SRY (+),asd_d_proband vs asd_da_proband,0.717846530326866,0.13927247704514406,3.6999675171662845,1,1
Wang,SRY_+_+,SRY (+),asd_d_proband vs sibling,Inf,NA,NA,0.5166704514743774,0.6776687598439977
Wang,SRY_+_+,SRY (+),asd_da_proband vs sibling,Inf,NA,NA,0.33140559855928914,0.4875815573118741
Wang,SRY_+_+,SRY (+),proband vs sibling,Inf,NA,NA,0.3579763758125326,0.5156811512636724
Wang,STAT1_+_+,STAT1 (+),asd_d_proband vs asd_da_proband,5.383904619970193,1.4575708087085337,19.886806722357132,0.011557643082645445,0.02807311772554103
Wang,STAT1_+_+,STAT1 (+),asd_d_proband vs sibling,3.110432190760059,0.6720566493821803,14.395793006750884,0.21816876123388873,0.35109581109460997
Wang,STAT1_+_+,STAT1 (+),asd_da_proband vs sibling,0.5777279521674141,0.09653531917192464,3.4574867476340634,0.6223278082540324,0.7719721900823864
Wang,STAT1_+_+,STAT1 (+),proband vs sibling,1.4840017064846416,0.3321379364582264,6.630561652587105,1,1
Wang,STAT2_+_+,STAT2 (+),asd_d_proband vs asd_da_proband,1.6664165564895146,0.7833051886691752,3.545162447424051,0.22746472608836582,0.36295425819453053
Wang,STAT2_+_+,STAT2 (+),asd_d_proband vs sibling,2.2464365331351757,0.7324889053511128,6.889492879056507,0.21655010857108614,0.349039613614267
Wang,STAT2_+_+,STAT2 (+),asd_da_proband vs sibling,1.3480642186294256,0.4437360033162761,4.0954015990757595,0.7938960143251264,0.9136423425967369
Wang,STAT2_+_+,STAT2 (+),proband vs sibling,1.6695311650168607,0.5841927652646146,4.771257839353782,0.49769402557634085,0.6599698068414068
Wang,STAT3_+_+,STAT3 (+),asd_d_proband vs asd_da_proband,0.8225240012778263,0.40291921268196773,1.6791101327106406,0.7249453481722387,0.85702726730458
Wang,STAT3_+_+,STAT3 (+),asd_d_proband vs sibling,1.2672212320936174,0.46865288890884055,3.426522462728754,0.8064527784897246,0.923426974179841
Wang,STAT3_+_+,STAT3 (+),asd_da_proband vs sibling,1.5406495495875316,0.6297748156846167,3.7689678525235504,0.4185114021627867,0.5834963908422973
Wang,STAT3_+_+,STAT3 (+),proband vs sibling,1.4015847278918727,0.588438362155631,3.338395107795806,0.5541258693343161,0.7152292525651001
Wang,STAT5A_+_+,STAT5A (+),asd_d_proband vs asd_da_proband,2.6918771304617297,0.4497985894326696,16.10988263578706,0.35666118274384784,0.5156811512636724
Wang,STAT5A_+_+,STAT5A (+),asd_d_proband vs sibling,Inf,NA,NA,0.2750050876205989,0.422280556296222
Wang,STAT5A_+_+,STAT5A (+),asd_da_proband vs sibling,Inf,NA,NA,1,1
Wang,STAT5A_+_+,STAT5A (+),proband vs sibling,Inf,NA,NA,0.5904187260187854,0.744355815294001
Wang,STAT6_+_+,STAT6 (+),asd_d_proband vs asd_da_proband,0.8972980424593328,0.08136394465572008,9.89558434523057,1,1
Wang,STAT6_+_+,STAT6 (+),asd_d_proband vs sibling,0.6912048524951752,0.0432340590759426,11.050642903403128,1,1
Wang,STAT6_+_+,STAT6 (+),asd_da_proband vs sibling,0.7703180212014136,0.06984982678949313,8.495222981382106,1,1
Wang,STAT6_+_+,STAT6 (+),proband vs sibling,0.7419940411594088,0.07718226820618079,7.133181881171791,0.5868833940646878,0.741364388584841
Wang,TAL1_+_+,TAL1 (+),asd_d_proband vs asd_da_proband,1.9740566073907075,1.077394526844103,3.616966108596897,0.034986921191363124,0.07388290497295273
Wang,TAL1_+_+,TAL1 (+),asd_d_proband vs sibling,2.172359283956054,0.9280121050792483,5.08521907501095,0.08774842251718785,0.16455087054993442
Wang,TAL1_+_+,TAL1 (+),asd_da_proband vs sibling,1.1004544022815341,0.4653316692326193,2.602444603647704,1,1
Wang,TAL1_+_+,TAL1 (+),proband vs sibling,1.4486839706865227,0.6499309263177905,3.2290896800591633,0.46915677702824476,0.6348811888475626
Wang,TBR1_+_+,TBR1 (+),asd_d_proband vs asd_da_proband,2.762727506520907,2.069827100272607,3.687584955420656,2.855837173889582e-12,2.550654573934715e-11
Wang,TBR1_+_+,TBR1 (+),asd_d_proband vs sibling,4.256376560773253,2.621206593414198,6.911603790642979,1.6116453362796023e-11,1.3347353648642886e-10
Wang,TBR1_+_+,TBR1 (+),asd_da_proband vs sibling,1.5406429156429158,0.9319087770814141,2.5470095913833655,0.10814529683752064,0.19625570800593883
Wang,TBR1_+_+,TBR1 (+),proband vs sibling,2.369229450709177,1.4770253458053073,3.8003736402013053,8.838605235267595e-5,3.2441455960228766e-4
Wang,TBR1_-_+,TBR1 (-),asd_d_proband vs asd_da_proband,2.9482833561486426,1.5171540651909918,5.729394889799035,0.001581455384202991,0.004620665831560457
Wang,TBR1_-_+,TBR1 (-),asd_d_proband vs sibling,5.299287729360471,1.591137061071001,17.649296924583002,0.002097856267215813,0.006005757786460045
Wang,TBR1_-_+,TBR1 (-),asd_da_proband vs sibling,1.797414661080256,0.5165426526103735,6.2544679467218325,0.42909287902286175,0.5944398004711482
Wang,TBR1_-_+,TBR1 (-),proband vs sibling,2.9680511581924436,0.9140351853071003,9.637843071312098,0.06839122096942457,0.13244983482811604
Wang,TBX1_extended_+_+,TBX1 (+),asd_d_proband vs asd_da_proband,3.589183775663496,0.6574058066743155,19.595567980536618,0.19624860996654092,0.32132006412566283
Wang,TBX1_extended_+_+,TBX1 (+),asd_d_proband vs sibling,Inf,NA,NA,0.15014644910557937,0.2585697828642397
Wang,TBX1_extended_+_+,TBX1 (+),asd_da_proband vs sibling,Inf,NA,NA,1,1
Wang,TBX1_extended_+_+,TBX1 (+),proband vs sibling,Inf,NA,NA,0.590418783898403,0.744355815294001
Wang,TCF12_+_+,TCF12 (+),asd_d_proband vs asd_da_proband,1.6303644557400863,1.451978122620089,1.8306668792944054,3.017155395248506e-16,3.806964771567021e-15
Wang,TCF12_+_+,TCF12 (+),asd_d_proband vs sibling,2.62082688370125,2.1812113897303647,3.1490453363075,9.080604918296197e-29,2.462033059692808e-27
Wang,TCF12_+_+,TCF12 (+),asd_da_proband vs sibling,1.607509826697954,1.3402264848934833,1.9280978790206944,9.749956982883804e-8,5.469341632639868e-7
Wang,TCF12_+_+,TCF12 (+),proband vs sibling,1.884227744690616,1.5837543700364662,2.2417075911715645,1.4018284264512759e-14,1.5536079032811585e-13
Wang,TCF12_-_+,TCF12 (-),asd_d_proband vs asd_da_proband,2.073700741936318,1.8784756403620262,2.2892150820111135,4.008318085670949e-47,2.5010806685248183e-45
Wang,TCF12_-_+,TCF12 (-),asd_d_proband vs sibling,3.4236996456735582,2.9049170600827803,4.035130443087837,1.6824939198869427e-61,1.8247047154964344e-59
Wang,TCF12_-_+,TCF12 (-),asd_da_proband vs sibling,1.6510095099241173,1.3978530357174601,1.9500135795468776,7.782054793375825e-10,5.5647189299571245e-9
Wang,TCF12_-_+,TCF12 (-),proband vs sibling,2.191320381617583,1.8708436574878764,2.5666949751111137,6.271057773588151e-27,1.560910828343936e-25
Wang,TCF3_-_+,TCF3 (-),asd_d_proband vs asd_da_proband,1.6076593366049678,1.0652798178260494,2.4261874667329537,0.028186893008616938,0.061196996022044876
Wang,TCF3_-_+,TCF3 (-),asd_d_proband vs sibling,1.7483528344927346,0.9971584129836973,3.0654483721722903,0.04950171007991943,0.10003562085804481
Wang,TCF3_-_+,TCF3 (-),asd_da_proband vs sibling,1.0875144968117942,0.6254545899131838,1.890925096480582,0.89000661661224445,0.9977799996723539
Wang,TCF3_-_+,TCF3 (-),proband vs sibling,1.309435255807906,0.7797985675589533,2.1987994855134048,0.33458596830418563,0.49178415154100213
Wang,TCF4_+_+,TCF4 (+),asd_d_proband vs asd_da_proband,2.297795761237906,2.01708839285509,2.6175676678648157,4.365602935071124e-36,1.714251842176635e-34
Wang,TCF4_+_+,TCF4 (+),asd_d_proband vs sibling,4.953651372304753,3.8711509986079133,6.338854239258813,1.4855784412402359e-52,1.0914209354595604e-50
Wang,TCF4_+_+,TCF4 (+),asd_da_proband vs sibling,2.1558275351835627,1.677667343275268,2.7702705068945654,7.988664230817497e-11,6.199040131409489e-10
Wang,TCF4_+_+,TCF4 (+),proband vs sibling,3.0058320438578803,2.3637632585366024,3.8223059112427338,1.4423469327601043e-25,3.4040882273172406e-24
Wang,TCF4_-_+,TCF4 (-),asd_d_proband vs asd_da_proband,1.9960949654649336,1.7009760361486177,2.3424169573699567,3.781079113563792e-17,5.12583790544139e-16
Wang,TCF4_-_+,TCF4 (-),asd_d_proband vs sibling,3.592011723186431,2.7310375007526626,4.724412687834885,4.150070844648081e-25,9.404762536005974e-24
Wang,TCF4_-_+,TCF4 (-),asd_da_proband vs sibling,1.7995194544011957,1.3648128745802435,2.372684436878812,1.4091412228505853e-5,5.8778738737036785e-5
Wang,TCF4_-_+,TCF4 (-),proband vs sibling,2.3152372064206492,1.7780195854344805,3.014771808986925,5.360516515206416e-12,4.6420442446321717e-11
Wang,TCF7L1_+_+,TCF7L1 (+),asd_d_proband vs asd_da_proband,1.7945951235943296,1.3563327953117224,2.3744700922669733,5.1473050823369886e-5,1.9652954442619431e-4
Wang,TCF7L1_+_+,TCF7L1 (+),asd_d_proband vs sibling,2.116819884109691,1.420289667308921,3.1549384079181206,1.5655056110158125e-4,5.514986897275349e-4
Wang,TCF7L1_+_+,TCF7L1 (+),asd_da_proband vs sibling,1.1795529009741144,0.7914262379495794,1.758022389807462,0.493130117366578,0.6560185994756901
Wang,TCF7L1_+_+,TCF7L1 (+),proband vs sibling,1.4299176138191418,0.9825244375521673,2.0810315796360705,0.06113888203216435,0.12019318414178189
Wang,TCF7L1_-_+,TCF7L1 (-),asd_d_proband vs asd_da_proband,2.406382639141733,1.6285996739746762,3.5556174414736947,1.1510090920340445e-5,4.886156956398017e-5
Wang,TCF7L1_-_+,TCF7L1 (-),asd_d_proband vs sibling,5.825904531999885,2.661269831949206,12.753747556337458,1.0026177221660752e-7,5.610471405978468e-7
Wang,TCF7L1_-_+,TCF7L1 (-),asd_da_proband vs sibling,2.42102167678444,1.0905038231764843,5.3748972125442585,0.027459498291430517,0.05976015992234401
Wang,TCF7L1_-_+,TCF7L1 (-),proband vs sibling,3.4627463426924194,1.608439613258615,7.454810323613809,3.130042528670876e-4,0.001056099534673766
Wang,TCF7L2_+_+,TCF7L2 (+),asd_d_proband vs asd_da_proband,1.3051588652904689,0.9785637853430953,1.7407548584572434,0.08143997244362082,0.15469519369503454
Wang,TCF7L2_+_+,TCF7L2 (+),asd_d_proband vs sibling,2.211856261839313,1.411634050626881,3.4657056627850493,3.135329867051958e-4,0.001057100484413151
Wang,TCF7L2_+_+,TCF7L2 (+),asd_da_proband vs sibling,1.6947027068211,1.0977345222319714,2.6163131488907054,0.016022816590416104,0.03744685970720644
Wang,TCF7L2_+_+,TCF7L2 (+),proband vs sibling,1.7808231130536891,1.1720401137908965,2.705821176827084,0.004931726658657879,0.013083293494575795
Wang,TCF7L2_-_+,TCF7L2 (-),asd_d_proband vs asd_da_proband,2.662957147926638,1.6887600683651538,4.199140484508568,2.2583727691912726e-5,9.152035554863209e-5
Wang,TCF7L2_-_+,TCF7L2 (-),asd_d_proband vs sibling,5.299236204275108,2.263304453403199,12.40747982732722,6.223016589319397e-6,2.7493540799563388e-5
Wang,TCF7L2_-_+,TCF7L2 (-),asd_da_proband vs sibling,1.9899817796170927,0.8302423449613036,4.769724776435707,0.14201582625042689,0.24737364763697686
Wang,TCF7L2_-_+,TCF7L2 (-),proband vs sibling,3.050473589951367,1.3275544312439675,7.009421914453095,0.00449798091404423,0.012044981266863755
Wang,TCFL5_+_+,TCFL5 (+),asd_d_proband vs asd_da_proband,1.449486059403032,0.8155973837796168,2.5760379792628734,0.224082071250923,0.358644485622717
Wang,TCFL5_+_+,TCFL5 (+),asd_d_proband vs sibling,1.1165673797374551,0.5591024965944597,2.2298643291483393,0.8621345583418754,0.97131412354808
Wang,TCFL5_+_+,TCFL5 (+),asd_da_proband vs sibling,0.7703195022084663,0.3958513272345682,1.4990277779997823,0.4749152907418686,0.6399355878392444
Wang,TCFL5_+_+,TCFL5 (+),proband vs sibling,0.8181146396796337,0.4399465798521707,1.521347350587511,0.5042837825418538,0.6668605435985394
Wang,TCFL5_-_+,TCFL5 (-),asd_d_proband vs asd_da_proband,3.888308152045367,1.9619991307633486,7.7058853126913345,5.531717466158611e-5,2.1032531768240797e-4
Wang,TCFL5_-_+,TCFL5 (-),asd_d_proband vs sibling,2.9952579567677957,1.2328659183386683,7.277004006786324,0.011102220535357758,0.02707244379397128
Wang,TCFL5_-_+,TCFL5 (-),asd_da_proband vs sibling,0.7703242231951704,0.28911643696308104,2.05245822435553,0.6027854085556933,0.7569864690678026
Wang,TCFL5_-_+,TCFL5 (-),proband vs sibling,1.5664777829385352,0.6622063977207059,3.7055707297394194,0.35058576884575743,0.5096031455148023
Wang,TEAD1_+_+,TEAD1 (+),asd_d_proband vs asd_da_proband,1.0094608893301287,0.44608969165284185,2.2843192885976715,1,1
Wang,TEAD1_+_+,TEAD1 (+),asd_d_proband vs sibling,1.5552369631100431,0.47894771013261955,5.0501588383291365,0.5785682102503371,0.7347251139281732
Wang,TEAD1_+_+,TEAD1 (+),asd_da_proband vs sibling,1.5406609404571263,0.5150755607115381,4.608326068065114,0.618452534194047,0.7713722051626188
Wang,TEAD1_+_+,TEAD1 (+),proband vs sibling,1.4840416580969655,0.5149258782919313,4.2770809077856775,0.6361012790066882,0.7852144514567656
Wang,TEAD1_-_+,TEAD1 (-),asd_d_proband vs asd_da_proband,1.7268765511715618,1.1756987565703516,2.5364512859444743,0.005656082858719597,0.014798080081256614
Wang,TEAD1_-_+,TEAD1 (-),asd_d_proband vs sibling,2.7116515814997375,1.4749267669246056,4.985369080243898,8.015423315947156e-4,0.002476950692275393
Wang,TEAD1_-_+,TEAD1 (-),asd_da_proband vs sibling,1.570263710894723,0.8561003669682333,2.8801858016775737,0.1692438821694266,0.28478237284142527
Wang,TEAD1_-_+,TEAD1 (-),proband vs sibling,1.921612718888754,1.0785777719080887,3.4235782876023286,0.024891593447409825,0.0547470826426614
Wang,TEAD3_+_+,TEAD3 (+),asd_d_proband vs asd_da_proband,1.5702571324731962,0.5694192211454816,4.3302146652562294,0.4233807084982776,0.5883157801127683
Wang,TEAD3_+_+,TEAD3 (+),asd_d_proband vs sibling,Inf,NA,NA,0.04646759423807223,0.09444897164783081
Wang,TEAD3_+_+,TEAD3 (+),asd_da_proband vs sibling,Inf,NA,NA,0.11633982678990754,0.20954049467300467
Wang,TEAD3_+_+,TEAD3 (+),proband vs sibling,Inf,NA,NA,0.05357463944660236,0.10731419642888028
Wang,TEAD4_+_+,TEAD4 (+),asd_d_proband vs asd_da_proband,0,NA,NA,1,1
Wang,TEAD4_+_+,TEAD4 (+),asd_d_proband vs sibling,NA,NA,NA,NA,NA
Wang,TEAD4_+_+,TEAD4 (+),asd_da_proband vs sibling,Inf,NA,NA,1,1
Wang,TEAD4_+_+,TEAD4 (+),proband vs sibling,Inf,NA,NA,1,1
Wang,TFAP2A_+_+,TFAP2A (+),asd_d_proband vs asd_da_proband,3.5891548327989007,1.7404645925460935,7.401490653112809,3.84382014699891e-4,0.0012761370823309063
Wang,TFAP2A_+_+,TFAP2A (+),asd_d_proband vs sibling,15.206252863032525,2.049699294531039,112.81173133612718,1.469893598591617e-4,5.202304072715474e-4
Wang,TFAP2A_+_+,TFAP2A (+),asd_da_proband vs sibling,4.236722451779646,0.5469895103399143,32.81565147795837,0.19884982680164787,0.32452964990383154
Wang,TFAP2A_+_+,TFAP2A (+),proband vs sibling,7.914679998770606,1.0815188843682195,57.9205415534954,0.013833174280794055,0.032647724792236744
Wang,TFAP2C_+_+,TFAP2C (+),asd_d_proband vs asd_da_proband,1.6186534007295834,1.2211408028643806,2.145566527256911,9.418514754309729e-4,0.002875424578142146
Wang,TFAP2C_+_+,TFAP2C (+),asd_d_proband vs sibling,1.8703271761655706,1.2620589861100107,2.7717593110965377,0.0014354768736862633,0.004231256871861002
Wang,TFAP2C_+_+,TFAP2C (+),asd_da_proband vs sibling,1.1554834254958777,0.783791766312437,1.7034396174856856,0.5039117960741326,0.6668605435985394
Wang,TFAP2C_+_+,TFAP2C (+),proband vs sibling,1.3530815765452602,0.9387750170454399,1.9502327176838243,0.10842266402505008,0.19660240232249326
Wang,TFAP2C_-_+,TFAP2C (-),asd_d_proband vs asd_da_proband,0.6946790634913372,0.3567684598291519,1.3526391920527314,0.3407419532166457,0.49841990908857453
Wang,TFAP2C_-_+,TFAP2C (-),asd_d_proband vs sibling,1.1849324429405583,0.46651596094574,3.0096824372025828,0.81822031463215,0.9336156145163935
Wang,TFAP2C_-_+,TFAP2C (-),asd_da_proband vs sibling,1.7057264357231268,0.751119500064181,3.873554971314302,0.2761483053208717,0.42252494686133
Wang,TFAP2C_-_+,TFAP2C (-),proband vs sibling,1.484034202024892,0.6667182378046757,3.3032807382492355,0.47219049190143253,0.6376601513818634
Wang,TFCP2L1_+_+,TFCP2L1 (+),asd_d_proband vs asd_da_proband,1.0767534663510314,0.2573277150026902,4.505531117341328,1,1
Wang,TFCP2L1_+_+,TFCP2L1 (+),asd_d_proband vs sibling,0.5184054785255325,0.11602555787754532,2.3162503596743926,0.4543643518485876,0.621516967900562
Wang,TFCP2L1_+_+,TFCP2L1 (+),asd_da_proband vs sibling,0.48145234236611006,0.12928553889648586,1.792902438650968,0.2751506717387334,0.422280556296222
Wang,TFCP2L1_+_+,TFCP2L1 (+),proband vs sibling,0.49468143038664,0.14896122859606606,1.6427745654068455,0.27141626852184153,0.4186593644148283
Wang,TFCP2_-_+,TFCP2 (-),asd_d_proband vs asd_da_proband,3.6836614918591444,2.128810492481298,6.374152154234155,1.4354000789553186e-6,6.889617871065834e-6
Wang,TFCP2_-_+,TFCP2 (-),asd_d_proband vs sibling,Inf,NA,NA,1.5326473917431415e-9,1.0513868779201823e-8
Wang,TFCP2_-_+,TFCP2 (-),asd_da_proband vs sibling,Inf,NA,NA,0.0034203528674183015,0.009340359070829118
Wang,TFCP2_-_+,TFCP2 (-),proband vs sibling,Inf,NA,NA,6.041230658313384e-6,2.671631616370628e-5
Wang,TFDP2_-_+,TFDP2 (-),asd_d_proband vs asd_da_proband,1.5702735597542599,0.8742390651289418,2.820463132815553,0.16064094863627668,0.27384712613706597
Wang,TFDP2_-_+,TFDP2 (-),asd_d_proband vs sibling,3.62881071055987,1.245649340439128,10.57140781564724,0.013137901002951516,0.03124968097568885
Wang,TFDP2_-_+,TFDP2 (-),asd_da_proband vs sibling,2.3109417387934372,0.8018398257469553,6.660247531510085,0.13964771186860428,0.24399513907230247
Wang,TFDP2_-_+,TFDP2 (-),proband vs sibling,2.7207013427193325,0.9775868764582087,7.571926316250236,0.04595206189682738,0.09369382289946497
Wang,TFEB_+_+,TFEB (+),asd_d_proband vs asd_da_proband,1.1647611744039454,0.9379084267677396,1.4464829984247694,0.17643672791554207,0.2960988438898731
Wang,TFEB_+_+,TFEB (+),asd_d_proband vs sibling,1.696599222425211,1.2399828533153465,2.3213618751563474,8.510706128705553e-4,0.0026211133479549556
Wang,TFEB_+_+,TFEB (+),asd_da_proband vs sibling,1.4566069505994894,1.0821331782925863,1.9606679206365476,0.013046417200419873,0.031080769010414497
Wang,TFEB_+_+,TFEB (+),proband vs sibling,1.4750286708167666,1.108598375103015,1.9625769156745354,0.006982919906447969,0.0178391476017221
Wang,TFEB_-_+,TFEB (-),asd_d_proband vs asd_da_proband,1.77951476940884,1.3794871165153264,2.2955435948857694,1.2633262495456397e-5,5.303641536110957e-5
Wang,TFEB_-_+,TFEB (-),asd_d_proband vs sibling,2.631044908616998,1.7714788201271205,3.9076940872839097,2.603566085268462e-7,1.3710108113754734e-6
Wang,TFEB_-_+,TFEB (-),asd_da_proband vs sibling,1.478518163404195,0.995828633672104,2.1951728295411743,0.055343806409020195,0.11037260866597504
Wang,TFEB_-_+,TFEB (-),proband vs sibling,1.8271020114068157,1.2556338621104821,2.6586585953295176,0.001028055504919152,0.0031173253348163524
Wang,TFEC_+_+,TFEC (+),asd_d_proband vs asd_da_proband,0.29909831827996225,0.03600901352031816,2.4843725293230734,0.43364678734145756,0.5979988060445047
Wang,TFEC_+_+,TFEC (+),asd_d_proband vs sibling,0.6912234285192956,0.043235220984631936,11.050939887731843,1,1
Wang,TFEC_+_+,TFEC (+),asd_da_proband vs sibling,2.3110241224168173,0.27822857496642656,19.195844621771474,0.68157826518631,0.8226268594048692
Wang,TFEC_+_+,TFEC (+),proband vs sibling,1.731403946917389,0.21302259799226067,14.072495855627603,1,1
Wang,TGIF1_+_+,TGIF1 (+),asd_d_proband vs asd_da_proband,0.5982017594853312,0.12073815534888524,2.9638132537085347,0.7197994838836551,0.8527148805822985
Wang,TGIF1_+_+,TGIF1 (+),asd_d_proband vs sibling,0.6911986978258341,0.09736466368842908,4.906868896553338,1,1
Wang,TGIF1_+_+,TGIF1 (+),asd_da_proband vs sibling,1.1554608238205681,0.233212634757253,5.724774374998069,1,1
Wang,TGIF1_+_+,TGIF1 (+),proband vs sibling,0.9893410772085438,0.2100932673154037,4.658863082855192,1,1
Wang,THRB_+_+,THRB (+),asd_d_proband vs asd_da_proband,2.0604622226043428,1.7502799105457143,2.4256146375215697,6.084281947190901e-18,8.826084162246673e-17
Wang,THRB_+_+,THRB (+),asd_d_proband vs sibling,3.631766873740398,2.7492516992828726,4.797571145864373,6.379524233233198e-25,1.4385511327909514e-23
Wang,THRB_+_+,THRB (+),asd_da_proband vs sibling,1.7625981364268783,1.3299222980302066,2.336040380056054,3.527824342638727e-5,1.3793338953407212e-4
Wang,THRB_+_+,THRB (+),proband vs sibling,2.314068942809846,1.7692423418893286,3.026671330033116,1.0263038979201145e-11,8.657063435233557e-11
Wang,THRB_-_+,THRB (-),asd_d_proband vs asd_da_proband,1.790075424583316,1.557460984473982,2.0574319727048476,4.192565708833672e-16,5.2320922749965414e-15
Wang,THRB_-_+,THRB (-),asd_d_proband vs sibling,3.9102567316459846,3.0327802144775697,5.041614171179441,1.6247145732558493e-33,5.606496122106359e-32
Wang,THRB_-_+,THRB (-),asd_da_proband vs sibling,2.184408923750346,1.6943006963079499,2.8162901405624328,7.409248238352655e-11,5.759236471961834e-10
Wang,THRB_-_+,THRB (-),proband vs sibling,2.6571062586214227,2.0798933906441985,3.3945074787791887,5.967549138001591e-19,9.277196697473462e-18
Wang,TP53_+_+,TP53 (+),asd_d_proband vs asd_da_proband,2.6919360664619827,0.7596551871010465,9.53922241164781,0.18286061231547815,0.30465941303124694
Wang,TP53_+_+,TP53 (+),asd_d_proband vs sibling,1.3824574077418579,0.34574935340801233,5.52767045081059,0.7458813533924555,0.8760969308888322
Wang,TP53_+_+,TP53 (+),asd_da_proband vs sibling,0.5135550672861353,0.11493997585092933,2.294578584889572,0.40600784625840725,0.5718526067948254
Wang,TP53_+_+,TP53 (+),proband vs sibling,0.7420268625529121,0.20088704582970338,2.7408629684209598,0.7153488593201134,0.8496131880999221
Wang,TWIST2_extended_+_+,TWIST2 (+),asd_d_proband vs asd_da_proband,1.9740356055016364,0.8383748821057232,4.648059782040088,0.11719280017537041,0.2109099979450068
Wang,TWIST2_extended_+_+,TWIST2 (+),asd_d_proband vs sibling,1.5206500558109615,0.5283543793940574,4.37656368986631,0.6124583990774752,0.7655732990230962
Wang,TWIST2_extended_+_+,TWIST2 (+),asd_da_proband vs sibling,0.7703255460909167,0.2633007003517948,2.2537025012369063,0.5773529737805748,0.7343878233930516
Wang,TWIST2_extended_+_+,TWIST2 (+),proband vs sibling,1.03881851969698,0.3917152059748407,2.7549196467362473,1,1
Wang,UNCX_+_+,UNCX (+),asd_d_proband vs asd_da_proband,3.3130830043599704,2.0557019999615855,5.339547752536119,5.629574260010059e-7,2.8587191476416744e-6
Wang,UNCX_+_+,UNCX (+),asd_d_proband vs sibling,8.29451963017553,2.990968997998318,23.002263126568824,1.2142697186905995e-7,6.728708720967981e-7
Wang,UNCX_+_+,UNCX (+),asd_da_proband vs sibling,2.5035652953035163,0.873756376699675,7.173440280370677,0.1010900771101994,0.1856597750245329
Wang,UNCX_+_+,UNCX (+),proband vs sibling,4.266595943613349,1.557106346478843,11.69081417413979,0.001014296152495203,0.0030780272982116248
Wang,USF2_+_+,USF2 (+),asd_d_proband vs asd_da_proband,1.1334214829477438,0.5502047274633006,2.3348477282815607,0.7122659237987464,0.8474071929463369
Wang,USF2_+_+,USF2 (+),asd_d_proband vs sibling,4.147168128437639,0.9281875204763167,18.52966464869401,0.05526599607977799,0.11026570834138796
Wang,USF2_+_+,USF2 (+),asd_da_proband vs sibling,3.658981403503928,0.8522830163864309,15.708567053173915,0.08492880312287096,0.160054775771211
Wang,USF2_+_+,USF2 (+),proband vs sibling,3.833671705306086,0.9175128674212516,16.01834618992512,0.04844696445045143,0.09807818803191388
Wang,VAX1_+_+,VAX1 (+),asd_d_proband vs asd_da_proband,1.0767631415348484,0.39134662615443233,2.962639219254362,1,1
Wang,VAX1_+_+,VAX1 (+),asd_d_proband vs sibling,2.0735995026593907,0.4185253134308106,10.273727202261817,0.4849073610567982,0.6477331549679402
Wang,VAX1_+_+,VAX1 (+),asd_da_proband vs sibling,1.9257712515155596,0.4219556620833638,8.789063037696872,0.5296732547742546,0.6926964328155987
Wang,VAX1_+_+,VAX1 (+),proband vs sibling,1.7313353519125008,0.39348964815031723,7.617791509566973,0.7532168881898891,0.8792681735950236
Wang,VAX2_+_+,VAX2 (+),asd_d_proband vs asd_da_proband,1.7945876149997309,0.6735407786019217,4.7815140674857926,0.2969203497755276,0.4475427213477734
Wang,VAX2_+_+,VAX2 (+),asd_d_proband vs sibling,1.8432954932659025,0.4890224445987492,6.9480211246383305,0.5421338165105445,0.7025375630741195
Wang,VAX2_+_+,VAX2 (+),asd_da_proband vs sibling,1.0271415437502498,0.2724985063483916,3.8716533350417506,1,1
Wang,VAX2_+_+,VAX2 (+),proband vs sibling,1.1542909214587784,0.3317211700588032,4.016588784870039,1,1
Wang,VEZF1_+_+,VEZF1 (+),asd_d_proband vs asd_da_proband,1.8515659045832444,1.3093272526599535,2.618364730475471,5.924426955099849e-4,0.0018917767716441977
Wang,VEZF1_+_+,VEZF1 (+),asd_d_proband vs sibling,4.49284879078257,2.3087824620779256,8.743002248323167,3.7389525902569923e-7,1.935332846434159e-6
Wang,VEZF1_+_+,VEZF1 (+),asd_da_proband vs sibling,2.4265130285998824,1.2451811916996807,4.7286013611624345,0.005791586323878329,0.015092042168129406
Wang,VEZF1_+_+,VEZF1 (+),proband vs sibling,3.091716303419749,1.6235522295040694,5.887528301908268,8.748593556274524e-5,3.213697068454069e-4
Wang,VEZF1_-_+,VEZF1 (-),asd_d_proband vs asd_da_proband,1.4100439389021568,0.8937689173836378,2.2245391073286696,0.14868655768579356,0.25683248777352663
Wang,VEZF1_-_+,VEZF1 (-),asd_d_proband vs sibling,3.801637898877547,1.5929300620986027,9.072872097813095,9.119712243334977e-4,0.0027898112336058305
Wang,VEZF1_-_+,VEZF1 (-),asd_da_proband vs sibling,2.696113074204947,1.1461548397110608,6.342097469772349,0.01546854687547364,0.036225825716083515
Wang,VEZF1_-_+,VEZF1 (-),proband vs sibling,2.9680378594830725,1.2905603847835783,6.825909766943712,0.006285418429127502,0.016276339365932785
Wang,VSX1_+_+,VSX1 (+),asd_d_proband vs asd_da_proband,1.2921099036292805,0.7049779108558814,2.368227397408731,0.4281616223294688,0.5936913819515162
Wang,VSX1_+_+,VSX1 (+),asd_d_proband vs sibling,0.8887013386449516,0.44200948843283117,1.7868170027516217,0.7237566904025472,0.8562957735158243
Wang,VSX1_+_+,VSX1 (+),asd_da_proband vs sibling,0.6877908265765674,0.3575341141968898,1.323107928275542,0.28357273687988266,0.43201204737312626
Wang,VSX1_+_+,VSX1 (+),proband vs sibling,0.7243469837591568,0.3948757833498001,1.3287179791833488,0.309467031814183,0.46093587430617616
Wang,VSX2_+_+,VSX2 (+),asd_d_proband vs asd_da_proband,0.2991057662658033,0.03600991019745226,2.4844343938348126,0.43364645871429475,0.5979988060445047
Wang,VSX2_+_+,VSX2 (+),asd_d_proband vs sibling,Inf,NA,NA,1,1
Wang,VSX2_+_+,VSX2 (+),asd_da_proband vs sibling,Inf,NA,NA,0.19597811304375629,0.32132006412566283
Wang,VSX2_+_+,VSX2 (+),proband vs sibling,Inf,NA,NA,0.35797551804743505,0.5156811512636724
Wang,WT1_+_+,WT1 (+),asd_d_proband vs asd_da_proband,1.794583079732197,0.3622099855634077,8.891329776708542,0.673379542747665,0.8155403632298088
Wang,WT1_+_+,WT1 (+),asd_d_proband vs sibling,1.0368228849665246,0.17324768128234005,6.204999032791599,1,1
Wang,WT1_+_+,WT1 (+),asd_da_proband vs sibling,0.577751399016449,0.09653923701776658,3.457627068297981,0.6223337905992166,0.7719721900823864
Wang,WT1_+_+,WT1 (+),proband vs sibling,0.7419963702359348,0.14976096542232264,3.676249093952748,0.6623135335644771,0.8073243057804903
Wang,XBP1_+_+,XBP1 (+),asd_d_proband vs asd_da_proband,3.076498966230186,1.2112385648060517,7.814188025569469,0.016436827915483065,0.038258468188917365
Wang,XBP1_+_+,XBP1 (+),asd_d_proband vs sibling,Inf,NA,NA,0.002225533089826411,0.006312143975192592
Wang,XBP1_+_+,XBP1 (+),asd_da_proband vs sibling,Inf,NA,NA,0.20159784232858008,0.327842557285912
Wang,XBP1_+_+,XBP1 (+),proband vs sibling,Inf,NA,NA,0.03419329092365303,0.0724761452952666
Wang,YBX1_+_+,YBX1 (+),asd_d_proband vs asd_da_proband,3.6351959756673313,2.4771141863084294,5.334695451081069,7.167192364363226e-12,6.127977898360718e-11
Wang,YBX1_+_+,YBX1 (+),asd_d_proband vs sibling,3.900372919664041,2.2094137829211427,6.885495614286914,1.1514400211565348e-7,6.396108898009775e-7
Wang,YBX1_+_+,YBX1 (+),asd_da_proband vs sibling,1.0729470833956978,0.5826100885456835,1.9759620823611355,0.8794894450049353,0.9876909324451382
Wang,YBX1_+_+,YBX1 (+),proband vs sibling,1.9610282691712182,1.1247866684112036,3.41898777829643,0.013357320405289991,0.031721894914544274
Wang,YBX1_-_+,YBX1 (-),asd_d_proband vs asd_da_proband,2.243240335652299,0.8853509583649821,5.6837654671888505,0.08895100779067759,0.16625844911224308
Wang,YBX1_-_+,YBX1 (-),asd_d_proband vs sibling,6.911951038753018,0.8848159505188041,53.994355700873655,0.03359560095668418,0.0715752864161349
Wang,YBX1_-_+,YBX1 (-),asd_da_proband vs sibling,3.0812351797085227,0.3853800889943706,24.63544563873951,0.4598138545380408,0.6261447708837283
Wang,YBX1_-_+,YBX1 (-),proband vs sibling,4.2046982736496314,0.5595716128736591,31.594682728167435,0.23082730395116824,0.36750030391386623
Wang,ZBTB16_+_+,ZBTB16 (+),asd_d_proband vs asd_da_proband,4.078637361459025,2.470261664208791,6.734218875399021,8.201735363549626e-9,5.203190053059686e-8
Wang,ZBTB16_+_+,ZBTB16 (+),asd_d_proband vs sibling,5.760105064272687,2.469842765031721,13.433571894214785,9.316769044784268e-7,4.551443828338669e-6
Wang,ZBTB16_+_+,ZBTB16 (+),asd_da_proband vs sibling,1.4122621242826454,0.5726386578774095,3.4829718186967207,0.5325798371648329,0.6958993594724022
Wang,ZBTB16_+_+,ZBTB16 (+),proband vs sibling,2.7207247872066027,1.1795899282262194,6.275353146539251,0.011503025335356909,0.027959823877248338
Wang,ZBTB18_+_+,ZBTB18 (+),asd_d_proband vs asd_da_proband,2.3632537229580093,2.0002395970209252,2.792149584176272,3.5933636087708325e-24,7.684399642230583e-23
Wang,ZBTB18_+_+,ZBTB18 (+),asd_d_proband vs sibling,4.021571842236909,3.020975301856253,5.353582358761811,3.2604248026151656e-28,8.535192514891999e-27
Wang,ZBTB18_+_+,ZBTB18 (+),asd_da_proband vs sibling,1.7017097246770592,1.2699376737607726,2.28028197516564,2.1751516388492553e-4,7.523018766103537e-4
Wang,ZBTB18_+_+,ZBTB18 (+),proband vs sibling,2.414911042850778,1.829745428668748,3.187216786285741,3.2354744395112294e-12,2.8784347796823535e-11
Wang,ZBTB18_-_+,ZBTB18 (-),asd_d_proband vs asd_da_proband,1.447255934572331,0.997130559742321,2.100577220997124,0.06057819096799268,0.1191938055547329
Wang,ZBTB18_-_+,ZBTB18 (-),asd_d_proband vs sibling,2.4686086159344494,1.3648127979945337,4.465102106032718,0.0020311388340312772,0.005848190511385884
Wang,ZBTB18_-_+,ZBTB18 (-),asd_da_proband vs sibling,1.70571669941981,0.9550700431034352,3.046341448660129,0.07310405369382733,0.14063723050082
Wang,ZBTB18_-_+,ZBTB18 (-),proband vs sibling,1.8903667343422363,1.0829976409694324,3.299625276292355,0.022078462036933318,0.049565006247740226
Wang,ZBTB1_extended_+_+,ZBTB1 (+),asd_d_proband vs asd_da_proband,1.0767509025270758,0.5676935822476002,2.0422857371447294,0.8693860391627317,0.9777909650336403
Wang,ZBTB1_extended_+_+,ZBTB1 (+),asd_d_proband vs sibling,3.4560101617863355,1.0005248643531748,11.93774054390147,0.05216912282952019,0.1049604039260002
Wang,ZBTB1_extended_+_+,ZBTB1 (+),asd_da_proband vs sibling,3.2096654422812816,0.9690965166324298,10.630470829854548,0.05507738234718744,0.10993763850350498
Wang,ZBTB1_extended_+_+,ZBTB1 (+),proband vs sibling,3.2153707770553144,0.9936608430687925,10.404565406856372,0.04992814577879578,0.1008079361801484
Wang,ZBTB20_+_+,ZBTB20 (+),asd_d_proband vs asd_da_proband,1.799937105469136,1.5475134812144484,2.0935349662363656,3.697941206025767e-14,3.881134145955615e-13
Wang,ZBTB20_+_+,ZBTB20 (+),asd_d_proband vs sibling,2.8406948753689205,2.231572557526954,3.6160811118281466,2.133177536575736e-20,3.5592028128580505e-19
Wang,ZBTB20_+_+,ZBTB20 (+),asd_da_proband vs sibling,1.5782189648390637,1.2397187282838191,2.0091453360761458,1.280136743162932e-4,4.5776669447317793e-4
Wang,ZBTB20_+_+,ZBTB20 (+),proband vs sibling,1.9274206378186267,1.5315378843541714,2.4256339676871304,1.8166534681628375e-9,1.2368993344516779e-8
Wang,ZBTB20_-_+,ZBTB20 (-),asd_d_proband vs asd_da_proband,2.388559591704275,2.1416351570407692,2.6639537104936895,1.5150370907168796e-55,1.2547261724027976e-53
Wang,ZBTB20_-_+,ZBTB20 (-),asd_d_proband vs sibling,4.768695851520584,3.9008602959320364,5.82960126719335,1.0701324339061547e-73,1.8747897063240516e-71
Wang,ZBTB20_-_+,ZBTB20 (-),asd_da_proband vs sibling,1.9964734679774283,1.626355182278794,2.4508215374902926,1.6926990744639798e-12,1.535905235893113e-11
Wang,ZBTB20_-_+,ZBTB20 (-),proband vs sibling,2.8636643292161637,2.3547444264867416,3.482574710946549,4.00632019819602e-34,1.4369124805340845e-32
Wang,ZBTB33_+_+,ZBTB33 (+),asd_d_proband vs asd_da_proband,0.5127453852915325,0.10651780679834653,2.4682054394481123,0.5045008634995756,0.6668605435985394
Wang,ZBTB33_+_+,ZBTB33 (+),asd_d_proband vs sibling,Inf,NA,NA,0.5166649360657939,0.6776687598439977
Wang,ZBTB33_+_+,ZBTB33 (+),asd_da_proband vs sibling,Inf,NA,NA,0.20159978111039287,0.327842557285912
Wang,ZBTB33_+_+,ZBTB33 (+),proband vs sibling,Inf,NA,NA,0.22021924961743175,0.35382838776581566
Wang,ZBTB37_+_+,ZBTB37 (+),asd_d_proband vs asd_da_proband,0.7691280681934888,0.19889038642278017,2.9742914975567323,1,1
Wang,ZBTB37_+_+,ZBTB37 (+),asd_d_proband vs sibling,1.0368240274782332,0.173247872190071,6.205005870298901,1,1
Wang,ZBTB37_+_+,ZBTB37 (+),asd_da_proband vs sibling,1.3480512158573315,0.28004437111281927,6.489121967898195,1,1
Wang,ZBTB37_+_+,ZBTB37 (+),proband vs sibling,1.2366851502505767,0.27097003392899083,5.644130233423066,1,1
Wang,ZBTB42_+_+,ZBTB42 (+),asd_d_proband vs asd_da_proband,0.7178529526789207,0.13927372307314773,3.7000006196373314,1,1
Wang,ZBTB42_+_+,ZBTB42 (+),asd_d_proband vs sibling,1.3824794681267112,0.12535855157337994,15.24626326488102,1,1
Wang,ZBTB42_+_+,ZBTB42 (+),asd_da_proband vs sibling,1.9258532864808915,0.22499798390733614,16.48419606540448,1,1
Wang,ZBTB42_+_+,ZBTB42 (+),proband vs sibling,1.7314184756940192,0.2130243855345317,14.072613942541564,1,1
Wang,ZBTB44_-_+,ZBTB44 (-),asd_d_proband vs asd_da_proband,2.5761164501570093,1.862758767290943,3.5626599006273905,1.111668449317751e-8,6.936506557044323e-8
Wang,ZBTB44_-_+,ZBTB44 (-),asd_d_proband vs sibling,3.844854588671901,2.258091540407449,6.5466375226594895,2.1514588328729396e-8,1.3014468769902046e-7
Wang,ZBTB44_-_+,ZBTB44 (-),asd_da_proband vs sibling,1.4925003054258532,0.8614500901625852,2.585822657788391,0.16562101574535643,0.2808651253611685
Wang,ZBTB44_-_+,ZBTB44 (-),proband vs sibling,2.2105819018716,1.3186115978470274,3.7059224663737296,0.0013475414543983764,0.004003947374288718
Wang,ZBTB7A_+_+,ZBTB7A (+),asd_d_proband vs asd_da_proband,2.4486987822578206,1.9081453381927218,3.1423841812333313,1.5466278556087188e-12,1.4118015796187803e-11
Wang,ZBTB7A_+_+,ZBTB7A (+),asd_d_proband vs sibling,5.936255071637782,3.5923411476247997,9.80951497294316,1.2609500235887762e-17,1.7727244930391591e-16
Wang,ZBTB7A_+_+,ZBTB7A (+),asd_da_proband vs sibling,2.4242487947677516,1.4532314904797197,4.044078495018623,2.7076206153419573e-4,9.21764716209463e-4
Wang,ZBTB7A_+_+,ZBTB7A (+),proband vs sibling,3.520921098202953,2.1531854072279293,5.757463030427453,2.9103312980171354e-9,1.9409310486776065e-8
Wang,ZBTB7A_-_+,ZBTB7A (-),asd_d_proband vs asd_da_proband,2.7974703979118805,1.8185868733944501,4.303253664525839,2.725501164666362e-6,1.270691689360827e-5
Wang,ZBTB7A_-_+,ZBTB7A (-),asd_d_proband vs sibling,7.326848856020337,2.9288482551940813,18.328950318188888,6.205509780845489e-8,3.555483905880654e-7
Wang,ZBTB7A_-_+,ZBTB7A (-),asd_da_proband vs sibling,2.6190979041241427,1.0243589605781318,6.696552766537998,0.047199698550070064,0.09576598079980808
Wang,ZBTB7A_-_+,ZBTB7A (-),proband vs sibling,3.9574107382827846,1.603343606699098,9.767775095769,5.445715805413882e-4,0.001753020176230405
Wang,ZBTB7B_+_+,ZBTB7B (+),asd_d_proband vs asd_da_proband,1.7946056519433289,0.6294810608758152,5.116292842084897,0.27611975565414015,0.42252494686133
Wang,ZBTB7B_+_+,ZBTB7B (+),asd_d_proband vs sibling,4.838586256534586,0.5953135412517482,39.32703582165767,0.15298553564009093,0.26207713595851073
Wang,ZBTB7B_+_+,ZBTB7B (+),asd_da_proband vs sibling,2.6961835606028624,0.3317238751628245,21.914026504414224,0.4573812632964719,0.6241468904424935
Wang,ZBTB7B_+_+,ZBTB7B (+),proband vs sibling,3.4627573773602807,0.45534939056320145,26.332941040356502,0.33096408273688804,0.4875815573118741
Wang,ZBTB7C_+_+,ZBTB7C (+),asd_d_proband vs asd_da_proband,1.0923542114001275,0.5621134172866963,2.122770399118589,0.8641228170197057,0.9728322865854571
Wang,ZBTB7C_+_+,ZBTB7C (+),asd_d_proband vs sibling,2.419207121440155,0.796319110341451,7.349519834978292,0.14944306037867827,0.25774840587970715
Wang,ZBTB7C_+_+,ZBTB7C (+),asd_da_proband vs sibling,2.214672764742977,0.7659188485016055,6.403779544647178,0.19526258799362783,0.32074327021672366
Wang,ZBTB7C_+_+,ZBTB7C (+),proband vs sibling,2.164194136900289,0.7691892035027058,6.089186172745222,0.16098659012652966,0.27402632603228055
Wang,ZEB1_+_+,ZEB1 (+),asd_d_proband vs asd_da_proband,1.4100386036693517,1.1417509664415322,1.7413682337702925,0.001751725411061281,0.005095216633067775
Wang,ZEB1_+_+,ZEB1 (+),asd_d_proband vs sibling,2.6611480280078528,1.8793657938731603,3.7681375547308877,3.0193002206099686e-9,2.0106597229354397e-8
Wang,ZEB1_+_+,ZEB1 (+),asd_da_proband vs sibling,1.887287355879996,1.3432445145142065,2.65167921787693,1.1136498926442713e-4,4.022740095951353e-4
Wang,ZEB1_+_+,ZEB1 (+),proband vs sibling,2.0838161507122193,1.5014441544633648,2.892075430884794,2.0666064090637677e-6,9.724578712071757e-6
Wang,ZEB1_-_+,ZEB1 (-),asd_d_proband vs asd_da_proband,2.504086575074137,1.8984010490723167,3.3030162823238394,7.296958028795576e-11,5.681648516438265e-10
Wang,ZEB1_-_+,ZEB1 (-),asd_d_proband vs sibling,4.608050972914718,2.8077952294227093,7.562564942937835,1.624047638048503e-12,1.4765542896828205e-11
Wang,ZEB1_-_+,ZEB1 (-),asd_da_proband vs sibling,1.840212322842029,1.1072314880218512,3.058422226764586,0.015837505864047058,0.03705179209590875
Wang,ZEB1_-_+,ZEB1 (-),proband vs sibling,2.6657463412118987,1.6447032022257477,4.320660132519912,9.012343364376473e-6,3.902207606913958e-5
Wang,ZEB2_+_+,ZEB2 (+),asd_d_proband vs asd_da_proband,2.3869892339654624,1.8485926449108485,3.0821920766334148,2.088280050884657e-11,1.713894708428759e-10
Wang,ZEB2_+_+,ZEB2 (+),asd_d_proband vs sibling,3.381975589975483,2.2523389113978975,5.0781695566815275,5.6423408288243066e-11,4.454222266082273e-10
Wang,ZEB2_+_+,ZEB2 (+),asd_da_proband vs sibling,1.4168373873882405,0.933052682873966,2.1514628478618207,0.1181836394755989,0.212357584935445
Wang,ZEB2_+_+,ZEB2 (+),proband vs sibling,2.031694632369719,1.3724167241510055,3.0076747146559497,1.6217347569494908e-4,5.687419255397725e-4
Wang,ZEB2_-_+,ZEB2 (-),asd_d_proband vs asd_da_proband,1.814760790100497,1.3538601982324576,2.432567801007701,8.634935938867957e-5,3.1770705332426127e-4
Wang,ZEB2_-_+,ZEB2 (-),asd_d_proband vs sibling,4.785277613757546,2.6751670671564804,8.559795057984568,5.398848728256241e-10,3.897267188146938e-9
Wang,ZEB2_-_+,ZEB2 (-),asd_da_proband vs sibling,2.636864119977239,1.4735080293436535,4.718706819887807,3.630536699760149e-4,0.0012123969697512814
Wang,ZEB2_-_+,ZEB2 (-),proband vs sibling,3.1773272339075276,1.807026507434069,5.586751666230774,3.5584522108815114e-6,1.625752238772847e-5
Wang,ZFHX2_+_+,ZFHX2 (+),asd_d_proband vs asd_da_proband,1.0767407522536525,0.2573246765266332,4.505477916898368,1,1
Wang,ZFHX2_+_+,ZFHX2 (+),asd_d_proband vs sibling,2.0736322660864155,0.21569936258785646,19.934925738147566,0.6495861225219135,0.797761882738708
Wang,ZFHX2_+_+,ZFHX2 (+),asd_da_proband vs sibling,1.9258417235033016,0.2249966330013954,16.48409709296923,1,1
Wang,ZFHX2_+_+,ZFHX2 (+),proband vs sibling,1.978726658416874,0.24748576828477106,15.82054279672508,1,1
Wang,ZFHX3_-_+,ZFHX3 (-),asd_d_proband vs asd_da_proband,2.392795166377443,1.00823303452289,5.678715646277775,0.06538297978133319,0.1275593181491086
Wang,ZFHX3_-_+,ZFHX3 (-),asd_d_proband vs sibling,2.0736316769478256,0.6687906278371817,6.429438680304417,0.30885584969118685,0.46065468347389976
Wang,ZFHX3_-_+,ZFHX3 (-),asd_da_proband vs sibling,0.8666147884639818,0.2668809823500318,2.8140678476649885,0.7635230313095349,0.8894042499655731
Wang,ZFHX3_-_+,ZFHX3 (-),proband vs sibling,1.2366968235550078,0.42270847879481116,3.618141367193745,1,1
Wang,ZFP57_+_+,ZFP57 (+),asd_d_proband vs asd_da_proband,2.5124440254536884,0.7974139079351392,7.916058295726863,0.13204187240209983,0.2328787099550349
Wang,ZFP57_+_+,ZFP57 (+),asd_d_proband vs sibling,4.838518343939038,0.5953051856524867,39.32648384202225,0.15298658127487874,0.26207713595851073
Wang,ZFP57_+_+,ZFP57 (+),asd_da_proband vs sibling,1.9258213496180536,0.22499425271462206,16.483922704233912,1,1
Wang,ZFP57_+_+,ZFP57 (+),proband vs sibling,2.4733993956005347,0.3166259750627154,19.321549878986815,0.704118320139398,0.8407030610593051
Wang,ZIC1_+_+,ZIC1 (+),asd_d_proband vs asd_da_proband,2.0189258658008655,1.1649914974789208,3.4987909014104424,0.012777679883192547,0.030536375586538326
Wang,ZIC1_+_+,ZIC1 (+),asd_d_proband vs sibling,18.662662337662336,2.5360182554920185,137.33929744998102,9.623584211012421e-6,4.143751619784145e-5
Wang,ZIC1_+_+,ZIC1 (+),asd_da_proband vs sibling,9.24385716870255,1.2505448994650834,68.32933019192197,0.005877926559677596,0.015273220467388163
Wang,ZIC1_+_+,ZIC1 (+),proband vs sibling,11.624864995116159,1.6039052174302835,84.25528184962772,4.598294078939955e-4,0.0015036058528048455
Wang,ZIC1_-_+,ZIC1 (-),asd_d_proband vs asd_da_proband,3.2526956305970995,2.1125276034635703,5.008232246508446,5.30839948118773e-8,3.06460831898734e-7
Wang,ZIC1_-_+,ZIC1 (-),asd_d_proband vs sibling,5.727162868937249,2.614292065590933,12.546568518127437,1.6425891763395853e-7,8.939060571358197e-7
Wang,ZIC1_-_+,ZIC1 (-),asd_da_proband vs sibling,1.7607435553033624,0.7771815670487833,3.989052235650522,0.21129243864013103,0.3421392209898672
Wang,ZIC1_-_+,ZIC1 (-),proband vs sibling,3.003393645591778,1.3896419509836773,6.491149309356897,0.0023168976191830348,0.006530611791694754
Wang,ZIC2_+_+,ZIC2 (+),asd_d_proband vs asd_da_proband,4.101882070890461,2.1889126312304974,7.6866642749620375,3.7919857796588413e-6,1.7255239986359662e-5
Wang,ZIC2_+_+,ZIC2 (+),asd_d_proband vs sibling,7.372872474360807,2.257745377339171,24.07678433041526,3.946582130554023e-5,1.5299303493339212e-4
Wang,ZIC2_+_+,ZIC2 (+),asd_da_proband vs sibling,1.7974364808494505,0.5165489231953994,6.254543873023085,0.42909155881317224,0.5944398004711482
Wang,ZIC2_+_+,ZIC2 (+),proband vs sibling,3.710083941525851,1.1529890927360396,11.93829407397458,0.017034601820975933,0.039267515837320535
Wang,ZIC3_+_+,ZIC3 (+),asd_d_proband vs asd_da_proband,1.0767668746454906,0.2573309193812997,4.505587222559286,1,1
Wang,ZIC3_+_+,ZIC3 (+),asd_d_proband vs sibling,Inf,NA,NA,0.27500338090075627,0.422280556296222
Wang,ZIC3_+_+,ZIC3 (+),asd_da_proband vs sibling,Inf,NA,NA,0.331404997265352,0.4875815573118741
Wang,ZIC3_+_+,ZIC3 (+),proband vs sibling,Inf,NA,NA,0.36999227019980696,0.5294755016306714
Wang,ZIC4_+_+,ZIC4 (+),asd_d_proband vs asd_da_proband,3.3131097328348287,1.6869752967764275,6.5067319733607185,4.2283858229797913e-4,0.0013927134772323273
Wang,ZIC4_+_+,ZIC4 (+),asd_d_proband vs sibling,5.529639601341457,1.6651158869365357,18.3632348718856,0.0012817672377138472,0.0038259828098208214
Wang,ZIC4_+_+,ZIC4 (+),asd_da_proband vs sibling,1.6690179460521752,0.47561514995120957,5.8568800941895605,0.5803099249670459,0.7362985259679371
Wang,ZIC4_+_+,ZIC4 (+),proband vs sibling,2.885584542532543,0.8874901586534473,9.382186462480167,0.06775396169909782,0.1314952260500173
Wang,ZIC5_+_+,ZIC5 (+),asd_d_proband vs asd_da_proband,1.7946406314914833,0.5195536153914591,6.199042602703243,0.3443063080514297,0.502043157058051
Wang,ZIC5_+_+,ZIC5 (+),asd_d_proband vs sibling,3.4561695056086417,0.4037852604156172,29.582822412100807,0.411437658529601,0.575230984256909
Wang,ZIC5_+_+,ZIC5 (+),asd_da_proband vs sibling,1.9258281825126744,0.2249950510036323,16.483981189880463,1,1
Wang,ZIC5_+_+,ZIC5 (+),proband vs sibling,2.4734267917403776,0.3166294821103463,19.32176389047376,0.7041189141188419,0.8407030610593051
Wang,ZNF100_+_+,ZNF100 (+),asd_d_proband vs asd_da_proband,2.2930958810047413,1.7826444192277984,2.949712608282634,9.629812373348116e-11,7.459829142959297e-10
Wang,ZNF100_+_+,ZNF100 (+),asd_d_proband vs sibling,4.769341925785708,2.983995385346727,7.6228745247922935,1.3854075161014383e-14,1.539153959961476e-13
Wang,ZNF100_+_+,ZNF100 (+),asd_da_proband vs sibling,2.0798702598061345,1.2907030608871082,3.3515534507625997,0.0015139810049414788,0.0044348446800697335
Wang,ZNF100_+_+,ZNF100 (+),proband vs sibling,2.8814835198221345,1.8250761211460245,4.549370395462118,2.1862697128227473e-7,1.164731993205569e-6
Wang,ZNF100_-_+,ZNF100 (-),asd_d_proband vs asd_da_proband,1.6664186046511626,1.0777011268356023,2.5767356985895935,0.026961077679280483,0.05881595250436906
Wang,ZNF100_-_+,ZNF100 (-),asd_d_proband vs sibling,3.3696552072800805,1.5747544887385163,7.210378695313666,8.763687695417879e-4,0.00269174628810711
Wang,ZNF100_-_+,ZNF100 (-),asd_da_proband vs sibling,2.0220940872089352,0.9493869008263149,4.306847391686703,0.08087734650104057,0.15369063082736356
Wang,ZNF100_-_+,ZNF100 (-),proband vs sibling,2.442460627585149,1.1803533485288777,5.054091577525345,0.010258439865947514,0.02520344853796706
Wang,ZNF121_+_+,ZNF121 (+),asd_d_proband vs asd_da_proband,0.5127415819884439,0.10651701669956615,2.4681871314659434,0.5045000005313398,0.6668605435985394
Wang,ZNF121_+_+,ZNF121 (+),asd_d_proband vs sibling,1.3824267782426778,0.12535377383331414,15.24568219018017,1,1
Wang,ZNF121_+_+,ZNF121 (+),asd_da_proband vs sibling,2.6961471953991722,0.3317194009844097,21.913730935503725,0.4573828047129283,0.6241468904424935
Wang,ZNF121_+_+,ZNF121 (+),proband vs sibling,2.2260539744725443,0.2820268665400149,17.570369653282427,0.6980377099537809,0.836506947597369
Wang,ZNF124_+_+,ZNF124 (+),asd_d_proband vs asd_da_proband,1.9939859305320016,0.8102554681786838,4.907069495127133,0.15129714266853503,0.26045294212213793
Wang,ZNF124_+_+,ZNF124 (+),asd_d_proband vs sibling,1.152016205012248,0.4186971467691023,3.1696928122194645,1,1
Wang,ZNF124_+_+,ZNF124 (+),asd_da_proband vs sibling,0.5777454030003544,0.2056429827681099,1.6231516689506233,0.3853693620871747,0.5480354181414551
Wang,ZNF124_+_+,ZNF124 (+),proband vs sibling,0.7420209235437277,0.2945478765225701,1.8692888146979958,0.6067904236791853,0.7601568701481544
Wang,ZNF124_-_+,ZNF124 (-),asd_d_proband vs asd_da_proband,1.5702610769978353,0.569420651540607,4.330225542862252,0.42338023578038186,0.5883157801127683
Wang,ZNF124_-_+,ZNF124 (-),asd_d_proband vs sibling,2.419247250077307,0.5025748033493249,11.64554453984143,0.325141671775907,0.4802304994578159
Wang,ZNF124_-_+,ZNF124 (-),asd_da_proband vs sibling,1.5406656163844032,0.32717076106855136,7.25508151693234,0.7363019324820257,0.8679773854853781
Wang,ZNF124_-_+,ZNF124 (-),proband vs sibling,1.8550528761796365,0.4242238192133406,8.111805649677027,0.5517822153125348,0.7136195317287326
Wang,ZNF148_+_+,ZNF148 (+),asd_d_proband vs asd_da_proband,3.22106694121232,2.1772856541812016,4.765232444280564,2.3521900727465755e-9,1.5826035127563738e-8
Wang,ZNF148_+_+,ZNF148 (+),asd_d_proband vs sibling,4.83844611745702,2.4942918438834516,9.385654244487357,3.8389740645406414e-8,2.244741765118493e-7
Wang,ZNF148_+_+,ZNF148 (+),asd_da_proband vs sibling,1.502125291328458,0.7498774591283218,3.0089988215827734,0.33798428423749505,0.49604613609377457
Wang,ZNF148_+_+,ZNF148 (+),proband vs sibling,2.5475644654777785,1.3310291719550058,4.875989829909205,0.0020338948088448883,0.005848731599929587
Wang,ZNF148_-_+,ZNF148 (-),asd_d_proband vs asd_da_proband,0.8282716172733542,0.3148211208552865,2.1791227669758735,0.8138486450656125,0.9297919684659807
Wang,ZNF148_-_+,ZNF148 (-),asd_d_proband vs sibling,0.6912098402215927,0.22292997746323887,2.143143998199812,0.5653696984782468,0.7232044790725464
Wang,ZNF148_-_+,ZNF148 (-),asd_da_proband vs sibling,0.8345207366842234,0.3171963740165198,2.1955637485304567,0.7980653110498421,0.9174885195021817
Wang,ZNF148_-_+,ZNF148 (-),proband vs sibling,0.7832391629381162,0.3128115286068252,1.9611284439937224,0.6153831245113226,0.7685961426238207
Wang,ZNF184_+_+,ZNF184 (+),asd_d_proband vs asd_da_proband,1.944158551940026,0.887111789536047,4.260739762074769,0.09806660441410385,0.18143516779295005
Wang,ZNF184_+_+,ZNF184 (+),asd_d_proband vs sibling,2.2464046851717088,0.7324785207800139,6.889395206002192,0.21655015325442778,0.349039613614267
Wang,ZNF184_+_+,ZNF184 (+),asd_da_proband vs sibling,1.155463726417827,0.3726617989225052,3.582595336918349,1,1
Wang,ZNF184_+_+,ZNF184 (+),proband vs sibling,1.4839853679707358,0.5149063470055082,4.276918676878694,0.6361003753592838,0.7852144514567656
Wang,ZNF189_-_+,ZNF189 (-),asd_d_proband vs asd_da_proband,1.8693661088269926,1.0676852975728157,3.2729959443809293,0.035755204052902,0.07515687792384339
Wang,ZNF189_-_+,ZNF189 (-),asd_d_proband vs sibling,5.760032428050264,1.7391305922980873,19.07733307614884,7.850392182984593e-4,0.0024325692116889458
Wang,ZNF189_-_+,ZNF189 (-),asd_da_proband vs sibling,3.0812757334434737,0.92785091718167,10.232527628841774,0.05431417605499815,0.10869994373045543
Wang,ZNF189_-_+,ZNF189 (-),proband vs sibling,3.8749513050253217,1.2060994145407453,12.449427829326078,0.011817361001808548,0.028510635255952297
Wang,ZNF207_+_+,ZNF207 (+),asd_d_proband vs asd_da_proband,1.91424560938139,0.9464067524827181,3.871840773983533,0.08985216834607301,0.16773632246572237
Wang,ZNF207_+_+,ZNF207 (+),asd_d_proband vs sibling,2.7648794721310392,0.9243577266164537,8.270129924043566,0.06883251816256596,0.13313806851084614
Wang,ZNF207_+_+,ZNF207 (+),asd_da_proband vs sibling,1.4443702827791995,0.47938084822875815,4.351874968480463,0.6165832729180482,0.7696755107287014
Wang,ZNF207_+_+,ZNF207 (+),proband vs sibling,1.855044908225858,0.65353342915426,5.265517352322651,0.28791890511641116,0.43730455786407096
Wang,ZNF22_-_+,ZNF22 (-),asd_d_proband vs asd_da_proband,1.1216299650133772,0.5090017685977817,2.47160983719496,0.8385911594334867,0.9509043393625919
Wang,ZNF22_-_+,ZNF22 (-),asd_d_proband vs sibling,2.3040577622281675,0.6341089889515873,8.371876545167813,0.2625908085766252,0.4080877107295097
Wang,ZNF22_-_+,ZNF22 (-),asd_da_proband vs sibling,2.0542048929663608,0.5985602411384755,7.049846368447159,0.31200813488446744,0.46308267750067594
Wang,ZNF22_-_+,ZNF22 (-),proband vs sibling,2.1436102314848906,0.6488223676175355,7.082161549700735,0.2492485351205011,0.3913571449410143
Wang,ZNF254_+_+,ZNF254 (+),asd_d_proband vs asd_da_proband,1.2305779312553522,0.7320144984537134,2.0687049888923146,0.4972729330845539,0.6599698068414068
Wang,ZNF254_+_+,ZNF254 (+),asd_d_proband vs sibling,1.6589112529850383,0.7933092739221558,3.468995807491885,0.22200758805267085,0.35632296109228884
Wang,ZNF254_+_+,ZNF254 (+),asd_da_proband vs sibling,1.348074925488652,0.6675747468856552,2.722250973706334,0.5061743443756173,0.6686844949625685
Wang,ZNF254_+_+,ZNF254 (+),proband vs sibling,1.385100863673818,0.7067423518047887,2.714573985343774,0.43957179505774613,0.6054579759564661
Wang,ZNF254_-_+,ZNF254 (-),asd_d_proband vs asd_da_proband,1.4955036532817085,0.4564144099468662,4.900220344137041,0.5377171068364048,0.6998036585982825
Wang,ZNF254_-_+,ZNF254 (-),asd_d_proband vs sibling,1.1520327234122274,0.2753183134191549,4.8205271176133,1,1
Wang,ZNF254_-_+,ZNF254 (-),asd_da_proband vs sibling,0.7703309322476249,0.19265795838864702,3.0801205937229716,0.71549999133879,0.8496131880999221
Wang,ZNF254_-_+,ZNF254 (-),proband vs sibling,0.9069060680886244,0.2530122744236185,3.250745910290868,0.7477420218010207,0.8767387795333725
Wang,ZNF273_+_+,ZNF273 (+),asd_d_proband vs asd_da_proband,1.3758523964911984,0.7992122798989103,2.368544458763833,0.2540371442366101,0.39641630421300417
Wang,ZNF273_+_+,ZNF273 (+),asd_d_proband vs sibling,3.974436537180536,1.3745127065547789,11.492178801073951,0.005417679535970712,0.014231563025574738
Wang,ZNF273_+_+,ZNF273 (+),asd_da_proband vs sibling,2.8887085179459953,1.017693736248089,8.199556118344361,0.035521578242598634,0.07487374794144878
Wang,ZNF273_+_+,ZNF273 (+),proband vs sibling,3.153550523489123,1.1397873101936824,8.72520760255578,0.016955110397299297,0.0391834235716379
Wang,ZNF273_-_+,ZNF273 (-),asd_d_proband vs asd_da_proband,1.631458344810981,0.8904123037266071,2.98924028757651,0.14621105873253631,0.25274814896649067
Wang,ZNF273_-_+,ZNF273 (-),asd_d_proband vs sibling,3.456108455098422,1.1813132529967703,10.111361760397909,0.02038412041633174,0.046171037358155795
Wang,ZNF273_-_+,ZNF273 (-),asd_da_proband vs sibling,2.118416609342755,0.7300196575585864,6.147353546269546,0.19219690936023187,0.3165070179970058
Wang,ZNF273_-_+,ZNF273 (-),proband vs sibling,2.41156061007638,0.8617958136859822,6.748262736619692,0.0872779139902496,0.1640061461326679
Wang,ZNF280D_+_+,ZNF280D (+),asd_d_proband vs asd_da_proband,1.7946047678795483,0.8062453862343344,3.9945732749408145,0.19979678506127363,0.32560799855245126
Wang,ZNF280D_+_+,ZNF280D (+),asd_d_proband vs sibling,8.294604767879548,1.0785419493232895,63.79025711378003,0.020099705461163297,0.045640166903027773
Wang,ZNF280D_+_+,ZNF280D (+),asd_da_proband vs sibling,4.621967419422499,0.6009913539891364,35.54557429887625,0.1294341046245564,0.22896460487636083
Wang,ZNF280D_+_+,ZNF280D (+),proband vs sibling,5.441476226821713,0.733473925745281,40.369074465707236,0.06742306267460305,0.13090962038275578
Wang,ZNF281_-_+,ZNF281 (-),asd_d_proband vs asd_da_proband,1.746098355277771,1.1035672290300884,2.762731065313839,0.019844559674239377,0.04526493242606133
Wang,ZNF281_-_+,ZNF281 (-),asd_d_proband vs sibling,4.976717302169319,1.9529805836600405,12.682007856573158,9.212341894393775e-5,3.375882327350253e-4
Wang,ZNF281_-_+,ZNF281 (-),asd_da_proband vs sibling,2.8501929957878107,1.120209528493329,7.251857716443511,0.023677498785231933,0.052507793070463216
Wang,ZNF281_-_+,ZNF281 (-),proband vs sibling,3.4627304603551634,1.3976194582904935,8.579232472720246,0.0021926314491925287,0.006238248751450323
Wang,ZNF367_extended_+_+,ZNF367 (+),asd_d_proband vs asd_da_proband,0.9970023770213463,0.5303752565664267,1.8741706508356308,1,1
Wang,ZNF367_extended_+_+,ZNF367 (+),asd_d_proband vs sibling,1.481168215281399,0.603917118550118,3.632715838933154,0.5164493359021592,0.6776687598439977
Wang,ZNF367_extended_+_+,ZNF367 (+),asd_da_proband vs sibling,1.4856215485729845,0.6469640208144158,3.4114283245706174,0.44500489738129123,0.611093591871607
Wang,ZNF367_extended_+_+,ZNF367 (+),proband vs sibling,1.4486940015260403,0.6499354265075844,3.229112038614255,0.4691569882899881,0.6348811888475626
Wang,ZNF385D_+_+,ZNF385D (+),asd_d_proband vs asd_da_proband,1.5702703238701798,1.2648856541679416,1.949384817435819,5.459817225621779e-5,2.079386911597592e-4
Wang,ZNF385D_+_+,ZNF385D (+),asd_d_proband vs sibling,2.5344285300782463,1.8017929338699856,3.564964571305216,9.746977189234806e-9,6.149235608997859e-8
Wang,ZNF385D_+_+,ZNF385D (+),asd_da_proband vs sibling,1.614007786781416,1.1527321744699155,2.2598667699970854,0.0040422262242729165,0.010901326495892916
Wang,ZNF385D_+_+,ZNF385D (+),proband vs sibling,1.890364427134668,1.3704834424552597,2.607457745694611,4.06304315627359e-5,1.569733806346582e-4
Wang,ZNF385D_-_+,ZNF385D (-),asd_d_proband vs asd_da_proband,2.0404321275256256,1.4898409764380514,2.7945017843398445,1.13823143527613e-5,4.8364218168682576e-5
Wang,ZNF385D_-_+,ZNF385D (-),asd_d_proband vs sibling,3.8246799537686487,2.206889354893579,6.6284142049636925,7.689544438064149e-8,4.351040362159279e-7
Wang,ZNF385D_-_+,ZNF385D (-),asd_da_proband vs sibling,1.874446055898331,1.0753943431164303,3.267218243208115,0.023558373016612393,0.05230608172661437
Wang,ZNF385D_-_+,ZNF385D (-),proband vs sibling,2.456876985999934,1.4447963510807802,4.177920659766828,2.645753742734093e-4,9.027272133448536e-4
Wang,ZNF3_-_+,ZNF3 (-),asd_d_proband vs asd_da_proband,1.4494713816988698,0.8155891249232884,2.576011893932059,0.22408390912892484,0.358644485622717
Wang,ZNF3_-_+,ZNF3 (-),asd_d_proband vs sibling,2.0736107494401335,0.8815205188857088,4.877778166331213,0.12254194965759468,0.2190655563979649
Wang,ZNF3_-_+,ZNF3 (-),asd_da_proband vs sibling,1.4305979239201907,0.6209590176943729,3.295886462079003,0.5597365254795559,0.7192103989254226
Wang,ZNF3_-_+,ZNF3 (-),proband vs sibling,1.6606904579091808,0.7506505627138227,3.674003503068072,0.23555997967931463,0.37330000003684244
Wang,ZNF407_+_+,ZNF407 (+),asd_d_proband vs asd_da_proband,0.978874370710005,0.36201437451781615,2.6468425042767243,1,1
Wang,ZNF407_+_+,ZNF407 (+),asd_d_proband vs sibling,1.0368235047470724,0.2925880608021207,3.6741177239047857,1,1
Wang,ZNF407_+_+,ZNF407 (+),asd_da_proband vs sibling,1.0591997663551402,0.33727429976804413,3.3263849211705665,1,1
Wang,ZNF407_+_+,ZNF407 (+),proband vs sibling,1.0511928109828634,0.3537150763798387,3.1240012078971655,1,1
Wang,ZNF423_+_+,ZNF423 (+),asd_d_proband vs asd_da_proband,1.9677613992517744,1.5266388723841946,2.5363463451825763,2.2515493312502236e-7,1.1953318346546354e-6
Wang,ZNF423_+_+,ZNF423 (+),asd_d_proband vs sibling,3.200043107949862,2.1111272986827654,4.8506198082544865,1.3901039997324377e-9,9.593823816335232e-9
Wang,ZNF423_+_+,ZNF423 (+),asd_da_proband vs sibling,1.626235329733906,1.0690560485955314,2.4738098167529516,0.023647404716968835,0.05246659935986022
Wang,ZNF423_+_+,ZNF423 (+),proband vs sibling,2.116108210228018,1.4204142678221405,3.1525408177293355,8.395485786228586e-5,3.0997751934658274e-4
Wang,ZNF430_-_+,ZNF430 (-),asd_d_proband vs asd_da_proband,2.018904643695529,0.7789439395147042,5.232694875159791,0.20367737919001339,0.3309848241921195
Wang,ZNF430_-_+,ZNF430 (-),asd_d_proband vs sibling,6.220906073770271,0.7881491945589013,49.10196273223455,0.05559572672598359,0.11058676970389879
Wang,ZNF430_-_+,ZNF430 (-),asd_da_proband vs sibling,3.0813273391571063,0.38539161567585556,24.636182482554812,0.4598143268070409,0.6261447708837283
Wang,ZNF430_-_+,ZNF430 (-),proband vs sibling,3.9574776236132436,0.5248316292167877,29.84124482888266,0.22377589908485424,0.35840338267634003
Wang,ZNF431_-_+,ZNF431 (-),asd_d_proband vs asd_da_proband,1.196398456077958,0.4890545142881945,2.926809228597021,0.8160921758177302,0.9316544935512718
Wang,ZNF431_-_+,ZNF431 (-),asd_d_proband vs sibling,1.1059336565126272,0.36180080957398314,3.3805597451469644,1,1
Wang,ZNF431_-_+,ZNF431 (-),asd_da_proband vs sibling,0.9243857269242113,0.32566164371503176,2.623855122738734,1,1
Wang,ZNF431_-_+,ZNF431 (-),proband vs sibling,0.9893496144348328,0.37132057752223385,2.636031286264342,1,1
Wang,ZNF444_+_+,ZNF444 (+),asd_d_proband vs asd_da_proband,0.717857689364958,0.13927464205787432,3.700025033747781,1,1
Wang,ZNF444_+_+,ZNF444 (+),asd_d_proband vs sibling,1.3824024483550115,0.1253515676815787,15.245413875256789,1,1
Wang,ZNF444_+_+,ZNF444 (+),asd_da_proband vs sibling,1.925733287858117,0.22498396443431323,16.483168946236432,1,1
Wang,ZNF444_+_+,ZNF444 (+),proband vs sibling,1.7312672817367976,0.21300578344596344,14.071385069094568,1,1
Wang,ZNF451_extended_-_+,ZNF451 (-),asd_d_proband vs asd_da_proband,2.47654617213078,1.7209147805578262,3.5639655211210095,1.1386551707951789e-6,5.517632237204298e-6
Wang,ZNF451_extended_-_+,ZNF451 (-),asd_d_proband vs sibling,5.299250521993492,2.645715944611521,10.614161415189898,2.101813758173969e-8,1.2731066048513868e-7
Wang,ZNF451_extended_-_+,ZNF451 (-),asd_da_proband vs sibling,2.1397745705803266,1.0523353789693213,4.35092775972868,0.029512562726915364,0.06383177740792949
Wang,ZNF451_extended_-_+,ZNF451 (-),proband vs sibling,3.050484976386434,1.5465233561957314,6.017017818631394,3.2409435957567417e-4,0.0010878775297473808
Wang,ZNF462_-_+,ZNF462 (-),asd_d_proband vs asd_da_proband,6.819481803797468,3.3980237312278025,13.685993904321872,1.5792206269725107e-9,1.081706760279667e-8
Wang,ZNF462_-_+,ZNF462 (-),asd_d_proband vs sibling,13.133273997890297,3.168447397196763,54.43766750120677,3.8101360686469575e-7,1.965477892716522e-6
Wang,ZNF462_-_+,ZNF462 (-),asd_da_proband vs sibling,1.925846329053471,0.4219721123197001,8.78940568546093,0.5296709166288223,0.6926964328155987
Wang,ZNF462_-_+,ZNF462 (-),proband vs sibling,5.317812404161458,1.2882621913468986,21.951376789446247,0.007541592318145741,0.019148245824500473
Wang,ZNF467_+_+,ZNF467 (+),asd_d_proband vs asd_da_proband,1.7945784820768897,0.712364388088168,4.520877211417813,0.22449445041015556,0.35913240185380985
Wang,ZNF467_+_+,ZNF467 (+),asd_d_proband vs sibling,2.0735777432422102,0.5613744301722599,7.65928126785196,0.3813097422099736,0.5426010233572102
Wang,ZNF467_+_+,ZNF467 (+),asd_da_proband vs sibling,1.1554678516162922,0.3128168735883726,4.268011315385756,1,1
Wang,ZNF467_+_+,ZNF467 (+),proband vs sibling,1.4015558999604947,0.41074032363649776,4.782483792491033,0.7818406563185647,0.90327155574729745
Wang,ZNF483_+_+,ZNF483 (+),asd_d_proband vs asd_da_proband,2.5209720029816713,1.6971523559516748,3.744684334043597,5.4902993708519566e-6,2.4469974201791258e-5
Wang,ZNF483_+_+,ZNF483 (+),asd_d_proband vs sibling,5.0976461786372,2.4359580401285963,10.667670023249919,3.0269995048336603e-7,1.5884772747139773e-6
Wang,ZNF483_+_+,ZNF483 (+),asd_da_proband vs sibling,2.022095514193722,0.9493875708053593,4.306850431013976,0.0808773747734776,0.15369063082736356
Wang,ZNF483_+_+,ZNF483 (+),proband vs sibling,2.968046986334094,1.4429028301272524,6.105264144717208,0.0012010778644798888,0.0035969162871176156
Wang,ZNF483_-_+,ZNF483 (-),asd_d_proband vs asd_da_proband,1.6151355857629162,0.9603006590852886,2.716506477130337,0.0731437100014144,0.14063723050082
Wang,ZNF483_-_+,ZNF483 (-),asd_d_proband vs sibling,18.662343977954286,2.5359749944600813,137.3369546278344,9.624784223340561e-6,4.143751619784145e-5
Wang,ZNF483_-_+,ZNF483 (-),asd_da_proband vs sibling,11.554660885723134,1.5757425431452925,84.72842772751716,9.261508348631304e-4,0.002829387694702588
Wang,ZNF483_-_+,ZNF483 (-),proband vs sibling,13.356027146396636,1.8476955315668089,96.54375306304834,1.280339777736177e-4,4.5776669447317793e-4
Wang,ZNF506_+_+,ZNF506 (+),asd_d_proband vs asd_da_proband,0.8973124749298036,0.08136525334321643,9.895743509434768,1,1
Wang,ZNF506_+_+,ZNF506 (+),asd_d_proband vs sibling,Inf,NA,NA,1,1
Wang,ZNF506_+_+,ZNF506 (+),asd_da_proband vs sibling,Inf,NA,NA,1,1
Wang,ZNF506_+_+,ZNF506 (+),proband vs sibling,Inf,NA,NA,1,1
Wang,ZNF516_extended_-_+,ZNF516 (-),asd_d_proband vs asd_da_proband,1.1964171465131157,0.3376248428068515,4.239658363319757,0.7523935564558772,0.8787593667786148
Wang,ZNF516_extended_-_+,ZNF516 (-),asd_d_proband vs sibling,2.764832268599421,0.30902707620689973,24.73665921872364,0.6546715267960675,0.802484120035172
Wang,ZNF516_extended_-_+,ZNF516 (-),asd_da_proband vs sibling,2.3109266501716017,0.27821684009805286,19.195034997131057,0.6815789844961011,0.8226268594048692
Wang,ZNF516_extended_-_+,ZNF516 (-),proband vs sibling,2.4733475479744134,0.3166193379198404,19.321144858877243,0.7041171961764225,0.8407030610593051
Wang,ZNF518A_+_+,ZNF518A (+),asd_d_proband vs asd_da_proband,1.4992813138318144,1.0812711146561664,2.078890694051366,0.018987334731792746,0.04350216014524034
Wang,ZNF518A_+_+,ZNF518A (+),asd_d_proband vs sibling,3.258539748310354,1.8304643426482923,5.800758334334119,1.0779255838932972e-5,4.605957818605974e-5
Wang,ZNF518A_+_+,ZNF518A (+),asd_da_proband vs sibling,2.173401161108507,1.2311495798159646,3.8367982936841134,0.005198786526328023,0.013703977214944528
Wang,ZNF518A_+_+,ZNF518A (+),proband vs sibling,2.4556989175388346,1.4174255143378507,4.254514337861717,5.048488534330054e-4,0.00163671638959953
Wang,ZNF518A_-_+,ZNF518A (-),asd_d_proband vs asd_da_proband,2.496846271815992,1.4611787480287637,4.266583615106545,0.0010015629797824146,0.003047507931134869
Wang,ZNF518A_-_+,ZNF518A (-),asd_d_proband vs sibling,7.372934053346424,2.257764234259673,24.07698542218257,3.946489899571839e-5,1.5299303493339212e-4
Wang,ZNF518A_-_+,ZNF518A (-),asd_da_proband vs sibling,2.952898677251757,0.8866222713160412,9.834639710970022,0.07852669453930985,0.14959813721785442
Wang,ZNF518A_-_+,ZNF518A (-),proband vs sibling,4.287190450739356,1.3389177899138396,13.727505974876543,0.00586324652618733,0.015252477399647793
Wang,ZNF519_+_+,ZNF519 (+),asd_d_proband vs asd_da_proband,1.6001807139956439,1.2330787750358616,2.0765731835495584,5.084948515684147e-4,0.001647364188402652
Wang,ZNF519_+_+,ZNF519 (+),asd_d_proband vs sibling,2.5503167528725026,1.6919704832227531,3.844106977323587,1.84458712474184e-6,8.733985814136258e-6
Wang,ZNF519_+_+,ZNF519 (+),asd_da_proband vs sibling,1.593767960435152,1.0624146380830326,2.3908709656832725,0.022185789847807988,0.04973837329129617
Wang,ZNF519_+_+,ZNF519 (+),proband vs sibling,1.8507645494532634,1.2561925690106832,2.7267550390069295,0.0010063276348573136,0.003058845575513983
Wang,ZNF519_-_+,ZNF519 (-),asd_d_proband vs asd_da_proband,1.538230727631143,0.5169596675626863,4.577056818734738,0.5639437659545052,0.7232044790725464
Wang,ZNF519_-_+,ZNF519 (-),asd_d_proband vs sibling,1.0368176822566857,0.2925864177151695,3.674097091159647,1,1
Wang,ZNF519_-_+,ZNF519 (-),asd_da_proband vs sibling,0.6740326165850117,0.19731591267387258,2.302500401837058,0.5116976625291296,0.6748068479502564
Wang,ZNF519_-_+,ZNF519 (-),proband vs sibling,0.8038431006984145,0.262106738481,2.4652694329233404,0.7597563467306755,0.8855411951972261
Wang,ZNF536_+_+,ZNF536 (+),asd_d_proband vs asd_da_proband,2.1278787347908756,1.5481613664587348,2.924674396398526,4.055609537199458e-6,1.8381394469595554e-5
Wang,ZNF536_+_+,ZNF536 (+),asd_d_proband vs sibling,2.2948077016344155,1.4674136586079625,3.588723845242293,1.2218439176833862e-4,4.3891948304793565e-4
Wang,ZNF536_+_+,ZNF536 (+),asd_da_proband vs sibling,1.0784485337976486,0.683086129169273,1.7026421565092076,0.8193007189358597,0.9343802640843367
Wang,ZNF536_+_+,ZNF536 (+),proband vs sibling,1.4543397966545435,0.9517381683361172,2.222359378347644,0.08531320589019947,0.16064557785442687
Wang,ZNF536_-_+,ZNF536 (-),asd_d_proband vs asd_da_proband,2.0323425375788307,1.7046663491544538,2.4230056468828187,3.290790362576773e-15,3.804454340491675e-14
Wang,ZNF536_-_+,ZNF536 (-),asd_d_proband vs sibling,3.3303658824628664,2.4909579036782543,4.452639241592453,1.190554737715524e-19,1.8961457448581163e-18
Wang,ZNF536_-_+,ZNF536 (-),asd_da_proband vs sibling,1.6386833522809576,1.2216354828456595,2.198105054044189,6.265051321214393e-4,0.001987277769368493
Wang,ZNF536_-_+,ZNF536 (-),proband vs sibling,2.1360948159419224,1.6157775518730324,2.823966119225122,6.016854648791088e-9,3.893007517790256e-8
Wang,ZNF565_+_+,ZNF565 (+),asd_d_proband vs asd_da_proband,1.5834675306478514,0.7908142011072697,3.1706175952648237,0.2000455027778279,0.3258615782532554
Wang,ZNF565_+_+,ZNF565 (+),asd_d_proband vs sibling,2.592035925212908,0.860286586675731,7.8097814631239935,0.10188121865527416,0.18682324918469154
Wang,ZNF565_+_+,ZNF565 (+),asd_da_proband vs sibling,1.636936580665103,0.5508115557958737,4.864751548735813,0.47051016187473016,0.6362227060682607
Wang,ZNF565_+_+,ZNF565 (+),proband vs sibling,1.855034093828083,0.6535296192354646,5.265486655815581,0.287919323667924,0.43730455786407096
Wang,ZNF565_-_+,ZNF565 (-),asd_d_proband vs asd_da_proband,3.140572390572391,0.9193693188080312,10.728218506588066,0.06399652375621417,0.12527421474074907
Wang,ZNF565_-_+,ZNF565 (-),asd_d_proband vs sibling,0.9677115987460817,0.3071378625324516,3.049007799384396,1,1
Wang,ZNF565_-_+,ZNF565 (-),asd_da_proband vs sibling,0.3081322378210519,0.08274348032516504,1.147467759532146,0.12743143235569476,0.22647426548220534
Wang,ZNF565_-_+,ZNF565 (-),proband vs sibling,0.49467703908351596,0.16908281375270587,1.4472516015396526,0.19618623410796943,0.32132006412566283
Wang,ZNF571_-_+,ZNF571 (-),asd_d_proband vs asd_da_proband,2.6103310766947976,1.5168769182006345,4.4920113479222765,5.332739901838152e-4,0.0017202995929796587
Wang,ZNF571_-_+,ZNF571 (-),asd_d_proband vs sibling,5.52974125938978,1.9556314969866964,15.635889707704829,1.3239182442804443e-4,4.7253143521369667e-4
Wang,ZNF571_-_+,ZNF571 (-),asd_da_proband vs sibling,2.118406093678945,0.730016033794847,6.1473230312599245,0.19219723639510827,0.3165070179970058
Wang,ZNF571_-_+,ZNF571 (-),proband vs sibling,3.1535879499040957,1.13980083721744,8.725311153533646,0.01695509660600371,0.0391834235716379
Wang,ZNF576_+_+,ZNF576 (+),asd_d_proband vs asd_da_proband,1.932647557220936,0.9084480429245492,4.111546730187927,0.10655870039587689,0.19414995212128772
Wang,ZNF576_+_+,ZNF576 (+),asd_d_proband vs sibling,1.935401799565622,0.6971163832844587,5.373249310414471,0.24659557415005395,0.388531580237858
Wang,ZNF576_+_+,ZNF576 (+),asd_da_proband vs sibling,1.0014251136139103,0.35701510791330554,2.8089910929488093,1,1
Wang,ZNF576_+_+,ZNF576 (+),proband vs sibling,1.3356326032133738,0.514360016784416,3.4682214646443383,0.6623426851156294,0.8073243057804903
Wang,ZNF580_+_+,ZNF580 (+),asd_d_proband vs asd_da_proband,1.076770971358679,0.25733189843349386,4.505604364708651,1,1
Wang,ZNF580_+_+,ZNF580 (+),asd_d_proband vs sibling,1.0367444704923046,0.1732345786338216,6.204529751351396,1,1
Wang,ZNF580_+_+,ZNF580 (+),asd_da_proband vs sibling,0.9628272846027149,0.18680224146547134,4.962661971841443,1,1
Wang,ZNF580_+_+,ZNF580 (+),proband vs sibling,0.9892771172222627,0.21007968497984242,4.658561891662662,1,1
Wang,ZNF611_+_+,ZNF611 (+),asd_d_proband vs asd_da_proband,0.8500685862512982,0.38460430409313207,1.8788572921334206,0.8442226440563199,0.9560999859961554
Wang,ZNF611_+_+,ZNF611 (+),asd_d_proband vs sibling,1.2441528858385351,0.41696174742236275,3.7123702903431766,0.7908550229403251,0.9122169231433732
Wang,ZNF611_+_+,ZNF611 (+),asd_da_proband vs sibling,1.4635911807129611,0.5464933380515344,3.919716847598166,0.6485817149067501,0.797761882738708
Wang,ZNF611_+_+,ZNF611 (+),proband vs sibling,1.286141957338697,0.49388485621093775,3.349284987431411,0.821646889862352,0.9361184550582824
Wang,ZNF621_+_+,ZNF621 (+),asd_d_proband vs asd_da_proband,3.0764763890535667,1.2112296760180803,7.814130680416712,0.01643728260059523,0.038258468188917365
Wang,ZNF621_+_+,ZNF621 (+),asd_d_proband vs sibling,1.6588999777323428,0.5844314529874147,4.708762887509459,0.46103609372400856,0.6264979351334771
Wang,ZNF621_+_+,ZNF621 (+),asd_da_proband vs sibling,0.539220773361007,0.17114098454311394,1.6989445468031323,0.33341331901514193,0.49021874374240526
Wang,ZNF621_+_+,ZNF621 (+),proband vs sibling,0.8409428399649406,0.31025602890257237,2.2793589623052006,0.7882967487828573,0.910188007783502
Wang,ZNF641_+_+,ZNF641 (+),asd_d_proband vs asd_da_proband,1.4100350531332644,0.6401342050356188,3.1059094099711464,0.40845565761023706,0.5724937814827836
Wang,ZNF641_+_+,ZNF641 (+),asd_d_proband vs sibling,3.8016212297346286,0.8426457080032298,17.15112749890567,0.08815997598002248,0.16491527334250614
Wang,ZNF641_+_+,ZNF641 (+),asd_da_proband vs sibling,2.696118242796147,0.6127609059432662,11.862789398988202,0.26372924994728125,0.40890129388996305
Wang,ZNF641_+_+,ZNF641 (+),proband vs sibling,2.9680368564655364,0.7014583937079569,12.558467986635055,0.14377401917807897,0.24986289864790145
Wang,ZNF644_-_+,ZNF644 (-),asd_d_proband vs asd_da_proband,0.8683486802784449,0.4687827982967782,1.608483573375391,0.7590019283295905,0.8851136713983836
Wang,ZNF644_-_+,ZNF644 (-),asd_d_proband vs sibling,1.2960067914235085,0.5494818534875651,3.0567590044242796,0.6732414355667021,0.8155403632298088
Wang,ZNF644_-_+,ZNF644 (-),asd_da_proband vs sibling,1.4924958382016895,0.6860607021185868,3.246861130757973,0.3738683976253492,0.5338465677691114
Wang,ZNF644_-_+,ZNF644 (-),proband vs sibling,1.3603511183264776,0.6404557106193843,2.8894350295392437,0.4905458176285489,0.6529621460687848
Wang,ZNF652_extended_+_+,ZNF652 (+),asd_d_proband vs asd_da_proband,2.2024803958534385,1.254398410291795,3.8671285409157288,0.00675911490755547,0.017354999100290397
Wang,ZNF652_extended_+_+,ZNF652 (+),asd_d_proband vs sibling,9.331430085326415,2.2190331459834884,39.24032752505036,7.996663375580334e-5,2.9686064935426586e-4
Wang,ZNF652_extended_+_+,ZNF652 (+),asd_da_proband vs sibling,4.236782358151515,0.9962816986853074,18.017318569668753,0.03791458439732012,0.07918429615048712
Wang,ZNF652_extended_+_+,ZNF652 (+),proband vs sibling,5.688797792771589,1.3809716198951771,23.434529617270037,0.0033144469557073505,0.009100244655362858
Wang,ZNF66_+_+,ZNF66 (+),asd_d_proband vs asd_da_proband,1.8458699157380662,1.159158898272934,2.939403520003513,0.0126638817645308,0.03031212897395575
Wang,ZNF66_+_+,ZNF66 (+),asd_d_proband vs sibling,3.5547928544178693,1.5819768933760203,7.987823520515073,8.94774782105613e-4,0.0027408871099469183
Wang,ZNF66_+_+,ZNF66 (+),asd_da_proband vs sibling,1.9258089771707965,0.8554256833951295,4.3355492926420895,0.12215495222414427,0.21863119967937902
Wang,ZNF66_+_+,ZNF66 (+),proband vs sibling,2.402703992107966,1.103627586921108,5.2309189640655775,0.02003913152286583,0.04554808300529516
Wang,ZNF676_+_+,ZNF676 (+),asd_d_proband vs asd_da_proband,1.3377899572631438,0.8928109971909913,2.0045474074411214,0.1667391526811411,0.28208648074069004
Wang,ZNF676_+_+,ZNF676 (+),asd_d_proband vs sibling,1.491550605035945,0.8657762768827052,2.5696282824858434,0.18861741517507094,0.3119393511300648
Wang,ZNF676_+_+,ZNF676 (+),asd_da_proband vs sibling,1.1149363148811233,0.6618180897784957,1.8782849931719874,0.7954127477745039,0.9149255217456731
Wang,ZNF676_+_+,ZNF676 (+),proband vs sibling,1.2106483297164918,0.7391243832212969,1.9829806883890937,0.5530539384236367,0.714452833102571
Wang,ZNF676_-_+,ZNF676 (-),asd_d_proband vs asd_da_proband,1.0389821620728377,0.49444204344907694,2.1832365338016113,1,1
Wang,ZNF676_-_+,ZNF676 (-),asd_d_proband vs sibling,3.80168854607036,0.8426606289587787,17.15143119856092,0.08815939264912895,0.16491527334250614
Wang,ZNF676_-_+,ZNF676 (-),asd_da_proband vs sibling,3.6590508334481333,0.8522991886365053,15.708865126548385,0.08492917520066234,0.160054775771211
Wang,ZNF676_-_+,ZNF676 (-),proband vs sibling,3.5864215005440596,0.8557799662032417,15.030054088120556,0.07014028748656005,0.13531936022925922
Wang,ZNF682_+_+,ZNF682 (+),asd_d_proband vs asd_da_proband,1.7946334619431779,0.4488336172936905,7.17573091370897,0.4683720195219456,0.6348811888475626
Wang,ZNF682_+_+,ZNF682 (+),asd_d_proband vs sibling,1.3824622939319535,0.2532159945950811,7.547714342452226,1,1
Wang,ZNF682_+_+,ZNF682 (+),asd_da_proband vs sibling,0.770331281149223,0.1410962182332798,4.205713591386943,0.6728186596527495,0.8155403632298088
Wang,ZNF682_+_+,ZNF682 (+),proband vs sibling,0.9893693128333855,0.210099263341258,4.658996046009383,1,1
Wang,ZNF695_+_+,ZNF695 (+),asd_d_proband vs asd_da_proband,1.7945668022408106,0.25278895014733277,12.739757832879265,0.6209636185364504,0.7719721900823864
Wang,ZNF695_+_+,ZNF695 (+),asd_d_proband vs sibling,1.382395825339575,0.12535096712899088,15.245340835302647,1,1
Wang,ZNF695_+_+,ZNF695 (+),asd_da_proband vs sibling,0.770322856531965,0.06985026524087579,8.495276306385666,1,1
Wang,ZNF695_+_+,ZNF695 (+),proband vs sibling,0.9893453427065027,0.11057976358557892,8.851567189122628,1,1
Wang,ZNF69_+_+,ZNF69 (+),asd_d_proband vs asd_da_proband,1.1891939383002745,0.8457775425462871,1.672049861518666,0.3292282116869091,0.4854757216684593
Wang,ZNF69_+_+,ZNF69 (+),asd_d_proband vs sibling,2.5344346923034267,1.431978912132506,4.485652096639806,8.92438066751291e-4,0.00273556890582243
Wang,ZNF69_+_+,ZNF69 (+),asd_da_proband vs sibling,2.1312206618929768,1.2297416381274968,3.693541284489403,0.004642595897312958,0.012387773943113644
Wang,ZNF69_+_+,ZNF69 (+),proband vs sibling,2.2260363675722483,1.3057635424121938,3.794896816157253,0.0019552942412281093,0.005640509986570005
Wang,ZNF69_-_+,ZNF69 (-),asd_d_proband vs asd_da_proband,1.092369432036433,0.5621212496580991,2.122799977359665,0.8641223629252677,0.9728322865854571
Wang,ZNF69_-_+,ZNF69 (-),asd_d_proband vs sibling,1.9353929565186239,0.6971131980890425,5.37322475949373,0.24659600405436827,0.388531580237858
Wang,ZNF69_-_+,ZNF69 (-),asd_da_proband vs sibling,1.7717384794543338,0.673576372306708,4.6602840726571815,0.2954293596703699,0.4463288964928995
Wang,ZNF69_-_+,ZNF69 (-),proband vs sibling,1.780831752217835,0.698840143749116,4.538035998753049,0.3251399351819859,0.4802304994578159
Wang,ZNF704_+_+,ZNF704 (+),asd_d_proband vs asd_da_proband,2.012859483856918,1.4713741128706403,2.753618720291394,1.2878719302984252e-5,5.401709615570283e-5
Wang,ZNF704_+_+,ZNF704 (+),asd_d_proband vs sibling,4.4130856745112235,2.4594925893375414,7.9184321412498395,8.042283568738224e-9,5.123440790993372e-8
Wang,ZNF704_+_+,ZNF704 (+),asd_da_proband vs sibling,2.192445975441435,1.2160454569013268,3.9528286775379846,0.005805269732733169,0.015118927177015202
Wang,ZNF704_+_+,ZNF704 (+),proband vs sibling,2.796805838389402,1.5862208602358456,4.93129493738093,6.318600778041747e-5,2.380581186433429e-4
Wang,ZNF704_-_+,ZNF704 (-),asd_d_proband vs asd_da_proband,2.631173774231828,2.110689503252892,3.2800065663546696,3.462206761228791e-18,5.1036737208404994e-17
Wang,ZNF704_-_+,ZNF704 (-),asd_d_proband vs sibling,4.647780548646795,3.1465540688493814,6.8652448220216895,7.43375824330315e-20,1.1964935971111608e-18
Wang,ZNF704_-_+,ZNF704 (-),asd_da_proband vs sibling,1.7664285780606475,1.1820842902891393,2.6396340320419442,0.004818492875757823,0.012805271323848823
Wang,ZNF704_-_+,ZNF704 (-),proband vs sibling,2.669539757720062,1.824786055792433,3.9053578338274586,1.2513273150239629e-8,7.754824380862791e-8
Wang,ZNF711_+_+,ZNF711 (+),asd_d_proband vs asd_da_proband,1.6098589332808908,1.1394057945257312,2.2745590706277214,0.007598067786709392,0.01927015521629247
Wang,ZNF711_+_+,ZNF711 (+),asd_d_proband vs sibling,3.2433486699585945,1.7822585085120561,5.902236148505966,2.5270269829861214e-5,1.0159406802737672e-4
Wang,ZNF711_+_+,ZNF711 (+),asd_da_proband vs sibling,2.0146788037810572,1.113127117961818,3.6464215244677014,0.01797788520505016,0.041337338268048196
Wang,ZNF711_+_+,ZNF711 (+),proband vs sibling,2.397260254705735,1.3544235144776542,4.243027876703789,0.0012846231901139362,0.003831996483935154
Wang,ZNF726_+_+,ZNF726 (+),asd_d_proband vs asd_da_proband,3.5891623435694444,1.0807885630777851,11.9191549287053,0.034186538447991556,0.0724761452952666
Wang,ZNF726_+_+,ZNF726 (+),asd_d_proband vs sibling,5.529565067735352,0.6916006580535013,44.210614148886094,0.09223901642345372,0.17156104313085044
Wang,ZNF726_+_+,ZNF726 (+),asd_da_proband vs sibling,1.5406282966393114,0.17219701297584977,13.783836939951035,1,1
Wang,ZNF726_+_+,ZNF726 (+),proband vs sibling,2.473342483108108,0.3166186895537758,19.321105293464917,0.7041170863899584,0.8407030610593051
Wang,ZNF730_+_+,ZNF730 (+),asd_d_proband vs asd_da_proband,1.4954975017341494,1.1007855520672527,2.0317424892550204,0.011613204655856222,0.028122353645627374
Wang,ZNF730_+_+,ZNF730 (+),asd_d_proband vs sibling,3.0494439496544747,1.8012361139927549,5.162626004356078,6.026680537577732e-6,2.6677871573048172e-5
Wang,ZNF730_+_+,ZNF730 (+),asd_da_proband vs sibling,2.0390832790548963,1.2143206111854417,3.424022108018318,0.004862127700384456,0.01291369776982577
Wang,ZNF730_+_+,ZNF730 (+),proband vs sibling,2.2696808915769067,1.3758155662567753,3.744289188125017,5.450051381706889e-4,0.0017531768392425762
Wang,ZNF730_-_+,ZNF730 (-),asd_d_proband vs asd_da_proband,1.4622628789528815,0.9820970899082327,2.177190777913174,0.07262485640196022,0.13981666141628435
Wang,ZNF730_-_+,ZNF730 (-),asd_d_proband vs sibling,2.3394653512267625,1.2601262257990844,4.343293566578936,0.006507464108562944,0.01680359113840413
Wang,ZNF730_-_+,ZNF730 (-),asd_da_proband vs sibling,1.599893825453629,0.8732209867599001,2.9312857701946737,0.1350867660460789,0.23739205993051288
Wang,ZNF730_-_+,ZNF730 (-),proband vs sibling,1.8264855541272198,1.023429923997675,3.259675529521644,0.04046080428613623,0.08381035176141452
Wang,ZNF736_+_+,ZNF736 (+),asd_d_proband vs asd_da_proband,0.7691071486630221,0.19888497679898617,2.9742105997398753,1,1
Wang,ZNF736_+_+,ZNF736 (+),asd_d_proband vs sibling,Inf,NA,NA,0.2750064296965012,0.422280556296222
Wang,ZNF736_+_+,ZNF736 (+),asd_da_proband vs sibling,Inf,NA,NA,0.20159824773277918,0.327842557285912
Wang,ZNF736_+_+,ZNF736 (+),proband vs sibling,Inf,NA,NA,0.2275721647133275,0.36295425819453053
Wang,ZNF83_+_+,ZNF83 (+),asd_d_proband vs asd_da_proband,1.092366149669422,0.5621195605882734,2.1227935987404796,0.8641224608324533,0.9728322865854571
Wang,ZNF83_+_+,ZNF83 (+),asd_d_proband vs sibling,1.6128432775112909,0.6197953937832469,4.196971232611435,0.3707372968733569,0.5297134009956603
Wang,ZNF83_+_+,ZNF83 (+),asd_da_proband vs sibling,1.476467645943971,0.6012011573322772,3.626002184015247,0.5343549046366265,0.6978172564850441
Wang,ZNF83_+_+,ZNF83 (+),proband vs sibling,1.4428095718465654,0.60687491396076,3.4301952720798576,0.5560915394646361,0.716906831259075
Wang,ZNF846_+_+,ZNF846 (+),asd_d_proband vs asd_da_proband,1.7945956487821793,0.8773073198907602,3.6709753465056547,0.12683655723464343,0.225713690205034
Wang,ZNF846_+_+,ZNF846 (+),asd_d_proband vs sibling,2.073632660136951,0.7536561330205717,5.70545666755594,0.17648921210999025,0.2960988438898731
Wang,ZNF846_+_+,ZNF846 (+),asd_da_proband vs sibling,1.155487399929966,0.4199587430917968,3.1792435646590858,1,1
Wang,ZNF846_+_+,ZNF846 (+),proband vs sibling,1.4345628658938472,0.5553140837457626,3.7059579010132966,0.6660460424187843,0.810970254802877
Wang,ZNF85_+_+,ZNF85 (+),asd_d_proband vs asd_da_proband,0.7691105053167482,0.19888584480287824,2.9742235802395487,1,1
Wang,ZNF85_+_+,ZNF85 (+),asd_d_proband vs sibling,2.073575129533679,0.21569341923994112,19.934376454190915,0.6495896484841385,0.797761882738708
Wang,ZNF85_+_+,ZNF85 (+),asd_da_proband vs sibling,2.6960691801754857,0.3317098024123016,21.913096843780668,0.45738611206239244,0.6241468904424935
Wang,ZNF85_+_+,ZNF85 (+),proband vs sibling,2.225987627523334,0.2820184608039435,17.569845973067856,0.6980378637491147,0.836506947597369
Wang,ZNF90_-_+,ZNF90 (-),asd_d_proband vs asd_da_proband,1.099917740362212,0.6213776021223577,1.9469949213349413,0.7688133736897322,0.8934250011833771
Wang,ZNF90_-_+,ZNF90 (-),asd_d_proband vs sibling,4.377645656246613,1.295455505277016,14.793083524359961,0.008570534625842011,0.021461674118037583
Wang,ZNF90_-_+,ZNF90 (-),asd_da_proband vs sibling,3.979975497808607,1.2167702488432424,13.01823822386832,0.01176219016113299,0.02840762257898238
Wang,ZNF90_-_+,ZNF90 (-),proband vs sibling,4.039829358153966,1.2592180258728856,12.960600076932316,0.008175390816002194,0.02058535387887783
Wang,ZNF93_+_+,ZNF93 (+),asd_d_proband vs asd_da_proband,1.0999212327767205,0.6213795750954931,1.9470011033547978,0.7688130901426348,0.8934250011833771
Wang,ZNF93_+_+,ZNF93 (+),asd_d_proband vs sibling,1.01022697782757,0.498930459341376,2.0454925683988834,1,1
Wang,ZNF93_+_+,ZNF93 (+),asd_da_proband vs sibling,0.9184539289938793,0.4806163189778919,1.7551580884274907,0.8664057271342093,0.9751613756106556
Wang,ZNF93_+_+,ZNF93 (+),proband vs sibling,0.9132415230544437,0.49482176251240884,1.6854757462489034,0.7487761406501503,0.8767387795333725
Wang,ZNF93_-_+,ZNF93 (-),asd_d_proband vs asd_da_proband,3.674623794699631,2.1807364034117778,6.191880876316546,5.60382148460642e-7,2.8488177301765897e-6
Wang,ZNF93_-_+,ZNF93 (-),asd_d_proband vs sibling,29.721461507852908,4.092868684522859,215.83034840653923,3.437796838660317e-9,2.272737968083853e-8
Wang,ZNF93_-_+,ZNF93 (-),asd_da_proband vs sibling,8.088300508673536,1.087989547475458,60.12981031886643,0.01467598714621663,0.03445831831814819
Wang,ZNF93_-_+,ZNF93 (-),proband vs sibling,15.582069300545257,2.1611983019357948,112.34549067964622,2.3925562696400426e-5,9.644330803726013e-5
Wang,ZNF98_+_+,ZNF98 (+),asd_d_proband vs asd_da_proband,1.1109407690458288,0.5562850651146031,2.2186275881303343,0.858263649404867,0.9681503722732193
Wang,ZNF98_+_+,ZNF98 (+),asd_d_proband vs sibling,8.985626812761843,1.175478771870049,68.68817298144342,0.011586647987442605,0.02807311772554103
Wang,ZNF98_+_+,ZNF98 (+),asd_da_proband vs sibling,8.0883041320731,1.087990034873379,60.12983725583893,0.014675990677762346,0.03445831831814819
Wang,ZNF98_+_+,ZNF98 (+),proband vs sibling,8.162060972750231,1.1163427340509164,59.67633173115982,0.008681535133501315,0.02172768820499917
Wang,ZSCAN30_+_+,ZSCAN30 (+),asd_d_proband vs asd_da_proband,1.142018151238478,0.44271308293581635,2.9459383696307704,0.8083407736828621,0.9253561759551235
Wang,ZSCAN30_+_+,ZSCAN30 (+),asd_d_proband vs sibling,2.419232039884671,0.5025716435815201,11.645471322448795,0.32514259982277083,0.4802304994578159
Wang,ZSCAN30_+_+,ZSCAN30 (+),asd_da_proband vs sibling,2.1183831774136865,0.46954874893690873,9.557148850911492,0.5358178677838472,0.6987262060769848
Wang,ZSCAN30_+_+,ZSCAN30 (+),proband vs sibling,2.102368107126353,0.48573265428405266,9.099556348289674,0.40073478860741396,0.5670550183206534
Wang,ZSCAN9_-_+,ZSCAN9 (-),asd_d_proband vs asd_da_proband,1.322331949141225,0.6630233249815543,2.637255308881143,0.468844276291454,0.6348811888475626
Wang,ZSCAN9_-_+,ZSCAN9 (-),asd_d_proband vs sibling,0.9676948422862777,0.42984067038506996,2.17855910877062,1,1
Wang,ZSCAN9_-_+,ZSCAN9 (-),asd_da_proband vs sibling,0.7318093183143138,0.34029043006411885,1.5737876562404391,0.4121594483871338,0.5758853642341701
Wang,ZSCAN9_-_+,ZSCAN9 (-),proband vs sibling,0.8162171349885967,0.40229361224274807,1.6560303001952588,0.5666720720111429,0.7246466277402458
Wen,M1-tr2,SPEN,asd_d_proband vs asd_da_proband,2.1897364376540858,1.9552789831288286,2.452307679754812,7.137698323682874e-42,3.7370363062500565e-40
Wen,M1-tr2,SPEN,asd_d_proband vs sibling,4.690336511879011,3.7940376086952714,5.798375995073667,1.735757843749051e-64,2.196215827299146e-62
Wen,M1-tr2,SPEN,asd_da_proband vs sibling,2.1419639511063138,1.7274938822238977,2.655876014989167,6.339078346031658e-14,6.547506092102993e-13
Wen,M1-tr2,SPEN,proband vs sibling,2.892329934710169,2.353219457229017,3.5549478504955205,1.7641646553383137e-31,5.4295743277473104e-30
Wen,M10-iso,NARS1,asd_d_proband vs asd_da_proband,1.8265544197311372,1.6992854597515077,1.9633552615269418,2.940911873221219e-59,2.976856351671701e-57
Wen,M10-iso,NARS1,asd_d_proband vs sibling,2.724493832643852,2.433322680077286,3.050506496688152,6.06763842402112e-80,1.3160996676864858e-77
Wen,M10-iso,NARS1,asd_da_proband vs sibling,1.4916028798336534,1.3319217830956755,1.6704277828964895,8.460930939379656e-13,7.849193570035506e-12
Wen,M10-iso,NARS1,proband vs sibling,1.8402671488058473,1.6526791994379149,2.049147336110842,4.624387898463029e-33,1.5603027316665997e-31
Wen,M100-xx,CDK2,asd_d_proband vs asd_da_proband,1.2305802103879027,1.0710718688431708,1.413843177334038,0.0036725673057041355,0.009969334968702226
Wen,M100-xx,CDK2,asd_d_proband vs sibling,1.5692281593723902,1.2933325515226246,1.9039782252972877,3.4859620615173153e-6,1.5942326496196155e-5
Wen,M100-xx,CDK2,asd_da_proband vs sibling,1.2751937225430752,1.0610537753170013,1.5325510052753402,0.009097014608097469,0.02261839603705457
Wen,M100-xx,CDK2,proband vs sibling,1.3336153493278138,1.1190506946563596,1.58932022334243,0.0010900843420513294,0.0032926619217797117
Wen,M101-xy,DTL,asd_d_proband vs asd_da_proband,1.3091464987155161,1.1540796171232584,1.4850488039735046,3.3673150528688785e-5,1.3256802131216718e-4
Wen,M101-xy,DTL,asd_d_proband vs sibling,1.7725434168230372,1.4790879181713823,2.124221370428795,1.4886180852512039e-10,1.135788170572736e-9
Wen,M101-xy,DTL,asd_da_proband vs sibling,1.3539687258547368,1.1377509274833746,1.6112764809145694,5.393383815986999e-4,0.0017386315132215697
Wen,M101-xy,DTL,proband vs sibling,1.4506395957859586,1.2286496796850426,1.712738196783227,5.497976714015358e-6,2.4480238448035147e-5
Wen,M102-gene,DTL,asd_d_proband vs asd_da_proband,1.3914179729424982,1.2317419326248766,1.571793509783049,1.4753305980511313e-7,8.096543221834823e-7
Wen,M102-gene,DTL,asd_d_proband vs sibling,1.8884772691116252,1.582548485171049,2.2535463711658954,2.4236203878080633e-13,2.3488491205246232e-12
Wen,M102-gene,DTL,asd_da_proband vs sibling,1.3572321946639598,1.1435244507865847,1.61087874331437,3.629462204155765e-4,0.0012123969697512814
Wen,M102-gene,DTL,proband vs sibling,1.4928564198778502,1.267986310567902,1.7576059550456538,5.503469114640312e-7,2.8009275773392872e-6
Wen,M103-tr1,AURKA,asd_d_proband vs asd_da_proband,1.381517646408902,1.188738709277345,1.6055597352419508,3.031683210012715e-5,1.2039509173154243e-4
Wen,M103-tr1,AURKA,asd_d_proband vs sibling,2.1900361945885316,1.7389292868649755,2.758167666642006,2.160169850004748e-12,1.9445797760418237e-11
Wen,M103-tr1,AURKA,asd_da_proband vs sibling,1.5852393925486812,1.266865236822893,1.9836237183287913,3.1335507976506166e-5,1.239003809314111e-4
Wen,M103-tr1,AURKA,proband vs sibling,1.741774305538366,1.4049651206021652,2.159326012401921,7.66939717885531e-8,4.345037829562928e-7
Wen,M104-tr2,TPX2,asd_d_proband vs asd_da_proband,1.2149253685122794,1.079192409142341,1.3677298307052987,0.001431346391496133,0.0042253939165683
Wen,M104-tr2,TPX2,asd_d_proband vs sibling,1.5706147147553018,1.3310644651158303,1.8532765668800364,5.326210418127132e-8,3.070998538553049e-7
Wen,M104-tr2,TPX2,asd_da_proband vs sibling,1.292766416326113,1.1048131388874343,1.5126947248868103,0.001201987149929935,0.0035972742890478674
Wen,M104-tr2,TPX2,proband vs sibling,1.3468855202712922,1.1592389526547389,1.5649065281683738,7.253638023731903e-5,2.7060050121293055e-4
Wen,M105-iso,KIF11,asd_d_proband vs asd_da_proband,1.5520039052634018,1.4296311193160542,1.6848514902957608,2.620696350979248e-25,6.059528872441865e-24
Wen,M105-iso,KIF11,asd_d_proband vs sibling,2.2177105319089447,1.9602943199076914,2.5089293752437394,4.610085189412165e-41,2.3075756085464187e-39
Wen,M105-iso,KIF11,asd_da_proband vs sibling,1.4289336028008004,1.265598845015864,1.6133479018682901,3.2216495670689164e-9,2.1391565274050897e-8
Wen,M105-iso,KIF11,proband vs sibling,1.6409435315001255,1.4618575734090715,1.8419685491608466,6.220932405723665e-19,9.638213302065066e-18
Wen,M106-tr2,ZNF292,asd_d_proband vs asd_da_proband,1.720409617545358,1.519322716590014,1.9481109706472344,2.173397733857456e-17,3.0090658594895783e-16
Wen,M106-tr2,ZNF292,asd_d_proband vs sibling,2.512073312340603,2.074900542996879,3.0413565353158143,3.508104465723988e-24,7.537460302534323e-23
Wen,M106-tr2,ZNF292,asd_da_proband vs sibling,1.4601600030141502,1.207081494116764,1.7662993300732708,7.084996402242027e-5,2.6474289263504866e-4
Wen,M106-tr2,ZNF292,proband vs sibling,1.7608920922766131,1.4696215640254549,2.10989076136651,6.554358482398094e-11,5.13857192552897e-10
Wen,M107-tr1,SMCHD1,asd_d_proband vs asd_da_proband,1.5411871080189194,1.3899128020062095,1.708925695551014,4.721835141039933e-16,5.876491548480026e-15
Wen,M107-tr1,SMCHD1,asd_d_proband vs sibling,2.5407565896083573,2.1567559958749003,2.9931267421930148,2.5093017107629232e-33,8.529753203376951e-32
Wen,M107-tr1,SMCHD1,asd_da_proband vs sibling,1.6485711412901118,1.4029054627856763,1.9372558450930928,2.0464726939050406e-10,1.5382315380754886e-9
Wen,M107-tr1,SMCHD1,proband vs sibling,1.8903622329157852,1.6197533876266677,2.206181137778236,2.9694029241761976e-18,4.391438415461877e-17
Wen,M108-xx,CPSF6,asd_d_proband vs asd_da_proband,1.8150224935299533,1.6235947914649393,2.029020214487937,2.4611497329465216e-25,5.7196617518221455e-24
Wen,M108-xx,CPSF6,asd_d_proband vs sibling,2.6376140117369933,2.219789838086113,3.1340839369323352,6.758362789663178e-33,2.2271901677828076e-31
Wen,M108-xx,CPSF6,asd_da_proband vs sibling,1.453212850606176,1.2227604700252037,1.7270983491340695,1.2522680872312144e-5,5.262067469869171e-5
Wen,M108-xx,CPSF6,proband vs sibling,1.7890216579380585,1.5187446295004514,2.1073974059906218,1.0843973028274812e-13,1.0903818354037917e-12
Wen,M109-gene,SMCHD1,asd_d_proband vs asd_da_proband,1.5808188227192075,1.3466104363052462,1.8557617577359076,3.438348783870745e-8,2.028714858877104e-7
Wen,M109-gene,SMCHD1,asd_d_proband vs sibling,2.4278656816267907,1.8939034828666088,3.112371787341121,7.302163565994429e-14,7.457702924462919e-13
Wen,M109-gene,SMCHD1,asd_da_proband vs sibling,1.5358279182497052,1.2020125883917,1.9623483291728812,4.19227159877853e-4,0.0013837534153939277
Wen,M109-gene,SMCHD1,proband vs sibling,1.7715526969107362,1.402039974504224,2.23845183803798,3.8182589421525183e-7,1.967439986595557e-6
Wen,M11-iso,VEZF1,asd_d_proband vs asd_da_proband,1.9487793100238093,1.8132424087543062,2.094447372751399,6.993889548645553e-73,1.1377559605028746e-70
Wen,M11-iso,VEZF1,asd_d_proband vs sibling,3.6130229244455627,3.1899114259856858,4.092256150509097,6.6455959972565e-117,5.04511496125056e-114
Wen,M11-iso,VEZF1,asd_da_proband vs sibling,1.8539928589458496,1.6354756721987582,2.101706298327912,9.461064587723962e-25,2.1229137535508692e-23
Wen,M11-iso,VEZF1,proband vs sibling,2.3727598631681253,2.104630793716825,2.6750484622145687,1.9070935400150791e-56,1.7032962891703305e-54
Wen,M110-xy,U2SURP,asd_d_proband vs asd_da_proband,1.470799835273568,1.2514577171559658,1.7285858929032873,3.6365665536929925e-6,1.6581141793865446e-5
Wen,M110-xy,U2SURP,asd_d_proband vs sibling,2.469912568215426,1.9119985541552016,3.190623801137735,1.3267963814185393e-13,1.3195540430920189e-12
Wen,M110-xy,U2SURP,asd_da_proband vs sibling,1.67929891544761,1.3066205480768212,2.1582737632392703,2.7665323415305882e-5,1.1063700452740851e-4
Wen,M110-xy,U2SURP,proband vs sibling,1.8830591694884067,1.4801978155900601,2.3955661861187383,3.642444791881243e-8,2.1435834660231346e-7
Wen,M111-tr1,UBA2,asd_d_proband vs asd_da_proband,1.5842915523805097,1.3960400612775745,1.7979281487432803,1.7552996563622987e-12,1.5895407424911074e-11
Wen,M111-tr1,UBA2,asd_d_proband vs sibling,2.5820299362496777,2.112687516712522,3.155638748726839,1.442873722895453e-23,2.934057949905709e-22
Wen,M111-tr1,UBA2,asd_da_proband vs sibling,1.6297694274579673,1.3368569566932422,1.9868605787463882,4.913501373927399e-7,2.511896605862997e-6
Wen,M111-tr1,UBA2,proband vs sibling,1.8867117172723287,1.5610168030466725,2.280360529845155,1.6184811391545398e-12,1.4744363177697857e-11
Wen,M112-xx,RBM27,asd_d_proband vs asd_da_proband,1.512410970231331,1.3580746729863737,1.6842865774428788,9.577782694848429e-14,9.716436564595677e-13
Wen,M112-xx,RBM27,asd_d_proband vs sibling,2.707228048361946,2.2707437931352987,3.2276136691397044,1.7068900671069636e-33,5.845777635843773e-32
Wen,M112-xx,RBM27,asd_da_proband vs sibling,1.7900082065312322,1.5056680390737331,2.1280450247322085,3.5262432918974444e-12,3.1036982003115995e-11
Wen,M112-xx,RBM27,proband vs sibling,2.029432832287205,1.7186619039460087,2.396397808847138,9.376700464555051e-20,1.4986270391595878e-18
Wen,M113-xy,ARMC1,asd_d_proband vs asd_da_proband,1.5339769159143257,1.4017599319921457,1.6786648875131431,3.0706768380242435e-20,5.086157453527428e-19
Wen,M113-xy,ARMC1,asd_d_proband vs sibling,2.405511204932957,2.0910709609704177,2.7672347161153406,1.5283975714815944e-39,7.251928060519439e-38
Wen,M113-xy,ARMC1,asd_da_proband vs sibling,1.5681534578368501,1.366293839781162,1.7998363131898059,3.1333786362153946e-11,2.5350869783234677e-10
Wen,M113-xy,ARMC1,proband vs sibling,1.7882870800266975,1.567575643492295,2.040074234290775,1.8937469378093325e-20,3.1830322146573835e-19
Wen,M114-gene,TFAM,asd_d_proband vs asd_da_proband,1.5664174733799323,1.390669638282054,1.764375688780459,2.3595426549609827e-13,2.2916240497542165e-12
Wen,M114-gene,TFAM,asd_d_proband vs sibling,2.854743772050492,2.3443822759198514,3.4762086745701395,3.312361871290697e-30,9.610068996005811e-29
Wen,M114-gene,TFAM,asd_da_proband vs sibling,1.822466756509475,1.5003327476829402,2.213765635464261,1.7469499550389988e-10,1.328440241269222e-9
Wen,M114-gene,TFAM,proband vs sibling,2.093317271122796,1.7365093445116218,2.5234400329779874,2.2779540301011606e-17,3.1347675550183644e-16
Wen,M115-tr2,NRAS,asd_d_proband vs asd_da_proband,1.4213734910297013,1.2809290210489626,1.5772166668122791,5.3732706852891224e-11,4.249174995050686e-10
Wen,M115-tr2,NRAS,asd_d_proband vs sibling,2.134019169685301,1.823729057665023,2.4971021860094815,1.8261046874591137e-23,3.6804897572461343e-22
Wen,M115-tr2,NRAS,asd_da_proband vs sibling,1.5013781973233016,1.2882815277485664,1.7497235214861406,8.56043635197032e-8,4.831820022704438e-7
Wen,M115-tr2,NRAS,proband vs sibling,1.6581195046147588,1.4323205913926143,1.919514603159304,7.457072343523105e-13,6.946209514263342e-12
Wen,M116-tr1,ZNF570,asd_d_proband vs asd_da_proband,1.5248561733682138,1.2991869127372526,1.7897242703593932,3.1581821354877243e-7,1.6516096012797455e-6
Wen,M116-tr1,ZNF570,asd_d_proband vs sibling,2.6592282448126565,2.0518965503030726,3.4463213347499986,1.137453823786106e-15,1.3706619490332575e-14
Wen,M116-tr1,ZNF570,asd_da_proband vs sibling,1.7439206997068837,1.3510957472638956,2.2509577230370255,8.97720339382548e-6,3.8906909095028596e-5
Wen,M116-tr1,ZNF570,proband vs sibling,1.9855668324894435,1.5541923694817552,2.5366716010816464,2.8864800993533584e-9,1.9278470458291123e-8
Wen,M117-iso,ARL5B,asd_d_proband vs asd_da_proband,1.7144518218612412,1.5779372201193818,1.8627769292753913,1.6951840294641713e-36,6.894252905544018e-35
Wen,M117-iso,ARL5B,asd_d_proband vs sibling,2.922896350054862,2.5520323093704276,3.347654746295757,3.756879483203037e-65,4.889310298854239e-63
Wen,M117-iso,ARL5B,asd_da_proband vs sibling,1.704857676829735,1.4894059113151565,1.9514758711268878,3.7401223087381554e-16,4.7061483746691435e-15
Wen,M117-iso,ARL5B,proband vs sibling,2.041969594746649,1.7944775341607293,2.32359544574623,2.569358532423559e-32,8.18421546516735e-31
Wen,M118-tr2,MPPED2-AS1,asd_d_proband vs asd_da_proband,2.0146872026043954,1.5506871103199968,2.61752644832414,2.0023520542127424e-7,1.0768256914922127e-6
Wen,M118-tr2,MPPED2-AS1,asd_d_proband vs sibling,3.576239731056955,2.2884628762856574,5.588681707062953,3.226631165263967e-10,2.3820591503691038e-9
Wen,M118-tr2,MPPED2-AS1,asd_da_proband vs sibling,1.7750843537567191,1.1308891156925414,2.786236439301412,0.010445157318118046,0.02560693841982115
Wen,M118-tr2,MPPED2-AS1,proband vs sibling,2.3013067313446167,1.4968979221323653,3.5379918653289013,3.9739675237920435e-5,1.5392365706524454e-4
Wen,M119-xy,SLC26A4,asd_d_proband vs asd_da_proband,1.831222690817323,1.3859592756576842,2.419534687823311,2.8781980297886487e-5,1.145995806441197e-4
Wen,M119-xy,SLC26A4,asd_d_proband vs sibling,2.6584937814774032,1.726840787139918,4.092785645780191,1.8224033213713238e-6,8.637926252701748e-6
Wen,M119-xy,SLC26A4,asd_da_proband vs sibling,1.4517588684371572,0.942143369855191,2.237030880353037,0.10814053952737085,0.19625570800593883
Wen,M119-xy,SLC26A4,proband vs sibling,1.7503870478240457,1.1609005975948912,2.6392051339604383,0.005496530932932035,0.01439718136831824
Wen,M12-gene,AL450306.1,asd_d_proband vs asd_da_proband,2.050973441207582,1.001041698697746,4.202114719108197,0.05589524372328522,0.11108500655549662
Wen,M12-gene,AL450306.1,asd_d_proband vs sibling,2.764808885331199,0.924334127955287,8.269918789340775,0.0688341439546138,0.13313806851084614
Wen,M12-gene,AL450306.1,asd_da_proband vs sibling,1.348047141801759,0.4437303822166627,4.095349719894956,0.7938960010103426,0.9136423425967369
Wen,M12-gene,AL450306.1,proband vs sibling,1.6695097881253527,0.5841852851854017,4.771196747555482,0.49769296642585825,0.6599698068414068
Wen,M120-iso,SLA,asd_d_proband vs asd_da_proband,2.2980579963663006,1.927301044817907,2.7401378569594748,1.545402151613604e-20,2.6071506668888766e-19
Wen,M120-iso,SLA,asd_d_proband vs sibling,4.252433078727931,3.114000391897665,5.807059991421406,3.698855258043934e-26,8.914436878513291e-25
Wen,M120-iso,SLA,asd_da_proband vs sibling,1.8504463705667555,1.3468811478114164,2.542282053548433,6.863215357633684e-5,2.570883713324131e-4
Wen,M120-iso,SLA,proband vs sibling,2.53789666974112,1.8749844406779255,3.4351855762356447,1.1298244302346014e-11,9.477624824527826e-11
Wen,M121-tr1,SPIRE1,asd_d_proband vs asd_da_proband,2.2481222275358634,1.9602768371140182,2.5782345912843363,5.218510685257594e-31,1.584687744756556e-29
Wen,M121-tr1,SPIRE1,asd_d_proband vs sibling,2.923362698780851,2.3726009743153895,3.601975031258346,1.8298726892800193e-28,4.9029824115708754e-27
Wen,M121-tr1,SPIRE1,asd_da_proband vs sibling,1.3003575441648072,1.0501226625870657,1.610221170258892,0.016215095061988545,0.0378379907824579
Wen,M121-tr1,SPIRE1,proband vs sibling,1.7858188370440375,1.4616523945238964,2.1818791736595613,1.3718253448635783e-9,9.496450525613372e-9
Wen,M122-iso,PDE1A,asd_d_proband vs asd_da_proband,3.274669555208103,2.5564429833992435,4.194680172975379,6.162521067461002e-22,1.1139001373922565e-20
Wen,M122-iso,PDE1A,asd_d_proband vs sibling,6.439128039202933,4.011751967155653,10.335227662303952,3.073188099884532e-22,5.6673570020137836e-21
Wen,M122-iso,PDE1A,asd_da_proband vs sibling,1.9663443686896618,1.2025689740512677,3.2152086572231062,0.004991975127995521,0.013235417175797206
Wen,M122-iso,PDE1A,proband vs sibling,3.358574189072032,2.1077210590157502,5.3517615792899695,2.3915885838011835e-9,1.6067383479667244e-8
Wen,M123-iso,OSBPL6,asd_d_proband vs asd_da_proband,2.047950394752236,1.6668429251269907,2.5161943912899325,1.0721369309707719e-11,9.025649569473909e-11
Wen,M123-iso,OSBPL6,asd_d_proband vs sibling,4.063457157753536,2.80939414408149,5.877311344043118,8.04228477465376e-18,1.155602749165548e-16
Wen,M123-iso,OSBPL6,asd_da_proband vs sibling,1.9841579992200635,1.3666484500654057,2.88068446986535,1.544354252470552e-4,5.452164744206708e-4
Wen,M123-iso,OSBPL6,proband vs sibling,2.615772989367915,1.8305334564607671,3.737854835571209,2.50095395334265e-9,1.6752713613934955e-8
Wen,M124-iso,ZFR,asd_d_proband vs asd_da_proband,2.2993255235639873,1.970937248515121,2.682428305262324,2.507668428821599e-26,6.10825117287828e-25
Wen,M124-iso,ZFR,asd_d_proband vs sibling,4.113801718303382,3.1434843453891896,5.383632529406029,6.405284486702318e-33,2.1296402070751138e-31
Wen,M124-iso,ZFR,asd_da_proband vs sibling,1.789134107434658,1.3597869391075506,2.3540458893412213,1.2382236892355966e-5,5.218253148315764e-5
Wen,M124-iso,ZFR,proband vs sibling,2.509277395747125,1.933051237657494,3.2572716781359876,8.403636014233698e-15,9.522030359411566e-14
Wen,M13-xy,AC138305.3,asd_d_proband vs asd_da_proband,1.7945784057748424,0.11224879069005378,28.69083608540594,1,1
Wen,M13-xy,AC138305.3,asd_d_proband vs sibling,Inf,NA,NA,1,1
Wen,M13-xy,AC138305.3,asd_da_proband vs sibling,Inf,NA,NA,1,1
Wen,M13-xy,AC138305.3,proband vs sibling,Inf,NA,NA,1,1
Wen,M14-xx,FAT1,asd_d_proband vs asd_da_proband,1.36256354785104,1.0778478790734969,1.722487428864548,0.011169026572686072,0.027220393814117207
Wen,M14-xx,FAT1,asd_d_proband vs sibling,1.8482284811456946,1.3171794647077875,2.593381243820059,2.934958388118921e-4,9.957083670822067e-4
Wen,M14-xx,FAT1,asd_da_proband vs sibling,1.3564347028515613,0.9776641885557944,1.8819499830692643,0.07477507324534576,0.14335036137733584
Wen,M14-xx,FAT1,proband vs sibling,1.4840236978600012,1.0861312180256537,2.0276798044838578,0.011733723284033312,0.02835390427521047
Wen,M15-gene,FAT1,asd_d_proband vs asd_da_proband,1.255236323772199,1.0014865813957932,1.5732794206000964,0.05092023210287989,0.10267448305826378
Wen,M15-gene,FAT1,asd_d_proband vs sibling,1.7014330996084317,1.2326397356582135,2.3485163658928534,0.001061139464352165,0.003209488884544563
Wen,M15-gene,FAT1,asd_da_proband vs sibling,1.3554683428020433,0.9961515594597227,1.844392463065561,0.05805476590747194,0.11482390738538197
Wen,M15-gene,FAT1,proband vs sibling,1.4412142664985887,1.0738907766962182,1.9341804651206478,0.013649735533480763,0.03229846511948305
Wen,M16-xy,FAT1,asd_d_proband vs asd_da_proband,1.2838274182305138,0.9837912602010428,1.6753684510915516,0.06932990248987839,0.1339260839022036
Wen,M16-xy,FAT1,asd_d_proband vs sibling,2.0736252177863963,1.381017841190934,3.113588699282553,2.4194743155897078e-4,8.304977775064897e-4
Wen,M16-xy,FAT1,asd_da_proband vs sibling,1.6151900078940926,1.0916639064525575,2.389782007246656,0.01718102440882916,0.03958501071432313
Wen,M16-xy,FAT1,proband vs sibling,1.7233830110245556,1.1827653618568061,2.511105835924572,0.0030910567054987263,0.008522859136529478
Wen,M17-tr1,GREB1L,asd_d_proband vs asd_da_proband,1.2297392597780685,1.0312839990876383,1.4663842824841504,0.024065978251062173,0.053317378858749126
Wen,M17-tr1,GREB1L,asd_d_proband vs sibling,1.7617349227477632,1.36465660428967,2.274352337630468,9.133210244057465e-6,3.950785627890005e-5
Wen,M17-tr1,GREB1L,asd_da_proband vs sibling,1.4326085052092297,1.1226473475808325,1.8281494483734568,0.0031554999846780314,0.008684774882301169
Wen,M17-tr1,GREB1L,proband vs sibling,1.4900548653504422,1.1795071473089707,1.8823654496880542,5.507329411897539e-4,0.001770351832829449
Wen,M18-xx,GATA3,asd_d_proband vs asd_da_proband,1.294834862888521,0.9210563788689146,1.8202982581918032,0.15212671468427663,0.26178208741476394
Wen,M18-xx,GATA3,asd_d_proband vs sibling,1.57595037835243,0.9848129446733488,2.5219201356588137,0.05684732971237809,0.1127785656968128
Wen,M18-xx,GATA3,asd_da_proband vs sibling,1.2171053031710901,0.7762465742600494,1.9083437764852893,0.4441829928702873,0.61088572841913
Wen,M18-xx,GATA3,proband vs sibling,1.2762577988892376,0.8316335514224584,1.9585957858958198,0.31179915734503627,0.46307308826431043
Wen,M19-gene,CPNE8,asd_d_proband vs asd_da_proband,1.0698559145168582,0.6857690232003283,1.669062963044253,0.8190106210620779,0.934283340580457
Wen,M19-gene,CPNE8,asd_d_proband vs sibling,1.6482694670586941,0.8625203496153594,3.149829725466192,0.16677472944778887,0.28208648074069004
Wen,M19-gene,CPNE8,asd_da_proband vs sibling,1.5406462166478228,0.838989504642899,2.829106623784915,0.21182346046290357,0.34263347386666393
Wen,M19-gene,CPNE8,proband vs sibling,1.5791555278732328,0.8800919820451476,2.833490398830452,0.15775282271109808,0.2694278618106681
Wen,M2-gene,EP300,asd_d_proband vs asd_da_proband,2.0844919039795755,1.8941899784711227,2.2939127263588985,8.698263287468683e-51,6.0954752729876694e-49
Wen,M2-gene,EP300,asd_d_proband vs sibling,4.202910585386738,3.5342806688480994,4.9980346904687485,7.712059571886227e-80,1.5967468795428075e-77
Wen,M2-gene,EP300,asd_da_proband vs sibling,2.016275801965369,1.6921828152806573,2.402440252247113,4.0795346095114987e-17,5.514029717010349e-16
Wen,M2-gene,EP300,proband vs sibling,2.6476687968548482,2.238443263342192,3.1317077241314712,1.8236121258502136e-38,8.064614789560896e-37
Wen,M20-tr2,IKZF2,asd_d_proband vs asd_da_proband,1.3205504850357865,0.8733247945645283,1.996798435566919,0.19279955951483718,0.3172695063547989
Wen,M20-tr2,IKZF2,asd_d_proband vs sibling,2.073623580011032,1.1069481008279285,3.8844772834080477,0.023211565004661996,0.051701121677346036
Wen,M20-tr2,IKZF2,asd_da_proband vs sibling,1.5702720975145736,0.8561049393138094,2.880201184458982,0.16924386249660767,0.28478237284142527
Wen,M20-tr2,IKZF2,proband vs sibling,1.712336303036958,0.9572664441894265,3.0629879825998216,0.08232384705751425,0.15624380139457392
Wen,M21-xy,INPP4B,asd_d_proband vs asd_da_proband,1.2558211852815488,1.0879214300722864,1.4496330394899615,0.00203941535691834,0.00586090659354135
Wen,M21-xy,INPP4B,asd_d_proband vs sibling,1.344250232187902,1.1128570377327902,1.6237563545616107,0.0021516789042798946,0.006133227414890438
Wen,M21-xy,INPP4B,asd_da_proband vs sibling,1.0704153170393664,0.8949648786882785,1.2802613580008122,0.4721342841496045,0.6376601513818634
Wen,M21-xy,INPP4B,proband vs sibling,1.1350196776317707,0.9581324706144912,1.3445632082431216,0.1460169966765395,0.2525598288860138
Wen,M22-iso,NAALAD2,asd_d_proband vs asd_da_proband,1.5369100211450575,1.3279722963236076,1.778721152267542,1.0853751326880878e-8,6.800390274269931e-8
Wen,M22-iso,NAALAD2,asd_d_proband vs sibling,2.219837802703164,1.7813058150149208,2.76633008704838,5.725558163997662e-14,5.940755680412153e-13
Wen,M22-iso,NAALAD2,asd_da_proband vs sibling,1.44435118007058,1.163412138151454,1.7931309661990993,6.310154689922866e-4,0.001997379000679875
Wen,M22-iso,NAALAD2,proband vs sibling,1.6576341515167734,1.3489965005785531,2.0368851802775523,4.0195677352959446e-7,2.0664933447260754e-6
Wen,M23-tr1,AC011008.2,asd_d_proband vs asd_da_proband,1.5399171125555462,1.3047864064046217,1.8174198488745164,4.880276066491836e-7,2.4977143239180133e-6
Wen,M23-tr1,AC011008.2,asd_d_proband vs sibling,1.9748788593171278,1.5554797996443037,2.5073591504496413,6.590502925061552e-9,4.240076387521945e-8
Wen,M23-tr1,AC011008.2,asd_da_proband vs sibling,1.282457895438117,1.0145936936683582,1.6210412737979911,0.037449031030879154,0.07843863587477153
Wen,M23-tr1,AC011008.2,proband vs sibling,1.4758694873763423,1.1820349862963622,1.8427464237698856,3.955544688867649e-4,0.001312272837421132
Wen,M24-gene,NALCN,asd_d_proband vs asd_da_proband,1.4356762334883733,1.2115470794106569,1.7012679758231044,3.503502622287272e-5,1.371492243201557e-4
Wen,M24-gene,NALCN,asd_d_proband vs sibling,2.023045442442284,1.5744385637264333,2.599474477111211,8.078360362291242e-9,5.1392362360665654e-8
Wen,M24-gene,NALCN,asd_da_proband vs sibling,1.409123725289186,1.1037689164987095,1.7989541501780413,0.005108313986415968,0.013488910265579555
Wen,M24-gene,NALCN,proband vs sibling,1.5714956988917261,1.2450495287476853,1.983534529842523,8.005094005399658e-5,2.969316221058261e-4
Wen,M25-tr2,NALCN,asd_d_proband vs asd_da_proband,1.2513341068798398,1.046939007796458,1.4956334947691534,0.015102004793705312,0.03542205552797512
Wen,M25-tr2,NALCN,asd_d_proband vs sibling,1.9957395313439472,1.5236650123591626,2.614076089337989,1.6085838620830578e-7,8.764473076301828e-7
Wen,M25-tr2,NALCN,asd_da_proband vs sibling,1.5948894227140167,1.230758019893883,2.066752545642048,2.803387073453138e-4,9.536540791321168e-4
Wen,M25-tr2,NALCN,proband vs sibling,1.6791049802813187,1.308802479773265,2.1541780202723606,1.857187613100311e-5,7.634918391400647e-5
Wen,M26-xx,NALCN,asd_d_proband vs asd_da_proband,1.279752528010027,1.0918543437503236,1.499986277769085,0.0026775008790131767,0.00748221871405216
Wen,M26-xx,NALCN,asd_d_proband vs sibling,1.8990005397428944,1.5015193002581062,2.401702761545529,3.065314916838059e-8,1.822781912036209e-7
Wen,M26-xx,NALCN,asd_da_proband vs sibling,1.483881061517243,1.1840957049632248,1.8595650634489265,4.8117401435042765e-4,0.00156553402526157
Wen,M26-xx,NALCN,proband vs sibling,1.5881647757104547,1.279409844954712,1.9714303159021893,1.3047293912818275e-5,5.46738029189395e-5
Wen,M27-tr1,SSPN,asd_d_proband vs asd_da_proband,0.8524323674198865,0.5793734109979398,1.254184136226535,0.4436794652809777,0.6105619227658168
Wen,M27-tr1,SSPN,asd_d_proband vs sibling,1.0102271183464042,0.6134460771414857,1.6636488008824568,1,1
Wen,M27-tr1,SSPN,asd_da_proband vs sibling,1.1851111677095576,0.7613830697227651,1.8446542032269169,0.5157810348097277,0.6776687598439977
Wen,M27-tr1,SSPN,proband vs sibling,1.1035058038018588,0.7212356226741825,1.6883872908403093,0.7521240637594366,0.8787593667786148
Wen,M28-tr1,SPAG17,asd_d_proband vs asd_da_proband,0.9891474373227138,0.7388392143151624,1.3242565280850622,1,1
Wen,M28-tr1,SPAG17,asd_d_proband vs sibling,1.0996477721398852,0.7542112050238501,1.6032978756049825,0.6355016603170821,0.7852144514567656
Wen,M28-tr1,SPAG17,asd_da_proband vs sibling,1.111712703938513,0.7890235688330042,1.5663729005284732,0.6087011773951402,0.762131353225636
Wen,M28-tr1,SPAG17,proband vs sibling,1.0624250932414083,0.7652768516907661,1.4749525955936278,0.8052536757728075,0.923033642814405
Wen,M29-iso,CHD8,asd_d_proband vs asd_da_proband,2.0019134948687025,1.702215708451251,2.354377075149754,6.468087752140432e-17,8.589545105247717e-16
Wen,M29-iso,CHD8,asd_d_proband vs sibling,4.449646460377761,3.2829700245523457,6.03092732321006,1.5827173459100722e-29,4.395900921109987e-28
Wen,M29-iso,CHD8,asd_da_proband vs sibling,2.222696670851702,1.6360627538931682,3.0196766467906753,3.849860360068772e-8,2.2457130285472635e-7
Wen,M29-iso,CHD8,proband vs sibling,2.8649882724111557,2.1333835135591395,3.8474834688113475,7.729922986581359e-16,9.464999785988734e-15
Wen,M3-xx,SPEN,asd_d_proband vs asd_da_proband,2.195932667005808,1.9619642940178905,2.4578022610941916,1.5557950537448618e-42,8.538128276876923e-41
Wen,M3-xx,SPEN,asd_d_proband vs sibling,4.948748092161349,3.9881332636769264,6.140744569074787,4.833827046894071e-68,6.475906529000733e-66
Wen,M3-xx,SPEN,asd_da_proband vs sibling,2.2535973741440136,1.8108184677264112,2.804643985725085,1.9759426244979948e-15,2.3256895748290354e-14
Wen,M3-xx,SPEN,proband vs sibling,3.0364566928438284,2.4607452351596057,3.7468605509330835,1.1318495106013304e-33,3.965826554453123e-32
Wen,M30-gene,ZNF334,asd_d_proband vs asd_da_proband,1.5535312105750647,1.0930907090780007,2.2079221808284593,0.015139919257041813,0.03549270829430029
Wen,M30-gene,ZNF334,asd_d_proband vs sibling,1.7430478793405582,1.0753794135990107,2.825250205883625,0.023563574029201468,0.05230608172661437
Wen,M30-gene,ZNF334,asd_da_proband vs sibling,1.121990898847369,0.6986839817515003,1.8017639018151483,0.7243996765487761,0.8566044980996042
Wen,M30-gene,ZNF334,proband vs sibling,1.311964424849687,0.8402834331173744,2.048416741581454,0.2529400118645989,0.39524588474897016
Wen,M31-iso,SLTM,asd_d_proband vs asd_da_proband,1.7189935363171274,1.6224472866519664,1.821284920755599,3.866015876740771e-74,7.043880927421684e-72
Wen,M31-iso,SLTM,asd_d_proband vs sibling,2.668795097346303,2.4364607497188153,2.9232842238241044,8.971312461692744e-117,5.837761180430064e-114
Wen,M31-iso,SLTM,asd_da_proband vs sibling,1.5525335267194118,1.417937051326105,1.6999064587060195,4.1085575604476563e-23,8.136730299060467e-22
Wen,M31-iso,SLTM,proband vs sibling,1.8637255564989408,1.7094736185352148,2.031896200260509,1.3426592360263734e-52,1.0025922655901853e-50
Wen,M32-tr1,NPM1P40,asd_d_proband vs asd_da_proband,2.3714329379698342,1.4514432035338865,3.8745533863095774,6.433410771821485e-4,0.0020336006985181725
Wen,M32-tr1,NPM1P40,asd_d_proband vs sibling,3.1968235710493715,1.4887772052575394,6.864479727609062,0.00127080010427343,0.0037957340819445733
Wen,M32-tr1,NPM1P40,asd_da_proband vs sibling,1.348055650178389,0.6144238265155627,2.9576555425652096,0.5775762322442148,0.7344667051570068
Wen,M32-tr1,NPM1P40,proband vs sibling,1.885938174596321,0.9025181161652928,3.9409323034002077,0.0965073011059599,0.17884082853443747
Wen,M33-tr1,AL139821.1,asd_d_proband vs asd_da_proband,1.4683005686491646,0.6084548045005029,3.5432484778640254,0.48454456167884064,0.6477331549679402
Wen,M33-tr1,AL139821.1,asd_d_proband vs sibling,2.073635971955662,0.561390194283801,7.6594963502599605,0.3813087092468168,0.5426010233572102
Wen,M33-tr1,AL139821.1,asd_da_proband vs sibling,1.4122694060272725,0.39400055539482276,5.062187978902612,0.7698557466251172,0.8934250011833771
Wen,M33-tr1,AL139821.1,proband vs sibling,1.6489290464043558,0.48999284292399875,5.548993295189229,0.601441488676084,0.7557423951043536
Wen,M34-tr2,AC118344.1,asd_d_proband vs asd_da_proband,0.5981988900384329,0.2543025956467046,1.4071500573291538,0.3240938154678471,0.4800804323434288
Wen,M34-tr2,AC118344.1,asd_d_proband vs sibling,1.2096216815811085,0.3541039412907667,4.132076607838821,1,1
Wen,M34-tr2,AC118344.1,asd_da_proband vs sibling,2.0221061953214146,0.6941214214260785,5.890775502586477,0.26383331241669095,0.40890129388996305
Wen,M34-tr2,AC118344.1,proband vs sibling,1.6695310174265496,0.5841927136206598,4.771257417563855,0.49769401826260096,0.6599698068414068
Wen,M35-iso,RN7SL454P,asd_d_proband vs asd_da_proband,1.8637903699663505,1.7404334816762834,1.9958904374981499,3.397022689154893e-70,4.835449484093919e-68
Wen,M35-iso,RN7SL454P,asd_d_proband vs sibling,3.0376745025156864,2.7174525353513985,3.3956311152425354,7.798015646107514e-104,3.551996126801973e-101
Wen,M35-iso,RN7SL454P,asd_da_proband vs sibling,1.6298369985517895,1.4574454999150501,1.822619536718963,3.007880514723563e-19,4.757255466863135e-18
Wen,M35-iso,RN7SL454P,proband vs sibling,2.037927873133457,1.832099958781651,2.2668795969277276,1.2034071957595736e-46,7.40745915768224e-45
Wen,M36-xy,AL121756.1,asd_d_proband vs asd_da_proband,0.8445148879021428,0.3644665361340658,1.9568474062211914,0.8356558022473688,0.9483389049494221
Wen,M36-xy,AL121756.1,asd_d_proband vs sibling,1.382415215786863,0.416280572352506,4.590826369914629,0.7717532270192013,0.8949434507724193
Wen,M36-xy,AL121756.1,asd_da_proband vs sibling,1.6369340974212034,0.5508107202110063,4.864744168874705,0.47051024839622546,0.6362227060682607
Wen,M36-xy,AL121756.1,proband vs sibling,1.484017889227066,0.5149176310799057,4.277012404735853,0.636100897171868,0.7852144514567656
Wen,M37-gene,AL121756.1,asd_d_proband vs asd_da_proband,0.5981963146866933,0.21741281856746766,1.6458957354149597,0.36081829693935374,0.5184212915826886
Wen,M37-gene,AL121756.1,asd_d_proband vs sibling,1.1520157352516402,0.27531425350694416,4.820456032923495,1,1
Wen,M37-gene,AL121756.1,asd_da_proband vs sibling,1.9258155006438162,0.5575291166259075,6.652146465398884,0.4307880001357022,0.5949786902252585
Wen,M37-gene,AL121756.1,proband vs sibling,1.6489233419465978,0.4899911477974072,5.548974098488243,0.6014413835565475,0.7557423951043536
Wen,M38-xx,AL121756.1,asd_d_proband vs asd_da_proband,0.3845564320955155,0.110514175618004,1.3381419047742589,0.13605376062924046,0.23863106648678872
Wen,M38-xx,AL121756.1,asd_d_proband vs sibling,0.5184085775426499,0.11602625147590573,2.3162642061706396,0.4543654139862023,0.621516967900562
Wen,M38-xx,AL121756.1,asd_da_proband vs sibling,1.3480689289677217,0.4437375537963355,4.095415909022366,0.7938960180187711,0.9136423425967369
Wen,M38-xx,AL121756.1,proband vs sibling,1.0511887542939795,0.35371371134765484,3.123989151972847,1,1
Wen,M39-tr1,AC090539.1,asd_d_proband vs asd_da_proband,0.35892128874388257,0.041932875632682685,3.0721597212179534,0.4307102378472682,0.5949786902252585
Wen,M39-tr1,AC090539.1,asd_d_proband vs sibling,0.3456107259380098,0.031338809009959404,3.8114650063899416,0.5713162446874176,0.728133617934977
Wen,M39-tr1,AC090539.1,asd_da_proband vs sibling,0.9629150924637104,0.18681927744431673,4.963114556369904,1,1
Wen,M39-tr1,AC090539.1,proband vs sibling,0.7420102152499088,0.14976375983310714,3.676317689598387,0.6623172278960047,0.8073243057804903
Wen,M4-xy,SOS1,asd_d_proband vs asd_da_proband,2.468755809163232,2.1624413778383094,2.818460332723489,2.5216334056881525e-41,1.2762266847677262e-39
Wen,M4-xy,SOS1,asd_d_proband vs sibling,4.923670754493586,3.853896290662981,6.290395970796876,1.0766556213874495e-52,8.173610592366388e-51
Wen,M4-xy,SOS1,asd_da_proband vs sibling,1.9943935873359753,1.552350232457011,2.5623120981604974,8.11684175141255e-9,5.1565152270131335e-8
Wen,M4-xy,SOS1,proband vs sibling,2.9002825828701693,2.2837762715120005,3.6832150177876395,6.1873824124781786e-24,1.2928223343503717e-22
Wen,M40-iso,NIN,asd_d_proband vs asd_da_proband,1.8397433103954777,1.6685001933286423,2.0285616158021265,6.930780542121604e-34,2.447263982121233e-32
Wen,M40-iso,NIN,asd_d_proband vs sibling,3.333337399381627,2.824444764141541,3.933919458854554,1.5698355413933563e-57,1.4593063042952526e-55
Wen,M40-iso,NIN,asd_da_proband vs sibling,1.8118491751249153,1.534689747956999,2.1390625940982164,1.267705992758401e-13,1.2635450321694783e-12
Wen,M40-iso,NIN,proband vs sibling,2.2626224202340466,1.930407743557023,2.6520097806448466,3.791830936077199e-29,1.0342389169959068e-27
Wen,M41-tr1,AL022322.1,asd_d_proband vs asd_da_proband,1.3051576512129823,0.5249809011663304,3.2447589821559752,0.6339672538959067,0.7844947095838438
Wen,M41-tr1,AL022322.1,asd_d_proband vs sibling,1.3824117849451403,0.41627953923833044,4.59081497652249,0.7717532811301262,0.8949434507724193
Wen,M41-tr1,AL022322.1,asd_da_proband vs sibling,1.0591914192590908,0.33727164185490577,3.326358707367169,1,1
Wen,M41-tr1,AL022322.1,proband vs sibling,1.113016415868673,0.3766883711197745,3.2886747693075122,1,1
Wen,M42-xx,AC006148.1,asd_d_proband vs asd_da_proband,1.2524786250277447,0.9167818118169567,1.711097107219438,0.16500120974429472,0.2800225448529294
Wen,M42-xx,AC006148.1,asd_d_proband vs sibling,1.852437664960873,1.170185257870096,2.9324632826186487,0.007767432160883474,0.01965591860712457
Wen,M42-xx,AC006148.1,asd_da_proband vs sibling,1.4790173883564983,0.9524614646694031,2.296672900903293,0.08466484690342815,0.15982112625160183
Wen,M42-xx,AC006148.1,proband vs sibling,1.5928526628291078,1.0451885252368203,2.42748513231802,0.02724783161804781,0.059384628239333874
Wen,M43-iso,JAKMIP3,asd_d_proband vs asd_da_proband,1.9918063218880913,1.6302478652339476,2.433551675495703,1.8664360722005667e-11,1.5345877813851228e-10
Wen,M43-iso,JAKMIP3,asd_d_proband vs sibling,3.173275173361959,2.2903213755927774,4.396621117536028,1.6030090421535106e-14,1.7636971466205897e-13
Wen,M43-iso,JAKMIP3,asd_da_proband vs sibling,1.5931645253309161,1.1462105377861689,2.214404004411964,0.004683540126266534,0.012480390281601363
Wen,M43-iso,JAKMIP3,proband vs sibling,2.079882398510276,1.5215966811333443,2.843007509986649,6.870015715948994e-7,3.4387825918843592e-6
Wen,M44-tr1,LINC01814,asd_d_proband vs asd_da_proband,2.3874513397054833,1.8684580050199213,3.0506031626869428,3.4313765431263128e-12,3.04676806119695e-11
Wen,M44-tr1,LINC01814,asd_d_proband vs sibling,4.291249421651439,2.788443416366448,6.603978940630508,1.2553793856794837e-14,1.3981058928533124e-13
Wen,M44-tr1,LINC01814,asd_da_proband vs sibling,1.7974185903955673,1.1566053228790305,2.793272281557266,0.0072181200926730235,0.01839873364416655
Wen,M44-tr1,LINC01814,proband vs sibling,2.5145978946283747,1.6533813171290972,3.8244066907983183,1.6324110385581941e-6,7.786002388096937e-6
Wen,M45-iso,HELLPAR,asd_d_proband vs asd_da_proband,1.7149101854854527,1.6382711325477444,1.7951344474392381,1.9761192106266453e-116,1.1251528755505461e-113
Wen,M45-iso,HELLPAR,asd_d_proband vs sibling,2.7239023982116994,2.5329767980993654,2.9292192019093193,5.3715005078743693e-191,1.2233592406683877e-187
Wen,M45-iso,HELLPAR,asd_da_proband vs sibling,1.5883644643702572,1.477515239438044,1.7075300506773594,3.735756021155553e-39,1.7363641506493411e-37
Wen,M45-iso,HELLPAR,proband vs sibling,1.907913026674724,1.7807425834667443,2.0441652550749403,3.4583885219077635e-88,9.26644689252345e-86
Wen,M46-tr2,STX18-AS1,asd_d_proband vs asd_da_proband,1.7342265179302823,1.485798010377098,2.0241927869652168,4.732833566532493e-12,4.1141329953350204e-11
Wen,M46-tr2,STX18-AS1,asd_d_proband vs sibling,2.0802048280318015,1.6681092972878009,2.594105873999113,1.0123081221917161e-11,8.570749993649194e-11
Wen,M46-tr2,STX18-AS1,asd_da_proband vs sibling,1.1995000690650424,0.962768209776694,1.4944411345081274,0.10736690226969822,0.1953099999354934
Wen,M46-tr2,STX18-AS1,proband vs sibling,1.4463336336378614,1.1759182021086383,1.7789340925593047,3.104333307998733e-4,0.0010489790962859222
Wen,M47-xy,STX18-AS1,asd_d_proband vs asd_da_proband,1.5239356123229548,1.291346816530695,1.7984167543351335,7.999833096662031e-7,3.943306206466675e-6
Wen,M47-xy,STX18-AS1,asd_d_proband vs sibling,2.3249693655271986,1.8027327579022756,2.9984935520503653,5.030111298349785e-12,4.3642203740920515e-11
Wen,M47-xy,STX18-AS1,asd_da_proband vs sibling,1.5256349065714252,1.1882036306755297,1.9588913954301856,7.299970611833564e-4,0.002279051825695811
Wen,M47-xy,STX18-AS1,proband vs sibling,1.7281471310883076,1.3610298552952353,2.1942887549964265,2.31965930802259e-6,1.0881614982536454e-5
Wen,M48-tr1,AL022322.2,asd_d_proband vs asd_da_proband,1.042449313849665,0.7900294179235576,1.3755191228218107,0.7762351717153271,0.8983107741776715
Wen,M48-tr1,AL022322.2,asd_d_proband vs sibling,1.4001383542141292,0.9540895740515508,2.0547205045084453,0.09188906617595388,0.17112838456557353
Wen,M48-tr1,AL022322.2,asd_da_proband vs sibling,1.34312367576276,0.9408095147729886,1.91747764033802,0.10917059438068064,0.19780113659665882
Wen,M48-tr1,AL022322.2,proband vs sibling,1.331815540406442,0.9462913385376642,1.8744043841816325,0.11152400718528756,0.20182433560944968
Wen,M49-gene,Z95114.1,asd_d_proband vs asd_da_proband,0.9878033690973389,0.8279038571993895,1.1785855175271347,0.9283480795345433,1
Wen,M49-gene,Z95114.1,asd_d_proband vs sibling,1.1381083782301296,0.9036210620481399,1.4334445432930931,0.29606972428538536,0.4471477434084649
Wen,M49-gene,Z95114.1,asd_da_proband vs sibling,1.1521608589674486,0.933731187301849,1.4216882363890389,0.19492375572766807,0.32030220322493796
Wen,M49-gene,Z95114.1,proband vs sibling,1.1087525155430307,0.9066315381242532,1.3559335728231852,0.34463090240939476,0.5023340033519338
Wen,M5-iso,GATAD2B,asd_d_proband vs asd_da_proband,2.228455929924806,1.833277120354639,2.7088189649453427,7.844801511466516e-16,9.579911765343157e-15
Wen,M5-iso,GATAD2B,asd_d_proband vs sibling,4.46323461562695,3.126296492647335,6.371904674102771,3.9769568767875754e-22,7.275115893079279e-21
Wen,M5-iso,GATAD2B,asd_da_proband vs sibling,2.0028372810484756,1.3948893093632373,2.8757530417871098,7.321500333747373e-5,2.729086253700432e-4
Wen,M5-iso,GATAD2B,proband vs sibling,2.7489784489529936,1.945175026525974,3.884937041529048,6.638754705364525e-11,5.195795134524985e-10
Wen,M50-xx,Z95114.1,asd_d_proband vs asd_da_proband,1.1388776252733719,0.9530955675871974,1.3608732318751973,0.15245346372526183,0.26207713595851073
Wen,M50-xx,Z95114.1,asd_d_proband vs sibling,1.2911230519911592,1.019821844011348,1.634597989023283,0.03559532432173805,0.07499384934575247
Wen,M50-xx,Z95114.1,asd_da_proband vs sibling,1.1336802333624239,0.9094845783527038,1.4131420170362243,0.27531510808980014,0.42238474818088234
Wen,M50-xx,Z95114.1,proband vs sibling,1.1480179084325357,0.9306804387613523,1.4161091854857015,0.21821124944211656,0.35109581109460997
Wen,M51-iso,AL022322.2,asd_d_proband vs asd_da_proband,1.6756660503403031,1.592006995334089,1.763721340730561,1.908925149345358e-85,4.57639687119374e-83
Wen,M51-iso,AL022322.2,asd_d_proband vs sibling,2.487292264114971,2.2984069755149052,2.6917003268057904,5.171966832485539e-131,5.889577230492907e-128
Wen,M51-iso,AL022322.2,asd_da_proband vs sibling,1.484360361427528,1.3724215031768647,1.6054292922961568,1.479495115217302e-24,3.28736597551942e-23
Wen,M51-iso,AL022322.2,proband vs sibling,1.7703304074979598,1.6430923084683287,1.9074215949762647,3.158942539940918e-58,2.9977048477981e-56
Wen,M52-tr2,Z95114.1,asd_d_proband vs asd_da_proband,0.886035189018824,0.7106923107560134,1.1046388771879372,0.29452383119984304,0.4454037354300415
Wen,M52-tr2,Z95114.1,asd_d_proband vs sibling,1.0069447756276486,0.7588987920930549,1.3360645605553794,1,1
Wen,M52-tr2,Z95114.1,asd_da_proband vs sibling,1.1364613822422982,0.8833183267500085,1.4621506587325683,0.34938914895993967,0.5082936996207362
Wen,M52-tr2,Z95114.1,proband vs sibling,1.0717947386944613,0.84175713599199,1.364697622122754,0.6292523250393387,0.7799304328038605
Wen,M53-xy,Z95114.1,asd_d_proband vs asd_da_proband,0.8881422838677347,0.69632566162992,1.1327985737986805,0.36090316478786066,0.5184212915826886
Wen,M53-xy,Z95114.1,asd_d_proband vs sibling,0.9578164516953088,0.7043526213988898,1.3024901551670975,0.8134778073853445,0.9296014582639849
Wen,M53-xy,Z95114.1,asd_da_proband vs sibling,1.0784493308033403,0.8208778009739668,1.4168405549890823,0.6321208281752382,0.7826339691052486
Wen,M53-xy,Z95114.1,proband vs sibling,1.0140825288141246,0.7809162850450535,1.3168676270936268,1,1
Wen,M54-iso,ABHD8,asd_d_proband vs asd_da_proband,1.6207658760410242,1.5161166788572071,1.7326384318382906,7.921350924479525e-45,4.567310564684081e-43
Wen,M54-iso,ABHD8,asd_d_proband vs sibling,2.367998068203618,2.1388269236502944,2.6217244551260843,1.2949200548163857e-70,1.902697048286657e-68
Wen,M54-iso,ABHD8,asd_da_proband vs sibling,1.4610364786231962,1.3211184782931293,1.6157730188026624,2.297654715566792e-14,2.4683531201430983e-13
Wen,M54-iso,ABHD8,proband vs sibling,1.722065275249045,1.5647965187120125,1.8951402158406425,1.722945970417401e-32,5.5659708476959305e-31
Wen,M55-gene,NDUFV1,asd_d_proband vs asd_da_proband,1.5046292016821132,1.3566597213426186,1.6687375610400486,1.935915938270439e-14,2.1130701916612345e-13
Wen,M55-gene,NDUFV1,asd_d_proband vs sibling,1.897940096646722,1.6372228233477548,2.200174929820317,8.738386236558528e-19,1.344707746875814e-17
Wen,M55-gene,NDUFV1,asd_da_proband vs sibling,1.2614005460779993,1.0916355189079725,1.4575664771677432,0.0015077942003819422,0.004419564081557108
Wen,M55-gene,NDUFV1,proband vs sibling,1.4355860171411665,1.251812177722013,1.6463390029976992,8.860173115986089e-8,4.994812938529287e-7
Wen,M56-xx,NDUFV1,asd_d_proband vs asd_da_proband,1.5246568186539657,1.3686773859310202,1.6984122325414004,3.349358408994355e-14,3.531557303928076e-13
Wen,M56-xx,NDUFV1,asd_d_proband vs sibling,2.1294770009637967,1.814061071322455,2.4997351904630083,1.7573175150452438e-22,3.3214030211747245e-21
Wen,M56-xx,NDUFV1,asd_da_proband vs sibling,1.3966926687435097,1.1933695705779812,1.634657409587766,2.1559406283064342e-5,8.791682687498484e-5
Wen,M56-xx,NDUFV1,proband vs sibling,1.5964485638131565,1.3745018248090406,1.8542340002023447,1.1225602125310056e-10,8.651881164261811e-10
Wen,M57-xx,SKP1,asd_d_proband vs asd_da_proband,1.5389013850320168,1.326965013515551,1.7846871987825064,1.6779467524201263e-8,1.0259124103723054e-7
Wen,M57-xx,SKP1,asd_d_proband vs sibling,1.7828754687122785,1.4514154866427513,2.190031018814954,1.319496527598083e-8,8.166177558708244e-8
Wen,M57-xx,SKP1,asd_da_proband vs sibling,1.1585378283841012,0.9470587840899117,1.417240325886173,0.1642826302370346,0.27890696262754106
Wen,M57-xx,SKP1,proband vs sibling,1.3309092466379864,1.1004522761490783,1.6096285692506778,0.0026194613654871917,0.0073380359900333085
Wen,M58-gene,UQCRFS1,asd_d_proband vs asd_da_proband,1.1029288515795568,0.7975106338854436,1.5253113876614892,0.5582579228444069,0.7177151675292898
Wen,M58-gene,UQCRFS1,asd_d_proband vs sibling,1.1651794952268524,0.766980423435907,1.7701146138973838,0.5294730819653399,0.6926964328155987
Wen,M58-gene,UQCRFS1,asd_da_proband vs sibling,1.0564412142797275,0.7174178166567228,1.555673713861573,0.8456387597664556,0.9572277710577051
Wen,M58-gene,UQCRFS1,proband vs sibling,1.0600174934912003,0.7337144512459356,1.5314364935831586,0.8536490592778573,0.9638997186441843
Wen,M59-iso,PSMB4,asd_d_proband vs asd_da_proband,1.5979645924926669,1.511966323851471,1.6888543075190205,8.550890909962365e-61,8.852115476108767e-59
Wen,M59-iso,PSMB4,asd_d_proband vs sibling,2.2655178373758704,2.084624128197951,2.4621086372559073,1.8291812010020033e-93,5.951371693260089e-91
Wen,M59-iso,PSMB4,asd_da_proband vs sibling,1.4177522130461517,1.3059497241460662,1.5391261244084817,9.00658652462174e-18,1.2860502075126026e-16
Wen,M59-iso,PSMB4,proband vs sibling,1.6503946072799145,1.5263895746662863,1.7844739016473739,1.3294259542273553e-40,6.582103501636525e-39
Wen,M6-iso,TNRC6C,asd_d_proband vs asd_da_proband,1.7982731269061307,1.6726706195966417,1.9333072519277996,5.575066830137449e-56,4.7914017757124677e-54
Wen,M6-iso,TNRC6C,asd_d_proband vs sibling,3.1786870574202104,2.816194657977242,3.5878384260085507,1.3883642142858745e-96,4.864614612363198e-94
Wen,M6-iso,TNRC6C,asd_da_proband vs sibling,1.7676330752320344,1.5660203224724867,1.995201878173042,1.8741362207260598e-22,3.513041352019425e-21
Wen,M6-iso,TNRC6C,proband vs sibling,2.1694337242529813,1.9321676627021949,2.4358355513227345,1.434181711613547e-47,9.200982670985502e-46
Wen,M60-tr2,RIC8A,asd_d_proband vs asd_da_proband,1.5263420809167052,1.3832866366289573,1.6841918994132847,7.966713513285835e-17,1.048797111358872e-15
Wen,M60-tr2,RIC8A,asd_d_proband vs sibling,1.811950334411768,1.5789081640642184,2.0793888391354107,1.7111152730772972e-18,2.5808377711480426e-17
Wen,M60-tr2,RIC8A,asd_da_proband vs sibling,1.1871194256293645,1.0374135910601008,1.3584288299775604,0.012108413290276256,0.029120286450479593
Wen,M60-tr2,RIC8A,proband vs sibling,1.3550540189850837,1.1929974510239714,1.539124323184101,1.5394596298208277e-6,7.365796863270873e-6
Wen,M61-tr1,COPE,asd_d_proband vs asd_da_proband,1.36731112429675,1.2091678870917524,1.5461374144844293,8.007811725536058e-7,3.943306206466675e-6
Wen,M61-tr1,COPE,asd_d_proband vs sibling,1.7299492197485342,1.4546785695141051,2.0573096803840305,1.8767046238233633e-10,1.4247315935859034e-9
Wen,M61-tr1,COPE,asd_da_proband vs sibling,1.265219882298771,1.0702931439196135,1.4956475799721147,0.005405755406808524,0.014224850305033407
Wen,M61-tr1,COPE,proband vs sibling,1.3776262929744,1.1749894880385747,1.6152095166932092,4.8259752687495095e-5,1.845702548207726e-4
Wen,M62-xy,PSMD3,asd_d_proband vs asd_da_proband,1.5140248553453841,1.3545895040352836,1.692225767123546,5.021849166200865e-13,4.71639648495772e-12
Wen,M62-xy,PSMD3,asd_d_proband vs sibling,1.847525980001356,1.5789995670612005,2.161718291749014,1.7229081327412607e-15,2.0490460952053374e-14
Wen,M62-xy,PSMD3,asd_da_proband vs sibling,1.2202745374215753,1.0464451991480117,1.4229793857258854,0.011012713775097507,0.02689700334883064
Wen,M62-xy,PSMD3,proband vs sibling,1.390404239893485,1.2022380313310794,1.6080209575248392,4.83850887312535e-6,2.1778071064314197e-5
Wen,M63-gene,RPL7A,asd_d_proband vs asd_da_proband,1.2065357337994203,0.9563875653477893,1.5221114636779403,0.11517377216455621,0.2078300710391601
Wen,M63-gene,RPL7A,asd_d_proband vs sibling,1.495521031805717,1.0864367165869147,2.058640988864546,0.013462005235521317,0.031903971825077836
Wen,M63-gene,RPL7A,asd_da_proband vs sibling,1.2395165678983022,0.9159006920162991,1.6774758830153227,0.18695212831245428,0.30999888768228223
Wen,M63-gene,RPL7A,proband vs sibling,1.2681656649357231,0.9499604863581108,1.6929589986289153,0.11589764582639599,0.2088266521911526
Wen,M64-xx,IMPDH2,asd_d_proband vs asd_da_proband,1.5371100138852134,1.2707869701400212,1.8592472619748903,1.3150209791412643e-5,5.505441691165863e-5
Wen,M64-xx,IMPDH2,asd_d_proband vs sibling,2.0024669213307957,1.520005145279827,2.6380659193662352,2.498342222784948e-7,1.3232498633471442e-6
Wen,M64-xx,IMPDH2,asd_da_proband vs sibling,1.3027479511823241,0.9939502521770687,1.707482060186048,0.060555915961373476,0.1191938055547329
Wen,M64-xx,IMPDH2,proband vs sibling,1.4840220039724852,1.1480118749633943,1.9183785083623235,0.0018844658776893972,0.005446536848271068
Wen,M65-iso,SATB2-AS1,asd_d_proband vs asd_da_proband,2.377375618398696,2.0837840697213994,2.71233229636516,3.218455375253118e-38,1.3961965937407573e-36
Wen,M65-iso,SATB2-AS1,asd_d_proband vs sibling,4.037275985169423,3.2202477324730023,5.061597347328428,1.708720341575935e-44,9.72902644484798e-43
Wen,M65-iso,SATB2-AS1,asd_da_proband vs sibling,1.6982070287608857,1.3473726084740631,2.1403931580581714,2.9506536887964516e-6,1.3686586102309407e-5
Wen,M65-iso,SATB2-AS1,proband vs sibling,2.4227786328022116,1.9456119382734407,3.0169717753541,7.232360794710529e-19,1.1167255396578462e-17
Wen,M66-gene,ARPP21,asd_d_proband vs asd_da_proband,2.304736375989775,1.9131123921358442,2.776527811249108,1.5124880462111413e-18,2.2964610168305828e-17
Wen,M66-gene,ARPP21,asd_d_proband vs sibling,4.265257356563869,3.066498127868072,5.932637020838543,1.1608480388075284e-23,2.3926076093974175e-22
Wen,M66-gene,ARPP21,asd_da_proband vs sibling,1.85064869066951,1.321930538108802,2.5908324813923653,1.603414035691355e-4,5.635455966492379e-4
Wen,M66-gene,ARPP21,proband vs sibling,2.594023888468208,1.8829781477281033,3.57357303485572,4.298100841166671e-11,3.428695154380768e-10
Wen,M67-xx,MEF2C,asd_d_proband vs asd_da_proband,2.0618775377784884,1.6957467437809046,2.507060088062753,4.588866683633227e-13,4.3365742207363795e-12
Wen,M67-xx,MEF2C,asd_d_proband vs sibling,3.9289708950243942,2.7831800879286894,5.546465484178295,4.694610768642708e-19,7.32327125039984e-18
Wen,M67-xx,MEF2C,asd_da_proband vs sibling,1.9055306743666034,1.3446814754934502,2.7003027981920975,1.4123848104181268e-4,5.022180180682723e-4
Wen,M67-xx,MEF2C,proband vs sibling,2.5254430508208823,1.8098832881396503,3.5239082236596526,8.774605755300063e-10,6.2255964509956055e-9
Wen,M68-iso,TMOD2,asd_d_proband vs asd_da_proband,1.710836128397269,1.566075039739852,1.8689782953922616,3.551355510027414e-32,1.1156154722879222e-30
Wen,M68-iso,TMOD2,asd_d_proband vs sibling,2.5920276830736553,2.2582129958595654,2.975187691390826,1.2016114683662238e-48,8.049029762364925e-47
Wen,M68-iso,TMOD2,asd_da_proband vs sibling,1.5150648504844801,1.3208435475513185,1.7378451107468322,8.227194915781138e-10,5.846314015816394e-9
Wen,M68-iso,TMOD2,proband vs sibling,1.8328068026388564,1.6085719165264014,2.088300026431634,1.369842282189705e-22,2.6216939476361795e-21
Wen,M69-gene,FAM8A1,asd_d_proband vs asd_da_proband,1.4912837797555267,1.3199110565774241,1.6849069493581272,2.0374567664768695e-10,1.533986044843329e-9
Wen,M69-gene,FAM8A1,asd_d_proband vs sibling,1.8858369668011106,1.5843551095539354,2.244686840663447,1.1654178894389313e-13,1.1692683890736414e-12
Wen,M69-gene,FAM8A1,asd_da_proband vs sibling,1.2645728414683521,1.066662085079174,1.4992043813581732,0.006765721566630059,0.01736217562591545
Wen,M69-gene,FAM8A1,proband vs sibling,1.4368428915918434,1.2227695985873412,1.688394524612924,5.624833042824029e-6,2.4971846501036505e-5
Wen,M7-tr1,DOT1L,asd_d_proband vs asd_da_proband,1.8724223504698507,1.6301921943765214,2.1506454702906503,1.2596967734622465e-18,1.925476108429709e-17
Wen,M7-tr1,DOT1L,asd_d_proband vs sibling,3.9264400303051303,3.0564124442413294,5.044126600331712,8.600030044619066e-35,3.159123939777407e-33
Wen,M7-tr1,DOT1L,asd_da_proband vs sibling,2.096984170969686,1.631006208696567,2.696091890914134,5.211100510738847e-10,3.767708385145309e-9
Wen,M7-tr1,DOT1L,proband vs sibling,2.63139227145356,2.0666258193688916,3.350497812119688,4.209069815769673e-19,6.5884237150621516e-18
Wen,M70-tr1,RAB2A,asd_d_proband vs asd_da_proband,1.6592364571195215,1.4432157422729655,1.9075911798873901,1.830786932763344e-12,1.6546100156224272e-11
Wen,M70-tr1,RAB2A,asd_d_proband vs sibling,2.3662958685360236,1.9152769678986037,2.9235229323485963,1.7957944848208568e-17,2.4938548409631104e-16
Wen,M70-tr1,RAB2A,asd_da_proband vs sibling,1.426135412094293,1.1564041779091896,1.7587814472502492,7.339027595623148e-4,0.0022896760752098245
Wen,M70-tr1,RAB2A,proband vs sibling,1.6979367497164854,1.3913760429726236,2.072041717692927,3.850498079682575e-8,2.2457130285472635e-7
Wen,M71-xy,TMOD2,asd_d_proband vs asd_da_proband,1.6749567499749585,1.4435631124352872,1.9434412601149373,1.8181610077211566e-11,1.497599166395998e-10
Wen,M71-xy,TMOD2,asd_d_proband vs sibling,2.3224573823845494,1.857739268861312,2.903425891566899,3.24274440509974e-15,3.7584480318649657e-14
Wen,M71-xy,TMOD2,asd_da_proband vs sibling,1.3865775235206947,1.1110288256267264,1.7304656588439584,0.0035170133694196228,0.009575610219788632
Wen,M71-xy,TMOD2,proband vs sibling,1.6645790584193263,1.3492091260116197,2.05366491250987,5.119709542083253e-7,2.6114531874791958e-6
Wen,M72-tr2,GNAQ,asd_d_proband vs asd_da_proband,1.6233113447653291,1.4219234681017916,1.8532219076189964,1.1784284638360318e-12,1.0822059783816784e-11
Wen,M72-tr2,GNAQ,asd_d_proband vs sibling,2.269554608627487,1.860673646737188,2.768286706577838,8.239614942318134e-18,1.1802341529012294e-16
Wen,M72-tr2,GNAQ,asd_da_proband vs sibling,1.398101858861573,1.148774909656256,1.701542043895336,6.48966410579535e-4,0.0020485391546706732
Wen,M72-tr2,GNAQ,proband vs sibling,1.6417730571323743,1.3623578146686843,1.9784954746130987,3.940911145310619e-8,2.2955051492186534e-7
Wen,M73-xx,TMOD2,asd_d_proband vs asd_da_proband,1.8435393937927198,1.5312073470604826,2.219580191402636,1.3825715037206444e-10,1.0637860134201918e-9
Wen,M73-xx,TMOD2,asd_d_proband vs sibling,2.3668606613567014,1.7991880747213909,3.1136430198634852,5.310376632128387e-11,4.206741836407792e-10
Wen,M73-xx,TMOD2,asd_da_proband vs sibling,1.2838676891451455,0.9751190219480681,1.6903744118722364,0.07503004179652518,0.14377864551248307
Wen,M73-xx,TMOD2,proband vs sibling,1.6039439822996808,1.2377260933664789,2.078518270030222,1.8974844702486477e-4,6.602782094715501e-4
Wen,M74-tr1,ZNF598,asd_d_proband vs asd_da_proband,1.5622016257924523,1.224347224598318,1.9932857857616724,4.529920171410912e-4,0.0014844450633652306
Wen,M74-tr1,ZNF598,asd_d_proband vs sibling,1.9913342959167186,1.4018472258064163,2.828705015136738,6.235506915035268e-5,2.3589789366004193e-4
Wen,M74-tr1,ZNF598,asd_da_proband vs sibling,1.274697364949023,0.9026689051479944,1.8000546633891024,0.18445720723050643,0.30675526354344224
Wen,M74-tr1,ZNF598,proband vs sibling,1.4722443433389372,1.061773609772233,2.04139883167605,0.018702407052283213,0.04289499704086104
Wen,M75-iso,DHX34,asd_d_proband vs asd_da_proband,1.7117686275027848,1.4002447940301337,2.0925996987064748,1.9030769157285254e-7,1.0270752785714967e-6
Wen,M75-iso,DHX34,asd_d_proband vs sibling,3.2141138588356517,2.2840570756194514,4.522885179985134,9.41356529302923e-14,9.592570449608086e-13
Wen,M75-iso,DHX34,asd_da_proband vs sibling,1.8776567155133368,1.3361926303504397,2.6385377835736783,1.4190712404472348e-4,5.042019890980619e-4
Wen,M75-iso,DHX34,proband vs sibling,2.2755000760464843,1.6419662176652698,3.153475717332401,5.237087974622364e-8,3.027276107157978e-7
Wen,M76-iso,MBD3,asd_d_proband vs asd_da_proband,1.6078284661594677,1.4039200390937059,1.8413530006035914,1.0201147217857035e-11,8.620821071862486e-11
Wen,M76-iso,MBD3,asd_d_proband vs sibling,2.3801570115763946,1.9339216398418106,2.9293572619724477,2.207343714872705e-18,3.2965411872934987e-17
Wen,M76-iso,MBD3,asd_da_proband vs sibling,1.4803550637847245,1.2057612717721928,1.817483415810946,1.2358556628771602e-4,4.436030373841974e-4
Wen,M76-iso,MBD3,proband vs sibling,1.737811567236722,1.4294434624309749,2.1127026864608025,3.950141749564323e-9,2.5851861593772254e-8
Wen,M77-iso,PACS2,asd_d_proband vs asd_da_proband,1.7425055644800667,1.599796767953383,1.8979446033813168,1.3766609723412262e-36,5.700627935467532e-35
Wen,M77-iso,PACS2,asd_d_proband vs sibling,2.644951697388941,2.3139094053706777,3.0233549616433457,6.478303506641563e-54,5.087702150474537e-52
Wen,M77-iso,PACS2,asd_da_proband vs sibling,1.517901435326635,1.3284556405306063,1.7343633442260777,2.0135844882131435e-10,1.5185227390415345e-9
Wen,M77-iso,PACS2,proband vs sibling,1.839968803446317,1.6208314696776518,2.088733628999054,3.399251902713286e-24,7.373139246123341e-23
Wen,M78-gene,TSC2,asd_d_proband vs asd_da_proband,1.2890765558570068,1.076856074591337,1.543120205261208,0.006132601831142644,0.01589869171363389
Wen,M78-gene,TSC2,asd_d_proband vs sibling,2.3501043396714243,1.7622903398489553,3.1339843852380382,7.912593554648475e-10,5.640354247484163e-9
Wen,M78-gene,TSC2,asd_da_proband vs sibling,1.8230913664464425,1.3799600792020346,2.4085204930953314,1.0034146123405621e-5,4.303722748786497e-5
Wen,M78-gene,TSC2,proband vs sibling,1.9457176671131542,1.4873547041832396,2.545335843204385,2.0263753159450417e-7,1.0858987722505488e-6
Wen,M79-xx,TSC2,asd_d_proband vs asd_da_proband,1.368759631125642,1.1274396563177773,1.6617323306846168,0.0017775432275649555,0.005163717730585696
Wen,M79-xx,TSC2,asd_d_proband vs sibling,2.182761338267321,1.6204530640657977,2.940194421849104,6.581181782265066e-8,3.756551756668844e-7
Wen,M79-xx,TSC2,asd_da_proband vs sibling,1.5947002590018378,1.1941393697420253,2.1296248834086406,0.001092626270754563,0.0032959686511834668
Wen,M79-xx,TSC2,proband vs sibling,1.727021693164249,1.308428619656029,2.27953125134484,4.698543498479885e-5,1.8015038413784408e-4
Wen,M8-xy,KMT2B,asd_d_proband vs asd_da_proband,1.9926197363813385,1.750490616123937,2.2682403305927323,3.497360650106171e-25,7.965238880616804e-24
Wen,M8-xy,KMT2B,asd_d_proband vs sibling,3.793785633842774,3.0228322698649124,4.761365550790227,1.47708460409071e-39,7.082231970140194e-38
Wen,M8-xy,KMT2B,asd_da_proband vs sibling,1.9039185272411336,1.514098992645739,2.3941008982760636,5.139051699280626e-9,3.348838410618491e-8
Wen,M8-xy,KMT2B,proband vs sibling,2.44526520083228,1.9638532556848476,3.0446887439745005,3.181147094750034e-19,5.0138840887842234e-18
Wen,M80-tr2,MAPK8IP3,asd_d_proband vs asd_da_proband,1.228319960259753,1.0592311978339275,1.4244009502910007,0.00672769795049778,0.017293828535280692
Wen,M80-tr2,MAPK8IP3,asd_d_proband vs sibling,1.9419640377566312,1.5542188564701627,2.426443552811468,1.1120822247436824e-9,7.78115903795311e-9
Wen,M80-tr2,MAPK8IP3,asd_da_proband vs sibling,1.5809920058174127,1.2773011623821695,1.9568883173933123,1.3510157072490356e-5,5.645758299559043e-5
Wen,M80-tr2,MAPK8IP3,proband vs sibling,1.6606924354240962,1.3528482810843672,2.0385873298846477,3.644265521131029e-7,1.8884675140787073e-6
Wen,M81-xy,MIB2,asd_d_proband vs asd_da_proband,1.2841564832851662,1.0876795647311257,1.5161247181939768,0.0034776168247976674,0.009474009950330967
Wen,M81-xy,MIB2,asd_d_proband vs sibling,1.8355388043671197,1.440430243767673,2.339025243960994,3.8515300205444e-7,1.9823411574666374e-6
Wen,M81-xy,MIB2,asd_da_proband vs sibling,1.4293731552648408,1.1325377262947858,1.8040084401214644,0.0023573063071555783,0.006640402120651614
Wen,M81-xy,MIB2,proband vs sibling,1.5252454403859632,1.220712661458028,1.90575040865025,1.1366175988388644e-4,4.0992028208321674e-4
Wen,M82-iso,PRDM2,asd_d_proband vs asd_da_proband,2.412319935877148,2.0950887232697424,2.777585220328206,8.429349469239473e-35,3.12160055547852e-33
Wen,M82-iso,PRDM2,asd_d_proband vs sibling,3.963505619542066,3.121020586296767,5.033410181629539,9.74689094140862e-39,4.39575131070458e-37
Wen,M82-iso,PRDM2,asd_da_proband vs sibling,1.643026515925587,1.286004182863741,2.099165903195669,3.822864717810892e-5,1.485763548603124e-4
Wen,M82-iso,PRDM2,proband vs sibling,2.348136900906289,1.8622511346547823,2.960796641651616,8.826511264893996e-16,1.0749935511120896e-14
Wen,M83-tr2,ZMIZ2,asd_d_proband vs asd_da_proband,2.3349577893178326,2.0360231219374803,2.677782889178522,5.303654940491269e-34,1.8873553323388852e-32
Wen,M83-tr2,ZMIZ2,asd_d_proband vs sibling,4.2280351235668965,3.322813934358595,5.379862176834771,1.7029428832984025e-42,9.019656783051423e-41
Wen,M83-tr2,ZMIZ2,asd_da_proband vs sibling,1.8107544140239613,1.4159127499598712,2.315701689952425,6.417048668653675e-7,3.2262314222646237e-6
Wen,M83-tr2,ZMIZ2,proband vs sibling,2.5408271914266525,2.0107585876220284,3.21063048365634,1.1603313790642127e-18,1.7795654651978078e-17
Wen,M84-gene,SRCIN1,asd_d_proband vs asd_da_proband,2.6046568142674404,2.241636060812836,3.026466801952584,1.5982596781301802e-36,6.558624174669344e-35
Wen,M84-gene,SRCIN1,asd_d_proband vs sibling,6.019262390349536,4.46498896296155,8.114582146658803,1.408517275137529e-48,9.298255345291949e-47
Wen,M84-gene,SRCIN1,asd_da_proband vs sibling,2.310961796340319,1.702505055069509,3.1368743418658642,5.225468117744306e-9,3.3954361307168776e-8
Wen,M84-gene,SRCIN1,proband vs sibling,3.483328663613838,2.5992436086064314,4.668119039930662,1.654243825970352e-23,3.3489247232422015e-22
Wen,M85-xx,MRTFA,asd_d_proband vs asd_da_proband,2.074727836685128,1.7209689054816208,2.5012047472824728,2.4107722474378064e-14,2.577715396027983e-13
Wen,M85-xx,MRTFA,asd_d_proband vs sibling,4.310953553305241,3.0607765899383805,6.071766426810402,2.0425680230895907e-22,3.813072682447986e-21
Wen,M85-xx,MRTFA,asd_da_proband vs sibling,2.0778405133817532,1.4698563320413056,2.9373082966922373,1.0850447512773552e-5,4.631888792328408e-5
Wen,M85-xx,MRTFA,proband vs sibling,2.759764941597281,1.9803139021364178,3.846007708501549,7.681908305420642e-12,6.552639013331652e-11
Wen,M86-gene,PPP2R2C,asd_d_proband vs asd_da_proband,1.7278001104597176,1.5029762762590302,1.986254386619548,2.6519494582638935e-14,2.8157645180401015e-13
Wen,M86-gene,PPP2R2C,asd_d_proband vs sibling,2.253685366091304,1.835257230745192,2.76751271933241,2.006295687328512e-16,2.5670440606127446e-15
Wen,M86-gene,PPP2R2C,asd_da_proband vs sibling,1.3043669533576214,1.0631484785157033,1.6003156505352731,0.010995218375596794,0.026868680097018992
Wen,M86-gene,PPP2R2C,proband vs sibling,1.5754754964011892,1.2986147186649142,1.9113621646860788,1.5849036155129618e-6,7.5752738390992034e-6
Wen,M87-tr2,PPP2R2C,asd_d_proband vs asd_da_proband,1.7878112509550297,1.5846513995205265,2.017017162265779,6.996561462058608e-21,1.189154382823767e-19
Wen,M87-tr2,PPP2R2C,asd_d_proband vs sibling,2.7806596378865103,2.2963981492993493,3.367041566433182,3.4338718213253045e-30,9.899548193757445e-29
Wen,M87-tr2,PPP2R2C,asd_da_proband vs sibling,1.5553429571500412,1.2845671237742815,1.8831960351347954,3.1193286802464423e-6,1.4439575344026976e-5
Wen,M87-tr2,PPP2R2C,proband vs sibling,1.9182791122545675,1.5991631855169783,2.301075203480604,3.988403709533301e-14,4.1763629648101576e-13
Wen,M88-xx,FBXO41,asd_d_proband vs asd_da_proband,1.7290733202047264,1.5243568252734827,1.9612826190530679,3.2931559209213654e-17,4.491115335268509e-16
Wen,M88-xx,FBXO41,asd_d_proband vs sibling,2.3451684062723475,1.942300447654637,2.8315984071460765,3.0083524591825776e-21,5.190547519536606e-20
Wen,M88-xx,FBXO41,asd_da_proband vs sibling,1.3563151885280806,1.1242007987992306,1.6363543706754586,0.0011919061512709627,0.0035741491237914645
Wen,M88-xx,FBXO41,proband vs sibling,1.6483253512681695,1.3800488175318908,1.968753879657992,6.543277625732674e-9,4.215647748969212e-8
Wen,M89-iso,RIMS1,asd_d_proband vs asd_da_proband,1.7364913601993488,1.594977962915023,1.89056044293926,1.7868738617312546e-36,7.202841097509614e-35
Wen,M89-iso,RIMS1,asd_d_proband vs sibling,2.5729633713050744,2.2554843373891904,2.9351303400052156,3.822990768740684e-52,2.7208942111896585e-50
Wen,M89-iso,RIMS1,asd_da_proband vs sibling,1.481702374269054,1.2994620161620003,1.6895006538158421,1.3375754922049254e-9,9.287585925294871e-9
Wen,M89-iso,RIMS1,proband vs sibling,1.801775871039256,1.5905565055960085,2.0410442999274583,3.229554902137262e-23,6.452027447032994e-22
Wen,M9-iso,FNBP4,asd_d_proband vs asd_da_proband,1.8792594750980978,1.7413610365946626,2.0280780955408697,1.9492811296314857e-58,1.930212075102482e-56
Wen,M9-iso,FNBP4,asd_d_proband vs sibling,3.4791617624322044,3.052488050984954,3.965475496378946,6.418757812956041e-99,2.657949258001342e-96
Wen,M9-iso,FNBP4,asd_da_proband vs sibling,1.851347197411678,1.6234746404921774,2.111204178911589,1.5037571483536097e-22,2.8659472011509173e-21
Wen,M9-iso,FNBP4,proband vs sibling,2.3115444699314263,2.0384380966539957,2.621241157747808,3.5837352085753067e-48,2.3319876964372174e-46
Wen,M90-tr1,PPP2R2C,asd_d_proband vs asd_da_proband,1.6880200228642661,1.4923282780131741,1.9093731852245468,1.699084796543951e-16,2.2049376775662954e-15
Wen,M90-tr1,PPP2R2C,asd_d_proband vs sibling,2.4954613003984347,2.0638087478939284,3.0173954384780557,3.872086006292574e-24,8.203419422633803e-23
Wen,M90-tr1,PPP2R2C,asd_da_proband vs sibling,1.4783363150894895,1.2241223132384638,1.7853430469138345,2.8646949636734656e-5,1.1416172842985682e-4
Wen,M90-tr1,PPP2R2C,proband vs sibling,1.775007798634467,1.4835109719494515,2.1237811817953514,2.2808534059348745e-11,1.8652221299880348e-10
Wen,M91-xy,PPP2R2C,asd_d_proband vs asd_da_proband,1.6690483860412126,1.4684086831485894,1.8971029979021767,7.709855181029216e-15,8.779597587397019e-14
Wen,M91-xy,PPP2R2C,asd_d_proband vs sibling,2.403274738582494,1.9773786840953649,2.92090205865201,3.945718679068647e-21,6.782169276663278e-20
Wen,M91-xy,PPP2R2C,asd_da_proband vs sibling,1.4399071702665136,1.1865482893314634,1.7473647534000458,1.547429336871027e-4,5.455526802977963e-4
Wen,M91-xy,PPP2R2C,proband vs sibling,1.7180415443925283,1.4295031460759797,2.0648200434962733,9.810489085699217e-10,6.874888890055375e-9
Wen,M92-iso,SYT5,asd_d_proband vs asd_da_proband,1.4567896964932647,1.0603930077586077,2.0013676101984004,0.02296940367314644,0.05128707535842257
Wen,M92-iso,SYT5,asd_d_proband vs sibling,1.7664148392216859,1.1320574620886414,2.7562394036657634,0.012348348343520277,0.029603540370913086
Wen,M92-iso,SYT5,asd_da_proband vs sibling,1.2125393551819734,0.7864224785568102,1.8695443326635615,0.4602451084592142,0.6264979351334771
Wen,M92-iso,SYT5,proband vs sibling,1.3557721377671577,0.899613658434325,2.0432305271406883,0.15541888018899136,0.265740615338159
Wen,M93-tr1,REEP2,asd_d_proband vs asd_da_proband,1.929718677891128,1.6909600286157738,2.2021893556231555,2.738593130232933e-22,5.070850287890654e-21
Wen,M93-tr1,REEP2,asd_d_proband vs sibling,3.008397796130241,2.43341712318109,3.719237944676767,2.670130241851783e-29,7.326773043153538e-28
Wen,M93-tr1,REEP2,asd_da_proband vs sibling,1.5589825763711502,1.2591483087451323,1.9302147781550798,2.8869314563655042e-5,1.1484692387550106e-4
Wen,M93-tr1,REEP2,proband vs sibling,1.9786969861132957,1.615368321883041,2.42374553828679,9.15138462441667e-13,8.4552853882795e-12
Wen,M94-xy,EVI5L,asd_d_proband vs asd_da_proband,2.0530164797780586,1.7873822011416167,2.3581283642346964,4.4657858756052665e-24,9.417432714528698e-23
Wen,M94-xy,EVI5L,asd_d_proband vs sibling,3.706596502716149,2.9195355795484317,4.70583668518696,1.4839401036718309e-34,5.36456124779777e-33
Wen,M94-xy,EVI5L,asd_da_proband vs sibling,1.8054392350113286,1.4182566686669758,2.2983222313222123,4.475648672609337e-7,2.298374261976948e-6
Wen,M94-xy,EVI5L,proband vs sibling,2.3744355669038213,1.8860764874577522,2.9892447622722194,2.122533064205312e-16,2.7081619348613998e-15
Wen,M95-xy,LAPTM5,asd_d_proband vs asd_da_proband,0.9888601506506847,0.618188899230118,1.5817889948568888,1,1
Wen,M95-xy,LAPTM5,asd_d_proband vs sibling,0.8886946098044775,0.5024459379321413,1.5718668415271324,0.7693766523920222,0.8934250011833771
Wen,M95-xy,LAPTM5,asd_da_proband vs sibling,0.8987060599213177,0.5390227031268852,1.4984017880025622,0.6896581652668216,0.8308365360461181
Wen,M95-xy,LAPTM5,proband vs sibling,0.8715665294793313,0.5368351753364521,1.4150120003454738,0.6063276174555106,0.759786051584553
Wen,M96-tr1,COL6A2,asd_d_proband vs asd_da_proband,1.2131465509311998,0.9980364790552917,1.4746200012942934,0.052938572795190764,0.10627377658972849
Wen,M96-tr1,COL6A2,asd_d_proband vs sibling,1.0619462577246208,0.8352645136587815,1.350146972430846,0.670000489976461,0.8144788449006618
Wen,M96-tr1,COL6A2,asd_da_proband vs sibling,0.8753651872558026,0.6995175449275038,1.0954181444281,0.24004805424136616,0.37952755538681804
Wen,M96-tr1,COL6A2,proband vs sibling,0.9196449459048618,0.7450692462587986,1.1351251320264364,0.4408446818878263,0.6068442206101688
Wen,M97-gene,HLA-E,asd_d_proband vs asd_da_proband,1.0494708146498481,0.8199998046910595,1.3431576257713522,0.704123419965148,0.8407030610593051
Wen,M97-gene,HLA-E,asd_d_proband vs sibling,0.9468585249759869,0.7002418597313078,1.2803305798709554,0.7572089009838809,0.8837013948197738
Wen,M97-gene,HLA-E,asd_da_proband vs sibling,0.9022247324637631,0.6859761394845736,1.1866439968027702,0.4749993902271098,0.6399355878392444
Wen,M97-gene,HLA-E,proband vs sibling,0.8944793220572229,0.6902562341861985,1.1591250001982913,0.4121436943710686,0.5758853642341701
Wen,M98-xx,HLA-E,asd_d_proband vs asd_da_proband,0.9788700287057013,0.7428642731321969,1.2898541062665774,0.9440794995195021,1
Wen,M98-xx,HLA-E,asd_d_proband vs sibling,0.8424090525302779,0.6052866506163878,1.1724246868195298,0.30726420027702905,0.45948405524027164
Wen,M98-xx,HLA-E,asd_da_proband vs sibling,0.860593365642365,0.6408898216766931,1.1556135172345914,0.31405003459612235,0.46596023048382323
Wen,M98-xx,HLA-E,proband vs sibling,0.8424924743383546,0.6376041933123701,1.1132197321811317,0.23205513116820503,0.36893930976306244
Wen,M99-iso,MOB1A,asd_d_proband vs asd_da_proband,1.4249542010299112,1.2678465326214747,1.601530171663933,4.063839767687405e-9,2.655780508151525e-8
Wen,M99-iso,MOB1A,asd_d_proband vs sibling,2.2814362414085023,1.9039561129934217,2.7337559348617915,1.998493883522652e-21,3.474480778414382e-20
Wen,M99-iso,MOB1A,asd_da_proband vs sibling,1.6010593461597245,1.3420236544392319,1.9100937762505565,5.875469605563999e-8,3.374875668769737e-7
Wen,M99-iso,MOB1A,proband vs sibling,1.7863240126558566,1.5084638706082305,2.1153661949518825,7.14860502197512e-13,6.672519646536202e-12
