"gene_name","union_cds_length"
"SHANK3",7518
"SCN2A",24665
"ADNP",13134
"PTEN",11742
"ARID1B",51859
"SYNGAP1",12509
"CHD8",25738
"GRIN2B",32871
"DYRK1A",27815
"CHD2",17650
"ANKRD11",33054
"POGZ",15289
"STXBP1",11513
"FOXP1",49795
"DEAF1",4766
"EHMT1",23898
"ASXL3",13698
"KMT2A",33764
"KDM5B",29795
"TCF20",8346
"SATB2",10958
"DYNC1H1",47966
"KDM6B",7441
"NRXN1",37204
"PPP2R5D",3314
"TCF4",31201
"CDK13",27965
"TLK2",9945
"CTCF",14766
"MEF2C",27817
"NAA15",9712
"WAC",14991
"KMT5B",15440
"CTNNB1",22129
"AHDC1",9704
"GIGYF1",7357
"DLG4",12080
"NF1",28819
"ASH1L",14335
"EBF3",6045
"SLC6A1",24042
"CUL3",12469
"HNRNPU",35707
"MED13L",45343
"KMT2C",22212
"SETD5",11946
"EP300",13281
"TBR1",11014
"BCL11A",34428
"AUTS2",26766
"MARK2",6775
"BRAF",28197
"MYT1L",45374
"GABRA1",7256
"TSC2",25215
"SCN1A",23034
"ZEB2",32935
"DNMT3A",13960
"BRSK2",8062
"CNOT3",8298
"GATAD2B",9783
"MBD5",26517
"NR3C2",8547
"PPP3CA",7742
"TRIP12",13250
"RAI1",14492
"TBL1XR1",16622
"DLL1",3226
"IRF2BPL",4157
"SRCAP",14197
"ACTB",5528
"TANC2",23069
"ZNF292",13703
"TAOK1",17194
"CLTC",12000
"MED13",13756
"AP2S1",1860
"RORB",9591
"KCNQ3",17322
"SOX5",13986
"SON",18415
"SMAD4",13476
"DNM1",13043
"CIC",9762
"SHANK2",23754
"PTPN11",7363
"SMARCA2",24877
"SYNCRIP",8572
"PUF60",5642
"CAMTA1",10095
"MIB1",10033
"GRIN1",8184
"ZBTB20",33398
"POU3F3",3064
"PHF21A",14964
"TCF12",9932
"WDFY3",17617
"SMARCA4",16919
"TM9SF4",5625
"FOXP2",16152
"CSNK2A1",42140
"TUBB2A",2072
"KMT2E",9594
"SPEN",13556
"ZMYM2",14107
"RFX3",11593
"RFX7",13659
"SIN3A",15221
"KCNQ2",16890
"NSD1",15668
"QRICH1",7949
"ANK2",20991
"SETD1A",7147
"KCNB1",21035
"GRIN2A",23053
"GRIA2",9298
"SPTBN1",18988
"PRR12",8308
"NR2F1",4702
"SOX11",8719
"SKI",6343
"PACS1",9310
"CREBBP",18228
"TCF7L2",7749
"CHD7",17555
"SETD1B",8314
"CSNK1E",6716
"WDR26",11701
"KCNMA1",45666
"VEZF1",6055
"EEF1A2",5728
"FOXG1",5387
"ZNF865",4104
"CACNA1A",52404
"GABRB3",25241
"TRIO",19101
"NBEA",12404
"NABP2",2384
"YWHAG",3750
"PBX1",21739
"ATAT1",5669
"FBXW11",5710
"BRD4",12166
"MSL2",7750
"NSD2",20900
"ARF3",5690
"TNRC6B",22032
"SETBP1",14025
"PTPRS",8745
"SCN8A",15027
"KCND3",8333
"TUBB3",4819
"HIVEP2",10682
"ZMYND8",9085
"USP7",9830
"FBXO11",8939
"YLPM1",15059
"CNOT1",11920
"ZBTB34",6606
"PPP2CA",5870
"KCNA2",34250
"ZNF536",8960
"DHDDS",5596
"PPP2R1A",7922
"HIST1H1E",754
"REV3L",12562
"SETD2",14895
"DSCAM",9550
"XPO1",13751
"NR4A2",5347
"ZFHX3",22895
"ITSN1",22369
"SCAF1",4662
"ARID1A",18908
"EP400",19701
"MTOR",12511
"EMC7",1661
"LMTK3",5684
"PHF12",15276
"EGR3",8683
"NRXN3",16873
"GNB1",6705
"NCKAP1",23462
"PTK2",15067
"KANSL1",27682
"SMARCB1",20364
"PSMC5",6667
"PCLO",23649
"RAB14",4379
"KBTBD6",5178
"NFIB",13990
"YY1",9943
"MAGEL2",4319
"MAF",9129
"ATP2B2",17710
"PTPRT",12997
"MAP1A",10629
"SYT1",6641
"CGREF1",5048
"CAMK2A",7378
"GSE1",14774
"LEMD3",5562
"GABBR2",7789
"TLE3",19078
"JARID2",6015
"UBR5",13085
"KMT2D",21333
"CHAMP1",9427
"EFTUD2",11302
"ADGRB1",7458
"PTCH1",23424
"LRRC4",4618
"GSK3B",8326
"CAPRIN1",8024
"TRIM8",13904
"HNRNPD",8522
"AC097634.4",3320
"FBXW7",14734
"MEIS2",12941
"ZBTB7A",6228
"RALGAPB",12863
"PSMD12",6953
"LZTR1",11400
"SLTM",9103
"BCR",15386
"TOP3B",7672
"GNAI1",25041
"TRAF7",4489
"SPPL3",7278
"ACTG1",4146
"SRSF1",6483
"GABRA4",12760
"NACC1",4474
"CELF4",7476
"RANBP2",12426
"DIP2C",8818
"ZBTB18",3906
"GNAO1",15529
"PPM1D",5044
"HSF2",2702
"KIF1A",17004
"ZNF644",9184
"ZCCHC14",10048
"PLXNA1",10944
"BRD1",6005
"MAPK8IP3",11062
"CXXC1",6464
"INTS6",27204
"TAF4",10688
"MAP1B",12951
"PHF2",5569
"COL4A3BP",26310
"EXT1",8772
"BAZ2A",12227
"MKX",4106
"GRIK3",10509
"BCAT1",15918
"ZMYND11",5490
"SRPRA",4331
"EMSY",12286
"THOC1",9596
"KCNC1",18004
"FOXF1",3516
"NAV3",13533
"UBR2",8840
"CELF2",14945
"ARHGAP32",21902
"CSNK2B",3606
"PIK3CA",9494
"CTNND2",9657
"ABCA2",12644
"FEZF2",2193
"AGO1",13886
"GNB2",3036
"HDAC2",16228
"APBB1",6148
"PCDH1",9290
"ITCH",6664
"CACNA1E",18711
"CORO1A",7199
"CBX5",16517
"ZBTB17",5096
"ARHGAP5",14557
"RELN",13321
"PRH1",3971
"MED15",13158
"KIAA0232",8499
"HECW2",28339
"AP1G1",13554
"CSDE1",6193
"CBL",12502
"TRRAP",20310
"NFIX",6408
"EIF4A2",11433
"ATP6V1A",5130
"FAM120A",7231
"ANK3",33097
"SMAD6",9380
"RBBP5",4404
"UBR3",10149
"AMPD2",7454
"GRIA1",7636
"RALGAPA1",16209
"CDH13",11187
"PHIP",14163
"SNRNP200",12164
"CSNK1G3",5208
"LONP1",5245
"RYR3",21512
"MYCBP2",17418
"PLD5",12410
"TNPO3",4974
"ARID2",12729
"FAM155A",8503
"SALL1",6149
"HNRNPDL",6362
"RAC1",3177
"SLC2A1",5993
"SPAST",9893
"NFIA",11197
"TSC1",26549
"DLGAP4",9069
"NUS1",4676
"SCAF4",7491
"G3BP1",12700
"FBXL16",5780
"FBN1",18268
"LMBRD2",8527
"TRAPPC8",11313
"MACO1",3979
"DHX8",11150
"ABL2",18885
"GRM5",10352
"PTPN5",5497
"UBR1",10422
"XKR6",7603
"UNC5D",10816
"INTS7",5311
"HECTD4",22566
"GSPT1",8589
"AGRN",11209
"AGO2",16790
"ERBB3",9801
"DSCAML1",7035
"ATP2B1",10646
"AHCYL2",7002
"U2AF2",4276
"PRPF38B",6582
"SMARCC2",9868
"LRFN4",2828
"MTF2",5909
"INO80D",14373
"KIF1B",21395
"HNRNPUL2",5488
"EPB41L1",10120
"SORCS1",10157
"ATRNL1",9990
"CDKN1C",2913
"USP32",7907
"ADRM1",2356
"U2SURP",11989
"ROBO1",11351
"FADS3",7540
"ZBTB10",10705
"TUT7",6827
"DMWD",6424
"KCNH1",13448
"GPR4",3610
"GRIK2",7993
"USP4",8305
"ANKRD35",3363
"ARID4A",7568
"ATP1A3",6726
"PSMD11",10266
"FUBP3",5507
"PTPRD",11972
"MAST3",7064
"MAP3K12",10802
"STARD7",4859
"PSMA3",3276
"NOC4L",2090
"DOP1A",10195
"CSNK1D",12458
"BCL9",6420
"GABBR1",9210
"MAP2",11596
"DDX50",3134
"OTX2",4414
"TRIM33",10476
"ILF3",14035
"PSMC3",2541
"HDGFL2",5106
"CHD3",10257
"SECISBP2L",9149
"ZNRF1",17091
"PSMA7",1750
"CASKIN1",5920
"SPTAN1",17275
"MTA1",7278
"TLE4",8307
"VPS33B",4304
"ASPHD2",3357
"DGKB",13557
"GABRA5",4517
"TNRC18",12604
"SOBP",7493
"TCERG1",8798
"NRDC",6773
"PHF21B",5819
"MARCH4",4447
"GBF1",6641
"GAD2",6994
"ZDHHC18",6268
"RALA",3665
"EIF5B",8177
"UBN2",16479
"GPRIN1",4211
"MYH10",9108
"TRPC6",5866
"USP15",19558
"BIRC6",17936
"OTULIN",8614
"CNNM2",16324
"ATXN1",20864
"LRRC4B",3540
"PLAG1",9303
"DCAF11",8197
"ATXN2L",8130
"YWHAE",6821
"CAMSAP1",9864
"GALNT1",5356
"UNK",5718
"CCNK",8482
"WDR17",8121
"SSBP3",5468
"PPP1R12B",21069
"FRMD3",7031
"ENC1",6508
"CACNG3",3088
"UNC79",12887
"KDM5A",12806
"BACH2",11192
"AKIRIN1",3159
"CSTF3",4873
"GRIN3B",3759
"MAP2K1",3759
"FBXL19",4746
"RTF1",5770
"PURA",12376
"SREK1",19452
"UBE3A",15404
"ZNF532",12995
"PRIM1",2496
"SYDE1",4825
"BCL11B",10090
"ZNF407",14710
"MYH1",6024
"FBXO21",10675
"NEUROD2",8283
"PUM1",8747
"ADCY5",9666
"ECPAS",8852
"LAMB1",8519
"CLIP3",3949
"SYK",5210
"ARFGEF1",12745
"KDM4B",15099
"CTNNA2",7535
"MPP6",9369
"ACSF2",6415
"HIVEP3",15945
"DLC1",14791
"KCNT1",12363
"ULK1",7951
"USP34",19029
"BAP1",7002
"ZNF250",9474
"EPS15L1",8803
"DGKZ",14940
"TUBA4A",4302
"CDC42BPB",8009
"XPO4",10606
"LHFPL4",5520
"MEX3C",8463
"TNRC6A",13791
"CYTH3",6520
"OPCML",8093
"ASF1A",2517
"MEMO1",6117
"SEPT2",7986
"TPT1",8943
"ZNF318",9559
"PANX2",4174
"MFSD14A",2943
"UHRF2",11057
"NUMA1",20987
"BTBD10",3954
"MARCH9",4163
"DAB2IP",11120
"FBXO42",9823
"HDAC4",13459
"HCN2",3408
"MAP3K10",5070
"MAPK8IP2",5901
"THBS2",6954
"NEDD8",4119
"PSMC4",2556
"PDE2A",7753
"ABL1",6276
"TFIP11",6404
"COLEC12",8801
"PRKAR1B",5685
"STRN",8655
"MAGI2",34377
"EBF2",7425
"FMN2",9882
"MRTFA",8074
"MDGA1",18543
"DPP9",10453
"NCOR1",19773
"KCNA4",4717
"RCOR2",3533
"ZNF516",9947
"ESR1",13854
"INTS10",7256
"TAOK3",11877
"PATL1",4278
"PPWD1",3967
"GPR176",7272
"ZFYVE9",5809
"GLS",10087
"SET",4459
"ZNF423",10600
"ADGRB2",8071
"SEC24B",5219
"UBB",2099
"PHF23",2783
"ZNF205",2401
"CCDC117",4657
"EIF3M",7574
"BOC",13964
"MLXIP",15506
"ARHGAP20",8959
"STMN2",2425
"STK3",13493
"CBFB",4129
"FAM169A",6886
"XPR1",9639
"ARID3B",6871
"RBM12",18309
"FUT8",7703
"PSMD6",9669
"CLIP2",7501
"ELFN1",3845
"PFN2",4751
"HOOK3",16072
"ZRANB2",5519
"LHX6",8246
"SMTN",12315
"EDEM2",1919
"CEMIP",7621
"ABR",14239
"OSBP",5859
"RIT1",4384
"ADGRB3",6617
"UNC13C",14440
"CLCN1",3306
"EPHA4",8098
"CABIN1",9645
"BMPR2",11900
"ZNF362",3331
"CACNB1",9989
"UBA2",4971
"ETV1",16331
"GPATCH2L",22897
"ZBTB26",6490
"CACNA1D",22019
"EBF1",6680
"KCNK12",6685
"DEDD",3199
"ELAVL3",5215
"KAT6A",35839
"PI4KA",12481
"SLITRK5",21103
"LPIN2",6800
"NOS1",13795
"PLEKHM3",12356
"ZBTB45",3834
"FAM89B",3576
"ANKRD13B",4681
"ATP6V0A1",13035
"FAXC",12449
"CNTNAP1",6045
"MPPED1",5821
"ELAVL2",6214
"HELZ2",13731
"NFATC4",12198
"NPAS3",9581
"GRM1",7272
"NOP56",11570
"RANBP9",3507
"WDR1",8406
"IRX4",4122
"DCTN5",12889
"PIK3R2",5496
"GALNT17",4870
"ACHE",4930
"ZEB1",8939
"PHF3",10673
"MYB",5907
"RARA",4803
"AP1B1",7043
"PNN",4802
"PTPN23",6363
"CAMK4",14186
"GREB1",12701
"MSANTD2",4501
"RIC1",9171
"SPRY1",3963
"ZBED6",16163
"ETV6",7145
"KCNA1",10791
"ABCC4",8764
"MAST1",7031
"ALAS1",2536
"ATP6V0C",1836
"ASXL2",21589
"ELF2",8994
"CAPZA1",4209
"MAPK1",11593
"CUX1",17789
"TNRC6C",11493
"TUBG2",2885
"CLCN7",10521
"ATAD2B",10777
"ZNF217",6870
"TECPR1",11239
"TRIM39",4654
"DICER1",14584
"MAP3K5",5303
"KSR2",18294
"ZC3H7B",10583
"OSBPL6",11512
"NRXN2",11141
"LDB1",2963
"MAPK8IP1",3498
"PHF14",16416
"AJM1",4387
"PML",15842
"ZNF668",5262
"EIF5A",2926
"RPS5",4009
"MMP21",1919
"NSMF",6478
"PAK5",4929
"CORO2B",3998
"CRIP2",5233
"PPFIA2",9740
"EYA4",9316
"JAG1",10392
"SLC44A5",6299
"NBEAL2",11484
"MAN1A1",5014
"MYH13",6120
"TCF3",7423
"TMEM184C",4812
"PREP",3762
"STT3A",7534
"CAMTA2",7664
"LRFN1",3381
"PHRF1",5769
"RRAS2",3453
"ATG16L1",6351
"KDM3B",8294
"DIP2B",10543
"PCF11",10135
"SKIV2L",6884
"EIF4G2",12126
"RICTOR",16441
"CTR9",6218
"PPP1R10",5486
"UBE2E2",3274
"ZSWIM8",9312
"CKAP5",8923
"PKNOX2",6756
"SLC8A2",8308
"ZNF618",10384
"DAAM2",13853
"KLHL1",4149
"ITPR3",9870
"TRIM23",5172
"ARVCF",6809
"PCBP3",8096
"CDH22",5183
"TRIM2",9425
"BRSK1",3999
"RUNX1T1",16473
"PRPF19",2739
"ZC3H14",21721
"REXO1",7070
"ZIC2",3528
"RMND5A",6804
"FBXO38",8926
"ARID5A",3565
"EED",8282
"CPD",13048
"PSD3",26534
"ZBTB3",3746
"PITPNM3",10862
"PTPN14",19056
"NFRKB",6864
"GALNTL6",9730
"RC3H2",14358
"KIF21B",12734
"KLHL20",4254
"ST8SIA2",5903
"MYBL2",2924
"CYLD",13567
"FAM131A",10460
"JPH4",6382
"SOX6",20050
"USP22",7869
"INSRR",5101
"LRP5",6164
"RNF216",8221
"CHRNA2",8037
"PPP2R2D",7973
"XPO7",7089
"KIF3A",8142
"LINGO3",2241
"SLC6A17",6644
"ZNF335",7662
"MMP24",4414
"GOPC",4628
"FBXO31",9772
"KCNJ2",5577
"MACF1",49060
"CPA6",2985
"PSMC2",3547
"RGL1",5305
"PXN",8778
"PPIG",7674
"GPBP1",7372
"CBX6",11016
"NUMBL",7127
"EIF2AK4",12323
"DMRTA2",3225
"CCAR1",6193
"APBA1",11384
"C1QC",1335
"EIF2AK2",13627
"LEO1",2679
"GTF2IRD1",6725
"RBM5",14861
"TRIM24",9223
"ARF5",2106
"SEMA6B",4767
"GLCE",6630
"CFI",5184
"PRKRA",4238
"ZNF462",15075
"NCL",7054
"IRS2",8138
"ICE1",8678
"SSR2",8690
"ATP6V0D1",8655
"PHF20",8817
"NKX6-2",2879
"INF2",9550
"HIST1H2AC",1668
"NWD2",8325
"CAMLG",2221
"HSF1",7210
"JUN",3540
"ARHGAP21",14967
"NR2F6",3040
"CTDSP2",7207
"HGS",9555
"EIF3F",10708
"TLE2",4892
"ZFP62",8132
"MAFB",3393
"MICAL3",25790
"ZNF24",8257
"KIDINS220",17328
"ZNF208",9380
"YWHAZ",12344
"DGKG",12015
"ADCY1",14200
"SCN4A",8243
"TANC1",15224
"SLC1A2",39288
"NALCN",9140
"INPP5E",7705
"TOPORS",4098
"DDX19A",9104
"UVRAG",6352
"SACS",16164
"DIDO1",13691
"TUT4",19453
"RNF220",11011
"POU4F1",4547
"TXNL1",14299
"CDH10",4466
"ANKAR",5758
"PGAM2",857
"ATIC",4055
"SMURF1",6276
"ZNF282",3832
"JADE2",9877
"SMC3",4275
"PRKCI",5841
"ZNF853",3857
"CEP170",12908
"RASGEF1B",13594
"KAT6B",38631
"GLRB",3459
"DENND4A",10888
"PRKCG",3489
"ACSL3",7306
"KBTBD2",6094
"TLK1",9902
"TDP1",6463
"WASHC2A",5224
"SLIT2",10588
"ZKSCAN8",7565
"ZFYVE26",17043
"DLGAP1",13303
"UBA7",6279
"SP1",8238
"PCDHGA9",4749
"BOD1L1",16826
"RBM12B",14959
"DOCK3",8755
"RNF207",6901
"C1QL2",2043
"GRINA",3336
"GPS1",7602
"EIF2AK3",5603
"EEF1G",2912
"AKIRIN2",1999
"TACC1",13707
"DUS3L",4064
"MAP2K7",5413
"ARCN1",4177
"RB1CC1",7915
"MED23",8318
"C6orf62",4440
"APBA2",6869
"ARPC5",12253
"NUAK1",7385
"ITGA8",7729
"DNAJA1",2730
"LHX9",10620
"BAIAP2",11666
"USP20",7043
"DYRK2",9556
"ZMIZ1",12931
"RGS9",7020
"POLE3",2690
"YTHDF1",3301
"DHTKD1",5362
"LASP1",8744
"ARHGAP30",5841
"MACROD1",2111
"PRKCB",11850
"ARID4B",12543
"TARDBP",11859
"ODC1",3236
"ARF1",3392
"NUDC",2975
"ADGRL1",10597
"HIRA",4326
"SRC",6776
"CDK7",2416
"KIF3B",6103
"PPP1R2",5684
"PAN3",6352
"ARPC2",6758
"MYCN",2602
"SMARCD1",6233
"PJA2",5217
"PSEN1",10133
"CWC15",3044
"CACNA1C",19372
"CGGBP1",11713
"SOX9",3935
"PHLDB1",23358
"KIAA1324L",9047
"PDZD2",15744
"APH1A",4028
"PRPF31",2817
"GRIK5",5644
"LMBR1L",8424
"TPO",8855
"DUSP8",4668
"UBC",6169
"TMEM151B",5594
"CHD4",16267
"SLC4A2",8298
"SLC17A7",6214
"PCDH10",10161
"RSBN1",8268
"TRIM27",8632
"SLC17A6",5018
"TET3",13523
"EEF2K",8532
"NKX6-1",3086
"ABCD3",7646
"ANKRD12",12252
"PNPLA7",10774
"HS6ST3",7806
"ZNF441",4748
"NOL4L",9708
"TBC1D20",9333
"CNNM1",6413
"ADCY4",11801
"TNS3",12181
"SUGP1",6128
"PSMB4",4518
"CDYL",4531
"CBX1",3195
"NPTN",4204
"GDF1",2517
"CAMSAP2",7777
"PNLDC1",2350
"MAB21L1",3028
"TRAF4",5395
"COL11A2",6740
"SIX2",2205
"FYN",9014
"RPL17-C18orf32",1788
"FGF12",7397
"ANKRD17",13740
"THBS1",9715
"PAX5",10014
"TUBGCP3",7695
"ATRN",8753
"PAX2",6412
"ZUP1",2656
"ARIH1",23624
"RC3H1",11969
"SHH",5248
"TMEM165",7334
"ESCO1",5288
"ZIC5",4639
"OTUD7B",12305
"KIF2A",5197
"NPR3",11051
"NFE2L1",7049
"ZFAND5",9113
"ERBB2",11039
"TPST1",2923
"LRRK1",17973
"PAPOLG",8624
"ADD2",15507
"ARHGAP42",10803
"NAB1",5362
"POLE",18879
"WDR76",4370
"AFF3",18219
"LY6H",2009
"WASF3",5162
"ADAMTS2",9077
"EFCAB5",7284
"MAPT",18041
"TNC",10370
"PCBP4",4169
"MTMR11",5646
"EIF4A3",6443
"IWS1",5366
"OTOF",7956
"UNC119B",5195
"EPHA3",6674
"SLC25A1",2317
"NAA25",10571
"DCAF6",6306
"ZBTB4",6126
"SESTD1",12179
"BABAM2",3392
"TAF6L",3385
"MALRD1",7892
"FIZ1",7528
"ZNF569",7156
"RPL24",2936
"PTPRZ1",10817
"ARHGAP15",6612
"CEP85",5196
"SDCCAG8",5322
"RNF20",4694
"ABCG1",6493
"MATK",4506
"GZF1",6051
"ARHGEF28",16243
"INPP5J",6301
"VPS26B",7324
"KIF5B",5877
"CUX2",7648
"ZNF583",8762
"LCK",3986
"TGFBR1",6844
"MICAL2",22662
"RNF19A",7012
"IPO11",7655
"CPE",3201
"ATG12",10036
"RBFOX1",11439
"INTS5",3285
"KAZN",14133
"GOLPH3",3097
"CARMIL3",7236
"CSE1L",3912
"CDKAL1",4602
"KARS",4833
"SLC4A8",18274
"CRHR1",3741
"PIGK",5802
"ATAD2",7906
"ADAM23",6421
"EPG5",13740
"PPFIA1",12619
"GCN1",9654
"DDX39B",11176
"CEP95",9106
"CBLL1",5744
"LRRC8D",4997
"ZSWIM7",3144
"POM121",9822
"P2RY2",4640
"KCNH5",13209
"CARMIL1",6799
"NCAM1",13494
"KCNN3",14993
"PLCG1",10943
"GNAL",9015
"ZNF483",5785
"ITM2C",2611
"PRKCA",11317
"GALNT2",7743
"FAM208B",12088
"VWA8",7633
"NKX2-2",2092
"WASF1",3421
"DPP10",10139
"CCDC28B",3012
"CARNS1",6216
"TNK2",13380
"SLC8A1",23106
"SCMH1",4740
"FASN",9652
"GAL3ST1",5252
"BRPF3",8135
"THRB",25385
"CDK8",3636
"NLGN2",5877
"LBR",5257
"BRPF1",5828
"MYH6",6493
"GET4",5915
"DDB1",15196
"HSP90AB1",2980
"TMEM121",1904
"NFXL1",4517
"HSPA8",6390
"DNAJC10",21925
"ZNF484",6514
"PRPF4B",9313
"ZBTB5",4627
"NMT1",7793
"INO80B",2278
"POLR3B",4858
"RPL35",1562
"ARMH3",4747
"FAM57B",5016
"TIMP3",4603
"LCORL",20821
"CAPN15",8888
"GFAP",25995
"PDCD6IP",9618
"ABHD17C",3627
"DENND1A",10637
"DPY19L1",6851
"MTSS1L",5772
"SHANK1",8036
"DUSP10",2914
"ATF7",12936
"KCNH7",4974
"DCAF7",6733
"SPRED2",6331
"USP24",11772
"CHN2",9239
"SCARF1",8184
"AGPAT1",3840
"HUNK",8294
"KRAS",8527
"RBM15",7616
"USP38",7787
"GDA",8409
"LRRC8A",5230
"GDAP1L1",3812
"C16orf72",15875
"ZFR",7182
"UBTF",8561
"LEPR",11370
"ACTA1",1495
"GOLGA5",3295
"ADIPOR2",6185
"YTHDC2",13178
"EHBP1",8622
"WTAP",7589
"SUPV3L1",4327
"BMP2K",9938
"SMG8",4360
"HLF",6938
"ABCC5",11741
"ALAD",5209
"DCAF15",3147
"PROX1",8928
"RASA3",4763
"SP8",5101
"CAPZB",3704
"SOGA1",16317
"TECPR2",9574
"ZCCHC4",4682
"TBX2",8151
"IL1B",3559
"IGF2R",17990
"TCF7L1",4517
"INSYN2",4407
"SEL1L",9811
"CORO1B",6246
"FAT4",16439
"CBX4",3232
"ITGB1",6489
"HCRTR1",2558
"EPOR",3921
"CELF6",5185
"KRT18",3750
"ZFHX4",15805
"TCP11L1",5591
"CDAN1",6275
"MRAS",6365
"NPEPL1",11703
"EPAS1",8264
"TMEM8B",16258
"WDR37",6355
"PPME1",8331
"MORC3",6866
"ACAD9",4590
"CACHD1",6359
"FAT1",18210
"C20orf27",2534
"WARS",8337
"CDK19",7492
"XRCC6",3453
"AGO4",7349
"STXBP5",11981
"DCAF5",14264
"ACVR1C",9497
"CHRM1",5172
"IQSEC3",8406
"ATP1A2",6358
"WDR81",10523
"KAT8",5201
"RAB4B",4365
"DNM1L",7800
"ARHGAP29",16132
"GABPB2",9347
"PLXNA4",16372
"PTPRF",11217
"ANP32A",7738
"SEMA5A",12097
"RPS25",2117
"KCNK4",3110
"NTNG1",9598
"STAG1",9392
"GDF5",2646
"UBE2R2",4075
"HSPD1",4294
"KCNH2",6651
"ARFGEF3",14877
"PITRM1",7701
"MNT",9596
"MRE11",8130
"RHOV",1705
"KLHDC10",6660
"ELAVL1",8479
"SRSF7",5676
"NFE2L3",6034
"GRIA4",10083
"BORCS8",8126
"GALNT13",6520
"BLMH",5672
"PHACTR1",11333
"OTUD4",9085
"SPTBN2",10174
"ATP8B1",7028
"TBC1D10B",7435
"ARHGEF2",9393
"KCTD1",9592
"BRMS1L",4024
"HIPK4",2452
"SNRPA",2807
"NKX2-1",4114
"ARAP1",9834
"COL9A2",5278
"HLTF",6302
"CPXM2",4859
"PPP4C",3286
"NUCB1",5079
"KATNAL1",8465
"FGFR2",9569
"KCNN2",7588
"ZFPM2",7775
"TFDP1",3743
"IRF4",5940
"AUH",2258
"USP40",9352
"H6PD",12022
"GFOD1",12994
"GPCPD1",8116
"BTBD17",1805
"HOXA2",3807
"RAB34",4486
"GATD1",6846
"IPO4",6818
"NOTCH1",10526
"GIPC3",4348
"NAIF1",6160
"KLF12",10923
"HSPA1L",2544
"TRADD",2567
"TMEFF1",2611
"PRMT8",6928
"CPNE5",6498
"IGSF10",13802
"GNG3",882
"LRRTM2",7833
"RABEP1",6531
"SLC38A9",9398
"IL18RAP",3315
"CEP170B",7199
"PCYT1A",8600
"L3MBTL3",5113
"MARCH8",8602
"HPCAL4",4962
"SNX32",4546
"IFT81",7216
"YTHDF3",6660
"MAML1",5942
"POM121L2",3570
"WDR70",7736
"SMARCE1",35030
"PLEKHG2",10672
"NAGLU",3285
"SALL2",9248
"TMEM63C",6434
"KAT5",3988
"GPR85",12811
"CAMK2B",8828
"PPM1E",6542
"PPP1CC",9163
"CDH23",20305
"AKAP3",4057
"TBK1",4762
"BRINP1",4142
"CHRM2",8374
"ZNF579",3369
"FAM126B",16366
"EML3",6326
"ZDHHC3",10346
"RNF149",5118
"ROBO3",8703
"HCN4",7228
"ATMIN",6537
"ATG3",6340
"BRD2",9204
"RHEB",3817
"HK1",6416
"SF3A1",6414
"PLEKHO1",7254
"CCHCR1",6898
"UBQLN4",3878
"GABRG2",30286
"SKIL",8891
"MYOCD",9130
"TASP1",2905
"ATXN7L3B",7604
"ELAVL4",6963
"GNG11",3055
"CPSF6",8246
"USP5",3875
"PPP3R1",3570
"SLC1A3",6857
"ACIN1",11041
"CDK18",7215
"GLIS3",16379
"MYH4",6016
"MAP4K4",12123
"POU2F3",6839
"DEF8",6927
"SEMA4F",6227
"ISCU",5901
"CADM2",9990
"PBX2",4996
"CHID1",8887
"ASIC4",6402
"GRAMD1B",16858
"RNPC3",7551
"STAG3",9038
"CDH24",3964
"FEZ2",9811
"SIDT1",8435
"SNRPA1",4415
"ZDHHC8",6735
"PSD",6338
"ZNF770",5892
"EGLN1",7265
"SNRNP70",5963
"CCDC62",4811
"KLHL32",4124
"PCSK7",24462
"ZMYND15",4256
"UBAP2",14408
"USF2",6575
"GPAT3",3468
"ZNF74",6660
"HS3ST3A1",3277
"HAL",6263
"WRNIP1",4044
"HCN1",17482
"TGFBR2",5081
"TMTC2",8512
"PPP2R1B",7874
"RNF214",4513
"NDST1",9529
"FADS1",11400
"ZC3H11A",13163
"MED21",3284
"PNKP",6293
"GREM1",16993
"PRICKLE2",27343
"JKAMP",4477
"INSIG2",3950
"PTBP3",15622
"PI4K2A",4189
"UBE2B",3462
"TUBA1A",6151
"WAPL",7921
"KMT2B",11028
"ASXL1",20323
"LAMA2",10358
"CLIC6",3860
"FOXD3",2086
"ZNF324",6749
"LIMS1",7771
"SELENBP1",3988
"SRSF3",9871
"EIF3G",3723
"GJA5",4080
"GMEB2",4707
"SAP30BP",10108
"TGM1",3996
"KCNA6",4237
"TMC2",5683
"GALC",7706
"CCT2",4676
"ARHGEF17",10349
"FBXO8",2810
"MFSD6",6169
"FOXO6",2875
"HPCAL1",6441
"PLXNC1",9887
"CACNB2",9198
"BRD3",7191
"CTXN1",1274
"TUBG1",2411
"SRP72",6563
"TECTA",8880
"METTL16",10945
"SMAD3",9752
"EPS8L2",7874
"AMFR",5899
"LINGO1",5859
"TSC22D4",3882
"LPGAT1",8855
"KIT",5563
"UGGT1",11349
"MYBPC3",4280
"DAPK3",3595
"GLUD1",3519
"ODF1",1270
"ACVR1",3990
"CRYBG2",7680
"PDE4D",24136
"STK24",16276
"CHRM5",5817
"EIF2B1",3923
"LOXL3",6155
"EYA3",7684
"CPNE2",8638
"TSPAN14",18008
"SF3A3",5009
"RPS20",4169
"PCNX3",7972
"ZBED5",11646
"ZFP3",5206
"MEX3B",5034
"CSNK1A1",9916
"C1QL4",2071
"FBLN2",5123
"TBCEL",7546
"FLYWCH1",10170
"ENY2",7133
"MSL1",7947
"LYSMD1",3117
"INPPL1",7542
"HOXA9",4128
"ZNF467",2734
"INTS11",12163
"NFYC",6564
"PGM3",8550
"SIPA1",4890
"MKNK2",9255
"TWSG1",4435
"POLR3A",8976
"VPS28",7477
"SPAG17",9937
"BTG1",5184
"INSC",3435
"NR2F2",6470
"YEATS2",10494
"TEK",4940
"C3",8685
"KCNN4",4219
"LRRC4C",5521
"HMGXB4",6254
"TBC1D5",12393
"YME1L1",9366
"PDZD8",11410
"PTPRU",6682
"KCNC4",27592
"DAPK1",9378
"NCBP2",6122
"TNFRSF21",3595
"TMEM94",10508
"RNASEK",2516
"SENP3",4650
"RHOBTB1",5201
"CBX7",8325
"HPSE2",5043
"PPARGC1A",13017
"ETNK1",8191
"HERC4",15967
"TRPS1",11738
"CDC42BPA",14905
"PRRX1",8246
"IKZF4",7387
"ETF1",4601
"DPP4",5101
"PAPSS2",4083
"HELQ",3713
"IGSF3",7743
"CD44",10623
"DHX57",9891
"ZSWIM6",5501
"ZNF827",9616
"ZNF143",4352
"HOMER1",6444
"CCDC85C",21128
"VPS26A",3565
"PSME4",11144
"PHF10",5774
"TGM6",2292
"NCK2",2990
"FCHSD1",7095
"EZH2",5418
"PICK1",4695
"WDR24",4167
"EYA1",13239
"IMPACT",7624
"CTSH",6536
"SIX1",9090
"PPP1R9B",4298
"MTMR2",7599
"ASB8",5978
"LSG1",4818
"RIC8B",7911
"BMP7",6177
"DPT",1786
"ZNF276",9276
"NGLY1",9215
"MADD",8413
"IL12RB1",4462
"CPT1B",5122
"CTBP2",12388
"RTEL1",6805
"H1F0",2344
"TFAP4",8178
"SLC5A1",5310
"ARHGAP10",10883
"FBXL4",8832
"FGL2",5250
"CAMK1G",2676
"OPRD1",9651
"LUC7L2",6486
"COP1",4502
"STARD9",26189
"LTBP3",10872
"DPP8",10837
"STRADB",3453
"CTDSP1",5263
"PSMC6",8122
"SYNPR",4458
"H3F3A",3146
"NDEL1",9325
"MOB3B",7087
"TM6SF2",2390
"SEMA6A",13188
"BAZ1B",7360
"SHC1",5472
"THOC5",8549
"CCDC47",5547
"TUBA3C",1668
"SI",6138
"EIF4B",6438
"ZNF565",5520
"HPS3",6510
"CREBL2",3922
"ZNF454",2662
"LMO2",3483
"CERS2",5160
"RALGPS1",10507
"MAP3K11",13131
"ANO3",7901
"CLEC16A",12906
"DFFA",6904
"STAB1",11792
"AKT2",18580
"MYO5A",13843
"SND1",6500
"ARHGAP44",9410
"SNIP1",7154
"TMEM184B",8335
"GRIK1",4350
"ROR1",6715
"CHP1",4178
"CTH",2467
"RNF150",13816
"SUPT5H",8968
"TUBA8",3911
"HBS1L",12106
"ARHGEF1",9643
"POMGNT1",7486
"XYLT2",6868
"SLC6A9",5984
"DBT",11303
"FEV",2049
"ANGPTL1",4096
"COL12A1",12786
"SATB1",17291
"KHSRP",5180
"RAB11FIP4",16088
"CRBN",10593
"ARSJ",7074
"RCN3",2264
"HTR7",3131
"STAC3",2621
"HNRNPK",5866
"SRGAP3",19081
"DDHD1",23037
"NRP1",12512
"BZW1",8215
"ANO5",7547
"SP9",2554
"GPI",11757
"DGKE",14528
"CCDC71L",5807
"CCDC88C",12928
"POLR2B",6163
"PDP1",5603
"PCDH8",9124
"RYBP",7215
"METTL2A",3935
"SESN3",10804
"MAP1LC3B",5518
"FBXO28",6044
"B4GAT1",2072
"GNAS",14613
"PPP4R3B",10244
"S1PR2",3643
"ARPC1A",2338
"CEL",2384
"KLHL25",7219
"PSMC1",6562
"CDH19",7613
"EGR4",2377
"IRX1",1858
"NGEF",4678
"RNF169",8163
"SLC4A5",8674
"DAGLB",6432
"SLC12A5",13363
"FARP2",14953
"OTUB1",6233
"WDR88",1841
"RIMS1",12788
"PRR36",5119
"MTREX",7054
"CYP26C1",4364
"PCSK2",7733
"FBXO10",6337
"SEMA4A",7084
"MDM1",10061
"TNFAIP1",3962
"RFX8",2854
"TROVE2",9272
"RAB27A",5962
"TRA2B",12326
"HSPA4",5548
"USP49",11426
"DCUN1D3",7622
"EXOC3",9484
"ANO4",5112
"ISL1",3009
"ATR",13114
"RIF1",20414
"KAT2B",5717
"ATP8A2",10415
"MGAT5B",6768
"MED24",7688
"ARNTL",6998
"CDH4",7351
"NTRK2",20842
"GLIS2",4469
"ACTBL2",2794
"CHRM4",1511
"ZNF366",4362
"BLK",5332
"KCNQ5",7570
"STRBP",9203
"ZBTB14",6924
"TMED7-TICAM2",6764
"GFPT1",8926
"TMEM127",9139
"ARHGEF7",12080
"IL27",1270
"AXIN2",6709
"AXIN1",7885
"CABP1",6209
"SH2B1",9132
"MBNL1",10753
"DHX30",8209
"ZNF699",5247
"RTL1",9591
"ELMO2",7447
"HYDIN",24617
"ABHD16A",5090
"TAPT1",8353
"HDAC11",5329
"PRDM15",15631
"CRTAP",6695
"ZZEF1",16745
"TMEM168",8754
"CPM",8524
"ATG13",8728
"TNKS",14370
"PRRC2A",10497
"SLC6A15",9376
"SSU72",7209
"HNRNPL",8629
"TIAM2",11717
"FAM122A",4575
"TRIR",1402
"DHX15",8700
"C1orf226",4823
"LTF",4551
"ATP6V1B2",8155
"PPRC1",6858
"RASAL3",6416
"GTSF1",2640
"NRG2",4520
"GFRA2",7808
"NFKBIZ",6276
"KCNJ6",21891
"RAB3C",9656
"KRIT1",7626
"AP1S1",1756
"VAT1",3798
"HSPBP1",2949
"SMAD1",6463
"ZNF710",6038
"SAMD8",13084
"ATF5",2954
"DNAJC13",9606
"NARS",4941
"SLC30A1",5474
"SSX2IP",9493
"ABCC8",16956
"SYMPK",12123
"MTMR3",10010
"UST",4563
"CLSPN",5641
"TMEM178B",10656
"ADAMTS19",5563
"SSRP1",6959
"TTC28",12898
"KPNA3",4835
"TMX4",6579
"SORCS2",6421
"ABHD4",5077
"ARHGAP35",13636
"GLIS1",3113
"MAP6",6903
"BPTF",15890
"SMC6",10479
"PSMB1",2256
"SMG1",30820
"LATS2",5873
"SRSF4",9820
"MAPK6",6388
"DPP6",13965
"MPP4",4924
"PPP1R12A",13921
"TMCC2",5592
"CSTF1",4800
"HAS3",5289
"ZNF319",4738
"CDC5L",6423
"PGR",16691
"ANAPC2",5647
"FURIN",4841
"ZNF71",6170
"KCNJ9",4170
"STOML2",1886
"NPY1R",5449
"CAPZA2",8666
"PROS1",6726
"ANKRD28",12270
"XKR3",1690
"NSUN2",6066
"MVK",6659
"NFATC1",9116
"ABI1",4571
"ZFP1",3952
"SDF4",6989
"LRP1",21939
"UBE2V1",6674
"SGK1",15118
"DIS3L2",13061
"USP35",5363
"SPTLC1",7272
"ANAPC5",13279
"MYH2",6688
"ALDH3A1",5010
"ZBTB7C",7955
"AURKB",2692
"HNRNPA1",6659
"PRODH2",3477
"TET1",9288
"FZD8",4030
"SPHKAP",7009
"VWA5B2",5927
"DNAI1",3875
"IQCA1",5997
"NAV1",22640
"RFX1",5647
"ABI2",23692
"SNX2",4508
"DUSP1",2019
"UBE2V2",6755
"XPA",2354
"RXRB",4999
"TMC1",7004
"HOXA3",4376
"RAPGEF2",13482
"TTC3",17057
"BECN1",10440
"NDN",3558
"POLR3D",5794
"ING1",6388
"MBD2",5868
"LIMK1",6902
"SCARF2",3537
"TOB1",3705
"LGI1",14421
"EIF3B",11316
"CHST1",3880
"YIPF1",2072
"SIRT7",9220
"PLOD2",8515
"VXN",5596
"TERF2",6897
"SERTAD2",6935
"HP1BP3",8418
"NUDT6",7508
"MLLT10",7619
"DCAF10",8492
"ARHGEF19",4386
"FBXO25",12345
"CLCN2",11327
"SLC37A3",12150
"TDRD6",15290
"KIFC3",10204
"FMNL1",9503
"EFCAB8",4536
"SUDS3",5731
"RTN4RL2",2427
"SV2A",4824
"ATP10B",11748
"PIEZO2",16047
"GABRB2",10339
"GPR25",1224
"ZC3H15",3125
"DLG2",20200
"THNSL2",6730
"NUP210L",5889
"SRSF11",10183
"ZNF385D",14270
"SIPA1L1",12531
"ENTPD1",7194
"CCSER1",10591
"CCDC60",3440
"CPSF7",7889
"LHX2",2767
"GCNT7",2256
"STT3B",5912
"HOXA5",1986
"ERG28",2633
"UPF1",8970
"CTTN",8635
"N4BP1",8806
"LRRTM1",5837
"AQP8",1421
"LINGO2",3480
"TMEM132C",4947
"PSD4",14446
"PITPNM2",9475
"STAM2",7376
"SHPK",3838
"KPNA7",1725
"RNF2",4073
"KLF7",11979
"OLFM2",3061
"MYBPC1",7550
"RARB",3697
"GPR61",7840
"OGDH",5381
"HOXB8",2370
"KCNA3",2569
"HSPB6",2145
"MFAP3L",9367
"VPS4A",6170
"CBX8",5029
"SPAG5",6965
"PTGFRN",6764
"ACTR8",4433
"MYO1G",9344
"RPL19",1882
"DET1",7137
"NFIL3",2085
"PSMD7",2900
"ZBTB8B",12834
"ANKRD13D",7973
"CNOT2",15186
"CPQ",3457
"OSBPL11",4191
"SLC5A10",6620
"SLC2A8",4443
"PIK3C2B",9472
"KCNK5",3756
"SPIRE2",8501
"LRRTM4",9773
"KCNC3",6336
"ATP1A1",7261
"ZNF507",11239
"MAST4",15143
"LARGE1",13609
"RTCB",3016
"ZNF800",7579
"FOXK1",13260
"PIAS4",3646
"EEF2",4114
"RAD50",10177
"MIGA2",6386
"UBN1",9596
"CLK3",24804
"TRIM7",8922
"OSGEP",6649
"FGD6",10560
"SBDS",2056
"RPL15",9465
"VWA5B1",6546
"LIN7A",6947
"TJAP1",9757
"GLYR1",6595
"CORO1C",7212
"POFUT1",6919
"SEC23A",10123
"DNAJC5",5287
"KIF3C",6832
"CUL2",5298
"ZNF777",3233
"KIFAP3",4978
"MTFMT",3976
"LMNB1",3803
"FOXP4",6170
"RHOQ",4678
"DNAJC2",7300
"MFSD11",8717
"RHBDL3",5404
"CDKN2AIP",3333
"THEMIS",5870
"TRAF5",9295
"GALNT11",8400
"MESP2",1783
"ZBTB11",8029
"PIK3AP1",7258
"GRHL3",3940
"SELP",3542
"CAPRIN2",9404
"MFAP1",2744
"SP4",6234
"UQCRFS1",3475
"DTX3",6414
"RGS14",4318
"SF3B3",12854
"RPL34",3637
"PAPOLA",13929
"SF3B4",2245
"BRINP3",4334
"CEPT1",8545
"NUP155",9753
"CCAR2",7926
"PI4KB",5722
"TNFRSF1A",4486
"RBFOX3",9999
"FZD3",14120
"ST6GALNAC3",7237
"SLC6A2",5580
"DIP2A",14339
"RAC2",2981
"FBXO46",4283
"PDLIM7",4455
"PPP4R2",6059
"SERINC1",3137
"PRPF38A",5658
"HDHD3",2105
"MYT1",6427
"NACA",12255
"SOGA3",4667
"MMP14",4464
"HIST3H2BB",2364
"CKAP4",4094
"EXOC3L4",4098
"TFR2",5480
"IGF2BP2",4871
"GABRA6",3891
"TBX21",2614
"RBPJ",9725
"NFYA",3811
"TRIM3",9906
"SOS2",7652
"JADE1",9390
"ZFP36L2",3696
"HNRNPA0",8726
"WNT2B",12719
"TOM1L2",8822
"FLT4",9581
"COL4A2",20570
"RCHY1",8878
"FST",3332
"TOR4A",4148
"EEF1A1",7011
"HS6ST1",4864
"ESRP2",6964
"CSMD1",19351
"AFDN",14496
"SRRT",5095
"YTHDF2",3884
"NOP53",5780
"CHRNG",2615
"SNRPC",1304
"ADCY8",5961
"RPL31",6392
"RNFT2",8146
"SLC1A4",6939
"GABRB1",3321
"MAF1",2377
"ALDH1A2",10314
"ATAD3C",4291
"KCNMB4",4874
"EPB41",23612
"RAPGEF1",7265
"KLF13",10079
"SKOR1",5229
"TUBB8",3893
"CTSD",3680
"ZBTB21",16164
"GNPTAB",10485
"DYNC1I1",4568
"GLYATL1",5672
"SULF1",9753
"TNFRSF11A",9093
"ENOX1",3101
"KRT36",1865
"TAF5",3268
"ASAH2",7279
"FEM1A",9593
"PIAS2",19255
"HECA",5614
"CDC20",2093
"KDM3A",17109
"GRIN2C",11946
"ZC3H3",3731
"OR51I2",3302
"NT5C2",6270
"DOK6",9387
"USP1",4263
"PSMD3",5241
"RAB38",2142
"PIM1",2977
"ERGIC3",6803
"LIG3",14649
"SYCP2",6623
"GPSM2",12153
"ARFGEF2",8986
"DCC",13401
"ST3GAL4",4541
"CAP2",3805
"UBASH3B",9434
"GALK1",3528
"ALDH7A1",19603
"GTF3C5",3753
"MYPOP",1890
"ITK",8748
"KIAA1551",6646
"MAN1A2",10004
"USB1",9556
"PPIP5K2",17270
"FAM117B",5986
"BCAN",5014
"SLC17A9",7085
"WASHC2C",5915
"MATR3",6637
"DCTN4",6922
"MEF2D",7876
"IL1RAP",11558
"PAX3",8190
"XAB2",5675
"KIAA0408",11643
"B4GALNT1",11284
"IGF2BP1",9544
"LONRF1",6493
"WWP2",9343
"PLA2G15",5252
"ISYNA1",4083
"TNKS2",6157
"TAF6",4471
"NNT",8350
"EPHA6",6291
"RAP1GDS1",5429
"SBF1",10268
"PTGER4",4684
"FOXA1",5884
"KBTBD4",4153
"ZNF624",5165
"HAS2",4190
"SALL4",8086
"ADAP1",5361
"ALDH1L1",14273
"PYGB",4474
"HINFP",10981
"DRD4",1477
"CSPG4",8290
"ASNS",5116
"DNAH5",16543
"VPS37D",1626
"RBM27",6875
"CCT6A",4049
"PKD1",22546
"DGKD",9771
"CDK11B",3758
"ITGA5",9924
"GALNT4",5399
"FAM149B1",7723
"PPARGC1B",14066
"ELOVL1",3356
"RANBP17",11339
"ERCC2",7921
"CFAP70",7560
"CTCFL",9759
"P2RY1",6747
"DHPS",3914
"PLEKHO2",3866
"KCTD2",5448
"BTRC",6613
"EGFR",12521
"NYAP2",5461
"TSHZ2",14073
"CTIF",9838
"GAK",16498
"BCAS1",8400
"SIK3",12210
"TRIM9",9126
"ACP7",3377
"UEVLD",9039
"IKZF3",11922
"GSK3A",4452
"NRF1",4125
"GATAD1",5896
"WWC2",10097
"LRFN5",6434
"CACNA1G",11060
"GGT7",3445
"GAREM2",7914
"ATP13A2",5670
"BTG3",2549
"APPBP2",10310
"KATNAL2",4862
"LUZP1",10822
"SHISA9",10155
"FAT3",22353
"SLC30A7",8465
"CSNK1G1",15683
"ZSCAN21",3113
"AHNAK",19904
"NCAN",6905
"FOXJ2",6460
"DEF6",2729
"DMGDH",5254
"ALKBH7",1455
"IPPK",7199
"SP2",3642
"EPB41L3",14218
"RBM25",13830
"DHX16",4008
"SCN3A",11468
"ARHGAP12",7558
"SLC24A4",14412
"FNBP1L",8049
"MAEA",12966
"HSP90B1",5106
"NOL10",3862
"TJP3",4650
"NOL9",7719
"SMAD7",7355
"VPS29",4081
"RBM4",7689
"CKMT1A",3497
"KNL1",13804
"APOBEC2",1151
"HEPACAM",3829
"RRN3",4890
"TMEM175",4522
"FOXC2",2900
"NCOA6",11234
"MTF1",8385
"ATP11A",16649
"GPR26",7514
"LMNA",7654
"ITPRID2",10550
"BHLHE41",4159
"IMPAD1",7772
"ZXDC",8225
"TTLL9",7610
"SLC35E2B",10796
"OSBPL1A",8264
"HDAC9",17211
"L3MBTL2",6740
"TFAP2C",3005
"AATK",8247
"PPP1CA",3608
"UBE2E3",2973
"MRC2",7096
"UMPS",7579
"ANO8",5432
"KCNQ1",4642
"ABCC2",7837
"UBA6",11917
"SYNDIG1",2847
"ARHGAP26",17311
"RREB1",19286
"RFX4",6783
"SLC5A6",7545
"CAND1",15311
"TRHR",1678
"GPAM",10139
"CFAP20",2850
"PTPN4",12917
"KCNS1",5514
"PTGES2",3602
"CWC22",3324
"PPA1",5394
"HERC2",21012
"NCAPG2",7491
"PPP1R16B",6400
"ONECUT1",4607
"CHD6",15152
"PCMTD2",6689
"ZNF300",4538
"KAT7",11793
"NTN1",6383
"SOS1",10530
"GARS",4649
"GAL3ST3",2481
"MGAT1",14314
"SMAD5",9373
"INTU",16637
"ST5",16729
"TSHZ1",12777
"GNAI2",8677
"MAP4K1",4196
"LARP4B",19161
"FOXB1",3615
"SMYD2",7289
"TGFBR3",10137
"PPP1CB",5807
"CIRBP",11063
"MYH3",6684
"INHBB",3204
"IGDCC4",7993
"DCLRE1A",4600
"LNX2",4692
"HBP1",6431
"GABARAPL2",3637
"CPNE9",2382
"LCOR",26608
"AAK1",25137
"DOCK8",14580
"NKD2",3197
"INSYN2B",2999
"SH2D4B",4584
"ICMT",7674
"PRDX3",3417
"PIWIL2",6005
"GCC2",13926
"OGFRL1",9075
"KLHL6",12182
"FBXO30",9009
"ACAD11",7365
"HDLBP",13410
"NRL",4188
"RASA1",5425
"RAB15",7265
"PGBD4",6612
"AMER3",6543
"NR2C1",7423
"PRG4",5044
"TSC22D1",12871
"ARIH2",8645
"UBASH3A",4070
"SINHCAF",6558
"NT5E",4921
"MDM2",14427
"UBR4",26062
"FGD3",6031
"XPC",5530
"SMARCC1",8454
"MED12L",12772
"SLC12A6",10848
"MINK1",10154
"WBP11",5485
"ACAP3",10387
"LEF1",6192
"NECTIN4",3502
"MARCH11",1861
"CACNA2D3",4670
"PRMT9",4019
"XPO5",8869
"GAPDH",3741
"VPS36",8228
"ATG7",8833
"VPS45",7145
"LBX1",2900
"KLHL10",2652
"CACNG2",3224
"STK38L",6921
"DENND5B",11798
"BRWD1",22801
"DPAGT1",6731
"NOVA2",8736
"ASZ1",3384
"LRRC24",1772
"CDYL2",9188
"RAB2A",5654
"CCDC157",7057
"CHST15",7423
"MYH14",11863
"SCN9A",14098
"TULP1",3041
"TWNK",6590
"KDM2B",14622
"EBNA1BP2",4037
"CNTNAP4",7224
"FUT11",5121
"MAP7D1",5889
"RELB",3113
"WT1",4794
"ARHGAP31",9384
"DENR",4021
"PPAT",5567
"HOMER2",14951
"LRRC36",4114
"COL18A1",8558
"TMEM39A",5774
"VSIG8",1818
"STIMATE",6309
"MED31",2562
"MITF",7181
"STX18",6172
"APLP1",3939
"TMEM136",7741
"FAM49B",10654
"HSPA12A",12246
"STRADA",16894
"C3orf38",3478
"RBBP4",9781
"FUS",11276
"DTX2",5201
"MAP2K5",5323
"CDC23",5023
"PACSIN3",2778
"SPARC",6031
"ODR4",4073
"SF3A2",3566
"LAP3",4044
"VWC2L",5230
"HIST1H2AE",509
"DGKA",15390
"HTRA2",4019
"SOX30",3471
"GON4L",16669
"EIF2S1",5997
"XPOT",7579
"TRERF1",8709
"RNF38",6593
"CNTLN",11064
"HNRNPH1",15478
"ANKS1B",12885
"BACH1",7982
"DDR2",10730
"AGBL4",7858
"SNRNP40",4330
"RAB30",15976
"SLC5A3",11576
"COL22A1",7830
"ZNF410",7114
"CHRDL2",3135
"LZTS3",6213
"SLC18A3",2420
"ALX4",5754
"GRAMD4",4885
"VPS35",13697
"DNAJC6",6954
"CYP51A1",4052
"FAM186A",8296
"SOX4",5852
"ZNF713",7743
"PPP2R5A",3825
"RBCK1",5067
"SSH2",15162
"SEC63",9746
"VPS53",23046
"TRIM29",11189
"PRPF39",5870
"KIF6",13712
"ZNF775",2385
"GJC2",2243
"ZNF324B",4042
"NCOA2",12131
"TEAD3",3312
"PRMT1",5801
"STXBP4",18152
"HJURP",3821
"ZBTB8A",7798
"SAMD9",6855
"PRKACB",7061
"GJD2",2889
"CHST8",3052
"KCNG2",2162
"PRKAG2",7251
"MEX3A",6339
"SEMA5B",8803
"DNAJB11",5874
"ROBO4",7670
"DNER",3935
"PTGS2",8063
"BUB3",8300
"SCAMP2",6126
"UBE2K",5245
"ZNF606",11082
"ASAP1",8345
"VAT1L",4137
"PLPPR1",3669
"TMEM67",8873
"PARP6",8048
"CNGA1",3625
"IQSEC1",8550
"NME7",5941
"MON1B",7987
"PAAF1",8398
"NR1D2",6006
"STAT5A",6427
"TOX4",7562
"AMPD1",3134
"FANCM",9805
"HEXA",13830
"DHX35",5596
"CLEC17A",2238
"ZNF207",19741
"ERBB4",13015
"LARP1B",11043
"PRKAR2A",9176
"ADAMTS6",8985
"VPS11",6713
"CLVS2",11543
"METTL14",6862
"PIK3R1",11667
"AGBL3",7307
"C6orf106",4643
"POLDIP2",2121
"FNBP4",8943
"C20orf194",8630
"GFRA3",2039
"LIPE",5808
"PRUNE2",18558
"SLC18A2",4238
"HAPLN2",2241
"KIRREL1",7872
"FLRT2",35772
"DDX39A",5586
"XPNPEP1",7005
"CAVIN1",3828
"PRMT2",8622
"CLPX",6103
"RASGRP1",7216
"PDZD7",7497
"CCNL1",14648
"NUP54",4182
"ZBTB41",8562
"EHD2",3923
"DENND5A",8983
"UXS1",7320
"COLGALT1",5184
"CHST2",4582
"KAT2A",4553
"RPL9",5429
"RFFL",13292
"SPOP",8510
"RPS6KA1",6358
"WDR43",4130
"CLPP",2375
"MYH7",6087
"CDC14B",11908
"ZIC1",6854
"DTWD2",6973
"WASHC4",7853
"WASF2",5826
"GPR62",2191
"ELF3",7886
"TMEM107",4668
"IFT80",8780
"EPHA5",10814
"TNS2",9833
"HOXC6",3886
"OMG",4093
"GJA1",3413
"FAM13B",6985
"CENPF",11690
"KIRREL3",10462
"ATG4C",3137
"KIAA2013",4386
"MBTD1",8499
"PLEKHG3",12491
"DNAJC27",6075
"NF2",7385
"SHISA7",7904
"KIF20A",4300
"BCL6B",4373
"IRF2BP2",5346
"KDM4C",10424
"USO1",4588
"SAAL1",3267
"DESI1",5370
"RCOR1",6280
"ABCB4",8417
"ZNF821",4418
"POFUT2",6682
"KCNK9",8732
"XKR4",20750
"PCDH7",19693
"CPSF1",6916
"TDRKH",5184
"PKM",9861
"OSER1",1712
"DLX3",3245
"CPNE6",8384
"STRIP1",7755
"PCMT1",2832
"RUNDC3A",5166
"STAU2",13242
"FBXL20",12342
"CLPTM1L",7540
"GSAP",10394
"DOHH",2031
"ADSS",3666
"SRGAP1",27177
"SLC25A25",5451
"AP2B1",7874
"USP48",11132
"TTLL1",1749
"PLCB3",4964
"VDR",8678
"CSGALNACT1",7911
"ADGRA3",9454
"TIA1",9378
"PPIC",2212
"TMEM102",2362
"PPIL2",11204
"MORC1",3764
"ZNF883",2051
"ADCK2",3358
"RAD54L2",12624
"GAS2L1",7170
"MPP2",8448
"LRRIQ1",8793
"RDH10",5752
"COPB1",5311
"FOLH1",4417
"ASB4",4605
"ANKRD27",8194
"ACER2",2238
"CUL9",14181
"HAO1",1777
"RBM38",2782
"NEMP2",6521
"BEND3",6839
"HMCN1",18579
"MTX2",1717
"NFE2L2",6364
"SYNE2",31774
"XYLT1",11207
"ANAPC7",6374
"HSD17B2",10059
"OXR1",7411
"PDE1C",14589
"RORA",17720
"TSPAN33",2750
"ALS2CL",13346
"SYNM",10659
"C12orf4",5546
"SUN2",9251
"SEMA3A",9971
"HOXA7",2851
"H2AFX",2604
"MUC13",3650
"NCSTN",4260
"SRPK2",7068
"MYH8",6041
"PNPLA1",3197
"KANSL2",5146
"POLI",9597
"CIAO2B",1070
"FOXL2",2917
"ZNF384",7750
"WEE1",9817
"OPRL1",3549
"SNX11",3606
"TOP2A",6603
"EPB42",3575
"RUSC2",5682
"SPTLC2",9361
"C1QTNF4",1964
"BCKDK",4571
"ZNF850",7850
"C7",5430
"NIPSNAP1",3224
"PKNOX1",7698
"CDH11",14112
"B3GAT1",11425
"ETS1",10598
"ZNF629",6087
"ZNF382",12938
"NAP1L1",23041
"BMP4",3163
"RBM22",3615
"IRF1",10499
"ST6GAL1",9545
"NUMB",12355
"NFYB",5456
"FAM208A",10746
"PTPN9",10951
"DHX29",4859
"RBBP6",11541
"ZHX3",16923
"KCNA5",2800
"PITX3",1391
"FKBP1B",1834
"LPAR3",4767
"FGFR1",23106
"AADAT",2981
"LFNG",3572
"CASKIN2",6397
"SPECC1L",7528
"ACRV1",2587
"DNAJB13",3864
"CEP164",13537
"TOR1AIP1",9615
"CS",7936
"MYO18A",17463
"CDK4",3851
"HGFAC",2847
"HRAS",1979
"SH2B3",5682
"HNRNPLL",8359
"SYN3",6017
"PRKAR2B",4318
"CYR61",2455
"ATP2A2",15070
"ANAPC1",14600
"PTPRE",11595
"LLGL1",7465
"ERC2",11564
"NDUFS1",13434
"KHDRBS3",8760
"NOMO3",8977
"CRY2",6483
"DSE",19482
"SLC16A12",4835
"PPP2R3C",4450
"COL4A3",9124
"COL14A1",8897
"SCN11A",9023
"ERP44",4854
"TMEM208",2984
"PINX1",3891
"WDR20",8988
"PPP4R1",9999
"CARNMT1",4806
"CLN5",30692
"STIM2",7755
"ABCC3",10308
"SLC4A10",7550
"GID4",5680
"WNT9A",3971
"HDAC5",9491
"TARS",5931
"AP2A2",10919
"ZDHHC5",5563
"RBPJL",2763
"MIOS",6958
"REPIN1",4943
"AEBP2",8122
"TUSC2",2585
"CDH7",14807
"APP",7145
"LRRN1",4264
"HOXD9",1870
"NMBR",1576
"FPGS",3931
"BCL2L12",2837
"ZFP28",6974
"TNFSF15",7889
"SSTR3",5881
"MX2",13449
"KIAA0930",12116
"WNT7B",6276
"ATP1A4",6474
"ATAD3A",3069
"CBLN4",3024
"SCN10A",7847
"ERCC5",9866
"CYP2U1",6704
"THSD7B",6761
"TBX19",3647
"SLC8A3",11002
"NOS1AP",7771
"BEST2",2646
"ERCC4",9141
"GAS2",4252
"COIL",3114
"ATL1",4830
"RNF145",4623
"ZNF638",14521
"PPP2R2B",14716
"SIAH1",7998
"RAB40C",4464
"COPA",8015
"DNAJC8",2888
"ZC3H13",10673
"DIPK1C",4835
"SNAP91",6993
"ZNF768",2395
"KCNAB1",7073
"RHOBTB2",6757
"VPS50",9788
"LIG4",4387
"KALRN",25124
"POU6F2",8439
"TTC37",11602
"GPR171",2862
"PIP4P1",6191
"AKT3",13047
"CTNND1",9702
"FNTB",4372
"MARK3",9588
"RAB3D",4664
"EDF1",1207
"FUCA2",2793
"TRAF3",8263
"ACOT7",4124
"RIPK1",4231
"SLC26A11",5398
"PEA15",2949
"DRD2",4500
"CACNA2D1",9507
"BMP3",5734
"SUPT16H",7228
"ZBTB1",5588
"KDM2A",11388
"TTL",15732
"PRRC2B",13314
"APOD",2197
"POLM",5452
"CKB",3575
"ZNF496",10772
"KCND2",5648
"GABRG1",6785
"GNPDA2",9256
"ATP2C2",8184
"HYOU1",8739
"KRT14",2281
"EHMT2",7803
"RPLP0",5251
"BAG6",6452
"CBLN1",3223
"ZKSCAN5",6056
"KRR1",11237
"FAM76A",4034
"ZRANB1",5993
"FGF10",3011
"GINS2",3264
"STAT3",10520
"POU2F2",14317
"TEAD1",10342
"HIC2",7219
"DHX33",7313
"VWCE",5314
"CCNG2",7608
"DDX49",3293
"TNIP1",5895
"MRPL22",5500
"SERINC3",4860
"CD2BP2",4022
"KIF4B",4378
"ZNF219",8203
"DCBLD2",13339
"GAB2",7246
"PDS5A",12735
"MYO7A",11053
"BRIP1",8325
"ANGPTL2",3889
"LPA",6419
"ADCY3",7150
"SFMBT2",10042
"ARMC5",9351
"NXF1",7578
"SAP18",3396
"PCOLCE",4547
"PDE12",10323
"SCRN3",4144
"CCDC125",10361
"PLOD3",6180
"RBM33",13444
"EXOC8",5100
"ARHGAP39",4888
"NFKBIL1",1779
"DDX1",4384
"SLC1A6",8283
"RNF111",7451
"CALN1",10160
"PLEKHF2",3137
"CPEB4",10272
"ALKBH5",3346
"NAA30",7859
"IPO9",11915
"BBS7",5286
"KLHDC2",6914
"PLAU",2950
"PPM1A",11878
"ESRRA",3147
"FAF1",7793
"DNAJC17",5984
"TNS1",18162
"STX1B",5229
"RPH3A",10733
"FCHO2",6127
"DNM3",11329
"WNK1",18138
"ALG6",5695
"ACSS1",8691
"CADPS",15623
"PLG",6548
"NDRG4",13842
"PISD",7409
"ATP9A",8317
"ZC3HAV1",10947
"ATOH1",2212
"CDC37",3376
"CTPS1",15010
"WDR75",5066
"TLX2",2905
"PEX6",3636
"NUP93",11136
"EXOC1",5703
"TRIM55",3081
"DVL3",6462
"FIS1",1795
"AQP3",4764
"CELF3",4625
"GPHN",6922
"WDTC1",6909
"PLK3",4132
"PGAM5",4131
"PHF13",4135
"EIF2B5",10028
"ZNF286A",8018
"SLC38A2",9983
"TPP2",7004
"SPTY2D1",6331
"TLNRD1",4845
"BTBD2",6860
"DCUN1D4",8057
"OLFM1",6367
"GALNT3",5021
"CRHBP",2897
"MOV10",7743
"UCKL1",3390
"MRPS18B",2083
"DNM2",18134
"ARHGEF10L",8064
"WDR48",8749
"TBC1D23",5168
"ALDH2",10289
"BACE1",14070
"DHX9",5759
"HMBS",6435
"SH3BP4",7129
"NR2C2",12286
"GIGYF2",13416
"TERF2IP",3536
"WDR31",6463
"GSDME",9535
"PCDH17",9154
"DHCR24",9098
"NVL",5030
"TSPAN3",9770
"MPRIP",21790
"MAPK4",7807
"ZNF862",8736
"BHLHE22",3262
"PKP4",10505
"PRPF18",1865
"WDR34",2750
"DYNLL2",6805
"UCHL1",2874
"STAT5B",7012
"AP3D1",10105
"CASZ1",12081
"IZUMO1",3992
"PDLIM5",11728
"VEGFB",1545
"INSM2",3013
"CATSPERE",4333
"CMIP",14003
"NPHP4",15831
"DUSP6",5928
"PPP3CC",3515
"MMP25",4126
"SGSH",8573
"KCNJ15",10718
"RIMBP2",11028
"PER1",8026
"RETREG2",7076
"AGPAT4",8769
"SHF",6181
"PLCD3",7507
"FCHSD2",5997
"EHD4",7977
"TTLL11",4232
"LPCAT2",7439
"LRP12",10358
"HSP90AA1",5649
"TRIM47",3297
"ZFAT",9393
"TACC2",19783
"FZD7",3859
"RPS6KA2",10128
"SMC5",6637
"MOCS1",9827
"OLFM3",5913
"B3GNT7",3806
"MFF",6939
"CFAP97",7637
"SPEG",19199
"NBAS",8948
"ZC3H12A",3311
"BEND4",9196
"CSK",5437
"DNAJB9",2951
"SLC15A2",6345
"GLG1",15707
"IDE",8123
"ZNF296",1902
"IRF9",4986
"TADA2B",8356
"TRA2A",4161
"TRIOBP",12254
"VCPIP1",9942
"NUBPL",7733
"ZFP36L1",6879
"GAL3ST4",5096
"SPINDOC",2934
"CTSF",3008
"DPYSL3",7531
"RALGPS2",9202
"NEUROD4",3953
"RAD54B",6001
"RASL10A",2240
"RAB5C",3702
"TFAP2D",1856
"SYTL1",7180
"GRM2",9039
"TGFB1",3248
"LPCAT3",6030
"TMX2",2754
"PPL",10459
"RNF103",8617
"VANGL2",5457
"SYT10",5791
"ADAM9",8613
"KIAA1549",13015
"CNTN5",9227
"SUMO3",3047
"AKAP9",18335
"VWC2",11299
"ARHGEF4",13556
"CISD2",6352
"NAV2",15236
"PPP1R15B",5227
"RSBN1L",7534
"SLC44A1",20137
"ADAMTS18",6678
"MAP3K9",14479
"FZD2",2112
"SUPT6H",11290
"SNTA1",2342
"LIN7C",8595
"PTPRJ",9949
"REST",9020
"WWTR1",9962
"MARS",8297
"PBK",2466
"RAD52",5734
"HIPK1",9280
"MEPCE",5045
"BBIP1",8975
"HDAC7",11462
"PEAK1",37372
"IPCEF1",12031
"KCTD9",5095
"PDIA4",3288
"UBE2J2",7589
"KLF16",3435
"UBXN7",11291
"PPP1R18",4702
"MAGI3",8180
"ESRRG",10912
"GABRR2",2230
"NUFIP2",11043
"TMED3",19470
"TFAP2B",6176
"ZNF860",3263
"NEBL",15993
"TYMS",2470
"KCNK10",9521
"MTR",11567
"STXBP5L",11085
"SFXN1",7572
"ZBTB6",4106
"FBXO33",4281
"NELFCD",8447
"SARS",4032
"ASCC2",5740
"RNF123",8510
"HCN3",4982
"VWA3B",9477
"PIK3CG",5930
"PHB",4293
"TP53BP1",13525
"HMX2",1628
"H2AFV",5146
"DDX27",8507
"PA2G4",4290
"ARF4",3573
"PITPNM1",7003
"TM9SF3",7785
"MRTFB",17772
"FES",4603
"TSHZ3",6376
"TMTC4",6922
"ERI1",7175
"CKMT2",3000
"ERF",3671
"STK40",5675
"NPHS2",1874
"ASB7",5519
"BHLHE40",4199
"UGCG",4615
"SF3B6",1316
"CALM1",7951
"HEYL",3661
"RTN4IP1",1974
"SIL1",4051
"TECTB",5642
"SLC9A1",7002
"MAPKAPK5",14618
"GLI2",8162
"RNF146",3797
"NEXN",5812
"TAF11",2950
"ARTN",2769
"KCTD4",1865
"DNAI2",3045
"SLC25A4",4985
"INTS2",9545
"ACTR3B",6120
"EMX1",5893
"BBS4",4453
"HNRNPA2B1",13511
"RASL10B",3566
"PLCXD3",8773
"SHISA8",1462
"SARNP",3686
"HMGB1",13225
"RPL10A",1806
"DDX24",9678
"GLUL",10817
"DPF3",7971
"RMND5B",8495
"ZFR2",6371
"PTPN1",4041
"ARL10",11459
"INO80",8752
"KLF3",6297
"DDX6",14326
"ELMOD1",5907
"SAP30L",7016
"PKN2",7065
"CORIN",10874
"KIF1BP",5917
"ADGRE5",5610
"TOM1",6365
"POLR1A",15062
"NEFM",6627
"BTBD11",9059
"ME2",17086
"MCU",4553
"PDGFD",4266
"DAXX",4325
"AGBL2",5964
"TDG",5081
"KIAA0895",10147
"ITPR2",12938
"SOX17",2342
"UBL5",2127
"CLIP1",20661
"NEUROD6",2131
"PCDHGA3",6894
"GATAD2A",7412
"ANKDD1A",5078
"SNX33",8604
"TTC39A",9924
"COL5A2",7453
"BRINP2",4162
"RPP25",3049
"ALG11",10795
"SLC16A1",5738
"NECAP1",11664
"CAPNS1",4743
"OR4P4",2086
"C6orf132",6852
"FTH1",2678
"NEU1",6935
"PTPRK",10267
"KLF11",4589
"EDNRB",6744
"KIF22",5538
"FOXO3",7721
"SLC6A6",8482
"ESCO2",8687
"RMDN3",5639
"DUSP7",6083
"BBS5",4947
"EMG1",6677
"HYPK",7885
"SOST",2300
"RFWD3",7780
"ZFP2",2641
"SEPT7",11507
"DCP2",9951
"ECE1",8985
"FSCN1",3849
"RYK",8047
"ICAM5",3906
"PPP3CB",5415
"TPCN1",9291
"ZNF490",5339
"PEX5L",12362
"TUBB",3591
"CHML",8269
"CORO2A",5717
"MCMDC2",6396
"DGAT2",9681
"PUS7",4850
"NPFFR1",8921
"FOS",3787
"MFAP4",2879
"STARD10",4635
"MYD88",5776
"CKS1B",2466
"SRD5A1",8158
"C19orf66",4615
"RAI14",8401
"IKBKB",14089
"VOPP1",6506
"GNB4",7506
"REM1",1665
"LAMB2",8673
"SEMA4B",7903
"SORCS3",5764
"DLGAP3",4247
"PSMD1",5187
"TFCP2",4416
"RDX",9659
"PRKACA",6989
"MARCH1",10944
"SF3B1",10846
"ARHGAP33",6031
"DDR1",11400
"KLF4",4632
"TRIM26",4400
"COQ3",1458
"RALGAPA2",12120
"TMEM132D",7075
"TDRD9",5770
"USF3",21925
"BUD31",2374
"GTF2H3",4065
"ZFAND3",4036
"ST8SIA5",19457
"ZFP82",9657
"ETV5",5987
"HS3ST3B1",6510
"PCGF3",11316
"DDX55",6433
"LMX1A",4352
"RAP2A",5570
"NANP",3964
"GSTA3",902
"PPP1R13B",10011
"HOMEZ",9638
"MYORG",6878
"TBC1D16",20071
"PLPPR5",6704
"CTNNBL1",4148
"YPEL4",5632
"GRID1",6636
"SOX7",3216
"IQGAP1",11730
"MAP3K7",8275
"DHFR2",6918
"CHRNB3",2767
"NT5M",1961
"SIRT1",4622
"LRP1B",17239
"SMTNL2",2470
"BAG1",8004
"ARRB2",4663
"PGAP2",5106
"NFIC",9801
"KCNC2",8439
"PEX13",6120
"F5",7158
"MBD6",6480
"BTBD3",6823
"REM2",2704
"CTNNAL1",3131
"ZBTB24",5519
"DOLPP1",2249
"ZNF609",12216
"SLC5A2",5739
"SIGMAR1",3072
"NOD2",7053
"NCCRP1",1978
"ABAT",10462
"TAF12",2351
"LYPLA2",2385
"ZBTB7B",4521
"CHD9",16882
"CATSPER1",2763
"HKDC1",4259
"TBX18",8469
"B3GNT5",8148
"ETV4",4243
"ACVR2B",16152
"ERI2",9012
"BMS1",7753
"RTKN",5805
"PCMTD1",8400
"MC2R",4232
"STRAP",2211
"HIST2H2BE",2194
"TBC1D8",6125
"CNKSR3",23297
"CCT3",4030
"COL6A6",9720
"FRMD4A",16039
"LMX1B",5830
"GCFC2",5913
"IL1R2",3073
"RGS1",4198
"ASNA1",2012
"LARP6",5789
"MBTPS1",10897
"AHRR",7920
"UBE2E1",3393
"TRIM13",8373
"ATXN7L1",8415
"CASP12",1786
"LIPK",1230
"RTRAF",8372
"SEMA3D",8646
"DTX4",6072
"TRIP11",10782
"GCDH",4568
"PANK4",5897
"GNPNAT1",8178
"N4BP2L1",8656
"QSOX1",10222
"ZNF598",5988
"LYSMD3",4511
"ATP8B2",7645
"LRFN3",4756
"TCERG1L",5258
"RBM4B",5576
"ABCA1",11350
"EHD1",10294
"TMEM132A",10881
"TTC13",4212
"INPP5D",8681
"WDR5",3793
"EPHB2",12516
"SPIRE1",6925
"RNGTT",5147
"MLNR",1239
"USP10",5373
"PEG10",13327
"SEPHS1",3888
"TUBB4B",3322
"TMEM178A",3176
"ARFGAP2",7026
"SLC5A7",5168
"PTGFR",4714
"GTF3C4",9476
"CLPTM1",5558
"TTC30B",4017
"ORAI3",3113
"DKK1",2206
"NCS1",5289
"RAP1GAP2",12652
"ESPL1",10186
"B4GALNT3",7696
"LANCL2",5354
"NOP2",7078
"ABCA12",9416
"TSTD2",5925
"LRRC3",5869
"SCTR",3444
"RPL5",4081
"PCDHA1",5595
"RHOG",2573
"ADAMTS7",8574
"ADD3",6668
"CA6",2662
"SMCHD1",12444
"SYVN1",6321
"LRP4",8597
"IQUB",6384
"NCOA5",3220
"ZNF354B",4404
"GATA3",3879
"WRAP53",7801
"HPS6",2649
"PIGG",15010
"ILKAP",5236
"WNK4",5325
"KIAA1211",6772
"HSPA2",6016
"MBIP",3575
"CLCN6",8473
"SSH1",18985
"AKAP8L",5730
"CNR1",8851
"ZNF641",15032
"PYROXD2",3887
"LIN52",3827
"PSMA6",7353
"EFNB2",5019
"RTN4",7317
"ARL4A",4098
"KCNN1",4403
"ABHD17B",3167
"ANP32B",1850
"FBXO47",2302
"ARNT",6602
"MXI1",4740
"SEC16A",9975
"ACTR1B",3082
"BSPH1",654
"MAPK10",62099
"ITPKC",3480
"MED6",5252
"KRT12",3713
"SEC14L1",12049
"DUSP5",2615
"GTPBP1",8596
"OR10T2",945
"FIGLA",722
"MTCH2",3113
"FBN2",15156
"HIST2H2AC",390
"PPP4R3A",6292
"PCBP2",8730
"BMI1",4698
"FAM171A1",4386
"ZNF12",7500
"CRLF1",3018
"PPP2R2C",10461
"PHB2",2584
"NUPL2",4485
"VASH2",9171
"MEIS1",12613
"NUP37",3993
"LSM11",6584
"ATF2",5900
"SLC35B4",7713
"WNT3A",2932
"NELL1",5309
"MTHFD1L",5090
"ZNF649",6550
"RRM2",6193
"ZNF697",5041
"OR6C6",1521
"ANGPT2",8052
"METRNL",2626
"SIM1",12145
"TMEM35B",922
"TRPC4AP",3226
"PCDHAC2",9269
"KCNG1",6387
"AC011455.2",1967
"PPM1B",8651
"GPAT4",8410
"SZT2",28463
"MAN2A2",12069
"OGA",7962
"BTAF1",7582
"ARHGAP1",7404
"MGME1",2336
"ISLR2",8326
"PYGO1",12497
"PARP2",4475
"ECEL1",3041
"SUN1",13733
"DLK2",2236
"RASSF5",7109
"CDH6",12379
"GTF2H4",3095
"PRPF8",12280
"SLC50A1",2558
"DNAJC21",9556
"KRT33A",1287
"TRIB2",5427
"KIF12",3255
"RSPRY1",6405
"DIPK1A",3091
"HHATL",3011
"NR1D1",2772
"USHBP1",5872
"TOP3A",7076
"FAM72C",2297
"CHSY3",3938
"SIX5",6027
"PGGT1B",10369
"SALL3",12527
"NUDT22",5215
"TTBK1",10033
"RALB",3212
"ADH1B",12943
"YWHAB",9282
"SH3RF1",5624
"RPTOR",10826
"MYSM1",10149
"PARD6B",4726
"SCUBE1",12309
"DOT1L",11937
"TMEM169",3628
"CASP14",3614
"AFMID",4048
"RNASE8",634
"PSIP1",7032
"RAB43",5960
"FBXL2",8004
"STRN4",8906
"ASIC2",5700
"RAD23B",5242
"TRMT6",4943
"EFCAB7",5885
"SLC30A4",8073
"SAMM50",6829
"UMODL1",7592
"VASP",3977
"SNAPC3",7640
"MEST",5128
"CTSO",2954
"GPATCH11",4040
"MOV10L1",7294
"TJP1",11360
"EXOC4",9466
"GABRA2",15137
"ABHD15",3592
"HNRNPUL1",7403
"PNPLA6",8725
"NSFL1C",7051
"FBLN1",7582
"FNDC3B",13384
"EIF2S2",2656
"LRRFIP1",12099
"ACADVL",7554
"UBTD1",1706
"TEFM",3374
"PBXIP1",3851
"EIF3L",4407
"RASGRP2",6791
"ZNF197",7247
"COL15A1",6653
"GUCY1A2",16934
"ASPHD1",2312
"ARID5B",9144
"C3orf20",3715
"KIAA1549L",13012
"SNX24",3596
"BDP1",12595
"MARCH5",4684
"WWC1",10427
"RAPGEF6",14198
"DLX5",1748
"NOC2L",6003
"ANAPC10",6051
"ANKS6",9532
"LRRC73",2121
"ST13",4576
"TAS1R1",3279
"MYO1H",4964
"MAPK14",6976
"ZMYM4",7700
"RPS6KB1",8919
"FOXK2",11981
"KEAP1",4284
"DOK1",3452
"ZMAT4",3848
"PPIF",2674
"GNE",7604
"SLC25A11",3210
"MIER1",9975
"RABGEF1",5859
"EFNB3",3222
"GNPTG",4514
"HMBOX1",7397
"DAZAP1",10610
"FPGT",5319
"POU1F1",1569
"PRCC",4174
"CASR",12109
"LAMA1",17568
"IGHMBP2",7295
"CACNB3",7880
"SLC41A2",6177
"CABP2",1488
"RPL21",2465
"CLDN5",3658
"HAGH",7307
"BCL7C",5456
"SIMC1",5649
"PHOX2B",3382
"TCTN3",4543
"PAK2",6270
"SLC12A7",6471
"COL13A1",5927
"RAB33B",5137
"FLVCR2",5205
"SLC38A4",4932
"ETHE1",1866
"IGFBP6",1731
"UBE2Z",6012
"GALNT18",3627
"LRRC2",6440
"REXO2",4035
"MTHFD1",9377
"KANK1",15051
"PALLD",10435
"ORC4",8983
"MYOG",1528
"L1TD1",3849
"MOB3C",6079
"CHRND",3132
"SCAMP1",5153
"SNX3",2092
"CERS6",7611
"APEH",5268
"GYS1",4410
"ZFAND4",6772
"GTF2I",12404
"CUEDC1",6894
"AMMECR1L",4761
"HGF",11241
"RAC3",1527
"SEPT9",14228
"ZNF333",11865
"HSPA5",3908
"RBPMS2",2101
"RAP2B",8351
"PDE6A",8954
"GTPBP2",5225
"PLPBP",3699
"GSTP1",3317
"ADGRG6",8711
"FGR",3928
"C2orf42",4150
"HDGFL3",16397
"RTF2",4118
"C15orf40",14755
"E2F7",6303
"SHISA2",2860
"MICALL2",10814
"SORBS2",17901
"CNOT11",2786
"IGF2BP3",11440
"FAM120B",6081
"JAK3",7768
"NKX3-2",2801
"PICALM",6376
"BLNK",3655
"TGFB2",5151
"OSBPL7",7643
"GCNT2",11779
"MON2",16913
"MYO1E",9518
"DGAT1",4947
"SLC24A3",3933
"TRAPPC3",4570
"FBXO41",12963
"SZRD1",4747
"EMC9",1749
"SLC23A1",3330
"GSS",7437
"PAX6",31111
"MTDH",6561
"ME1",3371
"MRPL19",4737
"ERLIN1",6467
"TMEM26",8207
"YBX1",2204
"ATOH7",1480
"VEGFA",18541
"MKRN1",7226
"PPP5C",12112
"ASAH1",25436
"CROCC",9006
"PRDM16",9943
"GK5",14518
"P2RX3",2623
"SCAP",6679
"PCDHGB7",4966
"TBC1D24",14578
"NCOA1",8852
"SP140L",6360
"PLEKHH3",5531
"EGR1",3138
"CUL5",7388
"AGPAT5",4906
"CBX3",5003
"FBXL3",7306
"TXNDC9",3363
"NXPE3",8912
"FMN1",21530
"TLCD1",1718
"AKR1B10",1744
"NELFA",5935
"FBXL7",4854
"TTYH1",7514
"GABRD",7289
"TMEM245",11666
"TRAF2",3663
"AGA",2675
"TMEFF2",6632
"FLRT3",8754
"TMEM183A",4026
"STK35",7530
"VTA1",7262
"VTI1A",8408
"ZGPAT",4617
"FAM102A",8527
"FOXF2",2451
"EDC4",7256
"NCOA3",8402
"NOVA1",14375
"GPS2",4775
"ISCA1",3862
"RRP9",1578
"CFL1",6585
"USP47",11834
"ADPRHL2",1668
"PRKAB2",5946
"PAFAH1B1",9233
"SLC26A5",3377
"TMEM39B",2820
"POLD2",4640
"CAMK2G",7259
"MYO1F",9919
"CAT",3701
"PPP2R5C",14447
"SPG21",3984
"FBXO34",4133
"INTS9",5043
"GBA",4146
"USP19",5951
"SGIP1",10614
"ZNF521",7850
"NR5A2",7559
"KISS1R",2085
"RAD54L",3569
"ANKIB1",7225
"RABGGTA",4643
"BSCL2",5731
"SMAP2",3631
"DRAP1",1852
"PUM2",9263
"UBE2N",8878
"PPP1R16A",6026
"COPB2",8415
"THOC6",2774
"ZFPM1",6207
"MINDY2",9454
"HIF1AN",13950
"INTS1",9551
"TOR1A",3766
"LAYN",3144
"URGCP",8831
"MSH5",7366
"LYST",20793
"FCHO1",6042
"NOL4",6929
"LENG1",1542
"DNAJC7",11138
"FAM177A1",8962
"ZNF639",6859
"KCNV1",8573
"CELSR3",14637
"FAM131B",6518
"FDX2",2296
"TM9SF1",5412
"WNK2",15121
"MAPKAP1",7285
"HECTD1",13668
"TWF2",1824
"LVRN",6802
"ANKRD33B",9783
"DDX60",6750
"TCP1",5316
"ZNF746",8509
"CETN3",3619
"PHF19",7177
"GALNT15",9570
"UTP20",10024
"MYLK2",3218
"PPIB",2005
"CAMKV",5163
"RND2",4353
"SNED1",14353
"BANP",8285
"ARFGAP3",3773
"RNF121",3567
"H2AFY",18846
"SH3BP5L",6442
"TMEM184A",14282
"USP14",6226
"CNN3",3054
"ZNF398",6041
"TBX1",3664
"SAMHD1",15585
"ROCK2",12044
"SBSPON",5310
"CFAP46",10861
"CCNC",6246
"SMC2",6468
"PIGO",11372
"CD19",3086
"EPN3",5351
"FBF1",9149
"FN1",18437
"ANK1",11526
"NMD3",4929
"PPM1G",4988
"FBXL6",5226
"XRCC3",8372
"VAV3",7271
"TUBA1C",4999
"CLUH",7274
"OGFR",5361
"CXXC5",4535
"LRRN4CL",2585
"EPHX1",2508
"SLC29A4",5811
"TXN2",2780
"MAML2",8318
"ILVBL",6499
"SRRM1",9572
"SNX1",12255
"FGFR3",4952
"CDC40",6306
"PRSS33",2340
"GPN2",5669
"GSTK1",4346
"CA11",2075
"BZW2",3662
"FZD1",6963
"ZHX1",8074
"SCNN1G",3507
"ZNF513",2996
"WNT5B",4393
"IQCE",9419
"NRBP2",6163
"ZNHIT6",7853
"LENG8",7866
"DENND6A",5227
"IRX3",4074
"IGLL5",1335
"MUS81",7384
"RPL7A",2989
"KEL",3978
"NUP133",6342
"CNTNAP5",5446
"MYC",3579
"C11orf68",1761
"OTX1",4947
"BCAS2",1299
"TRMT1L",4945
"IRAK4",5822
"SFT2D1",3339
"FOXC1",3926
"CEBPD",2178
"ALDH3A2",8708
"ATP6V0A2",14068
"PGBD1",3100
"HELZ",16493
"SYT7",6803
"DNAJA4",7313
"CELA3A",1224
"PDCD1LG2",2365
"CUL1",3617
"KIF15",5391
"SLC2A14",6834
"TRIM68",4900
"NUDT9",3516
"TARBP1",7743
"RELCH",10770
"MTSS1",8802
"RPL4",7188
"ANKRD61",1257
"NDUFAF1",1903
"FLOT2",3482
"HECW1",14226
"RBM28",16401
"ISM1",2593
"SDC2",4536
"PEX7",1835
"AKT1",16530
"KRT71",2265
"JUP",5369
"TOMM40L",3289
"PRKCZ",8016
"C7orf26",3225
"EI24",3711
"MMS19",6213
"KIAA1147",8278
"ITGA3",11172
"CASP6",3428
"NRDE2",18699
"SEPSECS",8724
"ABCB8",10139
"INSM1",2829
"CDK5R2",2508
"WWP1",6658
"SNTG1",13612
"PDGFRA",9968
"THAP4",3218
"PLEKHA2",8270
"FAHD1",3938
"LDLRAD4",17806
"TMTC1",17178
"F2",2687
"TENT5C",5751
"ERO1B",5361
"TRMT10B",2866
"RASGRP4",5009
"TUBGCP4",12048
"SERAC1",16325
"A4GALT",3491
"SOX8",4924
"HIST1H1C",642
"ST8SIA3",12535
"CYTH4",6316
"ZNF177",4352
"DPYD",7233
"GRM7",9025
"EIF2A",4280
"STOX2",11967
"SLC25A16",9565
"NDRG2",10292
"SRP54",4360
"PTBP1",9187
"IRAK2",3483
"P4HA1",3093
"XDH",6037
"STAC2",4623
"RNF43",11183
"CCNB1",2711
"DACT2",4223
"AQP5",1969
"ZNF212",3182
"UBE2H",6681
"DSC1",4271
"AKAP13",21273
"GINM1",2250
"ZNF329",6532
"NR4A1",11399
"SH3GLB1",6971
"E2F6",6086
"PPP6R3",9464
"NOP14",3926
"CA8",6078
"WDR82",8286
"USP6NL",19054
"SYT13",6080
"TANGO6",7003
"RFT1",5894
"LAMC1",8406
"DESI2",5104
"SFTPA2",2753
"DDX21",5020
"ACAP1",8661
"FAM81A",5578
"HLA-DRA",1280
"CCDC9",3845
"R3HDM2",6159
"EVPL",7665
"ST3GAL2",13160
"PODN",5121
"PAPSS1",3478
"CENPB",2840
"CREB1",10388
"SLC39A8",6588
"FAM214B",6937
"ADNP2",5936
"GPR157",5475
"SLCO2B1",13099
"INPP5F",8289
"FOXO1",6334
"LARS2",7180
"ASIC3",3580
"GUCY2C",4177
"PTPRM",10124
"MCF2L2",20809
"ME3",3927
"WDR72",11893
"GNAQ",6629
"TRIM37",6188
"SFRP2",2032
"GATA2",4980
"RRAGC",5666
"ACTA2",3405
"PANK3",10621
"PRELID1",2118
"EIF4G1",8614
"SRPK1",9769
"UBE3C",9462
"CMTM5",4409
"AHCYL1",5271
"PI16",2378
"HOXC11",3265
"SNX20",7602
"BDKRB2",10773
"DDX17",11409
"IL17RC",5835
"ASCL1",2472
"RER1",6066
"TIMM50",8768
"FLI1",8659
"NUP50",10895
"C1GALT1",7805
"KCNJ14",5109
"PRR35",2216
"GTF3C2",6838
"PCDHGB2",4769
"KYAT1",3717
"CFAP44",14969
"DLST",4550
"VAPA",12054
"TUBGCP6",10450
"LSAMP",10951
"SMPD3",9417
"ARHGEF15",6316
"PTAR1",12850
"TMPRSS5",2789
"ZSCAN12",5914
"DOC2A",7853
"MEGF10",9064
"USP42",7223
"RPRD2",8738
"SDHA",9685
"TDO2",5362
"ST7",7247
"HNF1A",6053
"TRAK1",11233
"MAP2K2",6059
"DMBT1",8073
"PGAM1",2568
"NCKAP5L",8614
"MDK",2878
"TRIT1",7794
"LYG1",1093
"DHCR7",4999
"ZBTB40",9169
"LRP2",17657
"MANEAL",4558
"DAB2",8333
"TMEM163",6804
"VPS54",5726
"ZNF84",9836
"ARHGEF12",25951
"MARVELD1",4098
"RRM1",4177
"VPS39",9743
"JPH1",4636
"CDX1",1847
"P2RX1",4188
"EARS2",9990
"ZNF160",11200
"ZCRB1",2532
"MTUS1",13600
"NEGR1",18112
"NUDT3",9905
"RACGAP1",5279
"UGT1A6",5381
"CWC27",3740
"MECOM",10609
"ARPC1B",5244
"GINS3",6894
"THOP1",8497
"PIWIL1",5535
"MLF2",4336
"HAAO",2930
"TNFAIP3",5206
"HBG2",953
"VDAC3",3458
"PAH",9084
"POU4F2",3144
"TMC6",10038
"NUDT12",4832
"POLRMT",5545
"RNF139",2700
"CCDC93",8157
"SLC6A11",6700
"ARL14EPL",1914
"PON1",3375
"RPL12",2882
"RNF40",7812
"MED1",10569
"WIPI2",9972
"MAPKBP1",11023
"PKN1",4952
"SLC25A39",5677
"GNB3",3745
"TRANK1",12174
"HMGCR",6587
"GNL1",9061
"C1orf116",5502
"ITGA4",8031
"SMARCAD1",6313
"MTMR10",10405
"TRHDE",12025
"NFKB2",4581
"RIPOR2",13137
"SLC30A3",8992
"PRIM2",4667
"IL18",2926
"LGALS3",2790
"PWWP2B",2651
"FAM83F",16559
"FAM185A",2729
"SLC45A2",3267
"CAMKK1",7768
"CITED4",1316
"PCDH9",34613
"SOX2",2513
"SPATA13",10507
"KDM4A",5481
"RPN2",2871
"LPAR1",5705
"IFT46",4168
"UCP3",3684
"MORC2",6899
"SUFU",6865
"CABP7",3259
"RNF11",3122
"TRUB1",3601
"ATP6V1C1",5851
"DCTN2",5513
"EXOSC9",5018
"IMPDH2",3508
"OSCAR",2084
"SYT3",4060
"PRMT6",4335
"SLC46A2",3065
"LRRC18",1617
"BAG4",4811
"ELMO1",11422
"CCT5",6296
"NRG3",5072
"E2F3",5368
"UBAP2L",7609
"WNT8B",2112
"WDR90",13502
"SERPINB5",4077
"RAB32",1217
"PHF1",4218
"FBXO3",15742
"AMOTL1",10068
"DPH5",4519
"CCDC102A",2582
"SENP7",7060
"TIFA",4926
"SLC39A14",7301
"SEC61A1",4791
"LRRC42",2722
"REL",13170
"ADAM8",4857
"FAM234A",5796
"FBRSL1",9501
"CDSN",2552
"TRIM54",3298
"ERGIC1",14312
"LPIN1",12290
"CACNA2D2",8488
"RAB11FIP1",11958
"TRAPPC6B",5026
"ERBIN",10610
"LRGUK",4799
"UMOD",3736
"ENPP4",4651
"CAPN10",8048
"TTBK2",14823
"STRN3",5460
"GSX1",1663
"DIPK1B",2812
"COPS7A",4152
"GFY",1876
"P2RX5",4565
"ZMYND19",2479
"PDIK1L",4535
"OPA1",9052
"SOX10",3927
"CAND2",6106
"SLBP",3352
"PI15",7500
"DBN1",5981
"FAM222B",8699
"FAM227A",11559
"SGSM2",11893
"HADHA",5440
"TMEM132E",6250
"ZNF830",2409
"OPLAH",4452
"SEC14L3",4300
"TXNL4A",6317
"RARS",3597
"IGSF9B",5753
"NKTR",20174
"PLXNA2",15016
"BRAP",5167
"TFG",5244
"COL2A1",7164
"KANSL1L",8920
"ZNF385A",3504
"RPS23",5369
"TTC17",12068
"DNMT1",10417
"ARMC9",9753
"NAPA",9215
"FOXA2",2603
"GRB10",13227
"FAM198B",9248
"TRIM46",4533
"DLGAP5",3667
"TLR2",8718
"CDK11A",7308
"EMP3",1717
"NSF",5091
"PCDHB3",3517
"CD2AP",6949
"TM7SF2",4844
"TSPAN9",6985
"ALDH6A1",8322
"PPP2R5E",11950
"EBF4",4530
"SLC43A2",12775
"MAU2",12683
"CYP27B1",3869
"TREH",3182
"RBBP8NL",2793
"EML6",15231
"SFN",1320
"MMP1",1970
"SLC14A2",5475
"ELP1",6590
"METTL3",7484
"ATXN7L3",5647
"ZNF689",6075
"SLX4",10110
"NDOR1",2888
"HSPA6",2371
"MMP19",7064
"CDC25A",4153
"GMPPB",9293
"PPARG",4535
"MYLPF",1119
"SPRED1",8667
"ARL6IP5",3937
"DENND1C",6043
"OAF",3386
"FAM3B",3740
"ERG",9197
"SLC37A2",7682
"FLVCR1",6442
"MAP3K1",7848
"CPNE4",7211
"EXT2",5573
"SV2B",13332
"YAF2",15620
"MYO16",9209
"GLI3",13811
"TYSND1",4721
"CNOT9",5379
"TOB2",4931
"TAF1L",6216
"IDH3A",7237
"RPUSD1",3179
"HOXB5",2041
"KLHL26",5557
"KRT79",3542
"FAM171B",5837
"C1S",7134
"ZNF395",7154
"COL6A5",10376
"POU2F1",16163
"HYAL1",3697
"HMGCS1",5232
"PRR14",5030
"ZCCHC8",11532
"CENPA",1983
"PIGM",7039
"ZMAT5",3354
"PANK2",7374
"ETFB",6748
"NOSIP",6583
"ZNF667",10970
"NPC1",11410
"EXOSC5",1488
"HNF4A",7364
"ITFG1",8458
"WDR12",9576
"HTR3B",2314
"C20orf173",1633
"RAB11A",5682
"SLC22A31",2765
"FECH",6437
"ATP6V0B",4401
"IRS1",9953
"RPA2",2610
"UBFD1",9307
"CSGALNACT2",3730
"CD164",9348
"VGLL2",2231
"LRR1",3054
"LCT",6586
"MZT1",2299
"VAX2",3032
"PCSK5",13594
"PDE1A",6322
"INTS4",6179
"ZSCAN20",5308
"LPXN",2615
"GCSAML",4680
"ASTN1",9201
"LOXL1",5161
"EDRF1",8175
"ILK",4310
"CCDC40",10564
"VKORC1L1",6000
"SMG6",11133
"ANXA4",11406
"MCAT",3189
"SAC3D1",1772
"CARS",12240
"CRYBB2",886
"HERPUD1",5638
"ERO1A",8381
"BAZ2B",21263
"TRAF3IP1",4617
"PKN3",3434
"ABCA7",9636
"KPNA6",7480
"DRG1",2413
"RPS16",2781
"VSIG10L",3771
"MUC4",21399
"SOX12",4630
"PRR30",2397
"SLC5A11",3704
"RAB5B",6588
"NTN4",4432
"SCAMP5",5113
"CSF3R",9783
"ERH",1446
"KLHL38",1982
"PRPH2",2976
"AHCY",4058
"STX4",5556
"ELOVL2",3997
"DYNC1LI2",9372
"ZNF200",11555
"ARPC4",3831
"SLFN14",2889
"TESK1",4030
"PPIL1",1810
"CSDC2",3375
"UNC45B",5679
"PRDM9",4184
"CHIC2",1474
"KLHL5",5144
"RPF1",1728
"RRAGD",5072
"IPO8",7754
"ZNF184",5563
"ALDH1A1",2963
"HABP2",3657
"GPM6A",7040
"PHTF2",8811
"PPP1R3G",4907
"ZNF646",15140
"EWSR1",12397
"MAK16",4976
"C4orf50",21271
"GRIK4",7518
"EN1",2886
"WFIKKN2",3971
"PRKG1",14217
"LDLR",8268
"ZNF575",3331
"UCP2",3394
"ISL2",2221
"MOSMO",6528
"TBC1D10A",7500
"HSD17B1",6571
"B3GNT9",2917
"KIF7",5453
"P2RX2",2055
"ACTN4",6406
"RALGDS",11341
"ARPC3",3278
"SEPT1",4914
"TOPBP1",7542
"DMRTB1",2495
"GRB7",4121
"SNAI2",5096
"GGA2",11323
"NUDT16L1",2966
"SPCS3",6905
"PRMT5",4491
"SMAD2",56492
"KIF5C",9325
"ZDHHC6",3932
"NTRK1",4552
"MGAT4C",30387
"CNTNAP2",16692
"ABLIM1",10980
"PLAA",5019
"RILPL1",9537
"PELI2",6278
"B4GALT4",7495
"MME",9688
"KRT16",3253
"TSPYL5",4491
"AQP1",3593
"ACOX1",9749
"ZC3H7A",7187
"SCFD1",6783
"AGMAT",2500
"SUPT7L",6233
"EOGT",6727
"GATA4",5291
"FNDC3A",7807
"TAMM41",7594
"LRRFIP2",11629
"EPHA10",8960
"STX1A",4999
"SLC12A2",10787
"MEX3D",4197
"HSPA1B",2521
"ABLIM3",8440
"KBTBD11",6710
"TMEM132B",15703
"ST3GAL5",21086
"PPFIA3",7584
"RUFY3",8265
"OLFML3",4127
"ZBTB9",3605
"CDC16",4353
"PAPPA2",10930
"SEPT8",9309
"DGKH",19842
"PRR14L",15450
"STX10",2580
"EEF1D",10083
"PLEKHA3",14235
"GPR37",3021
"MPP5",9031
"SEC13",6679
"ITPKA",2092
"NOS2",4506
"FBXL14",2287
"SS18",7267
"PRPS1L1",1090
"FEZ1",10365
"INCENP",4884
"UTP4",5792
"MATN3",3248
"FGF19",2447
"GMPPA",7090
"CTSS",5060
"POLR2G",2471
"SLC40A1",4330
"CADM4",2246
"AMY2B",8525
"PWWP2A",7783
"RPS18",2695
"ZNF654",6786
"WNT3",4334
"PCED1A",2341
"SSPN",7100
"PHYHIP",4600
"TM2D2",5615
"AGAP3",11672
"ADAR",11123
"ZDHHC14",15451
"PPIL3",2947
"SLC38A1",12231
"LSM12",2945
"CCR7",4724
"KCNJ13",4962
"SNTG2",4469
"ARMC3",7189
"SEPT4",10749
"PDE7B",5946
"PCDHGA12",4815
"PHC2",6700
"TMUB2",5343
"DMBX1",2896
"LIX1L",3975
"PLAT",7290
"THUMPD2",4418
"KLHL9",5710
"CCNA2",2798
"CCNJL",11516
"ZFAND6",5436
"CAPN7",5808
"LEMD2",9379
"AC004832.3",1480
"PALM2-AKAP2",8298
"IGSF8",2592
"HECTD3",5137
"GLP1R",3105
"MGRN1",12744
"RAB27B",7651
"EIF4A1",8532
"ZNF8",9128
"CYB5R3",6677
"IL4I1",2727
"INTS12",4791
"CHCHD3",3696
"FAM210A",5995
"HEATR5B",8514
"PCDHGA8",11085
"IL1RL1",5869
"ADAMTS5",9056
"STAMBP",7880
"GRASP",2829
"OTUD7A",14748
"SHCBP1",4835
"CDKL4",2209
"FOXD2",4675
"PIM3",2836
"ASB6",6188
"PDE11A",13450
"WNT7A",4579
"ACAD8",9521
"SPTLC3",8520
"GOLPH3L",3641
"ARAP2",13068
"DOK5",2604
"SSTR1",4295
"LIN54",10541
"ECSIT",2438
"XRRA1",13253
"TBC1D14",6261
"RNF208",1150
"SLC26A2",9173
"CDKL1",6863
"INAVA",6567
"KIAA1211L",4705
"DENND2A",5915
"PFKM",7931
"ETNPPL",3105
"ZNF500",10524
"CAPG",3056
"NCKIPSD",4054
"SLC7A5",5039
"SH2D3C",5007
"COPG1",4505
"ELMSAN1",14597
"ATXN10",5243
"PRPF40A",9792
"FAM13A",16868
"GNAI3",27174
"CHMP1A",3593
"PHF20L1",22233
"PCDHGA1",6252
"SUGP2",14199
"HIST1H3I",411
"AP1S3",4553
"PHOX2A",1784
"INTS3",11778
"STIP1",4896
"CYP26B1",5015
"SUSD1",4183
"SH3GL1",4276
"TNFRSF11B",3324
"ZNF236",9104
"TOMM20",3542
"SCEL",4325
"ZCCHC3",3354
"TIMM17A",3642
"GNA15",2922
"TOGARAM1",10465
"TBX15",4349
"DCST2",3105
"NEK11",5629
"PSME3",5525
"CD180",5732
"ZNF771",5673
"FGF18",1986
"PHLDB2",12309
"RBM7",11294
"DISP1",5382
"UNC13A",12616
"ZNF750",3713
"NFAT5",17246
"PTPRB",15525
"SEC31A",9145
"TRIM25",12554
"SHB",2783
"EEA1",10150
"HIST1H1D",666
"USP21",4341
"CDV3",7956
"ANKRD50",8950
"TIGD4",2472
"SIX4",7695
"AHSA1",3344
"GCK",4487
"GCLM",7546
"ZBTB47",4210
"HECTD2",11796
"MMD2",2466
"SIN3B",9345
"PHKG2",8349
"RAB36",4107
"AMIGO2",6524
"TGFB3",4971
"SEPT5",6172
"IER5L",2711
"EZH1",8877
"NIPBL",13209
"IRF6",5360
"PRDX2",2247
"HOXC10",2824
"RAB5IF",1619
"DCUN1D1",10950
"USH1G",3719
"RPS3",6112
"RANBP6",5648
"LGR5",7438
"KCTD13",7701
"C9orf24",1474
"TUBB4A",4442
"SMOC2",4587
"FARSB",3369
"WRB",9737
"IL21",3773
"CLK2",4119
"IVD",6903
"EPHB6",5824
"PTPN18",6237
"NIPSNAP2",5873
"BMP10",1584
"ATP8B4",13858
"RANGAP1",5630
"SMCR8",8279
"GLI4",5715
"PDS5B",13212
"CRKL",5867
"FAM129A",8372
"NKD1",17521
"DYNC1LI1",7230
"MMP11",6062
"NDE1",5714
"XRCC4",2676
"SPATS2L",10437
"EDARADD",3985
"RCN1",5575
"ENTPD2",2633
"RNF215",12577
"IK",4388
"SLC25A27",5676
"TRAPPC4",5964
"EIF5",9462
"HID1",7011
"RHOU",4372
"ACER3",8488
"SCARA5",4542
"CCNE1",2834
"DUSP18",8858
"ZNF57",2327
"YBX3",10006
"TRIM69",10242
"LIMD2",7498
"DAW1",2933
"KY",6121
"FAP",7003
"CFLAR",22829
"RABL3",6094
"EHBP1L1",7394
"ICE2",19287
"COG2",11206
"FOSB",7601
"ARHGAP23",8270
"DNAJC3",5591
"PMVK",1280
"MCM3AP",10147
"RNF26",2787
"FER",13614
"RAB11B",2564
"ZNF438",4413
"DMTF1",11494
"RNF175",4524
"PPIE",8238
"RBMS2",8808
"NPM1",3828
"AHCTF1",11207
"SLC12A9",10954
"CRAMP1",8545
"FLNB",16200
"NFKB1",6560
"TMEM248",5286
"PRDX6",2367
"LIN37",4006
"RNF152",11446
"LRFN2",3270
"MEIS3",5990
"ADAMTSL3",9754
"RDH8",2124
"EHD3",4636
"CCNDBP1",8219
"ZNF264",12605
"KCNS2",5348
"RNF213",28831
"DNAJC19",5576
"ENDOV",7893
"CCIN",1941
"SPATA2",4270
"RND3",4175
"FAM3C",3641
"KCNIP1",3627
"RASIP1",4318
"ADARB1",11387
"IL17D",3327
"PCDH15",18315
"JMJD6",5969
"MIDN",4621
"SPON1",5102
"NPEPPS",12443
"MCIDAS",2111
"SH3PXD2B",8242
"PSMD4",3273
"AP2M1",5377
"PLAGL1",11292
"ANKRD46",6435
"KMO",6042
"IPP",4151
"ZFHX2",12565
"CFAP157",5534
"PDPR",10905
"IP6K1",6190
"ZBTB46",6840
"NHLH1",2563
"SCN5A",14100
"SYNPO",10258
"SMOC1",4369
"BCAR3",6866
"MCRS1",4164
"LOX",6583
"DPY19L2",7012
"EIF2D",8565
"DYRK1B",3262
"ENPP2",6804
"SLC15A1",4283
"GIPC1",5984
"DLEC1",8482
"BCL2L1",3471
"ILDR2",15072
"ZNF35",2663
"FCN2",1057
"LIMA1",9596
"GRAMD2A",5879
"ABCG8",10705
"DLX4",5816
"SENP2",7169
"MESP1",2706
"LACTBL1",1800
"SPOCD1",7758
"POLDIP3",4065
"AKAP6",20380
"PDCD4",4547
"PRDM2",11032
"SRMS",1516
"NOP9",7044
"MDGA2",8499
"RGS17",7899
"AIPL1",6376
"POU5F1",4652
"BMT2",4896
"DPYSL2",7470
"PABPN1",5996
"EDAR",4552
"B3GALT4",2494
"SLC44A2",6947
"SMPDL3B",2886
"STK16",4888
"AREL1",8012
"PLEKHD1",8409
"CACTIN",7448
"ABLIM2",8782
"ACTC1",5120
"PLPPR2",3572
"MPP3",5196
"ALDH18A1",3766
"PIP4K2A",5996
"PABPC1L",7285
"RPUSD2",2482
"TNXB",16561
"GNAT3",1159
"TNR",13638
"MARCH6",13659
"IFNGR2",3168
"BUB1",6662
"GAB4",4473
"WNT10A",3459
"ZNF473",6988
"ZNF786",3271
"TFB1M",3005
"ATN1",5144
"EGFLAM",5828
"EIF4E",14559
"UNG",2567
"RBX1",3178
"TM6SF1",2661
"PAFAH1B3",1757
"DRAM2",3378
"HDAC3",5022
"ST3GAL1",10487
"FBXO40",5929
"OLFML2B",4236
"TMPRSS11A",5367
"MED22",8014
"LRMDA",6560
"CITED2",4717
"AMHR2",4174
"MYNN",6061
"BRF2",3611
"PBRM1",11332
"SYTL2",13596
"PSMD2",6146
"FAF2",6046
"STK11IP",5912
"GFM2",4249
"RPS19",3880
"FAM160A2",5516
"CD207",1869
"GPR162",4273
"MVB12B",7940
"CCNY",5743
"OPN5",5334
"HIST1H1B",681
"FBXW2",11386
"TTPAL",7155
"SPATC1",2007
"CCT4",2830
"MAPKAPK2",4274
"TPPP3",2924
"VGF",3755
"DEK",4802
"HIST1H4A",312
"DNTTIP1",1883
"ATP2A3",7492
"LMF2",3735
"ENPP3",3885
"PPIL4",3076
"SOX21",2778
"IL6ST",11277
"DPYSL4",3342
"FXR2",4556
"CDK9",3192
"NXPH1",3594
"PRKCH",8993
"RNF141",11072
"KLB",6082
"SH3RF3",5803
"C1QTNF3",3922
"RAB8B",5200
"RANBP3",8365
"H3F3B",7752
"KCNJ5",6362
"ZNF823",4671
"PLPPR4",5920
"TMEM135",5030
"TFEB",6065
"DRD1",4054
"KIF21A",11885
"TMEM246",5780
"BTBD9",13051
"FRMPD1",5867
"SLC43A3",5135
"SCAI",13361
"CEP295",10774
"C7orf61",1191
"ABHD2",10487
"EVI5",8344
"PPP1R3C",2524
"NEMF",11441
"AMBRA1",8640
"CBLB",13477
"VEZT",10097
"BRD9",11677
"FBXO2",3879
"GPR21",1170
"BCS1L",3725
"KLHL41",2620
"PAK4",7115
"PCDHGA4",4887
"SP3",12908
"ZDHHC7",5054
"NUDT4",10078
"SPIC",1132
"TRMT2A",5565
"H2AFJ",3356
"ZC3H10",9152
"ZNF835",3797
"TFDP2",13308
"CCDC170",5419
"FZD6",4614
"ARL5A",7059
"FLAD1",4953
"FCRLB",2592
"ABCE1",7155
"CARHSP1",7217
"VPS13C",24120
"COL8A2",6706
"ATP6V1F",789
"SASS6",3972
"RUVBL2",4205
"POLR2C",4524
"NYNRIN",7955
"IRF2BP1",2564
"CHD5",10237
"CTBP1",10991
"UBE2S",3021
"MCM4",8280
"AZIN1",7454
"BAG2",6651
"PACSIN1",4807
"STAT4",4785
"UBE2O",8983
"PRB3",1755
"GLRA3",11177
"RHOC",4874
"FMO1",3751
"ATM",26249
"PHLPP1",9268
"FAM78B",6318
"ARL2",2317
"KCTD11",3056
"GREB1L",10908
"NPAT",10400
"TTC1",2149
"DEPDC1",7766
"CDC6",6214
"HNRNPR",11154
"CP",7471
"RPS6KL1",11743
"SLC17A2",2568
"SLC2A6",3778
"HTR1F",3140
"ALX1",1445
"CYP2B6",4138
"LACTB",3972
"CECR2",11347
"ITGA2",7910
"ISY1",5040
"PRKCE",10162
"COG4",5222
"BMP8B",4822
"GID8",4622
"ATXN1L",8599
"DNAJB14",16359
"BCLAF1",20093
"YOD1",6521
"FAM110B",4943
"PAPPA",11573
"FSTL4",8129
"CHST12",18268
"CCDC144A",16495
"EMC3",4435
"TTLL4",8472
"PIF1",5539
"R3HDM1",7981
"VKORC1",2430
"AP3M1",6996
"CYP7A1",2950
"CCDC150",9961
"ABHD6",3697
"MAGOH",1463
"GRK2",9039
"LILRB5",9369
"ARID3A",7292
"HMGN1",9103
"PPM1F",10803
"LUM",3008
"FIBP",3698
"ADARB2",12879
"ARMC6",4274
"DBR1",3160
"BMPR1A",14387
"PON3",4040
"RBM8A",6205
"APOM",1679
"ARMC1",3632
"ST18",16900
"ALOX12B",2746
"PDE6H",747
"TTLL12",5179
"MAPK3",4185
"STAT1",6053
"FGF17",3465
"TMEM185B",2131
"IL17B",1455
"EIF1B",2121
"ZNF17",5976
"KCNIP3",7870
"RGS12",14363
"IDI1",6868
"CDH17",4370
"PARD3B",10382
"MNAT1",3987
"DLX2",2970
"DENND3",17293
"NKIRAS2",6282
"SRRM2",18007
"KDM7A",9716
"BCL2",15382
"MPHOSPH9",12385
"ENPP1",10032
"ELF5",4846
"LRRC59",4862
"BPGM",2539
"FZD10",3282
"TSPAN17",7039
"TRAIP",4612
"GFI1B",6104
"ARL6IP1",4530
"MIER3",6806
"GLI1",4204
"MRPL17",3234
"TMPO",8888
"CADM3",3847
"FTSJ3",5780
"KLHL7",7394
"RAB3B",12844
"KCMF1",7968
"LTB",2226
"TRIM28",5389
"VPS25",2630
"TYRO3",12669
"PRPSAP1",8922
"LRRN2",5681
"CEP41",16093
"NEURL1B",6424
"TMCO4",5416
"TMEM215",3581
"EIF4ENIF1",6267
"AFG3L2",6740
"TPD52L2",4880
"CHST3",6970
"HS3ST4",3379
"RAB10",3631
"FEZF1",3109
"SVEP1",14581
"HOXA11",2368
"FNBP1",6785
"KDELR1",2251
"RPS6KA5",29699
"SVOPL",6403
"RBM47",15200
"HEATR5A",12492
"AVL9",15551
"RAD51",3397
"LRIG3",6522
"FANCD2",8570
"TBC1D2B",10733
"SMYD3",5866
"CCDC114",4594
"STAM",3439
"MAK",4632
"DLGAP2",15510
"SLC19A3",8099
"SNX30",11578
"SVOP",7344
"SMYD4",7292
"ENSA",6792
"SLC30A5",6020
"LETM1",9349
"PGPEP1",8653
"RAPGEFL1",5989
"TULP4",12540
"AFAP1L2",5912
"SMOX",3312
"AP3B2",9711
"UGT1A8",2407
"NELL2",7039
"SBK1",4992
"AP4B1",6320
"C1QBP",2542
"AC118549.1",10978
"PNP",5198
"TPM1",14873
"KLC1",20323
"DGKQ",5077
"MAP3K20",13799
"IL17RE",4801
"PDCD10",4082
"TTPA",2389
"MYH9",9160
"TKT",13259
"TMED9",2901
"SDHAF4",1440
"NAA20",2516
"TP53I11",11759
"IRX6",3399
"NDST2",5183
"FNIP1",8420
"RAD21L1",2730
"MEFV",4819
"KIAA1217",13078
"C9orf78",5535
"KIAA1328",11478
"PLEKHG1",10613
"WDR45B",3850
"A2M",6574
"PAX8",8095
"RECQL",4728
"EIF4H",3384
"PCYT2",8081
"GPRC5D",1494
"SYCE1",3997
"ZC3H18",9516
"MCRIP2",5628
"PRDM10",6858
"MDH1",5268
"ERC1",14744
"GATM",7064
"EDNRA",4238
"EXOC5",21930
"ALKBH8",5127
"AC008397.2",5979
"SLC28A3",5063
"CDH9",4391
"SLC25A10",2840
"LRP10",8856
"JOSD2",1530
"ZNF581",1736
"ECHS1",1617
"MAPRE3",3756
"SLC2A5",6865
"CHADL",2685
"USP33",7769
"TIMM9",2777
"TYRP1",3741
"SPIN1",4914
"ATP6V1D",5159
"RANBP1",5296
"RNF219",3529
"MTMR12",6548
"ZNF652",13305
"C4BPA",2441
"CLCN3",8497
"PPARD",4457
"CNKSR1",4179
"BTN2A2",9179
"SYCE1L",1317
"VSTM5",4221
"PTK2B",8279
"KCNK13",2522
"SLC24A2",11172
"LAMTOR2",1618
"SCRT2",3577
"CCL19",777
"SLC9A5",5798
"KITLG",9516
"CYC1",2519
"APBB2",16170
"LCMT2",8502
"VCP",5968
"CDH12",7662
"DPYSL5",7221
"KL",5056
"GSDMA",2273
"ERCC8",5722
"FGFR1OP",16706
"CRH",1543
"GNA13",6146
"ABCB9",15452
"MSX2",2270
"WDR91",6191
"TP53I13",6110
"CIZ1",7910
"ACAN",14818
"LYPLAL1",3210
"PIK3R3",9097
"DIAPH1",8175
"MYRFL",3524
"IL31RA",4576
"RPGRIP1L",16628
"CYB561A3",14053
"TMEM240",1788
"PLOD1",5384
"CFB",6981
"ELL2",7539
"PDIA6",4101
"ZNF687",7272
"WDR19",9392
"ANKMY2",2997
"ERICH6",2290
"AC010616.1",2078
"STX5",2432
"HABP4",4228
"TNF",1676
"METTL25",3806
"PHACTR2",11224
"EIF3I",1818
"YTHDC1",8305
"LIAS",13857
"NANOS3",1420
"RCC1",3983
"ABCG4",6825
"SLC25A28",1755
"CLEC4M",4393
"CASP3",2899
"POGK",8448
"SQOR",3088
"PCSK1",5761
"TAGLN3",1791
"RPL22L1",2326
"PARS2",2347
"C19orf67",1724
"KCNG3",3824
"DBF4",4583
"PLBD1",2858
"ZNF446",5370
"MAP6D1",2408
"GAS7",17962
"ADGRA2",7061
"PCDHGC5",4990
"ATP5PO",4466
"ELOC",5475
"MMRN1",5510
"U2AF1",13062
"LRRTM3",4650
"ONECUT3",8318
"CD320",2448
"MBD1",9274
"TSKS",2516
"EMC4",4706
"CRELD1",4141
"PAQR8",5057
"PHTF1",8441
"NISCH",10665
"DYNC2H1",15209
"ACTL6A",3675
"ANGPTL6",2362
"ASTN2",8524
"MVP",6671
"RPL11",2794
"GART",8413
"AMIGO1",7054
"ST6GALNAC1",4395
"GMCL1",4922
"IRX2",3481
"RASGEF1A",6249
"RBM6",9064
"ZNF544",10065
"POLB",4171
"KCTD16",14294
"ZNF526",4271
"GRHL1",8911
"TSG101",4555
"RRP7A",4082
"TMPRSS11E",2138
"METTL11B",1204
"ABHD8",2210
"SP100",12735
"AMPD3",7007
"ZBTB12",1875
"UBAC2",4742
"SLC16A3",10505
"CC2D1A",5773
"TAF13",1400
"CRLF3",4980
"ERVV-1",2202
"CCNYL1",4707
"CCND1",4830
"ZAR1L",1564
"TOP1",3738
"IFT52",2913
"RHCG",2706
"PLEKHA8",10886
"SLC6A4",7648
"PCSK6",15372
"EVL",11435
"STRC",9535
"TNFRSF9",7408
"CYTH1",9139
"SPATA17",6515
"C12orf10",2898
"ITFG2",7697
"TNFRSF1B",3852
"THBS3",4891
"CBX2",5687
"KHDRBS1",3588
"PLXDC2",12567
"PLXDC1",10172
"ZYX",4009
"MMP16",12115
"SYT17",8494
"RCE1",4362
"HOXD10",2692
"RXRG",2696
"G2E3",9526
"AKAP1",6367
"PLAGL2",5705
"FOXJ3",7384
"SCPEP1",4364
"ADAM18",3880
"PYGM",4993
"TYW1",3890
"SHC2",4131
"ENOPH1",3078
"SPRED3",5988
"LCAT",2858
"THAP11",2114
"OSBPL8",9563
"ARHGEF37",5324
"RGS4",7259
"INPP4B",15364
"IDNK",1814
"PIGP",11262
"DNAH7",21573
"CATSPERD",2741
"ZYG11B",8198
"GALNT16",11729
"DNAH1",14267
"ZNF524",1360
"TAL1",7187
"ACVRL1",5799
"SIAE",10085
"ENO2",4653
"CDH1",7812
"FGG",4496
"COL19A1",8550
"TLR4",13272
"KANSL3",9777
"DCLK1",24482
"F2R",4263
"GGT5",6656
"LRBA",19280
"ZDHHC2",6735
"FEM1C",5816
"TERT",5004
"PPP1R37",9797
"C9orf72",7901
"DCDC2B",2016
"SLC9C2",5268
"CADM1",16353
"SHMT1",7958
"RHOJ",4085
"TSPAN18",6756
"CRIP3",2690
"POP1",4852
"KDSR",10586
"RPF2",3922
"ARHGDIB",2589
"KRT6A",3235
"LUC7L",8132
"F10",2356
"CR1",12583
"HSPA4L",11621
"VIRMA",11398
"TBC1D13",3982
"PDSS1",1955
"THAP12",8024
"CFAP53",1851
"MGAT3",5457
"MMP28",3111
"KLC2",6789
"TTC26",4999
"ZBED4",6893
"SERINC4",3302
"CCR4",3095
"BCL6",5938
"CNGB1",7496
"PTN",1713
"INPP4A",13187
"RRBP1",8641
"PABPC4",8694
"TRPT1",3017
"AFF4",11897
"CPSF2",13740
"RPE",3522
"HS3ST1",8662
"SPATA5",8247
"MPND",2139
"VPS8",10524
"APC2",13214
"EID1",2882
"ARID3C",1411
"DMRT2",5391
"CAP1",4015
"TMEM120A",2456
"ASH2L",6066
"ITGB3",4769
"PRDM1",6392
"ANKRD39",5506
"NAA40",5998
"PTK6",2947
"NOXRED1",2644
"AGAP2",8569
"GVQW3",11581
"ARHGAP45",7198
"TDRD15",6135
"SV2C",12127
"PAMR1",5157
"COL8A1",9408
"ACTN1",11205
"CYTH2",11515
"PRPH",4830
"RNF217",13078
"MFHAS1",7211
"ABRAXAS2",2992
"MGAT2",2687
"CNEP1R1",4383
"SMC4",10170
"RGS2",2158
"GARNL3",10188
"IARS2",4291
"CDCP2",3583
"FREM2",16223
"TENM4",16578
"SART3",8385
"THADA",15061
"HTT",20965
"CELA3B",1607
"RUSC1",6644
"HCRTR2",1964
"SH3BP5",4909
"TIAL1",9185
"PPP1R1A",3999
"TAT",6049
"MEGF8",11953
"KCNV2",2186
"APC",12440
"MLXIPL",4945
"ARHGEF3",6781
"SEC61A2",3916
"LRRC23",3340
"EPB41L4A",8821
"METAP1",4117
"DCN",14822
"RPS15",2883
"FAM83E",2774
"STEAP2",9616
"TM2D3",12671
"LHX1",5326
"PITPNA",5319
"MFSD10",3704
"KCNS3",3131
"ZNF28",8226
"MYL3",1402
"WIPF1",9778
"STMN3",3344
"ZFP37",9957
"CYP27C1",5469
"SDHB",2462
"DTX3L",5868
"MFSD4A",5911
"FOXN4",3641
"CDH8",13953
"GHSR",1246
"NPRL2",7467
"SGSM3",7798
"RBMS1",13237
"HELLS",10804
"CACNG7",2800
"DHDH",1081
"STPG4",3328
"BMPR1B",6312
"SIK2",9796
"DTL",5355
"SCARA3",4058
"MSI1",3191
"INPP5B",9851
"HPS1",6013
"MEN1",5660
"TMEM131",14325
"SNX13",19823
"ARNT2",8475
"FOSL2",7157
"RNPEPL1",9982
"STYK1",3569
"NOLC1",4066
"PIGX",4446
"MYO1A",4698
"UFL1",4682
"ARAP3",6399
"BSN",16349
"CDC25B",4755
"SMPD4",7776
"BTG2",2757
"FIGN",9942
"MAP1S",6249
"PTOV1",7759
"DCLK2",4606
"SLC4A3",5272
"PDK4",6025
"TAOK2",10579
"DAPK2",15022
"ZCCHC9",5572
"RBM23",17208
"HPGD",5858
"VIM",5986
"NDNF",4167
"KCNQ4",4777
"TGFB1I1",7355
"ODF2L",13632
"MYO1C",9866
"SHTN1",13369
"HDGF",3972
"EMID1",5089
"MDC1",10918
"PM20D2",4708
"RAG1",7815
"CASC4",7343
"DDX41",6220
"CDK10",7636
"CRLS1",5424
"LGI4",5592
"RPRD1B",5511
"RFX6",4093
"SOCS5",8336
"PDHB",6436
"ATG4B",7151
"PIRT",3810
"RNF34",4770
"FNTA",13556
"DNHD1",31113
"NLGN1",10263
"ACR",2317
"RD3L",1454
"DMTN",5089
"AMPH",6310
"NOP58",3299
"CLINT1",6368
"FAM91A1",7499
"EEF1B2",2287
"RNF6",5413
"ZNF607",5387
"SH3GLB2",8748
"EIF3D",4498
"ZKSCAN2",9899
"TBCCD1",3405
"PSPC1",5599
"TMED4",4080
"RBM14",4504
"SLC30A9",7225
"PAK1",6926
"OLFML2A",6746
"CST6",759
"NEUROG1",1668
"HIST1H2BI",381
"NRIP3",4686
"NCALD",10838
"CHPF2",4394
"SNAP25",3528
"GPR22",3683
"E4F1",8639
"CYP2S1",2954
"PRRT3",3939
"INTS8",8057
"NOS3",6041
"EML1",8935
"IGF1R",14847
"PCGF1",2922
"MCF2L",29256
"RPIA",1848
"NR6A1",7494
"DHX40",6220
"SIX3",2523
"ZBTB38",17115
"EIF3H",6602
"BRAT1",11733
"PARD3",6575
"ANKRD52",9025
"TTC22",6867
"BTN3A3",6827
"MFAP3",7795
"RAB13",3456
"EZR",3342
"WDR59",10075
"EIPR1",5775
"SLC2A4",4046
"B9D1",3979
"MUC3A",14229
"FZD4",7383
"MAPK7",9401
"B4GALT5",4722
"SLC35E1",12058
"HEY1",3232
"PRRT1",3254
"CHST11",6492
"SLC25A36",10305
"BICRAL",6843
"DPH7",5117
"ATP10D",7999
"RNF157",9278
"ATP5F1A",12734
"METTL6",6562
"DEFB1",478
"BIN2",4105
"FAM149A",5734
"CBFA2T2",9457
"NRCAM",8672
"PVRIG",1984
"PRSS45",1454
"TRPC7",3358
"ROCK1",12740
"SUV39H2",3565
"ABCA3",7804
"PMM2",7874
"PPP1R3E",9440
"TRAFD1",4005
"AVEN",1913
"TRIM63",2573
"FBL",2319
"GPR88",3491
"LRIT3",3897
"AAMP",3546
"SLC6A3",5191
"ZMYM6",13447
"UBE4B",9897
"TSSK4",2318
"OPN1SW",1096
"LRP3",6212
"ZCCHC2",11511
"SLC25A33",3854
"HES7",2335
"HOXB3",12440
"SLITRK1",5189
"CDC42",3598
"CSF1R",5438
"SGK2",5634
"TMC3",4848
"MAP2K6",17617
"GTF2E2",2642
"COPG2",4311
"SENP1",6696
"MSH6",11143
"PTDSS1",6365
"GPRC5B",9226
"DPP7",3319
"MARCH2",2216
"CHRNA10",3387
"FBXO24",3353
"FAIM2",6311
"SLC16A6",5974
"CNDP2",13342
"USP6",11871
"EFCAB1",6517
"DNAJC12",2250
"SSSCA1",2517
"WNT2",5351
"ASPG",6418
"PGP",3632
"PDGFB",4140
"TENM2",11042
"PPM1L",12447
"SPNS3",3098
"CDC42SE2",6207
"RAB6B",7630
"BRIX1",6430
"PRKAR1A",7615
"ZMIZ2",8821
"KIAA1958",13223
"LIPM",1511
"UCHL5",6745
"SQSTM1",8846
"PELP1",9039
"FAM43B",2572
"HRK",7327
"SLC6A7",4391
"LRRC7",15051
"EIF4E3",18409
"ICA1L",16030
"TMEM79",3740
"UPF2",5906
"CUL4A",7974
"MBP",25390
"UTP15",6321
"KCTD15",8266
"PCIF1",3219
"DDX18",8172
"PPP1R12C",8459
"HEXD",5669
"KLK11",3942
"CFAP54",12924
"MFSD2A",4151
"CRTC1",6965
"ZNF653",4129
"CASP8",7324
"STMN1",7731
"GIN1",4783
"HMG20A",9362
"TPR",12350
"POU6F1",7606
"RSF1",18566
"SLC41A1",6357
"RPAP3",5823
"RGS5",7269
"PRR5",5996
"REG3G",1964
"TLR3",8768
"UFC1",2571
"PSKH1",3977
"ELOF1",5207
"TMPRSS9",4397
"NELFE",3435
"CYP1A2",2728
"GNA12",12358
"SMARCD3",7567
"SUCLG2",3090
"TNFAIP2",6506
"VPS72",5762
"BTN3A1",5625
"IRF8",5398
"RABL2A",7381
"AMDHD2",7593
"POLR2H",3240
"SCYL3",7582
"DKK3",6193
"MTPN",4329
"MUC16",43830
"C1QTNF5",2351
"ACTR3C",6997
"PDK2",6055
"C14orf93",4821
"ABTB2",4973
"SRP68",7934
"ZDHHC12",2769
"INHBA",10338
"SLC16A8",2203
"CPEB2",7615
"ZSCAN2",6094
"GBP2",6318
"CNNM4",5105
"DENND2D",5958
"OS9",5733
"JOSD1",4638
"NDFIP1",6130
"RPN1",4096
"MINAR1",6800
"UBR7",3895
"EFCAB3",3076
"GJA8",1302
"GABARAPL1",6038
"KHDC4",6115
"MYL10",1154
"SLC39A4",5295
"VAMP2",3581
"RBL2",7426
"GMDS",4353
"ASGR1",4725
"SCO1",13429
"POU3F2",4879
"DNAJB5",7705
"USP2",5039
"PAQR3",15551
"PPP2CB",5200
"PLEKHA1",24177
"ALPK1",12402
"DZANK1",7557
"VSTM2A",7704
"OLFM4",2897
"OSR1",5708
"MASP1",13299
"TTLL7",11095
"ZIC4",10952
"SNW1",3092
"EVX1",3422
"MTTP",5398
"COL6A2",6065
"NUP85",6024
"IL5RA",7869
"SPRY2",3038
"AFM",2377
"AP4E1",7493
"PURB",9069
"CHAF1B",5118
"ZDBF2",10912
"HIST1H2AJ",387
"ZNF420",4995
"AC093525.2",1944
"MANF",2591
"DACH1",6136
"FLT3LG",3229
"MARC2",2669
"EPGN",1814
"CRK",5828
"MAN2A1",11926
"HYLS1",2999
"CCM2L",2587
"ERCC1",5902
"NAGPA",6207
"KLK7",3338
"FOXN1",3774
"MFSD14B",3428
"CEP120",6411
"PCDHA3",9854
"PMM1",5362
"VPS26C",10165
"CFAP73",1927
"PTPRC",9168
"NKAIN3",3110
"TMEM53",4790
"EAF2",1770
"HIST1H2AM",393
"TMEM179",4952
"FAM193A",7126
"SDF2L1",1269
"PRSS54",2365
"NPTX1",7211
"ZNF397",8868
"CCDC39",3762
"POLG",7245
"NFKBID",4034
"GGT1",4899
"YWHAH",2527
"HEMK1",20411
"PRR5-ARHGAP8",3264
"SLC20A2",8081
"EBAG9",3681
"PDZRN3",7660
"ALOXE3",4322
"NADK",6850
"TBP",2318
"TOX",4131
"GAD1",8529
"TOE1",3155
"FSTL3",3534
"NPHS1",5978
"TRIAP1",1442
"SUPT3H",3288
"SPPL2C",2238
"LRRD1",4822
"NCOA7",7820
"DYTN",2380
"USP25",8019
"KLHDC1",3006
"PLPP2",8275
"LMAN2L",3768
"GRK7",3239
"THSD1",3705
"TSSK6",1666
"YIF1B",4980
"FH",2176
"PAM",9909
"ACBD4",4609
"CHRNB4",5860
"TUB",6722
"LCLAT1",7534
"MND1",1511
"MUC5B",18815
"BTN1A1",3794
"PSMA8",1894
"TMEM189-UBE2V1",2757
"ROMO1",816
"RHOF",6668
"TNKS1BP1",7874
"PIK3C3",15912
"ATP2C1",8687
"KRT10",2144
"TPPP",6022
"FKBP5",10712
"UGT2A1",5248
"HOXA6",1541
"ZMPSTE24",3731
"NOM1",8009
"MTMR14",6622
"DENND4C",9819
"KPNA2",3537
"SYPL1",3337
"FERMT2",10270
"DUSP16",7973
"ITGB5",7218
"VDAC2",3371
"POLQ",9400
"SLC9A3",5708
"CSAD",4390
"DCAF12",4390
"C15orf39",8245
"KMT5C",5902
"GCH1",5369
"FBXL17",8495
"ATXN3",12079
"LHX5",3125
"WDR6",10714
"BMP2",3601
"NETO1",5757
"MBOAT2",9725
"DERL2",7303
"ELMO3",2616
"UBE2I",12994
"SLC4A1",5665
"ZER1",4449
"CD96",6037
"SP6",7648
"MRPS25",6982
"C16orf70",7203
"MOB4",4296
"PSMA1",4262
"SLC37A1",7008
"PIGT",27256
"OR1A2",930
"CPN1",1887
"GOLGA1",6019
"ANKRD63",1143
"MEF2A",7463
"SEMA3F",4869
"PWP1",3046
"NCKAP1L",10742
"USP46",13908
"PTGER3",10162
"ABCF1",4869
"LRRC37B",10441
"NLRC5",14968
"ESRRB",9654
"PPP1R15A",4103
"IBTK",11478
"GOT2",4555
"CRX",7020
"SPSB4",3740
"DERL1",8629
"IDH2",3172
"GNAT1",2868
"ADCY2",17792
"METAP2",5155
"KDF1",2046
"DND1",1605
"ENAM",6522
"GABPB1",7941
"ZPLD1",5130
"CACNG1",1266
"REG1B",3381
"POLR2I",1639
"VANGL1",9062
"CEP104",8314
"CPLANE1",16148
"PCDHGB1",7182
"BABAM1",3373
"BMPER",8864
"DNAH2",17603
"NGB",1884
"DENND2C",9004
"VRTN",3736
"UTRN",14773
"MAP3K21",7916
"F13A1",4822
"DPY19L3",10988
"KIF19",5806
"LIMK2",6368
"ZMAT2",1812
"GOT1",3799
"HSD3B7",2495
"ERICH3",9246
"ANKRA2",2725
"PIK3CD",6377
"CCR10",3511
"SLC19A2",6546
"PATZ1",5865
"FAM192A",5210
"CRIM1",7429
"ZNF460",3505
"FBXL22",4026
"CABLES1",7142
"KLHDC3",2355
"MARS2",3019
"SGSM1",8991
"SERPINB9",4118
"CPT1A",6683
"PPFIBP1",11945
"DNMBP",8690
"CNOT6L",12491
"AGBL5",5283
"TSNAX",6510
"STAU1",5617
"AK5",7083
"ANO1",6257
"RPS9",4621
"GSR",4164
"HEPHL1",5345
"NHSL1",8914
"BTBD19",4027
"AAAS",4496
"ADH5",5156
"TAX1BP1",9165
"CDK2",4835
"ROR2",6772
"TRPM3",24327
"SLC39A6",4280
"ADPRHL1",11271
"CALHM1",3053
"DPM2",3664
"NCAPH2",3560
"ZNF852",5443
"TMTC3",7327
"PPIP5K1",8668
"RASA2",5993
"TIGAR",4017
"SENP5",7450
"MTA3",11613
"AMBP",2209
"RHBDL1",2594
"CH25H",1686
"GTF2H1",7888
"ANKHD1",13423
"PCDHGC3",6811
"NCEH1",4808
"SLC27A2",2813
"MRPS5",6810
"HM13",12294
"CACNG5",1311
"ETS2",4595
"CCDC63",2184
"CALR",3222
"GPR19",4390
"BAALC",4157
"PTCD3",10683
"GRB14",2958
"KIF27",5338
"ZNF891",15455
"PELI1",4153
"ACTR3",12226
"OSBPL2",14480
"MCTP1",13309
"PLEKHF1",2681
"LIMD1",14102
"PITHD1",2264
"UGT1A9",2416
"SAFB2",7471
"DUSP4",8130
"TRAM2",6908
"STAMBPL1",6406
"CCNE2",6048
"PMEL",6018
"FAM160B1",6482
"MINDY3",4455
"ZDHHC20",7964
"CLEC19A",3403
"FAM19A5",3292
"VIPAS39",4047
"TIMM44",5395
"TGM5",3922
"ATP8A1",11509
"FBXO39",3005
"RNF44",5963
"PTPRG",14723
"SEC14L5",6477
"CDK5",3067
"TENT5A",6245
"ZNF512B",5919
"SLC25A22",5854
"PMPCA",7535
"VAX1",5788
"TTLL13P",4888
"DGKI",18069
"MYOT",3024
"HMX1",2144
"SAMD1",2330
"ACTN3",3632
"SYT4",7048
"FLII",8961
"WRN",5961
"SFMBT1",5730
"EXOSC2",4507
"PCCB",7589
"TMEM56",7402
"NDUFAF6",6406
"AVP",619
"IMMP2L",3411
"HOXD11",2110
"EN2",3395
"RXFP2",3319
"PFDN2",677
"FAM8A1",4677
"SIRT6",3751
"NPAS1",2582
"ATP6V1E1",3479
"CDC42SE1",6191
"BPIFB1",3101
"PIKFYVE",10832
"RHOD",1265
"LIN9",4550
"NGFR",4150
"ADAMTS9",12969
"GIT2",15380
"MAT1A",4134
"DNAJA2",5664
"MAZ",5270
"KLHDC8B",2463
"ZNF846",5041
"CD8A",3686
"APCDD1L",4372
"CMTM7",4268
"CARS2",13397
"ZNF622",1699
"RPS6",3253
"TERF1",9412
"GDAP2",11279
"FNDC1",6854
"CHAT",4048
"ORMDL3",5319
"IKZF2",15875
"CANX",6525
"ABCD4",11674
"NLRP6",3488
"KREMEN2",4442
"RBM20",8162
"ZNF518B",11922
"MSX1",2120
"SHE",8561
"UBXN6",7991
"ADAMTS8",4523
"ULK2",9942
"SPOUT1",5422
"SPNS2",4167
"PPCDC",3907
"PDSS2",3926
"MRPL48",4628
"MAP3K3",6473
"CDK5R1",5366
"DNALI1",5135
"PSEN2",3752
"TMCO1",5584
"RAE1",6038
"PDE3A",8518
"PRELID3B",3470
"RCL1",4356
"CNOT6",6594
"MSANTD3",3253
"ILF2",2384
"PCGF2",5494
"LRP6",10745
"MEAF6",4848
"GOLGA3",10819
"TRPC1",4958
"SRSF9",4027
"MYCBP",4026
"TCHHL1",3603
"ZNF234",5210
"ZNF502",3273
"STAR",4322
"RBMS3",18809
"DDX54",6067
"EYA2",3736
"CCNA1",2607
"KLHL2",3872
"ZC3H8",7231
"TIMP2",6064
"HAPLN4",3579
"WLS",5255
"CHMP2B",3106
"NEFL",5677
"NLRP12",5088
"JMJD8",4487
"ZNF791",6642
"ZNF805",2523
"SRD5A3",4566
"ZNF133",5426
"DTNB",7747
"RPS17",4263
"NIPAL4",4208
"SETDB2",6852
"RWDD4",2776
"ZNF738",4875
"ZNF683",3388
"PTPN22",4809
"POLR2J",1355
"LYNX1",5463
"RASD2",3412
"DHRS3",3213
"XIRP2",16250
"CELSR2",14415
"GFRA4",1991
"GADD45B",3703
"TRIM4",4891
"DCP1B",5249
"GGCX",9887
"PIP5K1B",4981
"SLC12A8",8114
"OSTC",1617
"ZKSCAN4",2375
"ADA",3198
"TMEM198",2578
"ZNF136",5613
"MS4A10",2296
"MFAP5",6025
"SCCPDH",2503
"PPP1R21",4052
"ZC3HC1",3011
"DTHD1",5618
"NFS1",7610
"OXCT1",5847
"CCDC6",8705
"NET1",4227
"MYOZ1",1541
"FLOT1",4136
"RILPL2",6141
"URB1",11461
"EXTL1",4870
"KIF18A",4668
"MCOLN2",3442
"GLE1",3527
"PTX3",1940
"SGF29",2434
"TMEM263",4836
"SLC11A2",15595
"G3BP2",8839
"SLC2A12",4468
"DTNA",13785
"ATAD1",6758
"CNTN2",24325
"KLHL23",5648
"UNC45A",8077
"ADAMTSL2",4677
"UAP1",3437
"ASB1",7991
"PODXL2",2186
"RNF130",12822
"PDE8B",7341
"LPP",25535
"MARK4",6832
"ZNF740",9283
"ZNF330",2536
"GIF",2409
"CAMK1D",8762
"CYB5R1",4842
"CTDSPL2",9959
"MAMSTR",2923
"MAP3K6",5178
"DLG5",11875
"SPATA2L",2733
"PGBD5",11304
"BAZ1A",7698
"DUS1L",8884
"ZNF131",9805
"GOLGB1",13768
"CARF",8636
"PAICS",7517
"SIPA1L3",10891
"CSTF2T",4105
"ADGRL2",7754
"CHRD",8347
"MAP2K4",5792
"FOXQ1",2309
"CGAS",4507
"ORAI2",11103
"TAS1R2",2542
"SPACA9",2898
"ING5",10905
"ELL",5572
"ASIC1",6159
"TF",26817
"F11R",5854
"FAM98C",5747
"KRT1",2488
"PFDN6",3807
"CD200",2991
"GTPBP8",3906
"DCSTAMP",2923
"HNRNPM",6826
"BSDC1",7716
"RSPH10B",5793
"TOX3",5031
"CHTF18",7262
"EVX2",4203
"SENP6",12620
"CHEK2",4935
"CPAMD8",11839
"FAM181A",2285
"MAEL",3148
"CHRNA7",25905
"SERPINE2",9081
"EIF4E1B",4486
"TINF2",3553
"FOXI3",2804
"ATF7IP",13638
"CNGA3",4378
"GRSF1",10630
"NPTXR",6009
"DCP1A",6617
"EPHB3",4532
"PPCS",3178
"PTP4A3",2877
"RPL6",6039
"CRTAM",2675
"ACSS2",5541
"WDR83",2428
"SMURF2",7975
"ZNF568",12294
"SAT2",3663
"ARPP21",13677
"ZNF787",3800
"ASIC5",1692
"TMEM33",9556
"ABCF3",5907
"B3GALNT2",5702
"ZNF512",4741
"UBA5",9221
"DNAJC14",5214
"NR1H3",5998
"ZNF346",4686
"MUM1",10295
"KNOP1",9001
"PHLDA2",955
"ZP1",2436
"RAPGEF4",7129
"NTN3",1986
"RPL3",6632
"CPNE8",6224
"LRTM2",4277
"AIMP2",1838
"CAD",9041
"CDIP1",4553
"ZSCAN25",7951
"RHO",2592
"SAMD9L",12625
"GOLGA7",2474
"ZSCAN5B",2119
"LCMT1",2798
"SRSF10",15170
"SLC12A1",16117
"NOCT",2880
"SLC17A4",4781
"CTTNBP2NL",7961
"LMNTD1",3263
"CCL5",1975
"DRAM1",4217
"JMY",9375
"CDS1",4711
"MCMBP",6583
"SLC35F3",3195
"GADD45A",2409
"PSMD8",3450
"DUSP26",2417
"MAP1LC3A",1936
"JAKMIP1",3907
"CHRNB2",8183
"RPS15A",8364
"PTPA",6192
"PITPNB",5306
"ARMC8",10212
"UBE2QL1",4317
"IRF2",3161
"PIK3CB",9490
"SMARCAL1",5776
"DPF1",5692
"CCZ1B",8352
"SPIDR",7989
"VPS13A",20346
"PNPLA2",4769
"MED10",1964
"DNAJC11",6023
"PLPP3",5687
"NYAP1",3845
"HAND1",1738
"HIST1H2BB",381
"PARP4",6268
"AJUBA",6658
"EMX2",3368
"MCOLN1",4346
"GCHFR",1531
"TRIM62",4912
"EBI3",1284
"DSTYK",8339
"C2orf72",3851
"CIITA",23122
"CPA1",3931
"PDGFRB",7671
"BDNF",8579
"RAD21",7381
"PLEKHH1",12638
"TNFSF10",3473
"PLCH1",7173
"NME9",4303
"PEX2",6257
"SH2D3A",6572
"HSPA12B",3151
"PRKRIP1",4096
"CCDC180",18372
"DOP1B",9407
"TAF10",7012
"PLEKHM1",11832
"ADAMTS16",5863
"MRPL2",3046
"HIRIP3",5172
"LY75",8941
"SRRM3",6873
"MAP3K13",12799
"ANKRD62",4812
"PIK3R5",9018
"NPRL3",8231
"PRDX5",893
"USP3",9153
"GJC1",14374
"COX15",4244
"ABCB11",8556
"PPP1R3B",7882
"RAB40B",8449
"HHIP",13032
"METTL1",2888
"PRRG2",2110
"GHITM",2128
"SMG9",8453
"TSN",4407
"NR2E1",3733
"SHMT2",8000
"NADK2",8405
"RAN",6109
"SLA",9251
"MPZ",2215
"ACACA",16473
"NFKBIE",3040
"CRIP1",4275
"TRIM41",16536
"DNAL1",8936
"RHAG",2817
"SSR1",15382
"BUD13",2196
"RPL7L1",11077
"TAF15",6441
"MIA2",10948
"ZBTB43",7245
"CAMSAP3",4985
"AKAP10",5333
"CPPED1",8113
"EDEM1",7309
"TIGD3",2012
"SMYD5",3451
"PIP5K1C",7257
"AMD1",7393
"EMILIN1",4375
"IREB2",11088
"HGD",2983
"RASSF8",8462
"CRNKL1",5172
"CCSAP",8136
"TAF3",4872
"COL20A1",11438
"CMTM8",1174
"RASEF",6649
"CNOT4",7097
"SARM1",11746
"ZNF32",1589
"MGAM2",8162
"NOP16",3069
"SRSF6",4593
"RAB29",4069
"PHACTR4",8267
"ALG3",3827
"ALDH4A1",3989
"CPA4",3958
"PIGN",26837
"CTHRC1",1776
"SREK1IP1",7610
"NPAS4",3428
"CIR1",3181
"ZC3H4",8965
"N4BP3",6080
"SVIL",10366
"CDS2",12164
"GABPA",5429
"POLK",9326
"IDH3B",3148
"WDR36",8204
"LGSN",7032
"DTYMK",2569
"PCDHGB6",6782
"MOB1A",6574
"LSM14A",4871
"PTGES3L-AARSD1",2654
"RPS12",767
"GPR155",7769
"EFL1",5007
"MAPRE2",6455
"LEFTY2",2392
"STIM1",7500
"ZNF451",16804
"TMEM199",4963
"CTRL",4249
"DCHS1",10765
"CASP4",8325
"HRH2",5679
"PRCP",13830
"MYRF",11763
"NCBP3",17067
"SLC7A4",2732
"TBX3",6239
"DACT3",5514
"RTN4RL1",3625
"ERAP2",7450
"CAB39",5426
"TUBA3D",1598
"C1QTNF2",2414
"KTI12",1714
"MUCL3",6143
"MARC1",9258
"OCM2",833
"KRTAP2-3",875
"TUBA3E",1542
"ENTPD8",3147
"CYP3A4",3141
"CFAP61",7391
"MIGA1",11944
"DGCR2",7043
"OSBPL3",8903
"TMEM38B",4511
"PCDHA6",6133
"TMEM205",2561
"MSS51",2767
"MTCH1",3511
"C2orf69",4296
"ANKRD44",15158
"TRPM2",6942
"AIMP1",3328
"GTF2B",2348
"TMEM44",4571
"EDIL3",5738
"ZBTB48",6153
"SLC34A3",2303
"ZNF648",3649
"SNAPC1",2656
"NSD3",17889
"CNTN3",5226
"NDST4",3719
"PRRX2",1311
"EGFL8",3110
"GPR65",4522
"CDC37L1",3949
"MTA2",4650
"FSCN2",2845
"RAP1B",17018
"PYGL",5094
"AK8",2803
"TCF25",8742
"POLR1B",7097
"TCF24",2589
"LPAR6",4882
"MDFI",2610
"VPS33A",8533
"PARP16",3715
"MPHOSPH6",2281
"SPOCK2",7740
"TPMT",3181
"TPM2",4950
"SLC44A4",3443
"JPH3",6029
"PPIH",1504
"TRIP4",3246
"SCD5",4292
"FGGY",12174
"SLC22A2",6702
"FLT1",13119
"TMPRSS2",6703
"PARD6A",1488
"RALBP1",8065
"RNF19B",2610
"SEC23B",4526
"ABCG2",5044
"PTCHD3",4820
"AP3B1",8208
"MED20",5307
"WISP2",5321
"CRMP1",5823
"GRM3",4505
"ALG2",2983
"KIF26B",14403
"ADRB2",3443
"CXADR",6852
"SUCLG1",4286
"LDHA",7795
"CLK1",6048
"ZNF574",4666
"PLCL2",5146
"CHUK",7743
"ENPEP",8257
"RIOX1",2429
"PRRC1",10794
"PDCD6",9931
"MOCOS",6281
"PHYHIPL",4093
"FXN",10575
"CDCP1",6985
"NAMPT",9630
"CC2D2B",6857
"PLD4",7573
"EIF4G3",11663
"WDFY2",16197
"RPL36",2672
"NQO1",4129
"MINDY4",7640
"CHPT1",6459
"TAF1C",9016
"HIST1H2BN",5998
"ANKRD16",3059
"SELENOI",8693
"CDHR2",5348
"CPSF4",4250
"PAQR7",3297
"IFT57",3766
"MS4A18",1433
"ARHGAP11A",6874
"TMEM106B",13867
"MZF1",8730
"DVL1",4361
"TAPBPL",3519
"SYT14",13926
"USF1",2720
"FBXO45",5976
"AJAP1",12815
"ZNF277",4014
"SEC14L2",6355
"SLC35G2",4287
"GNAT2",1381
"AGO3",21447
"AMN",4903
"SLC26A6",8932
"TMEM72",3424
"CCDC88A",44189
"MAFA",2893
"BMP6",2780
"PDAP1",3087
"SLCO3A1",10958
"BEND5",2138
"HSPA13",4194
"PTGS1",5791
"PRKDC",16060
"SPOCK3",4482
"KLF9",5175
"GJA3",5211
"ITGA11",11228
"SDR9C7",1765
"GP2",4549
"PCGF6",3940
"CHCHD4",1823
"ZSCAN10",4288
"PLA2G6",7437
"CENPE",9772
"ATP1B1",2962
"SYNPO2",14370
"DAP3",5270
"CELF1",13353
"MAG",2957
"GLMN",2910
"PRDM5",10350
"HERC3",7236
"PARN",5050
"GPALPP1",13127
"CIB1",1472
"TMEM120B",11194
"UNCX",2048
"LRRC8E",4472
"RHOBTB3",9276
"PDGFA",4626
"UFSP2",2971
"CNOT8",4550
"COLGALT2",8879
"FYB1",10078
"KIAA1324",9616
"HLX",6918
"DNAAF2",2963
"SAMD12",15975
"FAM171A2",3732
"TRIM14",6033
"SLC25A3",9310
"CCDC17",4637
"KIAA0895L",6207
"CDK2AP2",2412
"IL1R1",10230
"TBC1D10C",6142
"FUBP1",5906
"PRSS22",3084
"SERPINI2",2835
"GADD45G",1322
"SYNGR3",4628
"DDX10",8653
"RRH",1455
"TMEM8A",4876
"HFM1",5827
"DDI2",12218
"SPAG16",8257
"BAMBI",3009
"ZNF263",8647
"EXOC7",12439
"IRF3",5144
"COQ10B",2722
"PIGB",4937
"ADGRE1",3707
"TBL3",7523
"CCM2",11381
"ADAT2",8693
"FAM110A",3510
"NACAD",4917
"NSMCE4A",4676
"ADORA2B",2551
"TSC22D2",12016
"CDK20",9691
"FANCL",2588
"AIF1L",5792
"RFXAP",2623
"ALG10",4890
"LDLRAD3",4575
"PKD2",5616
"CCDC136",6733
"TBX4",3996
"OLA1",6100
"CEACAM4",1364
"MPHOSPH10",5027
"BEST3",7107
"VRK1",2796
"RUNDC3B",4710
"CIDEC",2272
"PLAC8L1",656
"NDUFB10",1652
"NRP2",14032
"WDR77",2967
"TOMM22",2191
"PPM1K",13151
"HOMER3",3884
"EGLN3",8569
"ACBD3",3578
"BCAS3",15353
"CCT7",3591
"TBX5",5089
"SLC35A3",21408
"PAXBP1",7705
"KIAA0391",8112
"ITGAV",8370
"EPS8L1",5982
"MAPRE1",2623
"EYS",18977
"TP73",6906
"PPP6R2",5611
"MYL6",5630
"STK31",6345
"MAP2K3",3923
"COQ10A",4179
"TRIL",4935
"EAF1",5531
"FAM129B",4889
"ALCAM",7318
"IKZF1",11739
"SFPQ",7867
"NETO2",10461
"SERPINB6",17853
"ZRANB3",9990
"DCHS2",21272
"ETAA1",7932
"BACE2",9619
"ZNF48",3998
"PAQR5",6224
"DDX51",9021
"LHX8",4690
"TESMIN",7012
"SMARCA5",8385
"EDEM3",8305
"SLC26A9",5672
"ZSCAN5A",10667
"FRMD5",8662
"SLC38A10",8997
"GALNT9",7354
"MYOM2",7237
"PRUNE1",3156
"TUBD1",3530
"TBKBP1",5192
"RAB22A",9285
"ELF1",5012
"ZBTB32",2902
"DNAH9",17271
"SOWAHA",3211
"MAST2",9367
"MYPN",7351
"DACT1",4608
"ZNF383",8605
"GJB6",3890
"ZKSCAN3",4842
"YAP1",6296
"PYROXD1",5937
"ARSK",4314
"GPX4",2326
"TRIM71",8685
"TARBP2",5102
"SNX8",5903
"TBCK",11890
"CNBP",2534
"SEPT11",9952
"BIN1",7061
"CA9",1752
"FRMD4B",11283
"TMEM9B",3064
"LSM3",3815
"DMPK",7496
"JCAD",9951
"BRF1",14522
"KCNJ10",8331
"KCTD18",4968
"TCEA1",5818
"SFSWAP",11053
"NDUFS8",5956
"KLHDC8A",3651
"COA6",1257
"PCDHGC4",4974
"ALOX5AP",1715
"UBE2D4",4713
"RNF170",8092
"REV1",8357
"H1FX",1507
"TMEM229B",7332
"KCTD10",15892
"ZBTB37",19464
"MLLT1",4970
"ACOD1",2177
"SLC5A8",4178
"GPR15",1252
"PPP1R14A",1534
"C1orf122",3308
"CHST4",2731
"ACSL6",14021
"SUMF2",4792
"CNGB3",5025
"STOML1",11956
"OARD1",7936
"HOXD13",2240
"ZNF233",4051
"MTHFD2",4962
"GOLGA7B",6971
"ARG1",1965
"SLC39A7",3260
"MAP4K3",6067
"TRIM64B",2689
"PRDM14",2766
"ARRDC1",4682
"HIPK2",16171
"MOS",1041
"MAPK8",10421
"DDX23",5999
"GGCT",1856
"ZNF572",3275
"FABP7",2728
"USP30",5209
"MCM6",4118
"TPI1",3078
"CDH2",4950
"PPP1R8",2999
"PKMYT1",5693
"SHISAL2B",1901
"LTBR",7333
"DOCK10",11372
"SC5D",6261
"SPSB2",3555
"KLK6",2144
"RNF112",3934
"ZBED9",10516
"ACTR6",4755
"HSPB7",4575
"GEMIN5",5637
"PLEK",3314
"RAB3GAP1",6873
"THAP1",2549
"KCNA10",1959
"PGD",3401
"CALM3",3803
"PGM2L1",9178
"SEMA3E",8424
"INTS13",3431
"MMS22L",24912
"RBM26",11016
"POLR3GL",2606
"GPX3",3366
"PELI3",4145
"CNIH1",5966
"TRIM56",12170
"STAT2",7728
"NOP10",554
"CEP78",14540
"FGD5",8413
"CMTM4",8956
"CDR2L",3536
"ZNF672",3741
"MON1A",8296
"ECT2",5499
"ZDHHC19",2572
"EHF",4386
"EIF2B2",5716
"NASP",8955
"CCDC151",2681
"CEP290",10583
"DOK7",4151
"ETV7",2374
"FSIP2",29325
"VSTM2B",1488
"TBX6",3553
"NTM",7640
"COQ9",4630
"C16orf87",8420
"SLC16A14",4946
"EPN2",11317
"CLASP2",18674
"PIGQ",10418
"RAB25",1699
"RAB12",2985
"PNO1",2899
"PTPRN2",5011
"GPR156",10389
"DZIP1L",5197
"METTL7B",2065
"XPO6",7514
"GTF3C1",12923
"ITGAE",6662
"TNPO2",7417
"CLCF1",1975
"IL23A",1187
"SNRPG",2196
"PCNP",3317
"UVSSA",23595
"ORMDL1",4110
"POLR2K",1804
"VAV1",4644
"SHISAL1",6751
"DNA2",5098
"NTPCR",15854
"ADAM22",12403
"COX5B",1608
"TSNAXIP1",4576
"SOX18",1864
"IHH",2023
"RNF17",5634
"MRTO4",2974
"ST7L",10138
"NAXE",1933
"LRTOMT",8501
"KAZALD1",3768
"FUOM",1284
"ZG16B",3029
"ASPSCR1",16632
"C1orf198",5372
"ANLN",6012
"NUP210",8182
"CARM1",4612
"C7orf31",5511
"TADA1",2963
"C7orf43",4006
"DCAF8",9122
"WFDC5",1044
"FBXW10",4782
"FRG1",1707
"UBE2G1",4562
"GABRR1",4243
"TNFAIP8L1",6810
"ZNF112",7610
"RABGAP1",9324
"ADCY6",9438
"SAMD10",2684
"UBE2M",2352
"LRRK2",15205
"NDUFAF2",1017
"POU4F3",2569
"MCHR1",3542
"BICRA",9469
"LZTFL1",8529
"GMIP",4312
"IFNG",1218
"ATXN2",22334
"SNX18",8515
"TSPOAP1",12306
"RNF125",6788
"ZFYVE28",10752
"B3GALT2",3274
"RPL13A",4271
"SMG5",5304
"KNDC1",7985
"TMEM268",5430
"AMN1",3637
"AC020909.1",1265
"HNF4G",4806
"RAB2B",4457
"UBQLN1",7809
"TMEM38A",3189
"RAP1A",5532
"ZNF343",4794
"COG5",8618
"ANKRD7",3043
"RHBG",3999
"EPO",1330
"ZNF341",5913
"ZNF721",9478
"UBE2D1",3592
"HEY2",2741
"GOLGA4",11178
"SDC3",7493
"HLA-DRB1",1229
"MYL12A",3407
"GCLC",9329
"FAM57A",4006
"SLC27A4",3110
"CHRM3",12170
"ZFP64",7238
"ZNF304",4815
"PRDM6",9350
"NEO1",8117
"PGAP3",4002
"CDCA8",2578
"SART1",4530
"PLEKHG4",9733
"COL9A3",5382
"ISG20L2",5545
"FERMT3",3328
"NME3",2187
"CGNL1",8683
"ATP5F1C",2326
"LARS",8747
"CFAP97D1",3969
"LOXHD1",10006
"ENDOG",1172
"OTUD1",2933
"RUNDC1",4757
"FGB",2927
"TFPI",11891
"ZNF608",8965
"IL10RA",8552
"FBLN7",6578
"IL2RB",5027
"AK9",10180
"KLK8",1996
"KERA",2162
"NOB1",2215
"PHF24",6481
"TYK2",7752
"RBM24",3613
"LHX4",6061
"EBPL",1500
"DNAH17",16294
"ODF2",6556
"CYP4X1",2548
"NEK9",14325
"OGG1",9411
"ADAM30",2963
"CLDN19",4791
"PP2D1",2523
"TMEM212",2719
"EPOP",3719
"COL4A4",10076
"HOXD1",1975
"APBA3",6896
"FAM114A1",4871
"DBX2",2806
"ANKRD6",8988
"HIST1H2BD",871
"E2F5",7488
"CYP26A1",3387
"KMT5A",5182
"CLTB",2039
"ANKFY1",17929
"GPX8",4456
"NRROS",2910
"PPP1R13L",5725
"AASS",5361
"CHD1",13928
"FBXO22",12340
"ROBO2",17185
"APOE",2272
"LRRC1",4897
"C5orf60",5717
"PSMD14",7950
"LOXL2",5973
"FAM160A1",5152
"AGFG1",9321
"DENND4B",9249
"EIF6",1751
"CCNI",3799
"PCDHA13",7533
"SNRPN",3476
"KANK2",9710
"TLR6",10632
"CDCA7L",4825
"EFNA3",1909
"MSANTD1",8056
"BICDL1",5773
"NME6",11316
"ESPN",7808
"LAMTOR1",3078
"DMRTA1",5569
"CEP55",3271
"RBM39",17312
"LGALS8",10419
"ARRDC3",5680
"PDE8A",8081
"MARCH3",5985
"ATP5PB",3924
"PLCZ1",3640
"GALNT14",5430
"QARS",6333
"SIGLEC10",4257
"CPNE3",6871
"ANKRD36",9759
"CHRNA9",3168
"GUCD1",6757
"TOX2",3223
"SSC4D",2819
"IDH1",5013
"CALB2",1775
"SCOC",6294
"COPS5",8877
"SYNPO2L",5442
"MTBP",8654
"HDDC3",8472
"TIMM10",1070
"H1FOO",1264
"UHMK1",9246
"FAM20A",7206
"KLC3",3920
"SSUH2",6527
"CIP2A",6166
"ZKSCAN7",4208
"SLC37A4",8410
"RIOK1",3518
"PAX1",6042
"ARMT1",2920
"SYCP3",4359
"GTF2IRD2B",6241
"TIPRL",3220
"ERN2",5403
"LCN15",2887
"TBC1D15",8328
"RPP14",9409
"FZD9",2338
"LRSAM1",4521
"AGK",12388
"PARP10",8141
"TSTA3",4359
"CLEC2A",1220
"ZNF18",3496
"SAFB",8846
"DUSP14",2587
"APOBR",5672
"SSTR2",7852
"TMEM41A",9745
"RAPSN",1918
"RPL3L",2758
"ACAA2",6066
"POLD1",5422
"MAN2C1",14923
"SPA17",6001
"SYNJ2",12969
"BEAN1",8225
"MAP7",5860
"RAB3IP",13295
"PRDM4",5139
"ATXN7",11942
"ADAMTS1",9417
"CYP11A1",3689
"KLK13",2304
"FAM118B",3953
"SOCS3",2835
"SOCS4",7043
"HSPA14",2667
"ZNF517",5549
"TBC1D1",9714
"PADI2",6129
"ADORA2A",4193
"PHC3",19328
"FOXD1",2678
"RCBTB1",5022
"SPDYA",3483
"RIMS2",13619
"MSH4",3266
"PKDREJ",7693
"SCRT1",3779
"KLF14",2942
"ITPKB",7036
"YKT6",4073
"PEF1",2491
"SRR",3498
"FLCN",10837
"ENDOU",3145
"TOP2B",6044
"TTC30A",5975
"CD163",6224
"RAD51D",13209
"ZNF696",4012
"MED25",8294
"CELF5",7647
"BARHL1",2840
"TRAF3IP3",9108
"BIVM",5663
"GSTCD",6340
"KIF11",4860
"CDCA3",6418
"PTAFR",6093
"FAM50B",3477
"LETMD1",8107
"CTDP1",7415
"SMG7",9662
"EEF1AKMT1",1502
"TUSC3",5273
"SRP9",1728
"GDPD1",2970
"YPEL2",8667
"CRELD2",5546
"TJP2",19311
"MORF4L1",6714
"ST14",4350
"IGSF22",4841
"TNFRSF10A",3516
"VCAN",20764
"ZNF394",4044
"PTPN12",5663
"NR3C1",12800
"RAPGEF3",14019
"CCR6",4451
"HAUS6",8973
"TRIM72",9056
"DPF2",8238
"RPP21",2379
"KLHL31",6476
"ZFYVE16",11771
"KIF26A",6756
"PIPOX",4138
"TC2N",9075
"PAK1IP1",1800
"EGF",6570
"CTDSPL",6796
"DPPA5",679
"DOCK2",13652
"VPS4B",5413
"COL3A1",6811
"TGIF2",4784
"HYI",3886
"ZNF287",4253
"BRI3BP",6648
"PVR",3855
"FKBPL",1345
"PLA2G12B",1128
"ZC3H12C",10471
"SMAP1",4161
"TXNDC15",5959
"MDFIC",5252
"GPR149",2323
"NT5DC3",9902
"GYS2",3132
"ZHX2",4716
"CTDNEP1",2584
"FOLR1",1648
"PEX16",3303
"ASB2",5090
"APLF",7620
"TCTEX1D2",1421
"AP3S2",10849
"LMOD2",2731
"SLC25A23",5962
"IGFBP5",6442
"FAM19A4",3544
"CHST9",13095
"RGS10",1432
"FAM216A",3499
"SEMA4D",21025
"CELSR1",15076
"ARMC7",3268
"CNN1",3727
"AP5M1",13698
"IL18R1",4353
"SEL1L2",4050
"BLZF1",3820
"TMEM182",6071
"SLC7A11",9819
"TUFM",2685
"SPI1",2678
"ROPN1",4680
"FBXO6",1811
"PRRT4",6189
"TUT1",5014
"BCL3",3779
"ADGRF1",15660
"ATF6B",3815
"RNF114",5212
"TIMM23B",3056
"CAAP1",5084
"CD79A",1726
"SEC11A",6987
"ANAPC4",8945
"SSBP2",15119
"PLEKHA5",12622
"IFNGR1",3279
"POSTN",5638
"PDGFRL",2409
"HHIPL2",3289
"ASL",3390
"GPR63",5952
"TMEM260",8202
"PAFAH1B2",7104
"HSF2BP",2005
"IL12RB2",4518
"ZNF25",7006
"GULP1",13310
"RBM48",5037
"NR1H4",3794
"CFAP410",6718
"ANKRD24",4515
"ARV1",1987
"DCT",8790
"PGLS",3075
"CLDN12",6885
"INAFM2",3646
"KCNMB3",10080
"RPL38",4334
"SPCS2",3490
"UBE2W",14723
"PAX9",6392
"KCNMB2",3619
"TOMM40",4550
"TNFRSF10D",3538
"RAB6A",5554
"PSAP",3239
"RPL23",9390
"ZNF506",9449
"PIEZO1",11552
"CCPG1",16973
"SNUPN",3855
"CYP21A2",3517
"OLIG1",3398
"THPO",3480
"AGPAT3",11757
"UCK2",7210
"BOD1",2121
"UBL3",4384
"RNF144A",6619
"OR51D1",3623
"NAA60",11721
"PACRGL",4257
"WDFY1",5516
"AXL",5154
"SRRD",4319
"SLC26A4",5800
"CCDC183",4119
"PPFIA4",12159
"MYO15A",20882
"DHX36",11251
"CREBZF",12251
"JAM2",5933
"GRP",851
"SLC25A30",7260
"HCRT",577
"ALKAL1",1276
"HIKESHI",3648
"SCN1B",11320
"ALDOC",3259
"OTOG",10889
"SLC35A1",2152
"PRLR",15614
"WNT11",2487
"ELOA",5391
"FBLN5",4973
"ARL8B",3576
"NOG",1892
"FKBP8",3274
"DCUN1D5",2178
"RABGGTB",8157
"SGMS1",6727
"FAM49A",5512
"WNT5A",8578
"ARL8A",1975
"ITPRID1",7485
"PIGV",3814
"OBSL1",10038
"MRPS24",3412
"KCNK3",6223
"SLC25A44",8014
"KRT34",1751
"GPSM1",5138
"TNPO1",11977
"JMJD7",2181
"LPL",4383
"DEPDC5",18669
"CXCR2",3294
"AKAP5",9088
"ZFP91",5220
"FAM89A",2394
"ZG16",3132
"CRYGS",2151
"ZBTB39",6170
"ELMOD2",6778
"DBP",8715
"TOR1AIP2",22983
"TSKU",4131
"MB21D2",3368
"WNT6",1703
"TGIF1",8864
"TNNI2",1082
"PRR19",3725
"MAGI1",12754
"KIAA0513",8837
"HIST4H4",3570
"RPA1",5600
"VWA1",5315
"COQ8A",8440
"SLU7",5479
"GPATCH8",18918
"MYO3A",8711
"TATDN1",5160
"PARVG",10604
"ZNF33A",7523
"SAMD7",2512
"TXNDC5",4670
"C1orf35",5263
"TEX45",3125
"AIFM3",6151
"MMD",3270
"RPS6KC1",6190
"PDE7A",8727
"ADD1",14499
"DDAH1",4685
"ADAMTSL1",16268
"SLC51A",5494
"ATP4A",4058
"CDH15",4686
"CTLA4",2140
"PES1",5355
"USP8",21057
"SHISA4",1746
"MYBL1",7998
"TMCO3",11307
"ZBTB16",6540
"OR51V1",966
"LRRC71",2791
"ZNF549",9279
"SNX25",4567
"FOXI2",3217
"NPNT",7687
"CTNNA3",11643
"ARHGDIA",4656
"MMP3",2048
"EXPH5",21748
"ZNF285",12129
"TMBIM6",6699
"MECR",4508
"FAM124A",6702
"GPR183",1700
"GOLGA2",7326
"CEBPG",4411
"HOXA13",5901
"ESS2",7206
"TNFAIP6",1579
"FNDC4",2098
"LINGO4",3379
"TTC4",3728
"PRR15",1982
"SKP2",4039
"DMRTC2",4366
"KRT31",1596
"UNC119",5301
"CHST14",4988
"MINDY4B",1686
"OSTM1",7459
"GDF7",9749
"IFITM10",5452
"HPF1",1436
"GNAZ",3840
"COPS2",8281
"CASP9",6383
"ACVR1B",5690
"TSEN15",11498
"SS18L1",5210
"NOV",2673
"MEF2B",2164
"MYOM1",7201
"C1orf43",3221
"RELA",7213
"CCKBR",3940
"GDAP1",4213
"NAGK",14339
"N4BP2",10147
"C1QTNF6",8044
"RBP4",1449
"ASNSD1",2905
"SOCS7",9103
"CDKN2C",4663
"SLC28A2",5304
"EML2",10627
"PKHD1L1",13728
"ALK",8078
"VCL",9992
"WARS2",3910
"HACE1",9238
"NKX2-4",2238
"MSC",2113
"PLSCR1",4756
"NUTF2",4199
"FXYD6",6433
"CGRRF1",4834
"SMIM14",7878
"GRIP1",7165
"DDHD2",11443
"PXK",5354
"WNT1",1600
"WASHC5",5135
"SFRP1",4761
"PGM5",7720
"KLHL8",8744
"WNT16",3261
"STK19",4923
"SELENOP",7167
"ZC2HC1A",4181
"ANKRD29",7352
"SLC12A3",6180
"GATB",12194
"FUT10",9662
"GPN1",3892
"EIF4E2",7248
"KATNB1",5408
"DDX19B",4881
"PPP6R1",6804
"DMAP1",6826
"KIAA1671",17772
"ARMC4",4773
"RANBP10",7014
"FABP5",2290
"NAGA",4392
"CMTM6",4772
"ARHGEF25",4073
"ARL5B",7196
"CHURC1-FNTB",2076
"HR",9938
"LAMA4",12026
"DRGX",3156
"GPSM3",1854
"STK25",9132
"RCOR3",9135
"ATP11B",9246
"HIST1H2AH",387
"SUGCT",2857
"PHOSPHO2",1765
"PHAX",4319
"GBX2",2315
"SLC4A1AP",5388
"CNOT7",12116
"MTURN",6532
"EPHB1",7354
"TRIM49B",2281
"MCM2",5084
"TENT4A",7191
"TNNC2",876
"ASPRV1",2177
"FGA",4089
"SAMD14",9705
"RGR",4435
"SPATA46",2037
"HHIPL1",7836
"PAQR6",2567
"SMIM2",824
"STKLD1",4527
"AIG1",8329
"FAM136A",4011
"SLC25A31",1841
"ADRA1B",2687
"POLR2L",1142
"BFAR",5098
"ICA1",5442
"CCDC168",21466
"ST6GALNAC4",2630
"C2orf16",22601
"DPY30",2980
"UBA3",4540
"TNNT1",2171
"DENND1B",14882
"C15orf41",10704
"SERPINF2",2348
"SLURP1",537
"CDK2AP1",3117
"MYL2",1452
"TMBIM1",5098
"FCGR1A",3083
"SLC39A1",5081
"SNTB1",10751
"HOXB7",1528
"S100PBP",9378
"NCR1",2185
"TMEM117",3622
"TOLLIP",8468
"CHMP4C",1866
"TPST2",8191
"SLC9B2",6869
"STK38",3576
"PGM2",3839
"SYNC",4467
"QRSL1",5453
"WHRN",5542
"PRIMA1",4401
"GFOD2",11346
"STARD3",6872
"SCYL2",8090
"FOSL1",2180
"VIPR2",5222
"RLF",6246
"CCKAR",1720
"TAC1",1888
"TIGD5",5390
"TONSL",8664
"CTSK",1887
"BUD23",8858
"ANTXR1",8266
"NPY5R",3291
"CEP350",15245
"CREB3L1",4137
"CATSPERG",10301
"IDO1",4182
"LNPK",10149
"RRP12",9077
"KAAG1",1382
"TRAF6",6623
"RAF1",8181
"GBP5",8800
"GRM4",18924
"HIST1H2AD",393
"DLL4",5094
"GABRP",4621
"ZNF202",5042
"MLH1",3824
"EFCAB2",8607
"ZNF334",9504
"STIL",8868
"NIP7",5623
"NOTUM",3115
"COPS8",4929
"UBP1",11220
"HELT",1456
"CPLX2",7099
"RNF10",6803
"STK39",4247
"CYP39A1",3772
"ARL6",5323
"RRAGA",1589
"ITIH2",3551
"IRGQ",15366
"RBL1",6054
"C11orf96",1834
"SLC25A13",3905
"NPBWR1",2687
"LRRC30",923
"ACSM3",8243
"MEGF6",7446
"PRRG4",5530
"RAB3GAP2",10504
"AEBP1",6034
"BTBD7",12635
"DCXR",2897
"KRT23",3926
"SLC6A20",8244
"CLDN11",4448
"DDX59",4470
"SRF",4202
"LAMTOR3",5662
"ACSBG1",8949
"PRPF3",5457
"ARHGDIG",2633
"ARL5C",4226
"KLRF1",1260
"MPP7",6396
"NACC2",7351
"HMCES",2783
"SLC4A11",4789
"MMP2",5171
"IGSF21",3201
"CCNF",7050
"GALNT7",7127
"PLEKHA4",4363
"NANOS1",5125
"DR1",11502
"ATF6",7890
"RWDD2B",4897
"UGP2",6954
"ENGASE",6226
"ZNF121",9029
"SLCO1B1",2229
"GFER",2920
"NOSTRIN",5337
"NUP98",12824
"KRTAP29-1",1026
"CRY1",5349
"HARS",8426
"NUP35",4762
"PRDM12",2476
"SLC25A34",3261
"LARP4",8112
"LRRC32",6859
"ACSL1",6769
"FAM71E1",1693
"IKZF5",4964
"SBNO1",11270
"GSC",1264
"NPLOC4",10994
"CLIC1",2027
"WDR7",15694
"KLHDC4",12683
"OMP",492
"TEPP",3377
"ORAI1",2497
"NTSR1",4237
"ABCB5",9383
"WSB2",4965
"DPY19L4",7136
"SETD7",13916
"SIDT2",10676
"ZNF829",8959
"VCAM1",6966
"QKI",27151
"CBS",7567
"ZNF426",9550
"GIT1",7203
"ARMH1",3427
"CAPN8",5192
"FRZB",3162
"NUP160",9582
"KRT73",3094
"KIF1C",8580
"ERICH6B",2940
"PARP8",10111
"PLIN4",6502
"OR6A2",5668
"TDRD1",5256
"ONECUT2",16234
"USP44",7266
"PRDM8",4727
"RPE65",2610
"TLE1",5186
"ERLIN2",10626
"IL17RD",12145
"PCDHGA5",5733
"LDHC",2095
"STYX",5772
"UHRF1BP1",9908
"AP1M1",15004
"SASH1",11767
"DMRT1",3253
"ZNF350",5180
"TRIM10",3722
"PITX2",6805
"HCK",3154
"TEAD4",2297
"SAMD4B",8857
"C8orf58",4821
"VWF",11039
"WFS1",4698
"FICD",5398
"RABL2B",6015
"ZMYM1",5342
"LPCAT1",8545
"THNSL1",3788
"JAZF1",4477
"ACTR5",2565
"GFI1",3301
"P2RX4",10449
"UGT3A1",11567
"ESRP1",5004
"USP53",12310
"PIGZ",3211
"MPPE1",11608
"ENAH",15044
"PLA2G4F",7110
"TXLNA",5304
"GNA11",7026
"TRIM74",1471
"CA4",2424
"CAMK2D",9823
"WBP2",7217
"CDH5",6311
"SNAP29",4953
"ARHGAP27",12630
"M6PR",4462
"LEUTX",748
"ANKLE1",4179
"GSTM3",5878
"NTF3",2919
"FABP6",1164
"DMXL2",14736
"SLC26A3",3475
"SNX27",24316
"MUSK",4246
"TRIM44",13077
"SEC24D",10271
"PCNX1",17791
"HIC1",8727
"TXN",1142
"CCDC18",5766
"LILRB3",3881
"STK10",9438
"MORN3",4109
"TP53BP2",6637
"ZNF605",17275
"NMUR2",2345
"LDHB",3336
"GALM",3134
"PTPN13",9678
"SPINK5",4381
"TXNL4B",5615
"OSBPL10",13187
"ERMN",5335
"STXBP3",5991
"SNAPC4",5045
"SLC25A17",6039
"GXYLT1",8300
"MYLK3",9868
"IFT172",9331
"MSI2",23213
"CMPK1",4020
"EXTL3",14906
"CPB1",5890
"RFC1",7144
"SHROOM1",5664
"ZNF585A",19671
"MTIF2",3720
"POU3F1",2184
"ERN1",11256
"MLLT6",15770
"ZNF385B",5310
"RDH11",6890
"FOXA3",2192
"PEMT",1720
"SLC2A10",5042
"MLF1",3569
"PLK4",4514
"FBXW5",3576
"ARF6",3865
"SAMD5",6320
"UNC5A",4359
"PTGDR2",2895
"TNN",5008
"JUNB",1820
"ZNF621",8354
"HLA-C",3360
"DARS",4178
"ZNHIT1",7097
"TMEM115",2197
"FGF9",4539
"NKX2-5",2411
"PRSS27",6731
"GLDN",7680
"GBX1",1467
"TIMMDC1",3106
"KNTC1",12322
"SLC12A4",9924
"PGAP1",12795
"CSRP3",1972
"CLIC4",4634
"TEC",4816
"MRPL41",1262
"ADRA2C",2510
"ATP10A",8455
"TPM3",11149
"ANP32E",4119
"DDN",3749
"MXD4",8566
"PRPF4",3787
"TRAPPC13",8088
"RNF8",6918
"SETMAR",3682
"IL11RA",4702
"ZNF281",5058
"NCDN",5243
"CDK17",6671
"CHMP3",9333
"OAZ2",8755
"CCDC173",2347
"CSRP2",6349
"TMEM18",7804
"FRY",21053
"PRXL2A",6863
"ZFP90",7266
"USP31",13881
"ZNF592",8342
"C1orf52",4155
"GAPDHS",1519
"PRR23B",1896
"KIFC1",3468
"TMEM86A",4243
"SKOR2",4715
"NRIP1",9028
"ZPR1",9007
"WDR38",1387
"MPHOSPH8",4989
"DCLK3",5659
"EFCAB13",6989
"PTDSS2",6902
"B4GALT3",4992
"PROX2",5298
"PIGH",3363
"SERTM1",3207
"FEN1",3324
"PTGES",1896
"RUNX3",4883
"MCM5",7878
"MUC6",8589
"DIPK2A",5487
"ALKBH6",6808
"COA5",3201
"LMO3",15299
"CD40",2614
"CENPW",795
"TRABD2B",7034
"FAAH",2917
"OLFML1",3566
"NAA50",11775
"HNRNPH3",8093
"SH2D7",2881
"NAGS",2994
"CPZ",4259
"ZNF497",6197
"MYBPC2",3895
"KCTD8",3000
"ANXA6",5542
"SLC39A9",8710
"EXD3",7698
"ZNF354A",3096
"ALG14",9633
"GPR179",8316
"SDR42E1",12437
"PFKFB2",10503
"GRAP",3706
"TMEM266",5455
"SPOPL",6468
"HOXC13",2423
"CLTA",2515
"PITPNC1",7819
"FOXS1",1319
"CACUL1",14229
"JAML",9879
"EFEMP2",7411
"DOK4",5654
"NAPB",5471
"SRGAP2",18018
"DPYS",3826
"WDR33",14732
"C19orf12",8982
"SPTB",15720
"ADCK5",2855
"PI4K2B",3540
"INSR",11437
"MOBP",9359
"SOWAHC",4657
"TAGLN",4641
"FRAS1",18960
"NOTCH2",16807
"CYP11B1",6257
"FXYD7",1795
"CADPS2",7291
"HS3ST2",2605
"SLC16A9",4429
"SEPT3",8627
"PKP1",6211
"OST4",719
"NLRX1",5320
"TRIM35",4927
"TEF",4715
"HPDL",1629
"LIM2",1169
"PATJ",12959
"CHL1",12270
"EXOSC3",3779
"TBATA",1717
"TBC1D9",5603
"AK2",6517
"ERI3",3347
"GSDMC",2964
"UAP1L1",5469
"KIAA0355",7976
"NME8",2543
"TUBGCP2",7886
"C11orf53",1264
"SWSAP1",1684
"TRPM1",11243
"PNRC1",2992
"VPS37C",4056
"TULP2",2284
"FBXO15",6388
"RRAS",1160
"ZBTB8OS",4334
"ZNF225",7366
"LCN9",1105
"NMRAL1",4108
"PMEPA1",6572
"SDC4",2613
"UBE2C",1523
"ZC3H12D",7680
"STMP1",4930
"RBM15B",6641
"CYCS",5050
"BCL9L",12368
"ELOVL4",3042
"FCER2",2628
"MMACHC",6440
"GLRA1",2434
"RSPH6A",2547
"FGF5",5998
"RGSL1",9345
"SIAH2",3065
"GNS",6777
"CEP83",7346
"SEMA6C",5982
"ABCC10",9924
"MPEG1",4442
"HERPUD2",4364
"ZCWPW1",3318
"NUCB2",9213
"KREMEN1",8191
"KRTAP11-1",912
"SPDEF",1914
"LRRC56",2769
"VSTM2L",1959
"PRADC1",1651
"FBXO43",4053
"ERMAP",6567
"NRG1",12888
"ADGRL4",3740
"BTLA",4155
"ZNF248",8768
"SEMA3G",5011
"SRM",1972
"PPP2R2A",8367
"ZDHHC16",3078
"AICDA",4092
"C1orf94",2576
"CCDC84",5590
"PLA2G3",2697
"CLEC6A",1682
"TMEM216",2670
"ADIPOR1",3193
"SHOX2",6207
"ZNF548",6835
"BCL2L15",10533
"TMEM59",9970
"ANXA11",9656
"KPNA1",11439
"PPP4R4",4974
"C5orf51",6575
"OPTC",1359
"TPTE2",2400
"IL25",1588
"ITIH1",4625
"CHST6",10381
"CANT1",6613
"FITM1",1355
"MTUS2",8480
"LRRC43",2775
"SYNRG",17193
"KPNA4",9413
"PTH1R",2758
"PDCL2",861
"FXR1",12117
"PAF1",2853
"USP54",11554
"C5orf24",8330
"NFX1",7254
"PER2",6877
"GAS1",2827
"SNX14",7196
"TDRD10",3219
"SULT1B1",7448
"ELOVL7",5097
"EIF3K",2940
"VEGFC",2420
"SEC23IP",8286
"NCR3LG1",6469
"PRSS23",11725
"LRIT2",3177
"RPS13",2523
"FOXN3",13520
"NMUR1",3298
"PROSER1",7901
"SPATA6L",7573
"HEATR3",4416
"DNAJC9",4632
"EIF3E",6110
"SLC16A11",3124
"FKBP6",4861
"C3orf18",5114
"TIGD2",5300
"VRK3",11224
"GPBP1L1",8809
"TAGLN2",2590
"PRKAA1",7260
"CCDC159",4924
"FGF11",5882
"NFKBIB",2485
"UTP11",3882
"RAB35",5030
"EPHA1",5360
"PPFIBP2",11534
"DAD1",942
"MYH7B",8027
"TMED10",6872
"NT5DC2",5546
"NPFF",592
"FABP1",2643
"RGS8",7504
"ITM2B",11331
"SPHK2",6608
"ZNF440",6596
"LYN",6185
"AMER2",13252
"ARL1",5915
"BHMG1",2749
"SLC2A4RG",2730
"RBM45",5055
"BICD1",14379
"P4HA2",9938
"OTOP2",2912
"E2F1",2503
"PREPL",12341
"HTRA3",3321
"RASGEF1C",2961
"HSPA9",10111
"VEPH1",7347
"ARHGAP9",6070
"HIST1H3J",775
"LY6E",2732
"RSPO2",4414
"DTX1",4387
"CACNA2D4",9821
"SPEF2",17642
"LRRC3B",9248
"RASGRF1",10697
"ZSCAN23",3910
"LPCAT4",5840
"RNF182",4090
"MC4R",1714
"ZNF239",3152
"ST8SIA4",8052
"POLR2D",7658
"MARCKSL1",1699
"FAM222A",3885
"TAF1B",4064
"RNF180",5434
"ORC2",6831
"MYEF2",20001
"TRPM8",7903
"SUSD4",4851
"SPART",8570
"WDR11",12389
"ZNF793",16198
"SERBP1",10997
"SLC16A10",11237
"PSMB3",1274
"PPTC7",6014
"PDP2",9569
"SAMD11",4489
"PGRMC2",4642
"BCL10",5407
"REXO5",4254
"CPLX1",2825
"MNX1",4202
"FAM3D",1693
"RAB37",10940
"IL20RA",4906
"SLC30A8",6279
"PCDHAC1",6943
"GDF2",1955
"KISS1",1020
"SKIDA1",10611
"ZNF594",9954
"MTMR6",5779
"SRA1",4006
"FUK",7996
"GJA9",3700
"TPM4",10321
"CLEC2L",2694
"PARP9",9287
"PRKD1",5702
"TGIF2-RAB5IF",918
"L3MBTL1",21344
"NECTIN1",7768
"SOX1",2842
"PDPK1",12538
"PALM3",2865
"DCK",3376
"MBOAT1",1794
"CPEB3",14535
"KCNF1",2289
"DIS3L",5436
"NCF2",2954
"IFT140",8979
"CMYA5",15589
"MLIP",7293
"KIAA1257",10965
"KBTBD7",4734
"EIF2AK1",7005
"WISP3",3831
"SPAG9",13636
"NDFIP2",5367
"CCNL2",10547
"KCNJ3",5964
"BEST1",10355
"NDUFA9",11086
"PGK2",1657
"ADAMTS10",5957
"ZBTB2",3090
"NDUFB3",1103
"PCDHB7",3765
"CES2",7004
"MRPL13",4742
"TTC39C",7188
"TMEM236",5464
"RASSF7",3058
"CTU2",3868
"PRAC1",386
"PROK1",1338
"AKIP1",2913
"PCDHGA7",5443
"FANCI",8139
"GYPC",3992
"GPR1",2919
"FAM241A",8901
"DHX58",4011
"PDXP",2203
"LRCOL1",1935
"IGF1",8733
"RGPD3",5818
"DYNLL1",3237
"SLC45A1",2888
"PRKD3",10833
"THBS4",4605
"RUVBL1",7606
"LMOD1",4385
"FRA10AC1",9646
"TEX2",11146
"ARGLU1",7261
"BCL2L14",5112
"PLSCR3",4331
"ZIM2",3360
"ATP7B",13952
"ARHGAP25",5452
"ALDOA",5161
"SPINT3",476
"RSRC2",10254
"SNU13",3355
"P4HA3",4324
"ADH6",5070
"BCAT2",5185
"GADD45GIP1",1782
"TCFL5",3436
"LATS1",10330
"BLM",6930
"TMEM65",9029
"CASS4",5256
"VSIR",5560
"HIST2H2AB",393
"MED4",2861
"AKR1B1",4587
"TPRN",5388
"PRKCSH",6236
"BAX",3348
"VAPB",10762
"INPP5A",3706
"TMEM88B",492
"ZNF784",2058
"PSPN",4059
"PDZRN4",4826
"SEZ6",5605
"AASDH",6437
"CHMP7",5422
"RSPO3",3179
"SNPH",5806
"RPL17",5409
"RFX2",12011
"DPP3",4216
"ICK",6259
"DNAAF5",7490
"ZNF132",6006
"PCDHA12",7821
"CDH18",5268
"ZGLP1",2892
"TTC16",7487
"STEAP1B",6622
"FAM83A",7717
"MRM3",2158
"PRSS36",5144
"FKTN",10011
"ARHGAP28",12194
"DBNL",13531
"NEK2",3095
"DNAJC25",2586
"NR1I3",3934
"TGM4",5677
"C3orf70",5901
"HDHD2",5376
"BPNT1",3252
"TENT2",5653
"SCFD2",3527
"TALDO1",3364
"SLC25A29",13279
"NXN",7439
"YARS",8653
"TRIM22",6608
"MAT2A",5045
"TPD52",13890
"MINPP1",3016
"PTPRCAP",1292
"CPA2",1829
"HIST1H2AA",396
"FERD3L",640
"FRK",13230
"ZNF837",2076
"GALR3",1157
"DRAXIN",7346
"FNDC10",2085
"SNRPF",3043
"TMEM259",6828
"ALDH1A3",5966
"VPS13D",21931
"SNRPB2",2607
"PABPC1",5637
"DCAF13",9912
"TMEM45A",6049
"TPRKB",2376
"DMP1",2682
"GGPS1",4017
"TSEN2",5946
"YIPF5",3701
"TGFBR3L",1516
"MORN4",2512
"APMAP",2454
"GM2A",4479
"AP4M1",5106
"MGA",19147
"DNAJC5B",2937
"CD7",3649
"HCAR3",2137
"TRIM77",1413
"CLDN4",6689
"MC3R",1084
"SLC43A1",3571
"DHRS4",2370
"RDH13",11149
"TRMU",13241
"ZNF570",6724
"PERM1",3424
"CCL21",1260
"PCDHB1",8210
"CLMN",16370
"MRFAP1",4553
"CLN3",12312
"AGBL1",13697
"SLC2A7",1539
"SPP2",1265
"FBXO44",4362
"ADIPOQ",4613
"UGT2B4",3297
"MEGF9",6298
"ZNF790",5952
"COA7",4772
"PRX",5964
"TPSAB1",1738
"CALCRL",6144
"SH2D5",4926
"GPR180",8822
"MRGPRG",870
"AC026464.3",564
"FILIP1L",8944
"CNPY4",2475
"PSMB8",3649
"GANC",11517
"ZNF114",2993
"ANKRD2",1548
"CD5L",2456
"RLBP1",2150
"OVOL1",3849
"DSPP",4344
"PEBP1",1780
"TMEM167A",5528
"MOB1B",8801
"SNRPD1",5654
"FKBP14",6084
"TMC7",5638
"PXMP4",6424
"SLC6A12",6228
"LITAF",9534
"UPK3B",3171
"TUBA1B",6188
"GPRC5C",8850
"STK32C",3543
"EPC1",12403
"CALCOCO1",10694
"SIRT3",6278
"UROD",4655
"TMEM89",662
"FAM32A",2063
"ZNF623",7146
"CHAD",1802
"MLYCD",17377
"KAT14",4719
"RHBDD2",2975
"ZNF541",4655
"MED27",2107
"ZNF408",3426
"ACAT2",4299
"OCIAD1",5861
"EIF2B3",3560
"CHORDC1",12522
"HMGA1",2441
"SPRYD7",4708
"TCTE1",3293
"NHLH2",10264
"PNLIPRP1",5879
"GNPAT",3261
"ADO",3627
"OXNAD1",6402
"EPHX4",2251
"TMEM201",7028
"SEZ6L2",4110
"MBOAT4",1512
"DBNDD2",3287
"ZNF425",3981
"MCTP2",12978
"CCDC88B",10155
"LRRC75A",4566
"NID2",6710
"UNC5CL",3361
"ELFN2",9074
"NHEJ1",3549
"RAMP3",1427
"HEXB",5533
"RTN4R",4206
"PALD1",4555
"PDCD7",3433
"ZNF503",3347
"FAM19A1",2933
"RNF126",4121
"HGSNAT",10238
"KRT80",4411
"AC100868.1",2413
"CXCR4",3500
"FAM102B",9641
"TNFSF13B",3059
"SH3GL2",2682
"CASC3",6949
"SWI5",1649
"DTNBP1",4460
"NLRP9",3599
"KRT15",8511
"B4GALNT4",3909
"GPATCH2",8833
"LRRC8C",12015
"IL13",2941
"KLK4",2928
"LRP8",11162
"LGMN",4311
"SF1",7053
"BBOF1",4728
"TBX10",1548
"HERC6",5793
"SPDYE1",2649
"TGOLN2",8014
"AGT",2291
"NEURL1",5107
"PWP2",7388
"HSD11B2",2822
"UNKL",9553
"GRIN2D",5093
"HTRA1",2279
"FIBIN",1938
"THAP5",6174
"SGTB",5748
"HNRNPAB",2144
"C19orf47",7561
"AACS",16636
"RFX5",7339
"OSGIN2",4691
"MAP3K2",11909
"E2F4",4568
"PEX10",5115
"EDN1",2033
"STMN4",5301
"RBM44",6233
"VGLL4",8395
"GORASP1",8891
"NUFIP1",3492
"ZNF337",3912
"GBA2",5913
"ZFP36",2082
"CTC1",11460
"N4BP2L2",20420
"SOWAHB",3220
"CCDC32",9229
"RIPOR3",6817
"KLK3",5829
"HELB",13984
"LHFPL5",3412
"BHLHE23",1109
"FGD2",13454
"SLC10A6",1502
"SLURP2",599
"CYSLTR2",5661
"ZNF587",8034
"CLEC14A",2267
"NOXO1",2336
"ZNF528",12877
"MSH3",4709
"ZNF253",4167
"GIMAP1",4846
"PHGDH",10087
"TMEM11",5082
"EDC3",6950
"ATP23",3327
"ZNF836",4702
"TTC38",3578
"FARS2",4835
"ZNF831",11605
"ZNF274",9832
"NUP153",6030
"USP12",5279
"TMOD1",3708
"LAMP3",3816
"POLR1C",6296
"SORL1",20185
"RASL12",4347
"SIGIRR",4267
"RNF166",6222
"OGFOD3",9975
"MAFG",6978
"SULT1C4",2996
"CENPJ",5812
"RPL26L1",1164
"TRIM17",3600
"EMP1",8867
"POTEE",4205
"MESD",11225
"CHMP4B",1646
"MRPL15",1191
"INSIG1",3787
"TPP1",11706
"USP28",6652
"CPB2",1715
"IFT27",8735
"STAP2",2821
"FAM76B",8382
"NAA35",3641
"KIF2C",3757
"C6orf163",2884
"TMEM161B",11721
"CYBRD1",5176
"MAP3K8",3699
"FARP1",37259
"TSPAN13",2224
"ISLR",2671
"PAPOLB",4262
"BBS1",9771
"ZNF628",4013
"PAXX",2392
"FBN3",10238
"TPRG1L",2414
"KIAA0319L",11255
"CHRAC1",3361
"SLC22A7",4062
"MSANTD4",5447
"SCG5",2196
"PLCG2",13593
"WNT9B",3313
"MFN2",4973
"SLC25A32",4143
"CFL2",10866
"MUC1",5043
"P2RY14",4548
"CILP2",4360
"LCTL",4988
"MAMDC2",3948
"H2AFY2",1980
"CYP4A11",4971
"MTHFS",1803
"NOX5",13015
"GPR20",1515
"SLAMF9",1156
"EDN2",2064
"TIMM10B",3413
"GNGT1",2754
"TMED8",7784
"DISP3",6277
"HPN",4403
"PDCD1",2715
"LMAN2",2766
"NDUFA4L2",2947
"RAB1A",4454
"PPP1R36",3327
"PJVK",5072
"RBBP8",5259
"BNC2",17454
"ZBTB49",4135
"SLC35A5",5001
"PDLIM4",4013
"LAMP1",7077
"AL159163.1",600
"THSD7A",12211
"NUBP1",1972
"TNFRSF25",6519
"AHSG",2353
"RELL1",1947
"TAP1",6064
"NPR2",5043
"RPL14",8801
"COCH",4326
"NUSAP1",3284
"ZDHHC17",9051
"ZFYVE1",5543
"AGAP6",3643
"KRT9",2381
"GLT8D1",4687
"AK4",8081
"STAB2",9507
"TRIM42",2539
"ZSCAN4",2249
"KRT33B",1607
"ATP5F1E",5417
"CRYGC",629
"MRPS22",5719
"CD109",9968
"NRSN1",4251
"GHRHR",3450
"COPS3",3002
"CXCR1",2488
"AATF",5119
"SIGLEC1",8365
"NIPAL1",6206
"FRMD8",4091
"ZNF773",8540
"CARD14",8454
"BDH2",4385
"CEP85L",9790
"HIST1H3C",411
"ABHD5",7782
"DIRC2",3596
"SPPL2B",8571
"SEL1L3",7919
"YPEL5",4248
"CXXC4",5819
"THUMPD1",8340
"GDPD3",1994
"FBXO27",4969
"SLC6A16",4227
"MARCH7",6288
"CDH3",6441
"EEF1AKNMT",3933
"HLA-E",3101
"RFC2",2304
"KCTD5",3420
"EFR3A",6197
"THEGL",1793
"MIEF2",4165
"TTK",4660
"S1PR1",5223
"WIZ",10150
"DES",2464
"TAB1",4593
"KIF13A",12269
"RAB1B",2007
"PDE1B",8082
"LARP1",8542
"NCKAP5",9809
"TMEM50B",6780
"FCMR",2348
"SLC10A7",7221
"TNIP3",4391
"LAPTM4A",2057
"ACSM1",3137
"LZIC",3737
"RCC2",5361
"KCTD19",7706
"LRMP",6718
"BTBD6",2483
"ELOVL6",9967
"TMEM17",3096
"WDR47",4423
"BAHD1",5297
"ANKRD18B",6627
"HIBADH",2484
"ELK4",12382
"BRD8",7329
"C6orf47",2475
"SYCP2L",4176
"FAR2",5619
"CYP24A1",4967
"PKD2L2",4653
"ALB",3699
"B3GNT2",2861
"TRPM6",9193
"PPP1R7",4151
"APOH",1332
"CD80",3519
"TRIM38",9413
"AKR1A1",4043
"APLP2",8097
"CNTFR",2111
"P2RY13",2764
"DHRS7B",5544
"LYPLA1",5839
"ARPP19",10577
"SAP30",1320
"HMOX2",3941
"ABCD2",6238
"WDR25",4218
"ATG2B",14799
"THSD4",18870
"SRSF12",5033
"ADAMTS12",10162
"PERP",4290
"COBL",15050
"ATXN7L2",6524
"ACOT8",6029
"ZBTB22",3245
"BEND6",5588
"HIF3A",8804
"MRPL55",2977
"MEP1B",2583
"SRRM5",2698
"SLC26A8",7053
"CDK15",6205
"PMS1",6091
"SPATA20",6962
"SULT2B1",3146
"ACLY",6252
"PSMB2",7375
"ZSWIM4",4713
"PNISR",14726
"MYO1B",9533
"EPS15",7778
"LYZL4",1013
"ACKR4",2273
"RNF24",11084
"UBXN1",4160
"H2AFZ",3672
"TAF9",3306
"TMEM204",2669
"AGTR1",3860
"CARD11",4707
"VIL1",6920
"TMEM41B",5100
"TGM3",2693
"FCGR2B",7001
"MAPK11",2688
"TXK",5121
"KIF5A",6261
"USPL1",5399
"PNPT1",7685
"CTTNBP2",7402
"GGH",3237
"RPS7",7281
"DLD",5304
"EXD1",4516
"SPSB1",3403
"ZNF317",5557
"XKR7",7844
"C1QL3",2994
"ABHD17A",7786
"SPAG4",2755
"CXCR5",4431
"NDUFA4",3829
"RP1",15441
"ANKRD34B",4098
"CCR8",2160
"PLA2G2E",785
"HINT1",2440
"ZNF134",5138
"CLNS1A",5570
"RGL2",5124
"CAMKMT",4132
"RPP30",4694
"SLC6A19",5479
"RASL11B",2472
"ABHD3",4779
"ZSCAN29",9096
"SBNO2",7174
"KYAT3",2341
"TYW5",10651
"KLK1",2668
"PLEKHG5",8180
"LSM7",1815
"SHC4",7500
"TGM2",10557
"IKBKE",3929
"SOSTDC1",2473
"NRBP1",5790
"PCBP1",1750
"ING2",1426
"SUZ12",6755
"GCM2",2441
"EXOG",6215
"ZNF316",5831
"BATF",1254
"WNT10B",2880
"GORASP2",5340
"PPM1H",7126
"NUTM2B",5080
"ACO2",4099
"SLC22A23",11347
"MMP15",4419
"NAF1",4808
"RAPH1",13674
"GPR158",8944
"KCTD20",6239
"HEXIM1",3600
"PHC1",7577
"SERPINB13",4620
"CDK3",1881
"GRXCR2",2611
"E2F8",4666
"NUCKS1",6574
"PIDD1",7554
"RIN1",6548
"LIMCH1",11341
"SFXN2",8301
"OCSTAMP",2043
"STUB1",2861
"MARF1",13677
"ABI3",2898
"C1orf123",5949
"LIFR",13115
"THOC7",1912
"AKTIP",5631
"LMAN1L",5382
"ALDH16A1",5297
"EMC6",769
"ALPL",3007
"GPR107",9536
"IMPG2",8337
"NLRP4",4496
"PDGFC",6062
"UFM1",4382
"CENPS",2332
"YIPF3",4433
"TRPA1",6377
"ZBTB25",13840
"HMCN2",20890
"LIN28B",6002
"ADSL",8419
"CBWD2",9068
"DRD3",2237
"SGPP1",3312
"EEF1AKMT2",4978
"LCP2",7282
"CYB561",9114
"FOXI1",2312
"ELN",6822
"CACNA1B",9897
"YIF1A",2468
"ORC5",3780
"PHYHD1",3547
"BARHL2",1979
"CMSS1",7222
"SLC5A9",5286
"BTN3A2",10442
"SHC3",9929
"DST",44757
"ZPBP2",2295
"KLF15",2848
"BLOC1S6",6986
"HNRNPC",9836
"NPSR1",2674
"CSRNP2",5309
"RNF39",2499
"DYRK3",4389
"KDELC1",2540
"SOX13",7420
"CHRNA4",20890
"ATP1B3",2584
"RNF187",3285
"NDUFV2",3264
"GPR160",4779
"TERB1",3095
"FDFT1",5838
"CETN1",1758
"NECTIN2",3835
"LMOD3",4789
"RBPMS",10373
"SLCO4C1",5334
"PCNX2",14561
"SLC29A2",2720
"TSEN34",4448
"BRDT",4701
"OVGP1",2801
"UBIAD1",5615
"TSPAN15",2875
"FBH1",7080
"NOBOX",2144
"IGDCC3",5552
"ETFA",5715
"IER5",4188
"FCRL1",4787
"SYT9",4889
"DDX31",6370
"ACTG2",4033
"TEX10",7399
"DAB1",7962
"MYLK4",6059
"SYT12",11185
"MRPL37",2549
"ADM5",1718
"CCR9",2809
"ALKBH2",2715
"AAR2",3101
"C8orf34",10986
"WFIKKN1",6906
"DCTD",3466
"SLC22A5",13624
"KDM4D",2978
"VPS51",5367
"SLA2",2757
"SWT1",4054
"RGPD1",7276
"RPS2",4080
"PODXL",7672
"C1orf127",3713
"PRTG",14773
"KCNIP4",6949
"CISH",5400
"PAWR",12711
"LEPROT",5310
"KLF1",1611
"B9D2",1643
"TMED1",1752
"IL16",12576
"STX12",3890
"FRS3",2974
"TMX3",8287
"DOK3",4917
"SEC62",8353
"LGALS1",1234
"PKDCC",5357
"ARHGEF26",6438
"MRPL27",3257
"SPPL2A",8876
"FAM204A",15959
"FHIT",6455
"GCG",2387
"PDILT",2276
"TIMM13",2455
"PCCA",7456
"TMEM62",5100
"AP1AR",3730
"ZNF704",15428
"THG1L",3220
"SLC25A37",8998
"ERVFRD-1",3242
"LRRC38",2209
"PLEKHB2",6773
"TRMT61A",3229
"MYO1D",8843
"HMX3",1173
"LONRF2",14884
"SLC36A3",5400
"OR52I1",4001
"SLC22A1",2416
"SFXN3",6603
"CENPV",3235
"PLEKHH2",10242
"RAB31",5586
"VPS16",3492
"CHERP",7025
"MYO10",16299
"SPRYD3",4234
"TFRC",8164
"KIAA0100",9928
"RPP25L",1092
"RRP1",4725
"PSME1",2778
"SLC1A1",4052
"VTN",2597
"MTHFR",21204
"SLC35F2",3920
"OSGEPL1",3822
"PHLDA3",3478
"NUP58",10550
"LCP1",5149
"FAM104A",3607
"ID2",2736
"AURKC",2529
"RELL2",4241
"CPT2",12646
"HNF1B",6556
"TNFRSF19",5113
"RECK",6325
"ZNF213",9957
"PAN2",8860
"SLC17A8",4272
"MPI",11452
"DKKL1",1536
"ZNF844",6620
"ETV3L",1976
"PEAR1",5530
"VWA7",3961
"SGO2",6022
"DHX38",7804
"CCDC134",1270
"MKRN2",2848
"NDUFS5",548
"RHOT1",6664
"NSUN4",9814
"CD34",10604
"SAR1B",11759
"OVOL2",2294
"ST6GALNAC6",5515
"LUC7L3",10586
"CKLF",1257
"MED17",19699
"CIPC",5575
"KDR",6563
"KRT25",1670
"STK17A",5437
"ABCB10",4256
"DNAJC16",9628
"RNPEP",3479
"ST8SIA1",16725
"TMEM51",2240
"ACVR2A",6949
"CLASP1",12427
"CYHR1",11977
"GLP2R",6401
"GPR55",6836
"NECAB3",5057
"NUP205",7664
"TLE6",4312
"LSM14B",3381
"UTP23",5429
"IBA57",10219
"PCDHB4",4818
"TNNC1",1168
"FOXB2",1299
"C6",4785
"ZNF215",6423
"GRIN3A",8121
"PLEKHN1",2965
"HSD17B13",2397
"C9",2993
"TLL1",7910
"VAV2",5682
"OR2J2",2708
"PLCB4",6982
"RASD1",1748
"CHKA",4725
"TELO2",4487
"SLC48A1",5455
"VHL",4613
"EIF1AD",3327
"ZNF625",3164
"MGAT5",8578
"IMP4",4485
"SLC9B1",3222
"CPED1",7977
"LRRC3C",891
"DCPS",3936
"NPDC1",2863
"HADH",14982
"CHDH",7758
"TRMT1",4413
"C12orf40",4454
"PRL",1364
"ZNF585B",10221
"OAS3",8682
"TSHR",12975
"GPC2",4085
"PRSS56",2550
"RPAP1",7932
"CLEC2D",8169
"AS3MT",2847
"C3orf67",10074
"SUSD2",6180
"ADRA2A",3745
"NOXA1",1678
"TRPV4",3886
"EPN1",18153
"SLC20A1",6325
"NAAA",5312
"TGFA",5960
"TMEM123",5114
"KLHL11",2383
"TARSL2",4584
"RIOX2",8233
"GTF3A",3231
"LRPPRC",10317
"WTIP",13847
"P2RY12",1859
"AKAIN1",711
"FAM71F1",2521
"RFPL4AL1",908
"GRAMD2B",5654
"ABHD14B",4245
"EXTL2",5181
"GUSB",4870
"SLC15A3",6594
"MARCO",2079
"EIF4EBP1",1073
"PTPRO",9354
"FAM189A1",5886
"YDJC",2608
"MROH2A",5730
"C12orf49",9488
"WDR83OS",1238
"MYADM",3675
"ZNF10",6514
"ZNF469",23303
"KBTBD8",5027
"SLC15A4",5665
"TMEM160",663
"ZNF576",3942
"SLC17A5",3604
"CHPF",3354
"ZNF331",9379
"GPR68",3278
"HYAL2",6847
"C12orf66",9304
"CALB1",8588
"TRPV6",13206
"CD47",12434
"ADK",3184
"MATN2",7536
"UNC93B1",4217
"ATP5MC3",7124
"RGS6",9302
"GPR12",6831
"PSMB6",1781
"SLIT3",14725
"PIK3C2A",9780
"FAM214A",10317
"TMED2",3830
"NR1H2",4410
"ING4",3923
"KLHL28",9273
"YES1",7985
"CDH20",4377
"PCNA",1471
"KLF10",4003
"PSMA5",6033
"MALT1",12471
"SCHIP1",8333
"GABRG3",12595
"RPS8",3777
"TBRG4",6576
"THOC3",3554
"SLC4A7",10134
"M1AP",3086
"PIAS1",11631
"METTL21C",1088
"LRIG2",12583
"TPSD1",1593
"GAS2L3",6799
"C18orf21",2546
"KIAA1755",9355
"TRNAU1AP",4930
"PLCD4",7017
"CHST10",5200
"PRXL2B",3490
"EMC10",11636
"DHRS9",3750
"TMEM244",670
"LGALS9",6160
"NAPEPLD",11077
"ASS1",3184
"OGDHL",5853
"STC1",5276
"RBM17",6941
"PFKL",12929
"IPO5",10056
"STXBP2",7721
"TRIM36",6468
"NR4A3",6314
"SLC5A12",8100
"EXOSC10",6798
"SYCE3",475
"SLC17A3",3713
"SCNM1",3659
"TMEM147",3483
"NR1I2",5835
"GRID2IP",4325
"KIF18B",5177
"CBLN2",5947
"APAF1",9707
"CD163L1",5923
"NKX2-6",906
"IQCF5",512
"FBLIM1",4781
"CXCL11",2035
"FAM83H",8844
"SLC9C1",4250
"BCL2L2",4743
"OGFOD1",5888
"RNF138",3795
"VPS37A",8284
"MPIG6B",3141
"NRM",2045
"CLDN23",2169
"SP5",2060
"CD101",3828
"EEPD1",5829
"PLEKHG6",4260
"HSPB8",2950
"ASGR2",2790
"GPATCH1",4628
"RIMKLB",9424
"CDC27",8156
"HMGCLL1",5397
"SURF4",4361
"C17orf113",3746
"NPFFR2",2359
"AAMDC",2030
"SCLY",13554
"HTR1D",2835
"DENND6B",6487
"VCPKMT",2232
"SRP19",11620
"GEM",2648
"MERTK",5018
"CEP192",10412
"MYOZ2",2597
"NUP188",8104
"CNIH2",2693
"GRWD1",6082
"TAF8",9455
"ADAM7",4618
"YIPF7",2199
"CRABP2",1100
"SYDE2",7554
"CCDC90B",8845
"ZFP14",7916
"ZNF841",6426
"HLCS",8386
"SFXN4",1868
"LRRC27",10132
"FBXL18",5937
"REEP2",3405
"BCAR1",13091
"ZNF480",4873
"DCLRE1B",5881
"API5",4907
"CLEC4F",2805
"GGNBP2",10343
"ALG5",2194
"JAM3",5581
"DPCD",1718
"BAIAP2L2",2357
"DDX46",9627
"PREX2",12226
"SACM1L",8017
"CREB3L2",9163
"ZNF444",7626
"LMNB2",6569
"NDUFA8",844
"TGS1",4119
"ZNF7",10786
"EFEMP1",4966
"PIAS3",5791
"FKBP9",5476
"MRPL12",1028
"DNAL4",2430
"NDUFA13",2831
"VSIG2",1577
"ANTXR2",11172
"ATP6V1E2",5725
"CCDC74B",5664
"CEP128",9793
"STYXL1",2028
"CYP4B1",3511
"PCDHB12",3875
"SPATA1",4280
"S100A11",680
"CFAP299",4677
"LRIT1",2228
"OVCA2",1122
"RAB17",4947
"CRYZ",4673
"ADH1C",1990
"DPH3",4482
"ARL6IP4",4123
"IZUMO4",4043
"ADAM28",9615
"SYCN",573
"A4GNT",1771
"ADAMTS13",5708
"OTUB2",4252
"STX3",6828
"DUPD1",663
"ACOT6",1718
"PGA5",3030
"WDR49",4036
"LAMB3",4935
"MRPL36",1513
"EEF1AKMT4",1823
"FKBP15",11873
"ICAM2",3911
"ST3GAL6",6405
"ZNF529",13049
"HDGFL1",2174
"SCGN",1482
"ERP29",3264
"SLIRP",2631
"KRBOX1",3152
"CCL24",617
"SPINK2",907
"BANF1",1645
"TGM7",2325
"OR1E1",1307
"ZAN",8980
"UBL7",2022
"RHBDD1",6926
"HAPLN1",6956
"MBLAC2",6216
"METTL2B",7111
"RABEPK",3401
"CRADD",4276
"PHETA2",2451
"KRT6B",2282
"UGT2B15",2077
"UGT8",5523
"POPDC2",2739
"CBARP",5926
"GAA",5156
"SBK3",1599
"FGF2",7297
"HIST1H2BL",488
"PRR15L",1519
"REEP1",10516
"HNRNPA1L2",1372
"KDM8",4305
"RPL7",3297
"ANKRD26",8304
"BIRC2",6478
"ENPP5",5603
"KIAA0040",4783
"ZNF345",5901
"SARAF",3577
"SAMSN1",5223
"ALPP",3080
"MARCKS",4275
"LSM1",2709
"ZNF326",10984
"SNAI1",1686
"NUDCD2",8847
"DCAF4",5846
"CDC26",1175
"SOD1",2287
"SCN3B",12492
"IMPA1",3720
"SLC45A3",3702
"CEMIP2",10355
"SLC4A9",3635
"MAD2L1",7065
"RPL18A",3839
"FAM98B",6851
"MPC2",2844
"TMEM200A",6381
"SLC2A3",7472
"CNP",7983
"RBM42",2206
"SNRNP35",5269
"CFHR3",4220
"WIPI1",3695
"MTIF3",1911
"ADRB1",2853
"RNFT1",4134
"PLCE1",13212
"SCIN",11623
"SNX21",5739
"PFAS",6824
"HNRNPA3",6156
"NFATC2",11379
"RARRES1",2373
"ZNF677",10747
"RASGRF2",10807
"MRO",7979
"BAIAP3",6219
"BNIP3",6179
"PIH1D2",2474
"KRT74",2988
"LINS1",9050
"APOBEC3A",2358
"PTK7",11161
"PIANP",3803
"CCNT1",9292
"TCEA3",3607
"TES",4280
"ELP2",11264
"HSD17B6",2272
"ARSI",3269
"GNL3",3805
"ARSA",3769
"CHAF1A",4614
"CCDC189",4069
"SLC16A13",2231
"RSPH3",8369
"FHOD3",8270
"HIST1H2BA",516
"DNTTIP2",8074
"B4GALT2",3801
"HCLS1",5267
"SCNN1D",4463
"SLC39A2",1575
"EPHB4",6529
"CNNM3",4787
"FAM43A",2494
"MFSD8",14207
"HS3ST6",1273
"DSG4",4773
"RNMT",10146
"SH3TC2",23059
"PGS1",5443
"ABHD16B",1491
"HOXA10",5296
"SLC35C2",9371
"TIPARP",5048
"CCND3",7221
"FAS",4594
"ZNF90",5142
"PPP1R14B",1655
"JAKMIP2",9600
"TAF5L",6412
"ZNF175",7587
"AP2A1",9986
"PRSS16",5650
"IGLON5",2606
"CBLC",1613
"CDKL3",3468
"ZBTB42",3905
"SLC16A4",3261
"SOX14",2055
"LRP11",5748
"APOB",14828
"ZNF808",5008
"MPO",3914
"GRK6",4451
"AURKAIP1",2120
"RND1",5097
"TMED6",1411
"CLIC3",1284
"EVA1A",3868
"KLHL40",2517
"GPR87",1698
"FYB2",4676
"DIMT1",3944
"HEG1",13631
"CALD1",10005
"DMXL1",14338
"MGAT4B",6894
"ZC2HC1C",5235
"PANX3",1667
"IQCB1",3049
"DONSON",4256
"CSF3",2367
"CFAP43",7184
"CRIPT",2561
"MYOM3",9923
"CLDN14",2853
"MBD3",10696
"SH3GL3",3363
"HMGB2",2921
"DIXDC1",8509
"A1CF",9922
"EPHX3",2034
"HS3ST5",4104
"CSRNP3",12565
"TAF7",3326
"GSKIP",4567
"PFKP",5388
"PSMA2",5688
"MN1",8277
"DUOXA1",6090
"KPRP",2492
"SERPINA9",2561
"RPL10L",812
"PRR3",4924
"IZUMO1R",827
"SURF1",1761
"NLRC3",7466
"MYCT1",4769
"BORCS7",3377
"ZNF77",2455
"RBP1",3905
"AK7",5067
"PABPN1L",1314
"PRSS41",1127
"CYP3A5",8468
"REEP4",2482
"TSPAN11",7162
"TSPAN2",3610
"IFT88",6307
"DNAJC24",7891
"PPID",2509
"CLN8",9911
"MAD2L1BP",1880
"PSAT1",2188
"RPA3",3713
"ZNF556",6574
"PTPDC1",6691
"RPL28",12899
"SPN",9477
"SLC8B1",8060
"MTFR2",2498
"DEFB118",1158
"TSBP1",3852
"ZNF727",1679
"LYPD4",2166
"PROK2",1612
"CD59",13266
"RCSD1",5718
"SNX16",5590
"PRSS37",2203
"MRPL45",1705
"CTRB2",2677
"FIGNL2",4973
"DNAJB4",4025
"TSSK2",1816
"AP1G2",10302
"RBP7",861
"DCAF4L1",4772
"PLAC8",4251
"NT5C1A",1107
"GPER1",5368
"PCOLCE2",3908
"RPS28",2554
"TSPYL1",3326
"ARL4D",1612
"PITX1",3648
"DUSP11",3810
"SESN2",3453
"IL7R",6312
"ATG101",3329
"TTC6",8361
"GP6",3601
"NXPE2",1873
"BNIP3L",4341
"PXDNL",5330
"PI3",577
"ST6GALNAC5",4263
"PROCR",1825
"MOB3A",5345
"CD68",2525
"CASQ1",2176
"CASP5",1592
"CBFA2T3",9099
"ARRB1",6699
"RAB24",4032
"MX1",9089
"ZNF655",9044
"VPS37B",6600
"ZNF34",2561
"KLK12",1885
"GALR1",10299
"FAIM",4072
"COMT",5774
"ZNF70",6924
"RING1",1818
"JPT2",5114
"PTPMT1",2910
"FADS2",12498
"ACTR2",4362
"SLC7A6",11649
"POP4",6695
"FLG2",9124
"ZFPL1",3772
"IPO7",7327
"SLC22A17",4658
"CXCR6",5132
"MAB21L4",2772
"LIPH",5259
"SCAF11",17593
"C11orf58",9327
"LTBP1",7329
"PAIP1",3825
"KCTD17",2858
"CSNK2A2",6999
"CHRNB1",4699
"COG3",6016
"PARP14",12442
"KCNH6",4298
"UIMC1",4978
"ITIH5",15961
"NSRP1",5010
"FCRL5",12977
"ANKRD34C",4951
"RFTN1",5537
"ZNF226",9610
"WDR92",4519
"NTNG2",7845
"PSD2",4513
"COL27A1",15017
"DTWD1",15053
"BOLA3",4233
"ZNF165",2107
"PACRG",2612
"RAB5A",4284
"COPS6",3621
"NKAIN2",4197
"VSTM4",8667
"MSH2",14093
"BBX",11877
"G6PC3",4904
"FGF14",13896
"PXYLP1",13361
"PIP5K1A",5546
"GMPR",2392
"SERTAD1",2114
"MED7",4523
"ZNF613",4474
"CAPN9",2593
"SRL",6857
"MEOX2",2500
"ZNF559",7549
"PDCD2",8083
"ENTHD1",3068
"AKR7A2",2002
"VPS9D1",3723
"SUGT1",17314
"ZDHHC11",8282
"SLF1",7344
"PARD6G",4224
"CACNG4",3380
"DEDD2",3638
"RAD51B",7495
"ALOX15B",3132
"PEX14",2995
"TRAF3IP2",7234
"DDX4",3829
"STK11",10654
"SFI1",13381
"GOSR1",9938
"PGLYRP3",1173
"SUPT4H1",3590
"PMS2",4207
"RPL36AL",746
"XRCC2",7713
"B3GALT6",2816
"IL23R",3267
"ZNF691",2036
"KLHL21",9008
"GALT",6583
"CDH26",5748
"PCTP",6100
"ABCC12",10050
"SPINT1",3948
"JMJD7-PLA2G4B",9007
"PLB1",8371
"SLCO1B3",3720
"TSSK3",2191
"ZNF260",14545
"MYBPHL",1789
"GUCA1A",2499
"SLC9A3R1",2469
"ZNF785",6253
"ADAM29",5957
"SPATA32",1946
"MTFR1",4703
"FSTL1",9501
"CCS",2993
"SLC35F4",4769
"S100A14",1277
"FGF7",7004
"ALPI",2632
"SLC39A11",5975
"TWIST2",1878
"HOXB6",2860
"ETFDH",4809
"STAP1",1655
"YBEY",2152
"DLEU7",4996
"LSM8",6502
"SLC25A2",1417
"GCNT3",6475
"RTP1",2217
"XCR1",5542
"HSPB2",1335
"ZNF789",9623
"VPS18",4049
"WDR18",2470
"RPRM",1471
"F7",3795
"TRPM5",4103
"SRPRB",4263
"PXT1",2216
"AGR2",3075
"AQP11",2479
"GALNS",9012
"TSPAN12",4180
"MED28",11943
"TICAM1",4326
"TUBE1",7843
"MSMO1",2912
"ERGIC2",6274
"NID1",5864
"SPECC1",14113
"VLDLR",9808
"KLHL36",10167
"MED26",7066
"SYT11",5240
"TPX2",3605
"PGF",6568
"IRF5",4880
"UHRF1",5308
"C1orf174",4502
"SCARB2",26474
"PYM1",2740
"ATP9B",15459
"PLIN1",3797
"SEC24A",7201
"CNGA4",2167
"QPCT",2820
"LTK",4063
"MSTO1",5150
"KRT19",3423
"TRPC4",5239
"CEP97",9677
"PMP2",4644
"BSX",830
"FKBP11",10544
"NBL1",3596
"FUT4",6059
"URI1",5975
"RRAD",2822
"ZNF91",15960
"CSF1",5549
"AFAP1",11043
"EVA1B",1656
"USE1",2459
"APOC2",1656
"SLC25A41",1909
"NECTIN3",6184
"HEBP2",10356
"OPN3",4806
"CASQ2",2769
"NSA2",4962
"ADRA1D",3240
"GBP3",5174
"ZNF311",3176
"CRYAB",3474
"TCTEX1D4",763
"CDKL2",4284
"TNNT2",8100
"SLC9A8",7161
"SDAD1",3601
"CDKN1B",3304
"NUDT21",6018
"RTN3",7877
"DROSHA",9309
"BHMT",3519
"PFDN5",4613
"HSDL2",3455
"SERPINA5",3794
"ATG5",6645
"AXDND1",6322
"MGP",3062
"PMPCB",5010
"IRX5",2845
"TRIML2",3050
"NIT1",3913
"FDPS",4189
"TAP2",6755
"POLD3",5615
"UNC5B",6979
"DUSP13",2616
"BTBD1",4434
"B4GALT1",4901
"HPCA",1991
"RNF41",12764
"RHPN2",5725
"FBP2",1305
"EPHA7",7456
"ESYT2",7853
"SDSL",2216
"SUN5",1475
"ZNF169",6299
"C2orf40",1741
"CHCHD5",4100
"SMO",4311
"ATL3",7844
"TUBB2B",2194
"ACTN2",5530
"IL2RA",4888
"UBE4A",6576
"MMP8",4592
"STARD3NL",4617
"MRPL24",1695
"ANAPC16",4493
"ASB5",4064
"MSANTD3-TMEFF1",2069
"TOMM70",5595
"C17orf80",4769
"RGS7BP",4379
"TRIM11",9480
"ETV3",6707
"TRPV2",3767
"HTR2A",5624
"ABCC9",12009
"PSMD13",6720
"CRTC2",3793
"FABP3",1026
"AKAP12",8826
"ZNRF2",3949
"CNOT10",5241
"EPS8L3",3879
"KATNBL1",8977
"CENPC",8997
"DDX58",4353
"ORC3",3689
"TBC1D32",7841
"RGMA",15775
"ATP6V0E1",1623
"PRODH",12616
"SNX22",11039
"KATNA1",2308
"SP140",5582
"WDSUB1",2145
"WEE2",3061
"TBX20",1875
"KCNJ8",2484
"HSPG2",18615
"FAM107B",11670
"TBC1D22B",3462
"RETREG1",5281
"OR13A1",4470
"CC2D1B",9278
"ATP6V1G2",2805
"RASSF4",10206
"KCNK17",2333
"SLC25A18",4927
"DRC7",5373
"RASSF10",2530
"TMEM170B",8362
"GFRA1",10459
"ZNF614",6172
"RCC1L",4332
"FPR1",3310
"CD276",7068
"NEU4",7839
"CCDC85A",3982
"ABCG5",4023
"MR1",9489
"PHPT1",1670
"CEBPA",2631
"ASB17",1107
"OXT",513
"SPEF1",2210
"CERCAM",6768
"LRRC52",1369
"ZFYVE27",3899
"TMPPE",3966
"DSP",10208
"CNPY2",3648
"HLA-DPB1",3641
"GLB1L",3411
"ATP13A3",13337
"ATP8B3",7530
"KPTN",2418
"SSBP4",3207
"COPZ1",4156
"CD4",5165
"CEBPB",1956
"AMY2A",1898
"TIMM23",1222
"HIST1H2BK",381
"EPPK1",16002
"PIP4K2B",6135
"RBKS",3585
"NIPA2",3618
"PPP6C",4443
"CCT8",3967
"SLC10A4",1790
"TXNDC8",2135
"TRPV3",11000
"FAM92A",7733
"ZNF778",11273
"SFXN5",11802
"SMARCD2",4401
"GTPBP4",6905
"LIPF",2383
"PHACTR3",6172
"AP3M2",8050
"ZNF814",14927
"HOXB4",3757
"TBC1D7",9009
"CCDC71",1781
"GBP1",5161
"ABRACL",1234
"TATDN3",3788
"PLPP4",2039
"RNF25",2501
"DNAJB12",8122
"COL6A3",20127
"APOBEC3H",1251
"LIX1",4115
"FTO",22463
"HCAR2",2051
"NMNAT1",5639
"ATRIP",6785
"PREB",3827
"ZNF732",2193
"CRYBA2",1493
"ZNF555",8557
"TBCA",3403
"NR2C2AP",3208
"OXSR1",6208
"ANKRD1",1979
"GLO1",2352
"GPR135",6916
"SPACA1",1710
"POLR2A",8480
"EGLN2",9844
"ICAM1",4094
"SETD3",6017
"ZMYND10",4558
"P3H1",7273
"B3GAT3",2598
"PEX19",5343
"FHL3",2553
"CLP1",2902
"HS2ST1",7429
"STX16",6312
"DUS2",4472
"SLC2A13",10262
"SLC9A9",4087
"UCHL3",2154
"CREG1",3286
"PGGHG",7448
"CCNT2",11809
"IL36B",1869
"ZFP30",12184
"LRRC37A3",8095
"PPA2",4830
"SLK",7974
"OC90",1782
"TMPRSS12",3959
"POTEF",4209
"IRAK3",10004
"HTR3A",2994
"GPR137",4104
"SORD",6742
"DIO3",2102
"ZNF471",12582
"MUC17",14688
"OR4E2",2855
"DDB2",5561
"SCP2",9307
"CHCHD7",6670
"ADGB",7888
"CBY1",2620
"IYD",10708
"FUCA1",2047
"C4B",8333
"CCK",2301
"HAVCR2",4042
"MELK",3171
"LCN12",3268
"NUTM1",4196
"P2RX6",5562
"PMP22",4228
"CIART",2696
"CCL20",1594
"QPCTL",2610
"CLEC2B",2802
"PPP1R42",2336
"TFAP2E",2216
"MFN1",6411
"SLC13A1",4415
"VTCN1",3062
"C12orf29",6652
"TNFSF12-TNFSF13",1816
"PLD3",6007
"EEF1AKMT3",3172
"CDKN2D",1535
"EIF3CL",3091
"PLCB2",8738
"TBC1D17",5167
"RFESD",5083
"POC1A",2247
"EFNA1",2784
"CIAPIN1",4882
"TRIM66",14299
"PLD6",2560
"LGALSL",4003
"GRAP2",6190
"FGF4",3370
"CA10",5396
"HIP1R",7896
"OBSCN",32290
"RYR1",16236
"MAP4K2",9418
"CHRNA3",5447
"PPM1J",3190
"TMEM209",5197
"FBLL1",1519
"SNX6",4872
"RPS27A",3384
"ESM1",3073
"ARPC5L",3918
"RIPOR1",7462
"GLCCI1",7369
"SF3B5",693
"SBF2",17503
"PIN1",6169
"GABARAP",2754
"ZC3H6",12229
"COMP",3245
"KLF6",11136
"YWHAQ",2978
"RPL22",5235
"RPL30",4393
"LMLN",8821
"RPRD1A",8949
"ANGPT1",7458
"CLVS1",7393
"GANAB",6090
"PLA2G4A",2875
"NPAS2",13243
"JHY",4680
"TM9SF2",5885
"CCDC149",10882
"NLK",5985
"IMPA2",4106
"NRBF2",1901
"TBXA2R",3422
"ZNF546",9389
"SMIM12",9590
"UBXN4",5238
"LETM2",6392
"TNFSF8",2906
"CD79B",2131
"LSM6",4370
"DLX6",3449
"MRPL30",4883
"DGCR6L",1585
"TMCO6",4270
"RASGRP3",11864
"ATL2",7241
"OTOR",2306
"PKLR",4008
"MFRP",4064
"TSPEAR",5310
"DNPEP",4753
"CILP",5695
"BTBD8",6887
"SNAPC5",3421
"RNF168",6360
"SLC10A1",2049
"TMEM106C",4121
"CDX2",4488
"WFDC1",9603
"PRKAG1",5437
"TXNDC12",3943
"C1QB",1601
"CELA2A",1519
"ZNF273",8652
"HOXB1",3438
"LAG3",3473
"AHR",9068
"LIN28A",4632
"CDADC1",3863
"NLRP3",5215
"RPS14",5999
"SYNGR1",7197
"CELA1",952
"USP37",9290
"SCX",999
"RAB7A",2771
"IL1A",2124
"GTF2A1",7048
"MANEA",5187
"BCL7B",4254
"SPATA22",3031
"MEAK7",8489
"CAPSL",1180
"CFAP45",2625
"MGAM",10767
"PIP4P2",3363
"TADA3",4420
"ADAMTS4",10658
"GPC1",6995
"SIGLEC11",4677
"NOA1",3415
"TAS2R38",1143
"EFNA5",6235
"AMT",16363
"GPRC6A",2862
"CLSTN2",14596
"TRIP13",3967
"PAOX",2277
"LCA5",6003
"PAG1",11899
"IL17RA",9036
"SPAG8",3536
"ECH1",3583
"CNTNAP3",10634
"PRDM11",13940
"DPPA4",7524
"ZNRD1",4454
"ZNF267",8949
"EPC2",5582
"HRH1",5546
"CDC20B",5653
"KCNB2",3582
"LEP",3420
"MOGS",5060
"VSX2",2995
"GLMP",4951
"FAM168B",5521
"TBCD",14157
"TM7SF3",3951
"FOCAD",10292
"ZNF224",9498
"AMACR",10112
"CLK4",11517
"RGS7",2575
"PXDN",13451
"OSTF1",1319
"SCN7A",9088
"ADAMTS3",8415
"HNRNPF",5516
"TMEM71",3332
"PLCL1",8013
"RGS21",1794
"IL26",1075
"FAM173B",3467
"TRAM1",4118
"KCNE4",4124
"TRIP10",4883
"RSPH9",2716
"TPH2",6929
"ANO9",7735
"CCDC43",2855
"DLX1",3656
"BICD2",6638
"ALS2",10384
"PACSIN2",5436
"TLX3",1493
"MRGBP",2781
"ZSWIM9",4142
"ARHGEF5",6895
"KCNJ4",2065
"PLA2G4C",7139
"POLA2",6603
"OR6Y1",6106
"CA1",4714
"WDR93",4068
"JAGN1",1781
"ESAM",3909
"CD2",1679
"GSTA4",2513
"CNTN6",5799
"YIPF4",12492
"APEX1",2684
"GLS2",4404
"JUND",2337
"DLAT",5246
"TTC14",11447
"RGL4",6409
"NXPH2",1052
"GTF3C3",7212
"AASDHPPT",6255
"POP5",2766
"TNFRSF12A",2008
"MTFR1L",6907
"BORCS5",5132
"NHP2",1678
"KIAA0319",9496
"UTP3",2073
"C19orf18",915
"COL7A1",11380
"SLC19A1",12017
"DUS4L",5651
"SETX",12290
"CACNG6",2184
"BRMS1",2707
"RRS1",1706
"OR5A1",8612
"PSMD5",5038
"TARS2",4156
"GPC6",6468
"UBAP1L",8866
"BTBD18",3332
"SIRPB2",6205
"POLR3K",2211
"MATN4",2467
"FAM189B",4986
"NXPH3",6527
"MBLAC1",1851
"PRSS38",1267
"PNPLA3",3232
"USP29",3894
"PDF",1158
"RERGL",1549
"HRC",2754
"GSG1L",5790
"STK33",7599
"EFCAB6",8894
"EPCAM",2881
"PRSS35",2440
"PABPC4L",4944
"TBC1D31",9116
"UNC50",2627
"DSC2",14734
"PAIP2",3235
"JAKMIP3",7608
"PYCR1",3744
"HBA1",1040
"DPH1",8278
"FSD1",3216
"PACS2",12757
"C6orf222",3736
"REG1A",1863
"B4GALT6",9275
"SOCS2",9644
"SLCO2A1",10054
"MROH8",4107
"RAB23",6744
"TNIP2",3590
"SAPCD2",3848
"RAB21",16036
"VDAC1",3163
"DYNLT1",3702
"CIAO2A",2560
"WSB1",8911
"ZNF567",4924
"IL34",2233
"IGFBP2",5488
"FOLR2",1704
"REPS1",11239
"FCER1G",964
"SCAF8",5617
"HPR",2215
"SLAMF6",2808
"PREX1",7550
"NFASC",21415
"FAM53C",7323
"RALY",7718
"SFTPC",3641
"DDRGK1",2293
"HACD1",4557
"ZSWIM2",2400
"TMEM167B",4677
"ZNF23",11797
"MGLL",12210
"SLC17A1",2274
"ELMOD3",9559
"REEP3",5248
"PRELID2",5449
"ZNF391",4834
"ANKH",14115
"C17orf75",6871
"ERRFI1",6248
"PDE9A",5488
"WNT8A",2275
"LPAR5",4290
"SQLE",4369
"GKAP1",3381
"ARHGEF39",8889
"ITGB8",16113
"ERCC6",20525
"NUDT15",2098
"INTS14",5121
"SFRP4",4009
"OAS2",8341
"CFAP65",10904
"GRK1",7609
"RFC4",3269
"HAS1",2452
"CAMK1",2838
"MED16",5929
"UGT1A3",2364
"C5orf46",1232
"CHSY1",8135
"METTL21A",8241
"SLC13A5",9823
"F3",3054
"GOLT1A",1136
"ANXA2",9101
"CLSTN1",5683
"P4HTM",10656
"KCTD7",15794
"GCSH",4448
"ABCA10",8878
"SERPINB10",2700
"THUMPD3",6374
"GPR146",3413
"BBS10",3595
"PRTFDC1",2514
"SLC25A48",8702
"TMEM87B",5367
"ENO3",4414
"TATDN2",5936
"NMI",3643
"EGR2",4323
"GRAMD1C",8039
"ZFP69B",2482
"PCDHA7",5788
"ITGB4",7078
"FUT1",4356
"KLKB1",2953
"DYRK4",7185
"NQO2",11670
"HIBCH",7656
"SWAP70",7398
"FOPNL",2839
"NUDT17",1657
"ZNF571",10081
"MAPKAPK3",4192
"LRIG1",7547
"THRAP3",5667
"PROZ",1666
"STRA8",993
"LPAR2",3304
"HTR1E",2052
"SLC25A35",4638
"DPH6",9432
"RARG",6640
"SLC7A7",5950
"PNMA1",2590
"KRI1",5498
"CES4A",4772
"FAM126A",21582
"SCNN1B",3918
"CHAC1",3028
"ZSCAN16",1328
"BLOC1S2",4481
"NSG1",5418
"TTC7B",22720
"ZSCAN18",13605
"LGALS3BP",4500
"MRPL58",1244
"SAMD13",3524
"FEM1B",8447
"CPOX",3232
"SMIM20",1612
"PTGES3L",4333
"NFU1",2465
"AQP9",4956
"ALPG",2493
"CYP11B2",2936
"MCM9",12938
"NTF4",1469
"CPLX3",2082
"ENPP7",3549
"ACAA1",8491
"HTR1B",2021
"SLAMF8",3287
"PATE2",1657
"AGRP",764
"ATP6V1H",5755
"DLL3",2618
"AFAP1L1",4721
"ZBTB44",14022
"DEPTOR",2622
"ARHGEF11",10204
"MEOX1",3413
"TMEM30A",5172
"KCNH4",3924
"ITGA9",8284
"CCDC116",2949
"HESX1",1493
"IGF2",8287
"PALB2",5047
"ATP4B",1488
"PRKCQ",3295
"RIMS4",5648
"NSUN7",4728
"WWOX",4886
"USH1C",5360
"FOXN2",5700
"LRRIQ4",1827
"TWF1",4315
"C2CD4A",3445
"GPAT2",6829
"UTP14C",5529
"VARS",6737
"PBX4",2785
"OR2M4",5934
"LHFPL3",1900
"CEP131",4027
"HBG1",1942
"IL1RN",3667
"EIF4EBP2",7257
"C9orf43",2290
"MLLT3",10134
"MRS2",5133
"GH1",1370
"ANKRD22",1951
"SLC35C1",5312
"ZP2",3472
"KLC4",6930
"EREG",5717
"RPL27",2303
"HOXC9",1679
"BRD7",8806
"DDA1",4922
"MAX",5910
"LDB2",5644
"CD74",3450
"IFNLR1",5859
"C5",6617
"MKRN2OS",1829
"SPG7",50960
"SESN1",5121
"EVC",7258
"LRRC46",3025
"ZCCHC10",3310
"DNAH10",16892
"ANXA7",2947
"GPR45",1307
"SAR1A",12290
"RUNX2",8789
"RAD51AP1",2608
"ADTRP",4709
"ATF4",3020
"MYH11",17337
"FAM133B",4495
"GCSAM",4460
"RASSF3",4351
"SERPINA11",1476
"IL1RL2",2644
"AIP",1640
"NTAN1",3606
"SPTSSA",2777
"TDRD5",4492
"KCTD12",6225
"PCDHB11",5971
"FUT7",2584
"SPATA5L1",4602
"BAIAP2L1",4798
"CRYL1",5083
"POU2AF1",7833
"MCM3",3851
"CFAP58",3548
"CALML4",10724
"SREBF2",7739
"CD53",2152
"TMEM68",10222
"ANKFN1",7519
"ZNF146",4319
"STOML3",2205
"FGD4",11062
"CNTN1",7492
"TRIB1",4138
"TRAPPC12",9361
"VPS52",5350
"PNPLA8",7182
"ANKEF1",5815
"CFHR4",2476
"PPP1R9A",11151
"RB1",6595
"ZSCAN22",4629
"TH",3370
"HOXD4",1464
"PAQR4",3477
"GCC1",5477
"TEAD2",2980
"GFPT2",4780
"TRABD",4334
"ZNF626",11237
"TMEM192",11618
"ZNF662",5647
"ST6GALNAC2",3312
"VASN",2806
"DVL2",6038
"ZNF557",6087
"TMEM131L",6393
"AUP1",3300
"PEX1",8747
"HSPB11",3456
"HLA-DMA",3600
"TMEM37",2292
"MRC1",5198
"CAPN13",5563
"ATP6V1B1",2843
"OAS1",5337
"GYPA",5761
"AGTPBP1",5044
"POMT2",11144
"MYOD1",1801
"ITGB1BP1",9453
"ELSPBP1",1197
"HRG",5254
"PDX1",2501
"FBXO48",5666
"ADRA1A",6234
"FAM98A",5737
"NMT2",4700
"ARHGAP24",8230
"CCDC28A",2024
"FBXO4",3014
"CPS1",10835
"CMTR2",8351
"NCAPD2",6791
"RRP8",7819
"ADGRD1",15009
"TET2",18092
"TRAPPC5",6000
"SDE2",3975
"FKBP3",2307
"GPD1L",5155
"PRKG2",6237
"IGSF11",8232
"LRRC40",2884
"TBPL1",5039
"GTPBP3",5840
"HSF4",4880
"LRRC49",10462
"ADAM33",6834
"F2RL2",4699
"SCN2B",5826
"WDR78",7168
"POC1B",9362
"MLX",5218
"ANKDD1B",3485
"PLCD1",4960
"RGS11",6629
"HMOX1",2542
"TUSC1",2052
"GLB1",4703
"KIAA1109",21242
"GRK3",9437
"DDX56",4734
"ASPH",21732
"BCL7A",7069
"CEP57",7179
"ACMSD",2785
"ACBD5",4638
"PDC",1339
"SYNJ2BP",7675
"TSGA13",2384
"TRAV2",348
"ANXA9",1826
"DEFB131A",213
"FOXD4",1974
"GIMAP4",2195
"EDDM3B",896
"EME2",10091
"EVC2",5836
"FAM162B",1036
"OTOL1",1434
"TRIM5",5817
"RFPL2",2718
"CINP",6960
"CRNN",1902
"FABP2",2478
"CYP4F2",4164
"CRB1",13103
"KDM4E",2339
"LRRN4",2692
"C11orf91",949
"ADGRF4",3391
"CALML3",2763
"MRPS9",1915
"NPIPB6",2135
"LY6D",1897
"MYO15B",13508
"TTLL2",3088
"SURF2",1143
"SLC14A1",8232
"BST1",3217
"ASB15",4939
"HLA-F",4790
"DPRX",648
"ZNF501",3910
"KRT35",1932
"ANGPTL8",1334
"TMC4",3160
"PTCD1",6367
"RSPH14",2436
"AMZ1",7179
"COLEC10",1670
"AC073610.2",406
"EXOC3L1",3516
"UGGT2",8264
"SIRT4",1222
"CST9",1592
"ACSM2A",8996
"SPACA4",972
"FAM110C",3968
"SMIM4",2557
"VSIG10",9343
"RAMP2",1148
"TYMP",4182
"KDELC2",7336
"ACP4",1347
"TICRR",8789
"RNF32",4431
"SLC38A8",1819
"WFDC8",1529
"FAM200A",4423
"SPAG6",3983
"KLHDC9",2190
"TPPP2",2690
"DNASE1L3",3575
"ESPNL",5362
"CLHC1",5006
"UPK2",1106
"YJEFN3",3070
"LY6G5B",3546
"ZNF776",7724
"ABT1",2949
"BDKRB1",3892
"ACAD10",10201
"ITPRIP",15490
"SLC22A10",3200
"LRRC66",3327
"DEFB121",630
"PMFBP1",5986
"UBQLN3",3139
"LYG2",1345
"ENG",3935
"NSG2",3946
"TRARG1",3596
"LRRC26",1209
"COX7A1",1093
"RHBDD3",3348
"GOLIM4",4647
"S100A9",577
"ATP5MG",3651
"NBPF9",9618
"RAG2",4978
"UGT2B7",2259
"COMMD6",3211
"PLA2G7",2026
"MTG2",5254
"RGS18",2806
"COPRS",1522
"OSGIN1",3564
"ADM2",4397
"ATF7IP2",7799
"IFT74",4258
"CYP4F12",6234
"TCL1A",2772
"POM121C",8967
"ITLN2",1835
"SERPINE3",2935
"UBE3D",6666
"TTC21A",8457
"CLEC12A",3439
"GPR3",2115
"TIMD4",1555
"RNF135",4495
"OSMR",7302
"NUDT5",5316
"COMMD1",3303
"ZSWIM3",2773
"SOHLH1",2058
"SMIM30",3308
"LCN2",1741
"AKR1C2",8173
"ANGPTL4",3132
"PKD1L3",5199
"CCDC9B",9743
"NOL11",4877
"UQCRB",11732
"FNDC9",2309
"LRRIQ3",10089
"SMIM7",11216
"MB",2602
"URB2",6001
"RPS29",10012
"PTS",3130
"IL27RA",2962
"MRPL47",1370
"DMAC2L",12690
"HFE",6568
"PFDN4",1975
"APOA1",1511
"MFAP2",3083
"ACOT11",9768
"NUDCD1",5066
"ZNF534",3279
"KRT17",3708
"AC008764.4",1259
"ANKS3",9042
"SH3BGR",1495
"GABRR3",5856
"PEX3",2222
"NLRP11",4365
"STX6",6477
"RNF14",4987
"UTF1",1157
"C1orf56",2615
"GALNT8",10093
"ABCA8",11861
"SPRYD4",10779
"P2RX7",5696
"NPY4R",1956
"PRTN3",1312
"CAMK2N2",1362
"CHCHD10",1452
"IMPG1",4237
"CFAP206",3799
"EPYC",1964
"ANXA5",3722
"ZNF514",6955
"SERGEF",3505
"KHK",3060
"GTDC1",16055
"BTD",6740
"GSTM2",9768
"GAR1",2046
"CA2",2123
"AP3S1",3544
"CHCHD2",1277
"PSPH",3208
"CLMP",5456
"C11orf24",4060
"BNIP1",2440
"C16orf45",4528
"FAM19A2",9630
"PCDHGB5",4851
"SPRTN",6429
"ZNF780A",14973
"TRIM61",1582
"CFHR1",2197
"EIF3J",3308
"RNF225",990
"MASTL",3874
"VAMP1",5594
"SEC61G",2422
"TIMP4",1650
"RPS24",10191
"LMBR1",20385
"DHRS11",7157
"EID2",1629
"NPTX2",3016
"MYL12B",1932
"HIST1H2BG",1534
"ADAD1",2773
"BSG",4004
"CSPG5",4959
"HLA-DQB1",6060
"PER3",8549
"EMC8",4599
"DEFB107A",389
"RNPS1",9431
"SLX1A",3417
"UPK1A",1366
"ALDH3B2",3692
"CYFIP2",10747
"SULT1A2",2799
"TMEM100",3359
"RHBDL2",3183
"DECR1",3782
"KRT38",2337
"AARS",4498
"WSCD2",6939
"SORBS3",7045
"MVD",5334
"SNTB2",10256
"CFH",8685
"IFFO1",6385
"TEDC2",5089
"DGCR8",9728
"PDK1",16845
"ZNF566",10578
"C8orf37",3334
"NTRK3",27967
"MRPL21",3431
"ZNF76",8827
"CLCA1",3340
"TRAPPC11",5912
"PLCB1",18191
"ZNF792",6332
"SKAP2",5520
"ANHX",3452
"ZNF560",3006
"NBR1",8649
"PDIA5",4452
"UBE2J1",4290
"APBB1IP",3981
"LIF",4498
"SLC35D2",4243
"RNASEH1",3779
"ROPN1B",4392
"DDX47",5883
"CNN2",5282
"EXOC2",4983
"RRM2B",8019
"KIAA0586",10874
"SUSD6",5830
"SYT6",5422
"CD36",11497
"COX11",9037
"BEST4",2047
"NAB2",3596
"WASL",4435
"MEI1",5535
"CHURC1",5592
"CYP2R1",4942
"SAV1",6745
"TBC1D4",10344
"DNTT",1972
"KRT86",2394
"PDE5A",9973
"TTR",2395
"KLHL14",5636
"BCO2",7026
"RDH12",2356
"SPCS1",5766
"HTR5A",5115
"NECAB1",6408
"UBAP1",3000
"HJV",2418
"KTN1",20806
"GPR137B",2309
"SNX29",11385
"PDE4DIP",30374
"KCNK1",3627
"LCN6",2049
"C15orf65",843
"NPC1L1",5541
"ZCCHC24",5473
"SKAP1",2757
"RIPK3",4151
"NLRP13",3580
"TOMM20L",620
"C4BPB",3327
"ENTPD4",7806
"ZNF543",3659
"RBM34",3852
"HLA-DPA1",7929
"CSRP1",14467
"ADAMTS14",5269
"ANPEP",4953
"C11orf65",3524
"WRAP73",9522
"KLHL30",3726
"CLEC3B",1105
"NUP43",4863
"CHD1L",3427
"TRMT13",4475
"HOXD8",3246
"SLC35E3",20566
"ALYREF",1603
"HIST1H2BM",381
"TBPL2",2407
"MAP4K5",7620
"VPS35L",10322
"RABGAP1L",16365
"ELOVL5",3813
"ETNK2",4862
"NCLN",4744
"TMCC1",8242
"PARM1",5034
"ABHD14A",2733
"FKRP",5720
"SMCO2",2035
"RSU1",4604
"CLEC9A",3150
"NIPAL2",6104
"DUSP12",1762
"SLCO4A1",4508
"FTMT",879
"SPIB",4578
"TNNI3",2632
"REXO4",2654
"RHPN1",4481
"KIAA2026",9744
"ZNF599",6796
"SCG3",3661
"SDCBP",4905
"TMEM126A",1086
"RIMS3",7751
"POLR3H",7783
"EFNA4",1439
"PRSS42",1947
"ATP6V1G3",728
"SOCS6",5984
"SLC9A2",5984
"HACD3",7228
"ZNF558",11841
"PRDM13",3681
"C8orf76",2821
"AKNA",10960
"CERKL",4851
"ANKRD31",6273
"TRGV9",1735
"ACCS",7681
"C11orf52",1838
"RDH16",3464
"CAV2",7051
"MAPK1IP1L",7757
"PRSS58",1155
"HES4",1769
"KLRK1",4537
"ZNF419",8714
"FAHD2A",5828
"ATP6V1C2",3483
"ATPAF2",6096
"MYDGF",1678
"MVB12A",4701
"PCDHGA2",6724
"ODF3",4253
"CSNK1A1L",2406
"FAM209B",694
"NSUN6",3787
"ZDHHC23",9841
"PLPP5",4974
"ZNF518A",10938
"PHETA1",5997
"PSME2",6045
"MMP10",1758
"C17orf49",3451
"TSPAN19",4643
"BMF",5914
"SPATS1",1569
"CRYBG3",11053
"PRSS55",3328
"LNPEP",15266
"SLC23A3",4293
"CTXN2",3768
"PATE4",2882
"AKR1C1",9091
"HSDL1",5598
"CFAP100",3423
"TREX1",2239
"MSMP",787
"PNMA8A",4041
"BLVRA",1929
"ZFYVE21",9837
"ZNF20",4593
"THBD",4109
"AC005837.2",479
"IFITM3",1593
"WDR73",15420
"SEPT14",3905
"CCNB1IP1",3926
"ARRDC5",1638
"HKR1",7817
"GOLM1",4233
"COLQ",5768
"DEFB133",610
"SDHC",15967
"TMEM230",3214
"CYTL1",1502
"CCNG1",3725
"ZNF700",3319
"MRAP2",2153
"FBXO17",7110
"CA14",4628
"MXRA7",9475
"TMEM190",593
"FABP4",1396
"INHA",1753
"CTBS",9872
"GPR35",5089
"FAM84A",8636
"IER3IP1",4345
"MAP1LC3C",1182
"MAL",1457
"TTC19",8579
"IGFN1",13212
"MINOS1",5647
"ZNF283",7272
"TULP3",4005
"TMEM243",3430
"ATE1",6384
"STARD4",10071
"GAMT",3024
"CTSC",11779
"RRP15",7883
"STX7",16465
"CYB561D2",2668
"TMEM14C",1532
"TFPI2",3145
"TMEM214",6062
"GUF1",4454
"SOD3",2128
"NPL",4975
"RPL13",8055
"NCAPH",3531
"QPRT",4600
"LSM5",5903
"DCLRE1C",7662
"ZNF432",8316
"HIST2H2BF",4068
"PRNP",3014
"RNF181",1625
"CHEK1",6688
"IMMP1L",4770
"RPL32",5459
"WDR74",4962
"SERPINC1",1919
"RMC1",3090
"ZNF445",28680
"COLEC11",2778
"HSPA1A",4103
"TEX261",5122
"LRCH4",8508
"NKX1-1",1236
"SLAIN1",4403
"EXOC6",6193
"HLA-DQA1",8396
"TP53",6194
"PHF5A",1420
"KRT13",3780
"TKTL2",2654
"TMEM150A",3723
"UBE2L3",3838
"TEKT5",1775
"KCNJ18",2196
"ZNF367",3646
"MYL4",1784
"CHMP2A",2597
"CALU",4537
"STC2",6200
"DEPDC1B",3806
"C8orf88",894
"NBEAL1",16544
"LRRC28",10572
"ARHGAP18",4826
"NDUFB4",2006
"PPEF2",5020
"BIRC3",8467
"ZNF596",6228
"RCN2",10605
"CCDC175",3535
"ACOT12",2626
"TM4SF18",4788
"CD22",7683
"PLA2G2A",2765
"CCDC12",5815
"BICC1",6569
"ZNF554",4877
"GRK5",7000
"CD300LF",2161
"HSCB",1462
"C1orf105",1745
"C17orf53",3241
"STARD6",1862
"C11orf42",1142
"NDRG1",11129
"HDAC1",5077
"TMEM158",1813
"FSHB",1944
"MIS18BP1",6261
"RAB8A",5325
"NOTO",2749
"RAB3A",1818
"IST1",7913
"ZSCAN30",11380
"FGFR4",4988
"PEX11A",4655
"ZMYM5",4215
"COL21A1",7601
"FRAT1",3282
"PLPP7",4350
"PRKCD",3626
"RPUSD4",4384
"CREBRF",12333
"TM2D1",5622
"DZIP1",8868
"NDUFA2",1488
"CEACAM1",6226
"C1orf87",4862
"TTC7A",7400
"METRN",4548
"PCDHGA10",6643
"C16orf90",963
"CTRC",3486
"PGLYRP2",4130
"RABAC1",2674
"DDX52",14344
"RASSF1",5524
"WSCD1",7639
"NSMCE3",4838
"PTPN3",10562
"RGL3",5418
"GIPR",5426
"ZNF510",6040
"DISP2",13674
"FBRS",7788
"BCKDHB",4351
"WBP1L",8193
"NEUROD1",3312
"TAB2",6010
"SERPINB7",2637
"ZNF37A",13190
"RLN3",692
"CCDC171",12165
"UBE2L6",2282
"SUB1",9591
"CCDC126",3550
"CALHM6",1194
"CIAO1",4119
"ADAM10",19013
"TRIM58",3225
"CYP3A7",3959
"RNF185",5084
"MRPL53",1718
"SULT1E1",2091
"RBFOX2",11196
"FRS2",7242
"SEC11C",4681
"BLCAP",8907
"WDPCP",12799
"PAQR9",4520
"LRIF1",3905
"MICU1",4021
"CACFD1",3520
"POC5",4095
"COG8",8364
"KIF20B",6962
"RTP2",1346
"RPSA",4591
"FCRL3",7367
"DHRS2",10485
"HTRA4",2095
"TARM1",1491
"KIRREL2",3928
"LMF1",9437
"VRK2",3531
"IDUA",4546
"ZNF442",8708
"CPNE1",4866
"TNS4",4949
"GLTP",3173
"PLA2G12A",6112
"CDO1",2189
"TTF2",10990
"FNDC5",3866
"HOXB13",3467
"JMJD4",5314
"DSG3",5525
"BIN3",6755
"CHGA",3222
"RBM18",5567
"PRKN",7259
"ACYP2",5436
"TINAGL1",8058
"ZNF692",5390
"FAH",9274
"TEP1",12784
"CYP4F11",4031
"MED29",3835
"ALDH8A1",3914
"C2orf68",5508
"GPR18",2236
"GUCA1B",1113
"CST3",3695
"SH3BGRL3",2261
"FANK1",3770
"MTMR9",8913
"BPHL",6758
"MRPL43",4815
"ZNF256",2176
"SLC39A12",2808
"FPR3",2772
"UBA52",5207
"ARFIP2",8042
"BIRC5",4170
"B3GALT5",14331
"DQX1",3209
"ENOSF1",14002
"TSPAN1",2441
"NEUROG3",1376
"ZNF181",6935
"WDR86",4251
"OCLN",6761
"TWISTNB",4160
"MIB2",10797
"L3MBTL4",8025
"PFKFB3",6244
"NUP62",12597
"ELANE",1028
"TTC25",2500
"BATF3",2713
"BTF3L4",6035
"NDUFS7",12026
"SNRPD3",2698
"PTPRR",6104
"OR2AT4",9989
"BCDIN3D",4382
"MCHR2",2441
"OR14A2",1198
"CPTP",2892
"RAPGEF5",10782
"ZNF660",6513
"COMMD7",2633
"PTTG1IP",3758
"FAM160B2",9559
"PVALB",1050
"CFAP161",1979
"VNN1",3106
"TESK2",3322
"UTP25",10735
"TNFRSF13C",3944
"PTPRQ",12586
"SFTPA1",2547
"OLAH",2364
"FAM83G",10070
"PARG",6328
"DCTN3",5107
"SECISBP2",10271
"IQCG",7474
"SMCO1",1868
"ITGAX",8615
"CRYBG1",11559
"LRRC10",2599
"CYBA",3600
"NDUFB5",6201
"ACPP",4519
"LYSMD2",2074
"ANKMY1",11940
"SLC35D3",2359
"CTSA",7771
"EPRS",5450
"SCRIB",6352
"RAD17",4560
"CALCOCO2",9335
"LIG1",7103
"CSKMT",6007
"TMEM145",2841
"ERICH1",10677
"C12orf65",7185
"LYVE1",4871
"TMOD3",11028
"GATA5",2595
"ARHGEF10",11372
"RFTN2",6184
"CAMP",745
"ENO1",6868
"LRWD1",7434
"MYLIP",3033
"ANKRD10",4937
"TNFSF11",2938
"NDUFA6",1615
"DOCK7",25607
"GTF3C6",1067
"ZNF135",7525
"ASCC3",12047
"SH3D21",5314
"SAMD3",8106
"GAS6",6235
"FGFRL1",4545
"TCEA2",5932
"MFSD6L",2188
"B3GNT4",5273
"TBC1D19",3434
"HIST1H2BO",381
"CHRNA5",3768
"NEK6",4419
"IFNAR1",6301
"NLRP10",2531
"KIF17",4530
"PPIA",4793
"ACYP1",1933
"NEK4",6605
"KLK10",4979
"GSC2",1033
"LUZP2",9144
"SLC25A38",2708
"POLR2F",7192
"RHOH",6618
"CFAP36",3655
"ARMC10",4685
"NUP88",5726
"ZNF804B",4685
"HACD4",9265
"MSGN1",606
"RIOK3",5625
"EMC2",3863
"COA4",2644
"TRIML1",2136
"ARL14EP",5954
"NAA16",6286
"AFP",3259
"TEX36",1308
"RXRA",11083
"SH3YL1",13862
"TNFAIP8",10390
"GCAT",2104
"LGALS7B",846
"SELL",2854
"SERPINA10",6316
"OSCP1",2788
"ERMARD",4320
"OR4D2",3562
"MPV17L2",2135
"C6orf203",2265
"VNN3",4464
"RUBCNL",6857
"CKAP2",4803
"TIRAP",3591
"IL15RA",4290
"PCDHA5",8530
"ALG10B",12020
"C16orf58",7480
"SRP14",2538
"NUDCD3",14168
"L2HGDH",7562
"CD151",5043
"TMEM181",5390
"TST",2398
"PRELP",5747
"POP7",988
"QRICH2",5835
"DUSP15",4525
"HOXB2",2925
"ACSS3",15018
"CREB3",2207
"CFHR2",2336
"PCDHA10",15224
"AZGP1",3348
"DMRT3",2387
"POMK",1877
"TMEM144",11630
"PSMA4",9011
"CAPNS2",1016
"LRRC20",3749
"ATG9B",7737
"STEAP3",4562
"LDHD",2359
"FAM198A",4509
"SLC25A51",3397
"TOR1B",3033
"CRYBB1",1213
"PTGER1",1421
"LLGL2",8574
"CBLN3",2944
"RWDD2A",3744
"MIA3",10720
"ANKRD18A",5303
"PLEK2",1603
"PHOSPHO1",2716
"NTMT1",3029
"MYRIP",5957
"FAM181B",3924
"HBEGF",3018
"AQP4",7028
"NDUFS3",4377
"SOD2",21342
"ARNTL2",6983
"SDK2",13107
"RPS10",2686
"TMEM219",2630
"CERS4",4059
"C1QTNF1",4854
"WDR46",3704
"ANKRD13C",6206
"PUM3",2707
"TCF23",5123
"FAM161A",5252
"DNAH6",13514
"MUC12",17283
"NTHL1",2816
"POT1",6184
"HPS5",7753
"LGALS12",2359
"KLHL12",3552
"SCAPER",12532
"SNF8",5964
"PHLDA1",8069
"ANKRD37",2805
"EXOSC6",5153
"SELENOW",7217
"C17orf58",4267
"BMP1",8575
"FANCD2OS",1895
"OSR2",3047
"NXT1",1123
"SLC3A1",7537
"KLK14",1189
"LMNTD2",3284
"CDC7",3557
"ANKRD45",3254
"MRVI1",8968
"DHX34",6135
"INMT",3581
"CLEC4C",1588
"OCA2",3299
"CEP44",7132
"MRNIP",10031
"PKD2L1",3065
"ZNF365",6217
"NEDD4",11938
"ALPK3",10940
"SPP1",2321
"NUF2",3435
"AMH",2839
"ADRB3",4574
"SERPINE1",3190
"PLXND1",10010
"GEMIN4",11460
"NKPD1",6183
"TMEM64",6834
"SAP130",4416
"MDM4",11008
"HAT1",6897
"GSTM5",7751
"MYL9",2821
"TMEM119",3624
"OR8B8",4947
"EPB41L4B",7879
"ZNRF3",6968
"OR1D5",939
"ADPGK",7738
"CEP57L1",7263
"CALHM3",1652
"PCP4L1",1424
"TVP23A",9567
"SPOCK1",6613
"SNX17",4046
"PTBP2",13194
"SHROOM3",13958
"SFT2D2",11221
"CYP8B1",5870
"SLCO1A2",12530
"KCNJ1",10817
"TUBB6",5228
"P3H4",4714
"SGMS2",7635
"CD82",4129
"ATG10",5449
"PLEC",23210
"ASF1B",2522
"ITGB7",6051
"SYNJ1",8906
"C9orf64",2729
"GCM1",2765
"GAP43",2087
"PIP4K2C",3299
"TEKT4",2289
"PRR16",2274
"FBP1",1739
"TK1",2408
"FUT9",13719
"FLRT1",3949
"MCM8",7838
"HOXC4",2725
"CLRN2",823
"PYCR2",5310
"NOL3",3407
"GKN2",1810
"PAX7",6481
"AGAP1",14058
"CCDC190",4316
"CSF2",787
"LRRC25",2574
"NFKBIA",2789
"RNF4",7270
"KLF5",3893
"FAM53B",8358
"TLX1",4672
"DIO2",9320
"MCC",12278
"SAE1",3396
"ATP5MPL",4336
"CYP46A1",9491
"CACNB4",46553
"FOXE1",3462
"LRRC57",10443
"XRCC5",5692
"DYNC1I2",4849
"ATG16L2",11836
"PEG3",40777
"RABEP2",4678
"S100Z",1954
"PPP1R17",2558
"ZNF878",1734
"RPS27",1267
"AGPAT2",2326
"LRRC17",2674
"NAA11",2701
"PRSS12",5725
"SLC25A20",2514
"HNRNPCL1",1108
"VARS2",9894
"NUP214",14146
"GPANK1",4632
"PSAPL1",4680
"TMEM134",7378
"STXBP6",8725
"TEX14",5325
"CTRB1",2184
"PURG",6182
"CLDN16",3583
"TMCC3",10096
"TMEM255B",7287
"PCNT",11660
"FAM189A2",11391
"TPCN2",10443
"TG",11132
"BRCA1",17987
"FGF6",1209
"RINT1",3747
"FAT2",14537
"ZNF763",2981
"FBXO9",8846
"GLOD4",6422
"MUC5AC",17448
"RGS22",6484
"PRSS21",2372
"FAM81B",2702
"B2M",8666
"MS4A3",2095
"MXD1",6813
"RBMXL2",1874
"CARMIL2",10201
"ECM1",4509
"SCAMP3",2558
"DPM3",622
"CTNNBIP1",4334
"C19orf33",829
"TM4SF4",2493
"POPDC3",1881
"MAD1L1",7420
"ORMDL2",2810
"PROM2",7884
"C4orf3",3229
"C17orf107",4264
"ZNF783",6726
"CCDC152",3431
"SEC31B",9650
"CCDC106",3737
"ANGPTL7",2520
"ARSG",6613
"CAPN3",5771
"ENTPD5",10485
"MTFP1",2324
"COX5A",1579
"RNF13",3635
"DNASE2B",1558
"SCIMP",5195
"CCDC191",5303
"CRACR2A",15060
"SPAG1",5479
"IFI35",2326
"IL12A",2385
"IL2",1264
"CHMP1B",3489
"CEP19",2201
"TAF1A",3045
"SLC30A2",3498
"SLC35B1",7523
"PDE6C",3310
"TMPRSS13",5755
"DNAJC1",2667
"ACKR3",2258
"SIGLEC15",3598
"OVOL3",841
"CRABP1",993
"ATP2A1",4745
"PHF11",4932
"TSPYL4",4180
"PTPN21",8422
"TADA2A",6266
"SERP1",7267
"AC093155.3",2013
"WNT4",4527
"HRH3",3471
"YPEL3",3807
"LRRC8B",9345
"ARL4C",4013
"MZB1",3413
"SAMD4A",12254
"STPG2",5836
"ING3",6033
"IPO13",5348
"ARPC4-TTLL3",2884
"SERPINA1",5194
"SMU1",7122
"KPNB1",8261
"MKS1",4816
"TTI1",5315
"CEACAM7",2965
"CENPP",9901
"ZNF22",2551
"LURAP1L",2492
"PIK3C2G",6694
"BNC1",4795
"PENK",3860
"OR9Q1",2488
"FXYD1",2511
"RTCA",3037
"CARD19",4935
"LRCH1",7307
"DOCK5",16262
"DNAAF4",3068
"THAP9",4332
"CYGB",3834
"ZNF563",4030
"RTL6",5495
"EPDR1",2864
"SPATA9",3610
"LGALS9B",2970
"FAM47E",10250
"SLITRK3",4892
"TACO1",2493
"KIAA1522",5965
"ZNF682",8266
"CCDC172",1777
"NSL1",4091
"CD209",6185
"SELENOT",4135
"OTP",4451
"BHMT2",3231
"NT5DC1",7309
"SIPA1L2",7641
"OR4D10",2482
"ANKRD49",5795
"DOLK",2090
"FREM3",6869
"CCL25",989
"PLS1",5294
"COL24A1",10388
"GOLGA8M",2202
"DDX5",10392
"ITGA6",6715
"FIP1L1",6113
"DEFB123",467
"RFC5",3308
"COL4A1",15317
"NDUFA12",1815
"FAM135B",14142
"CCDC51",2610
"TLR9",3870
"TRAPPC10",12555
"GPR52",1088
"TTYH3",6345
"TSSK1B",2478
"DNAJC4",3900
"PUS1",6307
"TTYH2",5445
"PLET1",1215
"CAPZA3",1087
"INO80C",5933
"RINL",5235
"CCBE1",7968
"FBXW4",5038
"PROP1",1464
"MFSD13A",3526
"SGCE",27166
"C16orf78",1068
"EXOC3L2",3253
"NIPAL3",9711
"FARSA",3033
"MICAL1",8443
"SBSN",2390
"SLC13A4",8440
"ZFAND2A",2376
"TMEM256",820
"SLC25A12",5169
"DPPA2",1383
"EFR3B",10591
"PCARE",7625
"CCDC112",3289
"NXNL2",2498
"AC099489.1",12203
"CNTN4",9795
"GPR75-ASB3",2486
"PLXNB2",8385
"PCDHGA11",5814
"MCUR1",6193
"CLCNKB",3187
"AL592490.1",6347
"DRC1",3248
"NT5DC4",4386
"APOBEC3C",2818
"MAFF",6607
"SMIM19",4181
"CYP4Z1",1996
"OR51S1",1750
"FRYL",22562
"S1PR3",13980
"PPBP",715
"CLEC11A",1871
"BLOC1S1",1861
"APOBEC1",889
"GNB5",15963
"ALMS1",18164
"ZNF707",7364
"DCDC2",4996
"ATP5MC2",4228
"WDR60",6667
"KRTCAP3",1528
"FKBP4",5920
"SEH1L",11391
"COMTD1",1991
"CASP10",7598
"ARHGEF33",5830
"FBXW8",5169
"CHST13",2363
"TMPRSS15",4241
"AKT1S1",6525
"CD300E",3752
"EMC1",14785
"TMF1",9628
"SPAM1",3032
"COG7",4933
"RSL24D1",3272
"JAG2",7927
"SPSB3",5434
"ZNF83",8525
"UPB1",7589
"CNTD2",2454
"TSTD1",1511
"CBR1",3554
"BNIP2",9570
"NEK8",4686
"LIPN",1197
"LYRM7",6636
"MYL1",1342
"PTRH1",5105
"UGT2B10",1931
"GORAB",3773
"PAM16",2753
"LILRB4",6606
"CD27",1410
"C1orf112",6122
"TNFSF12",2182
"RIBC2",1815
"TWIST1",2033
"SELE",4693
"ELAC2",6839
"SMIM23",1647
"LZTS2",6997
"FDXACB1",3551
"LYRM4",10516
"C16orf54",2585
"LTO1",9948
"MUC22",6019
"CHRNE",2864
"CCNJ",4148
"ODAM",1632
"TLR10",10162
"RPAP2",17142
"OBP2B",1138
"ZNF703",3349
"MSTN",2822
"S100A6",1086
"TMOD2",11750
"LTBP4",9386
"DNASE2",3026
"MAIP1",1624
"TEPSIN",6501
"SLC39A5",3154
"CSRNP1",3214
"MYO5C",11625
"NCR3",1489
"LYPD1",3226
"COQ2",2893
"ZIM3",2627
"SERTAD4",5627
"EFNA2",949
"TOR2A",4424
"TECR",6269
"GEMIN2",2898
"DTD1",6465
"STON2",8361
"EPM2AIP1",9122
"FKBP2",1655
"MRPL39",1199
"RXYLT1",9524
"AL603832.3",1078
"FLT3",4159
"MTO1",12597
"AARS2",4549
"PHF7",4360
"CFAP300",2729
"TBL2",9339
"SST",618
"SEMA7A",4778
"KCNMB1",6251
"KRT7",4956
"DPH2",4226
"ZNF230",6298
"DDI1",2609
"SF3B2",10033
"RAB3IL1",3527
"GNA14",2763
"ZNF33B",8898
"ZNF665",10083
"SLC45A4",10137
"LALBA",1323
"TRIM43",1682
"PLEKHS1",5402
"PQLC1",5316
"TMEM161A",4484
"DGUOK",1455
"ZC2HC1B",1085
"STK17B",6580
"LYZL1",1214
"IGFBPL1",1093
"ITPA",2103
"ZNF880",3866
"NWD1",9311
"TSPAN5",7644
"SNX4",2825
"LGR4",6466
"RAB11FIP2",6396
"HMSD",2920
"NOMO2",7104
"ARG2",2513
"FAM227B",6428
"ZSWIM5",6046
"PON2",4180
"UBAC1",2979
"C1RL",6269
"ZSCAN1",2389
"PTGER2",2630
"CENPH",2408
"AARD",2412
"AGXT2",4444
"HSPBAP1",5434
"WDFY4",13943
"CAPN1",8802
"AGPS",8965
"LHX3",3824
"TNNI1",7911
"ABCC1",7651
"VSNL1",3833
"NKX2-3",3093
"OR5P2",1069
"RUFY2",11265
"TBC1D12",7429
"UBLCP1",2676
"SPNS1",4743
"GMPS",8885
"JMJD1C",11294
"RERE",13023
"ZNF415",5977
"TP63",7454
"NDUFV1",6436
"SFRP5",1836
"FGF20",2028
"TMEM200C",12558
"PARVA",12901
"FAM20B",6039
"GAL3ST2",1370
"CD81",9544
"FBXL15",4991
"KLK9",840
"RPH3AL",8446
"FMO3",3463
"SLC39A10",7649
"NMRK2",1238
"AVPR1A",6341
"SMPDL3A",2638
"AMDHD1",2686
"ITIH3",6017
"SLC1A7",6001
"CMPK2",4621
"RGP1",7363
"NAXD",2904
"DNAJA3",7289
"ZNF148",12628
"ZNF235",6381
"KHDRBS2",2332
"HTR4",7612
"CDKN2A",4816
"COL1A1",11085
"LIPC",5314
"SYS1",6368
"CACNG8",8747
"ADCY9",10567
"THAP10",2788
"CALHM4",1932
"DHH",5765
"RBM43",4717
"C4orf54",10086
"CYP2A6",2226
"C1orf131",5553
"MTHFD2L",10255
"NENF",1297
"LRRC63",2762
"NOX3",2042
"MS4A13",1405
"PIGC",5565
"KLHL3",12801
"HAUS8",5792
"PSMB9",3334
"TIMM29",2497
"FETUB",2024
"SOAT1",7005
"CABYR",4927
"TAAR1",1020
"CLPB",13619
"GMFG",1729
"CCDC33",7475
"SIK1",5466
"POLR3C",2947
"NAT8L",5947
"GDF6",4750
"PLK1",5786
"ATP5F1B",2885
"CDHR1",8169
"IARS",7719
"BEGAIN",8700
"CD244",2857
"HCFC2",6858
"TFCP2L1",9596
"CD72",3812
"PDCL",3240
"HIF1A",5337
"SMUG1",7168
"ACTL9",1426
"NOL7",2025
"KLHL24",8650
"GAPVD1",13738
"TPRA1",5678
"CDC45",3034
"DOC2B",6606
"COX7C",2227
"KCNIP2",3397
"TMEM220",4588
"PCLAF",4512
"PIGU",2819
"ASAP2",7395
"ART1",1467
"MEIOB",2303
"GLT1D1",3634
"TCIRG1",4975
"COG6",8205
"ERAL1",2739
"GCNT4",5554
"DRG2",7823
"SEC61B",1190
"MBNL2",4908
"MROH2B",6384
"RPTN",3569
"CHMP5",2390
"LDB3",6676
"CNR2",5254
"MRPL49",4425
"MFSD9",7076
"C2CD5",7786
"GTF2F2",3701
"SNX15",5338
"ALDH3B1",6737
"ADAM32",10450
"UBE2G2",8827
"ZNF3",6273
"PPT1",7872
"UROC1",3329
"MOCS2",7284
"LGALS2",828
"COX6B1",936
"GLIPR1L2",3790
"UNC93A",2699
"RNASEH2A",3929
"GTF2H5",7565
"CHN1",5528
"CCP110",10717
"ADGRG7",4320
"CYSTM1",2371
"SLC39A3",5099
"GTPBP10",10436
"MMP7",2323
"SEMA6D",8698
"DCDC1",13941
"COPS9",2039
"TMIGD2",1262
"ICOSLG",11588
"CCDC15",4823
"NDUFA10",10095
"PRCD",5761
"IL5",1775
"CLCA4",3447
"SLC35E4",5531
"ANKLE2",22233
"TXNRD1",6818
"TRDN",6778
"RBM19",6455
"ACADM",5633
"RACK1",7137
"SPACA7",1114
"WDHD1",6941
"ZNF729",3877
"SLC24A1",10372
"OR1A1",6889
"ADCYAP1",4147
"SDC1",3925
"TMEM70",2982
"CYP2A13",1739
"CTU1",2087
"NOMO1",6077
"SLC22A18",5813
"AAGAB",5371
"FHOD1",6006
"DYDC2",2465
"LGI2",6568
"C10orf88",4327
"ABCC6",8366
"XBP1",3631
"TMEM30B",6301
"WFDC9",659
"NEIL3",2959
"ETFBKMT",6868
"THEMIS2",5309
"LNP1",3157
"UBOX5",4949
"FAM45A",7004
"CXCL10",1176
"COMMD3",6125
"FAM161B",5056
"TTC8",6347
"RETSAT",5419
"ERICH5",1967
"ZNF749",3017
"SNORC",3951
"POMGNT2",2668
"RFK",4529
"HAUS5",6213
"MTERF4",11476
"ATP13A4",6013
"PLCXD2",9059
"GXYLT2",3802
"PRLHR",6721
"RSPO1",3089
"HAPLN3",4855
"AOX1",5556
"ZNF664",6675
"HSPE1",2279
"NDST3",7009
"C18orf25",9576
"TXNRD3",3809
"KRT6C",3035
"FAM168A",8730
"MLST8",6402
"UBE2F",4484
"PRAG1",4904
"TGFBI",9264
"DMC1",3524
"DIRAS1",4706
"KANK4",6818
"KDM1B",5713
"HMGN3",1014
"SLC22A11",5659
"CEACAM8",2551
"OR2D3",1070
"DOCK4",12234
"PNPO",5878
"GADL1",7838
"GPRC5A",8649
"HSD17B3",2747
"CDC42EP4",6685
"KCNH8",6398
"STK32B",5324
"ITGB2",7293
"DUXA",1006
"ADCY10",6139
"SPINK9",841
"CATIP",4094
"PDXDC1",9754
"POTEG",2509
"MAP3K4",7678
"SMYD1",4983
"MAB21L3",3256
"PRPF6",3044
"RAD23A",2861
"AHI1",8705
"SCRN2",4100
"TP53INP2",4369
"FBXO16",4075
"BPIFA2",1178
"NKAPL",1639
"C1orf158",4118
"BFSP1",3361
"NDUFB9",4220
"PRR26",10051
"SMIM39",171
"C3orf22",2187
"TMEM126B",2907
"GJA10",2408
"CRP",3297
"SKA3",3502
"SAA2-SAA4",743
"THEM4",5303
"APOBEC3D",2528
"CD33",7009
"UPK3BL1",1342
"ABCC11",7497
"C16orf95",3862
"CCL26",706
"IAH1",6415
"CCDC24",4261
"LYZL2",818
"GIMAP6",4526
"TRIM15",2637
"SMIM24",2088
"GTSF1L",1117
"C8G",1152
"SLX4IP",6492
"WFDC12",775
"CLEC12B",3667
"KCNE2",1051
"HEATR4",4398
"STPG1",9500
"UGT2A2",1676
"XCL2",565
"KCNE3",4397
"EID2B",1969
"TMEM213",4813
"CCDC166",1320
"CCDC115",4222
"B3GNTL1",6996
"OXGR1",3970
"MRPL28",4099
"FCAR",2458
"SAYSD1",2925
"CYP2C19",4084
"TEX9",8487
"SLC22A13",3080
"CR1L",2768
"GPIHBP1",2282
"WHAMM",5123
"TXNDC16",4761
"ZNF493",12543
"OAZ3",4956
"DHRS7",3694
"FRMD1",9774
"RRP36",2331
"EFHD1",3200
"LEFTY1",1891
"IFT43",4438
"MORN1",13902
"STBD1",3420
"ACSM6",2807
"KRTAP5-3",899
"IL17REL",3696
"CPLANE2",1562
"ACP6",12893
"ZNF587B",4632
"HORMAD2",2575
"CD84",9488
"AKR7A3",1710
"MORN2",1437
"ANXA3",5455
"RNASE4",2727
"BATF2",4479
"HERC5",4869
"MILR1",1925
"MRPS36",1530
"IRAK1BP1",8137
"MRPS30",6506
"RP1L1",8881
"SLC25A47",1799
"TCP11L2",6816
"CALHM5",9784
"CASP1",4730
"THYN1",2495
"CXCL13",1431
"MAGEF1",1636
"DNAJC30",2485
"PCDHB10",3290
"DEFB129",698
"MS4A8",2583
"LPO",6651
"SULT1C2",8666
"PPP1R35",1470
"ADAMDEC1",2917
"UGT2A3",3705
"BAD",1799
"PCDHB8",2740
"FCGR2A",5546
"ZNF600",9183
"TCTN1",10478
"MRPS27",9876
"KRT3",2319
"ZNF611",15902
"RANBP3L",3859
"CYP4F3",6020
"SMIM10L1",4795
"AL032819.3",925
"NPM2",2551
"ZNF284",4351
"C6orf15",1140
"CCDC127",9787
"LAPTM5",3397
"KRBA2",7839
"TXNDC2",4407
"ZNF519",20617
"MRPL4",5199
"ZNF578",8066
"RIC3",12903
"EFHC1",25140
"SLCO1B7",2940
"SMCO3",2104
"FAM163A",2909
"CNFN",603
"TMEM141",1804
"PPP5D1",6224
"SLC28A1",3445
"PSG11",7134
"PLK5",3187
"CYP2J2",2990
"OR2A4",1758
"CDA",1161
"SERINC2",3549
"PNOC",2126
"A1BG",4718
"KRTAP8-1",556
"DBNDD1",5260
"IDO2",4444
"VENTX",2911
"FAM186B",5213
"SHLD1",1702
"LENEP",943
"FUT2",3725
"ALS2CR12",2635
"TVP23C",5942
"MTX3",12848
"GPRIN2",1968
"TXNDC17",5001
"GPR152",1429
"FAM114A2",9058
"TMEM171",1663
"CYBC1",9946
"CCDC107",2117
"AKR1B15",3325
"DCAKD",3315
"LAIR2",1078
"OMD",2449
"C1orf210",1963
"GPR150",2065
"MARCH10",4963
"CLCA2",4496
"CLPSL2",611
"FUT6",8924
"MRPL46",7279
"NDUFB2",4682
"MROH6",5070
"DDIAS",5464
"RAMP1",1234
"PLLP",9364
"GPATCH3",2225
"TMEM233",3267
"ADPRH",4767
"APOF",1715
"TEX43",476
"ARL6IP6",3349
"CEP63",10507
"ISG15",941
"GBP6",2987
"DUSP23",859
"FCRL4",4790
"WFDC2",1642
"VMO1",803
"TRIM60",3056
"SVBP",1208
"TEX101",1597
"IFRD2",5206
"CSNK2A3",1416
"PCDHB9",5155
"HUS1",5238
"HIST1H3H",1237
"LCN8",3373
"BBS12",3432
"CEP135",8971
"PRR9",1229
"RBFA",3807
"C10orf90",6356
"DNAJB8",4000
"CLRN3",1152
"SCT",366
"ARGFX",992
"PALMD",8425
"CBWD1",16407
"RTP5",2606
"MACC1",10674
"TSPYL6",3089
"CEP89",10397
"C8orf33",4617
"FGL1",3428
"ZNF486",4261
"PRKACG",1585
"SULT2A1",1987
"HSBP1",10224
"SERPINB4",2476
"LRRC61",2735
"NCF4",1825
"ZCCHC7",3992
"GSTA1",1019
"KLK2",7130
"NUDT16",7307
"MAP1LC3B2",1800
"INHBC",1992
"ZNF589",5833
"HMGB4",3392
"FOXD4L1",2491
"IL18BP",6525
"CA3",2310
"ZADH2",12128
"KRTAP4-8",1629
"GPHB5",543
"EMCN",6153
"CES1",3088
"G6PC2",3125
"TANK",5722
"SPTA1",10211
"CENPX",1857
"RSC1A1",1854
"VGLL3",12772
"CAVIN4",2615
"SIGLECL1",2648
"FNDC7",3332
"ZNF430",7221
"KHDC3L",1018
"TRAM1L1",2023
"RNF223",1902
"SPACA3",1230
"ACADL",4383
"STN1",1617
"ZNF280B",9450
"ZNHIT2",1473
"HAUS4",3248
"ZNF418",6912
"PPM1M",4936
"SP110",6865
"MBL2",3569
"KIAA1586",3139
"PDCL3",1831
"BCAM",5293
"FBXW12",3646
"ZNF726",6415
"CERS3",5485
"AGER",2484
"TNFSF9",1665
"ZNF680",6212
"C7orf50",5324
"TMEM108",8425
"AKR1C3",4808
"PLSCR4",4357
"TSR3",1426
"ZNF485",2397
"CCDC74A",3257
"MTX1",3621
"RDH5",3404
"SPATA4",2464
"CNBD1",2584
"TYW3",5160
"TP53I3",2915
"CYP2D6",2863
"C5orf34",3757
"TOMM7",1966
"ZP3",2837
"PXMP2",1471
"METTL23",2077
"MEIG1",1407
"ANXA10",1812
"OOSP2",1897
"DNAJC15",8042
"TBCE",13405
"CRCP",3540
"CPA5",3108
"MAATS1",7520
"TCTE3",2847
"TUFT1",3944
"ACADSB",6255
"COX7A2L",7488
"TCEANC2",13951
"TMEM221",2317
"IL22",1261
"TMEM97",3198
"BLOC1S4",1617
"PDRG1",1998
"IL7",3529
"MRFAP1L1",2777
"FBXO7",9205
"TMEM242",4782
"KRT81",2069
"FAM162A",3793
"CEP70",4420
"DHRS7C",1006
"NRTN",1109
"STX2",4867
"DYNLRB2",1632
"EME1",4671
"RBP3",4276
"PATL2",5068
"ARMC2",4250
"EFCAB11",8927
"DEFB124",787
"TMEM267",7540
"CHCHD1",1781
"ASB3",7200
"OMA1",3807
"NKX6-3",2412
"TMEM237",8270
"PCDHB14",7013
"GTF2H2C",7444
"CRYBB3",867
"DALRD3",6402
"PCDHGA6",7910
"TEX30",2229
"WDR53",1797
"METTL18",1578
"C1orf185",1118
"NPY",921
"MPDU1",3911
"LBH",5029
"ZNF586",3261
"SNX19",9482
"RPRML",1093
"CYP2E1",9942
"NDUFB7",531
"SDHAF2",2602
"ID1",1696
"ECHDC3",2206
"NHLRC3",6562
"SMC1B",4453
"SCO2",1851
"AP4S1",7364
"PLSCR2",2557
"NPHP1",13645
"RARRES3",1299
"ECI1",3850
"C10orf67",7988
"MFSD2B",4438
"RXFP3",1852
"RSRC1",5117
"SLC16A5",3527
"TMBIM4",4586
"IQCM",2692
"ELOVL3",1371
"HTATIP2",3450
"GSTT2B",1231
"TNFAIP8L2",1178
"MED8",3035
"ATP5MD",924
"SYNDIG1L",2909
"ZNF470",10655
"ALG12",5686
"TOMM6",637
"COQ4",5340
"ANKRD36C",8929
"HPSE",4905
"NSMCE1",4366
"DIABLO",2375
"ZNF155",3454
"INKA1",1040
"MOB2",5224
"POMP",1428
"ZNF669",1980
"CLDN1",3663
"TCAF2",6409
"PRR23D1",1587
"PTPRH",4344
"LDHAL6A",2734
"MPZL1",7069
"ADAD2",5724
"NME4",4733
"PAGR1",1702
"VAMP8",990
"FHL5",2272
"DEFB106B",316
"ANGPT4",4676
"BCL2L13",7909
"SERPING1",4334
"SNRNP25",3465
"OPA3",11027
"N6AMT1",5045
"ZNF584",5209
"TSHB",537
"LYZ",1764
"ASTL",1654
"TM4SF5",1116
"ACSM5",3994
"ARL3",3844
"CDHR5",4774
"FAM205A",4225
"UQCC2",5962
"IP6K3",3607
"MXD3",5853
"METTL15",8108
"FAU",2760
"ZNF101",7550
"PIBF1",4378
"ACP1",4623
"FAM174A",1416
"IGHG1",2920
"GPRIN3",20504
"HSD17B11",3287
"DELE1",6688
"CGB2",859
"RWDD1",5909
"MIXL1",2029
"CCNH",6687
"SERPINH1",8021
"HORMAD1",2586
"CLDN15",3178
"SIT1",2095
"GSX2",2564
"RRP1B",5762
"PIGR",4376
"MAL2",3430
"CCDC58",1893
"NEMP1",6252
"TIMM22",3194
"OR6J1",4165
"PRR5L",6616
"LACTB2",2020
"TMUB1",2159
"ASAH2B",6947
"SNCB",2198
"CCNO",1809
"PGBD2",3651
"UQCRC1",3785
"TAGAP",6077
"MCFD2",7518
"SCART1",9199
"RTN2",4439
"TMEM98",5932
"RPL27A",7692
"KRT85",3204
"SERF2",9707
"INSYN1",7462
"ZNF195",14008
"GOLT1B",3824
"OR2A7",2152
"CWC25",4591
"UBALD1",4409
"COL26A1",3156
"APBB3",5062
"SRRM4",8851
"LRRC9",5372
"PRH2",757
"CACYBP",4611
"NAP1L5",1915
"CREM",6606
"HBB",1304
"SUMO2",4010
"CHRFAM7A",9271
"ZNF804A",4694
"CAV3",2743
"NEDD1",4713
"CARD6",4399
"GTF2A2",3673
"FAM72A",4572
"KHNYN",8345
"USP16",6028
"STUM",7791
"NBPF1",12381
"YBX2",5937
"RPL37A",8697
"POLR3F",3108
"OR2AJ1",1873
"UBE2D2",3783
"IGHA1",1422
"ZNF595",3933
"CALM2",7386
"NPIPB5",13280
"TIAM1",10077
"SDR42E2",2630
"OOSP1",1116
"PRSS2",1259
"LYPD6",5033
"PIK3IP1",4678
"USP39",3952
"TAS1R3",3433
"MMP17",4003
"GFM1",9386
"GMNC",3804
"MKI67",13447
"NDUFS4",1176
"COMMD3-BMI1",1965
"CDK14",7134
"HOXC5",1805
"ATP6V0A4",4124
"PRKD2",6773
"SMIM15",3190
"PLA2R1",15604
"CASC1",3139
"HOXD3",3591
"FFAR2",2453
"PARP12",6637
"NAALAD2",7559
"ZNF676",4725
"HPGDS",2111
"CAMKK2",7276
"ZNF684",3115
"DECR2",5292
"CHGB",4582
"IFI44L",11186
"TIE1",7933
"DSEL",9531
"OR1D2",5826
"GRPEL1",4939
"NUGGC",3959
"CEP162",5474
"VSTM1",1405
"ADORA1",4512
"DGLUCY",7561
"CLEC18C",6485
"MROH9",3831
"ELK3",4933
"ASPA",6116
"CASP2",8170
"MAPK9",8955
"STOM",3837
"SRSF5",8487
"ADAM17",15229
"CSNK1G2",4519
"MREG",3056
"RHOB",2372
"GBGT1",4284
"SAMD15",2616
"DNAJB2",7945
"MISP3",3146
"MCCC2",6098
"FAM207A",1471
"OR5P3",1193
"KRTCAP2",4258
"CHKB",4241
"THEG",2730
"NCOR2",14597
"HASPIN",2797
"ALDH5A1",6066
"OR11H6",993
"IFIT3",2640
"C2",6418
"MMRN2",5406
"APCDD1",6674
"PMF1",2520
"C1orf50",5350
"MCCC1",4396
"LIPT2",1405
"EXOSC1",3828
"PDZD9",1331
"RITA1",2309
"IFI6",865
"KIAA0556",9891
"ZNF227",5069
"LDLRAD2",4718
"BMP5",3952
"PDYN",2847
"CHIA",5062
"SRD5A2",4648
"LAPTM4B",3457
"PPARA",13542
"CFHR5",2810
"PTGIR",5020
"ADAM12",9860
"REEP5",5240
"PDE4A",6914
"TRIM67",10063
"CDK6",13121
"GLT8D2",3736
"ATF3",4242
"PTPRA",4734
"LRRCC1",5271
"BARX2",3961
"RAMAC",1568
"EXOSC4",1614
"CLDN10",3380
"MT3",2732
"GPD2",7155
"MAML3",7124
"GSTZ1",10141
"ENTPD6",6135
"DCST1",3193
"COQ8B",5739
"RASAL2",16244
"CARTPT",1300
"CCDC174",3615
"FSTL5",5355
"ZNF19",11276
"NEIL2",3726
"GTF2F1",3566
"MED19",2637
"SEC16B",8161
"TCL1B",2580
"TCP10L2",4332
"LY6G6E",1230
"OSM",2711
"CCDC105",1732
"RGS13",5985
"KLHL33",6092
"CCDC182",832
"COX6A2",574
"ARL14",1294
"RNASE2",755
"TMEM25",7850
"TAS2R60",957
"A2ML1",7329
"CCDC8",3334
"CYB5R2",10134
"C19orf81",888
"STOX1",3904
"RPAIN",8100
"CER1",1215
"SLC26A1",6758
"FADD",1841
"ZNF488",3791
"STEAP1",1625
"MRPL11",2818
"KRTAP22-2",293
"PKHD1",17454
"GDF15",2087
"FAM180B",1388
"FN3K",4024
"RPGRIP1",6593
"EXOSC7",4729
"ZNF550",8206
"NCAPG",5088
"TMPRSS11D",3294
"FFAR4",4060
"ZIK1",5610
"TSFM",3094
"PINK1",5174
"COMMD4",12619
"PBLD",6828
"ALKBH3",2538
"NHLRC1",2248
"MPZL2",5677
"ZNF561",9250
"COL23A1",3766
"VIP",1584
"PEX12",3257
"C5AR1",2951
"CD93",6708
"OAZ1",6170
"MEDAG",2462
"PADI1",5029
"HSD11B1L",3433
"UPF3A",6309
"CAGE1",4800
"ZNF688",5419
"ANAPC15",3392
"TMEM42",3466
"KIZ",5826
"NME1",4080
"CCDC184",2343
"AQP10",3336
"TMEM239",4380
"AVIL",7335
"GP9",889
"TACR2",2951
"TTC24",2943
"NOX4",8402
"TRIM65",5846
"CAPN11",3884
"RNF148",1730
"KRT76",2529
"CD3EAP",3860
"SMPD2",2043
"COL10A1",4311
"FRRS1",3958
"INAFM1",1255
"GCKR",3244
"OTOP3",2516
"MOGAT2",4518
"HAO2",1877
"ZW10",2992
"FAM206A",2881
"PROC",2559
"SGO1",4895
"ILDR1",3006
"ISOC2",5040
"KCNK16",2169
"REX1BD",5493
"NUB1",5411
"NABP1",13980
"LHFPL2",8319
"CERK",5162
"BHLHA15",798
"PTGES3",4699
"COPS7B",6370
"AQP2",5346
"ODF4",1376
"FYTTD1",8025
"KBTBD13",3124
"SLC38A11",6025
"ITPRIPL1",4652
"IL17A",1871
"ANAPC11",4440
"LDLRAP1",5746
"PCDHA2",6054
"MANSC1",7709
"RNF5",1178
"CHTF8",4429
"GPHA2",926
"AC005324.3",5514
"ATP5F1D",2539
"SPDYC",991
"RGPD4",5464
"UQCRC2",5727
"ZNF843",5581
"POLR1D",13867
"MCL1",5104
"MAD2L2",3713
"IER2",6190
"ASPM",10887
"PTGIS",5743
"PIWIL4",4712
"ACTL8",2236
"ZNF140",5830
"CCDC82",21387
"ZNF845",6453
"CASTOR1",4368
"HES1",2062
"ISPD",6917
"PLEKHJ1",5842
"NKX2-8",1261
"RSAD2",4958
"AFF1",11290
"CTSV",5091
"BARD1",6067
"D2HGDH",5664
"AQP7",6901
"NEK5",7432
"CASP7",3528
"SLC39A13",7108
"CEP76",7096
"UBXN2B",5390
"DYNLRB1",2467
"RCAN3",7156
"HIGD1A",2955
"DNAJB1",3684
"BBS9",6935
"STX17",4827
"FBXO32",7752
"COBLL1",18842
"ISCA2",3258
"CFAP74",11608
"LSM2",1077
"IGFBP3",6303
"ZDHHC22",4205
"RPL26",3140
"RAD18",7188
"ALKAL2",2466
"EFHD2",2546
"ASCC1",7174
"MKRN3",6165
"LARP7",4701
"ORC1",3157
"C3orf80",3828
"COQ6",8377
"NIN",16534
"PPP1R1B",4758
"MAFK",4846
"RPS3A",2385
"NRAS",4449
"CAB39L",7632
"AP5B1",4811
"ITPK1",8935
"JCHAIN",1680
"PLPPR3",2980
"CELA2B",1457
"RSPH10B2",5387
"C6orf118",2240
"POLR1E",2512
"HSD3B2",2422
"MST1",9009
"PLIN5",6003
"SREBF1",10659
"NPY2R",3959
"ZNF436",7639
"EXD2",6862
"TTC39B",14111
"AP1M2",2371
"ACTL7B",2379
"ATAD5",7915
"ZGRF1",9324
"LYRM9",6088
"CLSTN3",7179
"TPBG",6904
"TMEM60",1023
"NRAP",5979
"PIGF",6214
"TMEM121B",5071
"PARK7",2443
"SIX6",2787
"SLC32A1",2574
"RALYL",5088
"HMG20B",5410
"COX10",3172
"LHFPL6",4843
"CNIH3",6386
"SHISA6",8647
"IPMK",6133
"SLAMF7",5006
"RTN1",6920
"MOG",4514
"KDELR2",5910
"KLHL42",8053
"RAB11FIP3",6955
"KLHL29",11274
"CUEDC2",1852
"LRRC41",10677
"POLR2M",6806
"NDRG3",3248
"FCF1",4803
"PRPSAP2",4950
"SLMAP",15017
"SYT16",15234
"MTMR4",7918
"C14orf180",3036
"SLC33A1",14791
"MICA",2386
"FRMD6",9819
"SETDB1",7465
"DHFR",6186
"MMAB",6824
"CR2",4885
"TNIK",9509
"PPP1R14C",2152
"HPD",2223
"EIF3A",7530
"INO80E",7729
"LHPP",4064
"ZNF540",7076
"DDX43",2807
"HLA-DMB",8133
"ATG2A",8536
"MRPS14",2594
"CATSPERZ",1474
"MPDZ",11378
"SSTR5",1362
"SLC6A5",7196
"USP36",11308
"LGALS13",922
"HEATR6",5709
"TTF1",3215
"RHOA",3247
"DISC1",13152
"RP9",2063
"OR1L8",2024
"CLDN18",4110
"CPNE7",3081
"UQCC1",8242
"NDUFAF3",3138
"NHLRC2",11223
"LILRB2",4339
"CHFR",19064
"SNRNP27",2495
"TPH1",5890
"OSBPL5",7649
"TCP11",3765
"DOCK6",13710
"CCER2",1105
"ADAMTS15",5673
"MRPS17",2159
"ACOX3",4335
"KNG1",5381
"OR2K2",1116
"RADIL",6895
"GPT",3267
"YJU2",1671
"ANKRD13A",7688
"GPN3",2800
"SEPT10",4614
"SAG",13278
"CROT",4979
"MED30",1440
"GRN",4619
"ANGEL2",7276
"TNFRSF4",2197
"ARHGEF18",8750
"NUAK2",3441
"LMO1",2276
"SGK3",6903
"AL096814.1",688
"ZNF286B",6076
"TTC5",10822
"TCHP",9384
"NINJ2",2495
"MFSD5",2620
"KPNA5",11778
"GPR139",1712
"TMEM150C",4853
"CD63",2718
"THTPA",4225
"SLC22A9",2362
"GAREM1",9162
"ANO2",6347
"MICALL1",6308
"MGAT4A",10047
"SLC30A10",5770
"GPX5",2091
"SPINK14",294
"AANAT",2190
"UPP1",5127
"PTPRN",8929
"FOXM1",5388
"RPP40",2351
"FMC1",1524
"FGF3",1214
"COX4I1",8945
"ZNF675",8980
"ARL16",3739
"CD37",5821
"DNASE1L2",2974
"TMEM74B",3117
"GRTP1",3102
"AGMO",3587
"LPIN3",4820
"HDHD5",6302
"RAVER2",6097
"ZFP42",2656
"NAA38",2415
"DDIT4",2323
"PRKAG3",3334
"ID4",2344
"LY6G5C",2881
"TTLL10",4114
"WDR64",4939
"LIN7B",2154
"GALK2",7915
"ZNF433",3611
"CYP2C18",2418
"CCR3",3637
"OXSM",2766
"ZNF610",3691
"FNDC8",1388
"DEFB126",826
"BTC",3113
"HRASLS2",742
"CRYGB",641
"NAE1",5095
"TMEM143",4834
"EPHX2",4758
"HES3",697
"ZMAT3",9646
"PCYOX1",7954
"BSPRY",2339
"KCNU1",3969
"HYAL3",3061
"NDUFA11",4962
"PDHX",3819
"THAP7",4384
"C8B",2798
"LY6G6C",1103
"PPAN",3008
"MTRF1L",4273
"SLC34A2",5045
"SERP2",2038
"REG3A",1583
"PATE3",1336
"CEACAM16",1693
"C9orf40",2327
"R3HDM4",3303
"IGFBP1",2313
"CCDC80",14415
"KIF14",7277
"SRBD1",5045
"THAP6",7249
"SHISA3",1971
"BARX1",1777
"CD9",4318
"TRMT112",1855
"LTB4R2",6281
"GRHPR",9626
"IRF7",3726
"RAB18",6223
"BPIFB4",2448
"SNRPB",1278
"ADAL",7294
"YRDC",1826
"LRRC55",5410
"MTPAP",9862
"KCNJ11",4079
"RIPK4",4033
"LRRC47",4765
"OXCT2",1826
"INPP5K",7100
"DUSP3",6674
"C11orf95",7144
"NRGN",1364
"C18orf63",5127
"RFPL4A",1035
"COLCA2",2059
"CEBPE",1554
"TCAF1",6825
"ZNF98",3552
"NCK1",4465
"MRPS10",2110
"GAB1",10119
"ITGB6",5108
"ZNF492",4245
"HIPK3",7992
"MAN1B1",8780
"XRN1",14957
"RCBTB2",3900
"ZFC3H1",11124
"NMS",485
"ZAP70",5662
"TBC1D30",9786
"KHDC1L",953
"MYO5B",10852
"SCGB1D2",480
"CD6",6313
"IBSP",1546
"PCDHA9",10075
"IGFL2",2480
"TMEM95",1224
"OXLD1",2307
"TSNARE1",4195
"RARS2",2655
"ERICH2",601
"ST3GAL3",21201
"TMX1",4499
"SFTPD",1387
"ZMYND12",2341
"NKX3-1",3956
"OR4K14",1245
"ZNF414",3227
"POGLUT1",7446
"IL22RA1",2798
"PELO",4349
"MYO9B",12243
"DUOX1",9882
"CDK12",15594
"FXYD3",3521
"RNF186",1250
"TPK1",8678
"TMPRSS11F",2088
"TEDC1",7637
"BTNL9",6223
"SULT4A1",2849
"FAM187A",3459
"PTCHD4",5177
"ZNF679",1567
"HARBI1",3032
"FAM19A3",1282
"SNX10",3518
"PIGL",6695
"UMAD1",4022
"MPL",2212
"GALNT5",7015
"HAP1",9192
"MTMR7",6021
"OSBPL9",10604
"C4orf45",1438
"FUZ",3179
"C9orf84",7169
"KLF2",2018
"PROB1",5122
"LZTS1",6362
"HAUS3",7888
"PTGDS",3039
"CISD1",2982
"PDE6D",2850
"SCAND1",2347
"TMEM92",3101
"SSH3",4487
"FCGRT",5506
"TMEM59L",2744
"TSPAN32",5157
"UGDH",4482
"KYNU",17822
"RCVRN",3416
"ALG1",5079
"PARP15",5586
"SLC22A3",3348
"FAM209A",1305
"PYGO2",4946
"KCNH3",4447
"SNRK",6981
"SLC9A4",4478
"EMILIN3",3796
"PRMT3",5725
"GGTLC1",1298
"RGS16",2427
"CD38",6855
"OTUD3",6767
"TPGS2",12215
"ZNF266",6236
"TTC21B",7649
"PEX11B",1838
"CPSF3",3938
"LYPD6B",3771
"GCNT1",9274
"RASL11A",1624
"TMEM52",2197
"GPT2",6714
"DSTN",3981
"NSMAF",6278
"RILP",2271
"ABCB1",6691
"TMEM159",2838
"ACSBG2",3614
"HSD17B14",1281
"RMDN2",6252
"TMEM9",4428
"CUL7",5628
"IQCK",5582
"LAX1",3198
"FXYD2",5800
"NAPG",5696
"KLRD1",17885
"MGST2",3182
"LIPJ",4854
"B3GNT3",2301
"USP13",8440
"SLC41A3",7235
"SEPT12",2210
"NINJ1",2648
"CLDN9",2050
"TIMELESS",6337
"DHODH",7004
"GPAA1",4458
"B3GNT6",2626
"FAM110D",2858
"TP53RK",5218
"ROGDI",5543
"TRMO",5860
"RAB19",997
"DCAF17",7659
"DBH",3776
"METTL24",1797
"TMEM258",3129
"SLC13A2",3621
"ANGEL1",6887
"GPR182",4501
"ARHGAP22",7144
"MAT2B",6799
"C17orf78",1919
"PIP5KL1",4786
"HIST1H2BJ",974
"XXYLT1",5409
"SLC11A1",10107
"PATE1",2507
"TLR1",5423
"HOXA1",4452
"GNG10",1491
"MIA",1671
"PRRT2",6058
"SLC7A9",2707
"SLC1A5",3562
"CFAP57",6220
"MAP9",9246
"TMEM217",3674
"HYKK",5707
"NT5C",2694
"QSER1",14297
"CYP27A1",3646
"PRAM1",4311
"TBC1D9B",14170
"MOCS3",5106
"NDUFAF5",7384
"KLHL35",5386
"HADHB",4280
"AES",6609
"TACSTD2",2351
"FAM172A",6075
"EXOSC8",4122
"CMKLR1",7080
"LYAR",2322
"ARL13B",4154
"IMMT",3986
"RXFP1",5684
"ZNF251",5248
"TESC",1926
"STK4",9075
"PSMB5",1878
"LYL1",3331
"SLC25A19",3707
"IGFBP4",2200
"KIAA1841",8066
"HHEX",2525
"THAP2",6627
"ERLEC1",2592
"CHST5",3620
"EOMES",6400
"SELENOS",4807
"AMIGO3",2862
"ARFGAP1",7939
"CBR4",5110
"SMIM17",1076
"HOXC8",1889
"SCML4",9705
"ABCB6",6802
"GLRX2",6210
"GALP",938
"PRKAB1",8591
"CCDC92",8649
"BST2",1205
"GZMA",894
"FGFR1OP2",6315
"LAMC3",7710
"LKAAEAR1",991
"TEN1",1672
"COA3",1922
"SPDYE2",2072
"CAV1",4126
"CCDC141",15626
"CCDC59",4368
"TEKT3",2922
"FAM71B",2515
"PSMG1",2758
"HACD2",5437
"AIDA",4549
"SNAI3",1732
"SPC24",3048
"KSR1",15778
"SOX15",1627
"GPR17",2671
"ARFIP1",4820
"PTRH2",6059
"SDR16C5",3918
"AIF1",1594
"HOOK2",7847
"AC008770.2",2219
"C5orf49",3011
"SLCO6A1",3286
"LIPI",1744
"RASAL1",5496
"CDKN3",1914
"ZNF879",3883
"NCR2",1219
"GNG8",216
"RECQL5",9501
"ZYG11A",5642
"RFC3",2874
"AMZ2",5847
"VAMP4",5744
"PCSK4",4755
"DDX42",10486
"NLN",11057
"SLC30A6",5410
"ACE",10112
"FAM129C",7372
"FNDC11",4640
"EVA1C",5237
"TSPAN16",1594
"NODAL",2033
"STK32A",11379
"RBP2",845
"C16orf74",2658
"PANK1",9116
"C5orf30",3568
"FAM84B",5559
"TENT5B",2368
"TMEM210",1246
"UTP18",3012
"ATF1",2852
"GTF2E1",3370
"GPR108",3927
"CMAS",2018
"FAR1",7631
"PRICKLE1",15284
"TGFBRAP1",6368
"REG4",3591
"RAB11FIP5",7384
"DAGLA",5757
"C10orf99",888
"NOL6",6235
"DIS3",13797
"DLG1",11268
"NLRP2",7137
"C16orf71",5266
"ZNF79",2302
"ADGRG1",9712
"AZI2",8896
"KLHL17",4024
"C22orf31",995
"UBTD2",3301
"HRASLS",1169
"RBP5",1369
"TMEM202",1082
"TRIM64C",1353
"TMEM241",5494
"AKR1D1",3093
"CNTD1",4076
"CNTROB",8120
"UGT1A7",4167
"PRR11",4277
"CRISPLD1",4719
"KRT8",8655
"C2orf76",1548
"LSR",4070
"C22orf46",5401
"MRPS23",6596
"PIGS",7813
"BUB1B-PAK6",3172
"DUSP19",5376
"TXLNB",5012
"SPERT",2206
"SUMF1",7786
"GPD1",4314
"CWF19L2",3838
"OR1E2",972
"KBTBD3",7499
"APOLD1",7243
"SSNA1",1383
"SPC25",1841
"IGLL1",904
"RAP1GAP",6325
"IFI27L1",2380
"SGCA",2485
"OR52A5",4039
"CENPT",7451
"ACOX2",4402
"IL4",818
"HSD3B1",2443
"AIM2",2009
"NXPH4",2150
"PDE3B",13861
"ZNF799",5124
"LRRC69",3256
"ACOT1",1713
"PCDH18",7841
"METTL22",8915
"OPN4",2456
"GZMK",1570
"LY96",607
"WDR61",8624
"CXCL17",1189
"SLC25A15",1837
"BCKDHA",3212
"SLC3A2",5747
"ZNF551",4709
"ODF3B",2808
"IFNL1",857
"AOC3",4715
"DDX11",11445
"CEP126",8191
"FAM167A",7245
"COG1",6615
"MROH7",11446
"CDHR4",4009
"ZNF764",3808
"MYF5",1542
"ULK3",4435
"C11orf88",3541
"NIF3L1",1985
"OLIG3",2049
"CCDC81",4844
"ZNF396",8180
"GMPR2",5286
"PCP4",1178
"TMEM150B",1920
"CNTRL",10124
"ANXA1",4684
"PCGF5",8360
"OTUD6B",3977
"CUTC",1806
"DAG1",7767
"ZBED8",2925
"FERMT1",6684
"WDR63",4048
"ZFP57",2351
"UBE2T",1829
"DIRAS2",5225
"RGS20",3231
"LAMC2",6795
"GRB2",5866
"TACR3",5190
"PRPF40B",10255
"ADAM19",7704
"POLR3G",4077
"C6orf201",4148
"ZNF839",6011
"GLTPD2",1023
"SHKBP1",4191
"TTC36",1009
"TMEM231",9283
"CTSW",1719
"CDC42BPG",6278
"SLC18A1",4289
"QTRT2",8054
"FMOD",3881
"DBX1",1380
"NDC80",3600
"NUDT2",1075
"KRTDAP",661
"CEP152",8553
"DTD2",4451
"KLRG1",2783
"NEURL2",1301
"SLAMF1",4303
"AADACL2",5071
"CEACAM18",1476
"KCNAB2",10194
"NDUFC2",3040
"MRPL42",16552
"PDCD5",2673
"TMEM128",1844
"CLEC5A",5528
"GOLGA8G",9151
"GRM8",6830
"SCYL1",5287
"GC",2556
"TEX29",930
"GPNMB",6269
"PEX5",5553
"XKR9",4046
"GNGT2",2624
"RTKN2",9827
"ECM2",5105
"POLE2",3031
"GJA4",1717
"RABL6",11278
"C6orf52",884
"NEDD9",11622
"SLC2A2",5050
"RNASEL",6125
"ELP4",27678
"HTR2B",2246
"SH3TC1",13670
"SLIT1",9731
"WDR27",13593
"GRXCR1",991
"KCNJ16",6340
"ECE2",5479
"TRMT44",7841
"MINAR2",2354
"CEACAM3",3783
"SULF2",8727
"BPI",2805
"CAVIN2",3229
"TRDMT1",13369
"ALDH1B1",3155
"SLC22A24",2661
"DHRS1",5236
"ZNF717",7825
"CENPU",3032
"EPSTI1",5269
"NAT10",5339
"YARS2",2440
"PC",6690
"STAC",4961
"GOLGA8Q",2137
"SERTAD3",2842
"SLC46A1",12336
"JPH2",5943
"FAM219B",10130
"MYZAP",2561
"ATP5MF",2605
"PABPC3",3387
"ASIP",778
"STPG3",1746
"KLHDC7B",8280
"SPTBN5",12338
"C5orf52",686
"PLXNB1",11420
"S100A7L2",339
"KRTAP4-12",1077
"AUNIP",3233
"CRB2",6349
"ST6GAL2",8173
"POLL",6285
"SLC31A1",5127
"CCDC122",5424
"AGAP5",4930
"AL669918.1",2705
"TMEM129",5736
"FAM13C",6868
"HACL1",3585
"DCD",876
"PRMT7",10564
"SLFN11",8241
"FSHR",4673
"SLC25A26",5850
"MYO3B",8236
"NUDT13",2676
"PLD1",15616
"MAP3K19",6073
"POLR2E",7189
"OR1K1",951
"IFT22",5520
"ATP13A5",6389
"C12orf50",6048
"ATG4D",3173
"PARP11",6854
"CHRNA1",4855
"SLC35B2",2363
"SLF2",9311
"PLA2G5",2779
"NEDD4L",18104
"EXO5",3590
"FBXL5",5448
"ACP2",5256
"RDH14",2274
"CLU",7830
"C11orf71",2632
"GALNT12",3204
"TCN1",1586
"KLK5",2094
"SIVA1",5916
"RAB20",1518
"C1orf100",1151
"TMEM104",6532
"TFB2M",1848
"TPGS1",3642
"LIPA",4910
"FAM221A",7630
"LTN1",9295
"ZNF100",9920
"DAPP1",4636
"RHBDF2",7872
"CASD1",5364
"LSM4",3862
"VAC14",8478
"CTNS",4427
"IVNS1ABP",8075
"CNTF",1894
"UBE2Q1",4313
"B3GALNT1",6690
"ECHDC1",7246
"MMADHC",2191
"CSPP1",7096
"CYP2C8",2734
"BLVRB",1944
"SYF2",3945
"TEX35",4661
"WDCP",4387
"AKR7L",3459
"RPS19BP1",4400
"CYP2A7",2583
"GPR161",12262
"CXCL9",2740
"NPM3",928
"GLDC",9879
"NAALADL2",13592
"HGH1",2953
"DEFB127",514
"ACTL7A",1494
"GJD3",885
"MS4A5",897
"ALDOB",4401
"TRAPPC2L",6769
"MKNK1",9640
"CUBN",13270
"ALX3",1880
"BCHE",3082
"ZNF562",15989
"CCR5",4742
"WDYHV1",4930
"KRT5",5434
"COX6A1",1628
"LRRC70",3337
"TBCC",1616
"TMEM88",1166
"COL17A1",7225
"EMP2",9100
"TMEM63A",10830
"B3GLCT",4566
"PSTPIP1",4817
"SDHAF3",2303
"ANO10",6442
"C19orf53",1230
"SYT2",7774
"VIPR1",7894
"YEATS4",1714
"AK1",3140
"PYURF",1361
"RGS9BP",2894
"STAT6",9340
"MAP3K7CL",4799
"EFCAB14",7001
"SAA1",796
"RHD",3461
"COASY",5779
"ESR2",10113
"SDF2",4350
"SPATA24",1204
"CERS5",8836
"DDAH2",2962
"GYPE",2004
"GPX2",1921
"SLC25A52",1319
"CABLES2",3883
"MRPL10",3998
"NUTM2F",2678
"NRSN2",3734
"LRRC6",3172
"FAM117A",4608
"ARL9",2807
"ADGRE2",9760
"ACOT4",2362
"INHBE",3106
"SLC13A3",8672
"GATC",4595
"FZR1",6028
"MT1F",2343
"SLC7A14",10459
"EIF5A2",5877
"R3HCC1L",3571
"LAMB4",7016
"CAPN14",4041
"KIR2DL3",1590
"MRRF",11260
"C12orf54",1886
"DUSP2",1932
"ZCCHC17",1921
"TRAPPC3L",3348
"CLBA1",5874
"LRRC74B",6014
"TTC9",5217
"TTC9B",2770
"MRPL1",1993
"PCP2",799
"C5orf58",3268
"CIAO3",13058
"TRAPPC9",10896
"TRNT1",5625
"QSOX2",4530
"MRM2",4643
"TRPV5",3686
"CDON",14681
"HP",5983
"TEX26",1660
"TMEM69",2519
"PKIB",3543
"NOTCH3",9664
"NLRP7",3914
"SPDYE4",1063
"CLIP4",7869
"PRR27",5377
"GKN1",1149
"C16orf86",2693
"CD1E",2203
"IGFL3",662
"ATP5MC1",3215
"RABIF",2430
"CFAP126",774
"ALKBH1",4150
"DAO",4858
"ZNF774",8608
"ARMH4",8891
"GSTO1",1691
"NMU",975
"LSP1",5630
"CD46",11031
"FAM131C",2140
"MDN1",19535
"CEACAM5",4165
"PCDH12",6927
"C18orf54",6550
"GZMB",1672
"GLIPR1",6743
"AGXT",4644
"SCLT1",8486
"FAM83B",3167
"FIBCD1",4479
"TXNDC11",4385
"PCID2",6495
"NAT1",4349
"GPA33",3200
"ORC6",4580
"ASCL3",633
"F13B",2900
"DUSP28",4594
"MOK",13231
"KLF17",3294
"TRPV1",5970
"MDP1",2108
"HLA-B",3914
"ZNF737",4378
"BCL2A1",1089
"SLCO5A1",12435
"NANOS2",1657
"CCL28",6064
"RHBDF1",5724
"FFAR1",2311
"FAM71F2",6614
"SYNE3",18964
"ZNF322",7750
"JDP2",6279
"ATP6AP1L",7298
"SLC25A46",8361
"METTL7A",5069
"EEF1E1",2364
"HTR1A",2331
"WDR62",10362
"RARRES2",3212
"PLPP1",2016
"TREML2",3302
"APPL2",5758
"CCDC155",5638
"HTN1",4147
"SETD6",5852
"ACER1",1445
"SH3RF2",7232
"CTNNA1",8916
"PARVB",7403
"GNPDA1",4177
"KDM1A",6407
"MIPEP",3674
"CDRT1",5013
"CSMD2",18607
"GRPEL2",4419
"TMEM156",2562
"MKKS",7457
"RIN2",8273
"B3GALT1",5094
"CRYBA1",794
"CNDP1",8236
"DEXI",7919
"BFSP2",2181
"SARS2",4161
"ABTB1",7838
"PPP1R3A",5782
"SNTN",4651
"IER3",1596
"LRRC45",4113
"PTF1A",1787
"KLHL18",7064
"C1orf194",1283
"FTCDNL1",2759
"SPATS2",7542
"NUDT14",1916
"ODF3L1",1196
"C6orf89",7340
"ADGRD2",5947
"LTA",1876
"FAM135A",13406
"S100A13",2560
"DYM",7800
"UCN3",1200
"FITM2",4597
"APOL1",3714
"MYH15",7694
"RD3",4266
"TEKT1",4421
"PLSCR5",2280
"EXO1",4140
"LLPH",8705
"CDKN2AIPNL",1757
"DSN1",2788
"SPATA16",2106
"NIPSNAP3B",2178
"ADAMTSL4",6609
"APOPT1",4245
"DYNAP",2137
"ZNF302",5032
"TMEM139",2665
"MEP1A",3074
"C5orf15",2422
"SELENOO",2618
"TMPRSS4",10439
"MAN2B2",10434
"COX6C",3195
"SIRPG",2352
"CUTA",3069
"HOXD12",1346
"HTR6",1984
"SLC35F1",4855
"ACADS",2760
"RIN3",10037
"KIAA1614",10781
"TMEM222",6494
"NLRC4",3624
"FRRS1L",16729
"METTL27",1557
"UHRF1BP1L",6616
"GDPGP1",5920
"ITGAL",7164
"CRISP1",2584
"SLAIN2",6746
"RORC",7528
"AURKA",3037
"ZKSCAN1",10319
"PLEKHA7",12948
"RUFY1",5989
"AKAP8",4296
"TACR1",5505
"MYOF",8473
"RPL18",8176
"C9orf152",2947
"MROH5",4764
"DARS2",8496
"DDO",2130
"ABHD11",2886
"TCAP",2642
"AC026464.6",887
"RFPL1",1496
"MRPS11",6252
"KIR3DL3",1691
"RGPD8",7063
"TVP23B",5952
"TRMT10C",1888
"ANXA13",4124
"CCDC96",2091
"AKNAD1",5564
"CDC42EP3",11724
"C21orf91",7875
"LILRB1",5501
"PRSS3",1915
"ASRGL1",4898
"HBM",916
"MCOLN3",8351
"FANCG",4305
"PKD1L2",19364
"AOAH",3510
"PFKFB4",6395
"UGT2B28",1833
"KBTBD12",5981
"CAPN2",9304
"CRISP2",1518
"TLCD2",5971
"C19orf25",9554
"OR52W1",1114
"TTC33",8739
"PRB1",1664
"CPSF4L",1528
"UCMA",829
"QDPR",3628
"APH1B",5617
"AADACL3",4049
"ACY1",9184
"PPP2R3A",7837
"REN",1734
"CKM",1657
"PPP1R1C",4887
"ZSCAN9",3792
"PTGR2",8404
"SGK494",6003
"THAP3",4521
"PPY",1195
"UGT2B11",2560
"PUS10",8499
"OIP5",1236
"RTBDN",3535
"MRPL52",3352
"CATSPER3",1581
"BBS2",10627
"A3GALT2",1023
"SERPIND1",2553
"PPDPFL",2510
"CCDC14",17765
"INKA2",7549
"PCDHB13",5061
"MYADML2",2452
"CPLX4",3545
"PNMT",1672
"SHARPIN",3529
"NDUFB8",2529
"SGCG",1624
"MUC19",30038
"ACOXL",5747
"GAST",470
"CLGN",3127
"ZNF222",2119
"CLC",635
"MRPL35",4353
"GDF3",1239
"SLFNL1",4594
"TGDS",2649
"DOK2",2528
"LGALS7",795
"TMOD4",2111
"AIFM2",5521
"TRIM73",5871
"TAAR6",1038
"CCL2",2611
"CNIH4",5609
"CYP2W1",4062
"SELENOK",2165
"ACAT1",5683
"FASTK",6454
"SPESP1",1588
"MTNR1A",1289
"RAD9A",4663
"SLC7A8",7441
"PROM1",7635
"TMEM106A",3640
"EMILIN2",6435
"GAL",1464
"ZNF75A",9606
"CNPPD1",2881
"SEZ6L",7338
"CCL11",1079
"ZNF416",2561
"ASAP3",5583
"IQGAP2",7904
"TSSC4",3283
"LRRC34",6243
"SPDYE3",4594
"UACA",12645
"MCM7",5128
"CX3CR1",4491
"KCNK18",1155
"FAM228B",7669
"VAMP5",819
"ZBP1",6598
"SEC14L6",3856
"CCDC38",5331
"ZNF461",6943
"CD55",6371
"CLRN1",4425
"ATOX1",5781
"TEDDM1",2500
"NEFH",3783
"SLC7A13",2501
"FBXW9",2397
"WBP4",2623
"MMEL1",3870
"STRIP2",5876
"BOK",2711
"NIT2",9339
"FSCN3",3214
"CDC42EP1",2573
"CALML6",2934
"SMPD1",4053
"COMMD8",1766
"ROM1",2495
"SEMG1",1662
"SLC5A5",3723
"TMC8",5620
"GGA3",10707
"RWDD3",1982
"CNRIP1",3934
"CDR2",4462
"CEND1",2037
"IGSF23",1347
"ZNF254",7959
"IFI27",4230
"OR52D1",1065
"IFI16",5517
"SMR3B",1518
"BPIFA3",2566
"TREML4",2712
"LARGE2",3539
"LACRT",1023
"APOA5",1938
"MSR1",9071
"C11orf94",972
"PSORS1C2",1150
"CYB5RL",13556
"NPIPB2",3014
"KCNK6",6199
"C16orf96",3823
"CEBPZOS",5443
"OR6N1",3753
"OR5C1",963
"ART5",2475
"MITD1",5374
"MRPS33",6177
"CDCA2",4079
"MGST1",8153
"FAM228A",2369
"AGL",8434
"RNASE9",2857
"COL28A1",7072
"MRPS35",1979
"CDK5RAP3",8161
"NDUFAF7",4465
"RESP18",1140
"KRTAP17-1",779
"CCL8",1261
"GNRH1",1793
"TIGIT",6091
"IMPDH1",4010
"OSBP2",7008
"MARK1",5417
"ROPN1L",2163
"SUN3",1885
"KANK3",3594
"ARHGAP19",7257
"MAJIN",2301
"OR5J2",939
"MPV17L",6562
"USP45",11985
"PCBD2",7171
"SKA2",3148
"PKP2",7830
"HSD17B8",1389
"TMEM176B",1979
"OR2F1",8839
"UGT1A10",3157
"CPO",1209
"CIB2",2146
"LGALS16",679
"ZNF714",8132
"CYP3A43",2870
"ASB13",3138
"TMIGD3",2609
"KCTD6",3772
"OR5H6",1197
"ABCA13",19719
"UPK1B",2266
"C22orf39",6943
"NIM1K",3619
"CAPN5",6903
"CD83",2515
"OGFOD2",6718
"UNC5C",10727
"ESYT1",5800
"ZDHHC13",8015
"SCARB1",9467
"FMNL3",15201
"SNX31",3574
"ART4",6142
"PRRC2C",14751
"THRA",7153
"POLD4",5076
"TM4SF1",3849
"GCA",4076
"PTCRA",1168
"CDC73",10695
"CCDC146",4457
"OR5H1",5999
"TMPRSS7",3050
"TOGARAM2",20291
"PRR34",4258
"OR11H1",981
"ATP5IF1",2563
"C4orf46",4624
"CLCNKA",3482
"FRAT2",2213
"MRI1",3503
"C1orf68",949
"TBC1D26",7269
"HMGXB3",6397
"CCDC3",3683
"OTOS",645
"TNFRSF6B",1141
"CABP5",1532
"WIF1",2416
"VILL",8905
"MIF",1603
"ADPRM",1674
"KCTD14",2595
"TRIM6",4743
"UCK1",2688
"INSL5",715
"ROS1",7856
"PUS3",2010
"DEPDC7",3444
"ZNF728",2669
"RPUSD3",8783
"TRMT11",5771
"RNASE1",2254
"PEAK3",2574
"AIRE",5204
"DRICH1",1302
"VWDE",6850
"POLN",8373
"CDRT4",3714
"REC114",927
"COX16",2413
"B4GALT7",5882
"IFITM1",1633
"SPO11",1867
"ALDH9A1",3678
"AC135068.1",1084
"HIST1H2AG",2250
"TNFAIP8L3",2371
"CDT1",3336
"GDPD5",11399
"MRAP",1346
"RFXANK",2752
"SLC27A6",5115
"TNP2",2412
"DUT",4251
"KIR3DL1",1871
"PXDC1",2474
"AACSP1",3380
"AADAC",1668
"AADACL4",1575
"AARSD1",4996
"ABCA11P",3991
"ABCA17P",6616
"ABCA4",8665
"ABCA5",14201
"ABCA6",15309
"ABCA9",11004
"ABCC13",11177
"ABCC6P1",3431
"ABCC6P2",1260
"ABCD1P2",1601
"ABCD1P4",604
"ABCD1P5",754
"ABCF2",2185
"ABHD1",4866
"ABHD10",3021
"ABHD12",3694
"ABHD12B",4815
"ABHD13",5338
"ABHD14A-ACY1",9972
"ABHD18",6707
"ABI3BP",11281
"ABO",8731
"ABRA",2755
"ABRAXAS1",11457
"AC000041.1",175
"AC000095.1",874
"AC000120.2",4067
"AC002428.1",771
"AC002472.4",272
"AC002486.2",590
"AC002519.1",2792
"AC003002.2",521
"AC004080.3",765
"AC004129.2",287
"AC004147.2",3753
"AC004233.2",2062
"AC004381.2",1329
"AC004551.1",575
"AC004593.3",5239
"AC004706.1",879
"AC004754.1",2242
"AC004801.4",3112
"AC004837.3",565
"AC004890.2",4587
"AC004899.1",1714
"AC004922.1",2705
"AC004951.3",1148
"AC004967.1",447
"AC004980.1",3110
"AC005008.2",942
"AC005154.5",687
"AC005165.1",3152
"AC005301.1",875
"AC005551.1",493
"AC005632.1",576
"AC005670.2",1876
"AC005697.1",582
"AC005702.1",481
"AC005726.1",3388
"AC005758.1",625
"AC005775.1",850
"AC005863.1",2998
"AC005865.1",3541
"AC006001.3",12596
"AC006059.2",5753
"AC006262.4",286
"AC006288.1",1463
"AC006305.1",3193
"AC006372.4",1543
"AC006378.1",636
"AC006445.1",405
"AC006453.4",619
"AC006504.5",5770
"AC006509.2",395
"AC006511.2",660
"AC006518.7",603
"AC006538.2",543
"AC006557.2",1240
"AC007000.3",617
"AC007040.2",4451
"AC007218.1",660
"AC007225.1",1836
"AC007238.1",1741
"AC007249.1",494
"AC007318.1",881
"AC007319.1",1472
"AC007342.3",4600
"AC007389.1",3761
"AC007391.1",504
"AC007405.3",967
"AC007536.1",349
"AC007557.3",3135
"AC007663.1",1240
"AC007792.1",402
"AC007846.2",759
"AC007906.2",1983
"AC007907.1",451
"AC007952.2",3491
"AC007993.3",832
"AC007998.2",455
"AC008060.1",1551
"AC008069.1",950
"AC008080.1",1058
"AC008132.1",9285
"AC008267.2",981
"AC008267.3",712
"AC008397.1",1292
"AC008443.3",549
"AC008543.1",3383
"AC008554.1",811
"AC008555.2",6828
"AC008592.4",450
"AC008619.1",567
"AC008676.3",4266
"AC008687.4",1850
"AC008694.1",1040
"AC008740.1",255
"AC008752.3",712
"AC008758.1",4505
"AC008758.4",2593
"AC008759.1",983
"AC008763.3",777
"AC008805.1",364
"AC008840.1",909
"AC008878.1",634
"AC008878.3",4964
"AC009041.3",879
"AC009053.1",4372
"AC009055.1",781
"AC009086.1",309
"AC009093.3",2180
"AC009094.1",426
"AC009102.2",1639
"AC009119.2",3055
"AC009126.1",2536
"AC009139.2",566
"AC009264.1",6913
"AC009403.2",7577
"AC009518.2",731
"AC009533.1",3158
"AC009686.1",364
"AC010136.1",568
"AC010186.1",532
"AC010186.3",2508
"AC010198.2",20359
"AC010203.1",1771
"AC010255.3",3209
"AC010325.1",832
"AC010329.2",2737
"AC010468.3",458
"AC010487.3",1966
"AC010522.1",1299
"AC010542.3",843
"AC010547.2",409
"AC010624.2",575
"AC010894.3",3701
"AC011005.1",1263
"AC011195.2",1486
"AC011294.1",3398
"AC011330.1",3235
"AC011410.1",705
"AC011431.1",230
"AC011447.1",441
"AC011447.2",283
"AC011447.3",3923
"AC011448.1",1846
"AC011467.1",3355
"AC011475.1",965
"AC011479.1",609
"AC011487.2",2163
"AC011499.1",581
"AC011503.1",2233
"AC011525.1",5676
"AC011530.1",911
"AC011773.3",1256
"AC011921.1",718
"AC012065.1",686
"AC012236.1",2119
"AC012464.1",540
"AC012476.1",2177
"AC012485.1",3890
"AC012560.1",1370
"AC012618.3",3140
"AC013271.1",4426
"AC013470.2",3841
"AC013717.1",3333
"AC015688.3",942
"AC015802.6",5654
"AC015818.1",244
"AC015909.4",578
"AC015910.1",1294
"AC016205.1",3945
"AC016304.1",413
"AC016582.2",1540
"AC016582.3",7227
"AC016700.1",312
"AC016705.2",7251
"AC016722.1",652
"AC016747.4",1383
"AC017002.5",871
"AC017007.5",874
"AC017083.3",2306
"AC018462.1",1836
"AC018630.2",1620
"AC018688.1",1754
"AC018695.1",664
"AC018709.1",700
"AC018755.3",1507
"AC018816.1",1251
"AC018892.1",265
"AC019068.1",1320
"AC019178.1",440
"AC019294.1",2112
"AC019294.3",2905
"AC020633.1",2247
"AC020637.1",1729
"AC020907.6",1781
"AC021066.2",685
"AC021072.1",835
"AC021097.2",463
"AC021146.1",716
"AC021146.10",706
"AC021218.1",2536
"AC021660.3",592
"AC021723.1",515
"AC022150.4",2848
"AC022167.5",1756
"AC022182.2",859
"AC022217.2",472
"AC022335.1",855
"AC022336.2",2538
"AC022364.1",3148
"AC022390.1",434
"AC022400.3",3810
"AC022414.1",3397
"AC022506.1",105
"AC022509.2",699
"AC022517.1",346
"AC022748.2",2668
"AC022826.2",776
"AC022905.1",3048
"AC023424.2",777
"AC023469.1",469
"AC023590.1",3041
"AC023794.1",403
"AC024405.1",1042
"AC024592.3",2316
"AC024651.2",2098
"AC024940.1",7660
"AC025048.4",699
"AC025048.6",1161
"AC025165.3",679
"AC025252.2",502
"AC025262.1",589
"AC025278.1",515
"AC025278.3",796
"AC025279.2",653
"AC025287.4",1240
"AC025445.1",300
"AC025470.2",897
"AC025574.1",1653
"AC025575.2",565
"AC025580.2",3926
"AC025588.1",2072
"AC025884.3",343
"AC026271.4",130
"AC026310.2",728
"AC026316.5",1545
"AC026410.1",1101
"AC026412.1",5009
"AC026458.2",531
"AC026461.4",261
"AC026746.1",3473
"AC026784.1",352
"AC026786.1",1374
"AC027369.5",755
"AC027559.1",1072
"AC027612.2",1532
"AC027807.1",996
"AC034198.1",202
"AC034244.2",858
"AC037459.1",1198
"AC048334.1",159
"AC053481.2",1500
"AC053481.3",843
"AC055736.1",629
"AC055872.1",278
"AC055876.1",965
"AC058822.1",2550
"AC061975.1",2736
"AC061975.6",1553
"AC062028.1",2908
"AC063924.1",673
"AC063977.6",1763
"AC064805.2",523
"AC064862.3",571
"AC067752.1",3965
"AC068134.3",788
"AC068446.3",382
"AC068473.1",1111
"AC068481.1",1593
"AC068533.2",306
"AC068538.1",336
"AC068580.4",5085
"AC068587.7",219
"AC068631.2",501
"AC068633.1",1069
"AC068643.2",1253
"AC068775.1",998
"AC068790.8",504
"AC068831.2",109
"AC068987.5",987
"AC069240.1",375
"AC069287.3",589
"AC072022.1",717
"AC073111.3",635
"AC073111.5",4505
"AC073136.1",2884
"AC073254.1",3762
"AC073310.1",1033
"AC073316.1",2090
"AC073343.1",651
"AC073348.1",331
"AC073349.1",1062
"AC073349.3",186
"AC073530.1",1093
"AC073610.3",939
"AC073648.1",930
"AC073869.1",3914
"AC073869.2",1026
"AC073896.1",1053
"AC074043.1",1776
"AC074051.5",943
"AC074085.2",428
"AC074135.1",1144
"AC074386.1",2450
"AC078880.2",843
"AC078881.1",2161
"AC078899.1",1185
"AC078899.3",212
"AC078899.4",1113
"AC078899.5",178
"AC078962.2",712
"AC079174.2",2028
"AC079298.2",459
"AC079298.3",1376
"AC079385.1",890
"AC079395.2",737
"AC079610.1",1727
"AC079612.1",3700
"AC079776.1",1152
"AC079781.5",4709
"AC079804.1",436
"AC079848.1",645
"AC079921.1",946
"AC083800.1",246
"AC083864.1",1497
"AC083899.1",3795
"AC083982.1",344
"AC084121.13",1395
"AC084121.9",1395
"AC084357.2",275
"AC084879.1",3273
"AC084880.2",501
"AC087482.1",3535
"AC087491.1",616
"AC087498.1",945
"AC087499.2",1500
"AC087521.3",2397
"AC087575.1",229
"AC090099.1",3839
"AC090099.4",1027
"AC090114.3",829
"AC090150.2",815
"AC090151.1",730
"AC090155.1",407
"AC090192.2",553
"AC090377.1",1762
"AC090458.1",1091
"AC090517.4",5049
"AC090527.2",1060
"AC090541.1",467
"AC090568.1",856
"AC090615.1",154
"AC090616.1",447
"AC090616.2",507
"AC090616.3",299
"AC090673.2",454
"AC090825.1",1802
"AC090971.3",1041
"AC091045.1",2321
"AC091057.6",2297
"AC091076.1",619
"AC091163.2",460
"AC091167.6",518
"AC091304.1",3100
"AC091390.1",331
"AC091685.1",448
"AC091812.1",1948
"AC091820.2",523
"AC091874.1",339
"AC091948.1",3201
"AC091951.1",2465
"AC091951.2",246
"AC091959.3",3311
"AC092070.2",4052
"AC092071.1",549
"AC092111.3",496
"AC092118.1",2114
"AC092143.1",2776
"AC092175.1",200
"AC092378.1",2665
"AC092422.1",584
"AC092442.1",138
"AC092574.2",753
"AC092587.1",669
"AC092634.1",199
"AC092647.5",1732
"AC092651.1",312
"AC092656.1",3166
"AC092675.1",1164
"AC092687.1",389
"AC092718.3",3177
"AC092718.8",3199
"AC092747.1",615
"AC092747.2",983
"AC092821.2",2042
"AC092835.1",2304
"AC092978.1",1327
"AC093162.2",704
"AC093323.1",5358
"AC093330.1",2507
"AC093512.2",3675
"AC093616.1",2070
"AC093668.1",911
"AC093668.2",3569
"AC093668.3",1005
"AC093720.1",714
"AC093724.1",1027
"AC093752.1",5826
"AC093752.2",573
"AC093802.1",3238
"AC093826.1",993
"AC093827.5",2497
"AC093829.1",1618
"AC093909.3",336
"AC095038.1",1591
"AC096677.3",387
"AC096736.2",175
"AC096888.1",565
"AC097374.1",7136
"AC097374.2",1306
"AC097518.1",421
"AC098583.2",372
"AC098591.1",2550
"AC098650.1",3535
"AC098824.1",980
"AC098934.1",2958
"AC098976.1",541
"AC099522.1",881
"AC099552.1",744
"AC099654.2",1980
"AC099782.2",716
"AC100756.3",1816
"AC100826.1",890
"AC100827.2",1194
"AC100858.1",1228
"AC102945.2",1422
"AC103563.3",354
"AC103564.2",1299
"AC103796.1",358
"AC103810.4",257
"AC103993.1",1959
"AC103996.1",102
"AC104211.1",1013
"AC104472.1",1585
"AC104667.1",2057
"AC104758.1",876
"AC104758.2",483
"AC104758.3",3303
"AC104843.1",319
"AC105277.1",2609
"AC105460.2",927
"AC105942.1",1012
"AC106038.2",568
"AC106707.1",1835
"AC106774.4",445
"AC106795.1",3852
"AC106795.2",1430
"AC107023.1",356
"AC107401.1",685
"AC107918.4",3141
"AC107926.1",621
"AC107959.5",581
"AC107976.1",475
"AC107990.1",489
"AC108073.1",674
"AC108078.3",489
"AC108103.1",446
"AC108488.2",421
"AC108729.3",108
"AC108751.3",1020
"AC109361.1",3526
"AC109466.1",6466
"AC109588.1",1304
"AC109635.1",490
"AC109635.2",724
"AC109635.3",185
"AC109635.5",962
"AC109780.1",1344
"AC110023.1",457
"AC110079.1",4422
"AC110285.1",2282
"AC110285.2",1565
"AC110998.1",2053
"AC111152.2",485
"AC111188.1",2009
"AC111200.1",657
"AC112198.3",441
"AC112484.1",1456
"AC112693.2",232
"AC112693.3",1983
"AC112715.1",350
"AC112721.1",588
"AC113174.1",105
"AC113385.3",747
"AC113607.1",589
"AC114490.3",3163
"AC114741.1",464
"AC114755.5",831
"AC114786.1",1415
"AC115220.1",1453
"AC115837.2",677
"AC116366.3",9166
"AC116655.1",901
"AC116903.1",539
"AC117392.1",596
"AC117402.1",1601
"AC118470.1",453
"AC118758.3",27377
"AC118942.1",1286
"AC119396.1",1558
"AC119674.2",2826
"AC119676.1",81
"AC120036.1",1474
"AC121161.1",652
"AC122108.1",424
"AC122719.2",420
"AC123788.1",783
"AC123912.1",447
"AC123912.3",1367
"AC124067.2",510
"AC124067.3",847
"AC124276.2",550
"AC125421.1",1140
"AC126177.6",1009
"AC126323.1",3896
"AC126474.2",1750
"AC126603.1",2512
"AC126755.1",7050
"AC127024.2",1155
"AC129510.1",555
"AC131055.2",248
"AC131097.2",674
"AC131280.1",6340
"AC132008.2",3502
"AC132807.2",339
"AC133065.1",742
"AC133561.1",2415
"AC133785.1",3412
"AC134312.1",3616
"AC134684.8",1395
"AC134684.9",1395
"AC135068.2",353
"AC135068.3",1125
"AC135782.1",2154
"AC136428.1",349
"AC136428.4",1155
"AC136604.1",951
"AC136628.2",1142
"AC136632.1",591
"AC136759.1",2366
"AC136777.1",369
"AC136777.2",358
"AC137767.1",2672
"AC137800.2",120
"AC138207.6",2585
"AC138207.8",2197
"AC138466.5",808
"AC138647.1",660
"AC138649.4",287
"AC138811.2",764
"AC138932.1",6830
"AC138969.2",9932
"AC139453.2",369
"AC139491.1",1516
"AC139491.2",4206
"AC139493.2",2605
"AC139530.2",1922
"AC139769.1",3242
"AC139795.1",2230
"AC140125.2",1517
"AC141273.1",642
"AC141557.1",400
"AC142086.6",1765
"AC142381.1",345
"AC142381.3",2296
"AC142381.4",715
"AC142384.1",1549
"AC144573.1",1565
"AC145350.2",1506
"AC147055.1",750
"AC187653.1",1232
"AC215522.2",1556
"AC226119.2",530
"AC233723.1",651
"AC239798.2",3540
"AC239800.2",2675
"AC239859.1",2594
"AC239860.1",1270
"AC241584.2",2090
"AC241952.1",9533
"AC242426.1",960
"AC242426.2",1027
"AC243725.1",436
"AC244033.1",870
"AC244100.1",407
"AC244154.1",1688
"AC244258.1",3018
"AC244394.1",1665
"AC244517.10",548
"AC245033.1",2211
"AC245036.4",319
"AC245100.2",1679
"AC245128.1",1294
"AC245128.2",284
"AC245297.1",933
"AC245748.1",561
"AC245884.5",170
"AC253536.7",805
"ACACB",14816
"ACAP2",11148
"ACBD6",7606
"ACBD7",1615
"ACCSL",1867
"ACD",5654
"ACE3P",1973
"ACKR1",2374
"ACKR2",5575
"ACO1",7555
"ACOT13",4394
"ACOT2",2999
"ACP5",3129
"ACRBP",3242
"ACSF3",15747
"ACSL5",4389
"ACSM2B",10343
"ACSM4",2477
"ACSM5P1",2438
"ACTL10",2028
"ACTL6B",2573
"ACTR10",4289
"ACTR1A",4918
"ACTRT2",1421
"ACTRT3",2005
"ACY3",1300
"ADA2",9865
"ADAM11",4852
"ADAM15",7326
"ADAM2",2939
"ADAM20",2795
"ADAM21",2658
"ADAM21P1",4219
"ADAM3A",3065
"ADAMTS17",9799
"ADAMTS20",7591
"ADAMTS7P1",4875
"ADAMTS7P3",3758
"ADAMTS7P4",5516
"ADAMTSL5",4363
"ADAP2",4119
"ADAT1",5068
"ADAT3",2237
"ADCK1",5467
"ADCY10P1",5939
"ADCY7",9236
"ADCYAP1R1",6832
"ADGRA1",6539
"ADGRA1-AS1",5766
"ADGRE3",3073
"ADGRE4P",3365
"ADGRF2",6395
"ADGRF3",6101
"ADGRF5",6706
"ADGRG3",3430
"ADGRG5",6053
"ADGRL3",14093
"ADGRV1",34199
"ADH1A",2485
"ADH4",2459
"ADH7",3275
"ADHFE1",3722
"ADI1",6193
"ADIG",1033
"ADIRF",998
"ADM",4929
"ADORA3",2933
"ADRA2B",3371
"ADSSL1",6359
"AEN",6219
"AF038458.2",600
"AF121898.1",2910
"AF186192.2",1680
"AFG1L",9275
"AFG3L1P",10044
"AFTPH",8309
"AGAP10P",2418
"AGAP11",3078
"AGAP12P",2400
"AGAP13P",363
"AGAP14P",2060
"AGAP4",4869
"AGAP9",2387
"AGFG2",5564
"AGGF1",5572
"AGR3",1224
"AGTRAP",2729
"AHNAK2",20348
"AHSA2P",12771
"AHSP",562
"AK3",7477
"AK6",2917
"AKAP11",9920
"AKAP2",8231
"AKAP7",5528
"AKR1C4",2017
"AKR1C5P",609
"AKR1C7P",895
"AKR1C8P",2418
"AKR1E2",2527
"AL008638.2",2383
"AL021368.4",675
"AL021997.3",557
"AL022068.1",6480
"AL022312.1",213
"AL022313.1",444
"AL022315.1",498
"AL022324.1",663
"AL022345.2",135
"AL031056.1",3016
"AL031119.1",1879
"AL031590.1",4521
"AL031663.3",1794
"AL031686.1",5589
"AL031777.3",2867
"AL031848.2",837
"AL033381.1",3435
"AL033384.1",3506
"AL033504.1",1267
"AL033530.1",2834
"AL034417.3",1043
"AL034430.1",882
"AL035078.4",1298
"AL035460.1",1866
"AL035696.1",2571
"AL049747.1",852
"AL079307.1",5982
"AL080250.1",1519
"AL096870.1",930
"AL109809.1",1564
"AL117339.1",1534
"AL117339.2",180
"AL117339.4",7063
"AL121603.1",142
"AL121758.1",2714
"AL121760.1",346
"AL121827.1",3589
"AL121845.3",3301
"AL121890.4",609
"AL121899.1",546
"AL121936.2",662
"AL121949.1",968
"AL132671.2",930
"AL132712.1",582
"AL133216.2",7291
"AL133264.1",562
"AL133268.3",577
"AL133304.3",477
"AL133373.2",2828
"AL133467.3",3672
"AL133481.3",333
"AL135903.1",1590
"AL135905.2",5088
"AL135929.1",552
"AL135929.2",505
"AL136295.1",2740
"AL136295.3",850
"AL136366.1",1054
"AL136369.1",244
"AL136373.1",1633
"AL136419.1",1382
"AL136439.1",862
"AL136454.1",522
"AL136981.1",4896
"AL137058.1",4525
"AL137145.1",2447
"AL137145.2",3086
"AL137230.2",452
"AL137782.1",4178
"AL137804.1",576
"AL138694.1",3376
"AL138759.1",645
"AL138999.2",1312
"AL139010.1",2140
"AL139011.2",3202
"AL139039.3",1475
"AL139220.2",9493
"AL139260.3",4667
"AL139300.1",2505
"AL139327.1",348
"AL139327.3",379
"AL139353.1",4516
"AL139383.1",1535
"AL139384.1",3047
"AL157392.5",2202
"AL157791.1",1699
"AL158032.2",195
"AL158066.1",3796
"AL160272.2",1903
"AL160314.3",767
"AL161729.4",476
"AL161757.5",734
"AL161932.2",679
"AL162231.1",2113
"AL162411.1",526
"AL162417.1",3705
"AL162431.2",2424
"AL163195.3",2624
"AL163540.1",386
"AL163636.2",1498
"AL163973.3",430
"AL352984.1",276
"AL353572.3",670
"AL353622.2",425
"AL353743.1",2067
"AL353743.3",1468
"AL353743.4",1547
"AL353753.1",2320
"AL353807.3",2505
"AL354707.1",3028
"AL354751.1",1863
"AL354761.1",835
"AL354798.1",329
"AL354877.1",413
"AL355076.1",270
"AL355076.2",1118
"AL355102.2",855
"AL355388.2",2157
"AL355390.1",2328
"AL355472.1",438
"AL355516.1",1083
"AL355877.1",3191
"AL355916.2",779
"AL355922.4",351
"AL355994.1",260
"AL356275.1",7440
"AL356414.1",686
"AL356432.1",419
"AL356585.2",2396
"AL356585.3",1017
"AL356747.1",1354
"AL356753.1",2018
"AL356859.1",414
"AL357673.2",4969
"AL358113.1",8201
"AL358232.1",501
"AL358333.1",467
"AL358334.1",174
"AL358394.1",535
"AL358394.2",3637
"AL359091.2",1734
"AL359195.2",4412
"AL359265.1",795
"AL359504.2",1601
"AL359538.1",1710
"AL359555.3",507
"AL359878.1",4990
"AL359922.1",935
"AL365232.1",1636
"AL365475.1",1949
"AL390198.1",1040
"AL390719.1",2664
"AL390726.2",343
"AL391261.2",773
"AL391361.1",489
"AL391650.1",3184
"AL391903.1",365
"AL392046.2",1161
"AL392086.3",614
"AL445669.1",755
"AL445989.1",2212
"AL449212.1",517
"AL449266.1",557
"AL449403.2",2798
"AL450442.1",854
"AL451007.3",1065
"AL451142.2",2090
"AL499616.1",2633
"AL512353.3",1326
"AL512428.1",654
"AL512598.2",2052
"AL513323.1",1063
"AL513485.1",845
"AL583722.1",1307
"AL583785.1",512
"AL583810.3",584
"AL589763.1",791
"AL589843.2",1488
"AL590132.1",4652
"AL590143.1",138
"AL590396.1",775
"AL590644.1",5065
"AL590677.1",380
"AL590705.1",806
"AL590867.1",1212
"AL591424.1",1213
"AL592293.1",1188
"AL592309.1",649
"AL592486.1",1726
"AL606970.1",2559
"AL645608.3",154
"AL645941.2",612
"AL645998.1",345
"AL662791.2",876
"AL662884.2",320
"AL662884.4",1017
"AL669831.4",872
"AL671277.2",996
"AL671862.1",349
"AL672043.1",395
"AL691403.1",678
"AL731556.1",3711
"AL772155.1",347
"AL772337.2",981
"AL845331.2",1044
"AL845331.3",2028
"AL928742.1",548
"AL929554.1",460
"AL935212.1",997
"ALDH1L2",8563
"ALG1L",843
"ALG1L13P",1447
"ALG1L2",1499
"ALG1L6P",758
"ALG1L7P",768
"ALG1L8P",760
"ALG8",3678
"ALG9",8356
"ALKBH4",3460
"ALLC",2873
"ALMS1P1",1654
"ALOX12",2674
"ALOX15",3850
"ALOX15P2",1897
"ALOX5",3730
"ALPK2",11379
"AMBN",2009
"AMD1P3",994
"AMOTL2",9019
"AMTN",1037
"AMY1C",1632
"AMZ2P1",4134
"ANAPC13",3071
"ANAPC1P1",2553
"ANG",1575
"ANGPTL3",3276
"ANGPTL5",2368
"ANKHD1-EIF4EBP3",11696
"ANKK1",2598
"ANKRD18CP",2980
"ANKRD19P",3153
"ANKRD20A1",3887
"ANKRD20A11P",4964
"ANKRD20A18P",492
"ANKRD20A19P",2911
"ANKRD20A2",3954
"ANKRD20A21P",3728
"ANKRD20A3",7672
"ANKRD20A4",4793
"ANKRD20A5P",6462
"ANKRD20A7P",2414
"ANKRD20A8P",9094
"ANKRD20A9P",2978
"ANKRD23",4242
"ANKRD26P1",7727
"ANKRD30A",5167
"ANKRD30B",6061
"ANKRD30BL",5443
"ANKRD30BP1",2186
"ANKRD33",6106
"ANKRD34A",4293
"ANKRD36B",6842
"ANKRD36BP2",9286
"ANKRD40",5166
"ANKRD40CL",4974
"ANKRD42",10130
"ANKRD53",2671
"ANKRD54",6327
"ANKRD55",3607
"ANKRD60",1038
"ANKRD65",3854
"ANKRD66",3692
"ANKRD9",8493
"ANKS1A",8853
"ANKS4B",4352
"ANKUB1",7352
"ANKZF1",7538
"ANO6",8542
"ANO7",6834
"ANP32D",960
"ANTXRL",3691
"ANTXRLP1",1829
"ANXA2R",3499
"ANXA8",5187
"ANXA8L1",3366
"AOC1",3976
"AOC2",2657
"AOC4P",5493
"AOX3P",4310
"AP000346.1",1087
"AP000347.1",7774
"AP000347.2",3126
"AP000350.2",1763
"AP000350.4",788
"AP000547.1",617
"AP000654.2",586
"AP000679.1",2081
"AP000695.2",1178
"AP000721.1",559
"AP000769.1",1790
"AP000776.1",1663
"AP000781.2",2242
"AP000790.1",888
"AP000812.1",477
"AP000812.5",3539
"AP000827.1",258
"AP000851.2",721
"AP000893.1",794
"AP000943.3",1175
"AP000944.2",4256
"AP001024.1",345
"AP001043.1",8412
"AP001122.1",4479
"AP001267.5",6447
"AP001630.1",437
"AP001631.1",1052
"AP001831.1",411
"AP002008.2",5398
"AP002353.1",1599
"AP002373.1",729
"AP002414.4",1148
"AP002495.1",4186
"AP002512.3",4672
"AP002748.4",3547
"AP002986.1",2684
"AP003028.1",1542
"AP003062.2",1117
"AP003108.2",7522
"AP003171.2",1256
"AP003385.2",324
"AP003385.4",374
"AP003393.1",4476
"AP003486.1",3994
"AP003774.1",2340
"AP005205.2",491
"AP005242.2",1175
"AP005597.1",802
"AP006587.4",529
"AP1B1P2",106
"AP5S1",5490
"AP5Z1",10881
"APCS",926
"APELA",3732
"APIP",5478
"APLNR",5148
"APOA2",1314
"APOA4",1473
"APOBEC3B",2250
"APOBEC3F",3515
"APOBEC3G",6364
"APOBEC4",2884
"APOC1",1231
"APOC1P1",1165
"APOC3",866
"APOC4",821
"APOL2",4672
"APOL3",8125
"APOL4",6385
"APOL5",1438
"APOL6",10121
"APOOP5",1371
"APPL1",7566
"APRT",1963
"APTX",5463
"AQP12A",1742
"AQP12B",3656
"AQP6",8317
"AQR",14752
"ARC",2991
"AREG",1955
"ARFRP1",9665
"ARHGAP11B",2563
"ARHGAP17",10525
"ARHGAP23P1",2115
"ARHGAP27P1-BPTFP1-KPNA2P3",3062
"ARHGAP40",3362
"ARHGAP42P1",1976
"ARHGAP8",5298
"ARHGEF16",6132
"ARHGEF35",2431
"ARHGEF38",7806
"ARHGEF40",9595
"ARIH2OS",1604
"ARL11",3884
"ARL15",5996
"ARL17A",5589
"ARL17B",4456
"ARL2BP",3398
"ARMC12",1603
"ARMC4P1",853
"ARMH2",814
"ARMS2",818
"ARPIN",9687
"ARRDC2",5660
"ARRDC4",4072
"ARSB",10130
"ART3",3420
"ASB10",2840
"ASB14",3232
"ASB16",2230
"ASB18",5862
"ASB9P1",793
"ASCL2",1852
"ASCL4",2260
"ASCL5",2026
"ASNSP1",2835
"ASPDH",1790
"ASPN",2470
"ASTE1",3806
"ATAD3B",9066
"ATCAY",5901
"ATG14",5052
"ATG9A",4856
"ATOH8",6076
"ATP11AUN",2241
"ATP12A",4442
"ATP13A1",10492
"ATP1B2",3276
"ATP2B4",14037
"ATP5F1EP2",156
"ATP5ME",983
"ATP5MF-PTCD1",3097
"ATP5MGL",799
"ATP5PD",3570
"ATP5PF",2562
"ATP6V0D2",3010
"ATP6V0E2",7320
"ATP6V1FNB",3902
"ATP6V1G1",1305
"ATPAF1",8397
"ATRAID",2019
"ATXN8OS",1954
"AVPI1",1457
"AVPR1B",2273
"AZGP1P1",1735
"AZGP1P2",345
"AZIN2",9800
"AZU1",2085
"B3GALT5-AS1",2516
"B3GAT2",11477
"B3GNT10",2516
"B3GNT8",2294
"B4GALNT2",8961
"BAALC-AS2",513
"BAAT",4901
"BAG3",2747
"BAG5",6845
"BAHCC1",13573
"BAK1",2212
"BANF2",1358
"BANK1",6513
"BASP1",2217
"BBC3",3454
"BBOX1",2630
"BCAP29",8839
"BCAR4",1441
"BCAS2P1",632
"BCAS4",7687
"BCCIP",4498
"BCL2L10",1319
"BCL2L11",6748
"BCO1",2930
"BCRP3",1745
"BCRP4",804
"BDH1",9484
"BECN2",1296
"BEND7",10821
"BET1",5582
"BET1L",4645
"BGLAP",1486
"BHLHA9",902
"BHLHE40-AS1",3191
"BICDL2",6501
"BID",4962
"BIK",953
"BIRC7",1562
"BIRC8",2026
"BLACE",2996
"BLID",862
"BLOC1S3",3139
"BLOC1S5",6104
"BLOC1S5-TXNDC5",3030
"BMP8A",1692
"BMS1P1",4561
"BMS1P10",1596
"BMS1P19",393
"BMS1P2",2153
"BMS1P3",932
"BMS1P8",2792
"BMS1P9",885
"BNIPL",4354
"BOD1L2",3239
"BOLA1",1461
"BOLL",4004
"BOP1",3796
"BORA",3274
"BORCS6",2575
"BORCS8-MEF2B",2472
"BPIFA1",1151
"BPIFA4P",1762
"BPIFB2",1898
"BPIFB3",1454
"BPIFB6",1676
"BPIFC",2349
"BRCA2",12333
"BRI3",5139
"BRICD5",2083
"BRK1",1233
"BROX",4980
"BSND",5113
"BTBD16",2406
"BTF3",2718
"BTG4",2000
"BTN2A1",4246
"BTN2A3P",4877
"BTNL10",731
"BTNL2",1718
"BTNL3",2440
"BTNL8",3926
"BUB1B",4648
"BVES",6409
"BX119321.1",797
"BX248415.1",614
"BX255925.3",1910
"BX323043.1",1765
"BYSL",2549
"C10orf105",4933
"C10orf113",687
"C10orf120",1295
"C10orf142",1750
"C10orf143",7127
"C10orf53",5141
"C10orf55",2514
"C10orf62",1208
"C10orf71",5411
"C10orf82",2896
"C10orf91",2423
"C10orf95",1469
"C11orf1",3895
"C11orf16",2764
"C11orf21",5046
"C11orf40",654
"C11orf44",3547
"C11orf45",4201
"C11orf49",8700
"C11orf54",6563
"C11orf74",1825
"C11orf80",3994
"C11orf86",1187
"C11orf87",5884
"C11orf97",701
"C11orf98",1081
"C12orf42",5424
"C12orf43",8208
"C12orf45",26042
"C12orf56",6767
"C12orf57",1927
"C12orf60",4612
"C12orf71",957
"C12orf73",3218
"C12orf75",2693
"C12orf76",9077
"C12orf77",3342
"C13orf42",4979
"C14orf119",3771
"C14orf132",8141
"C14orf177",1421
"C14orf178",704
"C14orf28",5958
"C14orf39",3889
"C15orf32",2389
"C15orf48",1468
"C15orf53",8546
"C15orf54",3078
"C15orf61",4811
"C15orf62",2370
"C16orf46",2616
"C16orf82",2459
"C16orf89",2067
"C16orf91",1122
"C16orf92",1115
"C16orf97",2984
"C17orf100",3629
"C17orf112",842
"C17orf47",2123
"C17orf50",1063
"C17orf51",19218
"C17orf64",1184
"C17orf67",2410
"C17orf97",3067
"C17orf98",632
"C17orf99",3175
"C18orf32",6836
"C19orf24",2352
"C19orf38",1565
"C19orf44",4493
"C19orf48",5148
"C19orf54",4421
"C19orf57",3889
"C19orf70",2084
"C19orf71",674
"C19orf73",744
"C19orf84",2020
"C19orf85",1292
"C1D",4824
"C1GALT1C1L",1172
"C1orf109",5291
"C1orf115",3413
"C1orf137",386
"C1orf141",5325
"C1orf143",1003
"C1orf146",1061
"C1orf159",10262
"C1orf162",2816
"C1orf167",6621
"C1orf189",387
"C1orf21",11013
"C1orf216",3796
"C1orf220",2775
"C1orf232",761
"C1orf53",611
"C1orf54",1351
"C1orf61",14838
"C1orf74",4684
"C1QA",1272
"C1QL1",1295
"C1QTNF12",2174
"C1QTNF3-AMACR",3424
"C1QTNF7",5664
"C1QTNF8",1840
"C1QTNF9",1893
"C1QTNF9B",2232
"C1R",8136
"C20orf141",1047
"C20orf144",2825
"C20orf187",446
"C20orf197",3320
"C20orf202",1604
"C20orf203",5568
"C20orf204",6521
"C20orf78",738
"C20orf85",803
"C20orf96",1730
"C21orf58",6287
"C21orf59-TCP10L",1026
"C21orf62",1230
"C21orf62-AS1",3627
"C22orf15",2618
"C22orf23",3591
"C22orf34",7260
"C22orf42",2517
"C2CD2",11274
"C2CD2L",11002
"C2CD3",13264
"C2CD4B",1579
"C2CD4C",3129
"C2CD4D",1757
"C2CD6",6815
"C2orf15",2314
"C2orf27A",2566
"C2orf27AP2",555
"C2orf27B",1325
"C2orf48",2502
"C2orf49",4891
"C2orf50",3401
"C2orf66",1669
"C2orf70",2870
"C2orf73",2815
"C2orf74",1631
"C2orf78",3045
"C2orf80",1435
"C2orf81",4060
"C2orf83",3486
"C2orf88",5997
"C2orf91",5213
"C2orf92",7806
"C3AR1",2595
"C3orf14",4430
"C3orf30",4628
"C3orf33",2525
"C3orf35",4105
"C3orf49",1706
"C3orf52",6021
"C3orf56",1740
"C3orf62",5090
"C3orf79",1283
"C3orf84",883
"C3orf85",3406
"C3P1",4959
"C4A",8065
"C4orf17",3261
"C4orf19",2770
"C4orf33",7344
"C4orf36",2833
"C4orf47",1366
"C4orf48",559
"C4orf51",1122
"C5AR2",6802
"C5orf17",2117
"C5orf22",4811
"C5orf38",1925
"C5orf47",2758
"C5orf56",9927
"C5orf63",9747
"C5orf64",4043
"C5orf67",767
"C6orf120",2667
"C6orf136",2852
"C6orf141",3889
"C6orf223",4188
"C6orf226",552
"C6orf48",2335
"C6orf58",1530
"C6orf99",1614
"C7orf25",6919
"C7orf33",1354
"C7orf57",2275
"C7orf65",2911
"C7orf66",435
"C7orf71",2029
"C7orf77",669
"C8A",2356
"C8orf31",3010
"C8orf34-AS1",1844
"C8orf44",2809
"C8orf48",1445
"C8orf59",3037
"C8orf59P1",303
"C8orf74",5346
"C8orf82",3878
"C8orf86",3735
"C8orf87",902
"C8orf89",658
"C9orf106",3145
"C9orf116",2039
"C9orf129",1154
"C9orf131",3910
"C9orf135",1279
"C9orf153",3192
"C9orf16",1689
"C9orf163",2573
"C9orf170",3239
"C9orf3",11945
"C9orf50",1761
"C9orf57",1563
"C9orf62",1924
"C9orf66",5704
"C9orf85",5207
"C9orf92",627
"CA12",9540
"CA13",5528
"CA5A",8396
"CA5AP1",576
"CA7",1862
"CABCOCO1",1789
"CABP4",3874
"CABS1",1532
"CACNA1H",8718
"CACNA1I",10792
"CACNA1S",6168
"CALCA",2625
"CALCB",3937
"CALCP",212
"CALCR",4507
"CALHM2",3688
"CALML5",859
"CALR3",1588
"CALY",3149
"CAMK2N1",3148
"CAPN12",8900
"CAPS",5521
"CAPS2",8090
"CARD10",5797
"CARD16",1688
"CARD17",1232
"CARD18",2386
"CARD8",19271
"CARD9",8041
"CARM1P1",1656
"CASC10",3801
"CASC23",1563
"CASP16P",3872
"CASP1P1",212
"CASP1P2",1258
"CASP8AP2",8171
"CAST",13372
"CASTOR2",1363
"CASTOR3",5917
"CATSPER2",9078
"CATSPER2P1",4379
"CATSPER4",2116
"CATSPERB",5790
"CAVIN3",2543
"CBR3",1169
"CBSL",4270
"CBWD3",15218
"CBWD5",15462
"CBWD6",11132
"CBX1P3",527
"CBY3",785
"CC2D2A",7930
"CCDC102B",5981
"CCDC103",4009
"CCDC110",3388
"CCDC113",5992
"CCDC121",3891
"CCDC124",1660
"CCDC13",4780
"CCDC130",3741
"CCDC137",3845
"CCDC138",6291
"CCDC140",1932
"CCDC142",6417
"CCDC144B",10635
"CCDC144CP",8489
"CCDC144NL",5561
"CCDC144NL-AS1",10868
"CCDC148",3790
"CCDC153",2955
"CCDC154",2957
"CCDC158",6056
"CCDC162P",10012
"CCDC163",5099
"CCDC167",619
"CCDC169",9513
"CCDC177",4131
"CCDC178",5085
"CCDC179",917
"CCDC181",4108
"CCDC185",2054
"CCDC186",9491
"CCDC187",11912
"CCDC188",1598
"CCDC192",1901
"CCDC194",1464
"CCDC195",606
"CCDC196",2824
"CCDC197",2705
"CCDC198",4566
"CCDC25",6042
"CCDC27",4810
"CCDC30",13779
"CCDC34",3996
"CCDC36",4330
"CCDC42",2023
"CCDC50",9202
"CCDC54",1444
"CCDC57",14146
"CCDC61",2671
"CCDC65",2373
"CCDC66",10574
"CCDC68",5845
"CCDC69",4993
"CCDC7",10331
"CCDC70",1150
"CCDC73",8210
"CCDC77",3662
"CCDC78",9125
"CCDC83",2547
"CCDC85B",1524
"CCDC86",3696
"CCDC87",2908
"CCDC89",1412
"CCDC91",7680
"CCDC92B",885
"CCDC97",3941
"CCER1",3979
"CCL1",592
"CCL13",851
"CCL14",3735
"CCL15",1700
"CCL16",2103
"CCL17",620
"CCL18",1509
"CCL22",2929
"CCL23",738
"CCL27",1008
"CCL3",2767
"CCL3L1",1671
"CCL4",2537
"CCL4L2",2380
"CCL7",863
"CCNB2",3193
"CCND2",7474
"CCNI2",3256
"CCNQP1",645
"CCNQP3",619
"CCNT2P1",1315
"CCNYL2",4345
"CCNYL3",998
"CCR1",2731
"CCR2",4671
"CCRL2",3293
"CCSER2",8452
"CCT6B",4627
"CCT6P1",1670
"CCT6P3",4156
"CCT8L1P",1674
"CCT8L2",2060
"CCZ1",6870
"CD14",2057
"CD160",4639
"CD164L2",2258
"CD177",2501
"CD177P1",935
"CD1A",2096
"CD1B",1395
"CD1C",1435
"CD1D",2253
"CD200R1",5333
"CD200R1L",1710
"CD226",15248
"CD24",4501
"CD247",4070
"CD248",2558
"CD274",4145
"CD28",4885
"CD300A",2811
"CD300C",1517
"CD300H",606
"CD300LB",2793
"CD300LD",1303
"CD300LG",4745
"CD302",4075
"CD3D",929
"CD3E",3012
"CD3G",4123
"CD48",3577
"CD5",3221
"CD52",935
"CD58",1783
"CD69",3155
"CD70",1532
"CD81-AS1",1672
"CD86",3433
"CD8B",1864
"CD8B2",5140
"CDC123",2413
"CDC14A",6566
"CDC14C",3115
"CDC20P1",1500
"CDC25C",3338
"CDC34",2019
"CDC42EP2",2224
"CDC42EP5",903
"CDCA4",3289
"CDCA5",5297
"CDCA7",4291
"CDH16",3790
"CDHR3",7151
"CDIPT",4686
"CDK1",3931
"CDK5RAP1",4806
"CDK5RAP2",11237
"CDKN1A",3050
"CDKN2B",5364
"CDNF",2007
"CDPF1",2951
"CDRT15",779
"CDRT15L2",1048
"CEACAM19",6213
"CEACAM20",2193
"CEACAM21",1964
"CEACAM6",3052
"CEACAMP1",1035
"CEACAMP2",440
"CEACAMP3",1927
"CEACAMP5",961
"CEBPZ",4178
"CECR7",5231
"CELP",3593
"CEMP1",1893
"CENPBD1",3317
"CENPBD1P1",5041
"CENPIP1",902
"CENPK",4918
"CENPL",5106
"CENPM",1883
"CENPN",3639
"CENPO",5873
"CENPQ",1733
"CEP112",8086
"CEP170P1",4587
"CEP250",19100
"CEP295NL",3305
"CEP68",10050
"CEP72",3785
"CES1P1",3195
"CES1P2",1242
"CES3",5057
"CES5A",3338
"CES5AP1",1665
"CETP",3629
"CFAP221",9759
"CFAP298",5157
"CFAP52",3078
"CFAP69",9410
"CFAP77",2147
"CFAP97D2",2443
"CFAP99",5315
"CFC1",1980
"CFD",1222
"CFDP1",3637
"CFTR",9434
"CGA",2284
"CGB1",943
"CGB3",877
"CGB5",841
"CGB7",3473
"CGB8",882
"CGN",6729
"CHAC2",1321
"CHCHD2P9",456
"CHCHD6",2763
"CHEK2P3",248
"CHEK2P5",246
"CHI3L1",3708
"CHI3L2",3301
"CHIAP2",3232
"CHIT1",7817
"CHMP4A",3559
"CHMP6",2118
"CHODL",3093
"CHP2",2382
"CHRNA6",3176
"CHTOP",6128
"CIB3",711
"CIB4",1049
"CICP27",3812
"CICP5",2215
"CIDEA",1852
"CIDEB",4044
"CIR1P3",479
"CISD3",2867
"CIT",14322
"CKAP2L",6841
"CKMT1B",3834
"CKS2",613
"CLASRP",5547
"CLCA3P",3437
"CLCC1",7027
"CLCN3P1",2803
"CLDN17",1193
"CLDN20",1209
"CLDN22",2581
"CLDN24",663
"CLDN25",754
"CLDN3",1274
"CLDN6",1853
"CLDN7",2827
"CLDN8",2068
"CLDND1",7413
"CLDND2",1175
"CLEC10A",3388
"CLEC18A",7015
"CLEC18B",3250
"CLEC1A",4951
"CLEC1B",3897
"CLEC20A",3368
"CLEC3A",3007
"CLEC4A",1389
"CLEC4D",2013
"CLEC4E",2748
"CLEC4G",1793
"CLEC4GP1",870
"CLEC7A",6872
"CLECL1",2107
"CLIC4P2",717
"CLIC5",14817
"CLK2P1",1294
"CLLU1OS",686
"CLN6",10174
"CLNK",10345
"CLOCK",16343
"CLPS",601
"CLPSL1",790
"CLTCL1",10813
"CLUAP1",8700
"CLUHP3",6522
"CLUL1",4058
"CLYBL",7399
"CMA1",937
"CMAHP",9951
"CMBL",3491
"CMC1",11042
"CMC2",13535
"CMTM1",1664
"CMTM2",1197
"CMTM3",3787
"CMTR1",5377
"CNBD2",5052
"CNMD",1628
"CNPY1",3700
"CNPY3",1712
"CNST",6037
"CNTNAP3B",17832
"CNTNAP3C",1728
"CNTNAP3P2",3861
"COA1",15025
"COL11A1",9990
"COL11A2P1",676
"COL16A1",10149
"COL18A1-AS1",3612
"COL18A1-AS2",552
"COL1A2",12441
"COL25A1",14046
"COL5A1",11189
"COL5A3",6804
"COL6A1",5400
"COL9A1",10063
"COMMD10",2464
"COMMD2",5251
"COMMD5",2917
"COMMD9",8524
"COPE",3398
"COPS4",3775
"COPZ2",1904
"COQ5",2630
"COQ7",4704
"CORO6",6990
"CORO7",10868
"CORT",1130
"COTL1",7406
"COX14",1391
"COX17",2483
"COX18",9570
"COX19",5893
"COX20",4979
"COX4I2",693
"COX6A1P2",330
"COX6B2",5451
"COX7A2",2065
"COX7B2",807
"COX8A",507
"COX8C",533
"CPA3",1848
"CPEB1",9656
"CPHXL",1218
"CPN2",3028
"CPSF1P1",3730
"CPT1C",7136
"CPVL",3439
"CPXM1",2391
"CR381670.1",1693
"CR383656.7",145
"CR392000.1",1228
"CR392000.2",1994
"CR848007.1",1699
"CRACR2B",6288
"CRAT",4492
"CRB3",2039
"CRCT1",700
"CREB3L3",2678
"CREB3L4",3451
"CREB5",11734
"CREG2",7150
"CRHR2",5355
"CRISP3",2397
"CRISPLD2",7965
"CROCC2",5978
"CROCCP2",6057
"CROCCP3",7082
"CRTAC1",3553
"CRTC3",10814
"CRYAA",2146
"CRYBA4",811
"CRYGA",609
"CRYGD",619
"CRYGN",3543
"CRYM",3839
"CRYM-AS1",3193
"CRYZL1",6848
"CSF2RB",6242
"CSF2RBP1",391
"CSH1",1933
"CSH2",2117
"CSHL1",3886
"CSMD3",21994
"CSN1S1",985
"CSN1S2AP",886
"CSN2",1066
"CSN3",836
"CSNK1A1P1",3016
"CSNKA2IP",3300
"CSPG4P10",7278
"CSPG4P13",4946
"CSPG4P5",3730
"CST1",872
"CST11",566
"CST2",748
"CST4",751
"CST5",756
"CST7",930
"CST8",918
"CST9L",959
"CST9LP1",444
"CST9LP2",320
"CSTA",1373
"CSTB",4102
"CSTL1",1073
"CSTP2",398
"CT62",3694
"CTAGE1",4315
"CTAGE10P",2408
"CTAGE11P",2353
"CTAGE13P",2446
"CTAGE15",2587
"CTAGE4",2588
"CTAGE6",2608
"CTAGE8",2588
"CTAGE9",2334
"CTF1",1695
"CTGF",2339
"CTSB",10093
"CTSE",2671
"CTSG",1522
"CTSL",2566
"CTSL3P",1020
"CTSZ",2038
"CTXN3",2105
"CTXND1",6890
"CTXND2",1229
"CUBNP1",1790
"CUBNP2",1139
"CUBNP3",1784
"CUZD1",3464
"CWF19L1",3985
"CWH43",3138
"CX3CL1",6122
"CXCL1",1296
"CXCL12",7082
"CXCL14",1975
"CXCL16",3200
"CXCL2",1720
"CXCL3",3126
"CXCL5",2538
"CXCL6",2183
"CXCL8",2456
"CXCR2P1",2503
"CYB561D1",5690
"CYB5A",9978
"CYB5B",7142
"CYB5D1",4523
"CYB5D2",2752
"CYB5R4",9635
"CYFIP1",11437
"CYLC2",2276
"CYP17A1",3713
"CYP19A1",9761
"CYP1A1",5787
"CYP1B1",8939
"CYP20A1",3079
"CYP21A1P",2208
"CYP2A7P1",815
"CYP2A7P2",641
"CYP2B7P",4064
"CYP2C59P",269
"CYP2C9",3358
"CYP2D7",2402
"CYP2D8P",1490
"CYP2F1",3369
"CYP2F2P",1726
"CYP2G1P",3002
"CYP2T3P",817
"CYP3A7-CYP3A51P",1608
"CYP4A22",3959
"CYP4F22",2644
"CYP4F23P",1579
"CYP4F24P",1580
"CYP4F26P",1137
"CYP4F8",8201
"CYP4F9P",1339
"CYP4V2",10202
"CYP4Z2P",1598
"CYP7B1",2282
"CYREN",6324
"CYS1",3192
"CYSRT1",1297
"CYTIP",3526
"CYYR1",3266
"DAAM1",10984
"DAND5",1997
"DAOA",2780
"DAP",4482
"DAP3P1",278
"DAPL1",1325
"DAZAP2",6648
"DAZL",3631
"DBF4B",7559
"DBI",2509
"DCAF1",6942
"DCAF16",5261
"DCAF4L2",3326
"DCANP1",3135
"DCBLD1",7142
"DCDC2C",2242
"DCLRE1CP1",470
"DCTN1",12349
"DCTN1-AS1",3207
"DCTN6",1984
"DCTPP1",1581
"DCUN1D2",5720
"DDC",3530
"DDIT3",1727
"DDIT4L",3436
"DDOST",2832
"DDT",1679
"DDTL",1545
"DDX11L1",2002
"DDX11L10",1919
"DDX12P",2947
"DDX18P3",2007
"DDX20",7350
"DDX25",11489
"DDX28",2169
"DDX60L",12290
"DDX6P2",1455
"DEC1",6650
"DEFA3",498
"DEFA4",617
"DEFA5",449
"DEFA6",469
"DEFB104A",281
"DEFB105A",330
"DEFB105B",331
"DEFB106A",303
"DEFB107B",389
"DEFB108B",666
"DEFB108F",222
"DEFB110",518
"DEFB112",342
"DEFB113",249
"DEFB114",253
"DEFB115",267
"DEFB116",309
"DEFB119",797
"DEFB125",1258
"DEFB128",373
"DEFB131B",213
"DEFB132",2121
"DEFB134",1263
"DEFB135",234
"DEFB136",237
"DEFB4A",380
"DEFB4B",332
"DEGS1",2961
"DEGS2",5523
"DEPDC4",3372
"DEPP1",3256
"DERA",2844
"DERL3",5173
"DEUP1",4227
"DFFB",4501
"DGCR5",6286
"DGCR6",5822
"DHRS12",3953
"DHRS13",3268
"DHRS4-AS1",7007
"DHRS4L2",2794
"DHX32",3948
"DHX37",7118
"DIAPH3",7830
"DIO1",2282
"DIRAS3",2039
"DIRC1",1454
"DIRC3",4665
"DIS3L2P1",559
"DKFZp779M0652",649
"DKK2",4937
"DKK4",894
"DLEC1P1",576
"DLEU1",13077
"DLK1",5792
"DMAC1",3466
"DMAC2",6348
"DMBT1P1",8141
"DMKN",9167
"DNAAF1",8606
"DNAAF3",3583
"DNAH11",16192
"DNAH12",13577
"DNAH14",19693
"DNAH3",15643
"DNAH8",15133
"DNAJB6",15421
"DNAJB7",2578
"DNAJC18",6717
"DNAJC19P3",331
"DNAJC22",5403
"DNAJC28",2484
"DNAJC5G",2495
"DNASE1",15758
"DNLZ",3425
"DNM1P17",426
"DNM1P28",474
"DNM1P33",270
"DNM1P34",2399
"DNM1P35",3188
"DNM1P38",433
"DNM1P46",6092
"DNM1P47",15407
"DNM1P49",474
"DNMT3B",4630
"DNMT3L",1859
"DNPH1",1443
"DOCK1",8142
"DOCK9",15171
"DOCK9-DT",807
"DPEP1",3182
"DPEP2",4078
"DPEP2NB",1185
"DPEP3",2018
"DPM1",1499
"DPPA3",1079
"DPPA3P2",1697
"DPY19L1P1",2594
"DPY19L1P2",915
"DPY19L2P1",8783
"DPY19L2P2",7226
"DPY19L2P3",4263
"DRC3",8348
"DRD5",2330
"DSC3",7303
"DSCC1",2772
"DSCR10",860
"DSCR4",2054
"DSCR8",831
"DSG1",5252
"DSG2",6267
"DTX2P1",1633
"DUOX2",11128
"DUOXA2",3106
"DUSP22",6507
"DUSP27",4689
"DUSP8P3",1760
"DUX4",2036
"DUXB",1079
"DWORF",873
"DXO",5791
"DYDC1",1279
"DYNC2LI1",5412
"DYSF",8386
"DZIP3",7017
"E2F2",5457
"EAPP",2520
"EBLN1",1208
"EBLN2",1679
"ECD",4044
"ECEL1P1",1742
"ECHDC2",14382
"ECI2",5156
"ECSCR",1035
"ECT2L",4624
"EDDM13",2326
"EDDM3A",927
"EDN3",4029
"EEF1A1P16",1414
"EEF1DP2",843
"EEF1DP4",880
"EEF1E1-BLOC1S5",768
"EEF2KMT",4790
"EEFSEC",2421
"EFCAB10",2874
"EFCAB12",8101
"EFCAB9",702
"EFCC1",3103
"EFHB",4318
"EFL1P1",1798
"EFS",4359
"EGFEM1P",4658
"EGFL7",2553
"EHHADH",6218
"EID3",1467
"EIF1",4137
"EIF2B4",6475
"EIF2S3B",3744
"EIF3C",7688
"EIF3IP1",967
"EIF4EBP3",691
"EIF5AL1",3840
"ELAC1",4040
"ELK2BP",1224
"ELL3",3848
"ELMO2P1",1011
"ELOA2",4691
"ELOA3",1877
"ELOA3B",1641
"ELOA3C",1218
"ELOA3D",1641
"ELOB",1290
"ELOBP3",294
"ELP3",5552
"ELP5",3563
"ELP6",3494
"EMB",7487
"EMBP1",5745
"EMC3-AS1",4213
"EML4",8644
"EML5",14118
"ENDOD1",4687
"ENHO",1082
"ENKD1",2817
"ENKUR",4243
"ENO4",3313
"ENPP6",4703
"ENTPD1-AS1",12928
"ENTPD3",3695
"ENTPD7",3657
"ENTR1",3133
"EP400P1",14289
"EPB41L2",12770
"EPB41L5",9281
"EPHA1-AS1",5316
"EPHA2",4159
"EPHA8",5358
"EPM2A",18772
"EPPIN",6860
"EPPIN-WFDC6",1156
"EPS8",10876
"EPX",2708
"EQTN",1483
"ERAP1",8555
"ERCC3",10620
"ERCC6L2",10771
"ERFE",3663
"ERHP2",299
"ERICH4",946
"ERMP1",7194
"ERP27",2467
"ERV3-1",4574
"ERVK3-1",5944
"ERVMER34-1",6504
"ERVMER61-1",10142
"ERVV-2",2431
"ERVW-1",7032
"ESD",3649
"ESF1",3255
"ESPNP",3361
"ESRRAP1",1257
"ESRRAP2",3112
"ESYT3",10706
"ETFRF1",3210
"ETV2",2791
"EVI2A",2071
"EVI2B",2072
"EVI5L",6716
"EVPLL",2156
"EWSAT1",3832
"EXOC1L",863
"EXOC6B",10824
"F11",3364
"F12",3548
"F2RL1",2958
"F2RL3",3582
"FA2H",3951
"FAAP100",5354
"FAAP20",14150
"FAAP24",3138
"FABP12",613
"FABP9",497
"FADS6",2861
"FAHD2B",2771
"FAHD2CP",2496
"FAM107A",7557
"FAM111A",8137
"FAM111B",3863
"FAM118A",7152
"FAM120AOS",11351
"FAM124B",3541
"FAM151A",2005
"FAM151B",3109
"FAM153A",8762
"FAM153B",5332
"FAM153C",4539
"FAM157A",7168
"FAM163B",1353
"FAM166A",1896
"FAM166B",1701
"FAM167B",936
"FAM169B",4353
"FAM170A",1378
"FAM170B",1401
"FAM173A",3138
"FAM174B",5249
"FAM177B",2603
"FAM178B",3828
"FAM180A",2526
"FAM182B",4533
"FAM183A",843
"FAM183BP",1595
"FAM184A",7914
"FAM184B",6622
"FAM187B",1184
"FAM193B",6589
"FAM200B",7237
"FAM205BP",7768
"FAM205C",1749
"FAM20C",4832
"FAM210B",3577
"FAM216B",3308
"FAM217A",4363
"FAM217B",5928
"FAM218A",2175
"FAM219A",3892
"FAM21EP",2549
"FAM21FP",2418
"FAM220A",3079
"FAM220BP",816
"FAM221B",5753
"FAM229A",3280
"FAM229B",2543
"FAM230G",2256
"FAM230I",1578
"FAM234B",7456
"FAM237A",971
"FAM237B",3877
"FAM238B",1287
"FAM240A",1826
"FAM240B",1376
"FAM241B",1480
"FAM243A",756
"FAM24A",596
"FAM24B",1319
"FAM25A",345
"FAM25C",319
"FAM25E",322
"FAM25G",466
"FAM27E3",1933
"FAM27E5",693
"FAM53A",5615
"FAM71A",2305
"FAM71C",1796
"FAM71D",4897
"FAM71E2",3327
"FAM72B",4488
"FAM72D",2397
"FAM78A",6105
"FAM83C",3145
"FAM83D",2975
"FAM86B1",6204
"FAM86B2",1366
"FAM86B3P",6162
"FAM86C1",2972
"FAM86C2P",3510
"FAM86DP",4714
"FAM86EP",5300
"FAM86GP",971
"FAM86HP",1301
"FAM86JP",2519
"FAM86KP",987
"FAM86LP",853
"FAM86MP",885
"FAM90A1",2538
"FAM90A20P",1395
"FAM90A27P",1411
"FAM90A28P",1858
"FAM92A1P1",890
"FAM92A1P2",2896
"FAM92B",2124
"FAN1",6298
"FANCA",11314
"FANCC",13275
"FANCD2P2",1400
"FANCE",2692
"FANCF",2952
"FAR2P4",3925
"FASLG",1888
"FASTKD1",4451
"FASTKD2",6595
"FASTKD3",4025
"FASTKD5",2874
"FAXDC2",8197
"FBXL12",3945
"FBXL13",4043
"FBXL21",4727
"FBXL8",3725
"FBXO36",3945
"FBXO36P1",471
"FBXO5",3924
"FCAMR",3710
"FCER1A",1165
"FCGBP",12961
"FCGR1B",3758
"FCGR2C",3580
"FCGR3A",3146
"FCGR3B",3490
"FCN1",5107
"FCN3",2625
"FCRL2",6147
"FCRL6",2956
"FCRLA",3428
"FDCSP",566
"FDX1",3206
"FDXR",4923
"FER1L4",10795
"FER1L5",10828
"FER1L6",6051
"FFAR3",2978
"FGD5P1",5872
"FGF1",7570
"FGF21",1700
"FGF22",2778
"FGF23",4729
"FGF7P2",296
"FGF8",1403
"FGFBP1",1359
"FGFBP2",1250
"FGFBP3",2545
"FGFR3P6",610
"FHAD1",14374
"FHDC1",6593
"FHL2",7252
"FIG4",3592
"FIGNL1",11352
"FILIP1",8906
"FJX1",3301
"FKBP10",5153
"FKBP1A",3941
"FKBP1C",1579
"FKBP7",3756
"FKBP9P1",3632
"FLG",12747
"FLJ40288",2442
"FLJ42393",2270
"FLNC",9280
"FLYWCH2",1519
"FMNL2",6519
"FMO2",4786
"FMO4",2657
"FMO5",5986
"FMO6P",2697
"FMO9P",2270
"FN3KRP",3024
"FNIP2",11030
"FO393400.1",4707
"FO681492.1",5792
"FOLH1B",2495
"FOLR3",1569
"FOXD4L3",2039
"FOXD4L4",2230
"FOXD4L5",3109
"FOXD4L6",2034
"FOXE3",1981
"FOXH1",2687
"FOXJ1",2641
"FOXL1",3742
"FOXL2NB",5131
"FOXR1",1237
"FOXRED1",6370
"FOXRED2",8265
"FP325317.1",1042
"FP565260.1",8565
"FP565260.3",3357
"FPR2",3889
"FREM1",11471
"FRG1BP",761
"FRG1CP",769
"FRG1DP",771
"FRG1EP",770
"FRG1FP",749
"FRG1GP",774
"FRG1HP",1699
"FRG1JP",931
"FRG2",2103
"FRG2B",2603
"FRG2C",2078
"FRG2DP",2278
"FRG2FP",1155
"FRG2JP",832
"FRG2KP",1620
"FRMPD2",10258
"FRMPD2B",1347
"FSCB",2938
"FSD1L",10079
"FSD2",6863
"FSIP1",3534
"FTCD",3311
"FTL",878
"FTLP10",1501
"FTOP1",861
"FUNDC2P2",1223
"FUT3",3602
"FUT5",1992
"FXYD4",827
"FXYD5",3328
"FXYD6-FXYD2",782
"FYCO1",11746
"FZD5",6708
"G0S2",866
"G6PC",3325
"GACAT2",818
"GALE",5500
"GALNT10",10496
"GALNT6",9118
"GALNTL5",3492
"GALR2",1364
"GAN",15411
"GAPDHP27",1020
"GAPT",3641
"GAS2L2",4775
"GAS8",5822
"GASAL1",2829
"GATA6",5117
"GATD3A",8412
"GATD3B",3521
"GBA3",2932
"GBAP1",4985
"GBE1",5302
"GBP1P1",2352
"GBP4",6390
"GBP7",2454
"GCC2-AS1",799
"GCGR",3241
"GCNT2P",934
"GCOM1",11110
"GCSAML-AS1",4179
"GDE1",6380
"GDF10",2458
"GDF11",8772
"GDF9",3452
"GDI2",4482
"GDNF",4967
"GDPD4",3520
"GEMIN6",4361
"GEMIN7",1915
"GEN1",11964
"GFRAL",1911
"GGA1",9939
"GGACT",3584
"GGN",4336
"GGNBP1",1737
"GGT2",2367
"GGT4P",1708
"GGT6",5211
"GGT8P",532
"GGTA1P",5186
"GGTLC2",1379
"GGTLC4P",664
"GH2",1147
"GHDC",4153
"GHR",6828
"GHRH",570
"GHRL",2291
"GIHCG",1617
"GIMAP1-GIMAP5",2148
"GIMAP2",2097
"GIMAP5",6772
"GIMAP7",1256
"GIMAP8",4184
"GIMD1",1731
"GINS1",4068
"GINS4",5590
"GIP",716
"GIPC2",3973
"GJB2",2546
"GJB3",2387
"GJB4",2840
"GJB5",1355
"GJB7",2729
"GJC3",1116
"GJD4",1580
"GJE1",916
"GK2",1942
"GK3P",1868
"GKN3P",546
"GLB1L2",7507
"GLB1L3",9193
"GLIPR1L1",1681
"GLIPR2",3105
"GLRX",7172
"GLRX3",5173
"GLRX3P2",1038
"GLRX5",3617
"GLRXP3",321
"GLT6D1",2097
"GLYAT",4806
"GLYATL1B",909
"GLYATL1P1",1607
"GLYATL1P4",906
"GLYATL2",1946
"GLYATL3",1124
"GLYCTK",3965
"GMCL2",2930
"GMEB1",6542
"GMFB",8425
"GML",940
"GMNN",2552
"GNAS-AS1",3828
"GNB1L",7797
"GNG12",4774
"GNG13",984
"GNG14",542
"GNG2",6546
"GNG4",5401
"GNG5",1242
"GNG7",4716
"GNL2",5874
"GNLY",4347
"GNMT",1072
"GNRH2",984
"GNRHR",2409
"GNRHR2P1",631
"GOLGA2P11",5563
"GOLGA2P4",777
"GOLGA2P5",17684
"GOLGA2P6",2049
"GOLGA6A",3897
"GOLGA6B",2234
"GOLGA6C",2082
"GOLGA6D",3455
"GOLGA6L1",2620
"GOLGA6L10",5224
"GOLGA6L17P",1551
"GOLGA6L2",4033
"GOLGA6L22",5080
"GOLGA6L4",6423
"GOLGA6L6",4013
"GOLGA6L7",3072
"GOLGA6L9",7105
"GOLGA8A",7582
"GOLGA8B",8741
"GOLGA8CP",5237
"GOLGA8DP",3022
"GOLGA8F",5711
"GOLGA8H",1899
"GOLGA8IP",4361
"GOLGA8J",2718
"GOLGA8K",3280
"GOLGA8N",7810
"GOLGA8O",2166
"GOLGA8R",4866
"GOLGA8S",4397
"GOLGA8T",2062
"GOLGA8UP",1755
"GOLGA8VP",1798
"GON7",1275
"GOSR2",19556
"GOT1L1",1589
"GP1BA",3526
"GP1BB",1553
"GP5",3534
"GPAT2P1",2379
"GPATCH4",6465
"GPBAR1",2692
"GPC5",3544
"GPLD1",5306
"GPR132",5943
"GPR137C",6241
"GPR141",2350
"GPR142",1608
"GPR148",1267
"GPR151",3088
"GPR153",4082
"GPR27",2447
"GPR31",2059
"GPR32",1269
"GPR33",1343
"GPR37L1",6588
"GPR39",3387
"GPR42",1863
"GPR6",1945
"GPR75",2115
"GPR78",9831
"GPR83",5525
"GPR84",2125
"GPR89A",5557
"GPR89B",5143
"GPX1",2128
"GPX6",2331
"GPX7",1691
"GRAMD1A",6876
"GREM2",4170
"GRHL2",6148
"GRID2",11211
"GRIFIN",870
"GRIP2",15618
"GRK4",5075
"GRM6",8593
"GSDMB",6582
"GSDMD",6216
"GSEC",3723
"GSG1",3720
"GSG1L2",882
"GSN",12366
"GSN-AS1",4763
"GSTA10P",576
"GSTA11P",669
"GSTA12P",508
"GSTA2",1313
"GSTA5",932
"GSTA6P",582
"GSTA7P",448
"GSTM1",2577
"GSTM2P1",654
"GSTM4",7193
"GSTO2",9921
"GSTT2",1636
"GTF2A1L",2054
"GTF2H2",10190
"GTF2IP1",8184
"GTF2IP12",5632
"GTF2IP23",351
"GTF2IP4",3609
"GTF2IP7",2574
"GTF2IP9",301
"GTF2IRD1P1",3265
"GTF2IRD2",7974
"GTF2IRD2P1",7132
"GTSCR1",470
"GTSE1",4452
"GUCA1C",1308
"GUCA2A",569
"GUCA2B",597
"GUCY1A1",5766
"GUCY1B1",3724
"GUCY1B2",4399
"GUCY2D",4040
"GUCY2EP",2742
"GUK1",6008
"GULOP",748
"GUSBP1",6150
"GUSBP10",665
"GUSBP4",672
"GUSBP6",1724
"GVQW2",3020
"GYG1",3585
"GYG1P1",698
"GYPB",1965
"GZMH",951
"GZMM",945
"H1FNT",1300
"H1FX-AS1",3539
"H2AFVP1",790
"H3.Y",978
"H3F3C",1057
"HADHAP2",2285
"HAGHL",7162
"HAMP",3273
"HAND2",4282
"HAND2-AS1",30567
"HARS2",4135
"HAS2-AS1",3544
"HAUS1",2165
"HAUS2",4323
"HAVCR1",2244
"HAX1",2555
"HBA2",1096
"HBD",1433
"HBE1",961
"HBQ1",536
"HBZ",755
"HCAR1",4768
"HCFC1R1",2156
"HCG17",759
"HCG27",2592
"HCG4",998
"HCST",613
"HDAC10",7931
"HDC",5029
"HDDC2",6296
"HDHD5-AS1",784
"HEATR1",9369
"HEATR9",3030
"HEBP1",3788
"HEMGN",2394
"HENMT1",2618
"HEPACAM2",2787
"HEPN1",1434
"HERC1",17886
"HERC2P10",2393
"HERC2P2",7044
"HERC2P3",10296
"HERC2P4",6673
"HERC2P8",6476
"HERC2P9",8815
"HES2",6951
"HES5",1306
"HES6",2237
"HEXIM2",2038
"HHAT",6641
"HHLA1",6397
"HHLA2",3627
"HHLA3",1222
"HIGD1B",1054
"HIGD1C",371
"HIGD2A",668
"HIGD2B",1117
"HILPDA",2982
"HINT2",3575
"HINT3",3314
"HIP1",13232
"HIST1H1A",648
"HIST1H1T",718
"HIST1H2AB",393
"HIST1H2AI",503
"HIST1H2AK",393
"HIST1H2AL",393
"HIST1H2BC",834
"HIST1H2BE",3082
"HIST1H2BF",1196
"HIST1H2BH",2060
"HIST1H3A",411
"HIST1H3B",411
"HIST1H3D",411
"HIST1H3E",3141
"HIST1H3F",411
"HIST1H3G",2411
"HIST1H4B",438
"HIST1H4C",435
"HIST1H4D",312
"HIST1H4E",1487
"HIST1H4F",312
"HIST1H4G",297
"HIST1H4H",2696
"HIST1H4I",1294
"HIST1H4J",373
"HIST1H4K",312
"HIST1H4L",312
"HIST2H3D",411
"HIST2H3DP1",416
"HIST2H3PS2",411
"HIST3H2A",895
"HIST3H3",481
"HIVEP1",11104
"HK2",6064
"HK3",3290
"HLA-A",2966
"HLA-DOA",4596
"HLA-DOB",2519
"HLA-DPA3",229
"HLA-DQA2",1524
"HLA-DQB2",2131
"HLA-DRB5",1260
"HLA-DRB9",343
"HLA-G",1880
"HLA-H",1096
"HLA-K",1046
"HLA-W",771
"HMGA2",16155
"HMGB1P1",636
"HMGB1P28",552
"HMGB1P40",540
"HMGB3P1",573
"HMGCL",5944
"HMGCS2",2571
"HMGN2",3092
"HMGN2P40",391
"HMGN2P46",3146
"HMGN4",1338
"HMHB1",421
"HMMR",3936
"HNMT",4756
"HNRNPA1P30",1624
"HNRNPA1P34",950
"HNRNPA1P41",928
"HNRNPA1P48",2949
"HNRNPA1P57",1271
"HNRNPA3P1",1139
"HNRNPCL2",1148
"HNRNPCL3",1148
"HOGA1",4380
"HOMER2P1",964
"HOOK1",6758
"HOPX",8679
"HOXA4",2350
"HOXB9",2581
"HOXC12",3335
"HPN-AS1",1124
"HPS4",13387
"HPX",4118
"HRASLS5",3604
"HRCT1",950
"HRH4",3668
"HRNR",9623
"HS1BP3",9620
"HSBP1L1",2248
"HSD11B1",1513
"HSD17B12",8181
"HSD17B4",11104
"HSD17B7",5212
"HSD17B7P2",1506
"HSD3BP2",1118
"HSD3BP3",994
"HSD3BP5",1132
"HSF5",4094
"HSH2D",3635
"HSP90AA4P",3152
"HSP90AA6P",853
"HSP90AB2P",3128
"HSP90AB3P",2173
"HSP90B3P",1567
"HSPA7",1927
"HSPA8P11",1898
"HSPA8P14",1805
"HSPB1",1849
"HSPB3",784
"HSPB9",1922
"HSPE1P23",286
"HSPH1",10103
"HTD2",2249
"HTN3",2107
"HTR3C",1697
"HTR3D",2068
"HTR3E",2869
"HUS1B",1025
"HVCN1",4155
"HYAL4",2777
"HYDIN2",17641
"IAPP",2278
"ICAM3",4432
"ICAM4",1962
"ICE2P1",1849
"ICOS",2645
"ID3",1882
"IDI2",1359
"IFFO2",6564
"IFI27L2",1692
"IFI30",2888
"IFI44",2188
"IFIH1",5240
"IFIT1",4613
"IFIT1B",1972
"IFIT2",5645
"IFIT5",4015
"IFITM2",2041
"IFITM5",736
"IFNA1",863
"IFNA10",963
"IFNA13",1539
"IFNA14",990
"IFNA16",939
"IFNA17",980
"IFNA2",1135
"IFNA21",1024
"IFNA4",978
"IFNA5",987
"IFNA6",1544
"IFNA7",737
"IFNA8",1039
"IFNAR2",6704
"IFNB1",859
"IFNE",1475
"IFNK",1140
"IFNL2",737
"IFNL3",771
"IFNL3P1",501
"IFNL4",1836
"IFNW1",1932
"IFRD1",7776
"IFT122",9946
"IFT20",4480
"IGFALS",2960
"IGFBP7",1930
"IGFL1",769
"IGFL1P2",330
"IGFL4",3928
"IGFLR1",3815
"IGHA2",1430
"IGHD",1708
"IGHD1-1",17
"IGHD1-26",20
"IGHD2-15",31
"IGHD2-2",31
"IGHD2-21",28
"IGHD2-8",31
"IGHD3-16",37
"IGHD5-18",20
"IGHD5-24",20
"IGHD5-5",20
"IGHD6-13",21
"IGHD6-19",21
"IGHE",1618
"IGHEP1",651
"IGHG3",2894
"IGHGP",1178
"IGHJ6",61
"IGHM",1871
"IGHV1-12",205
"IGHV1-18",410
"IGHV1-2",417
"IGHV1-24",411
"IGHV1-3",395
"IGHV1-45",411
"IGHV1-58",414
"IGHV1-69",412
"IGHV1-69-2",353
"IGHV1-69D",411
"IGHV1OR15-1",353
"IGHV1OR15-3",351
"IGHV1OR15-4",348
"IGHV1OR15-9",353
"IGHV1OR21-1",353
"IGHV2-26",381
"IGHV2-5",378
"IGHV2-70D",434
"IGHV2OR16-5",358
"IGHV3-11",473
"IGHV3-13",430
"IGHV3-15",437
"IGHV3-16",425
"IGHV3-20",415
"IGHV3-21",430
"IGHV3-23",432
"IGHV3-32",355
"IGHV3-33",431
"IGHV3-35",366
"IGHV3-38",426
"IGHV3-43",434
"IGHV3-47",335
"IGHV3-48",432
"IGHV3-49",439
"IGHV3-53",571
"IGHV3-64",431
"IGHV3-66",427
"IGHV3-7",430
"IGHV3-71",359
"IGHV3-72",440
"IGHV3-73",437
"IGHV3-74",587
"IGHV3OR15-7",359
"IGHV3OR16-10",350
"IGHV3OR16-12",353
"IGHV3OR16-13",353
"IGHV3OR16-6",360
"IGHV3OR16-8",349
"IGHV3OR16-9",294
"IGHV4-28",425
"IGHV4-31",428
"IGHV4-34",400
"IGHV4-39",425
"IGHV4-4",417
"IGHV4-61",457
"IGHV4OR15-8",353
"IGHV5-10-1",410
"IGHV5-51",410
"IGHV5-78",295
"IGHV6-1",415
"IGHV7-4-1",402
"IGHV7-56",351
"IGHV7-81",405
"IGHVII-26-2",325
"IGHVII-49-1",224
"IGHVII-78-1",269
"IGHVIII-51-1",302
"IGIP",3458
"IGKC",523
"IGKV1-12",398
"IGKV1-13",347
"IGKV1-16",378
"IGKV1-17",378
"IGKV1-27",382
"IGKV1-33",421
"IGKV1-37",398
"IGKV1-39",398
"IGKV1-5",532
"IGKV1-6",380
"IGKV1-8",398
"IGKV1-9",409
"IGKV1D-12",371
"IGKV1D-13",376
"IGKV1D-16",378
"IGKV1D-17",532
"IGKV1D-27",335
"IGKV1D-33",479
"IGKV1D-37",353
"IGKV1D-39",376
"IGKV1D-42",373
"IGKV1D-43",532
"IGKV1D-8",534
"IGKV1OR-3",348
"IGKV1OR10-1",329
"IGKV1OR2-108",353
"IGKV1OR22-1",360
"IGKV1OR22-5",354
"IGKV2-24",390
"IGKV2-28",390
"IGKV2-29",372
"IGKV2-30",390
"IGKV2-4",340
"IGKV2D-10",281
"IGKV2D-18",375
"IGKV2D-24",390
"IGKV2D-26",390
"IGKV2D-28",402
"IGKV2D-29",400
"IGKV2D-30",395
"IGKV2D-40",336
"IGKV2OR22-4",367
"IGKV3-11",392
"IGKV3-15",442
"IGKV3-20",400
"IGKV3-34",293
"IGKV3-7",445
"IGKV3D-11",444
"IGKV3D-15",396
"IGKV3D-20",445
"IGKV3D-7",384
"IGKV3OR2-268",350
"IGKV4-1",538
"IGKV5-2",408
"IGKV6-21",406
"IGKV6D-21",409
"IGKV6D-41",371
"IGLC2",462
"IGLC3",462
"IGLJ2",175
"IGLJ3",176
"IGLJ4",33
"IGLJ5",72
"IGLJ6",70
"IGLL3P",434
"IGLV1-40",407
"IGLV1-41",406
"IGLV1-51",389
"IGLV10-54",567
"IGLV2-11",400
"IGLV2-14",402
"IGLV2-18",367
"IGLV2-23",502
"IGLV2-33",412
"IGLV3-1",398
"IGLV3-10",382
"IGLV3-12",356
"IGLV3-16",385
"IGLV3-19",377
"IGLV3-21",602
"IGLV3-22",409
"IGLV3-25",380
"IGLV3-27",377
"IGLV3-32",383
"IGLV4-3",403
"IGLV5-37",374
"IGLV5-45",397
"IGLV5-48",369
"IGLV5-52",379
"IGLV7-43",385
"IGLV7-46",385
"IGLV8OR8-1",352
"IGLV9-49",409
"IGSF5",2742
"IGSF6",3892
"IGSF9",7039
"IKBIP",4163
"IL10",2155
"IL10RB",4908
"IL11",3290
"IL12B",2761
"IL15",8484
"IL17C",1708
"IL17F",1067
"IL17RB",3138
"IL19",2587
"IL1F10",1597
"IL20",1567
"IL20RB",2473
"IL21R",5622
"IL22RA2",2897
"IL24",1979
"IL3",1050
"IL31",904
"IL32",4372
"IL33",3253
"IL36A",888
"IL36G",1380
"IL36RN",3299
"IL37",839
"IL4R",6356
"IL6",2363
"IL6R",6553
"IL6STP1",1020
"IL9",591
"IL9RP2",1312
"IL9RP3",1674
"IL9RP4",1248
"IMP3",2640
"INA",3231
"INCA1",2023
"INIP",4960
"INMT-MINDY4",2880
"INPP1",3676
"INS",893
"INS-IGF2",1826
"INSL3",923
"INSL4",1952
"INSL6",1760
"INTS4P1",3905
"INTS4P2",2019
"INVS",6169
"IP6K2",8864
"IPPKP1",768
"IQANK1",5282
"IQCA1L",2826
"IQCC",2731
"IQCD",2694
"IQCF1",745
"IQCF2",628
"IQCF3",2112
"IQCF6",478
"IQCH",7282
"IQCJ",2923
"IQCJ-SCHIP1",4445
"IQCN",13251
"IQGAP3",7119
"IRGC",2555
"IRGM",2271
"ISCA2P1",448
"ISG20",10283
"ISM2",5344
"ISOC1",1940
"ISX",3949
"ITFG2-AS1",1537
"ITGA1",19373
"ITGA10",6412
"ITGA2B",6238
"ITGA7",6796
"ITGAD",4411
"ITGAM",5983
"ITGB3BP",5623
"ITGBL1",6278
"ITIH4",6531
"ITLN1",1483
"ITPR1",34445
"ITPRIPL2",7440
"ITSN2",12849
"IVL",2153
"IZUMO2",1511
"IZUMO3",1440
"JAK1",6475
"JAK2",6284
"JAKMIP2-AS1",2106
"JPT1",4041
"JRK",14520
"JRKL",3511
"JSRP1",1950
"JTB",1782
"KARSP3",1504
"KBTBD11-OT1",7699
"KCNA7",4372
"KCNAB3",5586
"KCNE1",6153
"KCNE1B",4590
"KCNG4",7349
"KCNJ12",5617
"KCNK15",2599
"KCNK2",3910
"KCNK7",2036
"KCNMB3P1",3389
"KCNRG",1625
"KCNT2",7774
"KCP",8441
"KCTD21",5280
"KCTD3",5068
"KCTD9P6",950
"KDELR3",1929
"KDM4F",1917
"KHDC1",3693
"KIAA0087",4283
"KIAA0753",7563
"KIAA0825",10568
"KIAA1143",5467
"KIAA1191",4176
"KIAA2012",8020
"KIF13B",11609
"KIF16B",8294
"KIF23",7208
"KIF24",6131
"KIF25",3466
"KIF28P",3618
"KIF2B",2313
"KIF9",6261
"KIFC2",4576
"KIN",7693
"KIR2DL1",1674
"KIR2DL4",1724
"KIR2DS4",1608
"KIR3DL2",1877
"KIR3DX1",7906
"KLF18",3159
"KLF3P2",268
"KLHDC7A",5145
"KLHL22",4779
"KLK15",3320
"KLLN",4277
"KLRA1P",3380
"KLRB1",1448
"KLRC1",2990
"KLRC2",1748
"KLRC3",1239
"KLRC4",930
"KLRF2",731
"KLRG2",2567
"KNCN",3653
"KNOP1P5",1378
"KNSTRN",4392
"KRBA1",5337
"KRCC1",1753
"KRT126P",1181
"KRT127P",433
"KRT16P2",1648
"KRT16P6",2350
"KRT17P1",2206
"KRT17P2",2145
"KRT17P3",1262
"KRT17P6",1553
"KRT18P23",1283
"KRT18P27",1299
"KRT18P40",1571
"KRT18P55",2280
"KRT2",2522
"KRT20",1846
"KRT222",4393
"KRT24",1881
"KRT26",1733
"KRT27",1783
"KRT28",1685
"KRT32",1750
"KRT37",1475
"KRT39",1936
"KRT4",3677
"KRT40",2225
"KRT41P",1293
"KRT43P",910
"KRT72",2154
"KRT75",2324
"KRT77",4588
"KRT78",3767
"KRT82",2664
"KRT83",1875
"KRT84",2092
"KRT87P",1778
"KRT89P",1493
"KRT8P11",1436
"KRT8P22",1415
"KRTAP1-1",903
"KRTAP1-3",972
"KRTAP1-4",408
"KRTAP1-5",1177
"KRTAP10-1",1215
"KRTAP10-10",1100
"KRTAP10-11",1237
"KRTAP10-12",1155
"KRTAP10-2",1275
"KRTAP10-3",971
"KRTAP10-4",2724
"KRTAP10-5",1150
"KRTAP10-6",1238
"KRTAP10-7",1578
"KRTAP10-8",876
"KRTAP10-9",1648
"KRTAP12-1",588
"KRTAP12-2",739
"KRTAP12-3",410
"KRTAP12-4",447
"KRTAP13-1",749
"KRTAP13-2",867
"KRTAP13-3",704
"KRTAP13-4",797
"KRTAP15-1",671
"KRTAP16-1",1554
"KRTAP19-1",646
"KRTAP19-2",380
"KRTAP19-3",522
"KRTAP19-4",310
"KRTAP19-5",461
"KRTAP19-6",330
"KRTAP19-7",440
"KRTAP19-8",318
"KRTAP2-1",1079
"KRTAP2-2",1066
"KRTAP2-4",764
"KRTAP20-1",275
"KRTAP20-2",384
"KRTAP20-3",273
"KRTAP20-4",224
"KRTAP21-1",599
"KRTAP21-2",440
"KRTAP21-3",253
"KRTAP22-1",296
"KRTAP23-1",211
"KRTAP24-1",1650
"KRTAP25-1",370
"KRTAP26-1",1193
"KRTAP27-1",682
"KRTAP3-1",725
"KRTAP3-2",702
"KRTAP3-3",704
"KRTAP4-1",1527
"KRTAP4-11",1180
"KRTAP4-16",708
"KRTAP4-2",763
"KRTAP4-3",964
"KRTAP4-4",1081
"KRTAP4-5",879
"KRTAP4-6",1055
"KRTAP4-7",1055
"KRTAP4-9",1522
"KRTAP5-1",942
"KRTAP5-10",1176
"KRTAP5-11",1959
"KRTAP5-2",1118
"KRTAP5-4",1841
"KRTAP5-5",933
"KRTAP5-6",561
"KRTAP5-7",1408
"KRTAP5-8",1183
"KRTAP5-9",1136
"KRTAP6-1",500
"KRTAP6-2",313
"KRTAP6-3",636
"KRTAP7-1",721
"KRTAP9-1",1240
"KRTAP9-2",1005
"KRTAP9-3",992
"KRTAP9-4",967
"KRTAP9-6",1303
"KRTAP9-7",1039
"KRTAP9-8",960
"KRTAP9-9",981
"KXD1",5617
"L3HYPDH",3716
"LACC1",4727
"LAD1",3621
"LAIR1",9958
"LAMA3",15335
"LAMA5",14774
"LAMP5",2042
"LAMTOR4",2178
"LAMTOR5",3136
"LANCL1",5433
"LAT",5000
"LAT2",4950
"LBHD1",5238
"LBHD2",732
"LBP",1961
"LBX1-AS1",4225
"LBX2",2389
"LCA5L",8436
"LCE1A",422
"LCE1B",1139
"LCE1C",855
"LCE1D",430
"LCE1E",1522
"LCE1F",357
"LCE2A",592
"LCE2B",612
"LCE2C",614
"LCE2D",609
"LCE3A",270
"LCE3B",288
"LCE3C",425
"LCE3D",613
"LCE3E",611
"LCE4A",680
"LCE5A",819
"LCE6A",628
"LCN1",781
"LCN10",4637
"LCN1P1",505
"LCNL1",7732
"LDAH",8956
"LDHAL6B",1693
"LDLRAD1",2767
"LEAP2",2939
"LECT2",2669
"LEKR1",5829
"LELP1",523
"LEMD1",2287
"LENG9",1916
"LEPROTL1",5455
"LEXM",1777
"LGALS14",1079
"LGALS17A",2903
"LGALS4",3189
"LGALS9C",5174
"LGALS9DP",764
"LGI3",4813
"LGR6",4583
"LHB",630
"LHCGR",6281
"LILRA1",3623
"LILRA2",5472
"LILRA4",2474
"LILRA5",1760
"LILRA6",2945
"LILRP1",1370
"LILRP2",2127
"LIME1",4136
"LIMS2",9209
"LINC00173",2065
"LINC00200",4369
"LINC00239",639
"LINC00261",6164
"LINC00293",1996
"LINC00299",4418
"LINC00301",1977
"LINC00303",2224
"LINC00305",1136
"LINC00326",2515
"LINC00346",6265
"LINC00421",1054
"LINC00452",3578
"LINC00469",1268
"LINC00470",5304
"LINC00471",1282
"LINC00472",3990
"LINC00477",1710
"LINC00479",2516
"LINC00482",2234
"LINC00511",30107
"LINC00544",1502
"LINC00582",597
"LINC00583",387
"LINC00587",590
"LINC00592",1457
"LINC00602",2065
"LINC00607",5918
"LINC00615",1406
"LINC00618",899
"LINC00636",1443
"LINC00639",5219
"LINC00661",4581
"LINC00662",7958
"LINC00664",5889
"LINC00667",8840
"LINC00668",6508
"LINC00671",2727
"LINC00672",3692
"LINC00692",934
"LINC00705",1745
"LINC00839",2337
"LINC00840",3895
"LINC00842",2872
"LINC00905",2980
"LINC00910",8047
"LINC00917",4687
"LINC00923",7227
"LINC00937",5782
"LINC00955",2277
"LINC00957",2703
"LINC00960",3298
"LINC00963",14183
"LINC00967",2262
"LINC00968",2840
"LINC00973",962
"LINC00993",1175
"LINC01013",4279
"LINC01098",1034
"LINC01100",740
"LINC01101",1884
"LINC01118",3360
"LINC01148",1763
"LINC01159",3351
"LINC01164",3384
"LINC01169",833
"LINC01205",2664
"LINC01225",5644
"LINC01234",4484
"LINC01235",2576
"LINC01239",2568
"LINC01276",999
"LINC01341",4697
"LINC01343",2738
"LINC01387",603
"LINC01399",806
"LINC01460",2860
"LINC01517",7633
"LINC01531",4905
"LINC01547",2819
"LINC01548",777
"LINC01549",714
"LINC01550",6005
"LINC01551",3106
"LINC01553",6112
"LINC01554",2061
"LINC01555",2884
"LINC01556",466
"LINC01558",2440
"LINC01559",4580
"LINC01561",2176
"LINC01565",3147
"LINC01567",2907
"LINC01570",1107
"LINC01580",1026
"LINC01583",2568
"LINC01584",1992
"LINC01587",1164
"LINC01588",16612
"LINC01591",1240
"LINC01597",4472
"LINC01600",2434
"LINC01619",3802
"LINC01620",1719
"LINC01630",15465
"LINC01644",1090
"LINC01743",964
"LINC01783",2068
"LINC01804",2223
"LINC01881",2094
"LINC01935",437
"LINC01948",858
"LINC01949",3363
"LINC01959",2141
"LINC01973",4678
"LINC01993",2934
"LINC02011",3830
"LINC02021",1974
"LINC02022",635
"LINC02043",1832
"LINC02054",4058
"LINC02088",620
"LINC02090",400
"LINC02108",1184
"LINC02118",759
"LINC02125",2198
"LINC02145",2923
"LINC02169",854
"LINC02213",1185
"LINC02218",1527
"LINC02219",454
"LINC02226",1587
"LINC02241",1926
"LINC02259",594
"LINC02272",607
"LINC02297",1493
"LINC02312",3516
"LINC02313",550
"LINC02332",386
"LINC02337",374
"LINC02413",1485
"LINC02448",583
"LINC02449",1585
"LINC02453",2134
"LINC02520",537
"LINC02556",346
"LINC02599",3549
"LINC02610",2906
"LINC02614",7593
"LINGO1-AS1",2778
"LIPE-AS1",5974
"LIPG",15807
"LIPT1",2417
"LLCFC1",923
"LMAN1",7121
"LMBRD1",10970
"LMCD1",9130
"LMLN2",3829
"LMO4",5833
"LMO7",15892
"LMO7DN",1167
"LMTK2",9139
"LNX1",6446
"LONP2",11337
"LOR",1230
"LOXL4",3653
"LPAL2",4749
"LRAT",7562
"LRCH3",12639
"LRG1",3552
"LRP2BP",8482
"LRP5L",5204
"LRPAP1",12130
"LRRC10B",2219
"LRRC14",8724
"LRRC14B",1573
"LRRC15",5940
"LRRC19",3918
"LRRC29",3442
"LRRC31",3113
"LRRC37A",9118
"LRRC37A11P",8468
"LRRC37A16P",3934
"LRRC37A17P",5074
"LRRC37A2",10900
"LRRC37A4P",7171
"LRRC37A5P",2364
"LRRC37A6P",9640
"LRRC37A7P",3705
"LRRC37BP1",5555
"LRRC39",2317
"LRRC53",3859
"LRRC58",7903
"LRRC72",1386
"LRRC74A",2305
"LRRC75B",4786
"LRRFIP1P1",2246
"LRRN3",3875
"LRTM1",1584
"LSM10",2136
"LSMEM1",2721
"LSMEM2",1494
"LSP1P1",133
"LSP1P2",133
"LSP1P5",2764
"LSS",10082
"LST1",3140
"LTA4H",9257
"LTB4R",5639
"LTBP2",10115
"LTC4S",1344
"LTV1",1847
"LUCAT1",21851
"LURAP1",1854
"LUZP6",177
"LXN",1504
"LY6G6D",961
"LY6G6F",920
"LY6K",5593
"LY6L",988
"LY86",1399
"LY9",9118
"LYPD2",594
"LYPD3",2690
"LYPD5",8033
"LYPD8",2237
"LYPLA2P2",676
"LYRM1",3850
"LYRM2",12392
"LYSMD4",6600
"LYZL6",1126
"MAB21L2",2772
"MACROD2",11428
"MADCAM1",2660
"MAGOH3P",447
"MAGOHB",6168
"MALAT1",18408
"MALL",3167
"MALSU1",3933
"MAMDC4",5990
"MAN1C1",9026
"MAN2B1",5917
"MANBA",13232
"MANBAL",2045
"MANSC4",1023
"MAP10",3516
"MAP3K14",5948
"MAP4",18823
"MAPK12",13244
"MAPK13",7457
"MAPK15",3460
"MARCOL",1799
"MARK2P14",628
"MARVELD2",5573
"MARVELD3",7196
"MAS1",9841
"MAS1L",1260
"MASP2",4561
"MATN1",4987
"MAVS",11771
"MBD3L1",958
"MBD3L2",793
"MBD3L2B",1448
"MBD3L3",775
"MBD3L4",775
"MBD4",3660
"MBOAT7",7141
"MC1R",6244
"MC5R",3042
"MCAM",8166
"MCCD1",955
"MCEE",1968
"MCEMP1",1994
"MCM10",7332
"MCPH1",9775
"MCRIP1",3964
"MCTS2P",670
"MCUB",3683
"MDFIC2",778
"MDH1B",3110
"MDH2",3641
"MDS2",2142
"MEA1",3557
"MED11",1477
"MED15P5",992
"MED15P8",545
"MED18",2190
"MED9",5998
"MEG3",36510
"MEGF11",10533
"MEI4",5290
"MEIKIN",1723
"MEIOC",8769
"MELTF",8393
"MEP1AP4",1087
"MEPE",2477
"MET",7039
"METAP1D",4917
"METTL17",5724
"METTL26",2955
"METTL4",7183
"METTL5",3048
"METTL8",11642
"METTL9",9678
"MFGE8",8110
"MFNG",3783
"MFSD1",5845
"MFSD12",6715
"MFSD14C",12153
"MFSD3",2220
"MFSD4B",5958
"MGARP",1339
"MGAT4D",5957
"MGAT4EP",2810
"MGMT",3557
"MGST3",9055
"MIAT",11896
"MICB",3245
"MICU2",3945
"MICU3",4606
"MIEF1",8034
"MIEN1",3199
"MIER2",9414
"MIF4GD",3514
"MIIP",3599
"MINDY1",4325
"MIOX",1885
"MIP",3744
"MIPEPP3",754
"MIPOL1",20250
"MIR1-1",71
"MIR1-1HG-AS1",5203
"MIR100",80
"MIR101-1",75
"MIR1204",67
"MIR1205",63
"MIR1207",87
"MIR1208",73
"MIR124-1",85
"MIR124-2",109
"MIR124-3",87
"MIR1246",73
"MIR1251",70
"MIR1253",105
"MIR1257",117
"MIR125B1",88
"MIR125B2",89
"MIR1261",82
"MIR1269A",105
"MIR1297",77
"MIR1302-4",150
"MIR1302-7",72
"MIR130B",82
"MIR133A2",102
"MIR133B",119
"MIR135B",97
"MIR138-2",84
"MIR145",88
"MIR146A",99
"MIR148A",68
"MIR155",65
"MIR16-1",89
"MIR181A1",110
"MIR184",84
"MIR193A",88
"MIR193B",83
"MIR196A1",70
"MIR1972-2",77
"MIR202",110
"MIR2052HG",2989
"MIR205HG",4572
"MIR20A",71
"MIR216A",110
"MIR216B",82
"MIR217",110
"MIR22",85
"MIR296",80
"MIR29A",64
"MIR29B2",81
"MIR29B2CHG",19199
"MIR302E",72
"MIR30A",71
"MIR30C2",72
"MIR30D",70
"MIR3150BHG",3198
"MIR31HG",745
"MIR34A",110
"MIR365A",87
"MIR365B",111
"MIR3664",99
"MIR3691",90
"MIR370",75
"MIR371A",67
"MIR377",69
"MIR380",61
"MIR381",75
"MIR412",91
"MIR422A",90
"MIR429",83
"MIR4539",60
"MIR4739",74
"MIR487A",80
"MIR493",89
"MIR494",81
"MIR516A1",90
"MIR516A2",90
"MIR518A1",85
"MIR518A2",87
"MIR518C",101
"MIR518D",87
"MIR518F",87
"MIR520A",85
"MIR520D",87
"MIR520E",87
"MIR520F",87
"MIR520G",90
"MIR521-1",87
"MIR521-2",87
"MIR526A1",85
"MIR526B",83
"MIR548A1",97
"MIR548I2",149
"MIR550A3",95
"MIR551B",96
"MIR557",98
"MIR5689HG",860
"MIR570",97
"MIR573",99
"MIR5787",55
"MIR587",96
"MIR596",77
"MIR600",98
"MIR633",98
"MIR646",94
"MIR646HG",5137
"MIR650",96
"MIR654",81
"MIR655",97
"MIR663A",93
"MIR6817",66
"MIR6859-2",68
"MIR7-3",110
"MIR7152",54
"MIR770",98
"MIR802",94
"MIR8071-1",65
"MIR8071-2",65
"MIR873",77
"MIR876",81
"MIR9-3",90
"MIR920",75
"MIR96",78
"MIR99AHG",11762
"MIRLET7BHG",5728
"MIRLET7C",84
"MIS12",3457
"MIS18A",1723
"MISP",3630
"MKLN1",12933
"MKRN9P",2406
"MLANA",3257
"MLC1",4494
"MLEC",7304
"MLH3",11105
"MLKL",7965
"MLLT11",4075
"MLN",697
"MLPH",7514
"MMAA",9305
"MMP12",1874
"MMP13",2884
"MMP20",2834
"MMP23B",2973
"MMP24OS",5659
"MMP26",1425
"MMP27",1913
"MMP9",2336
"MNDA",2059
"MNS1",2834
"MOAP1",2537
"MOGAT1",1048
"MOGAT3",2843
"MORF4",971
"MORN5",868
"MOSPD3",1916
"MOXD1",5293
"MPC1",1546
"MPG",1661
"MPLKIP",8178
"MPPED2",9605
"MPRIPP1",1089
"MPST",7734
"MPV17",7821
"MPZL3",4751
"MRE11P1",2127
"MRGPRD",966
"MRGPRE",1409
"MRGPRF",2850
"MRGPRX1",2087
"MRGPRX2",2036
"MRGPRX3",1741
"MRGPRX4",1444
"MRLN",3249
"MRM1",2072
"MROH1",11137
"MRPL14",959
"MRPL16",2569
"MRPL18",1375
"MRPL20",3098
"MRPL23",3150
"MRPL3",2977
"MRPL32",3612
"MRPL33",1539
"MRPL34",1813
"MRPL38",5825
"MRPL40",1994
"MRPL44",1748
"MRPL45P2",2098
"MRPL50",3332
"MRPL51",1878
"MRPL54",1003
"MRPL57",2246
"MRPL9",2316
"MRPS12",2212
"MRPS15",2916
"MRPS16",3045
"MRPS18A",1804
"MRPS18C",5066
"MRPS2",2464
"MRPS21",1641
"MRPS26",1127
"MRPS28",2190
"MRPS31",2658
"MRPS31P2",518
"MRPS31P5",4313
"MRPS34",1097
"MRPS36P1",307
"MRPS6",5628
"MRPS7",3731
"MS4A1",5174
"MS4A12",1839
"MS4A14",4509
"MS4A15",2195
"MS4A2",4521
"MS4A4A",2948
"MS4A4E",1558
"MS4A6A",7018
"MS4A6E",1057
"MS4A7",4927
"MSC-AS1",6546
"MSL3P1",3500
"MSLN",2880
"MSLNL",2499
"MSMB",492
"MSRA",4609
"MSRB1",2698
"MSRB2",2052
"MSRB3",7572
"MST1L",8152
"MST1R",6558
"MT1A",396
"MT1B",380
"MT1E",1052
"MT1G",750
"MT1H",723
"MT1HL1",316
"MT1M",995
"MT1X",2539
"MT2A",2252
"MT4",294
"MTAP",15029
"MTATP6P18",673
"MTCL1",14535
"MTCO1P8",1523
"MTCYBP5",1135
"MTDHP2",714
"MTERF1",7235
"MTERF2",5250
"MTERF3",1801
"MTG1",4336
"MTHFSD",7418
"MTLN",2083
"MTNR1B",1956
"MTRF1",4386
"MTRF1LP2",1122
"MTRNR2L1",1553
"MTRNR2L11",1552
"MTRNR2L3",1539
"MTRNR2L4",1762
"MTRNR2L5",739
"MTRNR2L6",1447
"MTRNR2L7",1535
"MTRNR2L8",1303
"MTRNR2L9",75
"MTRR",6743
"MUC15",4941
"MUC2",17512
"MUC20",7512
"MUC20-OT1",21388
"MUC20P1",1680
"MUC21",3793
"MUC7",2798
"MUCL1",1304
"MUL1",2438
"MUSTN1",1210
"MUT",3749
"MUTYH",4893
"MXRA8",4809
"MYADML",3479
"MYBBP1A",6944
"MYBPH",1927
"MYCBPAP",7043
"MYCL",6697
"MYEOV",6068
"MYF6",1465
"MYH16",6500
"MYL5",5450
"MYL6B",3802
"MYL7",1632
"MYLK",26501
"MYLKP1",1580
"MYMK",1085
"MYMX",843
"MYO18B",10415
"MYO19",15037
"MYO6",8785
"MYO7B",9630
"MYO9A",24159
"MYOC",2099
"MYOCOS",2645
"MYOSLID",1204
"MYOZ3",6254
"MZT2A",4242
"MZT2B",1815
"NAA80",2465
"NAALADL1",5919
"NACA2",777
"NACA4P",1555
"NADSYN1",17207
"NAIP",10821
"NAMPTP1",2514
"NANOG",5769
"NANOGNB",996
"NANOGP8",1419
"NANS",5274
"NAP1L4",6594
"NAPRT",4438
"NAPSA",5417
"NAPSB",2184
"NARF",8374
"NARS2",3189
"NAT14",2803
"NAT16",4608
"NAT2",1322
"NAT8",947
"NAT8B",765
"NAT9",5100
"NATD1",4931
"NBAT1",1940
"NBEAP1",3689
"NBN",8727
"NBPF10",13493
"NBPF11",5947
"NBPF12",7388
"NBPF13P",1783
"NBPF14",13517
"NBPF15",5393
"NBPF17P",2119
"NBPF18P",568
"NBPF19",18960
"NBPF20",18995
"NBPF21P",1451
"NBPF22P",1603
"NBPF25P",4071
"NBPF26",6032
"NBPF3",7065
"NBPF4",2628
"NBPF6",2586
"NBPF7",1326
"NBPF8",5330
"NBR2",2096
"NCAM2",8380
"NCAPD3",9472
"NCBP1",5848
"NCBP2-AS2",918
"NCF1",3947
"NCF1B",2020
"NCMAP",4122
"NCOA4",4807
"NCOR1P3",303
"NDC1",5135
"NDUFA3",2644
"NDUFA5",11143
"NDUFA5P12",343
"NDUFA7",1597
"NDUFAB1",1700
"NDUFAF4",2540
"NDUFAF8",1533
"NDUFB1",2263
"NDUFB6",1800
"NDUFC1",1941
"NDUFC2-KCTD14",922
"NDUFS2",4584
"NDUFS6",1451
"NDUFV2P1",907
"NDUFV3",6459
"NEB",30850
"NEBL-AS1",681
"NECAB2",2545
"NECAP2",6658
"NEIL1",9593
"NEK1",8831
"NEK10",10437
"NEK3",4350
"NEK7",5641
"NELFB",2698
"NEPRO",9480
"NES",5558
"NEU2",1143
"NEU3",7786
"NEURL3",2983
"NEURL4",6818
"NEUROG2",2287
"NF1P10",751
"NF1P3",450
"NF1P6",1649
"NF1P8",1596
"NFAM1",5817
"NFATC2IP",5883
"NFATC3",8898
"NFE2",2684
"NFE4",1644
"NFU1P1",774
"NGDN",5136
"NGF",1047
"NGRN",8193
"NHLRC4",2105
"NICN1",4539
"NIFK",2659
"NINL",6089
"NIPA1",8777
"NIPSNAP3A",2735
"NKAIN1",3696
"NKAIN4",2668
"NKAPD1",6548
"NKG7",977
"NKIRAS1",5126
"NKX1-2",3364
"NLE1",6972
"NLRP1",14670
"NLRP14",3628
"NLRP5",4137
"NLRP8",3934
"NMB",1022
"NME1-NME2",1241
"NME2",2977
"NME5",3112
"NMNAT2",7485
"NMNAT3",13694
"NMRK1",4085
"NNAT",1332
"NNMT",3010
"NOC2LP2",1944
"NOC3L",4464
"NOD1",7504
"NOL12",3840
"NOL4L-DT",870
"NOL8",8942
"NOS2P1",3678
"NOTCH2NLA",7321
"NOTCH4",10617
"NPAP1",7526
"NPAP1L",1026
"NPB",2858
"NPBWR2",1352
"NPC2",2945
"NPHP3",11568
"NPIPA1",7545
"NPIPA2",1428
"NPIPA5",1556
"NPIPA8",1606
"NPIPB10P",1354
"NPIPB11",4398
"NPIPB12",5090
"NPIPB14P",1764
"NPIPB15",1702
"NPIPB1P",1338
"NPIPB3",5612
"NPIPB4",9276
"NPIPB7",1493
"NPIPB8",2338
"NPIPB9",2123
"NPIPP1",1494
"NPM1P2",867
"NPM1P21",762
"NPPA",1120
"NPPB",694
"NPPC",1071
"NPR1",5767
"NPS",270
"NPVF",1190
"NPW",1329
"NPY4R2",1956
"NR0B2",1156
"NR2E3",3279
"NR2F2-AS1",6063
"NR5A1",3989
"NRARP",1770
"NREP",12168
"NRG4",7577
"NRIP2",2803
"NRN1",2328
"NRN1L",1052
"NSMCE1-DT",3266
"NSMCE2",2991
"NSUN3",5731
"NSUN5",4194
"NT5C1B",6094
"NT5C3A",4032
"NT5C3B",3996
"NTM-AS1",703
"NTN5",3327
"NTS",1555
"NTSR2",1569
"NUBP2",6465
"NUDT1",2328
"NUDT16P1",2582
"NUDT18",1970
"NUDT19",2967
"NUDT7",1638
"NUDT8",1757
"NUP107",8546
"NUP210P1",1194
"NUP210P2",282
"NUPR1",5837
"NUPR2",603
"NUS1P2",873
"NUTM2A",5082
"NUTM2D",7553
"NUTM2E",4681
"NUTM2G",3906
"NUTM2HP",2498
"NXNL1",946
"NXPE1",4387
"NXPE4",2705
"OACYLP",3183
"OASL",4284
"OAT",3388
"OBP2A",1132
"OCEL1",3912
"OCIAD2",2715
"OCLM",884
"OCM",832
"ODAPH",3538
"ODF3L2",1916
"OFCC1",4850
"OGN",3321
"OIT3",2365
"OLIG2",5840
"OLR1",4040
"OOEP",1467
"OOSP3",850
"OOSP4A",577
"OOSP4B",1731
"OPALIN",3879
"OPRK1",7404
"OPRM1",9734
"OPRPN",1096
"OPTN",5494
"OR10A2",5390
"OR10A3",3711
"OR10A4",995
"OR10A5",1054
"OR10A6",7078
"OR10A7",951
"OR10AD1",1305
"OR10AG1",3823
"OR10C1",2711
"OR10D3",3648
"OR10G2",1105
"OR10G3",3582
"OR10G4",3623
"OR10G6",999
"OR10G7",4385
"OR10G8",1115
"OR10G9",936
"OR10H1",5500
"OR10H2",1041
"OR10H3",1029
"OR10H4",1537
"OR10H5",7131
"OR10J1",3557
"OR10J3",990
"OR10J5",930
"OR10K1",3936
"OR10K2",3023
"OR10P1",995
"OR10Q1",1037
"OR10R2",2167
"OR10S1",1121
"OR10V1",930
"OR10W1",1469
"OR10X1",981
"OR10Z1",6323
"OR11A1",2951
"OR11G2",5453
"OR11H12",1085
"OR11H2",1085
"OR11H4",1657
"OR11H7",945
"OR11L1",969
"OR12D1",1712
"OR12D2",2565
"OR12D3",1869
"OR13C2",957
"OR13C3",1108
"OR13C4",957
"OR13C5",957
"OR13C7",959
"OR13C8",963
"OR13C9",957
"OR13D1",1107
"OR13F1",960
"OR13G1",2568
"OR13J1",1339
"OR14A16",1367
"OR14C36",939
"OR14I1",936
"OR14J1",6479
"OR14K1",945
"OR1B1",995
"OR1C1",3980
"OR1F1",942
"OR1F2P",933
"OR1G1",998
"OR1I1",6057
"OR1J1",969
"OR1J2",942
"OR1J4",942
"OR1L1",1083
"OR1L3",1118
"OR1L4",936
"OR1L6",1115
"OR1M1",2588
"OR1N1",939
"OR1N2",1103
"OR1P1",994
"OR1Q1",945
"OR1S1",2452
"OR1S2",980
"OR2A1",4632
"OR2A12",4172
"OR2A13P",930
"OR2A14",2220
"OR2A2",1051
"OR2A25",1853
"OR2A42",5879
"OR2A5",9059
"OR2AE1",1071
"OR2AG1",7891
"OR2AG2",5293
"OR2AK2",1154
"OR2AP1",1548
"OR2B11",6769
"OR2B2",1212
"OR2B3",1106
"OR2B6",942
"OR2C1",1406
"OR2D2",1110
"OR2F2",1114
"OR2G2",954
"OR2G3",930
"OR2G6",6197
"OR2H1",5182
"OR2H2",3276
"OR2I1P",9862
"OR2J1",2295
"OR2J3",4904
"OR2L13",2019
"OR2L1P",1023
"OR2L2",4375
"OR2L3",2929
"OR2L5",2429
"OR2L8",939
"OR2M1P",951
"OR2M2",1229
"OR2M3",9933
"OR2M5",939
"OR2M7",939
"OR2P1P",776
"OR2S2",1047
"OR2T1",2224
"OR2T10",3522
"OR2T11",3770
"OR2T12",5722
"OR2T2",3530
"OR2T27",1285
"OR2T29",2637
"OR2T3",957
"OR2T33",4132
"OR2T34",957
"OR2T35",2957
"OR2T4",1047
"OR2T5",2525
"OR2T6",4670
"OR2T8",1226
"OR2U1P",879
"OR2V1",3733
"OR2V2",4820
"OR2W1",1028
"OR2W3",945
"OR2W5",1647
"OR2Y1",1058
"OR2Z1",1755
"OR3A1",1662
"OR3A2",3899
"OR3A3",3812
"OR3A4P",1461
"OR4A15",1035
"OR4A16",1081
"OR4A47",1064
"OR4A5",1071
"OR4A8",945
"OR4B1",930
"OR4C11",2737
"OR4C12",1063
"OR4C13",1029
"OR4C15",1113
"OR4C16",933
"OR4C3",1633
"OR4C45",921
"OR4C46",930
"OR4C4P",931
"OR4C5",981
"OR4C6",1119
"OR4D1",4927
"OR4D11",936
"OR4D5",1095
"OR4D6",1054
"OR4D9",7219
"OR4E1",4642
"OR4F13P",2054
"OR4F15",2119
"OR4F17",3265
"OR4F21",995
"OR4F4",1072
"OR4F5",2618
"OR4F6",1238
"OR4K1",1627
"OR4K13",6895
"OR4K15",1216
"OR4K17",6100
"OR4K2",18276
"OR4K3",947
"OR4K5",1078
"OR4L1",939
"OR4M1",6765
"OR4M2",1629
"OR4N2",3699
"OR4N4",951
"OR4N5",2187
"OR4Q2",3174
"OR4Q3",2165
"OR4S1",930
"OR4S2",2211
"OR4X1",918
"OR4X2",1025
"OR51A2",942
"OR51A4",5395
"OR51A7",2192
"OR51B2",939
"OR51B4",933
"OR51B5",3965
"OR51B6",939
"OR51C1P",1444
"OR51E1",5774
"OR51E2",3208
"OR51F1",960
"OR51F2",1136
"OR51G1",966
"OR51G2",4349
"OR51I1",945
"OR51L1",10573
"OR51M1",5766
"OR51Q1",1096
"OR51T1",1065
"OR52A1",10722
"OR52A4P",1972
"OR52B1P",909
"OR52B2",1079
"OR52B4",1124
"OR52B6",1008
"OR52E1",926
"OR52E2",978
"OR52E4",2947
"OR52E5",2244
"OR52E6",982
"OR52E8",1061
"OR52H1",1143
"OR52I2",6672
"OR52J3",936
"OR52K1",10075
"OR52K2",1067
"OR52L1",1094
"OR52M1",954
"OR52N1",3508
"OR52N2",1035
"OR52N4",1276
"OR52N5",3812
"OR52R1",948
"OR56A1",15615
"OR56A3",7493
"OR56A4",4977
"OR56A5",946
"OR56B1",2075
"OR56B3P",947
"OR56B4",1152
"OR5A2",9444
"OR5AC1",925
"OR5AC2",930
"OR5AK2",996
"OR5AN1",8502
"OR5AP2",1006
"OR5AR1",1026
"OR5AS1",7860
"OR5AU1",9669
"OR5B12",1810
"OR5B17",946
"OR5B2",3233
"OR5B21",931
"OR5B3",1046
"OR5BS1P",936
"OR5D13",945
"OR5D14",945
"OR5D16",987
"OR5D18",991
"OR5D3P",3685
"OR5F1",945
"OR5G5P",1673
"OR5H14",7365
"OR5H15",1234
"OR5H2",945
"OR5H8",1045
"OR5I1",945
"OR5K1",3552
"OR5K2",1060
"OR5K3",966
"OR5K4",966
"OR5L1",1110
"OR5L2",936
"OR5M1",5250
"OR5M10",1052
"OR5M11",1020
"OR5M3",1400
"OR5M8",1047
"OR5M9",933
"OR5R1",975
"OR5T1",1471
"OR5T2",2062
"OR5T3",1992
"OR5V1",4029
"OR5W2",933
"OR6B1",5196
"OR6B2",1492
"OR6B3",1097
"OR6C1",2061
"OR6C2",4656
"OR6C3",1403
"OR6C4",5151
"OR6C65",1076
"OR6C68",939
"OR6C70",939
"OR6C74",1105
"OR6C75",7968
"OR6C76",939
"OR6F1",1762
"OR6K2",975
"OR6K3",2840
"OR6K6",1172
"OR6M1",1053
"OR6N2",4409
"OR6P1",4209
"OR6Q1",1002
"OR6S1",996
"OR6T1",1089
"OR6V1",1028
"OR6X1",1058
"OR7A10",2777
"OR7A17",4884
"OR7A2P",1219
"OR7A5",5245
"OR7C1",12935
"OR7C2",960
"OR7D1P",933
"OR7D2",6472
"OR7D4",5990
"OR7E110P",574
"OR7E122P",6210
"OR7E22P",1277
"OR7E24",1870
"OR7E25P",5937
"OR7E28P",975
"OR7E38P",985
"OR7G1",936
"OR7G2",4053
"OR7G3",939
"OR8A1",6088
"OR8B12",2278
"OR8B2",1056
"OR8B3",3112
"OR8B4",990
"OR8D1",9478
"OR8D2",1051
"OR8D4",3175
"OR8G1",5055
"OR8G2P",908
"OR8G5",1674
"OR8H1",4872
"OR8H2",4130
"OR8H3",939
"OR8I2",1010
"OR8J1",1332
"OR8J2",2883
"OR8J3",4754
"OR8K1",1087
"OR8K3",2438
"OR8K5",924
"OR8S1",1131
"OR8U1",930
"OR9A2",1038
"OR9A4",2047
"OR9G1",3611
"OR9G4",3592
"OR9H1P",4888
"OR9I1",4129
"OR9K2",3590
"OR9Q2",3774
"ORM1",901
"ORM2",760
"OSTCP1",1226
"OSTN",3219
"OTOA",7756
"OTOAP1",2754
"OTOGL",12339
"OTOP1",1864
"OTULINL",4074
"OVCH1",3958
"OVCH1-AS1",6810
"OVCH2",2088
"OXA1L",4752
"OXER1",1781
"OXTR",4514
"P2RY11",2295
"P2RY6",4387
"P3H2",5913
"P3H3",5608
"P4HB",6725
"PABPC1P12",2175
"PABPC1P2",1805
"PABPC1P4",1875
"PADI3",3189
"PADI4",2971
"PADI6",2396
"PAEP",1454
"PAEPP1",526
"PAFAH2",3909
"PAIP2B",6279
"PALM",4927
"PALM2",4943
"PANO1",1680
"PANX1",2769
"PAPLN",8656
"PARGP1",3214
"PARL",2343
"PARP1",7298
"PARP3",3278
"PARP4P2",3326
"PARPBP",4745
"PASK",10686
"PAX4",3688
"PAXIP1",9946
"PAXIP1-AS2",8922
"PBOV1",2506
"PBX3",4883
"PCAT19",6432
"PCBD1",1731
"PCBP1-AS1",23509
"PCDHA11",6457
"PCDHA4",14854
"PCDHA8",5482
"PCDHB15",4370
"PCDHB16",5895
"PCDHB2",6326
"PCDHB5",4216
"PCDHB6",5686
"PCDHGB3",4757
"PCDHGB4",6906
"PCED1B",3486
"PCK1",10123
"PCK2",5201
"PCM1",14969
"PCNX4",22132
"PCSK9",5115
"PCYOX1L",7473
"PDCD11",7729
"PDCD2L",2006
"PDCD6IPP2",5244
"PDE10A",24863
"PDE4B",9165
"PDE6B",5252
"PDE6G",1583
"PDHA2",1456
"PDIA2",3259
"PDIA3",4393
"PDLIM1",2239
"PDLIM2",14517
"PDLIM3",9305
"PDPN",3715
"PDXDC2P-NPIPB14P",6934
"PDXK",12151
"PDZD3",5756
"PDZK1",2591
"PDZK1IP1",1438
"PDZK1P1",3674
"PEBP4",1329
"PECAM1",8253
"PECR",3182
"PEPD",4659
"PET100",3049
"PET117",1141
"PEX11G",1466
"PEX26",20356
"PF4",604
"PF4V1",522
"PFDN1",2662
"PFN1",2389
"PFN3",530
"PFN4",1056
"PGA3",5465
"PGA4",6303
"PGAM5P1",814
"PGC",2025
"PGK1P2",1214
"PGLYRP1",720
"PGLYRP4",2272
"PGM1",4469
"PGM5P2",1980
"PGPEP1L",1629
"PHBP18",813
"PHBP5",768
"PHF2P2",4050
"PHGR1",941
"PHKB",12633
"PHKG1",3298
"PHKG1P1",614
"PHLDB3",5076
"PHLPP2",14599
"PHYH",3492
"PHYKPL",8815
"PI4KAP1",6350
"PI4KAP2",9228
"PID1",3364
"PIFO",4379
"PIGBOS1",1692
"PIGW",2837
"PIGY",217
"PIH1D1",3957
"PIK3R4",5380
"PIK3R6",3813
"PILRA",2339
"PILRB",7729
"PIMREG",3110
"PINLYP",3807
"PIP",585
"PIP5K1P2",1120
"PIPSL",6083
"PIWIL3",4142
"PKD1L1",10418
"PKD1P5",10461
"PKD1P6",6586
"PKIA",4216
"PKIG",2496
"PKMP1",1523
"PKP3",4144
"PLA1A",2202
"PLA2G10",1116
"PLA2G16",3886
"PLA2G1B",638
"PLA2G2C",3670
"PLA2G2D",2681
"PLA2G2F",6585
"PLA2G4D",6564
"PLA2G4E",5823
"PLAC9",1361
"PLAC9P1",627
"PLAUR",4797
"PLBD2",5539
"PLCH2",17931
"PLD2",6028
"PLEKHA6",8251
"PLEKHA8P1",2327
"PLEKHB1",5482
"PLEKHG4B",14016
"PLEKHG7",7385
"PLEKHM1P1",8755
"PLEKHM2",4763
"PLGLA",991
"PLGLB1",3748
"PLGLB2",2390
"PLGRKT",1493
"PLIN2",6217
"PLIN3",3326
"PLK2",5360
"PLN",2001
"PLPP6",2944
"PLRG1",5650
"PLTP",2541
"PLVAP",2355
"PM20D1",2614
"PMAIP1",2235
"PMCH",766
"PMCHL2",2931
"PMF1-BGLAP",1312
"PMIS2",702
"PMS2CL",4301
"PMS2P4",1060
"PNKD",5184
"PNLIP",1539
"PNLIPP1",675
"PNLIPRP2",1681
"PNLIPRP3",2354
"PNMA2",6159
"PNMA8B",5671
"PNMA8C",4255
"PNPLA5",3554
"PNRC2",2779
"PODNL1",6514
"POLE4",2151
"POLG2",3529
"POLH",3751
"POLR2J2",2273
"POLR2J3",10492
"POLR2J4",1603
"POLR3E",10181
"POM121B",2487
"POM121L12",1283
"POM121L1P",2375
"POM121L7P",2404
"POM121L9P",6422
"POMC",2145
"POMT1",6514
"POMZP3",1861
"POR",7125
"POT1-AS1",6304
"POTEA",2268
"POTEB2",1687
"POTEB3",3650
"POTEC",7214
"POTED",3209
"POTEH",2293
"POTEI",7369
"POTEJ",3383
"POTEKP",2688
"POTEM",2231
"POU5F1B",4964
"POU5F2",8418
"PPBPP1",373
"PPDPF",1380
"PPHLN1",15119
"PPIAL4A",660
"PPIAL4C",600
"PPIAL4D",495
"PPIAL4G",3856
"PPIAL4H",660
"PPIAP14",496
"PPIAP15",484
"PPIAP58",472
"PPIAP68",502
"PPIAP72",504
"PPIEL",5974
"PPIL6",5217
"PPM1N",2805
"PPOX",5580
"PPP1R11",2722
"PPP1R14D",873
"PPP1R26",5276
"PPP1R27",1600
"PPP1R2B",1991
"PPP1R2P1",1296
"PPP1R32",2400
"PPP1R3D",3630
"PPP2R5B",3418
"PPP3R2",4468
"PPP4R1L",10321
"PPP6R2P1",1275
"PPT2",3750
"PQLC2",2847
"PQLC2L",3180
"PQLC3",2275
"PRAC2",657
"PRAME",4072
"PRAMEF1",2439
"PRAMEF10",1525
"PRAMEF11",1845
"PRAMEF12",1786
"PRAMEF13",2937
"PRAMEF14",2301
"PRAMEF15",1865
"PRAMEF17",1578
"PRAMEF18",2067
"PRAMEF19",1440
"PRAMEF2",1642
"PRAMEF20",1597
"PRAMEF25",1918
"PRAMEF26",1863
"PRAMEF27",1863
"PRAMEF30P",1417
"PRAMEF33",1518
"PRAMEF4",1828
"PRAMEF5",1720
"PRAMEF6",1784
"PRAMEF7",1660
"PRAMEF8",1937
"PRAMEF9",1863
"PRAMENP",3039
"PRAP1",1029
"PRB2",1799
"PRB4",1150
"PRC1",7116
"PRDM7",5022
"PRDX1",1668
"PRDX2P2",587
"PRELID3A",2812
"PRF1",2534
"PRG2",3144
"PRG3",869
"PRICKLE4",3315
"PRIMPOL",2843
"PRKAA2",9354
"PRKAR1AP1",1162
"PRLH",264
"PRM1",424
"PRM2",724
"PRM3",424
"PRND",3980
"PROCA1",7630
"PROKR1",4273
"PROKR2",1155
"PROS2P",1951
"PROSER2",3663
"PROSER3",8668
"PRR13",3275
"PRR18",3664
"PRR22",1938
"PRR23A",801
"PRR23C",2791
"PRR29",5384
"PRR31",978
"PRR33",3319
"PRR4",1610
"PRR7",1772
"PRRT1B",1312
"PRSS1",3070
"PRSS30P",4514
"PRSS3P1",742
"PRSS40A",4282
"PRSS48",989
"PRSS50",1372
"PRSS51",3346
"PRSS53",8275
"PRSS57",1090
"PRSS8",3619
"PRUNEP1",705
"PRXL2C",3084
"PSCA",1763
"PSENEN",2351
"PSG1",4961
"PSG10P",1819
"PSG2",2798
"PSG3",3903
"PSG4",8195
"PSG5",5294
"PSG6",5503
"PSG7",6101
"PSG8",4369
"PSG9",5303
"PSKH2",1662
"PSMA2P2",686
"PSMB10",2387
"PSMB11",2110
"PSMB7",1787
"PSMC3IP",3444
"PSMD10P2",1889
"PSMD9",9430
"PSMF1",6398
"PSMG2",3645
"PSMG3",2198
"PSMG3-AS1",8156
"PSMG4",11385
"PSORS1C1",6299
"PSPC1P1",665
"PSPHP1",261
"PSRC1",3649
"PSTK",6793
"PSTPIP2",4227
"PTCD2",12737
"PTCH2",5217
"PTCHD3P2",1205
"PTCHD3P3",906
"PTENP1",5211
"PTER",4129
"PTGDR",3033
"PTGR1",4188
"PTH",953
"PTH2",459
"PTH2R",4390
"PTHLH",4008
"PTMA",3475
"PTMS",1554
"PTP4A1",5779
"PTP4A2",8673
"PTPN2",10291
"PTPN20",4601
"PTPN20CP",920
"PTPN6",5550
"PTPN7",6213
"PTPRVP",6733
"PTRHD1",2684
"PTTG1",2300
"PTTG2",691
"PTTG3P",606
"PTX4",1898
"PUS7L",19088
"PUSL1",3231
"PVALEF",2339
"PVT1",6630
"PYCARD",1685
"PYCR3",3972
"PYDC1",861
"PYDC2",294
"PYHIN1",3479
"PYHIN5P",723
"PYY",1181
"PZP",6542
"QRFP",2069
"QRFPR",2160
"QTRT1",4113
"R3HCC1",3375
"R3HDML",1377
"RAB26",2870
"RAB28",2371
"RAB39A",1830
"RAB42",2200
"RAB44",4274
"RAB4A",3310
"RAB6C",3075
"RAB6C-AS1",4211
"RAB6D",3032
"RAB7B",3686
"RAD1",7543
"RAD51AP2",3724
"RAD51C",6745
"RAD9B",3691
"RAET1E",3467
"RAET1G",1486
"RAET1K",2214
"RAET1L",1346
"RAET1M",596
"RAMACL",1991
"RANGRF",2445
"RASA4",9536
"RASA4B",6024
"RASA4CP",4407
"RASA4DP",1199
"RASSF2",5759
"RASSF6",12106
"RASSF9",5682
"RAVER1",5639
"RAX",3728
"RAX2",2414
"RBAK",7124
"RBAK-RBAKDN",1049
"RBBP9",4564
"RBM11",2360
"RBM46",4972
"RBMXL1",5803
"RBSN",9456
"RCAN1",6990
"RCAN2",5543
"RCC2P3",1537
"RCCD1",7115
"RDM1",2215
"RDM1P3",579
"RDM1P5",4171
"REC8",5883
"RECQL4",4945
"REELD1",2260
"REEP6",2773
"REG1CP",2836
"RELT",7769
"REP15",1078
"RERG",5426
"RET",7197
"RETN",520
"RETNLB",1106
"RETREG3",7037
"REXO1L1P",8572
"RF00006",101
"RF00017_chr10",268
"RF00017_chr17",303
"RF00017_chr4",281
"RF00019_chr12",98
"RF00019_chr14",102
"RF00019_chr16",112
"RF00019_chr3",114
"RF00019_chr5",102
"RF00019_chr6",102
"RF00019_chr7",101
"RF00019_chr8",112
"RF00096",133
"RF00139",127
"RF00406",137
"RF00568",115
"RF01699",150
"RFKP2",477
"RFLNA",3173
"RFLNB",3621
"RFNG",6518
"RFPL3",1501
"RFPL3S",2063
"RFPL4B",1900
"RGCC",1032
"RGMB",7001
"RGPD2",7023
"RGPD6",13698
"RGS19",2028
"RGS3",16147
"RHCE",2567
"RHEBL1",1781
"RHEX",2181
"RHNO1",2718
"RHOT1P2",333
"RHOT2",7178
"RIC8A",10233
"RIDA",1567
"RIIAD1",2261
"RIMBP3",6105
"RIMBP3B",6105
"RIMBP3C",6105
"RIMKLA",8981
"RIOK2",5909
"RIPK2",3117
"RIPPLY2",4588
"RIPPLY3",2319
"RIT2",2045
"RLN1",1102
"RLN2",1278
"RMDN1",6067
"RMI1",3507
"RMI2",3632
"RMND1",5192
"RN7SKP299",301
"RN7SL209P",276
"RN7SL214P",265
"RN7SL319P",221
"RN7SL417P",265
"RN7SL422P",261
"RN7SL440P",343
"RN7SL860P",223
"RNA5-8SP2",152
"RNA5SP206",121
"RNA5SP29",106
"RNA5SP308",115
"RNA5SP467",118
"RNASE10",1200
"RNASE11",2713
"RNASE12",631
"RNASE13",1607
"RNASE3",720
"RNASE6",1061
"RNASE7",1760
"RNASEH2B",31896
"RNASEH2C",8518
"RNASEK-C17orf49",2379
"RNASET2",8399
"RNF113B",1376
"RNF115",11041
"RNF122",1868
"RNF133",1445
"RNF144B",5175
"RNF151",978
"RNF165",12789
"RNF167",3333
"RNF183",5303
"RNF212",5678
"RNF212B",2095
"RNF216P1",5844
"RNF217-AS1",4507
"RNF222",3070
"RNF224",1798
"RNF227",3288
"RNF31",5711
"RNF7",3565
"RNFT1-DT",2230
"RNFT1P3",1052
"RNH1",10501
"RNLS",3933
"RNU1-146P",165
"RNU1-20P",162
"RNU1-22P",158
"RNU1-68P",146
"RNU4-25P",230
"RNU4-48P",182
"RNU6-104P",107
"RNU6-1128P",109
"RNU6-1191P",107
"RNU6-1207P",107
"RNU6-1277P",107
"RNU6-1307P",103
"RNU6-1320P",107
"RNU6-181P",107
"RNU6-226P",107
"RNU6-233P",141
"RNU6-293P",106
"RNU6-316P",107
"RNU6-336P",107
"RNU6-353P",108
"RNU6-481P",107
"RNU6-713P",107
"RNU6-721P",105
"RNU6-784P",106
"RNU6-817P",104
"RNU6-978P",103
"RNU7-104P",79
"RNU7-115P",55
"RNY3P11",102
"RNY4P14",96
"RORA-AS2",664
"RP9P",1433
"RPEL1",2130
"RPL12P27",496
"RPL15P13",645
"RPL17P43",586
"RPL18P11",530
"RPL19P16",588
"RPL23A",2951
"RPL23AP93",484
"RPL29",3168
"RPL31P57",375
"RPL34-AS1",5217
"RPL35A",3109
"RPL35P2",363
"RPL37",9030
"RPL37AP1",279
"RPL37P1",284
"RPL39L",1060
"RPL41",1148
"RPL5P33",905
"RPL7L1P9",745
"RPL7P3",714
"RPL8",2760
"RPLP0P2",3909
"RPLP1",3464
"RPLP2",2178
"RPP38",1930
"RPS11",2047
"RPS19P7",396
"RPS21",1570
"RPS26",2214
"RPS27L",10669
"RPS27P29",252
"RPS4XP9",780
"RPS6KA4",3915
"RPS6KB2",7194
"RPSAP17",883
"RPSAP19",880
"RPSAP47",888
"RPSAP69",1189
"RPSAP76",853
"RRN3P1",5253
"RRN3P2",2395
"RRN3P3",3366
"RRNAD1",3436
"RSAD1",4459
"RSL1D1",6732
"RSPH1",3215
"RSPH4A",2840
"RSPO4",2923
"RSRP1",10833
"RSU1P1",441
"RSU1P2",4320
"RTL10",7549
"RTP3",1321
"RTP4",1554
"RTTN",21435
"RUBCN",9969
"RUFY4",5222
"RUNX1",16840
"RXFP4",1240
"RYR2",17777
"S100A1",3270
"S100A10",1543
"S100A12",518
"S100A16",2273
"S100A2",1567
"S100A3",955
"S100A4",1131
"S100A5",784
"S100A7",536
"S100A7A",4457
"S100A8",1037
"S100B",1671
"S100P",1315
"S1PR4",1978
"S1PR5",5411
"SAA2",2260
"SAA3P",653
"SAA4",727
"SAMSN1-AS1",840
"SAP25",1870
"SAPCD1",1653
"SARDH",5120
"SATB1-AS1",14313
"SAXO1",11643
"SAXO2",4160
"SBDSP1",1367
"SBK2",1092
"SCAMP4",7164
"SCAND2P",12037
"SCD",5362
"SCG2",2719
"SCGB1A1",582
"SCGB1C1",431
"SCGB1C2",478
"SCGB1D1",453
"SCGB1D4",439
"SCGB2A1",521
"SCGB2A2",1508
"SCGB2B2",2990
"SCGB3A1",846
"SCGB3A2",1075
"SCN4B",6197
"SCNN1A",7626
"SCOC-AS1",2573
"SCP2D1",667
"SCRG1",5396
"SCRN1",7066
"SCUBE2",9343
"SCUBE3",7356
"SCYGR1",267
"SCYGR2",363
"SCYGR3",303
"SCYGR4",1658
"SCYGR5",258
"SCYGR6",318
"SCYGR7",291
"SCYGR8",837
"SDCBP2",3071
"SDCBP2-AS1",4058
"SDCBP2P1",614
"SDCBPP2",885
"SDHAF1",1117
"SDHAP1",3353
"SDHAP3",1173
"SDHD",3016
"SDK1",12991
"SDR16C6P",1086
"SDR39U1",5967
"SDS",3412
"SEBOX",666
"SEC14L4",3107
"SEC1P",3574
"SEC22A",4899
"SEC22B",9034
"SEC22C",9339
"SEC24C",5827
"SECTM1",3394
"SELENOF",2349
"SELENOH",3543
"SELENOM",4052
"SELENON",4424
"SELENOV",2530
"SELPLG",4119
"SEM1",12111
"SEM1P1",209
"SEMA3B",8342
"SEMA3C",6708
"SEMA4C",6228
"SEMA4G",7318
"SEMG2",2051
"SENP8",5147
"SEPHS2",2551
"SEPT14P1",648
"SEPT14P21",1474
"SEPT7P2",4624
"SEPT7P3",621
"SERF1B",3051
"SERHL",1762
"SERHL2",2857
"SERINC5",9697
"SERPINA12",2276
"SERPINA13P",1718
"SERPINA2",931
"SERPINA3",5932
"SERPINA4",2546
"SERPINA6",1852
"SERPINB1",3333
"SERPINB11",3696
"SERPINB12",1278
"SERPINB2",2748
"SERPINB3",1777
"SERPINB8",5868
"SERPINF1",3310
"SERPINI1",2418
"SETD4",8667
"SETD8P1",1180
"SETD9",3066
"SETSIP",909
"SFR1",1812
"SFT2D3",3735
"SFTA2",1278
"SFTA3",4266
"SFTPB",4711
"SGCB",4541
"SGCD",10584
"SGCZ",2498
"SGPL1",7584
"SGPP2",3336
"SGTA",4186
"SH2B2",2488
"SH2D1B",2797
"SH2D2A",2512
"SH2D4A",4148
"SH2D6",3893
"SH3BGRL2",4653
"SH3BP1",5967
"SH3BP2",15842
"SH3D19",8367
"SH3PXD2A",16026
"SHANK2-AS3",1683
"SHBG",2415
"SHCBP1L",2982
"SHD",3876
"SHISA5",7688
"SHISAL2A",3145
"SHLD2",4242
"SHLD2P3",2712
"SHLD3",1964
"SHOC2",4429
"SHPRH",18285
"SHQ1",6719
"SIAH3",7057
"SIGLEC12",2390
"SIGLEC14",2152
"SIGLEC16",2550
"SIGLEC20P",1311
"SIGLEC31P",551
"SIGLEC5",2360
"SIGLEC6",3082
"SIGLEC7",2043
"SIGLEC8",3725
"SIGLEC9",2539
"SIK1B",4806
"SIKE1",7492
"SIM2",7729
"SIRPA",5078
"SIRPB1",7577
"SIRPB3P",1216
"SIRPD",1961
"SIRT2",8418
"SIRT5",6507
"SKA1",3129
"SKA2P1",390
"SKP1",13582
"SLC10A2",3779
"SLC10A5",2568
"SLC15A5",2923
"SLC16A6P1",1059
"SLC16A7",13665
"SLC18B1",2760
"SLC20A1P3",939
"SLC22A12",4111
"SLC22A14",4421
"SLC22A15",5292
"SLC22A16",4784
"SLC22A18AS",2323
"SLC22A20P",3983
"SLC22A25",3904
"SLC22A4",2688
"SLC22A6",2407
"SLC22A8",12040
"SLC23A2",7515
"SLC24A5",4940
"SLC25A15P2",338
"SLC25A21",3761
"SLC25A24",9154
"SLC25A40",5333
"SLC25A42",4519
"SLC25A45",10277
"SLC26A10",5153
"SLC26A7",6389
"SLC27A1",8695
"SLC27A3",10473
"SLC27A5",9832
"SLC29A1",5007
"SLC29A3",5816
"SLC29A4P2",1089
"SLC2A11",10249
"SLC2A9",6795
"SLC31A2",2555
"SLC34A1",4625
"SLC35A4",4054
"SLC35B3",3716
"SLC35D1",6162
"SLC35E2A",8409
"SLC35F5",8385
"SLC35F6",4039
"SLC35G1",8627
"SLC35G3",2004
"SLC35G4",1017
"SLC35G5",1321
"SLC35G6",1697
"SLC36A1",6980
"SLC36A2",5326
"SLC36A4",10912
"SLC38A3",4235
"SLC38A6",5529
"SLC38A7",8596
"SLC44A3",2869
"SLC46A3",4097
"SLC47A1",5983
"SLC47A1P2",1483
"SLC47A2",8890
"SLC49A3",2644
"SLC4A4",9812
"SLC51B",940
"SLC52A1",5505
"SLC52A2",4149
"SLC52A3",4115
"SLC5A4",2030
"SLC6A10P",4970
"SLC6A13",4820
"SLC6A18",2121
"SLC7A1",7859
"SLC7A10",3890
"SLC7A2",7905
"SLC7A5P1",537
"SLC7A6OS",5768
"SLC9A3R2",3751
"SLC9A7P1",5550
"SLC9B1P2",1184
"SLC9B1P3",1334
"SLC9B1P4",1288
"SLCO1C1",5252
"SLFN12",4306
"SLFN12L",5393
"SLFN13",16015
"SLFN5",10709
"SLITRK6",7164
"SLN",906
"SLPI",596
"SLX1B",2861
"SMAD9",5723
"SMAGP",5231
"SMCO4",1223
"SMCP",775
"SMDT1",1731
"SMG1P1",7593
"SMG1P2",4221
"SMG1P3",7875
"SMG1P4",6846
"SMG1P5",5063
"SMG1P6",2930
"SMG1P7",4555
"SMIM1",981
"SMIM11A",4200
"SMIM11P1",178
"SMIM13",5354
"SMIM18",955
"SMIM21",5047
"SMIM22",2296
"SMIM25",2451
"SMIM26",1098
"SMIM27",4145
"SMIM28",855
"SMIM29",2902
"SMIM3",2449
"SMIM31",3190
"SMIM32",1667
"SMIM33",2594
"SMIM34A",1050
"SMIM35",3769
"SMIM36",3506
"SMIM38",2900
"SMIM40",1041
"SMIM41",1422
"SMIM5",5449
"SMIM6",1218
"SMIM8",9687
"SMKR1",1071
"SMLR1",2512
"SMN1",3226
"SMNDC1",5643
"SMPD4P1",4217
"SMPD4P2",1634
"SMR3A",665
"SMTNL1",1732
"SMURF2P1",570
"SNAP23",6470
"SNAP47",6649
"SNAPC2",2213
"SNAPIN",1663
"SNCA",5267
"SNCAIP",7325
"SNCG",1247
"SNN",3312
"SNORA15B-1",135
"SNORA22",134
"SNORA22C",134
"SNORA7B",139
"SNORD114-14",75
"SNORD114-23",72
"SNORD114-31",75
"SNORD115-12",82
"SNORD115-14",81
"SNORD115-19",82
"SNORD115-2",82
"SNORD115-21",81
"SNORD115-25",82
"SNORD115-29",82
"SNORD115-3",82
"SNORD115-34",82
"SNORD115-41",82
"SNORD115-42",82
"SNORD115-9",82
"SNORD116-10",102
"SNORD116-11",92
"SNORD116-14",92
"SNORD116-17",92
"SNORD116-2",95
"SNORD116-3",95
"SNORD116-5",95
"SNORD1B",84
"SNORD50B",70
"SNRNP48",6025
"SNRPD2",1788
"SNRPE",1621
"SNRPEP2",279
"SNURF",1175
"SNX29P2",2184
"SNX5",9049
"SNX7",2067
"SNX9",4637
"SOAT2",2044
"SOCS1",1897
"SOCS5P2",1359
"SOCS5P5",1586
"SOHLH2",3399
"SORBS1",11216
"SORD2P",4209
"SORT1",9417
"SP7",5529
"SPAAR",2909
"SPACA6",4834
"SPAG11A",1973
"SPAG11B",1973
"SPAG7",3597
"SPARCL1",3707
"SPATA12",2413
"SPATA18",5483
"SPATA19",898
"SPATA21",4620
"SPATA25",757
"SPATA3",2856
"SPATA3-AS1",3854
"SPATA31A1",4354
"SPATA31A3",4256
"SPATA31A5",4256
"SPATA31A6",4307
"SPATA31A7",5144
"SPATA31B1P",4016
"SPATA31C1",4657
"SPATA31C2",3777
"SPATA31D1",5158
"SPATA31D3",4785
"SPATA31D4",4787
"SPATA31D5P",4863
"SPATA31E1",4478
"SPATA33",7235
"SPATA45",506
"SPATA48",2028
"SPATA6",7360
"SPATA7",7559
"SPATA8",1598
"SPATC1L",2333
"SPCS2P4",681
"SPDL1",4777
"SPDYE12P",771
"SPDYE16",3779
"SPDYE17",783
"SPDYE19P",713
"SPDYE20P",632
"SPDYE2B",2463
"SPDYE5",3689
"SPDYE6",1691
"SPECC1P2",246
"SPEM1",982
"SPEM2",1651
"SPEM3",3631
"SPG11",12669
"SPHAR",648
"SPHK1",4611
"SPICE1",8647
"SPINK1",1587
"SPINK13",1174
"SPINK4",654
"SPINK6",733
"SPINK7",2082
"SPINK8",444
"SPINT2",6449
"SPINT4",512
"SPON2",6669
"SPR",1480
"SPRN",3128
"SPRR1A",270
"SPRR1B",620
"SPRR2A",709
"SPRR2B",617
"SPRR2C",219
"SPRR2D",1057
"SPRR2E",734
"SPRR2F",681
"SPRR2G",568
"SPRR3",1441
"SPRR4",733
"SPRY4",8992
"SPTBN4",12145
"SPTSSB",5037
"SPTY2D1OS",2321
"SPX",7488
"SPZ1",1945
"SRARP",3039
"SRCIN1",12838
"SRFBP1",3111
"SRGAP2B",7591
"SRGAP2C",7723
"SRGAP2D",1021
"SRGN",1220
"SRI",4523
"SRP14-AS1",2992
"SRRM2-AS1",6649
"SRSF2",5014
"SRSF8",4588
"SRXN1",2698
"SS18L2",1427
"SSB",5506
"SSBP1",4988
"SSC5D",7693
"SSMEM1",1368
"SSPO",23127
"SSR3",5222
"SSR4P1",3639
"SSTR4",1427
"SSU72P2",585
"SSU72P3",585
"SSU72P4",585
"SSU72P5",585
"SSU72P7",585
"SSU72P8",585
"ST13P4",1093
"ST20",1614
"ST20-MTHFS",1049
"ST8SIA6",3854
"STAG3L2",2973
"STAG3L4",3397
"STAG3L5P-PVRIG2P-PILRB",4685
"STARD13",8388
"STARD4-AS1",5647
"STARD5",8013
"STARD7-AS1",3044
"STARP1",869
"STATH",2176
"STEAP4",13374
"STH",445
"STK24-AS1",1278
"STK36",6498
"STMND1",3014
"STON1",8251
"STON1-GTF2A1L",4407
"STRA6",8773
"STRCP1",5328
"STX11",1926
"STX19",1158
"STX8",3991
"SUCLA2",10338
"SUCNR1",4181
"SUCO",7894
"SUGT1P1",476
"SUGT1P3",1763
"SUGT1P4-STRA6LP",3701
"SULT1A1",10371
"SULT1A3",3334
"SULT1A4",2353
"SULT1C3",915
"SULT6B1",1325
"SUMO1",2164
"SUMO4",1066
"SUOX",6088
"SUPT20H",11303
"SURF6",5169
"SUSD3",1315
"SUSD5",5332
"SUZ12P1",4091
"SVIL-AS1",5099
"SVIL2P",3293
"SVIP",6062
"SYBU",9057
"SYCE2",1458
"SYCP1",4338
"SYN2",7231
"SYNE1",49094
"SYNE4",2842
"SYNGR2",7473
"SYNGR4",1240
"SYPL2",4088
"SYS1-DBNDD2",1402
"SYT15",7527
"SYT5",9170
"SYT8",7432
"SYTL3",3137
"TAAR2",1217
"TAAR5",1014
"TAAR8",1029
"TAAR9",1047
"TAC3",1574
"TAC4",1001
"TACC3",7554
"TAF11L11",1201
"TAF11L12",1088
"TAF11L13",597
"TAF11L14",594
"TAF11L2",597
"TAF1D",13849
"TAF2",6547
"TAF4B",6580
"TAL2",656
"TANGO2",6419
"TAPBP",6644
"TAPT1-AS1",2896
"TAS2R1",1727
"TAS2R10",1042
"TAS2R13",1637
"TAS2R14",2350
"TAS2R16",997
"TAS2R19",1002
"TAS2R20",1381
"TAS2R3",1101
"TAS2R30",1687
"TAS2R31",1021
"TAS2R39",1017
"TAS2R4",2378
"TAS2R40",1043
"TAS2R41",924
"TAS2R42",945
"TAS2R43",1027
"TAS2R46",930
"TAS2R5",1151
"TAS2R50",1000
"TAS2R7",1096
"TAS2R8",1243
"TAS2R9",1075
"TAX1BP3",1383
"TBC1D2",3681
"TBC1D21",1226
"TBC1D22A",5513
"TBC1D27P",5465
"TBC1D28",4918
"TBC1D29P",4938
"TBC1D3",2063
"TBC1D3B",2844
"TBC1D3D",2116
"TBC1D3E",2076
"TBC1D3F",2117
"TBC1D3G",2065
"TBC1D3H",2065
"TBC1D3I",2857
"TBC1D3J",1426
"TBC1D3K",2116
"TBC1D3L",2248
"TBC1D3P1-DHX40P1",1841
"TBC1D3P2",2728
"TBC1D3P3",1080
"TBC1D3P4",1075
"TBC1D3P5",5161
"TBC1D3P7",914
"TBCB",4189
"TBRG1",7156
"TBXAS1",6200
"TBXT",2629
"TCAF2C",2577
"TCAF2P1",2994
"TCAIM",8875
"TCF15",1555
"TCF19",4452
"TCF21",6950
"TCF7",13171
"TCHH",6995
"TCIM",1854
"TCN2",4072
"TCOF1",12769
"TCP10",12113
"TCP10L",3291
"TCP1P1",1610
"TCTA",3350
"TCTEX1D1",3167
"TCTN2",5299
"TDGF1",3398
"TDP2",3658
"TDRD12",7140
"TDRD3",8077
"TDRD7",4320
"TDRP",4014
"TECRL",6221
"TEKT2",1978
"TENM3",11983
"TENT4B",8624
"TERB2",1487
"TESPA1",5991
"TEX12",1234
"TEX15",12221
"TEX19",1936
"TEX22",2837
"TEX264",6604
"TEX33",1218
"TEX36-AS1",749
"TEX37",795
"TEX38",1603
"TEX41",15441
"TEX44",1383
"TEX46",658
"TEX47",1023
"TEX48",708
"TEX49",658
"TEX50",821
"TEX51",2051
"TEX52",1167
"TEX53",576
"TEX54",485
"TFAM",5651
"TFAP2A",11241
"TFEC",8929
"TFF1",551
"TFF2",830
"TFF3",1305
"TFP1",2318
"TFPT",1240
"THAP12P3",2266
"THAP8",2661
"THEM5",984
"THEM6",3507
"THRAP3P1",2786
"THRSP",1174
"THSD8",1769
"THUMPD1P1",1041
"THY1",8312
"TIAF1",5337
"TICAM2",3244
"TIFAB",5923
"TIGD1",2623
"TIGD6",6523
"TIGD7",6258
"TIMM21",5634
"TIMM8B",1166
"TINAG",2156
"TINCR",5421
"TIPIN",3816
"TK2",11966
"TKFC",9112
"TLDC2",2553
"TLE7",1514
"TLL2",8365
"TLN1",10204
"TLN2",16371
"TLR5",7765
"TLX1NB",2286
"TM4SF19",2153
"TM4SF20",2757
"TMA16",3950
"TMA7",1283
"TMC5",7115
"TMCO2",889
"TMCO5A",5371
"TMED5",10116
"TMED7",4274
"TMEM101",3029
"TMEM105",3961
"TMEM109",3145
"TMEM114",1678
"TMEM116",8293
"TMEM125",2127
"TMEM130",6471
"TMEM138",8118
"TMEM140",2313
"TMEM14A",992
"TMEM14B",5003
"TMEM151A",2562
"TMEM154",11900
"TMEM155",3316
"TMEM161B-AS1",4439
"TMEM170A",8806
"TMEM173",3951
"TMEM174",1795
"TMEM176A",4780
"TMEM177",2588
"TMEM179B",1992
"TMEM183B",1128
"TMEM186",1978
"TMEM189",9585
"TMEM19",6883
"TMEM191B",2769
"TMEM191C",5964
"TMEM196",4726
"TMEM200B",2639
"TMEM203",1557
"TMEM206",2914
"TMEM207",1448
"TMEM211",1123
"TMEM218",6353
"TMEM223",2336
"TMEM225",1107
"TMEM225B",1488
"TMEM229A",2108
"TMEM232",9563
"TMEM234",6555
"TMEM235",2913
"TMEM238",1000
"TMEM238L",2019
"TMEM247",680
"TMEM249",2534
"TMEM250",5168
"TMEM251",1385
"TMEM252",1245
"TMEM253",2272
"TMEM254",2996
"TMEM262",4907
"TMEM265",995
"TMEM269",4373
"TMEM270",977
"TMEM271",2421
"TMEM272",4529
"TMEM273",4980
"TMEM30CP",1291
"TMEM40",3767
"TMEM43",3572
"TMEM45B",3027
"TMEM50A",3550
"TMEM52B",3963
"TMEM54",1450
"TMEM56-RWDD3",1961
"TMEM61",1097
"TMEM63B",4465
"TMEM74",2877
"TMEM78",2175
"TMEM80",4966
"TMEM81",1332
"TMEM82",1520
"TMEM86B",3303
"TMEM87A",7955
"TMEM91",3991
"TMEM99",2362
"TMIE",1936
"TMIGD1",1228
"TMPRSS11B",3417
"TMPRSS11BNL",4933
"TMPRSS3",5940
"TMPRSS6",4368
"TMSB10",496
"TMSB4XP1",135
"TNFRSF10B",5906
"TNFRSF10C",2243
"TNFRSF13B",4287
"TNFRSF14",8332
"TNFRSF17",1118
"TNFRSF18",1370
"TNFRSF8",3738
"TNFSF13",3931
"TNFSF14",5574
"TNFSF18",2008
"TNFSF4",3942
"TNK1",4471
"TNNI3K",4945
"TNNT3",2858
"TNP1",407
"TNRC18P2",2714
"TNRC18P3",2691
"TOM1L1",8215
"TOMM34",2062
"TOMM5",4534
"TOP1MT",6686
"TOPAZ1",5334
"TOR3A",3917
"TP53AIP1",4848
"TP53INP1",5676
"TP53TG3D",3953
"TP53TG5",3040
"TP73-AS1",21976
"TPBGL",2793
"TPD52L1",8374
"TPD52L3",3954
"TPM3P7",732
"TPRG1",9535
"TPRX1",3546
"TPRX2P",881
"TPRXL",4328
"TPSB2",1900
"TPSG1",1255
"TPTE",2596
"TPTE2P1",3924
"TPTE2P5",1913
"TPTE2P6",1816
"TPTEP2-CSNK1E",1770
"TRABD2A",9420
"TRAC",976
"TRAF1",6449
"TRAJ1",62
"TRAJ10",64
"TRAJ12",60
"TRAJ13",63
"TRAJ14",52
"TRAJ16",60
"TRAJ17",63
"TRAJ18",66
"TRAJ19",60
"TRAJ21",55
"TRAJ22",63
"TRAJ23",63
"TRAJ24",63
"TRAJ25",60
"TRAJ26",60
"TRAJ28",66
"TRAJ29",60
"TRAJ3",62
"TRAJ30",57
"TRAJ31",57
"TRAJ32",66
"TRAJ33",57
"TRAJ35",59
"TRAJ38",62
"TRAJ39",63
"TRAJ40",61
"TRAJ41",62
"TRAJ42",66
"TRAJ44",63
"TRAJ47",57
"TRAJ48",63
"TRAJ49",56
"TRAJ5",60
"TRAJ50",60
"TRAJ52",69
"TRAJ54",60
"TRAJ57",63
"TRAJ58",63
"TRAJ6",62
"TRAJ61",60
"TRAJ7",59
"TRAJ9",61
"TRAK2",7595
"TRAP1",5266
"TRAPPC1",1420
"TRAPPC12-AS1",908
"TRAPPC2B",2475
"TRAPPC6A",1051
"TRAT1",2528
"TRAV1-1",392
"TRAV1-2",402
"TRAV10",379
"TRAV12-1",340
"TRAV12-2",445
"TRAV12-3",399
"TRAV13-1",360
"TRAV13-2",410
"TRAV14DV4",425
"TRAV16",329
"TRAV17",484
"TRAV18",440
"TRAV20",406
"TRAV21",343
"TRAV22",464
"TRAV23DV6",409
"TRAV24",343
"TRAV25",403
"TRAV26-1",537
"TRAV26-2",327
"TRAV27",425
"TRAV29DV5",469
"TRAV3",519
"TRAV30",337
"TRAV35",330
"TRAV38-1",353
"TRAV38-2DV8",395
"TRAV39",331
"TRAV4",395
"TRAV40",317
"TRAV41",336
"TRAV5",352
"TRAV6",404
"TRAV7",337
"TRAV8-1",473
"TRAV8-2",566
"TRAV8-3",341
"TRAV8-4",469
"TRAV8-5",341
"TRAV8-6",561
"TRAV8-7",341
"TRAV9-1",338
"TRAV9-2",394
"TRBC2",758
"TRBJ1-4",51
"TRBJ2-1",50
"TRBJ2-4",50
"TRBJ2-5",48
"TRBJ2-6",53
"TRBV10-1",412
"TRBV10-2",395
"TRBV10-3",368
"TRBV11-1",364
"TRBV11-3",392
"TRBV12-4",406
"TRBV12-5",411
"TRBV13",374
"TRBV15",421
"TRBV17",344
"TRBV19",552
"TRBV2",421
"TRBV20-1",413
"TRBV20OR9-2",416
"TRBV21OR9-2",367
"TRBV22-1",337
"TRBV23-1",347
"TRBV23OR9-2",335
"TRBV24-1",381
"TRBV24OR9-2",435
"TRBV25OR9-2",374
"TRBV27",387
"TRBV28",364
"TRBV29-1",402
"TRBV30",447
"TRBV4-1",373
"TRBV4-2",455
"TRBV5-1",652
"TRBV5-3",343
"TRBV5-4",544
"TRBV5-5",350
"TRBV5-6",384
"TRBV5-7",343
"TRBV6-1",401
"TRBV6-2",424
"TRBV6-4",365
"TRBV6-5",410
"TRBV6-6",388
"TRBV6-7",344
"TRBV6-8",341
"TRBV7-3",397
"TRBV7-9",347
"TRDC",720
"TRDD1",8
"TRDJ1",51
"TRDJ3",59
"TRDJ4",48
"TRDV1",467
"TRDV2",520
"TREHP1",511
"TREM1",5458
"TREM2",1095
"TREML1",1598
"TREML3P",978
"TRGC1",2730
"TRGC2",1013
"TRGJ1",50
"TRGJ2",50
"TRGJP",61
"TRGJP2",60
"TRGV1",465
"TRGV10",512
"TRGV11",463
"TRGV3",537
"TRGV4",688
"TRGV5",552
"TRGV8",468
"TRGVA",285
"TRH",1978
"TRIB3",3434
"TRIM16",7075
"TRIM16L",4792
"TRIM21",2105
"TRIM31",3972
"TRIM32",3780
"TRIM40",2869
"TRIM43B",1668
"TRIM43CP",1028
"TRIM45",4525
"TRIM48",1445
"TRIM49",2163
"TRIM49C",2163
"TRIM49D1",2164
"TRIM50",2490
"TRIM51",1832
"TRIM51CP",1357
"TRIM51EP",1516
"TRIM51FP",1353
"TRIM51GP",1625
"TRIM51HP",2252
"TRIM51JP",1317
"TRIM52",9480
"TRIM53AP",1544
"TRIM53BP",1720
"TRIM53CP",1358
"TRIM59",9793
"TRIM6-TRIM34",3391
"TRIM64",2691
"TRIM64FP",1371
"TRIM75P",1840
"TRIM77BP",1353
"TRIP6",3304
"TRIQK",13142
"TRMT10A",5123
"TRMT112P6",372
"TRMT12",2812
"TRMT5",5692
"TRMT61B",2056
"TRMT9B",16070
"TRNP1",2270
"TROAP",5178
"TRPC3",4521
"TRPM4",7460
"TRPM7",14430
"TRUB2",6308
"TSACC",1192
"TSBP1-AS1",9275
"TSEN54",4061
"TSGA10",7876
"TSGA10IP",2249
"TSLP",4554
"TSPAN10",4745
"TSPAN31",6705
"TSPAN4",7390
"TSPAN8",2535
"TSPO",1455
"TSPO2",988
"TSR1",5657
"TSSC2",3865
"TSTD3",1035
"TTC12",5908
"TTC23",7285
"TTC23L",4527
"TTC27",3800
"TTC29",3332
"TTC31",10898
"TTC32",1986
"TTC34",9342
"TTC39A-AS1",1282
"TTC41P",7665
"TTC4P1",1158
"TTC9C",2921
"TTI2",4878
"TTLL3",16779
"TTLL5",12476
"TTLL6",5317
"TTLL8",2707
"TTN",119320
"TUBA3GP",1325
"TUBA4B",1678
"TUBAL3",1798
"TUBB1",3496
"TUBB2BP1",871
"TUBB7P",1305
"TUBB8P12",1633
"TUBB8P4",1324
"TUBB8P5",1351
"TUBB8P6",1288
"TUBB8P7",2473
"TUBB8P9",1276
"TUBGCP5",6875
"TVP23C-CDRT4",3475
"TXNIP",4503
"TXNP1",371
"TXNRD2",9218
"TYR",3896
"TYROBP",1004
"TYW1B",3258
"U2AF1L4",4709
"UBA6-AS1",6761
"UBALD2",1830
"UBBP4",1815
"UBD",1087
"UBE2D3",12655
"UBE2E2-AS1",532
"UBE2L5",3846
"UBE2Q2",4174
"UBE2Q2L",1100
"UBE2Q2P1",3694
"UBE2U",1838
"UBE2V1P6",422
"UBE3AP2",2259
"UBE3B",13492
"UBL4B",1478
"UBQLNL",2313
"UBTFL1",1182
"UBXN10",5571
"UBXN11",5170
"UBXN2A",6933
"UBXN8",3362
"UCN",795
"UCN2",1481
"UCP1",1462
"UFD1",9379
"UFSP1",996
"UGT1A1",4467
"UGT1A4",2522
"UGT1A5",2345
"UGT2B17",2077
"UGT2B24P",1597
"UGT2B25P",1586
"UGT2B26P",1613
"UGT2B27P",1620
"UGT3A2",2798
"ULBP1",3142
"ULBP2",1349
"ULBP3",988
"ULK4",6679
"ULK4P2",1563
"ULK4P3",1487
"UNC13B",18220
"UNC13D",8400
"UNC80",19382
"UNC93B3",687
"UNC93B4",747
"UNC93B6",1144
"UNC93B7",705
"UNC93B8",705
"UPK3A",1051
"UPP2",2957
"UQCC3",2610
"UQCR10",975
"UQCR11",2467
"UQCRH",1570
"UQCRHL",2180
"UQCRQ",1897
"URAD",931
"URM1",5884
"UROS",10374
"USH2A",20737
"USP17L1",1593
"USP17L10",1680
"USP17L11",1680
"USP17L13",1680
"USP17L17",1680
"USP17L2",1910
"USP17L3",1593
"USP17L4",1593
"USP17L7",2022
"USP17L8",1593
"USP18",2129
"USP2-AS1",4762
"USP32P1",10558
"USP32P2",7576
"USP41",1592
"USP43",5417
"USP50",1907
"UTP6",7254
"UTS2",1908
"UTS2B",3850
"UTS2R",1357
"VAMP3",2760
"VASH1",6568
"VHLL",676
"VIT",3710
"VMAC",2254
"VMP1",8241
"VN1R1",2353
"VN1R10P",875
"VN1R2",1586
"VN1R4",1048
"VN1R5",1239
"VNN2",2743
"VPREB1",755
"VPREB3",610
"VPS13B",17143
"VPS35P1",1518
"VPS41",8799
"VSIG10L2",5319
"VSTM2A-OT1",3031
"VSX1",4216
"VTI1B",6450
"VWA2",3301
"VWA3A",5117
"VWA5A",6403
"VWFP1",2907
"WASH3P",2351
"WASHC1",2270
"WASHC3",2720
"WBP1",3390
"WBP1LP2",998
"WBP2NL",6574
"WDR3",10275
"WDR35",8505
"WDR4",3155
"WDR41",9158
"WDR45BP1",1029
"WDR54",3982
"WDR55",9349
"WDR5B",3720
"WDR66",16623
"WDR87",9370
"WDR89",5392
"WDR97",10778
"WFDC10A",706
"WFDC10B",630
"WFDC11",654
"WFDC13",1372
"WFDC3",2534
"WFDC6",792
"WHAMMP2",6821
"WIPF2",8123
"WIPF3",6190
"WISP1",5190
"XAF1",7194
"XCL1",1367
"XIRP1",9904
"XKR5",5031
"XKR8",2743
"XPNPEP3",9574
"XRCC1",3897
"XRCC6P1",1805
"XRN2",3437
"XYLB",6318
"YAE1",2691
"YBX1P6",1002
"YIPF2",3400
"YPEL1",5348
"YWHAEP7",2998
"YY1AP1",5393
"Z82190.2",1914
"Z82198.2",567
"Z82206.1",1322
"Z85994.1",606
"Z97205.1",448
"Z97353.1",578
"Z98752.1",518
"Z99774.1",2613
"ZACN",5198
"ZAR1",1460
"ZBBX",3972
"ZBED2",2311
"ZBED3",6983
"ZBED6CL",2933
"ZC3H11B",2436
"ZC3HAV1L",1753
"ZCWPW2",3223
"ZDHHC1",3576
"ZDHHC11B",5315
"ZDHHC20P2",429
"ZDHHC21",9426
"ZDHHC24",6651
"ZDHHC4",3811
"ZDHHC8P1",4577
"ZFAND1",6948
"ZFAND2B",6383
"ZFHX2-AS1",5097
"ZFP41",6910
"ZFP69",3404
"ZFYVE19",6388
"ZHX1-C8orf76",1325
"ZNF106",17066
"ZNF107",7289
"ZNF117",17112
"ZNF124",4517
"ZNF137P",2029
"ZNF138",2932
"ZNF14",2949
"ZNF141",5918
"ZNF142",6994
"ZNF154",5871
"ZNF16",5237
"ZNF174",3395
"ZNF180",5183
"ZNF189",3595
"ZNF2",4068
"ZNF211",3312
"ZNF214",3057
"ZNF221",2798
"ZNF223",3456
"ZNF229",9682
"ZNF232",3729
"ZNF252P",9756
"ZNF257",5141
"ZNF26",21157
"ZNF268",14802
"ZNF271P",7722
"ZNF280A",2148
"ZNF280D",15538
"ZNF285B",1767
"ZNF295-AS1",1363
"ZNF30",2918
"ZNF300P1",3127
"ZNF320",9189
"ZNF347",13457
"ZNF354C",5411
"ZNF358",2069
"ZNF37BP",13159
"ZNF37CP",241
"ZNF385C",5769
"ZNF404",2479
"ZNF417",5977
"ZNF428",2489
"ZNF429",6150
"ZNF43",14511
"ZNF431",14949
"ZNF439",5458
"ZNF44",6524
"ZNF443",3165
"ZNF45",4740
"ZNF468",11581
"ZNF474",2118
"ZNF479",3052
"ZNF487",5444
"ZNF491",3032
"ZNF511",3279
"ZNF511-PRAP1",1044
"ZNF525",8958
"ZNF527",6991
"ZNF530",7601
"ZNF542P",4832
"ZNF547",3742
"ZNF552",4311
"ZNF559-ZNF177",5316
"ZNF561-AS1",5075
"ZNF564",3681
"ZNF573",5075
"ZNF577",10920
"ZNF580",3922
"ZNF582",5665
"ZNF593",1068
"ZNF597",5524
"ZNF615",7506
"ZNF616",5053
"ZNF619",4936
"ZNF620",3814
"ZNF627",3827
"ZNF658",4902
"ZNF658B",3897
"ZNF66",3009
"ZNF667-AS1",4787
"ZNF670",1994
"ZNF670-ZNF695",3295
"ZNF671",5466
"ZNF678",8915
"ZNF681",6935
"ZNF69",3063
"ZNF695",4166
"ZNF701",7259
"ZNF702P",5424
"ZNF705A",3711
"ZNF705B",1207
"ZNF705D",3377
"ZNF705E",3442
"ZNF705G",3644
"ZNF706",8430
"ZNF708",7002
"ZNF709",5833
"ZNF716",5197
"ZNF718",4921
"ZNF720",10820
"ZNF723",1835
"ZNF724",3411
"ZNF72P",1908
"ZNF730",3311
"ZNF735",1570
"ZNF736",9409
"ZNF747",5333
"ZNF761",4714
"ZNF765",14175
"ZNF766",8019
"ZNF767P",4304
"ZNF772",7573
"ZNF780B",12378
"ZNF781",5320
"ZNF782",4993
"ZNF788P",5692
"ZNF80",4687
"ZNF806",1774
"ZNF807",1707
"ZNF812P",2332
"ZNF813",6244
"ZNF815P",2302
"ZNF816",3842
"ZNF816-ZNF321P",1252
"ZNF826P",8218
"ZNF849P",1566
"ZNF85",4672
"ZNF876P",2804
"ZNF888",4455
"ZNF92",3512
"ZNF93",6630
"ZNF969P",2341
"ZNF970P",223
"ZNF99",10708
"ZNFX1",9713
"ZNHIT3",7010
"ZNRD1ASP",18780
"ZNRF2P3",374
"ZNRF4",1426
"ZP4",2474
"ZPBP",2848
"ZSCAN26",3004
"ZSCAN31",6232
"ZSCAN32",8913
"ZSCAN5C",1892
"ZSCAN5DP",1488
"ZSWIM1",3050
"ZSWIM5P1",1970
"ZWILCH",4998
"ZWINT",4058
