"","gene"
"1","AL627309.1"
"2","AL627309.5"
"3","AL669831.2"
"4","LINC01409"
"5","FAM87B"
"6","LINC01128"
"7","LINC00115"
"8","FAM41C"
"9","AL645608.6"
"10","AL645608.2"
"11","SAMD11"
"12","NOC2L"
"13","KLHL17"
"14","AL645608.7"
"15","HES4"
"16","ISG15"
"17","AL645608.1"
"18","AGRN"
"19","C1orf159"
"20","AL390719.3"
"21","LINC01342"
"22","TTLL10"
"23","SDF4"
"24","B3GALT6"
"25","UBE2J2"
"26","LINC01786"
"27","SCNN1D"
"28","ACAP3"
"29","PUSL1"
"30","INTS11"
"31","CPTP"
"32","DVL1"
"33","MXRA8"
"34","AURKAIP1"
"35","CCNL2"
"36","MRPL20-AS1"
"37","MRPL20"
"38","AL391244.2"
"39","VWA1"
"40","ATAD3C"
"41","ATAD3B"
"42","ATAD3A"
"43","TMEM240"
"44","SSU72"
"45","AL645728.1"
"46","FNDC10"
"47","AL691432.4"
"48","AL691432.2"
"49","MIB2"
"50","CDK11B"
"51","FO704657.1"
"52","SLC35E2B"
"53","CDK11A"
"54","SLC35E2A"
"55","NADK"
"56","GNB1"
"57","TMEM52"
"58","CFAP74"
"59","GABRD"
"60","PRKCZ"
"61","AL590822.2"
"62","PRKCZ-AS1"
"63","FAAP20"
"64","AL590822.1"
"65","SKI"
"66","MORN1"
"67","AL513477.2"
"68","RER1"
"69","PEX10"
"70","PLCH2"
"71","PANK4"
"72","HES5"
"73","AL139246.5"
"74","TNFRSF14"
"75","PRXL2B"
"76","MMEL1"
"77","TTC34"
"78","PRDM16-DT"
"79","PRDM16"
"80","AL590438.1"
"81","AL354743.2"
"82","AL354743.1"
"83","MEGF6"
"84","AL513320.1"
"85","TPRG1L"
"86","WRAP73"
"87","TP73"
"88","CCDC27"
"89","LRRC47"
"90","CEP104"
"91","DFFB"
"92","C1orf174"
"93","LINC01134"
"94","LINC01346"
"95","AJAP1"
"96","AL365255.1"
"97","NPHP4"
"98","KCNAB2"
"99","CHD5"
"100","RPL22"
"101","RNF207"
"102","ICMT"
"103","LINC00337"
"104","GPR153"
"105","ACOT7"
"106","AL031848.2"
"107","HES2"
"108","ESPN"
"109","TNFRSF25"
"110","PLEKHG5"
"111","NOL9"
"112","TAS1R1"
"113","ZBTB48"
"114","KLHL21"
"115","PHF13"
"116","THAP3"
"117","DNAJC11"
"118","AL591163.1"
"119","CAMTA1-DT"
"120","CAMTA1"
"121","AL512330.1"
"122","Z97987.1"
"123","AL359881.3"
"124","AL359881.2"
"125","AL359881.1"
"126","VAMP3"
"127","Z98884.2"
"128","PER3"
"129","Z98884.1"
"130","UTS2"
"131","TNFRSF9"
"132","PARK7"
"133","AL034417.4"
"134","AL034417.3"
"135","ERRFI1"
"136","AL034417.2"
"137","SLC45A1"
"138","RERE"
"139","RERE-AS1"
"140","AL357552.2"
"141","ENO1"
"142","ENO1-AS1"
"143","CA6"
"144","SLC2A7"
"145","SLC2A5"
"146","GPR157"
"147","MIR34AHG"
"148","H6PD"
"149","SPSB1"
"150","LINC02606"
"151","SLC25A33"
"152","TMEM201"
"153","PIK3CD"
"154","PIK3CD-AS2"
"155","CLSTN1"
"156","CTNNBIP1"
"157","AL357140.1"
"158","AL357140.4"
"159","LZIC"
"160","NMNAT1"
"161","UBE4B"
"162","KIF1B"
"163","AL139424.3"
"164","AL139424.2"
"165","PGD"
"166","CENPS"
"167","CORT"
"168","DFFA"
"169","AL354956.1"
"170","PEX14"
"171","AL139423.2"
"172","CASZ1"
"173","TARDBP"
"174","MASP2"
"175","AL109811.2"
"176","SRM"
"177","EXOSC10"
"178","AL109811.1"
"179","EXOSC10-AS1"
"180","MTOR"
"181","MTOR-AS1"
"182","ANGPTL7"
"183","UBIAD1"
"184","AL031291.1"
"185","DISP3"
"186","AL590989.1"
"187","AL031731.1"
"188","FBXO2"
"189","FBXO44"
"190","FBXO6"
"191","MAD2L2"
"192","DRAXIN"
"193","AGTRAP"
"194","C1orf167"
"195","MTHFR"
"196","CLCN6"
"197","NPPA"
"198","AL021155.5"
"199","KIAA2013"
"200","PLOD1"
"201","AL096840.2"
"202","MFN2"
"203","MIIP"
"204","TNFRSF8"
"205","TNFRSF1B"
"206","VPS13D"
"207","DHRS3"
"208","LRRC38"
"209","PDPN"
"210","PRDM2"
"211","KAZN"
"212","AL357873.1"
"213","KAZN-AS1"
"214","AL031293.1"
"215","TMEM51-AS1"
"216","TMEM51"
"217","C1orf195"
"218","FHAD1"
"219","AL031283.2"
"220","EFHD2"
"221","CELA2A"
"222","CELA2B"
"223","CASP9"
"224","DNAJC16"
"225","AGMAT"
"226","AL121992.1"
"227","DDI2"
"228","PLEKHM2"
"229","AL450998.3"
"230","SLC25A34"
"231","TMEM82"
"232","FBLIM1"
"233","UQCRHL"
"234","AL450998.2"
"235","SPEN"
"236","ZBTB17"
"237","SRARP"
"238","FAM131C"
"239","EPHA2"
"240","ARHGEF19"
"241","AL109627.1"
"242","CPLANE2"
"243","FBXO42"
"244","SZRD1"
"245","SPATA21"
"246","NECAP2"
"247","LINC01772"
"248","AL137802.2"
"249","LINC01783"
"250","NBPF1"
"251","CROCC"
"252","BX284668.2"
"253","BX284668.5"
"254","BX284668.6"
"255","MFAP2"
"256","AL049569.1"
"257","ATP13A2"
"258","SDHB"
"259","PADI2"
"260","PADI4"
"261","RCC2"
"262","ARHGEF10L"
"263","LINC02810"
"264","IGSF21"
"265","IGSF21-AS1"
"266","AL591896.1"
"267","PAX7"
"268","ALDH4A1"
"269","IFFO2"
"270","AL137127.1"
"271","UBR4"
"272","EMC1-AS1"
"273","EMC1"
"274","MRTO4"
"275","AKR7A3"
"276","AKR7A2"
"277","SLC66A1"
"278","CAPZB"
"279","MICOS10"
"280","NBL1"
"281","HTR6"
"282","TMCO4"
"283","OTUD3"
"284","UBXN10"
"285","VWA5B1"
"286","LINC01141"
"287","CAMK2N1"
"288","MUL1"
"289","FAM43B"
"290","PINK1"
"291","PINK1-AS"
"292","DDOST"
"293","KIF17"
"294","HP1BP3"
"295","EIF4G3"
"296","AL031005.2"
"297","ECE1"
"298","NBPF3"
"299","ALPL"
"300","LINC02596"
"301","RAP1GAP"
"302","USP48"
"303","LDLRAD2"
"304","HSPG2"
"305","CELA3B"
"306","LINC00339"
"307","CDC42"
"308","CDC42-AS1"
"309","CDC42-IT1"
"310","WNT4"
"311","AL445253.1"
"312","ZBTB40"
"313","EPHA8"
"314","C1QB"
"315","EPHB2"
"316","TEX46"
"317","KDM1A"
"318","AL031428.1"
"319","LUZP1"
"320","LINC01355"
"321","AL109936.6"
"322","HNRNPR"
"323","ZNF436"
"324","ZNF436-AS1"
"325","TCEA3"
"326","ASAP3"
"327","E2F2"
"328","ID3"
"329","AL450043.1"
"330","MDS2"
"331","RPL11"
"332","ELOA-AS1"
"333","ELOA"
"334","PITHD1"
"335","LYPLA2"
"336","GALE"
"337","HMGCL"
"338","FUCA1"
"339","CNR2"
"340","PNRC2"
"341","SRSF10"
"342","AL591178.1"
"343","MYOM3"
"344","IFNLR1"
"345","STPG1"
"346","NIPAL3"
"347","RCAN3AS"
"348","RCAN3"
"349","NCMAP-DT"
"350","NCMAP"
"351","SRRM1"
"352","CLIC4"
"353","SYF2"
"354","AL031432.4"
"355","RSRP1"
"356","AL031432.3"
"357","RHD"
"358","TMEM50A"
"359","RHCE"
"360","MACO1"
"361","LDLRAP1"
"362","AL606491.1"
"363","MAN1C1"
"364","AL031280.1"
"365","SELENON"
"366","AL020996.1"
"367","MTFR1L"
"368","AUNIP"
"369","PAQR7"
"370","STMN1"
"371","PAFAH2"
"372","EXTL1"
"373","SLC30A2"
"374","PDIK1L"
"375","FAM110D"
"376","AL391650.1"
"377","ZNF593"
"378","CNKSR1"
"379","CATSPER4"
"380","CEP85"
"381","SH3BGRL3"
"382","UBXN11"
"383","CRYBG2"
"384","LIN28A"
"385","DHDDS"
"386","AL513365.2"
"387","HMGN2"
"388","RPS6KA1"
"389","ARID1A"
"390","PIGV"
"391","ZDHHC18"
"392","GPN2"
"393","GPATCH3"
"394","NUDC"
"395","TRNP1"
"396","SLC9A1"
"397","AL590640.1"
"398","WDTC1"
"399","TMEM222"
"400","SYTL1"
"401","WASF2"
"402","FO393419.2"
"403","BX293535.1"
"404","AHDC1"
"405","IFI6"
"406","AL445490.1"
"407","AL020997.5"
"408","FAM76A"
"409","STX12"
"410","AL020997.3"
"411","AL020997.4"
"412","PPP1R8"
"413","THEMIS2"
"414","RPA2"
"415","SMPDL3B"
"416","AL512288.1"
"417","XKR8"
"418","EYA3"
"419","PTAFR"
"420","DNAJC8"
"421","ATP5IF1"
"422","AL353622.1"
"423","SESN2"
"424","MED18"
"425","PHACTR4"
"426","RCC1"
"427","SNHG3"
"428","TRNAU1AP"
"429","SNHG12"
"430","TAF12"
"431","RAB42"
"432","LINC01715"
"433","AL360012.1"
"434","GMEB1"
"435","YTHDF2"
"436","OPRD1"
"437","EPB41"
"438","TMEM200B"
"439","AL357500.1"
"440","SRSF4"
"441","MECR"
"442","PTPRU"
"443","LINC01756"
"444","LINC01648"
"445","MATN1"
"446","LAPTM5"
"447","SDC3"
"448","PUM1"
"449","NKAIN1"
"450","SNRNP40"
"451","ZCCHC17"
"452","AL451070.1"
"453","FABP3"
"454","SERINC2"
"455","LINC01226"
"456","HCRTR1"
"457","PEF1"
"458","AC114488.2"
"459","COL16A1"
"460","ADGRB2"
"461","SPOCD1"
"462","AL136115.2"
"463","PTP4A2"
"464","AL136115.1"
"465","AL136115.3"
"466","KHDRBS1"
"467","AL445248.1"
"468","TMEM39B"
"469","KPNA6"
"470","TXLNA"
"471","CCDC28B"
"472","AL049795.1"
"473","IQCC"
"474","DCDC2B"
"475","TMEM234"
"476","EIF3I"
"477","FAM167B"
"478","LCK"
"479","HDAC1"
"480","MARCKSL1"
"481","TSSK3"
"482","FAM229A"
"483","BSDC1"
"484","ZBTB8B"
"485","ZBTB8A"
"486","ZBTB8OS"
"487","RBBP4"
"488","SYNC"
"489","AC114489.1"
"490","KIAA1522"
"491","YARS"
"492","S100PBP"
"493","FNDC5"
"494","HPCA"
"495","AL031602.2"
"496","RNF19B"
"497","AL020995.1"
"498","AK2"
"499","AZIN2"
"500","TRIM62"
"501","AL662907.3"
"502","ZNF362"
"503","A3GALT2"
"504","AL513327.1"
"505","PHC2"
"506","AL513327.2"
"507","ZSCAN20"
"508","CSMD2"
"509","CSMD2-AS1"
"510","C1orf94"
"511","AC099565.1"
"512","SMIM12"
"513","GJB3"
"514","DLGAP3"
"515","TMEM35B"
"516","ZMYM6"
"517","ZMYM1"
"518","AL590434.1"
"519","SFPQ"
"520","ZMYM4"
"521","ZMYM4-AS1"
"522","KIAA0319L"
"523","NCDN"
"524","AC004865.2"
"525","TFAP2E"
"526","PSMB2"
"527","C1orf216"
"528","CLSPN"
"529","AGO4"
"530","AGO1"
"531","AL139286.3"
"532","AGO3"
"533","AL138787.2"
"534","TEKT2"
"535","ADPRHL2"
"536","COL8A2"
"537","TRAPPC3"
"538","MAP7D1"
"539","THRAP3"
"540","SH3D21"
"541","AL591845.1"
"542","STK40"
"543","LSM10"
"544","OSCP1"
"545","MRPS15"
"546","CSF3R"
"547","AL596257.1"
"548","GRIK3"
"549","AL353604.1"
"550","LINC01137"
"551","MEAF6"
"552","SNIP1"
"553","DNALI1"
"554","GNL2"
"555","C1orf109"
"556","CDCA8"
"557","EPHA10"
"558","MANEAL"
"559","YRDC"
"560","C1orf122"
"561","MTF1"
"562","INPP5B"
"563","SF3A3"
"564","FHL3"
"565","UTP11"
"566","POU3F1"
"567","MIR3659HG"
"568","LINC02786"
"569","AL390839.1"
"570","AL390839.2"
"571","LINC01685"
"572","AL354702.2"
"573","RRAGC"
"574","AL139260.1"
"575","MYCBP"
"576","GJA9"
"577","RHBDL2"
"578","AKIRIN1"
"579","NDUFS5"
"580","MACF1"
"581","AL356055.1"
"582","AL442071.2"
"583","AL442071.1"
"584","BMP8A"
"585","PABPC4"
"586","PABPC4-AS1"
"587","NT5C1A"
"588","HPCAL4"
"589","PPIE"
"590","BMP8B"
"591","TRIT1"
"592","MYCL"
"593","MFSD2A"
"594","CAP1"
"595","PPT1"
"596","RLF"
"597","AL050341.2"
"598","ZMPSTE24"
"599","COL9A2"
"600","SMAP2"
"601","AL031985.4"
"602","ZFP69B"
"603","AL031985.3"
"604","ZFP69"
"605","AL603839.3"
"606","EXO5"
"607","AL603839.2"
"608","ZNF684"
"609","AL356379.2"
"610","RIMS3"
"611","AL031289.2"
"612","AL031289.1"
"613","NFYC-AS1"
"614","NFYC"
"615","KCNQ4"
"616","CITED4"
"617","CTPS1"
"618","SLFNL1-AS1"
"619","SLFNL1"
"620","SCMH1"
"621","AC093151.8"
"622","FOXO6"
"623","AC093151.2"
"624","HIVEP3"
"625","AL158216.1"
"626","FOXJ3"
"627","RIMKLA"
"628","ZMYND12"
"629","PPCS"
"630","CCDC30"
"631","PPIH"
"632","AC098484.4"
"633","AC098484.2"
"634","YBX1"
"635","P3H1"
"636","C1orf50"
"637","TMEM269"
"638","SVBP"
"639","ERMAP"
"640","AL512353.1"
"641","ZNF691"
"642","SLC2A1"
"643","SLC2A1-AS1"
"644","EBNA1BP2"
"645","CFAP57"
"646","TIE1"
"647","MPL"
"648","AL139289.2"
"649","CDC20"
"650","ELOVL1"
"651","MED8"
"652","AL139289.1"
"653","SZT2"
"654","SZT2-AS1"
"655","HYI"
"656","HYI-AS1"
"657","PTPRF"
"658","KDM4A"
"659","KDM4A-AS1"
"660","ST3GAL3"
"661","AL451062.1"
"662","ARTN"
"663","AL357079.1"
"664","IPO13"
"665","DPH2"
"666","ATP6V0B"
"667","B4GALT2"
"668","CCDC24"
"669","SLC6A9"
"670","AL139220.2"
"671","DMAP1"
"672","ERI3"
"673","RNF220"
"674","TMEM53"
"675","ARMH1"
"676","KIF2C"
"677","AL592166.1"
"678","RPS8"
"679","BEST4"
"680","PLK3"
"681","BTBD19"
"682","PTCH2"
"683","EIF2B3"
"684","HECTD3"
"685","UROD"
"686","ZSWIM5"
"687","HPDL"
"688","MUTYH"
"689","TOE1"
"690","TESK2"
"691","CCDC163"
"692","MMACHC"
"693","PRDX1"
"694","AKR1A1"
"695","NASP"
"696","CCDC17"
"697","GPBP1L1"
"698","TMEM69"
"699","IPP"
"700","AL604028.1"
"701","MAST2"
"702","PIK3R3"
"703","AL358075.1"
"704","AL358075.2"
"705","TSPAN1"
"706","P3R3URF"
"707","POMGNT1"
"708","LURAP1"
"709","RAD54L"
"710","LRRC41"
"711","UQCRH"
"712","NSUN4"
"713","FAAH"
"714","TMEM275"
"715","MKNK1-AS1"
"716","MKNK1"
"717","MOB3C"
"718","ATPAF1"
"719","TEX38"
"720","EFCAB14-AS1"
"721","EFCAB14"
"722","CYP4X1"
"723","CYP4Z1"
"724","CYP4A22-AS1"
"725","STIL"
"726","CMPK1"
"727","LINC01389"
"728","TRABD2B"
"729","AL109659.1"
"730","SLC5A9"
"731","SPATA6"
"732","AGBL4"
"733","AL391844.1"
"734","BEND5"
"735","AL645507.1"
"736","AC099788.1"
"737","AL590432.1"
"738","ELAVL4"
"739","AL592182.2"
"740","LINC02808"
"741","DMRTA2"
"742","AL049637.2"
"743","FAF1"
"744","AL049637.1"
"745","CDKN2C"
"746","LINC01562"
"747","RNF11"
"748","AL162430.2"
"749","TTC39A"
"750","EPS15"
"751","AC104170.2"
"752","AC104170.1"
"753","OSBPL9"
"754","NRDC"
"755","AL050343.2"
"756","AL050343.3"
"757","RAB3B"
"758","TXNDC12"
"759","KTI12"
"760","AL445685.1"
"761","TXNDC12-AS1"
"762","BTF3L4"
"763","ZFYVE9"
"764","CC2D1B"
"765","AL513218.1"
"766","AL513218.2"
"767","ORC1"
"768","PRPF38A"
"769","TUT4"
"770","AL591167.1"
"771","GPX7"
"772","SHISAL2A"
"773","COA7"
"774","ZYG11B"
"775","ZYG11A"
"776","ECHDC2"
"777","SCP2"
"778","CPT2"
"779","AL606760.2"
"780","CZIB"
"781","AL606760.3"
"782","MAGOH"
"783","AL606760.1"
"784","LRP8"
"785","AL355483.3"
"786","AL355483.1"
"787","LINC01771"
"788","GLIS1"
"789","NDC1"
"790","YIPF1"
"791","DIO1"
"792","HSPB11"
"793","LRRC42"
"794","TMEM59"
"795","TCEANC2"
"796","CDCP2"
"797","CYB5RL"
"798","MRPL37"
"799","SSBP3"
"800","SSBP3-AS1"
"801","AL161644.1"
"802","AC099796.2"
"803","ACOT11"
"804","MROH7"
"805","TTC4"
"806","PARS2"
"807","TTC22"
"808","LEXM"
"809","DHCR24"
"810","AC096536.3"
"811","PCSK9"
"812","USP24"
"813","MIR4422HG"
"814","AL603840.1"
"815","AC119674.1"
"816","PLPP3"
"817","PRKAA2"
"818","FYB2"
"819","C8B"
"820","AL161740.1"
"821","DAB1"
"822","AL390243.1"
"823","DAB1-AS1"
"824","AL445193.2"
"825","OMA1"
"826","AL035411.3"
"827","MYSM1"
"828","AL136985.3"
"829","JUN"
"830","LINC01135"
"831","AL136985.1"
"832","LINC02777"
"833","LINC01358"
"834","AC093425.1"
"835","AC093424.1"
"836","FGGY"
"837","AL035416.1"
"838","HOOK1"
"839","CYP2J2"
"840","C1orf87"
"841","LINC02778"
"842","LINC01748"
"843","AC099792.1"
"844","NFIA"
"845","NFIA-AS2"
"846","NFIA-AS1"
"847","TM2D1"
"848","AC099791.2"
"849","PATJ"
"850","L1TD1"
"851","KANK4"
"852","USP1"
"853","DOCK7"
"854","ANGPTL3"
"855","AC103923.1"
"856","ATG4C"
"857","LINC01739"
"858","LINC00466"
"859","FOXD3-AS1"
"860","ALG6"
"861","ITGB3BP"
"862","BX004807.1"
"863","EFCAB7"
"864","DLEU2L"
"865","PGM1"
"866","ROR1"
"867","ROR1-AS1"
"868","UBE2U"
"869","CACHD1"
"870","RAVER2"
"871","JAK1"
"872","LINC01359"
"873","AK4"
"874","DNAJC6"
"875","AL139294.1"
"876","LEPROT"
"877","LEPR"
"878","PDE4B"
"879","AL590783.1"
"880","SGIP1"
"881","AL139147.1"
"882","TCTEX1D1"
"883","WDR78"
"884","MIER1"
"885","SLC35D1"
"886","C1orf141"
"887","IL23R"
"888","IL12RB2"
"889","SERBP1"
"890","GADD45A"
"891","GNG12"
"892","GNG12-AS1"
"893","DIRAS3"
"894","WLS"
"895","RPE65"
"896","DEPDC1"
"897","AL138789.1"
"898","DEPDC1-AS1"
"899","AL033530.1"
"900","AL691520.1"
"901","LINC01707"
"902","LINC02791"
"903","AL359894.1"
"904","LRRC7"
"905","AL117353.1"
"906","AL158840.1"
"907","LRRC40"
"908","SRSF11"
"909","AL353771.1"
"910","ANKRD13C"
"911","HHLA3"
"912","CTH"
"913","AL354872.2"
"914","LINC01788"
"915","PTGER3"
"916","ZRANB2-AS1"
"917","ZRANB2"
"918","ZRANB2-AS2"
"919","NEGR1"
"920","AL354949.1"
"921","AL513166.1"
"922","AL583808.1"
"923","LINC02796"
"924","LINC02797"
"925","LINC01360"
"926","LINC02238"
"927","AL591463.1"
"928","LRRIQ3"
"929","FPGT"
"930","TNNI3K"
"931","AC093158.1"
"932","AC105271.1"
"933","LRRC53"
"934","ERICH3"
"935","ERICH3-AS1"
"936","AC135803.1"
"937","CRYZ"
"938","TYW3"
"939","SLC44A5"
"940","ACADM"
"941","RABGGTB"
"942","MSH4"
"943","ASB17"
"944","AC092813.1"
"945","AC092813.2"
"946","ST6GALNAC3"
"947","AC104458.1"
"948","ST6GALNAC5"
"949","AL035409.1"
"950","PIGK"
"951","AC093433.2"
"952","AK5"
"953","AC095030.1"
"954","AC093575.1"
"955","AC118549.1"
"956","USP33"
"957","MIGA1"
"958","NEXN-AS1"
"959","NEXN"
"960","FUBP1"
"961","DNAJB4"
"962","GIPC2"
"963","AC103591.3"
"964","AC103591.4"
"965","AC096531.2"
"966","PTGFR"
"967","IFI44L"
"968","IFI44"
"969","ADGRL4"
"970","AL136234.1"
"971","LINC01781"
"972","ADGRL2"
"973","AL138799.4"
"974","AC117944.1"
"975","AL157944.1"
"976","LINC01362"
"977","AC116099.1"
"978","LINC01712"
"979","LINC01725"
"980","AL035706.1"
"981","TTLL7"
"982","TTLL7-IT1"
"983","AC104454.2"
"984","AL359504.2"
"985","PRKACB"
"986","SAMD13"
"987","RPF1"
"988","GNG5"
"989","SPATA1"
"990","CTBS"
"991","AL359762.1"
"992","SSX2IP"
"993","LPAR3"
"994","WDR63"
"995","SYDE2"
"996","C1orf52"
"997","BCL10"
"998","AL078459.1"
"999","DDAH1"
"1000","AC092807.3"
"1001","AC092807.2"
"1002","CCN1"
"1003","ZNHIT6"
"1004","COL24A1"
"1005","LINC02795"
"1006","ODF2L"
"1007","CLCA4-AS1"
"1008","AL049597.2"
"1009","SH3GLB1"
"1010","SELENOF"
"1011","HS2ST1"
"1012","AL121989.1"
"1013","LINC01140"
"1014","LINC02801"
"1015","LMO4"
"1016","LINC01364"
"1017","PKN2-AS1"
"1018","AL445438.1"
"1019","PKN2"
"1020","GTF2B"
"1021","KYAT3"
"1022","RBMXL1"
"1023","GBP3"
"1024","GBP2"
"1025","AC104459.1"
"1026","GBP7"
"1027","GBP4"
"1028","AC099063.4"
"1029","AL596214.1"
"1030","LRRC8B"
"1031","LRRC8C-DT"
"1032","LRRC8C"
"1033","AC099568.2"
"1034","LRRC8D"
"1035","ZNF326"
"1036","AC098656.1"
"1037","AL627316.1"
"1038","LINC02609"
"1039","LINC02788"
"1040","LINC01763"
"1041","ZNF644"
"1042","HFM1"
"1043","CDC7"
"1044","TGFBR3"
"1045","BRDT"
"1046","EPHX4"
"1047","BTBD8"
"1048","AC104836.1"
"1049","C1orf146"
"1050","GLMN"
"1051","RPAP2"
"1052","EVI5"
"1053","RPL5"
"1054","DIPK1A"
"1055","MTF2"
"1056","TMED5"
"1057","CCDC18"
"1058","CCDC18-AS1"
"1059","DR1"
"1060","FNBP1L"
"1061","BCAR3"
"1062","AL109613.1"
"1063","AL049796.1"
"1064","DNTTIP2"
"1065","GCLM"
"1066","ABCA4"
"1067","ARHGAP29"
"1068","ARHGAP29-AS1"
"1069","AC118469.2"
"1070","ABCD3"
"1071","F3"
"1072","SLC44A3"
"1073","CNN3"
"1074","AC105942.1"
"1075","ALG14"
"1076","AC095033.1"
"1077","TLCD4"
"1078","AC092802.1"
"1079","RWDD3"
"1080","AC092802.2"
"1081","LINC02607"
"1082","LINC02790"
"1083","PTBP2"
"1084","DPYD"
"1085","DPYD-AS1"
"1086","MIR137HG"
"1087","BX005019.1"
"1088","AC104453.1"
"1089","LINC01776"
"1090","SNX7"
"1091","PLPPR5"
"1092","AL445433.2"
"1093","PLPPR4"
"1094","LINC01708"
"1095","PALMD"
"1096","FRRS1"
"1097","AGL"
"1098","AC118553.1"
"1099","SLC35A3"
"1100","MFSD14A"
"1101","AC093019.2"
"1102","SASS6"
"1103","TRMT13"
"1104","LRRC39"
"1105","DBT"
"1106","AL445928.2"
"1107","RTCA-AS1"
"1108","RTCA"
"1109","CDC14A"
"1110","AL589990.1"
"1111","GPR88"
"1112","VCAM1"
"1113","EXTL2"
"1114","AC104506.1"
"1115","SLC30A7"
"1116","DPH5"
"1117","AC093157.1"
"1118","AL109741.1"
"1119","S1PR1"
"1120","LINC01709"
"1121","OLFM3"
"1122","AC114485.1"
"1123","AC099567.1"
"1124","COL11A1"
"1125","AC095032.1"
"1126","RNPC3"
"1127","AMY2B"
"1128","AL591888.1"
"1129","LINC01676"
"1130","LINC01677"
"1131","AL355306.2"
"1132","PRMT6"
"1133","NTNG1"
"1134","VAV3"
"1135","VAV3-AS1"
"1136","SLC25A24"
"1137","AL359258.2"
"1138","FAM102B"
"1139","HENMT1"
"1140","AL160171.1"
"1141","PRPF38B"
"1142","FNDC7"
"1143","STXBP3"
"1144","AKNAD1"
"1145","GPSM2"
"1146","CLCC1"
"1147","WDR47"
"1148","TAF13"
"1149","AL356488.3"
"1150","TMEM167B"
"1151","AL356488.2"
"1152","C1orf194"
"1153","KIAA1324"
"1154","SARS"
"1155","CELSR2"
"1156","PSRC1"
"1157","MYBPHL"
"1158","SORT1"
"1159","PSMA5"
"1160","ATXN7L2"
"1161","CYB561D1"
"1162","AMIGO1"
"1163","GPR61"
"1164","GNAI3"
"1165","GNAT2"
"1166","AMPD2"
"1167","GSTM4"
"1168","GSTM2"
"1169","GSTM1"
"1170","AC000032.1"
"1171","GSTM5"
"1172","GSTM3"
"1173","LINC01768"
"1174","CSF1"
"1175","AHCYL1"
"1176","STRIP1"
"1177","AL160006.1"
"1178","ALX3"
"1179","SLC6A17"
"1180","KCNC4"
"1181","RBM15-AS1"
"1182","RBM15"
"1183","LAMTOR5-AS1"
"1184","SLC16A4"
"1185","AL355488.1"
"1186","LAMTOR5"
"1187","KCNA2"
"1188","AL365361.1"
"1189","KCNA3"
"1190","CD53"
"1191","AL360270.2"
"1192","AL360270.1"
"1193","LRIF1"
"1194","DRAM2"
"1195","CEPT1"
"1196","AL355816.1"
"1197","AL355816.2"
"1198","OVGP1"
"1199","AL390195.2"
"1200","AL390195.1"
"1201","WDR77"
"1202","ATP5PB"
"1203","C1orf162"
"1204","TMIGD3"
"1205","RAP1A"
"1206","INKA2"
"1207","INKA2-AS1"
"1208","AL049557.1"
"1209","DDX20"
"1210","KCND3"
"1211","KCND3-AS1"
"1212","LINC01750"
"1213","AL445426.1"
"1214","CTTNBP2NL"
"1215","WNT2B"
"1216","AL354760.1"
"1217","ST7L"
"1218","CAPZA1"
"1219","MOV10"
"1220","AL603832.1"
"1221","RHOC"
"1222","PPM1J"
"1223","LINC01356"
"1224","LINC01357"
"1225","SLC16A1"
"1226","SLC16A1-AS1"
"1227","AL390242.1"
"1228","LRIG2-DT"
"1229","LRIG2"
"1230","MAGI3"
"1231","PHTF1"
"1232","RSBN1"
"1233","AL137856.1"
"1234","PTPN22"
"1235","AP4B1-AS1"
"1236","BCL2L15"
"1237","AP4B1"
"1238","DCLRE1B"
"1239","HIPK1-AS1"
"1240","HIPK1"
"1241","OLFML3"
"1242","SYT6"
"1243","AL121999.1"
"1244","TRIM33"
"1245","BCAS2"
"1246","DENND2C"
"1247","NRAS"
"1248","CSDE1"
"1249","SIKE1"
"1250","SYCP1"
"1251","TSPAN2"
"1252","LINC01765"
"1253","AL049825.1"
"1254","NGF-AS1"
"1255","NGF"
"1256","VANGL1"
"1257","NHLH2"
"1258","LINC01649"
"1259","SLC22A15"
"1260","AL365318.1"
"1261","ATP1A1"
"1262","ATP1A1-AS1"
"1263","LINC01762"
"1264","AL390066.1"
"1265","CD58"
"1266","IGSF3"
"1267","CD2"
"1268","PTGFRN"
"1269","CD101"
"1270","AL445231.1"
"1271","TTF2"
"1272","TRIM45"
"1273","VTCN1"
"1274","LINC01525"
"1275","AL358072.1"
"1276","MAN1A2"
"1277","GDAP2"
"1278","WDR3"
"1279","SPAG17"
"1280","TBX15"
"1281","WARS2"
"1282","WARS2-IT1"
"1283","WARS2-AS1"
"1284","AL359915.1"
"1285","LINC00622"
"1286","ZNF697"
"1287","PHGDH"
"1288","NOTCH2"
"1289","SEC22B"
"1290","NBPF26"
"1291","AC253572.2"
"1292","LINC00623"
"1293","FCGR1B"
"1294","AC244453.3"
"1295","AC244453.1"
"1296","FAM72B"
"1297","SRGAP2C"
"1298","SRGAP2-AS1"
"1299","LINC02798"
"1300","AL592494.1"
"1301","AL592494.2"
"1302","AC239800.2"
"1303","LINC02591"
"1304","HIST2H3PS2"
"1305","AC246680.1"
"1306","FAM72C"
"1307","LINC02802"
"1308","AC246785.3"
"1309","NBPF15"
"1310","FP700111.1"
"1311","SRGAP2B"
"1312","FAM72D"
"1313","AC245014.3"
"1314","AC245014.1"
"1315","NBPF20"
"1316","AC239860.4"
"1317","GPR89A"
"1318","PDZK1"
"1319","CD160"
"1320","RNF115"
"1321","POLR3C"
"1322","NUDT17"
"1323","PIAS3"
"1324","ANKRD35"
"1325","ITGA10"
"1326","PEX11B"
"1327","RBM8A"
"1328","LIX1L-AS1"
"1329","LIX1L"
"1330","ANKRD34A"
"1331","POLR3GL"
"1332","TXNIP"
"1333","HJV"
"1334","AC239799.2"
"1335","LINC01719"
"1336","NBPF10"
"1337","NOTCH2NLA"
"1338","AC245407.2"
"1339","NBPF12"
"1340","PRKAB2"
"1341","AC242426.2"
"1342","FMO5"
"1343","CHD1L"
"1344","LINC00624"
"1345","BCL9"
"1346","ACP6"
"1347","GPR89B"
"1348","AC239803.1"
"1349","LINC02804"
"1350","NBPF11"
"1351","LINC02805"
"1352","AC239809.3"
"1353","LINC01138"
"1354","AC245100.1"
"1355","PPIAL4G"
"1356","NBPF14"
"1357","PDE4DIP"
"1358","AC239802.2"
"1359","AC239804.1"
"1360","NBPF9"
"1361","AC245297.3"
"1362","AC245297.2"
"1363","NOTCH2NLC"
"1364","NBPF19"
"1365","AC242842.1"
"1366","FCGR1A"
"1367","HIST2H2BF"
"1368","AC243772.2"
"1369","HIST2H3D"
"1370","HIST2H4A"
"1371","HIST2H2AA4"
"1372","HIST2H4B"
"1373","AC239868.1"
"1374","HIST2H2BE"
"1375","HIST2H2AC"
"1376","HIST2H2AB"
"1377","BOLA1"
"1378","SV2A"
"1379","SF3B4"
"1380","MTMR11"
"1381","OTUD7B"
"1382","AC244033.2"
"1383","VPS45"
"1384","PLEKHO1"
"1385","AC242988.2"
"1386","ANP32E"
"1387","AC242988.1"
"1388","CA14"
"1389","APH1A"
"1390","C1orf54"
"1391","CIART"
"1392","MRPS21"
"1393","PRPF3"
"1394","RPRD2"
"1395","TARS2"
"1396","ECM1"
"1397","FALEC"
"1398","AL356356.1"
"1399","ADAMTSL4"
"1400","ADAMTSL4-AS1"
"1401","MCL1"
"1402","ENSA"
"1403","GOLPH3L"
"1404","HORMAD1"
"1405","CTSS"
"1406","CTSK"
"1407","ARNT"
"1408","CTXND2"
"1409","SETDB1"
"1410","CERS2"
"1411","AL590133.2"
"1412","ANXA9"
"1413","MINDY1"
"1414","PRUNE1"
"1415","BNIPL"
"1416","C1orf56"
"1417","CDC42SE1"
"1418","MLLT11"
"1419","GABPB2"
"1420","AL592424.1"
"1421","SEMA6C"
"1422","TNFAIP8L2"
"1423","SCNM1"
"1424","LYSMD1"
"1425","VPS72"
"1426","PIP5K1A"
"1427","PSMD4"
"1428","ZNF687-AS1"
"1429","ZNF687"
"1430","PI4KB"
"1431","AL391069.3"
"1432","RFX5"
"1433","AL391069.1"
"1434","AL391069.2"
"1435","SELENBP1"
"1436","PSMB4"
"1437","POGZ"
"1438","CGN"
"1439","TUFT1"
"1440","AL365436.2"
"1441","SNX27"
"1442","AL391335.1"
"1443","CELF3"
"1444","AL589765.1"
"1445","RIIAD1"
"1446","AL589765.7"
"1447","MRPL9"
"1448","OAZ3"
"1449","AL589765.4"
"1450","TDRKH"
"1451","TDRKH-AS1"
"1452","AL589765.6"
"1453","C2CD4D-AS1"
"1454","THEM4"
"1455","AL450992.2"
"1456","S100A10"
"1457","AL450992.1"
"1458","S100A11"
"1459","TCHH"
"1460","FLG-AS1"
"1461","HRNR"
"1462","FLG"
"1463","FLG2"
"1464","LOR"
"1465","S100A6"
"1466","BX470102.2"
"1467","S100A16"
"1468","S100A13"
"1469","AL162258.2"
"1470","CHTOP"
"1471","SNAPIN"
"1472","ILF2"
"1473","INTS3"
"1474","AL513523.4"
"1475","AL513523.3"
"1476","SLC27A3"
"1477","GATAD2B"
"1478","AL358472.5"
"1479","DENND4B"
"1480","CRTC2"
"1481","SLC39A1"
"1482","AL358472.4"
"1483","AL358472.3"
"1484","CREB3L4"
"1485","JTB"
"1486","AL358472.2"
"1487","RAB13"
"1488","RPS27"
"1489","NUP210L"
"1490","TPM3"
"1491","C1orf189"
"1492","C1orf43"
"1493","UBAP2L"
"1494","HAX1"
"1495","ATP8B2"
"1496","IL6R"
"1497","SHE"
"1498","TDRD10"
"1499","UBE2Q1"
"1500","AL592078.2"
"1501","CHRNB2"
"1502","ADAR"
"1503","AL606500.1"
"1504","KCNN3"
"1505","PMVK"
"1506","AL451085.1"
"1507","PBXIP1"
"1508","PYGO2"
"1509","AL451085.2"
"1510","SHC1"
"1511","CKS1B"
"1512","FLAD1"
"1513","DCST2"
"1514","DCST1"
"1515","DCST1-AS1"
"1516","ADAM15"
"1517","EFNA4"
"1518","EFNA3"
"1519","EFNA1"
"1520","SLC50A1"
"1521","DPM3"
"1522","KRTCAP2"
"1523","TRIM46"
"1524","MUC1"
"1525","AC234582.1"
"1526","THBS3"
"1527","MTX1"
"1528","GBA"
"1529","FAM189B"
"1530","SCAMP3"
"1531","CLK2"
"1532","HCN3"
"1533","PKLR"
"1534","FDPS"
"1535","RUSC1-AS1"
"1536","RUSC1"
"1537","ASH1L"
"1538","ASH1L-IT1"
"1539","ASH1L-AS1"
"1540","AL353807.2"
"1541","MSTO1"
"1542","AL353807.5"
"1543","YY1AP1"
"1544","DAP3"
"1545","AL162734.1"
"1546","GON4L"
"1547","SYT11"
"1548","RIT1"
"1549","KHDC4"
"1550","ARHGEF2"
"1551","AL355388.2"
"1552","AL355388.1"
"1553","AL355388.3"
"1554","SSR2"
"1555","UBQLN4"
"1556","LAMTOR2"
"1557","RAB25"
"1558","MEX3A"
"1559","LMNA"
"1560","SEMA4A"
"1561","SLC25A44"
"1562","PMF1"
"1563","BGLAP"
"1564","PAQR6"
"1565","SMG5"
"1566","TMEM79"
"1567","GLMP"
"1568","CCT3"
"1569","TSACC"
"1570","RHBG"
"1571","AL139130.1"
"1572","C1orf61"
"1573","MEF2D"
"1574","IQGAP3"
"1575","NAXE"
"1576","GPATCH4"
"1577","HAPLN2"
"1578","AL365181.2"
"1579","BCAN"
"1580","AL590666.2"
"1581","NES"
"1582","AL590666.4"
"1583","CRABP2"
"1584","ISG20L2"
"1585","RRNAD1"
"1586","MRPL24"
"1587","HDGF"
"1588","PRCC"
"1589","AL590666.5"
"1590","SH2D2A"
"1591","NTRK1"
"1592","INSRR"
"1593","PEAR1"
"1594","ARHGEF11"
"1595","ETV3L"
"1596","ETV3"
"1597","FCRL3"
"1598","KIRREL1"
"1599","LINC01704"
"1600","OR10K1"
"1601","MNDA"
"1602","IFI16"
"1603","AIM2"
"1604","CADM3"
"1605","CADM3-AS1"
"1606","ACKR1"
"1607","AL513323.1"
"1608","DUSP23"
"1609","SLAMF8"
"1610","AL590560.2"
"1611","VSIG8"
"1612","AL590560.3"
"1613","CFAP45"
"1614","TAGLN2"
"1615","IGSF9"
"1616","LINC01133"
"1617","KCNJ10"
"1618","PIGM"
"1619","AL121987.1"
"1620","KCNJ9"
"1621","IGSF8"
"1622","ATP1A2"
"1623","ATP1A4"
"1624","CASQ1"
"1625","AL121987.2"
"1626","PEA15"
"1627","DCAF8"
"1628","AL139011.1"
"1629","PEX19"
"1630","COPA"
"1631","NCSTN"
"1632","NHLH1"
"1633","VANGL2"
"1634","CD84"
"1635","F11R"
"1636","TSTD1"
"1637","USF1"
"1638","ARHGAP30"
"1639","KLHDC9"
"1640","PFDN2"
"1641","NIT1"
"1642","DEDD"
"1643","UFC1"
"1644","AL590714.1"
"1645","USP21"
"1646","PPOX"
"1647","B4GALT3"
"1648","ADAMTS4"
"1649","NDUFS2"
"1650","FCER1G"
"1651","TOMM40L"
"1652","NR1I3"
"1653","PCP4L1"
"1654","MPZ"
"1655","SDHC"
"1656","AL592295.4"
"1657","AL592295.5"
"1658","AL592295.3"
"1659","HSPA6"
"1660","FCRLB"
"1661","DUSP12"
"1662","AL359541.1"
"1663","ATF6"
"1664","OLFML2B"
"1665","NOS1AP"
"1666","AL450163.1"
"1667","SPATA46"
"1668","C1orf226"
"1669","SH2D1B"
"1670","UHMK1"
"1671","UAP1"
"1672","AL596325.2"
"1673","DDR2"
"1674","HSD17B7"
"1675","CCDC190"
"1676","RGS4"
"1677","RGS5"
"1678","AL499616.1"
"1679","AL592435.1"
"1680","NUF2"
"1681","PBX1"
"1682","AL391001.1"
"1683","AL357568.1"
"1684","AL357568.2"
"1685","RXRG"
"1686","LRRC52-AS1"
"1687","AL356441.1"
"1688","MGST3"
"1689","ALDH9A1"
"1690","TMCO1"
"1691","TMCO1-AS1"
"1692","UCK2"
"1693","AL358115.1"
"1694","FAM78B"
"1695","AL626787.1"
"1696","AL596087.3"
"1697","AL596087.2"
"1698","AL583804.1"
"1699","POGK"
"1700","TADA1"
"1701","ILDR2"
"1702","MAEL"
"1703","GPA33"
"1704","DUSP27"
"1705","LINC01363"
"1706","AL451050.2"
"1707","POU2F1"
"1708","AL136984.1"
"1709","CD247"
"1710","CREG1"
"1711","RCSD1"
"1712","MPZL1"
"1713","ADCY10"
"1714","MPC2"
"1715","DCAF6"
"1716","GPR161"
"1717","TIPRL"
"1718","SFT2D2"
"1719","TBX19"
"1720","AL023755.1"
"1721","DPT"
"1722","AL031275.1"
"1723","LINC00626"
"1724","AL135926.2"
"1725","LINC00970"
"1726","ATP1B1"
"1727","NME7"
"1728","Z99758.1"
"1729","BLZF1"
"1730","CCDC181"
"1731","SLC19A2"
"1732","Z99572.1"
"1733","F5"
"1734","SELP"
"1735","C1orf112"
"1736","SELE"
"1737","METTL18"
"1738","SCYL3"
"1739","KIFAP3"
"1740","AL356475.1"
"1741","METTL11B"
"1742","LINC01681"
"1743","GORAB-AS1"
"1744","GORAB"
"1745","PRRX1"
"1746","BX284613.2"
"1747","MROH9"
"1748","FMO3"
"1749","FMO2"
"1750","FMO1"
"1751","FMO4"
"1752","PRRC2C"
"1753","MYOCOS"
"1754","MYOC"
"1755","VAMP4"
"1756","EEF1AKNMT"
"1757","DNM3"
"1758","DNM3-IT1"
"1759","DNM3OS"
"1760","AL137157.1"
"1761","PIGC"
"1762","C1orf105"
"1763","SUCO"
"1764","AL031599.1"
"1765","TNFSF4"
"1766","AL645568.1"
"1767","PRDX6"
"1768","SLC9C2"
"1769","AL139142.1"
"1770","ANKRD45"
"1771","KLHL20"
"1772","CENPL"
"1773","DARS2"
"1774","GAS5"
"1775","GAS5-AS1"
"1776","ZBTB37"
"1777","SERPINC1"
"1778","RC3H1"
"1779","RC3H1-IT1"
"1780","LINC02776"
"1781","RABGAP1L-DT"
"1782","RABGAP1L"
"1783","GPR52"
"1784","RABGAP1L-IT1"
"1785","Z99127.1"
"1786","Z99127.4"
"1787","CACYBP"
"1788","MRPS14"
"1789","TNN"
"1790","KIAA0040"
"1791","Z94057.1"
"1792","TNR"
"1793","LINC02803"
"1794","COP1"
"1795","AL590723.1"
"1796","AL591043.2"
"1797","PAPPA2"
"1798","AL031290.1"
"1799","ASTN1"
"1800","BRINP2"
"1801","LINC01645"
"1802","AL136114.1"
"1803","SEC16B"
"1804","RASAL2-AS1"
"1805","RASAL2"
"1806","CLEC20A"
"1807","TEX35"
"1808","C1orf220"
"1809","RALGPS2"
"1810","ANGPTL1"
"1811","FAM20B"
"1812","TOR3A"
"1813","ABL2"
"1814","SOAT1"
"1815","AXDND1"
"1816","TDRD5"
"1817","FAM163A"
"1818","LINC02818"
"1819","TOR1AIP2"
"1820","AL353708.3"
"1821","TOR1AIP1"
"1822","AL353708.1"
"1823","CEP350"
"1824","QSOX1"
"1825","LHX4"
"1826","ACBD6"
"1827","OVAAL"
"1828","XPR1"
"1829","KIAA1614"
"1830","AL162431.1"
"1831","KIAA1614-AS1"
"1832","STX6"
"1833","MR1"
"1834","IER5"
"1835","LINC01732"
"1836","CACNA1E"
"1837","AL161734.2"
"1838","AL161734.1"
"1839","AL355482.1"
"1840","LINC01344"
"1841","GLUL"
"1842","RGSL1"
"1843","RNASEL"
"1844","RGS16"
"1845","LINC01686"
"1846","RGS8"
"1847","NPL"
"1848","AL355999.1"
"1849","DHX9"
"1850","SHCBP1L"
"1851","LAMC1"
"1852","LAMC1-AS1"
"1853","LAMC2"
"1854","NMNAT2"
"1855","AL354953.1"
"1856","AL449223.1"
"1857","SMG7"
"1858","NCF2"
"1859","ARPC5"
"1860","RGL1"
"1861","APOBEC4"
"1862","COLGALT2"
"1863","TSEN15"
"1864","AL158011.1"
"1865","AL445228.2"
"1866","C1orf21"
"1867","AL078645.1"
"1868","AL713852.1"
"1869","AL713852.2"
"1870","EDEM3"
"1871","NIBAN1"
"1872","RNF2"
"1873","TRMT1L"
"1874","SWT1"
"1875","IVNS1ABP"
"1876","AL078644.2"
"1877","LINC01350"
"1878","AL133383.1"
"1879","HMCN1"
"1880","PRG4"
"1881","TPR"
"1882","ODR4"
"1883","OCLM"
"1884","AL096803.2"
"1885","PDC"
"1886","AL096803.4"
"1887","PTGS2"
"1888","PLA2G4A"
"1889","ERVMER61-1"
"1890","LINC01035"
"1891","BRINP3"
"1892","AL354771.1"
"1893","LINC01351"
"1894","AL391645.1"
"1895","LINC01720"
"1896","AL138927.1"
"1897","LINC02770"
"1898","AL390957.1"
"1899","RGS21"
"1900","AL136987.1"
"1901","RGS1"
"1902","RGS13"
"1903","AL136454.1"
"1904","RGS2"
"1905","UCHL5"
"1906","RO60"
"1907","GLRX2"
"1908","CDC73"
"1909","B3GALT2"
"1910","LINC01031"
"1911","AL138778.1"
"1912","AL136456.1"
"1913","AL357793.2"
"1914","AL353072.2"
"1915","KCNT2"
"1916","CFH"
"1917","CFHR4"
"1918","CFHR5"
"1919","ASPM"
"1920","ZBTB41"
"1921","CRB1"
"1922","AL136322.1"
"1923","DENND1B"
"1924","AL365258.1"
"1925","C1orf53"
"1926","LHX9"
"1927","NEK7"
"1928","AL450352.1"
"1929","ATP6V1G3"
"1930","PTPRC"
"1931","MIR181A1HG"
"1932","AC096631.1"
"1933","LINC01222"
"1934","LINC01221"
"1935","AC105941.1"
"1936","LINC02789"
"1937","NR5A2"
"1938","LINC00862"
"1939","AC104461.1"
"1940","ZNF281"
"1941","KIF14"
"1942","DDX59"
"1943","DDX59-AS1"
"1944","CAMSAP2"
"1945","INAVA"
"1946","KIF21B"
"1947","AL358473.1"
"1948","AL358473.2"
"1949","CACNA1S"
"1950","TMEM9"
"1951","TNNI1"
"1952","PHLDA3"
"1953","CSRP1"
"1954","AC096677.1"
"1955","NAV1"
"1956","IPO9-AS1"
"1957","AL645504.1"
"1958","IPO9"
"1959","SHISA4"
"1960","LMOD1"
"1961","TIMM17A"
"1962","RNPEP"
"1963","ELF3-AS1"
"1964","GPR37L1"
"1965","ARL8A"
"1966","PTPN7"
"1967","LGR6"
"1968","UBE2T"
"1969","PPP1R12B"
"1970","SYT2"
"1971","AC104463.2"
"1972","KDM5B"
"1973","PCAT6"
"1974","RABIF"
"1975","KLHL12"
"1976","ADIPOR1"
"1977","CYB5R1"
"1978","TMEM183A"
"1979","PPFIA4"
"1980","ADORA1"
"1981","AC105940.1"
"1982","CHIT1"
"1983","LINC01353"
"1984","LINC01136"
"1985","BTG2"
"1986","PRELP"
"1987","OPTC"
"1988","ATP2B4"
"1989","LAX1"
"1990","ZC3H11A"
"1991","ZBED6"
"1992","SNRPE"
"1993","AL592146.2"
"1994","SOX13"
"1995","ETNK2"
"1996","REN"
"1997","GOLT1A"
"1998","PLEKHA6"
"1999","AL606489.1"
"2000","PPP1R15B"
"2001","PIK3C2B"
"2002","MDM4"
"2003","AL512306.3"
"2004","LRRN2"
"2005","AL512306.2"
"2006","AL161793.1"
"2007","AC096675.1"
"2008","NFASC"
"2009","CNTN2"
"2010","TMEM81"
"2011","RBBP5"
"2012","DSTYK"
"2013","TMCC2"
"2014","AC093422.2"
"2015","NUAK2"
"2016","KLHDC8A"
"2017","LEMD1-AS1"
"2018","LEMD1"
"2019","BLACAT1"
"2020","LEMD1-DT"
"2021","CDK18"
"2022","MFSD4A"
"2023","ELK4"
"2024","SLC45A3"
"2025","NUCKS1"
"2026","RAB29"
"2027","SLC41A1"
"2028","AC119673.2"
"2029","PM20D1"
"2030","SLC26A9"
"2031","RHEX"
"2032","AC244035.1"
"2033","FAM72A"
"2034","SRGAP2"
"2035","IKBKE"
"2036","C1orf147"
"2037","RASSF5"
"2038","EIF2D"
"2039","DYRK3"
"2040","MAPKAPK2"
"2041","IL19"
"2042","FCMR"
"2043","PFKFB2"
"2044","YOD1"
"2045","C4BPA"
"2046","AL596218.1"
"2047","CD55"
"2048","CR1"
"2049","AL137789.1"
"2050","CR1L"
"2051","CD46"
"2052","MIR29B2CHG"
"2053","CD34"
"2054","PLXNA2"
"2055","AL590138.1"
"2056","AL606753.2"
"2057","LINC01735"
"2058","LINC01717"
"2059","AC092810.4"
"2060","AC092810.3"
"2061","LINC01698"
"2062","CAMK1G"
"2063","LAMB3"
"2064","HSD11B1-AS1"
"2065","G0S2"
"2066","HSD11B1"
"2067","TRAF3IP3"
"2068","C1orf74"
"2069","UTP25"
"2070","SYT14"
"2071","AL022397.1"
"2072","SERTAD4-AS1"
"2073","SERTAD4"
"2074","HHAT"
"2075","AL034351.4"
"2076","AL034351.3"
"2077","KCNH1"
"2078","AC092017.4"
"2079","RCOR3"
"2080","TRAF5"
"2081","AL590101.1"
"2082","LINC00467"
"2083","SLC30A1"
"2084","NEK2"
"2085","AC096637.2"
"2086","LPGAT1"
"2087","LPGAT1-AS1"
"2088","INTS7"
"2089","DTL"
"2090","AL606468.1"
"2091","PPP2R5A"
"2092","AL360091.2"
"2093","AL360091.3"
"2094","PACC1"
"2095","NENF"
"2096","LINC02771"
"2097","AC092803.2"
"2098","AC092803.1"
"2099","AC092803.4"
"2100","ATF3"
"2101","BATF3"
"2102","NSL1"
"2103","TATDN3"
"2104","SPATA45"
"2105","FLVCR1-DT"
"2106","FLVCR1"
"2107","VASH2"
"2108","ANGEL2"
"2109","RPS6KC1"
"2110","AL592402.1"
"2111","AC096639.1"
"2112","PROX1-AS1"
"2113","PROX1"
"2114","LINC02775"
"2115","SMYD2"
"2116","AL929236.1"
"2117","PTPN14"
"2118","CENPF"
"2119","KCNK2"
"2120","KCTD3"
"2121","USH2A"
"2122","ESRRG"
"2123","GPATCH2"
"2124","SPATA17"
"2125","LINC00210"
"2126","RRP15"
"2127","TGFB2"
"2128","C1orf143"
"2129","LYPLAL1-DT"
"2130","LYPLAL1"
"2131","AL360093.1"
"2132","AC096642.1"
"2133","AC096642.2"
"2134","LYPLAL1-AS1"
"2135","ZC3H11B"
"2136","SLC30A10"
"2137","EPRS"
"2138","BPNT1"
"2139","IARS2"
"2140","RAB3GAP2"
"2141","MARK1"
"2142","C1orf115"
"2143","MARC2"
"2144","MARC1"
"2145","RNU6ATAC35P"
"2146","LINC01352"
"2147","HLX-AS1"
"2148","HLX"
"2149","DUSP10"
"2150","LINC02257"
"2151","LINC01705"
"2152","AL356108.1"
"2153","AL513314.2"
"2154","HHIPL2"
"2155","TAF1A"
"2156","TAF1A-AS1"
"2157","MIA3"
"2158","AL592148.3"
"2159","AIDA"
"2160","BROX"
"2161","AL392172.2"
"2162","AL392172.1"
"2163","DISP1"
"2164","TLR5"
"2165","SUSD4"
"2166","CAPN8"
"2167","CAPN2"
"2168","TP53BP2"
"2169","AC138393.3"
"2170","FBXO28"
"2171","DEGS1"
"2172","AC092809.2"
"2173","AC092809.4"
"2174","NVL"
"2175","CNIH4"
"2176","WDR26"
"2177","CNIH3"
"2178","AC096537.1"
"2179","AL596330.2"
"2180","AL596330.1"
"2181","LINC02813"
"2182","AL391811.1"
"2183","DNAH14"
"2184","LBR"
"2185","LINC02765"
"2186","ENAH"
"2187","AC099066.2"
"2188","AC099066.1"
"2189","SRP9"
"2190","EPHX1"
"2191","AL591895.1"
"2192","TMEM63A"
"2193","LEFTY1"
"2194","PYCR2"
"2195","SDE2"
"2196","AL512343.2"
"2197","H3F3A"
"2198","LINC01703"
"2199","ACBD3"
"2200","ACBD3-AS1"
"2201","LIN9"
"2202","PARP1"
"2203","STUM"
"2204","ITPKB"
"2205","ITPKB-AS1"
"2206","PSEN2"
"2207","COQ8A"
"2208","CDC42BPA"
"2209","AL353689.2"
"2210","AL353689.3"
"2211","AL451047.1"
"2212","AL627308.3"
"2213","LINC01641"
"2214","ZNF678"
"2215","SNAP47"
"2216","JMJD4"
"2217","WNT9A"
"2218","WNT3A"
"2219","ARF1"
"2220","C1orf35"
"2221","MRPL55"
"2222","AL136379.1"
"2223","GUK1"
"2224","GJC2"
"2225","IBA57-DT"
"2226","IBA57"
"2227","OBSCN-AS1"
"2228","OBSCN"
"2229","AL353593.1"
"2230","AL353593.2"
"2231","AL353593.3"
"2232","AL670729.3"
"2233","AL670729.2"
"2234","TRIM11"
"2235","AL139288.1"
"2236","TRIM17"
"2237","HIST3H2A"
"2238","HIST3H2BB"
"2239","RNF187"
"2240","RHOU"
"2241","LINC02814"
"2242","AL162595.1"
"2243","RAB4A"
"2244","AL117350.1"
"2245","CCSAP"
"2246","ACTA1"
"2247","NUP133"
"2248","ABCB10"
"2249","TAF5L"
"2250","URB2"
"2251","LINC01682"
"2252","GALNT2"
"2253","AL136988.2"
"2254","AL136988.1"
"2255","PGBD5"
"2256","AL133516.1"
"2257","COG2"
"2258","AL158214.2"
"2259","AL512328.1"
"2260","CAPN9"
"2261","C1orf198"
"2262","AL118511.1"
"2263","TTC13"
"2264","ARV1"
"2265","FAM89A"
"2266","TRIM67"
"2267","AL109810.2"
"2268","C1orf131"
"2269","GNPAT"
"2270","EXOC8"
"2271","SPRTN"
"2272","EGLN1"
"2273","AL445524.1"
"2274","TSNAX"
"2275","LINC00582"
"2276","DISC1"
"2277","AL136171.2"
"2278","SIPA1L2"
"2279","MAP10"
"2280","AL122003.2"
"2281","NTPCR"
"2282","PCNX2"
"2283","MAP3K21"
"2284","KCNK1"
"2285","SLC35F3"
"2286","AL355472.2"
"2287","AL355472.3"
"2288","COA6-AS1"
"2289","COA6"
"2290","TARBP1"
"2291","LINC01354"
"2292","IRF2BP2"
"2293","AL160408.2"
"2294","AL160408.1"
"2295","AL160408.3"
"2296","AL160408.6"
"2297","LINC01132"
"2298","AL391832.4"
"2299","AL732292.2"
"2300","TOMM20"
"2301","RBM34"
"2302","ARID4B"
"2303","GGPS1"
"2304","TBCE"
"2305","TBCE.1"
"2306","B3GALNT2"
"2307","GNG4"
"2308","LYST"
"2309","NID1"
"2310","GPR137B"
"2311","ERO1B"
"2312","EDARADD"
"2313","LGALS8"
"2314","AL359921.2"
"2315","AL359921.1"
"2316","HEATR1"
"2317","ACTN2"
"2318","MTR"
"2319","RYR2"
"2320","AL356010.2"
"2321","AL359551.1"
"2322","CHRM3"
"2323","CHRM3-AS2"
"2324","CHRM3-AS1"
"2325","FMN2"
"2326","AL359918.2"
"2327","AL590490.1"
"2328","GREM2"
"2329","AL365184.1"
"2330","RGS7"
"2331","AL359764.1"
"2332","AL359764.2"
"2333","AL359764.3"
"2334","FH"
"2335","KMO"
"2336","OPN3"
"2337","CHML"
"2338","AL133390.1"
"2339","WDR64"
"2340","EXO1"
"2341","PLD5"
"2342","AL591686.2"
"2343","CEP170"
"2344","AL606534.1"
"2345","AL606534.2"
"2346","SDCCAG8"
"2347","AKT3"
"2348","AL591721.1"
"2349","AL662889.1"
"2350","AKT3-IT1"
"2351","LINC02774"
"2352","ZBTB18"
"2353","AL590483.1"
"2354","C1orf100"
"2355","AL645465.1"
"2356","ADSS"
"2357","CATSPERE"
"2358","DESI2"
"2359","AL451007.3"
"2360","BX323046.2"
"2361","COX20"
"2362","HNRNPU"
"2363","BX323046.1"
"2364","AL356512.1"
"2365","EFCAB2"
"2366","KIF26B"
"2367","KIF26B-AS1"
"2368","AC104462.1"
"2369","SMYD3"
"2370","AC118555.1"
"2371","AC092801.1"
"2372","TFB2M"
"2373","CNST"
"2374","AL591623.1"
"2375","AL591848.2"
"2376","SCCPDH"
"2377","AL591848.4"
"2378","LINC01341"
"2379","AHCTF1"
"2380","ZNF695"
"2381","ZNF670"
"2382","ZNF669"
"2383","AL627095.2"
"2384","ZNF124"
"2385","AL390728.6"
"2386","AL390728.5"
"2387","ZNF496"
"2388","AC104335.1"
"2389","NLRP3"
"2390","GCSAML"
"2391","AL606804.1"
"2392","AL390860.1"
"2393","TRIM58"
"2394","OR2L8"
"2395","OR2AK2"
"2396","OR2L5"
"2397","OR2L2"
"2398","OR2L3"
"2399","OR2L13"
"2400","SH3BP5L"
"2401","ZNF672"
"2402","ZNF692"
"2403","PGBD2"
"2404","FAM110C"
"2405","SH3YL1"
"2406","ACP1"
"2407","ALKAL2"
"2408","AC079779.2"
"2409","AC079779.3"
"2410","TMEM18"
"2411","AC092159.2"
"2412","AC116609.3"
"2413","AC116609.2"
"2414","AC116609.1"
"2415","LINC01115"
"2416","SNTG2-AS1"
"2417","SNTG2"
"2418","AC114808.1"
"2419","AC108462.1"
"2420","AC105450.1"
"2421","TPO"
"2422","AC144450.1"
"2423","PXDN"
"2424","MYT1L"
"2425","AC093390.2"
"2426","AC093390.1"
"2427","MYT1L-AS1"
"2428","AC018685.2"
"2429","AC011995.2"
"2430","LINC01250"
"2431","AC019118.2"
"2432","EIPR1"
"2433","TRAPPC12"
"2434","TRAPPC12-AS1"
"2435","AC114810.1"
"2436","ADI1"
"2437","AC231981.1"
"2438","AC108488.1"
"2439","RNASEH1"
"2440","RNASEH1-AS1"
"2441","AC108488.3"
"2442","RPS7"
"2443","COLEC11"
"2444","ALLC"
"2445","DCDC2C"
"2446","LINC01304"
"2447","LINC01249"
"2448","LINC01248"
"2449","AC108025.1"
"2450","SOX11"
"2451","AC010729.2"
"2452","AC010729.1"
"2453","SILC1"
"2454","AC017053.1"
"2455","MIR7515HG"
"2456","LINC00487"
"2457","NRIR"
"2458","CMPK2"
"2459","RSAD2"
"2460","AC017076.1"
"2461","RNF144A-AS1"
"2462","RNF144A"
"2463","AC068481.1"
"2464","AC010904.2"
"2465","AC013460.1"
"2466","AC092580.4"
"2467","LINC00298"
"2468","LINC00299"
"2469","LINC01814"
"2470","ID2-AS1"
"2471","ID2"
"2472","KIDINS220"
"2473","MBOAT2"
"2474","ASAP2"
"2475","ITGB1BP1"
"2476","CPSF3"
"2477","IAH1"
"2478","ADAM17"
"2479","AC080162.1"
"2480","AC073195.1"
"2481","YWHAQ"
"2482","TAF1B"
"2483","AC010969.2"
"2484","GRHL1"
"2485","AC104794.3"
"2486","KLF11"
"2487","CYS1"
"2488","RRM2"
"2489","AC007240.3"
"2490","HPCAL1"
"2491","ODC1"
"2492","ODC1-DT"
"2493","NOL10"
"2494","AC007314.1"
"2495","RN7SL832P"
"2496","ATP6V1C2"
"2497","PDIA6"
"2498","LINC01954"
"2499","KCNF1"
"2500","AC062028.1"
"2501","C2orf50"
"2502","SLC66A3"
"2503","ROCK2"
"2504","AC099344.1"
"2505","LINC00570"
"2506","AC099344.3"
"2507","E2F6"
"2508","GREB1"
"2509","LPIN1"
"2510","MIR3681HG"
"2511","TRIB2"
"2512","AC064875.1"
"2513","AC093912.1"
"2514","AC073062.1"
"2515","LINC00276"
"2516","AC016730.1"
"2517","AC011897.1"
"2518","LRATD1"
"2519","AC068286.2"
"2520","NBAS"
"2521","AC008278.2"
"2522","DDX1"
"2523","LINC01804"
"2524","MYCNOS"
"2525","MYCNUT"
"2526","MYCN"
"2527","AC010145.1"
"2528","GACAT3"
"2529","AC010745.2"
"2530","AC010880.1"
"2531","AC104623.1"
"2532","FAM49A"
"2533","AC008164.1"
"2534","RAD51AP2"
"2535","VSNL1"
"2536","SMC6"
"2537","GEN1"
"2538","KCNS3"
"2539","AC079148.3"
"2540","AC079148.2"
"2541","AC079148.1"
"2542","RDH14"
"2543","NT5C1B"
"2544","AC130814.1"
"2545","LINC01376"
"2546","AC010096.1"
"2547","LINC01808"
"2548","LINC00954"
"2549","TTC32"
"2550","AC013400.1"
"2551","WDR35"
"2552","AC079145.1"
"2553","MATN3"
"2554","LAPTM4A"
"2555","LAPTM4A-DT"
"2556","AC098828.2"
"2557","SDC1"
"2558","PUM2"
"2559","RHOB"
"2560","HS1BP3"
"2561","AC012065.3"
"2562","GDF7"
"2563","AC012065.4"
"2564","LDAH"
"2565","AC018742.1"
"2566","AC009411.2"
"2567","AC096570.1"
"2568","AC096570.2"
"2569","LINC01884"
"2570","AC018467.1"
"2571","KLHL29"
"2572","AC011239.1"
"2573","AC009242.1"
"2574","ATAD2B"
"2575","UBXN2A"
"2576","MFSD2B"
"2577","WDCP"
"2578","FKBP1B"
"2579","SF3B6"
"2580","FAM228B"
"2581","TP53I3"
"2582","PFN4"
"2583","AC008073.2"
"2584","FAM228A"
"2585","AC008073.1"
"2586","ITSN2"
"2587","AC009228.1"
"2588","NCOA1"
"2589","PTRHD1"
"2590","CENPO"
"2591","ADCY3"
"2592","AC012073.1"
"2593","DNAJC27"
"2594","DNAJC27-AS1"
"2595","AC013267.2"
"2596","EFR3B"
"2597","POMC"
"2598","DNMT3A"
"2599","AC012074.1"
"2600","DTNB"
"2601","AC104699.1"
"2602","ASXL2"
"2603","KIF3C"
"2604","RAB10"
"2605","GAREM2"
"2606","HADHA"
"2607","HADHB"
"2608","AC010896.1"
"2609","ADGRF3"
"2610","SELENOI"
"2611","DRC1"
"2612","OTOF"
"2613","FAM166C"
"2614","CIB4"
"2615","KCNK3"
"2616","SLC35F6"
"2617","CENPA"
"2618","DPYSL5"
"2619","AC013472.2"
"2620","MAPRE3"
"2621","AC013472.1"
"2622","TMEM214"
"2623","AGBL5"
"2624","AGBL5-AS1"
"2625","AC013472.3"
"2626","AC013403.2"
"2627","OST4"
"2628","EMILIN1"
"2629","KHK"
"2630","CGREF1"
"2631","ABHD1"
"2632","PREB"
"2633","TCF23"
"2634","SLC5A6"
"2635","ATRAID"
"2636","CAD"
"2637","TRIM54"
"2638","UCN"
"2639","MPV17"
"2640","GTF3C2"
"2641","GTF3C2-AS1"
"2642","AC074117.1"
"2643","EIF2B4"
"2644","SNX17"
"2645","ZNF513"
"2646","PPM1G"
"2647","NRBP1"
"2648","KRTCAP3"
"2649","IFT172"
"2650","FNDC4"
"2651","GCKR"
"2652","C2orf16"
"2653","ZNF512"
"2654","CCDC121"
"2655","GPN1"
"2656","SUPT7L"
"2657","SLC4A1AP"
"2658","MRPL33"
"2659","RBKS"
"2660","BABAM2"
"2661","AC093690.1"
"2662","AC104695.2"
"2663","FOSL2"
"2664","PLB1"
"2665","AC074011.1"
"2666","AC092164.1"
"2667","PPP1CB"
"2668","SPDYA"
"2669","TRMT61B"
"2670","WDR43"
"2671","TOGARAM2"
"2672","CLIP4"
"2673","ALK"
"2674","AC074096.1"
"2675","AC016907.2"
"2676","AC106870.1"
"2677","YPEL5"
"2678","LBH"
"2679","LCLAT1"
"2680","CAPN13"
"2681","AC009301.1"
"2682","GALNT14"
"2683","CAPN14"
"2684","EHD3"
"2685","XDH"
"2686","SRD5A2"
"2687","AL133247.1"
"2688","LINC01946"
"2689","AL121652.1"
"2690","MEMO1"
"2691","DPY30"
"2692","SPAST"
"2693","AL121658.1"
"2694","SLC30A6"
"2695","NLRC4"
"2696","YIPF4"
"2697","AL133245.1"
"2698","BIRC6"
"2699","BIRC6-AS1"
"2700","AL133243.2"
"2701","AL133243.3"
"2702","AL133243.1"
"2703","TTC27"
"2704","LINC00486"
"2705","AL133244.2"
"2706","LTBP1"
"2707","AC019127.1"
"2708","RASGRP3"
"2709","AC020594.1"
"2710","FAM98A"
"2711","AC017050.1"
"2712","LINC01320"
"2713","AC008170.1"
"2714","AC012593.1"
"2715","AC079352.1"
"2716","CRIM1-DT"
"2717","CRIM1"
"2718","AC007378.1"
"2719","FEZ2"
"2720","VIT"
"2721","STRN"
"2722","HEATR5B"
"2723","GPATCH11"
"2724","EIF2AK2"
"2725","CEBPZOS"
"2726","CEBPZ"
"2727","AC007390.2"
"2728","NDUFAF7"
"2729","PRKD3"
"2730","QPCT"
"2731","AC007391.3"
"2732","AC006369.1"
"2733","CDC42EP3"
"2734","LINC00211"
"2735","RMDN2"
"2736","RMDN2-AS1"
"2737","CYP1B1"
"2738","CYP1B1-AS1"
"2739","AC009229.2"
"2740","ATL2"
"2741","LINC02613"
"2742","HNRNPLL"
"2743","AC011247.1"
"2744","GALM"
"2745","SRSF7"
"2746","GEMIN6"
"2747","DHX57"
"2748","AC018693.1"
"2749","MORN2"
"2750","ARHGEF33"
"2751","AC019171.1"
"2752","SOS1"
"2753","SOS1-IT1"
"2754","CDKL4"
"2755","MAP4K3"
"2756","AC007684.2"
"2757","MAP4K3-DT"
"2758","TMEM178A"
"2759","THUMPD2"
"2760","SLC8A1-AS1"
"2761","SLC8A1"
"2762","AC007877.1"
"2763","AC007317.1"
"2764","AC007317.2"
"2765","LINC01794"
"2766","C2orf91"
"2767","PKDCC"
"2768","AC083949.1"
"2769","EML4"
"2770","COX7A2L"
"2771","KCNG3"
"2772","MTA3"
"2773","HAAO"
"2774","LINC02580"
"2775","AC010883.3"
"2776","ZFP36L2"
"2777","AC010883.1"
"2778","THADA"
"2779","PLEKHH2"
"2780","C1GALT1C1L"
"2781","DYNC2LI1"
"2782","ABCG5"
"2783","ABCG8"
"2784","LRPPRC"
"2785","AC019129.2"
"2786","PPM1B"
"2787","SLC3A1"
"2788","PREPL"
"2789","CAMKMT"
"2790","SIX3"
"2791","LINC01121"
"2792","SRBD1"
"2793","PRKCE"
"2794","U51244.1"
"2795","EPAS1"
"2796","LINC02583"
"2797","ATP6V1E2"
"2798","RHOQ"
"2799","AC018682.1"
"2800","PIGF"
"2801","CRIPT"
"2802","LINC01118"
"2803","SOCS5"
"2804","LINC01119"
"2805","AC016722.2"
"2806","MCFD2"
"2807","TTC7A"
"2808","STPG4"
"2809","CALM2"
"2810","EPCAM-DT"
"2811","AC073283.2"
"2812","EPCAM"
"2813","MSH2"
"2814","KCNK12"
"2815","MSH6"
"2816","FBXO11"
"2817","AC079807.1"
"2818","AC092650.1"
"2819","FOXN2"
"2820","AC093635.1"
"2821","PPP1R21"
"2822","STON1"
"2823","STON1-GTF2A1L"
"2824","LHCGR"
"2825","AC009975.1"
"2826","FSHR"
"2827","AC009975.2"
"2828","AC009971.1"
"2829","NRXN1"
"2830","AC068725.1"
"2831","AC009234.1"
"2832","AC007682.1"
"2833","AC007402.1"
"2834","AC079304.1"
"2835","AC010967.1"
"2836","ASB3"
"2837","CHAC2"
"2838","ERLEC1"
"2839","GPR75"
"2840","PSME4"
"2841","ACYP2"
"2842","AC008280.3"
"2843","C2orf73"
"2844","SPTBN1"
"2845","AC092839.1"
"2846","AC092839.2"
"2847","AC093110.1"
"2848","EML6"
"2849","AC104781.1"
"2850","AC104781.2"
"2851","RTN4"
"2852","CLHC1"
"2853","AC012358.1"
"2854","RPS27A"
"2855","MTIF2"
"2856","AC012358.3"
"2857","CCDC88A"
"2858","CFAP36"
"2859","PPP4R3B"
"2860","AC015982.2"
"2861","PNPT1"
"2862","EFEMP1"
"2863","AC011306.1"
"2864","MIR217HG"
"2865","AC007743.1"
"2866","CCDC85A"
"2867","AC132153.1"
"2868","VRK2"
"2869","AC068193.1"
"2870","FANCL"
"2871","AC007250.1"
"2872","LINC01122"
"2873","LINC01793"
"2874","AC007100.1"
"2875","AC007179.2"
"2876","AC007179.1"
"2877","AC007132.1"
"2878","AC007381.1"
"2879","BCL11A"
"2880","AC009970.1"
"2881","PAPOLG"
"2882","LINC01185"
"2883","REL"
"2884","PUS10"
"2885","PEX13"
"2886","KIAA1841"
"2887","AC016747.1"
"2888","C2orf74"
"2889","AC016747.2"
"2890","USP34"
"2891","AC016747.3"
"2892","AC016727.1"
"2893","XPO1"
"2894","AC016727.3"
"2895","FAM161A"
"2896","CCT4"
"2897","AC107081.2"
"2898","COMMD1"
"2899","AC018462.1"
"2900","B3GNT2"
"2901","TMEM17"
"2902","AC092155.1"
"2903","EHBP1"
"2904","AC092567.2"
"2905","AC092567.1"
"2906","AC007098.1"
"2907","OTX1"
"2908","AC009501.3"
"2909","WDPCP"
"2910","MDH1"
"2911","UGP2"
"2912","VPS54"
"2913","AC012368.2"
"2914","PELI1"
"2915","AC012368.1"
"2916","LGALSL-DT"
"2917","LGALSL"
"2918","AC008074.2"
"2919","AFTPH"
"2920","SERTAD2"
"2921","AC007365.1"
"2922","LINC01800"
"2923","LINC02245"
"2924","SLC1A4"
"2925","LINC02576"
"2926","CEP68"
"2927","RAB1A"
"2928","ACTR2"
"2929","SPRED2"
"2930","AC012370.1"
"2931","AC007389.1"
"2932","AC012370.2"
"2933","AC007389.3"
"2934","LINC01873"
"2935","MEIS1-AS3"
"2936","MEIS1"
"2937","MEIS1-AS2"
"2938","LINC01798"
"2939","LINC01797"
"2940","LINC01799"
"2941","LINC01828"
"2942","LINC01829"
"2943","ETAA1"
"2944","LINC02831"
"2945","AC007422.1"
"2946","C1D"
"2947","WDR92"
"2948","PNO1"
"2949","PPP3R1"
"2950","AC017083.2"
"2951","AC017083.1"
"2952","CNRIP1"
"2953","PLEK"
"2954","FBXO48"
"2955","APLF"
"2956","PROKR1"
"2957","ARHGAP25"
"2958","ANTXR1"
"2959","AC114802.1"
"2960","GFPT1"
"2961","NFU1"
"2962","AAK1"
"2963","ANXA4"
"2964","AC092431.1"
"2965","GMCL1"
"2966","SNRNP27"
"2967","MXD1"
"2968","ASPRV1"
"2969","PCBP1-AS1"
"2970","PCBP1"
"2971","AC016700.3"
"2972","LINC01816"
"2973","C2orf42"
"2974","TIA1"
"2975","PCYOX1"
"2976","SNRPG"
"2977","FAM136A"
"2978","TGFA"
"2979","ADD2"
"2980","AC005234.2"
"2981","AC005234.1"
"2982","VAX2"
"2983","ANKRD53"
"2984","TEX261"
"2985","AC007040.1"
"2986","AC007881.2"
"2987","NAGK"
"2988","AC007881.3"
"2989","MCEE"
"2990","AC007881.4"
"2991","MPHOSPH10"
"2992","PAIP2B"
"2993","ZNF638"
"2994","AC007878.1"
"2995","DYSF"
"2996","CYP26B1"
"2997","EXOC6B"
"2998","EMX1"
"2999","SFXN5"
"3000","RAB11FIP5"
"3001","SMYD5"
"3002","PRADC1"
"3003","CCT7"
"3004","FBXO41"
"3005","ALMS1"
"3006","ALMS1-IT1"
"3007","AC074008.1"
"3008","TPRKB"
"3009","DUSP11"
"3010","STAMBP"
"3011","AC073046.3"
"3012","DGUOK"
"3013","DGUOK-AS1"
"3014","AC073046.1"
"3015","TET3"
"3016","AC073263.1"
"3017","BOLA3"
"3018","BOLA3-AS1"
"3019","MOB1A"
"3020","MTHFD2"
"3021","SLC4A5"
"3022","DCTN1"
"3023","DCTN1-AS1"
"3024","C2orf81"
"3025","AC005041.4"
"3026","WDR54"
"3027","RTKN"
"3028","INO80B"
"3029","WBP1"
"3030","MOGS"
"3031","AC005041.5"
"3032","MRPL53"
"3033","CCDC142"
"3034","TTC31"
"3035","PCGF1"
"3036","AUP1"
"3037","HTRA2"
"3038","LOXL3"
"3039","DOK1"
"3040","M1AP"
"3041","SEMA4F"
"3042","AC007387.3"
"3043","HK2"
"3044","POLE4"
"3045","TACR1"
"3046","AC007681.1"
"3047","EVA1A"
"3048","AC007099.1"
"3049","MRPL19"
"3050","GCFC2"
"3051","AC005034.5"
"3052","AC005034.2"
"3053","AC005034.6"
"3054","AC110614.1"
"3055","AC073091.3"
"3056","AC073091.4"
"3057","AC068616.2"
"3058","AC068616.3"
"3059","LRRTM4"
"3060","AC079117.2"
"3061","AC079117.1"
"3062","AC013716.1"
"3063","AC012494.1"
"3064","CTNNA2"
"3065","AC010975.1"
"3066","AC016716.2"
"3067","LRRTM1"
"3068","AC008067.1"
"3069","AC012355.1"
"3070","AC079896.1"
"3071","AC098817.1"
"3072","AC106874.1"
"3073","SUCLG1"
"3074","DNAH6"
"3075","TRABD2A"
"3076","TMSB10"
"3077","AC022210.2"
"3078","KCMF1"
"3079","TCF7L1"
"3080","TGOLN2"
"3081","RETSAT"
"3082","ELMOD3"
"3083","CAPG"
"3084","SH2D6"
"3085","PARTICL"
"3086","MAT2A"
"3087","GGCX"
"3088","VAMP8"
"3089","VAMP5"
"3090","RNF181"
"3091","TMEM150A"
"3092","USP39"
"3093","C2orf68"
"3094","GNLY"
"3095","ATOH8"
"3096","AC105053.1"
"3097","ST3GAL5"
"3098","ST3GAL5-AS1"
"3099","POLR1A"
"3100","PTCD3"
"3101","IMMT"
"3102","AC009309.1"
"3103","MRPL35"
"3104","REEP1"
"3105","KDM3A"
"3106","CHMP3"
"3107","AC015971.1"
"3108","RNF103"
"3109","RMND5A"
"3110","CD8A"
"3111","CD8B"
"3112","RGPD1"
"3113","PLGLB1"
"3114","AC092651.3"
"3115","AC068279.2"
"3116","CYTOR"
"3117","PLGLB2"
"3118","RGPD2"
"3119","AC108479.3"
"3120","KRCC1"
"3121","THNSL2"
"3122","AC104134.1"
"3123","EIF2AK3"
"3124","EIF2AK3-DT"
"3125","RPIA"
"3126","AC233263.6"
"3127","AC233266.2"
"3128","AL845331.2"
"3129","AC103563.9"
"3130","MRPS5"
"3131","ZNF514"
"3132","ZNF2"
"3133","AC092835.1"
"3134","PROM2"
"3135","KCNIP3"
"3136","FAHD2A"
"3137","AC009237.14"
"3138","AC009237.15"
"3139","LINC00342"
"3140","ANKRD36C"
"3141","GPAT2"
"3142","ASTL"
"3143","DUSP2"
"3144","STARD7"
"3145","STARD7-AS1"
"3146","TMEM127"
"3147","CIAO1"
"3148","SNRNP200"
"3149","ITPRIPL1"
"3150","NCAPH"
"3151","NEURL3"
"3152","ARID5A"
"3153","KANSL3"
"3154","FER1L5"
"3155","LMAN2L"
"3156","CNNM4"
"3157","CNNM3-DT"
"3158","CNNM3"
"3159","ANKRD23"
"3160","ANKRD39"
"3161","SEMA4C"
"3162","FAM178B"
"3163","AC092636.1"
"3164","FAHD2B"
"3165","ANKRD36"
"3166","AC159540.2"
"3167","AC092683.1"
"3168","AC092683.2"
"3169","ANKRD36B"
"3170","COX5B"
"3171","ACTR1B"
"3172","C2orf92"
"3173","TMEM131"
"3174","VWA3B"
"3175","AC092675.1"
"3176","CNGA3"
"3177","INPP4A"
"3178","COA5"
"3179","UNC50"
"3180","MGAT4A"
"3181","LINC02611"
"3182","KIAA1211L"
"3183","TSGA10"
"3184","C2orf15"
"3185","AC079447.1"
"3186","LIPT1"
"3187","MITD1"
"3188","MRPL30"
"3189","LYG2"
"3190","LYG1"
"3191","TXNDC9"
"3192","EIF5B"
"3193","REV1"
"3194","AC018690.1"
"3195","AFF3"
"3196","AC092667.1"
"3197","LINC01104"
"3198","LONRF2"
"3199","CHST10"
"3200","PDCL3"
"3201","LINC01849"
"3202","NPAS2"
"3203","AC016738.1"
"3204","RPL31"
"3205","TBC1D8"
"3206","TBC1D8-AS1"
"3207","CNOT11"
"3208","RNF149"
"3209","CREG2"
"3210","RFX8"
"3211","MAP4K4"
"3212","IL1R1"
"3213","IL1RL2"
"3214","IL18R1"
"3215","SLC9A4"
"3216","SLC9A2"
"3217","MFSD9"
"3218","TMEM182"
"3219","LINC01796"
"3220","LINC01935"
"3221","AC073987.1"
"3222","AC011593.1"
"3223","AC013727.1"
"3224","AC013727.2"
"3225","LINC01965"
"3226","AC096554.1"
"3227","AC068535.1"
"3228","LINC01831"
"3229","AC068535.2"
"3230","LINC01102"
"3231","LINC01103"
"3232","AC013402.3"
"3233","PANTR1"
"3234","AC013402.1"
"3235","AC068057.1"
"3236","LINC01114"
"3237","AC018730.1"
"3238","POU3F3"
"3239","LINC01159"
"3240","AC010884.2"
"3241","AC010884.1"
"3242","MRPS9"
"3243","AC104655.1"
"3244","LINC01918"
"3245","TGFBRAP1"
"3246","AC012360.1"
"3247","AC012360.3"
"3248","C2orf49"
"3249","FHL2"
"3250","AC108058.1"
"3251","AC018802.1"
"3252","AC018802.2"
"3253","NCK2"
"3254","AC010978.1"
"3255","AC009505.1"
"3256","ECRG4"
"3257","UXS1"
"3258","AC018878.1"
"3259","RGPD3"
"3260","ST6GAL2"
"3261","ST6GAL2-IT1"
"3262","AC016994.1"
"3263","AC005040.2"
"3264","LINC01789"
"3265","AC096669.1"
"3266","LINC01885"
"3267","LINC01886"
"3268","GACAT1"
"3269","RGPD4"
"3270","SULT1C2"
"3271","SULT1C4"
"3272","GCC2"
"3273","GCC2-AS1"
"3274","LIMS1"
"3275","LIMS1-AS1"
"3276","RANBP2"
"3277","CCDC138"
"3278","EDAR"
"3279","SH3RF3-AS1"
"3280","SH3RF3"
"3281","SEPTIN10"
"3282","SOWAHC"
"3283","RGPD5"
"3284","MALL"
"3285","NPHP1"
"3286","MTLN"
"3287","LINC01106"
"3288","RGPD6"
"3289","BUB1"
"3290","ACOXL"
"3291","MIR4435-2HG"
"3292","ACOXL-AS1"
"3293","BCL2L11"
"3294","AC017002.6"
"3295","AC017002.5"
"3296","ANAPC1"
"3297","MERTK"
"3298","AC093675.1"
"3299","TMEM87B"
"3300","FBLN7"
"3301","ZC3H8"
"3302","AC092645.2"
"3303","ZC3H6"
"3304","RGPD8"
"3305","TTL"
"3306","POLR1B"
"3307","CHCHD5"
"3308","AC012442.2"
"3309","AC079922.2"
"3310","SLC20A1"
"3311","NT5DC4"
"3312","CKAP2L"
"3313","IL1A"
"3314","AC079753.2"
"3315","IL1B"
"3316","PSD4"
"3317","PAX8-AS1"
"3318","PAX8"
"3319","AC016745.1"
"3320","AC016745.2"
"3321","CBWD2"
"3322","RABL2A"
"3323","AC017074.1"
"3324","SLC35F5"
"3325","AC104653.2"
"3326","AC104653.1"
"3327","AC110769.2"
"3328","ACTR3"
"3329","LINC01191"
"3330","DPP10"
"3331","DPP10-AS3"
"3332","DPP10-AS2"
"3333","AC093610.1"
"3334","DPP10-AS1"
"3335","AC016721.1"
"3336","AC064856.1"
"3337","AC009312.1"
"3338","DDX18"
"3339","AC009404.1"
"3340","CCDC93"
"3341","AC009303.2"
"3342","INSIG2"
"3343","THORLNC"
"3344","STEAP3"
"3345","STEAP3-AS1"
"3346","C2orf76"
"3347","DBI"
"3348","SCTR"
"3349","CFAP221"
"3350","TMEM177"
"3351","PTPN4"
"3352","EPB41L5"
"3353","AC012363.1"
"3354","TMEM185B"
"3355","RALB"
"3356","INHBB"
"3357","AC018866.1"
"3358","GLI2"
"3359","CLASP1"
"3360","AC012447.1"
"3361","NIFK-AS1"
"3362","NIFK"
"3363","TSN"
"3364","LINC01823"
"3365","AC011246.1"
"3366","AC079154.1"
"3367","CNTNAP5"
"3368","AC142116.2"
"3369","GYPC"
"3370","AC012508.3"
"3371","AC012508.1"
"3372","BIN1"
"3373","CYP27C1"
"3374","ERCC3"
"3375","AC068282.1"
"3376","MAP3K2"
"3377","MAP3K2-DT"
"3378","IWS1"
"3379","AC010976.1"
"3380","LIMS2"
"3381","GPR17"
"3382","WDR33"
"3383","SFT2D3"
"3384","POLR2D"
"3385","AMMECR1L"
"3386","AC012306.2"
"3387","AC012306.3"
"3388","SAP130"
"3389","UGGT1"
"3390","HS6ST1"
"3391","LINC01854"
"3392","LINC02572"
"3393","AC079776.5"
"3394","LINC01856"
"3395","RAB6C"
"3396","CCDC74B"
"3397","SMPD4"
"3398","MZT2B"
"3399","CCDC115"
"3400","IMP4"
"3401","PTPN18"
"3402","AC140481.1"
"3403","AMER3"
"3404","ARHGEF4"
"3405","FAM168B"
"3406","PLEKHB2"
"3407","AC073869.3"
"3408","MZT2A"
"3409","TUBA3D"
"3410","CCDC74A"
"3411","C2orf27A"
"3412","AJ239322.1"
"3413","LINC01945"
"3414","AC093787.2"
"3415","ANKRD30BL"
"3416","AC097532.2"
"3417","AC097532.3"
"3418","GPR39"
"3419","LYPD1"
"3420","AC010974.1"
"3421","NCKAP5"
"3422","AC010974.2"
"3423","NCKAP5-AS1"
"3424","NCKAP5-AS2"
"3425","MGAT5"
"3426","TMEM163"
"3427","AC110620.2"
"3428","CCNT2-AS1"
"3429","ACMSD"
"3430","CCNT2"
"3431","MAP3K19"
"3432","RAB3GAP1"
"3433","ZRANB3"
"3434","R3HDM1"
"3435","UBXN4"
"3436","LCT"
"3437","MCM6"
"3438","DARS"
"3439","DARS-AS1"
"3440","CXCR4"
"3441","THSD7B"
"3442","HNMT"
"3443","AC114763.1"
"3444","SPOPL"
"3445","AC092620.1"
"3446","AC092620.2"
"3447","LINC02631"
"3448","NXPH2"
"3449","AC013265.1"
"3450","LINC01853"
"3451","LRP1B"
"3452","KYNU"
"3453","ARHGAP15"
"3454","AC013437.1"
"3455","AC079793.1"
"3456","AC092652.3"
"3457","AC092652.1"
"3458","AC092652.2"
"3459","AC079584.2"
"3460","AC079584.1"
"3461","AC016910.1"
"3462","GTDC1"
"3463","ZEB2"
"3464","AC009951.5"
"3465","ZEB2-AS1"
"3466","AC009951.6"
"3467","LINC01412"
"3468","TEX41"
"3469","AC079163.2"
"3470","AC079248.1"
"3471","ACVR2A"
"3472","AC009480.1"
"3473","ORC4"
"3474","MBD5"
"3475","EPC2"
"3476","AC105402.3"
"3477","KIF5C"
"3478","AC105402.4"
"3479","LYPD6B"
"3480","AC009230.1"
"3481","LYPD6"
"3482","MMADHC"
"3483","AC007364.1"
"3484","LINC01931"
"3485","LINC01818"
"3486","LINC01817"
"3487","RND3"
"3488","LINC01920"
"3489","AC104777.1"
"3490","LINC02612"
"3491","AC023469.1"
"3492","AC018731.1"
"3493","RBM43"
"3494","NMI"
"3495","TNFAIP6"
"3496","RIF1"
"3497","NEB"
"3498","ARL5A"
"3499","AC097448.1"
"3500","CACNB4"
"3501","AC079790.1"
"3502","STAM2"
"3503","AC079790.2"
"3504","FMNL2"
"3505","AC012066.2"
"3506","AC012443.2"
"3507","PRPF40A"
"3508","ARL6IP6"
"3509","AC011901.1"
"3510","LINC01850"
"3511","AC012501.2"
"3512","RPRM"
"3513","GALNT13"
"3514","AC009227.1"
"3515","AC061961.1"
"3516","KCNJ3"
"3517","AC073225.1"
"3518","LINC01876"
"3519","AC074099.1"
"3520","NR4A2"
"3521","GPD2"
"3522","AC096589.2"
"3523","AC108057.1"
"3524","GALNT5"
"3525","CYTIP"
"3526","ACVR1C"
"3527","AC019186.1"
"3528","ACVR1"
"3529","UPP2"
"3530","AC013731.1"
"3531","AC091488.1"
"3532","CCDC148-AS1"
"3533","CCDC148"
"3534","PKP4"
"3535","PKP4-AS1"
"3536","AC005042.2"
"3537","DAPL1"
"3538","TANC1"
"3539","WDSUB1"
"3540","BAZ2B"
"3541","AC008277.1"
"3542","AC009506.1"
"3543","AC009961.1"
"3544","MARCH7"
"3545","CD302"
"3546","LY75"
"3547","PLA2R1"
"3548","RBMS1"
"3549","AC009313.1"
"3550","TANK"
"3551","AC009299.3"
"3552","LINC01806"
"3553","PSMD14"
"3554","TBR1"
"3555","AC009487.1"
"3556","SLC4A10"
"3557","AC062022.2"
"3558","DPP4"
"3559","AC008063.1"
"3560","GCG"
"3561","AC007750.1"
"3562","FAP"
"3563","IFIH1"
"3564","GCA"
"3565","KCNH7"
"3566","AC011900.1"
"3567","FIGN"
"3568","AC016766.1"
"3569","GRB14"
"3570","COBLL1"
"3571","AC019197.1"
"3572","SLC38A11"
"3573","SCN3A"
"3574","SCN2A"
"3575","CSRNP3"
"3576","GALNT3"
"3577","AC009495.3"
"3578","AC009495.1"
"3579","TTC21B"
"3580","TTC21B-AS1"
"3581","SCN1A-AS1"
"3582","SCN1A"
"3583","SCN9A"
"3584","SCN7A"
"3585","XIRP2"
"3586","AC073050.1"
"3587","AC016723.1"
"3588","B3GALT1"
"3589","STK39"
"3590","CERS6"
"3591","CERS6-AS1"
"3592","NOSTRIN"
"3593","SPC25"
"3594","G6PC2"
"3595","ABCB11"
"3596","DHRS9"
"3597","LRP2"
"3598","BBS5"
"3599","KLHL41"
"3600","FASTKD1"
"3601","PPIG"
"3602","CCDC173"
"3603","PHOSPHO2"
"3604","KLHL23"
"3605","SSB"
"3606","METTL5"
"3607","UBR3"
"3608","MYO3B"
"3609","MYO3B-AS1"
"3610","AC007277.1"
"3611","AC007405.1"
"3612","AC007405.3"
"3613","ERICH2"
"3614","GAD1"
"3615","AC007405.2"
"3616","AC010092.1"
"3617","GORASP2"
"3618","TLK1"
"3619","METTL8"
"3620","DCAF17"
"3621","CYBRD1"
"3622","DYNC1I2"
"3623","SLC25A12"
"3624","HAT1"
"3625","METAP1D"
"3626","DLX1"
"3627","DLX2"
"3628","DLX2-DT"
"3629","AC104088.1"
"3630","ITGA6"
"3631","AC078883.2"
"3632","AC078883.1"
"3633","PDK1"
"3634","RAPGEF4-AS1"
"3635","RAPGEF4"
"3636","MAP3K20"
"3637","MAP3K20-AS1"
"3638","CDCA7"
"3639","SP3"
"3640","AC016737.1"
"3641","OLA1"
"3642","LINC01305"
"3643","SP9"
"3644","CIR1"
"3645","SCRN3"
"3646","GPR155"
"3647","AC010894.2"
"3648","AC010894.3"
"3649","WIPF1"
"3650","CHRNA1"
"3651","CHN1"
"3652","ATF2"
"3653","ATP5MC3"
"3654","AC093459.1"
"3655","LNPK"
"3656","MTX2"
"3657","LINC01117"
"3658","LINC01116"
"3659","AC092162.2"
"3660","AC073636.1"
"3661","AC074286.1"
"3662","AC079305.3"
"3663","HNRNPA3"
"3664","NFE2L2"
"3665","AC019080.1"
"3666","AC019080.5"
"3667","AC019080.6"
"3668","AGPS"
"3669","TTC30B"
"3670","AC073834.1"
"3671","TTC30A"
"3672","PDE11A"
"3673","AC012499.1"
"3674","RBM45"
"3675","OSBPL6"
"3676","CHROMR"
"3677","PRKRA"
"3678","PJVK"
"3679","FKBP7"
"3680","PLEKHA3"
"3681","TTN-AS1"
"3682","TTN"
"3683","AC009948.3"
"3684","AC009948.2"
"3685","AC010680.3"
"3686","AC010680.2"
"3687","AC010680.4"
"3688","AC010680.5"
"3689","AC010680.1"
"3690","AC092640.1"
"3691","CCDC141"
"3692","SESTD1"
"3693","ZNF385B"
"3694","CWC22"
"3695","AC009478.1"
"3696","SCHLAP1"
"3697","UBE2E3"
"3698","AC068196.1"
"3699","LINC01934"
"3700","ITGA4"
"3701","CERKL"
"3702","NEUROD1"
"3703","AC009962.1"
"3704","ITPRID2"
"3705","PPP1R1C"
"3706","PDE1A"
"3707","AC012500.1"
"3708","DNAJC10"
"3709","FRZB"
"3710","NCKAP1"
"3711","DUSP19"
"3712","AC064871.2"
"3713","NUP35"
"3714","AC021851.1"
"3715","AC021851.2"
"3716","AC093639.3"
"3717","AC093639.1"
"3718","AC096555.1"
"3719","AC020584.1"
"3720","AC096667.1"
"3721","ZNF804A"
"3722","AC009315.1"
"3723","FSIP2-AS1"
"3724","FSIP2"
"3725","AC097500.1"
"3726","LINC01473"
"3727","AC017071.1"
"3728","ZC3H15"
"3729","ITGAV"
"3730","AC017101.1"
"3731","FAM171B"
"3732","ZSWIM2"
"3733","AC007319.1"
"3734","CALCRL"
"3735","TFPI"
"3736","LINC01090"
"3737","GULP1"
"3738","AC092598.1"
"3739","COL5A2"
"3740","AC133106.1"
"3741","WDR75"
"3742","SLC40A1"
"3743","ASNSD1"
"3744","ANKAR"
"3745","OSGEPL1"
"3746","OSGEPL1-AS1"
"3747","AC013468.1"
"3748","ORMDL1"
"3749","PMS1"
"3750","C2orf88"
"3751","MSTN"
"3752","HIBCH"
"3753","INPP1"
"3754","MFSD6"
"3755","NEMP2"
"3756","AC108047.1"
"3757","AC006460.2"
"3758","NAB1"
"3759","AC006460.1"
"3760","GLS"
"3761","STAT1"
"3762","AC067945.3"
"3763","STAT4"
"3764","AC067945.4"
"3765","AC092614.1"
"3766","MYO1B"
"3767","NABP1"
"3768","AC098617.1"
"3769","TMEFF2"
"3770","AC096647.1"
"3771","LINC01821"
"3772","AC104823.1"
"3773","AC064834.1"
"3774","SLC39A10"
"3775","DNAH7"
"3776","STK17B"
"3777","AC114760.2"
"3778","HECW2"
"3779","HECW2-AS1"
"3780","CCDC150"
"3781","GTF3C3"
"3782","C2orf66"
"3783","PGAP1"
"3784","ANKRD44"
"3785","AC013264.1"
"3786","ANKRD44-IT1"
"3787","AC010746.2"
"3788","SF3B1"
"3789","COQ10B"
"3790","HSPD1"
"3791","HSPE1"
"3792","MOB4"
"3793","RFTN2"
"3794","AC011997.1"
"3795","MARS2"
"3796","BOLL"
"3797","PLCL1"
"3798","AC011997.2"
"3799","LINC01923"
"3800","AC019330.1"
"3801","AC020718.1"
"3802","SATB2"
"3803","AC016746.1"
"3804","SATB2-AS1"
"3805","LINC01877"
"3806","FTCDNL1"
"3807","AC097717.1"
"3808","C2orf69"
"3809","TYW5"
"3810","MAIP1"
"3811","SPATS2L"
"3812","AC012459.1"
"3813","KCTD18"
"3814","SGO2"
"3815","AOX1"
"3816","AC007163.1"
"3817","BZW1"
"3818","CLK1"
"3819","PPIL3"
"3820","NIF3L1"
"3821","ORC2"
"3822","AC005037.1"
"3823","FAM126B"
"3824","NDUFB3"
"3825","CFLAR"
"3826","CFLAR-AS1"
"3827","CASP10"
"3828","CASP8"
"3829","FLACC1"
"3830","TRAK2"
"3831","STRADB"
"3832","C2CD6"
"3833","TMEM237"
"3834","AC007279.2"
"3835","MPP4"
"3836","ALS2"
"3837","CDK15"
"3838","FZD7"
"3839","KIAA2012"
"3840","KIAA2012-AS1"
"3841","AC079354.3"
"3842","SUMO1"
"3843","NOP58"
"3844","AC064836.4"
"3845","AC064836.2"
"3846","AC064836.3"
"3847","BMPR2"
"3848","FAM117B"
"3849","ICA1L"
"3850","WDR12"
"3851","CARF"
"3852","NBEAL1"
"3853","CYP20A1"
"3854","ABI2"
"3855","RAPH1"
"3856","AC009498.1"
"3857","AC016903.2"
"3858","PARD3B"
"3859","AC007736.1"
"3860","NRP2"
"3861","AC007362.1"
"3862","AC007679.1"
"3863","INO80D"
"3864","AC007383.2"
"3865","NDUFS1"
"3866","AC007383.3"
"3867","EEF1B2"
"3868","GPR1"
"3869","GPR1-AS"
"3870","ZDBF2"
"3871","ADAM23"
"3872","AC010731.2"
"3873","DYTN"
"3874","MDH1B"
"3875","FASTKD2"
"3876","AC008269.1"
"3877","CPO"
"3878","KLF7"
"3879","KLF7-IT1"
"3880","MYOSLID"
"3881","AC007879.3"
"3882","AC007879.2"
"3883","AC009226.1"
"3884","CREB1"
"3885","METTL21A"
"3886","CCNYL1"
"3887","FZD5"
"3888","PLEKHM3"
"3889","CRYGD"
"3890","C2orf80"
"3891","IDH1"
"3892","PIKFYVE"
"3893","PTH2R"
"3894","MAP2"
"3895","UNC80"
"3896","RPE"
"3897","KANSL1L"
"3898","AC007038.2"
"3899","AC007038.1"
"3900","AC006994.2"
"3901","ACADL"
"3902","LANCL1-AS1"
"3903","LANCL1"
"3904","CPS1"
"3905","ERBB4"
"3906","AC093865.1"
"3907","LINC01878"
"3908","AC108066.1"
"3909","AC108066.2"
"3910","IKZF2"
"3911","AC079610.1"
"3912","AC079610.2"
"3913","SPAG16-DT"
"3914","SPAG16"
"3915","AC068051.1"
"3916","VWC2L"
"3917","BARD1"
"3918","SNHG31"
"3919","ABCA12"
"3920","AC072062.1"
"3921","AC092844.1"
"3922","ATIC"
"3923","FN1"
"3924","AC012462.3"
"3925","AC012462.1"
"3926","AC012668.3"
"3927","LINC00607"
"3928","AC093382.1"
"3929","MREG"
"3930","PECR"
"3931","TMEM169"
"3932","XRCC5"
"3933","LINC01963"
"3934","MARCH4"
"3935","AC012513.1"
"3936","AC069155.1"
"3937","AC098820.2"
"3938","SMARCAL1"
"3939","AC098820.1"
"3940","RPL37A"
"3941","LINC01280"
"3942","AC073321.1"
"3943","IGFBP2"
"3944","IGFBP5"
"3945","AC007563.2"
"3946","AC007563.4"
"3947","AC007557.3"
"3948","AC007749.2"
"3949","DIRC3-AS1"
"3950","DIRC3"
"3951","TNS1"
"3952","AC010136.1"
"3953","RUFY4"
"3954","ARPC2"
"3955","AC021016.2"
"3956","AAMP"
"3957","PNKD"
"3958","TMBIM1"
"3959","CATIP-AS2"
"3960","CATIP"
"3961","SLC11A1"
"3962","CTDSP1"
"3963","VIL1"
"3964","USP37"
"3965","CNOT9"
"3966","PLCD4"
"3967","AC012510.1"
"3968","ZNF142"
"3969","BCS1L"
"3970","RNF25"
"3971","STK36"
"3972","TTLL4"
"3973","CYP27A1"
"3974","AC009974.2"
"3975","LINC01494"
"3976","AC097468.2"
"3977","CDK5R2"
"3978","CFAP65"
"3979","AC097468.4"
"3980","AC097468.3"
"3981","NHEJ1"
"3982","SLC23A3"
"3983","CNPPD1"
"3984","RETREG2"
"3985","ZFAND2B"
"3986","ABCB6"
"3987","ATG9A"
"3988","ANKZF1"
"3989","GLB1L"
"3990","STK16"
"3991","TUBA4A"
"3992","DNAJB2"
"3993","PTPRN"
"3994","AC114803.1"
"3995","DNPEP"
"3996","AC053503.2"
"3997","SPEG"
"3998","AC053503.1"
"3999","GMPPA"
"4000","ASIC4"
"4001","CHPF"
"4002","TMEM198"
"4003","AC009955.3"
"4004","OBSL1"
"4005","AC009955.4"
"4006","INHA"
"4007","STK11IP"
"4008","SLC4A3"
"4009","AC009955.2"
"4010","AC019211.1"
"4011","AC067956.1"
"4012","AC093843.1"
"4013","AC093843.2"
"4014","EPHA4"
"4015","AC079834.2"
"4016","AC068489.1"
"4017","PAX3"
"4018","AC010980.1"
"4019","SGPP2"
"4020","FARSB"
"4021","MOGAT1"
"4022","ACSL3"
"4023","AC013476.1"
"4024","KCNE4"
"4025","SCG2"
"4026","AP1S3"
"4027","WDFY1"
"4028","MRPL44"
"4029","AC073641.1"
"4030","SERPINE2"
"4031","FAM124B"
"4032","AC073052.2"
"4033","CUL3"
"4034","DOCK10"
"4035","NYAP2"
"4036","AC016717.2"
"4037","AC062015.1"
"4038","IRS1"
"4039","AC010735.2"
"4040","RHBDD1"
"4041","COL4A4"
"4042","COL4A3"
"4043","AC097662.1"
"4044","MFF"
"4045","TM4SF20"
"4046","AGFG1"
"4047","C2orf83"
"4048","SLC19A3"
"4049","DAW1"
"4050","SPHKAP"
"4051","LINC01807"
"4052","PID1"
"4053","DNER"
"4054","TRIP12"
"4055","FBXO36"
"4056","SLC16A14"
"4057","AC009950.1"
"4058","SP110"
"4059","SP140"
"4060","SP140L"
"4061","SP100"
"4062","CAB39"
"4063","ITM2C"
"4064","GCSIR"
"4065","GPR55"
"4066","SPATA3"
"4067","C2orf72"
"4068","AC009407.1"
"4069","PSMD1"
"4070","HTR2B"
"4071","ARMC9"
"4072","AC017104.1"
"4073","NCL"
"4074","LINC00471"
"4075","PTMA"
"4076","PDE6D"
"4077","COPS7B"
"4078","AC073476.3"
"4079","DIS3L2"
"4080","AC019130.1"
"4081","ECEL1"
"4082","CHRNG"
"4083","TIGD1"
"4084","EIF4E2"
"4085","AC073254.1"
"4086","EFHD1"
"4087","GIGYF2"
"4088","AC064852.1"
"4089","KCNJ13"
"4090","SNORC"
"4091","NGEF"
"4092","INPP5D"
"4093","ATG16L1"
"4094","SAG"
"4095","AC013726.1"
"4096","DGKD"
"4097","USP40"
"4098","MROH2A"
"4099","HJURP"
"4100","TRPM8"
"4101","AC097713.1"
"4102","LINC01891"
"4103","ARL4C"
"4104","AC010148.1"
"4105","SH3BP4"
"4106","AGAP1"
"4107","AC064874.1"
"4108","AC019068.1"
"4109","ASB18"
"4110","IQCA1"
"4111","ACKR3"
"4112","AC012063.1"
"4113","AC105760.1"
"4114","COPS8"
"4115","COL6A3"
"4116","MLPH"
"4117","RAB17"
"4118","AC104667.1"
"4119","LRRFIP1"
"4120","AC012076.1"
"4121","RBM44"
"4122","RAMP1"
"4123","UBE2F"
"4124","SCLY"
"4125","ERFE"
"4126","ILKAP"
"4127","LINC02610"
"4128","AC012485.1"
"4129","HES6"
"4130","PER2"
"4131","AC012485.3"
"4132","TRAF3IP1"
"4133","ASB1"
"4134","LINC01107"
"4135","LINC01937"
"4136","HDAC4"
"4137","AC017028.1"
"4138","AC017028.2"
"4139","HDAC4-AS1"
"4140","AC023787.2"
"4141","AC093802.1"
"4142","NDUFA10"
"4143","COPS9"
"4144","AC124861.1"
"4145","GPC1"
"4146","AC110619.1"
"4147","ANKMY1"
"4148","DUSP28"
"4149","RNPEPL1"
"4150","CAPN10-DT"
"4151","CAPN10"
"4152","GPR35"
"4153","KIF1A"
"4154","CROCC2"
"4155","SNED1"
"4156","AC005237.1"
"4157","MTERF4"
"4158","PASK"
"4159","PPP1R7"
"4160","ANO7"
"4161","HDLBP"
"4162","SEPTIN2"
"4163","AC104841.1"
"4164","FARP2"
"4165","AC005104.3"
"4166","STK25"
"4167","BOK-AS1"
"4168","BOK"
"4169","AC133528.1"
"4170","THAP4"
"4171","ATG4B"
"4172","DTYMK"
"4173","ING5"
"4174","D2HGDH"
"4175","AC114730.2"
"4176","GAL3ST2"
"4177","LINC01237"
"4178","LINC01238"
"4179","AC093642.7"
"4180","LINC01880"
"4181","LINC01238.1"
"4182","LINC01986"
"4183","AC066595.1"
"4184","CHL1-AS2"
"4185","AC066595.2"
"4186","CHL1"
"4187","CHL1-AS1"
"4188","AC087428.1"
"4189","LINC01266"
"4190","CNTN6"
"4191","CNTN4"
"4192","CNTN4-AS2"
"4193","AC087427.1"
"4194","CNTN4-AS1"
"4195","IL5RA"
"4196","TRNT1"
"4197","CRBN"
"4198","AC024060.2"
"4199","AC034195.1"
"4200","SUMF1"
"4201","LRRN1"
"4202","AC023480.1"
"4203","SETMAR"
"4204","ITPR1-DT"
"4205","ITPR1"
"4206","EGOT"
"4207","AC018816.1"
"4208","BHLHE40-AS1"
"4209","BHLHE40"
"4210","ARL8B"
"4211","AC026202.2"
"4212","EDEM1"
"4213","AC087857.1"
"4214","AC026167.1"
"4215","AC069277.1"
"4216","GRM7-AS3"
"4217","GRM7"
"4218","GRM7-AS2"
"4219","AC066585.1"
"4220","GRM7-AS1"
"4221","AC077690.1"
"4222","LMCD1-AS1"
"4223","AC018832.1"
"4224","AC023481.1"
"4225","LMCD1"
"4226","SSUH2"
"4227","CAV3"
"4228","OXTR"
"4229","RAD18"
"4230","SRGAP3"
"4231","SRGAP3-AS1"
"4232","AC037193.1"
"4233","SRGAP3-AS2"
"4234","SRGAP3-AS3"
"4235","SRGAP3-AS4"
"4236","THUMPD3-AS1"
"4237","THUMPD3"
"4238","SETD5"
"4239","LHFPL4"
"4240","MTMR14"
"4241","AC022382.2"
"4242","CPNE9"
"4243","BRPF1"
"4244","OGG1"
"4245","CAMK1"
"4246","TADA3"
"4247","ARPC4"
"4248","TTLL3"
"4249","AC022382.1"
"4250","RPUSD3"
"4251","CIDEC"
"4252","JAGN1"
"4253","IL17RE"
"4254","IL17RC"
"4255","CRELD1"
"4256","AC018809.1"
"4257","PRRT3"
"4258","PRRT3-AS1"
"4259","AC018809.2"
"4260","EMC3"
"4261","AC022007.1"
"4262","FANCD2"
"4263","FANCD2OS"
"4264","BRK1"
"4265","VHL"
"4266","AC034193.1"
"4267","IRAK2"
"4268","TATDN2"
"4269","LINC00852"
"4270","GHRL"
"4271","GHRLOS"
"4272","SEC13"
"4273","ATP2B2"
"4274","SLC6A11"
"4275","AC027128.1"
"4276","SLC6A1"
"4277","SLC6A1-AS1"
"4278","AC066580.1"
"4279","HRH1"
"4280","AC083855.2"
"4281","ATG7"
"4282","VGLL4"
"4283","AC022001.2"
"4284","AC022001.3"
"4285","TAMM41"
"4286","SYN2"
"4287","TIMP4"
"4288","PPARG"
"4289","TSEN2"
"4290","MKRN2OS"
"4291","MKRN2"
"4292","RAF1"
"4293","CAND2"
"4294","AC034198.2"
"4295","RPL32"
"4296","IQSEC1"
"4297","NUP210"
"4298","HDAC11-AS1"
"4299","HDAC11"
"4300","FBLN2"
"4301","LINC00620"
"4302","WNT7A"
"4303","AC090004.2"
"4304","CHCHD4"
"4305","TMEM43"
"4306","AC093495.1"
"4307","XPC"
"4308","LSM3"
"4309","SLC6A6"
"4310","GRIP2"
"4311","AC090952.2"
"4312","CCDC174"
"4313","C3orf20"
"4314","FGD5"
"4315","FGD5-AS1"
"4316","NR2C2"
"4317","MRPS25"
"4318","RBSN"
"4319","CAPN7"
"4320","SH3BP5-AS1"
"4321","SH3BP5"
"4322","METTL6"
"4323","EAF1"
"4324","EAF1-AS1"
"4325","COLQ"
"4326","AC027129.1"
"4327","HACL1"
"4328","BTD"
"4329","ANKRD28"
"4330","AC090945.1"
"4331","AC090946.1"
"4332","GALNT15"
"4333","DPH3"
"4334","OXNAD1"
"4335","RFTN1"
"4336","AC090948.1"
"4337","AC090948.3"
"4338","AC090948.4"
"4339","PLCL2"
"4340","PLCL2-AS1"
"4341","AC090644.1"
"4342","TBC1D5"
"4343","SATB1"
"4344","AC144521.1"
"4345","SATB1-AS1"
"4346","KCNH8"
"4347","AC061958.1"
"4348","EFHB"
"4349","RAB5A"
"4350","PP2D1"
"4351","KAT2B"
"4352","SGO1"
"4353","SGO1-AS1"
"4354","AC099753.1"
"4355","ZNF385D"
"4356","ZNF385D-AS1"
"4357","ZNF385D-AS2"
"4358","UBE2E2"
"4359","UBE2E1-AS1"
"4360","UBE2E1"
"4361","NKIRAS1"
"4362","RPL15"
"4363","NR1D2"
"4364","LINC00691"
"4365","THRB"
"4366","THRB-IT1"
"4367","THRB-AS1"
"4368","AC092422.1"
"4369","RARB"
"4370","TOP2B"
"4371","NGLY1"
"4372","OXSM"
"4373","LINC00692"
"4374","AC099754.1"
"4375","LRRC3B"
"4376","NEK10"
"4377","AC099535.2"
"4378","SLC4A7"
"4379","LINC02084"
"4380","EOMES"
"4381","LINC01980"
"4382","LINC01967"
"4383","CMC1"
"4384","AZI2"
"4385","ZCWPW2"
"4386","RBMS3"
"4387","RBMS3-AS3"
"4388","RBMS3-AS2"
"4389","RBMS3-AS1"
"4390","TGFBR2"
"4391","GADL1"
"4392","STT3B"
"4393","OSBPL10"
"4394","OSBPL10-AS1"
"4395","ZNF860"
"4396","GPD1L"
"4397","CMTM8"
"4398","CMTM7"
"4399","CMTM6"
"4400","DYNC1LI1"
"4401","CNOT10"
"4402","CNOT10-AS1"
"4403","TRIM71"
"4404","CCR4"
"4405","GLB1"
"4406","TMPPE"
"4407","CRTAP"
"4408","SUSD5"
"4409","FBXL2"
"4410","UBP1"
"4411","CLASP2"
"4412","AC112220.2"
"4413","PDCD6IP"
"4414","LINC01811"
"4415","AC018359.1"
"4416","ARPP21"
"4417","ARPP21-AS1"
"4418","STAC"
"4419","DCLK3"
"4420","TRANK1"
"4421","EPM2AIP1"
"4422","MLH1"
"4423","LRRFIP2"
"4424","AC126118.1"
"4425","AC097359.3"
"4426","AC097359.2"
"4427","GOLGA4"
"4428","C3orf35"
"4429","ITGA9"
"4430","ITGA9-AS1"
"4431","CTDSPL"
"4432","VILL"
"4433","PLCD1"
"4434","DLEC1"
"4435","ACAA1"
"4436","MYD88"
"4437","OXSR1"
"4438","SLC22A13"
"4439","SLC22A14"
"4440","XYLB"
"4441","ACVR2B-AS1"
"4442","ACVR2B"
"4443","EXOG"
"4444","SCN5A"
"4445","SCN10A"
"4446","SCN11A"
"4447","WDR48"
"4448","GORASP1"
"4449","TTC21A"
"4450","CSRNP1"
"4451","AC092053.4"
"4452","CX3CR1"
"4453","AC104850.2"
"4454","SLC25A38"
"4455","RPSA"
"4456","AC099332.2"
"4457","AC099332.1"
"4458","MOBP"
"4459","MYRIP"
"4460","EIF1B-AS1"
"4461","EIF1B"
"4462","ENTPD3-AS1"
"4463","ENTPD3"
"4464","RPL14"
"4465","ZNF619"
"4466","ZNF620"
"4467","ZNF621"
"4468","AC099560.1"
"4469","CTNNB1"
"4470","ULK4"
"4471","TRAK1"
"4472","CCK"
"4473","VIPR1"
"4474","VIPR1-AS1"
"4475","SEC22C"
"4476","SS18L2"
"4477","NKTR"
"4478","AC006059.1"
"4479","ZBTB47"
"4480","AC006059.5"
"4481","CCDC13"
"4482","AC006059.4"
"4483","CCDC13-AS1"
"4484","LINC02158"
"4485","HIGD1A"
"4486","AC099329.1"
"4487","KRBOX1"
"4488","ZNF662"
"4489","GASK1A"
"4490","POMGNT2"
"4491","AC092042.4"
"4492","SNRK"
"4493","SNRK-AS1"
"4494","ANO10"
"4495","ABHD5"
"4496","AC006058.1"
"4497","TOPAZ1"
"4498","AC104187.1"
"4499","TCAIM"
"4500","LINC01988"
"4501","ZNF445"
"4502","ZNF852"
"4503","ZKSCAN7"
"4504","ZKSCAN7-AS1"
"4505","ZNF660"
"4506","ZNF197"
"4507","ZNF197-AS1"
"4508","ZNF35"
"4509","AC124045.1"
"4510","ZNF502"
"4511","ZNF501"
"4512","KIAA1143"
"4513","KIF15"
"4514","TMEM42"
"4515","TGM4"
"4516","ZDHHC3"
"4517","EXOSC7"
"4518","CDCP1"
"4519","TMEM158"
"4520","LARS2"
"4521","LARS2-AS1"
"4522","LIMD1"
"4523","LIMD1-AS1"
"4524","SACM1L"
"4525","SLC6A20"
"4526","LZTFL1"
"4527","AC099782.2"
"4528","FYCO1"
"4529","CCR5AS"
"4530","LTF"
"4531","LRRC2"
"4532","ALS2CL"
"4533","TMIE"
"4534","PRSS45P"
"4535","MYL3"
"4536","PTH1R"
"4537","CCDC12"
"4538","NBEAL2"
"4539","SETD2"
"4540","KIF9-AS1"
"4541","KIF9"
"4542","KLHL18"
"4543","AC099778.1"
"4544","PTPN23"
"4545","SCAP"
"4546","ELP6"
"4547","CSPG5"
"4548","SMARCC1"
"4549","AC112512.1"
"4550","DHX30"
"4551","MAP4"
"4552","CDC25A"
"4553","ZNF589"
"4554","NME6"
"4555","SPINK8"
"4556","FBXW12"
"4557","PLXNB1"
"4558","CCDC51"
"4559","TMA7"
"4560","AC134772.1"
"4561","ATRIP"
"4562","SHISA5"
"4563","PFKFB4"
"4564","COL7A1"
"4565","UQCRC1"
"4566","SLC26A6"
"4567","CELSR3"
"4568","LINC02585"
"4569","AC141002.1"
"4570","NCKIPSD"
"4571","IP6K2"
"4572","PRKAR2A"
"4573","PRKAR2A-AS1"
"4574","SLC25A20"
"4575","ARIH2OS"
"4576","ARIH2"
"4577","AC137630.2"
"4578","AC137630.1"
"4579","AC137630.4"
"4580","P4HTM"
"4581","WDR6"
"4582","DALRD3"
"4583","NDUFAF3"
"4584","IMPDH2"
"4585","AC137630.3"
"4586","QRICH1"
"4587","QARS"
"4588","USP19"
"4589","LAMB2"
"4590","CCDC71"
"4591","KLHDC8B"
"4592","C3orf84"
"4593","CCDC36"
"4594","C3orf62"
"4595","USP4"
"4596","RHOA"
"4597","TCTA"
"4598","AMT"
"4599","NICN1"
"4600","DAG1"
"4601","BSN-DT"
"4602","BSN"
"4603","APEH"
"4604","MST1"
"4605","RNF123"
"4606","GMPPB"
"4607","IP6K1"
"4608","INKA1"
"4609","UBA7"
"4610","TRAIP"
"4611","CAMKV"
"4612","MST1R"
"4613","AC105935.1"
"4614","MON1A"
"4615","RBM6"
"4616","RBM5"
"4617","RBM5-AS1"
"4618","SEMA3F-AS1"
"4619","SEMA3F"
"4620","SLC38A3"
"4621","GNAI2"
"4622","U73169.1"
"4623","U73166.1"
"4624","SEMA3B"
"4625","LSMEM2"
"4626","IFRD2"
"4627","HYAL3"
"4628","NAA80"
"4629","HYAL1"
"4630","HYAL2"
"4631","TUSC2"
"4632","RASSF1"
"4633","RASSF1-AS1"
"4634","ZMYND10"
"4635","NPRL2"
"4636","CYB561D2"
"4637","TMEM115"
"4638","CACNA2D2"
"4639","CYB561D2.1"
"4640","C3orf18"
"4641","HEMK1"
"4642","CISH"
"4643","MAPKAPK3"
"4644","LINC02019"
"4645","DOCK3"
"4646","MANF"
"4647","RBM15B"
"4648","DCAF1"
"4649","RAD54L2"
"4650","TEX264"
"4651","GRM2"
"4652","AC115284.4"
"4653","RRP9"
"4654","PARP3"
"4655","PCBP4"
"4656","ABHD14B"
"4657","ABHD14A"
"4658","ACY1"
"4659","RPL29"
"4660","DUSP7"
"4661","POC1A"
"4662","ALAS1"
"4663","TLR9"
"4664","TWF2"
"4665","AC006252.1"
"4666","PPM1M"
"4667","WDR82"
"4668","GLYCTK"
"4669","GLYCTK-AS1"
"4670","DNAH1"
"4671","BAP1"
"4672","PHF7"
"4673","SEMA3G"
"4674","NISCH"
"4675","STAB1"
"4676","NT5DC2"
"4677","SMIM4"
"4678","PBRM1"
"4679","GNL3"
"4680","GLT8D1"
"4681","SPCS1"
"4682","NEK4"
"4683","ITIH3"
"4684","ITIH4"
"4685","MUSTN1"
"4686","STIMATE"
"4687","SFMBT1"
"4688","RFT1"
"4689","PRKCD"
"4690","TKT"
"4691","DCP1A"
"4692","CACNA1D"
"4693","CHDH"
"4694","IL17RB"
"4695","AC012467.2"
"4696","ACTR8"
"4697","SELENOK"
"4698","AC115282.1"
"4699","CACNA2D3"
"4700","CACNA2D3-AS1"
"4701","LRTM1"
"4702","LINC02017"
"4703","LINC02030"
"4704","WNT5A"
"4705","AC121764.1"
"4706","ERC2"
"4707","AC025572.1"
"4708","ERC2-IT1"
"4709","CCDC66"
"4710","TASOR"
"4711","ARHGEF3"
"4712","ARHGEF3-AS1"
"4713","SPATA12"
"4714","IL17RD"
"4715","HESX1"
"4716","APPL1"
"4717","ASB14"
"4718","AC093928.1"
"4719","DNAH12"
"4720","AC092418.2"
"4721","PDE12"
"4722","ARF4"
"4723","ARF4-AS1"
"4724","DENND6A"
"4725","DENND6A-AS1"
"4726","DENND6A-DT"
"4727","SLMAP"
"4728","FLNB"
"4729","FLNB-AS1"
"4730","DNASE1L3"
"4731","ABHD6"
"4732","RPP14"
"4733","AC098479.1"
"4734","PXK"
"4735","PDHB"
"4736","AC135507.1"
"4737","KCTD6"
"4738","ACOX2"
"4739","FAM107A"
"4740","FAM3D-AS1"
"4741","C3orf67"
"4742","C3orf67-AS1"
"4743","AC126121.3"
"4744","AC126121.2"
"4745","FHIT"
"4746","PTPRG"
"4747","PTPRG-AS1"
"4748","C3orf14"
"4749","FEZF2"
"4750","CADPS"
"4751","LINC00698"
"4752","SYNPR"
"4753","SYNPR-AS1"
"4754","SNTN"
"4755","C3orf49"
"4756","THOC7"
"4757","AC104162.2"
"4758","ATXN7"
"4759","SCAANT1"
"4760","PSMD6-AS2"
"4761","AC012557.1"
"4762","PSMD6"
"4763","PSMD6-AS1"
"4764","AC012557.2"
"4765","AC092040.1"
"4766","LINC00994"
"4767","PRICKLE2"
"4768","PRICKLE2-AS2"
"4769","PRICKLE2-AS3"
"4770","ADAMTS9"
"4771","ADAMTS9-AS1"
"4772","ADAMTS9-AS2"
"4773","MAGI1"
"4774","AC121493.1"
"4775","MAGI1-IT1"
"4776","MAGI1-AS1"
"4777","SLC25A26"
"4778","LRIG1"
"4779","KBTBD8"
"4780","SUCLG2"
"4781","SUCLG2-AS1"
"4782","TAFA1"
"4783","TAFA4"
"4784","EOGT"
"4785","AC109587.1"
"4786","TMF1"
"4787","UBA3"
"4788","ARL6IP5"
"4789","LMOD3"
"4790","FRMD4B"
"4791","AC099328.2"
"4792","MITF"
"4793","SAMMSON"
"4794","MDFIC2"
"4795","FOXP1"
"4796","FOXP1-AS1"
"4797","AC097634.2"
"4798","FOXP1-IT1"
"4799","AC097634.3"
"4800","AC097634.1"
"4801","EIF4E3"
"4802","GPR27"
"4803","LINC00877"
"4804","LINC00870"
"4805","RYBP"
"4806","AC104435.2"
"4807","SHQ1"
"4808","GXYLT2"
"4809","PPP4R2"
"4810","EBLN2"
"4811","PDZRN3"
"4812","PDZRN3-AS1"
"4813","LINC02005"
"4814","CNTN3"
"4815","AC117481.1"
"4816","LINC02018"
"4817","LINC00960"
"4818","ZNF717"
"4819","ROBO2"
"4820","AC133040.1"
"4821","ROBO1"
"4822","AC117461.1"
"4823","AC068756.1"
"4824","LINC02050"
"4825","LINC02027"
"4826","AC099542.1"
"4827","GBE1"
"4828","AC129807.1"
"4829","LINC02008"
"4830","AC023503.1"
"4831","AC117464.1"
"4832","LINC00971"
"4833","CADM2"
"4834","CADM2-AS2"
"4835","CADM2-AS1"
"4836","VGLL3"
"4837","AC107204.1"
"4838","CHMP2B"
"4839","AC108749.1"
"4840","HTR1F"
"4841","CGGBP1"
"4842","ZNF654"
"4843","C3orf38"
"4844","CSNKA2IP"
"4845","EPHA3"
"4846","AC109129.1"
"4847","PROS1"
"4848","ARL13B"
"4849","STX19"
"4850","DHFR2"
"4851","NSUN3"
"4852","LINC00879"
"4853","MTRNR2L12"
"4854","AC109782.1"
"4855","EPHA6"
"4856","AC110491.1"
"4857","ARL6"
"4858","AC110491.3"
"4859","CRYBG3"
"4860","AC110491.2"
"4861","RIOX2"
"4862","GABRR3"
"4863","AC117460.1"
"4864","OR5H14"
"4865","AC117473.1"
"4866","CLDND1"
"4867","AC021660.2"
"4868","AC021660.4"
"4869","CPOX"
"4870","ST3GAL6-AS1"
"4871","ST3GAL6"
"4872","DCBLD2"
"4873","AC091212.1"
"4874","COL8A1"
"4875","AC069222.1"
"4876","CMSS1"
"4877","FILIP1L"
"4878","AC129803.1"
"4879","TBC1D23"
"4880","NIT2"
"4881","TOMM70"
"4882","LNP1"
"4883","TMEM45A"
"4884","TFG"
"4885","ABI3BP"
"4886","IMPG2"
"4887","SENP7"
"4888","TRMT10C"
"4889","PCNP"
"4890","ZBTB11"
"4891","ZBTB11-AS1"
"4892","RPL24"
"4893","AC084198.2"
"4894","CEP97"
"4895","NXPE3"
"4896","AC020651.1"
"4897","NFKBIZ"
"4898","ZPLD1"
"4899","ALCAM"
"4900","CBLB"
"4901","AC131237.1"
"4902","AC079382.2"
"4903","LINC00882"
"4904","AC117435.1"
"4905","DUBR"
"4906","AC063944.1"
"4907","AC063944.3"
"4908","LINC01990"
"4909","BBX"
"4910","LINC00636"
"4911","AC012020.1"
"4912","CD47"
"4913","IFT57"
"4914","HHLA2"
"4915","MYH15"
"4916","CIP2A"
"4917","DZIP3"
"4918","GUCA1C"
"4919","MORC1"
"4920","C3orf85"
"4921","LINC00488"
"4922","DPPA4"
"4923","LINC01205"
"4924","AC078980.1"
"4925","NECTIN3-AS1"
"4926","NECTIN3"
"4927","CD96"
"4928","AC092916.1"
"4929","PLCXD2"
"4930","PLCXD2-AS1"
"4931","PHLDB2"
"4932","AC117509.1"
"4933","ABHD10"
"4934","TAGLN3"
"4935","TMPRSS7"
"4936","C3orf52"
"4937","SLC9C1"
"4938","AC112487.1"
"4939","CD200"
"4940","BTLA"
"4941","ATG3"
"4942","SLC35A5"
"4943","CCDC80"
"4944","LINC02042"
"4945","CD200R1"
"4946","AC074044.1"
"4947","GTPBP8"
"4948","NEPRO"
"4949","AC078785.1"
"4950","AC078785.2"
"4951","LINC02044"
"4952","BOC"
"4953","AC026329.1"
"4954","CFAP44"
"4955","CFAP44-AS1"
"4956","SPICE1"
"4957","SIDT1"
"4958","USF3"
"4959","NAA50"
"4960","ATP6V1A"
"4961","GRAMD1C"
"4962","ZDHHC23"
"4963","CCDC191"
"4964","AC128687.3"
"4965","AC092896.2"
"4966","QTRT2"
"4967","DRD3"
"4968","AC093010.2"
"4969","TIGIT"
"4970","ZBTB20"
"4971","ZBTB20-AS1"
"4972","ZBTB20-AS5"
"4973","ZBTB20-AS2"
"4974","ZBTB20-AS3"
"4975","ZBTB20-AS4"
"4976","AC026341.1"
"4977","AC026341.2"
"4978","GAP43"
"4979","LSAMP"
"4980","LSAMP-AS1"
"4981","LINC00903"
"4982","TUSC7"
"4983","LINC00901"
"4984","AC092691.1"
"4985","LINC02024"
"4986","AC092691.3"
"4987","AC068633.1"
"4988","IGSF11"
"4989","IGSF11-AS1"
"4990","TEX55"
"4991","UPK1B"
"4992","B4GALT4"
"4993","B4GALT4-AS1"
"4994","ARHGAP31"
"4995","ARHGAP31-AS1"
"4996","TMEM39A"
"4997","POGLUT1"
"4998","AC073352.1"
"4999","TIMMDC1"
"5000","CD80"
"5001","POPDC2"
"5002","COX17"
"5003","AC023494.1"
"5004","MAATS1"
"5005","NR1I2"
"5006","GSK3B"
"5007","AC092910.3"
"5008","GPR156"
"5009","LRRC58"
"5010","FSTL1"
"5011","AC126182.3"
"5012","NDUFB4"
"5013","HGD"
"5014","RABL3"
"5015","GTF2E1"
"5016","AC072026.2"
"5017","STXBP5L"
"5018","AC079841.2"
"5019","POLQ"
"5020","ARGFX"
"5021","HCLS1"
"5022","GOLGB1"
"5023","IQCB1"
"5024","EAF2"
"5025","SLC15A2"
"5026","CCDC58"
"5027","FAM162A"
"5028","WDR5B"
"5029","AC083798.2"
"5030","KPNA1"
"5031","PARP9"
"5032","DTX3L"
"5033","PARP14"
"5034","HSPBAP1"
"5035","SLC49A4"
"5036","LINC02035"
"5037","SEMA5B"
"5038","PDIA5"
"5039","SEC22A"
"5040","AC112503.2"
"5041","ADCY5"
"5042","AC112503.1"
"5043","HACD2"
"5044","MYLK-AS1"
"5045","MYLK"
"5046","MYLK-AS2"
"5047","CCDC14"
"5048","KALRN"
"5049","UMPS"
"5050","ITGB5"
"5051","ITGB5-AS1"
"5052","MUC13"
"5053","HEG1"
"5054","SLC12A8"
"5055","ZNF148"
"5056","SNX4"
"5057","OSBPL11"
"5058","AC092902.4"
"5059","AC092902.6"
"5060","LINC02614"
"5061","AC092903.2"
"5062","ALG1L"
"5063","ROPN1B"
"5064","SLC41A3"
"5065","AC079848.1"
"5066","ALDH1L1"
"5067","ALDH1L1-AS2"
"5068","AC079848.2"
"5069","AC016924.1"
"5070","KLF15"
"5071","CFAP100"
"5072","ZXDC"
"5073","UROC1"
"5074","C3orf22"
"5075","AC024558.2"
"5076","TXNRD3"
"5077","CHCHD6"
"5078","PLXNA1"
"5079","LINC02016"
"5080","LINC01471"
"5081","TPRA1"
"5082","MCM2"
"5083","AC023593.1"
"5084","PODXL2"
"5085","ABTB1"
"5086","MGLL"
"5087","AC117480.1"
"5088","KBTBD12"
"5089","SEC61A1"
"5090","RUVBL1"
"5091","EEFSEC"
"5092","AL449214.1"
"5093","GATA2-AS1"
"5094","RPN1"
"5095","RAB7A"
"5096","AC112484.3"
"5097","AC112484.1"
"5098","AC112484.5"
"5099","ACAD9"
"5100","KIAA1257"
"5101","EFCC1"
"5102","RAB43"
"5103","ISY1"
"5104","AC108673.3"
"5105","CNBP"
"5106","COPG1"
"5107","AC137695.3"
"5108","HMCES"
"5109","H1FX"
"5110","H1FX-AS1"
"5111","EFCAB12"
"5112","MBD4"
"5113","IFT122"
"5114","PLXND1"
"5115","TMCC1"
"5116","AC083799.1"
"5117","TMCC1-AS1"
"5118","AC083906.3"
"5119","TRH"
"5120","ALG1L2"
"5121","LINC02014"
"5122","LINC02021"
"5123","COL6A6"
"5124","PIK3R4"
"5125","ATP2C1"
"5126","AC055733.2"
"5127","ASTE1"
"5128","NEK11"
"5129","AC116424.1"
"5130","AC010210.1"
"5131","NUDT16"
"5132","AC107027.3"
"5133","MRPL3"
"5134","AC107027.1"
"5135","CPNE4"
"5136","ACPP"
"5137","DNAJC13"
"5138","ACAD11"
"5139","ACKR4"
"5140","UBA5"
"5141","NPHP3"
"5142","NPHP3-AS1"
"5143","AC079942.1"
"5144","TMEM108"
"5145","TMEM108-AS1"
"5146","BFSP2"
"5147","BFSP2-AS1"
"5148","CDV3"
"5149","TOPBP1"
"5150","TF"
"5151","SRPRB"
"5152","RAB6B"
"5153","SLCO2A1"
"5154","RYK"
"5155","AC010207.1"
"5156","AMOTL2"
"5157","ANAPC13"
"5158","CEP63"
"5159","EPHB1"
"5160","KY"
"5161","AC016931.1"
"5162","AC092969.1"
"5163","PPP2R3A"
"5164","AC072039.2"
"5165","MSL2"
"5166","PCCB"
"5167","STAG1"
"5168","AC117382.2"
"5169","AC096992.3"
"5170","SLC35G2"
"5171","NCK1-DT"
"5172","AC096992.2"
"5173","NCK1"
"5174","IL20RB"
"5175","IL20RB-AS1"
"5176","CLDN18"
"5177","AC016252.1"
"5178","DZIP1L"
"5179","DBR1"
"5180","ARMC8"
"5181","NME9"
"5182","MRAS"
"5183","ESYT3"
"5184","CEP70"
"5185","FAIM"
"5186","PIK3CB"
"5187","MRPS22"
"5188","AC024933.1"
"5189","COPB2"
"5190","AC046134.2"
"5191","RBP2"
"5192","RBP1"
"5193","NMNAT3"
"5194","AC016933.1"
"5195","CLSTN2"
"5196","AC010181.1"
"5197","AC010181.2"
"5198","CLSTN2-AS1"
"5199","TRIM42"
"5200","SLC25A36"
"5201","AC108727.1"
"5202","SPSB4"
"5203","AC108727.2"
"5204","PXYLP1"
"5205","AC022215.2"
"5206","AC117383.1"
"5207","ZBTB38"
"5208","RASA2"
"5209","RASA2-IT1"
"5210","RNF7"
"5211","GRK7"
"5212","ATP1B3"
"5213","ATP1B3-AS1"
"5214","TFDP2"
"5215","GK5"
"5216","XRN1"
"5217","ATR"
"5218","PLS1"
"5219","PLS1-AS1"
"5220","AC072028.1"
"5221","TRPC1"
"5222","PCOLCE2"
"5223","PAQR9"
"5224","PAQR9-AS1"
"5225","U2SURP"
"5226","AC026304.1"
"5227","CHST2"
"5228","AC018450.1"
"5229","SLC9A9"
"5230","SLC9A9-AS1"
"5231","DIPK2A"
"5232","AC107021.1"
"5233","LNCSRLR"
"5234","PLOD2"
"5235","PLSCR4"
"5236","PLSCR2"
"5237","PLSCR1"
"5238","AC092957.1"
"5239","ZIC4"
"5240","ZIC1"
"5241","AC092958.1"
"5242","AC025566.1"
"5243","LINC02045"
"5244","LINC02046"
"5245","AC069410.1"
"5246","AGTR1"
"5247","CPB1"
"5248","AC092979.1"
"5249","GYG1"
"5250","HLTF"
"5251","HLTF-AS1"
"5252","HPS3"
"5253","CP"
"5254","TM4SF18"
"5255","TM4SF1"
"5256","WWTR1"
"5257","COMMD2"
"5258","ANKUB1"
"5259","RNF13"
"5260","PFN2"
"5261","AC117395.1"
"5262","AC117386.2"
"5263","AC117386.1"
"5264","LINC01214"
"5265","TSC22D2"
"5266","SERP1"
"5267","EIF2A"
"5268","SELENOT"
"5269","ERICH6"
"5270","ERICH6-AS1"
"5271","SIAH2"
"5272","SIAH2-AS1"
"5273","CLRN1-AS1"
"5274","MINDY4B"
"5275","CLRN1"
"5276","MED12L"
"5277","GPR171"
"5278","P2RY14"
"5279","AC078816.1"
"5280","GPR87"
"5281","P2RY13"
"5282","P2RY12"
"5283","IGSF10"
"5284","AADACL2-AS1"
"5285","MBNL1"
"5286","MBNL1-AS1"
"5287","AC026347.1"
"5288","AC092924.2"
"5289","P2RY1"
"5290","AC117394.2"
"5291","RAP2B"
"5292","AC078788.1"
"5293","LINC02006"
"5294","C3orf79"
"5295","AC068985.1"
"5296","ARHGEF26-AS1"
"5297","ARHGEF26"
"5298","DHX36"
"5299","GPR149"
"5300","MME"
"5301","MME-AS1"
"5302","STRIT1"
"5303","PLCH1"
"5304","PLCH1-AS1"
"5305","AC104472.1"
"5306","C3orf33"
"5307","SLC33A1"
"5308","AC104472.4"
"5309","GMPS"
"5310","AC104472.5"
"5311","KCNAB1"
"5312","AC091607.2"
"5313","KCNAB1-AS1"
"5314","AC084036.1"
"5315","SSR3"
"5316","TIPARP-AS1"
"5317","TIPARP"
"5318","LINC00886"
"5319","LEKR1"
"5320","LINC00880"
"5321","LINC02029"
"5322","LINC00881"
"5323","CCNL1"
"5324","AC104411.1"
"5325","AC092944.1"
"5326","VEPH1"
"5327","PTX3"
"5328","SLC66A1L"
"5329","AC079943.2"
"5330","RSRC1"
"5331","AC106707.1"
"5332","MLF1"
"5333","GFM1"
"5334","LXN"
"5335","AC080013.4"
"5336","AC080013.6"
"5337","RARRES1"
"5338","MFSD1"
"5339","AC080013.1"
"5340","AC080013.3"
"5341","AC080013.5"
"5342","IQCJ-SCHIP1"
"5343","IQCJ"
"5344","AC092943.2"
"5345","IQCJ-SCHIP1-AS1"
"5346","SCHIP1"
"5347","IL12A-AS1"
"5348","IL12A"
"5349","C3orf80"
"5350","IFT80"
"5351","SMC4"
"5352","TRIM59"
"5353","KPNA4"
"5354","AC069224.1"
"5355","PPM1L"
"5356","B3GALNT1"
"5357","NMD3"
"5358","SPTSSB"
"5359","LINC02067"
"5360","AC112770.1"
"5361","AC128685.1"
"5362","LINC01192"
"5363","LINC01324"
"5364","SLITRK3"
"5365","LINC01322"
"5366","BCHE"
"5367","ZBBX"
"5368","SERPINI2"
"5369","WDR49"
"5370","PDCD10"
"5371","SERPINI1"
"5372","AC079822.1"
"5373","AC026353.1"
"5374","GOLIM4"
"5375","AC069243.1"
"5376","AC124893.1"
"5377","LINC02082"
"5378","AC092954.1"
"5379","AC092954.2"
"5380","LINC01997"
"5381","MECOM"
"5382","TERC"
"5383","AC078802.1"
"5384","MYNN"
"5385","AC078795.1"
"5386","LRRC34"
"5387","AC078795.3"
"5388","AC078795.2"
"5389","LRRIQ4"
"5390","LRRC31"
"5391","AC008040.1"
"5392","SEC62"
"5393","SEC62-AS1"
"5394","GPR160"
"5395","PHC3"
"5396","PRKCI"
"5397","AC073288.1"
"5398","SKIL"
"5399","AC073288.2"
"5400","CLDN11"
"5401","SLC7A14-AS1"
"5402","SLC7A14"
"5403","AC026316.5"
"5404","RPL22L1"
"5405","EIF5A2"
"5406","AC061708.1"
"5407","SLC2A2"
"5408","TNIK"
"5409","AC092919.1"
"5410","PLD1"
"5411","TMEM212"
"5412","AC055714.1"
"5413","FNDC3B"
"5414","TNFSF10"
"5415","LINC02068"
"5416","NCEH1"
"5417","AC108667.2"
"5418","ECT2"
"5419","SPATA16"
"5420","AC068759.1"
"5421","NLGN1"
"5422","NLGN1-AS1"
"5423","NAALADL2"
"5424","NAALADL2-AS3"
"5425","NAALADL2-AS2"
"5426","AC008180.2"
"5427","NAALADL2-AS1"
"5428","LINC01208"
"5429","LINC01209"
"5430","TBL1XR1"
"5431","TBL1XR1-AS1"
"5432","LINC00501"
"5433","AC117465.1"
"5434","LINC00578"
"5435","LINC02015"
"5436","AC110992.1"
"5437","AC117453.1"
"5438","KCNMB2"
"5439","KCNMB2-AS1"
"5440","ZMAT3"
"5441","AC076966.2"
"5442","PIK3CA"
"5443","KCNMB3"
"5444","ZNF639"
"5445","AC007823.1"
"5446","MFN1"
"5447","GNB4"
"5448","AC007620.2"
"5449","AC007620.3"
"5450","ACTL6A"
"5451","AC090425.3"
"5452","MRPL47"
"5453","NDUFB5"
"5454","USP13"
"5455","PEX5L"
"5456","PEX5L-AS1"
"5457","PEX5L-AS2"
"5458","AC092939.1"
"5459","LINC02053"
"5460","AC125618.1"
"5461","TTC14"
"5462","CCDC39"
"5463","CCDC39-AS1"
"5464","AC108734.4"
"5465","FXR1"
"5466","DNAJC19"
"5467","SOX2-OT"
"5468","AC068308.1"
"5469","AC125613.1"
"5470","SOX2"
"5471","LINC01206"
"5472","LINC01994"
"5473","LINC01995"
"5474","AC021055.1"
"5475","AC069431.1"
"5476","ATP11B"
"5477","AC092953.2"
"5478","DCUN1D1"
"5479","MCCC1"
"5480","MCCC1-AS1"
"5481","LAMP3"
"5482","MCF2L2"
"5483","B3GNT5"
"5484","KLHL6"
"5485","KLHL24"
"5486","YEATS2"
"5487","YEATS2-AS1"
"5488","MAP6D1"
"5489","PARL"
"5490","ABCC5"
"5491","ABCC5-AS1"
"5492","HTR3E-AS1"
"5493","HTR3E"
"5494","AC131235.3"
"5495","AC131235.2"
"5496","EIF2B5"
"5497","DVL3"
"5498","AP2M1"
"5499","ABCF3"
"5500","ALG3"
"5501","EEF1AKMT4"
"5502","CAMK2N2"
"5503","ECE2"
"5504","PSMD2"
"5505","EIF4G1"
"5506","FAM131A"
"5507","CLCN2"
"5508","POLR2H"
"5509","CHRD"
"5510","LINC02054"
"5511","LINC01840"
"5512","EPHB3"
"5513","MAGEF1"
"5514","AC107294.2"
"5515","LINC02069"
"5516","VPS8"
"5517","C3orf70"
"5518","EHHADH"
"5519","MAP3K13"
"5520","TMEM41A"
"5521","AC099661.1"
"5522","LIPH"
"5523","SENP2"
"5524","IGF2BP2"
"5525","IGF2BP2-AS1"
"5526","TRA2B"
"5527","ETV5"
"5528","DGKG"
"5529","CRYGS"
"5530","TBCCD1"
"5531","DNAJB11"
"5532","AC068631.1"
"5533","AHSG"
"5534","AC112907.3"
"5535","EIF4A2"
"5536","RFC4"
"5537","AC112907.1"
"5538","LINC02043"
"5539","ST6GAL1"
"5540","RPL39L"
"5541","RTP1"
"5542","MASP1"
"5543","AC007920.2"
"5544","SST"
"5545","AC072022.1"
"5546","BCL6"
"5547","AC072022.2"
"5548","AC022498.1"
"5549","LPP-AS2"
"5550","LPP"
"5551","LPP-AS1"
"5552","TPRG1-AS1"
"5553","TPRG1"
"5554","TP63"
"5555","P3H2"
"5556","P3H2-AS1"
"5557","CLDN1"
"5558","CLDN16"
"5559","IL1RAP"
"5560","GMNC"
"5561","OSTN"
"5562","UTS2B"
"5563","CCDC50"
"5564","AC073365.1"
"5565","FGF12"
"5566","FGF12-AS1"
"5567","FGF12-AS2"
"5568","FGF12-AS3"
"5569","MB21D2"
"5570","PLAAT1"
"5571","ATP13A5"
"5572","ATP13A5-AS1"
"5573","ATP13A4"
"5574","OPA1"
"5575","OPA1-AS1"
"5576","LINC02026"
"5577","AC024559.1"
"5578","LINC02028"
"5579","AC024559.2"
"5580","HES1"
"5581","LINC02036"
"5582","LINC00887"
"5583","ATP13A3"
"5584","LINC00884"
"5585","AC108676.1"
"5586","TMEM44-AS1"
"5587","TMEM44"
"5588","AC046143.1"
"5589","AC046143.2"
"5590","LSG1"
"5591","FAM43A"
"5592","LINC01968"
"5593","XXYLT1"
"5594","XXYLT1-AS2"
"5595","AC090018.2"
"5596","ACAP2"
"5597","ACAP2-IT1"
"5598","PPP1R2"
"5599","AC069213.1"
"5600","APOD"
"5601","AC233280.1"
"5602","MUC20"
"5603","MUC4"
"5604","LINC01983"
"5605","TNK2"
"5606","AC124944.3"
"5607","TNK2-AS1"
"5608","AC024937.3"
"5609","TFRC"
"5610","ZDHHC19"
"5611","SLC51A"
"5612","PCYT1A"
"5613","TCTEX1D2"
"5614","TM4SF19-AS1"
"5615","TM4SF19"
"5616","UBXN7"
"5617","UBXN7-AS1"
"5618","RNF168"
"5619","WDR53"
"5620","FBXO45"
"5621","LINC01063"
"5622","PIGX"
"5623","CEP19"
"5624","PAK2"
"5625","SENP5"
"5626","AC016949.1"
"5627","NCBP2"
"5628","NCBP2-AS1"
"5629","NCBP2AS2"
"5630","PIGZ"
"5631","MELTF"
"5632","MELTF-AS1"
"5633","DLG1"
"5634","DLG1-AS1"
"5635","LINC02012"
"5636","BDH1"
"5637","AC024560.3"
"5638","AC024560.4"
"5639","AC024560.1"
"5640","AC024560.5"
"5641","RUBCN"
"5642","FYTTD1"
"5643","AC055764.2"
"5644","LRCH3"
"5645","AC055764.1"
"5646","IQCG"
"5647","RPL35A"
"5648","LMLN"
"5649","AC135893.1"
"5650","ZNF595"
"5651","ZNF718"
"5652","AC253576.2"
"5653","ZNF732"
"5654","AC079140.6"
"5655","ZNF141"
"5656","AC092574.2"
"5657","AC092574.1"
"5658","ZNF721"
"5659","PIGG"
"5660","TMEM271"
"5661","AC116565.1"
"5662","PDE6B"
"5663","AC107464.1"
"5664","AC107464.3"
"5665","ATP5ME"
"5666","MYL5"
"5667","PCGF3"
"5668","AC139887.4"
"5669","AC139887.2"
"5670","CPLX1"
"5671","GAK"
"5672","TMEM175"
"5673","DGKQ"
"5674","SLC26A1"
"5675","IDUA"
"5676","FGFRL1"
"5677","RNF212"
"5678","AC092535.4"
"5679","AC092535.2"
"5680","SPON2"
"5681","AC092535.5"
"5682","CTBP1-AS"
"5683","CTBP1"
"5684","CTBP1-DT"
"5685","MAEA"
"5686","UVSSA"
"5687","CRIPAK"
"5688","FAM53A"
"5689","SLBP"
"5690","AC016773.1"
"5691","TACC3"
"5692","TMEM129"
"5693","FGFR3"
"5694","LETM1"
"5695","NSD2"
"5696","NELFA"
"5697","C4orf48"
"5698","NAT8L"
"5699","POLN"
"5700","HAUS3"
"5701","MXD4"
"5702","ZFYVE28"
"5703","AL158068.2"
"5704","CFAP99"
"5705","RNF4"
"5706","FAM193A"
"5707","TNIP2"
"5708","SH3BP2"
"5709","ADD1"
"5710","AL121750.1"
"5711","MFSD10"
"5712","NOP14-AS1"
"5713","NOP14"
"5714","GRK4"
"5715","HTT"
"5716","HTT-AS"
"5717","MSANTD1"
"5718","RGS12"
"5719","HGFAC"
"5720","AL590235.2"
"5721","DOK7"
"5722","LRPAP1"
"5723","LINC02600"
"5724","ADRA2C"
"5725","TMEM128"
"5726","LYAR"
"5727","ZBTB49"
"5728","NSG1"
"5729","STX18"
"5730","STX18-AS1"
"5731","LINC01396"
"5732","MSX1"
"5733","STK32B"
"5734","LINC01587"
"5735","EVC2"
"5736","EVC"
"5737","CRMP1"
"5738","C4orf50"
"5739","JAKMIP1"
"5740","AC113615.2"
"5741","WFS1"
"5742","AC116317.1"
"5743","PPP2R2C"
"5744","MAN2B2"
"5745","MRFAP1"
"5746","LINC02482"
"5747","AC093323.1"
"5748","LINC002481"
"5749","MRFAP1L1"
"5750","BLOC1S4"
"5751","KIAA0232"
"5752","TBC1D14"
"5753","AC097382.3"
"5754","AC097382.1"
"5755","AC097382.2"
"5756","CCDC96"
"5757","TADA2B"
"5758","GRPEL1"
"5759","LINC02447"
"5760","SORCS2"
"5761","AFAP1-AS1"
"5762","AFAP1"
"5763","AC112254.1"
"5764","AC097381.1"
"5765","ABLIM2"
"5766","SH3TC1"
"5767","AC104825.1"
"5768","ACOX3"
"5769","TRMT44"
"5770","AC105345.2"
"5771","AC105345.1"
"5772","GPR78"
"5773","HMX1"
"5774","AC108519.1"
"5775","AC073648.7"
"5776","AC105916.1"
"5777","SLC2A9"
"5778","AC005674.2"
"5779","WDR1"
"5780","ZNF518B"
"5781","AC005599.1"
"5782","CLNK"
"5783","HS3ST1"
"5784","AC006230.1"
"5785","AC025539.1"
"5786","AC005699.1"
"5787","LINC02360"
"5788","LINC02270"
"5789","AC007370.2"
"5790","AC007370.1"
"5791","RAB28"
"5792","BOD1L1"
"5793","LINC01182"
"5794","AC073848.1"
"5795","AC092546.1"
"5796","AC006296.3"
"5797","AC006296.2"
"5798","LINC00504"
"5799","CPEB2-DT"
"5800","CPEB2"
"5801","AC098829.1"
"5802","C1QTNF7"
"5803","CC2D2A"
"5804","FBXL5"
"5805","FAM200B"
"5806","BST1"
"5807","CD38"
"5808","PROM1"
"5809","TAPT1"
"5810","AC108063.1"
"5811","TAPT1-AS1"
"5812","AC006427.2"
"5813","AC097515.1"
"5814","LDB2"
"5815","AC104656.1"
"5816","AC106894.1"
"5817","QDPR"
"5818","LAP3"
"5819","AC006160.1"
"5820","MED28"
"5821","FAM184B"
"5822","DCAF16"
"5823","NCAPG"
"5824","LCORL"
"5825","AC093898.1"
"5826","LINC02438"
"5827","AC024230.1"
"5828","SLIT2"
"5829","PACRGL"
"5830","KCNIP4"
"5831","AC110296.1"
"5832","AC096576.6"
"5833","AC096576.3"
"5834","AC096576.2"
"5835","KCNIP4-IT1"
"5836","AC096719.1"
"5837","ADGRA3"
"5838","AC097512.1"
"5839","AC092440.1"
"5840","AC093607.1"
"5841","PPARGC1A"
"5842","DHX15"
"5843","CCDC149"
"5844","LGI2"
"5845","SEPSECS"
"5846","SEPSECS-AS1"
"5847","PI4K2B"
"5848","ZCCHC4"
"5849","ANAPC4"
"5850","AC105290.1"
"5851","SLC34A2"
"5852","SEL1L3"
"5853","AC092436.3"
"5854","SMIM20"
"5855","AC133961.1"
"5856","RBPJ"
"5857","CCKAR"
"5858","TBC1D19"
"5859","STIM2"
"5860","STIM2-AS1"
"5861","LINC02261"
"5862","AC007106.2"
"5863","AC093791.2"
"5864","AC097480.1"
"5865","LINC02472"
"5866","AC098595.1"
"5867","PCDH7"
"5868","AC097716.1"
"5869","LINC02497"
"5870","LINC02506"
"5871","AC116611.1"
"5872","AC079772.1"
"5873","AC016687.3"
"5874","AC016687.2"
"5875","LINC02484"
"5876","ARAP2"
"5877","AC104078.1"
"5878","DTHD1"
"5879","AC104078.2"
"5880","AL136537.1"
"5881","NWD2"
"5882","C4orf19"
"5883","AC022463.1"
"5884","RELL1"
"5885","PGM2"
"5886","TBC1D1"
"5887","LINC02513"
"5888","LINC01258"
"5889","KLF3-AS1"
"5890","KLF3"
"5891","TLR1"
"5892","FAM114A1"
"5893","TMEM156"
"5894","KLHL5"
"5895","AC079921.1"
"5896","AC079921.2"
"5897","WDR19"
"5898","RFC1"
"5899","KLB"
"5900","RPL9"
"5901","LIAS"
"5902","UGDH"
"5903","UGDH-AS1"
"5904","AC021148.2"
"5905","SMIM14"
"5906","AC108471.3"
"5907","AC108471.2"
"5908","UBE2K"
"5909","PDS5A"
"5910","N4BP2"
"5911","AC095057.3"
"5912","AC095057.4"
"5913","RHOH"
"5914","LINC02265"
"5915","CHRNA9"
"5916","RBM47"
"5917","AC131953.2"
"5918","NSUN7"
"5919","APBB2"
"5920","AC131953.1"
"5921","UCHL1-AS1"
"5922","UCHL1"
"5923","LIMCH1"
"5924","AC108050.1"
"5925","AC105389.2"
"5926","AC108210.1"
"5927","TMEM33"
"5928","DCAF4L1"
"5929","AC106052.1"
"5930","SLC30A9"
"5931","BEND4"
"5932","AC111006.1"
"5933","AC024022.1"
"5934","ATP8A1"
"5935","AC096734.2"
"5936","GRXCR1"
"5937","AC080132.1"
"5938","AC114757.1"
"5939","LINC02475"
"5940","KCTD8"
"5941","YIPF7"
"5942","GUF1"
"5943","GNPDA2"
"5944","AC096586.2"
"5945","AC096586.1"
"5946","GABRG1"
"5947","AC104072.1"
"5948","GABRA2"
"5949","AC095060.1"
"5950","COX7B2"
"5951","GABRA4"
"5952","GABRB1"
"5953","AC107398.3"
"5954","COMMD8"
"5955","AC107398.5"
"5956","ATP10D"
"5957","AC107398.2"
"5958","CORIN"
"5959","AC107068.2"
"5960","AC107068.1"
"5961","NFXL1"
"5962","NIPAL1"
"5963","CNGA1"
"5964","TXK"
"5965","TEC"
"5966","SLAIN2"
"5967","SLC10A4"
"5968","ZAR1"
"5969","FRYL"
"5970","OCIAD1"
"5971","OCIAD1-AS1"
"5972","OCIAD2"
"5973","DCUN1D4"
"5974","AC027271.1"
"5975","LRRC66"
"5976","SGCB"
"5977","SPATA18"
"5978","AC097522.2"
"5979","USP46"
"5980","USP46-AS1"
"5981","LINC01618"
"5982","DANCR"
"5983","AC104066.4"
"5984","ERVMER34-1"
"5985","RASL11B"
"5986","SCFD2"
"5987","AC023154.1"
"5988","FIP1L1"
"5989","LNX1"
"5990","LNX1-AS1"
"5991","AC124017.1"
"5992","AC105384.1"
"5993","AC110792.3"
"5994","CHIC2"
"5995","AC110792.2"
"5996","AC110792.4"
"5997","PDGFRA"
"5998","LINC02283"
"5999","KIT"
"6000","SRD5A3"
"6001","SRD5A3-AS1"
"6002","TMEM165"
"6003","CLOCK"
"6004","AC024243.1"
"6005","PDCL2"
"6006","NMU"
"6007","EXOC1L"
"6008","EXOC1"
"6009","AC110611.1"
"6010","CEP135"
"6011","KIAA1211"
"6012","AC022267.1"
"6013","AASDH"
"6014","AC068620.1"
"6015","PPAT"
"6016","AC068620.2"
"6017","PAICS"
"6018","SRP72"
"6019","ARL9"
"6020","THEGL"
"6021","HOPX"
"6022","REST"
"6023","AC069307.1"
"6024","NOA1"
"6025","POLR2B"
"6026","IGFBP7"
"6027","IGFBP7-AS1"
"6028","AC093725.2"
"6029","AC017091.1"
"6030","LINC02429"
"6031","AC096588.1"
"6032","LINC02271"
"6033","ADGRL3"
"6034","AC020741.1"
"6035","ADGRL3-AS1"
"6036","TECRL"
"6037","AC104689.2"
"6038","LINC02232"
"6039","LINC02835"
"6040","EPHA5"
"6041","EPHA5-AS1"
"6042","AC104137.1"
"6043","AC116049.2"
"6044","AC110809.1"
"6045","AC104806.2"
"6046","CENPC"
"6047","STAP1"
"6048","UBA6"
"6049","UBA6-AS1"
"6050","GNRHR"
"6051","TMPRSS11D"
"6052","TMPRSS11A"
"6053","TMPRSS11F"
"6054","YTHDC1"
"6055","SULT1B1"
"6056","PRR27"
"6057","MUC7"
"6058","JCHAIN"
"6059","UTP3"
"6060","AC009570.1"
"6061","RUFY3"
"6062","GRSF1"
"6063","MOB1B"
"6064","DCK"
"6065","SLC4A4"
"6066","GC"
"6067","NPFFR2"
"6068","ADAMTS3"
"6069","AC095056.1"
"6070","COX18"
"6071","ANKRD17"
"6072","AC053527.2"
"6073","MTHFD2L"
"6074","AC093677.2"
"6075","EPGN"
"6076","EREG"
"6077","BTC"
"6078","PARM1"
"6079","AC110760.1"
"6080","RCHY1"
"6081","THAP6"
"6082","ODAPH"
"6083","CDKL2"
"6084","G3BP2"
"6085","USO1"
"6086","PPEF2"
"6087","NAAA"
"6088","SDAD1"
"6089","AC112719.2"
"6090","ART3"
"6091","NUP54"
"6092","AC110795.1"
"6093","SCARB2"
"6094","FAM47E"
"6095","AC034139.1"
"6096","STBD1"
"6097","CCDC158"
"6098","SHROOM3"
"6099","AC107072.2"
"6100","SOWAHB"
"6101","SEPTIN11"
"6102","CCNI"
"6103","CCNG2"
"6104","AC092674.1"
"6105","CXCL13"
"6106","CNOT6L"
"6107","MRPL1"
"6108","FRAS1"
"6109","ANXA3"
"6110","LINC01094"
"6111","AC098818.2"
"6112","BMP2K"
"6113","PAQR3"
"6114","LINC01088"
"6115","NAA11"
"6116","LINC00989"
"6117","PCAT4"
"6118","ANTXR2"
"6119","AC021127.1"
"6120","PRDM8"
"6121","FGF5"
"6122","CFAP299"
"6123","BMP3"
"6124","PRKG2"
"6125","AC139722.1"
"6126","RASGEF1B"
"6127","AC124016.2"
"6128","HNRNPD"
"6129","AC124016.1"
"6130","HNRNPDL"
"6131","ENOPH1"
"6132","TMEM150C"
"6133","LINC00575"
"6134","SCD5"
"6135","SEC31A"
"6136","THAP9-AS1"
"6137","THAP9"
"6138","LIN54"
"6139","COPS4"
"6140","AC073840.1"
"6141","PLAC8"
"6142","AC114781.2"
"6143","COQ2"
"6144","HPSE"
"6145","HELQ"
"6146","MRPS18C"
"6147","ABRAXAS1"
"6148","GPAT3"
"6149","AC079160.1"
"6150","CDS1"
"6151","WDFY3"
"6152","WDFY3-AS1"
"6153","WDFY3-AS2"
"6154","ARHGAP24"
"6155","MAPK10"
"6156","AC104827.1"
"6157","PTPN13"
"6158","SLC10A6"
"6159","C4orf36"
"6160","AC093827.4"
"6161","AFF1"
"6162","KLHL8"
"6163","HSD17B13"
"6164","HSD17B11"
"6165","NUDT9"
"6166","AC112250.2"
"6167","SPARCL1"
"6168","AC093895.1"
"6169","MEPE"
"6170","AC131944.1"
"6171","SPP1"
"6172","PKD2"
"6173","ABCG2"
"6174","PPM1K"
"6175","PPM1K-DT"
"6176","HERC6"
"6177","HERC5"
"6178","PYURF"
"6179","PIGY-DT"
"6180","HERC3"
"6181","NAP1L5"
"6182","FAM13A-AS1"
"6183","FAM13A"
"6184","TIGD2"
"6185","GPRIN3"
"6186","AC093866.1"
"6187","SNCA"
"6188","AC097478.3"
"6189","SNCA-AS1"
"6190","MMRN1"
"6191","AC105445.1"
"6192","CCSER1"
"6193","AC004054.1"
"6194","AC074124.1"
"6195","AC112695.1"
"6196","GRID2"
"6197","AC095059.1"
"6198","AC096746.1"
"6199","SMARCAD1"
"6200","HPGDS"
"6201","AC109925.2"
"6202","PDLIM5"
"6203","BMPR1B"
"6204","UNC5C"
"6205","LINC02267"
"6206","AC096585.1"
"6207","STPG2"
"6208","STPG2-AS1"
"6209","AC019077.1"
"6210","RAP1GDS1"
"6211","TSPAN5"
"6212","AC108159.1"
"6213","AC114811.2"
"6214","EIF4E"
"6215","AC019131.1"
"6216","METAP1"
"6217","AC019131.2"
"6218","ADH5"
"6219","AP002026.1"
"6220","ADH4"
"6221","ADH6"
"6222","ADH1A"
"6223","ADH1B"
"6224","TRMT10A"
"6225","MTTP"
"6226","DAPP1"
"6227","LAMTOR3"
"6228","DNAJB14"
"6229","H2AFZ"
"6230","AC097460.1"
"6231","EMCN"
"6232","AC097459.1"
"6233","PPP3CA"
"6234","AP001816.1"
"6235","BANK1"
"6236","AP002075.1"
"6237","SLC39A8"
"6238","AC098487.1"
"6239","NFKB1"
"6240","MANBA"
"6241","UBE2D3"
"6242","AC018797.3"
"6243","UBE2D3-AS1"
"6244","CISD2"
"6245","SLC9B1"
"6246","SLC9B2"
"6247","BDH2"
"6248","CENPE"
"6249","LINC02428"
"6250","AC105460.2"
"6251","TACR3"
"6252","AC004047.1"
"6253","LINC02503"
"6254","AC004052.1"
"6255","CXXC4"
"6256","CXXC4-AS1"
"6257","AC004053.1"
"6258","AC096577.1"
"6259","AC004069.1"
"6260","TET2"
"6261","TET2-AS1"
"6262","PPA2"
"6263","AC004066.2"
"6264","ARHGEF38"
"6265","INTS12"
"6266","GSTCD"
"6267","NPNT"
"6268","AC109361.2"
"6269","AC109361.1"
"6270","TBCK"
"6271","AIMP1"
"6272","AC092445.1"
"6273","DKK2"
"6274","AC104663.1"
"6275","PAPSS1"
"6276","SGMS2"
"6277","AC096564.1"
"6278","CYP2U1"
"6279","AC096564.2"
"6280","HADH"
"6281","LEF1"
"6282","LEF1-AS1"
"6283","RPL34-AS1"
"6284","RPL34"
"6285","OSTC"
"6286","AC107071.1"
"6287","ETNPPL"
"6288","COL25A1"
"6289","SEC24B-AS1"
"6290","SEC24B"
"6291","MCUB"
"6292","CASP6"
"6293","PLA2G12A"
"6294","CFI"
"6295","AC126283.1"
"6296","GAR1"
"6297","RRH"
"6298","LRIT3"
"6299","EGF"
"6300","ELOVL6"
"6301","ENPEP"
"6302","AC139718.2"
"6303","AC004704.1"
"6304","FAM241A"
"6305","AC109347.1"
"6306","AP1AR"
"6307","AC109347.2"
"6308","TIFA"
"6309","ALPK1"
"6310","NEUROG2"
"6311","AC023886.1"
"6312","ZGRF1"
"6313","LARP7"
"6314","MIR302CHG"
"6315","AC106864.1"
"6316","ANK2"
"6317","AC017007.5"
"6318","AC093879.1"
"6319","CAMK2D"
"6320","ARSJ"
"6321","UGT8"
"6322","NDST4"
"6323","AC093765.4"
"6324","AC093765.3"
"6325","AC093765.2"
"6326","TRAM1L1"
"6327","LINC02262"
"6328","LINC02263"
"6329","LINC01378"
"6330","AC092661.1"
"6331","LINC02264"
"6332","NDST3"
"6333","SNHG8"
"6334","PRSS12"
"6335","METTL14-DT"
"6336","METTL14"
"6337","SEC24D"
"6338","SYNPO2"
"6339","USP53"
"6340","C4orf3"
"6341","AC093752.3"
"6342","AC093752.2"
"6343","PDE5A"
"6344","MAD2L1"
"6345","AC073475.1"
"6346","AC025741.1"
"6347","PRDM5"
"6348","NDNF"
"6349","TNIP3"
"6350","QRFPR"
"6351","ANXA5"
"6352","TMEM155"
"6353","EXOSC9"
"6354","CCNA2"
"6355","BBS7"
"6356","TRPC3"
"6357","KIAA1109"
"6358","IL21-AS1"
"6359","BBS12"
"6360","FGF2"
"6361","AC021205.3"
"6362","NUDT6"
"6363","SPATA5"
"6364","SPRY1"
"6365","LINC02435"
"6366","LINC01091"
"6367","AC121154.1"
"6368","LINC02516"
"6369","ANKRD50"
"6370","FAT4"
"6371","AC104664.1"
"6372","AC097528.1"
"6373","AC093772.1"
"6374","AC097462.3"
"6375","INTU"
"6376","SLC25A31"
"6377","HSPA4L"
"6378","AC093591.2"
"6379","PLK4"
"6380","MFSD8"
"6381","ABHD18"
"6382","LARP1B"
"6383","PGRMC2"
"6384","LINC02615"
"6385","AC078850.2"
"6386","JADE1"
"6387","SCLT1"
"6388","C4orf33"
"6389","LINC02466"
"6390","LINC02465"
"6391","LINC02479"
"6392","LINC02377"
"6393","SNHG27"
"6394","AC096711.2"
"6395","AC093916.1"
"6396","LINC01256"
"6397","AC115622.1"
"6398","AC110751.1"
"6399","AC105383.1"
"6400","PCDH10"
"6401","AC079380.1"
"6402","AC015631.1"
"6403","AC096763.1"
"6404","PABPC4L"
"6405","LINC02462"
"6406","AC107463.1"
"6407","AC018680.1"
"6408","LINC02511"
"6409","PCDH18"
"6410","LINC02172"
"6411","AC097511.1"
"6412","LINC00616"
"6413","SLC7A11-AS1"
"6414","SLC7A11"
"6415","LINC00498"
"6416","LINC00499"
"6417","AC093766.1"
"6418","AC109927.1"
"6419","NOCT"
"6420","ELF2"
"6421","MGARP"
"6422","NDUFC1"
"6423","NAA15"
"6424","AC097376.3"
"6425","RAB33B"
"6426","SETD7"
"6427","AC112236.2"
"6428","AC112236.3"
"6429","AC112236.1"
"6430","MGST2"
"6431","MAML3"
"6432","AC108053.1"
"6433","AC131182.1"
"6434","SCOC"
"6435","SCOC-AS1"
"6436","CLGN"
"6437","MGAT4D"
"6438","ELMOD2"
"6439","UCP1"
"6440","AC108019.2"
"6441","TBC1D9"
"6442","AC096733.1"
"6443","AC096733.2"
"6444","RNF150"
"6445","ZNF330"
"6446","LINC02432"
"6447","IL15"
"6448","INPP4B"
"6449","AC139720.1"
"6450","AC104596.1"
"6451","USP38"
"6452","AC097658.2"
"6453","GAB1"
"6454","AC097658.3"
"6455","SMARCA5"
"6456","AC107223.1"
"6457","FREM3"
"6458","GYPE"
"6459","GYPB"
"6460","AC098588.3"
"6461","HHIP-AS1"
"6462","HHIP"
"6463","ANAPC10"
"6464","AC109811.1"
"6465","ABCE1"
"6466","OTUD4"
"6467","AC093796.1"
"6468","SMAD1"
"6469","SMAD1-AS2"
"6470","SMAD1-AS1"
"6471","MMAA"
"6472","AC093864.1"
"6473","C4orf51"
"6474","ZNF827"
"6475","AC104791.1"
"6476","LSM6"
"6477","SLC10A7"
"6478","TTC29"
"6479","AC092435.1"
"6480","AC097450.1"
"6481","EDNRA"
"6482","AC093835.1"
"6483","TMEM184C"
"6484","PRMT9"
"6485","ARHGAP10"
"6486","NR3C2"
"6487","AC069272.1"
"6488","AC002460.2"
"6489","AC108156.1"
"6490","LINC02355"
"6491","IQCM"
"6492","DCLK2"
"6493","LRBA"
"6494","AC110813.1"
"6495","RPS3A"
"6496","SH3D19"
"6497","AC095055.1"
"6498","PRSS48"
"6499","FAM160A1"
"6500","GATB"
"6501","AC092611.1"
"6502","AC097375.4"
"6503","AC097375.3"
"6504","AC097375.5"
"6505","LINC02273"
"6506","AC079340.1"
"6507","FBXW7"
"6508","FBXW7-AS1"
"6509","AC023424.3"
"6510","MIR4453HG"
"6511","TMEM154"
"6512","TIGD4"
"6513","ARFIP1"
"6514","AC093599.2"
"6515","FHDC1"
"6516","AC093599.1"
"6517","TRIM2"
"6518","MND1"
"6519","TMEM131L"
"6520","AC106865.2"
"6521","TLR2"
"6522","RNF175"
"6523","AC020703.1"
"6524","SFRP2"
"6525","AC079298.3"
"6526","DCHS2"
"6527","AC079298.1"
"6528","PLRG1"
"6529","LRAT"
"6530","AC097467.3"
"6531","NPY2R"
"6532","MAP9"
"6533","AC107208.1"
"6534","GUCY1A1"
"6535","AC104083.1"
"6536","GUCY1B1"
"6537","TDO2"
"6538","CTSO"
"6539","LINC02272"
"6540","PDGFC"
"6541","AC092608.1"
"6542","GLRB"
"6543","GRIA2"
"6544","AC093817.2"
"6545","AC093817.1"
"6546","AC017037.5"
"6547","AC084740.1"
"6548","GASK1B"
"6549","FAM198B-AS1"
"6550","TMEM144"
"6551","RXFP1"
"6552","C4orf46"
"6553","ETFDH"
"6554","PPID"
"6555","FNIP2"
"6556","C4orf45"
"6557","RAPGEF2"
"6558","LINC02233"
"6559","AC104793.1"
"6560","FSTL5"
"6561","AC023136.1"
"6562","AC021134.1"
"6563","AC022272.1"
"6564","NAF1"
"6565","NPY1R"
"6566","NPY5R"
"6567","TKTL2"
"6568","TMA16"
"6569","MARCH1"
"6570","AC093788.1"
"6571","SMIM31"
"6572","APELA"
"6573","TRIM61"
"6574","FAM218A"
"6575","TRIM60"
"6576","TMEM192"
"6577","KLHL2"
"6578","GK3P"
"6579","MSMO1"
"6580","CPE"
"6581","AC080079.2"
"6582","TLL1"
"6583","AC097487.1"
"6584","SPOCK3"
"6585","AC116634.1"
"6586","ANXA10"
"6587","AC068989.1"
"6588","DDX60"
"6589","DDX60L"
"6590","PALLD"
"6591","AC080188.1"
"6592","CBR4"
"6593","AC021151.1"
"6594","SH3RF1"
"6595","AC096741.1"
"6596","NEK1"
"6597","AC084724.1"
"6598","CLCN3"
"6599","HPF1"
"6600","LINC02275"
"6601","MFAP3L"
"6602","AADAT"
"6603","LINC01612"
"6604","LINC02512"
"6605","LINC02174"
"6606","GALNTL6"
"6607","AC105285.1"
"6608","GALNT7"
"6609","AC097534.1"
"6610","HMGB2"
"6611","AC097534.2"
"6612","SAP30"
"6613","SCRG1"
"6614","AC093849.4"
"6615","AC093849.3"
"6616","AC093849.1"
"6617","HAND2-AS1"
"6618","LINC02269"
"6619","LINC02268"
"6620","FBXO8"
"6621","CEP44"
"6622","AC116616.1"
"6623","HPGD"
"6624","GLRA3"
"6625","ADAM29"
"6626","AC022325.2"
"6627","AC131094.1"
"6628","GPM6A"
"6629","AC097537.1"
"6630","WDR17"
"6631","SPATA4"
"6632","ASB5"
"6633","AC019163.1"
"6634","SPCS3"
"6635","AC093801.1"
"6636","VEGFC"
"6637","AC097518.2"
"6638","NEIL3"
"6639","AC027627.1"
"6640","AGA"
"6641","AC078881.1"
"6642","LINC01098"
"6643","LINC01099"
"6644","AC108169.1"
"6645","AC096747.1"
"6646","AC104803.1"
"6647","LINC00290"
"6648","LINC02500"
"6649","AC093840.2"
"6650","AC084741.1"
"6651","TEMN3-AS1"
"6652","TENM3-AS1"
"6653","TENM3"
"6654","AC079226.2"
"6655","AC079226.1"
"6656","DCTD"
"6657","WWC2"
"6658","WWC2-AS1"
"6659","CDKN2AIP"
"6660","AC107214.1"
"6661","ING2"
"6662","AC107214.2"
"6663","RWDD4"
"6664","TRAPPC11"
"6665","STOX2"
"6666","AC074194.1"
"6667","ENPP6"
"6668","LINC02363"
"6669","LINC02362"
"6670","IRF2"
"6671","AC099343.2"
"6672","AC099343.3"
"6673","AC099343.4"
"6674","LINC02427"
"6675","LINC02365"
"6676","CASP3"
"6677","PRIMPOL"
"6678","CENPU"
"6679","ACSL1"
"6680","AC084871.1"
"6681","AC084871.3"
"6682","MIR3945HG"
"6683","LINC02436"
"6684","SLC25A4"
"6685","CFAP97"
"6686","SNX25"
"6687","LRP2BP"
"6688","AC112722.1"
"6689","ANKRD37"
"6690","UFSP2"
"6691","C4orf47"
"6692","CCDC110"
"6693","AC106897.1"
"6694","PDLIM3"
"6695","SORBS2"
"6696","AC093797.1"
"6697","AC108472.1"
"6698","AC096659.1"
"6699","TLR3"
"6700","FAM149A"
"6701","CYP4V2"
"6702","KLKB1"
"6703","F11"
"6704","F11-AS1"
"6705","FAT1"
"6706","LINC02492"
"6707","AC097521.1"
"6708","TRIML2"
"6709","LINC01060"
"6710","AC093909.2"
"6711","AF250324.1"
"6712","FRG1-DT"
"6713","LINC01596"
"6714","FRG1"
"6715","PLEKHG4B"
"6716","CCDC127"
"6717","SDHA"
"6718","AC021087.1"
"6719","PDCD6"
"6720","AHRR"
"6721","EXOC3-AS1"
"6722","EXOC3"
"6723","AC010442.1"
"6724","SLC9A3"
"6725","SLC9A3-AS1"
"6726","AC106772.1"
"6727","CEP72"
"6728","TPPP"
"6729","ZDHHC11B"
"6730","ZDHHC11"
"6731","BRD9"
"6732","TRIP13"
"6733","AC122719.3"
"6734","NKD2"
"6735","SLC12A7"
"6736","CLPTM1L"
"6737","AC026748.3"
"6738","LPCAT1"
"6739","AC091849.2"
"6740","AC026412.3"
"6741","MRPL36"
"6742","NDUFS6"
"6743","AC124852.1"
"6744","LSINCT5"
"6745","LINC01019"
"6746","AC106799.2"
"6747","LINC01020"
"6748","AC022424.1"
"6749","ADAMTS16"
"6750","AC022424.2"
"6751","AC091978.1"
"6752","ICE1"
"6753","AC010266.2"
"6754","LINC02145"
"6755","MED10"
"6756","AC093307.1"
"6757","UBE2QL1"
"6758","LINC01018"
"6759","NSUN2"
"6760","SRD5A1"
"6761","LINC02102"
"6762","TENT4A"
"6763","LINC02236"
"6764","LINC02196"
"6765","ADCY2"
"6766","AC093305.1"
"6767","C5orf49"
"6768","MTRR"
"6769","FASTKD3"
"6770","AC091912.3"
"6771","LINC02226"
"6772","MIR4458HG"
"6773","AC021088.1"
"6774","SEMA5A"
"6775","AC091906.1"
"6776","SEMA5A-AS1"
"6777","SNHG18"
"6778","AC026787.1"
"6779","LINC02112"
"6780","LINC02221"
"6781","AC034229.1"
"6782","AC034229.4"
"6783","ATPSCKMT"
"6784","AC012640.1"
"6785","CCT5"
"6786","AC012640.4"
"6787","CMBL"
"6788","AC012640.2"
"6789","MARCH6"
"6790","ROPN1L"
"6791","LINC01513"
"6792","LINC02212"
"6793","LINC02213"
"6794","ANKRD33B"
"6795","DAP"
"6796","AC012629.2"
"6797","CTNND2"
"6798","LINC01194"
"6799","LINC02220"
"6800","AC016553.1"
"6801","DNAH5"
"6802","AC016576.1"
"6803","TRIO"
"6804","AC016549.1"
"6805","OTULINL"
"6806","AC010491.1"
"6807","OTULIN"
"6808","ANKH"
"6809","AC010491.2"
"6810","AC016575.1"
"6811","LINC02149"
"6812","AC114964.2"
"6813","FBXL7"
"6814","AC010638.1"
"6815","MARCH11"
"6816","AC016650.1"
"6817","LINC02150"
"6818","AC020980.1"
"6819","ZNF622"
"6820","RETREG1"
"6821","AC024588.1"
"6822","MYO10"
"6823","BASP1"
"6824","BASP1-AS1"
"6825","AC026790.1"
"6826","AC026785.3"
"6827","LINC02111"
"6828","LINC02217"
"6829","LINC02218"
"6830","LINC02223"
"6831","LINC02100"
"6832","AC106744.1"
"6833","CDH18"
"6834","CDH18-AS1"
"6835","LINC02241"
"6836","AC140168.1"
"6837","AC093274.1"
"6838","AC091946.2"
"6839","AC091946.1"
"6840","CDH12"
"6841","AC138854.1"
"6842","AC091938.1"
"6843","PRDM9"
"6844","C5orf17"
"6845","AC114930.1"
"6846","CDH10"
"6847","AC091885.2"
"6848","AC106821.2"
"6849","LINC02228"
"6850","LINC02211"
"6851","CDH9"
"6852","PURPL"
"6853","AC008825.1"
"6854","AC109472.1"
"6855","LINC02109"
"6856","AC099517.1"
"6857","AC113386.1"
"6858","CDH6"
"6859","DROSHA"
"6860","C5orf22"
"6861","PDZD2"
"6862","AC022447.5"
"6863","AC022447.1"
"6864","AC025178.1"
"6865","GOLPH3"
"6866","AC025181.2"
"6867","MTMR12"
"6868","ZFR"
"6869","SUB1"
"6870","NPR3"
"6871","AC010343.3"
"6872","AC034223.1"
"6873","LINC02160"
"6874","AC034231.1"
"6875","TARS"
"6876","ADAMTS12"
"6877","SLC45A2"
"6878","AMACR"
"6879","C1QTNF3"
"6880","AC139792.1"
"6881","AC138409.3"
"6882","AC025754.2"
"6883","RAI14"
"6884","AC026801.2"
"6885","TTC23L"
"6886","RAD1"
"6887","BRIX1"
"6888","DNAJC21"
"6889","AGXT2"
"6890","PRLR"
"6891","SPEF2"
"6892","AC137810.1"
"6893","LMBRD2"
"6894","SKP2"
"6895","NADK2"
"6896","NADK2-AS1"
"6897","RANBP3L"
"6898","AC114277.1"
"6899","SLC1A3"
"6900","AC008957.2"
"6901","AC008957.1"
"6902","AC026741.1"
"6903","NIPBL-DT"
"6904","NIPBL"
"6905","CPLANE1"
"6906","AC025449.2"
"6907","NUP155"
"6908","WDR70"
"6909","GDNF-AS1"
"6910","GDNF"
"6911","LINC02119"
"6912","EGFLAM"
"6913","LIFR"
"6914","LIFR-AS1"
"6915","OSMR-AS1"
"6916","OSMR"
"6917","RICTOR"
"6918","FYB1"
"6919","DAB2"
"6920","LINC00603"
"6921","TTC33"
"6922","PTGER4"
"6923","PRKAA1"
"6924","RPL37"
"6925","CARD6"
"6926","C7"
"6927","C6"
"6928","PLCXD3"
"6929","OXCT1"
"6930","AC034222.2"
"6931","OXCT1-AS1"
"6932","C5orf51"
"6933","FBXO4"
"6934","GHR"
"6935","CCDC152"
"6936","SELENOP"
"6937","AC008945.1"
"6938","AC008945.2"
"6939","AC008875.3"
"6940","AC008875.1"
"6941","AC025171.1"
"6942","AC025171.3"
"6943","ANXA2R"
"6944","AC025171.2"
"6945","AC025171.4"
"6946","ZNF131"
"6947","NIM1K"
"6948","HMGCS1"
"6949","AC114947.2"
"6950","CCL28"
"6951","TMEM267"
"6952","AC114956.3"
"6953","C5orf34"
"6954","AC114956.2"
"6955","AC114956.1"
"6956","PAIP1"
"6957","NNT-AS1"
"6958","NNT"
"6959","FGF10"
"6960","FGF10-AS1"
"6961","LINC02224"
"6962","MRPS30-DT"
"6963","AC093297.1"
"6964","MRPS30"
"6965","AC093297.2"
"6966","AC114954.1"
"6967","HCN1"
"6968","EMB"
"6969","PARP8"
"6970","AC022433.1"
"6971","AC022126.1"
"6972","PELO"
"6973","ITGA1"
"6974","AC025180.1"
"6975","ITGA2"
"6976","AC008966.3"
"6977","AC008966.2"
"6978","MOCS2"
"6979","AC008966.1"
"6980","FST"
"6981","NDUFS4"
"6982","LINC02105"
"6983","AC025175.1"
"6984","ARL15"
"6985","AC025175.2"
"6986","LINC01033"
"6987","SNX18"
"6988","AC016583.2"
"6989","AC034238.1"
"6990","CDC20B"
"6991","GPX8"
"6992","AC026704.1"
"6993","DHX29"
"6994","MTREX"
"6995","PLPP1"
"6996","SLC38A9"
"6997","DDX4"
"6998","IL6ST"
"6999","AC008892.1"
"7000","AC016596.1"
"7001","ANKRD55"
"7002","LINC01948"
"7003","C5orf67"
"7004","MAP3K1"
"7005","AC008937.2"
"7006","SETD9"
"7007","MIER3"
"7008","AC008937.3"
"7009","AC016644.1"
"7010","GPBP1"
"7011","AC025470.2"
"7012","AC008780.1"
"7013","LINC02101"
"7014","PLK2"
"7015","RAB3C"
"7016","AC016642.1"
"7017","AC008852.1"
"7018","PDE4D"
"7019","AC092343.1"
"7020","AC034234.1"
"7021","PART1"
"7022","DEPDC1B"
"7023","ELOVL7"
"7024","AC104113.1"
"7025","ERCC8"
"7026","AC022445.1"
"7027","NDUFAF2"
"7028","SMIM15"
"7029","SMIM15-AS1"
"7030","LINC02057"
"7031","ZSWIM6"
"7032","C5orf64"
"7033","AC026746.1"
"7034","KIF2A"
"7035","DIMT1"
"7036","IPO11"
"7037","LRRC70"
"7038","AC122707.1"
"7039","HTR1A"
"7040","RNF180"
"7041","RGS7BP"
"7042","SHISAL2B"
"7043","SREK1IP1"
"7044","CWC27"
"7045","AC092354.2"
"7046","AC092354.1"
"7047","ADAMTS6"
"7048","AC025176.1"
"7049","CENPK"
"7050","PPWD1"
"7051","TRIM23"
"7052","SHLD3"
"7053","TRAPPC13"
"7054","SGTB"
"7055","NLN"
"7056","AC010359.2"
"7057","ERBIN"
"7058","AC010359.3"
"7059","AC025442.2"
"7060","SREK1"
"7061","AC092353.1"
"7062","AC092353.2"
"7063","MAST4"
"7064","MAST4-IT1"
"7065","MAST4-AS1"
"7066","CD180"
"7067","AC008459.1"
"7068","AC112206.2"
"7069","AC106798.1"
"7070","PIK3R1"
"7071","AC010280.1"
"7072","AC093523.1"
"7073","LINC02198"
"7074","AC010273.3"
"7075","SLC30A5"
"7076","AC010273.2"
"7077","CCNB1"
"7078","CENPH"
"7079","MRPS36"
"7080","CDK7"
"7081","CCDC125"
"7082","AK6"
"7083","TAF9"
"7084","RAD17"
"7085","MARVELD2"
"7086","AC145146.1"
"7087","OCLN"
"7088","GTF2H2C"
"7089","SERF1B"
"7090","SMN2"
"7091","AC146944.4"
"7092","SERF1A"
"7093","SMN1"
"7094","NAIP"
"7095","GTF2H2"
"7096","LINC02197"
"7097","AC145141.1"
"7098","BDP1"
"7099","MCCC2"
"7100","CARTPT"
"7101","AC025774.1"
"7102","MAP1B"
"7103","MRPS27"
"7104","PTCD2"
"7105","ZNF366"
"7106","LINC02056"
"7107","AC063979.2"
"7108","AC035140.1"
"7109","TNPO1"
"7110","AC008972.2"
"7111","FCHO2"
"7112","TMEM171"
"7113","AC099522.2"
"7114","BTF3"
"7115","ANKRA2"
"7116","UTP15"
"7117","ARHGEF28"
"7118","LINC02122"
"7119","LINC01331"
"7120","ENC1"
"7121","HEXB"
"7122","GFM2"
"7123","NSA2"
"7124","FAM169A"
"7125","AC010501.2"
"7126","AC116337.3"
"7127","GCNT4"
"7128","ANKRD31"
"7129","AC008897.2"
"7130","HMGCR"
"7131","CERT1"
"7132","AC008897.3"
"7133","POLK"
"7134","AC010245.1"
"7135","AC010245.2"
"7136","ANKDD1B"
"7137","POC5"
"7138","SV2C"
"7139","AC113404.1"
"7140","IQGAP2"
"7141","AC026725.1"
"7142","F2RL2"
"7143","AC025188.1"
"7144","F2R"
"7145","F2RL1"
"7146","S100Z"
"7147","CRHBP"
"7148","AGGF1"
"7149","ZBED3"
"7150","AC008581.1"
"7151","ZBED3-AS1"
"7152","PDE8B"
"7153","WDR41"
"7154","TBCA"
"7155","AP3B1"
"7156","SCAMP1-AS1"
"7157","SCAMP1"
"7158","LHFPL2"
"7159","ARSB"
"7160","DMGDH"
"7161","BHMT2"
"7162","BHMT"
"7163","JMY"
"7164","HOMER1"
"7165","TENT2"
"7166","CMYA5"
"7167","AC008496.2"
"7168","MTX3"
"7169","THBS4"
"7170","AC012636.1"
"7171","SERINC5"
"7172","AC010260.1"
"7173","ZFYVE16"
"7174","AC008771.1"
"7175","FAM151B"
"7176","ANKRD34B"
"7177","LINC01337"
"7178","DHFR"
"7179","MSH3"
"7180","RASGRF2-AS1"
"7181","RASGRF2"
"7182","AC026427.1"
"7183","CKMT2-AS1"
"7184","CKMT2"
"7185","ZCCHC9"
"7186","ACOT12"
"7187","AC010623.1"
"7188","SSBP2"
"7189","AC026726.2"
"7190","AC026726.1"
"7191","ATG10"
"7192","RPS23"
"7193","ATP6AP1L"
"7194","LINC01338"
"7195","AC104118.1"
"7196","TMEM167A"
"7197","XRCC4"
"7198","VCAN"
"7199","VCAN-AS1"
"7200","HAPLN1"
"7201","EDIL3"
"7202","AC113383.1"
"7203","COX7C"
"7204","AC109492.1"
"7205","LINC01949"
"7206","RASA1"
"7207","CCNH"
"7208","AC018754.1"
"7209","LINC02488"
"7210","LINC02144"
"7211","AC020930.1"
"7212","AC114971.1"
"7213","TMEM161B"
"7214","TMEM161B-AS1"
"7215","LINC02060"
"7216","AC091826.2"
"7217","LINC00461"
"7218","MEF2C-AS2"
"7219","AC008525.1"
"7220","MEF2C"
"7221","MEF2C-AS1"
"7222","LINC02161"
"7223","AC113167.1"
"7224","LINC01339"
"7225","AC099554.1"
"7226","CETN3"
"7227","AC093510.1"
"7228","MBLAC2"
"7229","POLR3G"
"7230","LYSMD3"
"7231","ADGRV1"
"7232","LUCAT1"
"7233","ARRDC3"
"7234","ARRDC3-AS1"
"7235","AC093298.2"
"7236","AC114316.1"
"7237","AC124854.1"
"7238","AC026780.1"
"7239","AC026780.2"
"7240","LINC02058"
"7241","NR2F1-AS1"
"7242","NR2F1"
"7243","FAM172A"
"7244","AC106818.2"
"7245","POU5F2"
"7246","AC108102.1"
"7247","AC099501.1"
"7248","AC114980.1"
"7249","AC117528.1"
"7250","KIAA0825"
"7251","SLF1"
"7252","MCTP1"
"7253","AC008534.1"
"7254","MCTP1-AS1"
"7255","FAM81B"
"7256","TTC37"
"7257","ARSK"
"7258","GPR150"
"7259","RFESD"
"7260","SPATA9"
"7261","AC008840.1"
"7262","RHOBTB3"
"7263","GLRX"
"7264","AC008592.4"
"7265","LINC01554"
"7266","ELL2"
"7267","AC104123.1"
"7268","AC008592.2"
"7269","PCSK1"
"7270","CAST"
"7271","AC020900.1"
"7272","ERAP1"
"7273","AC008906.1"
"7274","AC008906.2"
"7275","AC009126.1"
"7276","ERAP2"
"7277","LNPEP"
"7278","LIX1-AS1"
"7279","LIX1"
"7280","RIOK2"
"7281","AC008883.3"
"7282","AC008883.1"
"7283","AC008883.2"
"7284","LINC01340"
"7285","AC122697.1"
"7286","LINC02234"
"7287","RGMB"
"7288","RGMB-AS1"
"7289","AC008522.1"
"7290","CHD1"
"7291","LINC02062"
"7292","LINC02113"
"7293","AC113385.1"
"7294","AC021086.1"
"7295","FAM174A"
"7296","ST8SIA4"
"7297","SLCO4C1"
"7298","SLCO6A1"
"7299","LINC00491"
"7300","AC099487.2"
"7301","PAM"
"7302","GIN1"
"7303","PPIP5K2"
"7304","C5orf30"
"7305","LINC02115"
"7306","NUDT12"
"7307","LINC02163"
"7308","AC099520.1"
"7309","LINC01950"
"7310","EFNA5"
"7311","FBXL17"
"7312","AC008462.1"
"7313","LINC01023"
"7314","FER"
"7315","AC008871.1"
"7316","AC116428.1"
"7317","AC008467.1"
"7318","PJA2"
"7319","MAN2A1"
"7320","TMEM232"
"7321","SLC25A46"
"7322","AC008572.1"
"7323","WDR36"
"7324","CAMK4"
"7325","AC010468.2"
"7326","AC010275.1"
"7327","STARD4"
"7328","STARD4-AS1"
"7329","NREP"
"7330","NREP-AS1"
"7331","EPB41L4A"
"7332","EPB41L4A-AS1"
"7333","AC010261.1"
"7334","AC010261.2"
"7335","AC104126.1"
"7336","EPB41L4A-DT"
"7337","LINC02200"
"7338","APC"
"7339","SRP19"
"7340","REEP5"
"7341","DCP2"
"7342","MCC"
"7343","AC079465.1"
"7344","YTHDC2"
"7345","AC093240.1"
"7346","KCNN2"
"7347","AC010230.1"
"7348","TRIM36"
"7349","TRIM36-IT1"
"7350","PGGT1B"
"7351","CCDC112"
"7352","FEM1C"
"7353","TICAM2"
"7354","AC010226.1"
"7355","TMED7"
"7356","AC008549.2"
"7357","CDO1"
"7358","ATG12"
"7359","AP3S1"
"7360","LINCADL"
"7361","LVRN"
"7362","AC034236.2"
"7363","COMMD10"
"7364","AC018752.1"
"7365","SEMA6A"
"7366","SEMA6A-AS1"
"7367","SEMA6A-AS2"
"7368","LINC02214"
"7369","AC010267.1"
"7370","LINC00992"
"7371","LINC02147"
"7372","LINC02208"
"7373","DTWD2"
"7374","AC008629.1"
"7375","DMXL1"
"7376","TNFAIP8"
"7377","HSD17B4"
"7378","AC008574.1"
"7379","PRR16"
"7380","AC008568.1"
"7381","SRFBP1"
"7382","LOX"
"7383","AC010255.1"
"7384","AC010255.3"
"7385","AC113349.2"
"7386","SNCAIP"
"7387","AC113349.1"
"7388","AC119150.1"
"7389","AC022101.1"
"7390","LINC02201"
"7391","SNX2"
"7392","SNX24"
"7393","PPIC"
"7394","AC106786.2"
"7395","PRDM6"
"7396","CEP120"
"7397","CSNK1G3"
"7398","LINC01170"
"7399","AC025465.2"
"7400","AC025465.1"
"7401","ZNF608"
"7402","AC112196.1"
"7403","AC113398.2"
"7404","LINC02240"
"7405","AC116362.1"
"7406","GRAMD2B"
"7407","AC093535.1"
"7408","ALDH7A1"
"7409","PHAX"
"7410","TEX43"
"7411","LMNB1-DT"
"7412","LMNB1"
"7413","MARCH3"
"7414","C5orf63"
"7415","AC011416.3"
"7416","AC011416.4"
"7417","MEGF10"
"7418","PRRC1"
"7419","CTXN3"
"7420","CCDC192"
"7421","AC068658.1"
"7422","LINC01184"
"7423","SLC12A2"
"7424","FBN2"
"7425","SLC27A6"
"7426","ISOC1"
"7427","AC008679.1"
"7428","ADAMTS19-AS1"
"7429","ADAMTS19"
"7430","AC008591.1"
"7431","MINAR2"
"7432","CHSY3"
"7433","AC006525.1"
"7434","HINT1"
"7435","LYRM7"
"7436","CDC42SE2"
"7437","RAPGEF6"
"7438","FNIP1"
"7439","MEIKIN"
"7440","AC034228.3"
"7441","ACSL6"
"7442","AC034228.1"
"7443","P4HA2-AS1"
"7444","P4HA2"
"7445","PDLIM4"
"7446","SLC22A4"
"7447","MIR3936HG"
"7448","SLC22A5"
"7449","C5orf56"
"7450","IRF1"
"7451","IL5"
"7452","RAD50"
"7453","TH2LCRR"
"7454","IL4"
"7455","AC004039.1"
"7456","KIF3A"
"7457","CCNI2"
"7458","SEPTIN8"
"7459","SHROOM1"
"7460","GDF9"
"7461","UQCRQ"
"7462","LEAP2"
"7463","AFF4"
"7464","ZCCHC10"
"7465","AC113410.5"
"7466","AC113410.4"
"7467","HSPA4"
"7468","FSTL4"
"7469","AC010307.4"
"7470","C5orf15"
"7471","VDAC1"
"7472","AC008608.2"
"7473","TCF7"
"7474","SKP1"
"7475","PPP2CA"
"7476","AC104109.2"
"7477","CDKL3"
"7478","UBE2B"
"7479","AC109454.2"
"7480","CDKN2AIPNL"
"7481","AC005355.1"
"7482","JADE2"
"7483","SAR1B"
"7484","SEC24A"
"7485","CAMLG"
"7486","DDX46"
"7487","C5orf24"
"7488","TXNDC15"
"7489","PCBD2"
"7490","C5orf66"
"7491","H2AFY"
"7492","NEUROG1"
"7493","AC034206.1"
"7494","CXCL14"
"7495","SLC25A48"
"7496","LECT2"
"7497","TGFBI"
"7498","SMAD5-AS1"
"7499","SMAD5"
"7500","TRPC7"
"7501","TRPC7-AS1"
"7502","SPOCK1"
"7503","KLHL3"
"7504","HNRNPA0"
"7505","AC106791.1"
"7506","MYOT"
"7507","PKD2L2"
"7508","FAM13B"
"7509","AC113382.1"
"7510","AC113382.2"
"7511","NME5"
"7512","BRD8"
"7513","KIF20A"
"7514","CDC23"
"7515","GFRA3"
"7516","CDC25C"
"7517","FAM53C"
"7518","KDM3B"
"7519","REEP2"
"7520","EGR1"
"7521","ETF1"
"7522","HSPA9"
"7523","CTNNA1"
"7524","AC034243.1"
"7525","LRRTM2"
"7526","SIL1"
"7527","AC011405.1"
"7528","MATR3"
"7529","SNHG4"
"7530","MATR3.1"
"7531","PAIP2"
"7532","AC135457.1"
"7533","SLC23A1"
"7534","SPATA24"
"7535","DNAJC18"
"7536","ECSCR"
"7537","UBE2D2"
"7538","CXXC5"
"7539","AC008667.1"
"7540","PSD2-AS1"
"7541","PSD2"
"7542","NRG2"
"7543","AC008667.2"
"7544","MALINC1"
"7545","PURA"
"7546","IGIP"
"7547","AC011379.2"
"7548","CYSTM1"
"7549","AC011379.1"
"7550","PFDN1"
"7551","HBEGF"
"7552","AC008438.2"
"7553","SLC4A9"
"7554","AC008438.1"
"7555","ANKHD1"
"7556","SRA1"
"7557","EIF4EBP3"
"7558","APBB3"
"7559","SLC35A4"
"7560","CD14"
"7561","NDUFA2"
"7562","TMCO6"
"7563","IK"
"7564","WDR55"
"7565","DND1"
"7566","HARS"
"7567","HARS2"
"7568","ZMAT2"
"7569","AC005609.5"
"7570","PCDHA1"
"7571","PCDHA2"
"7572","PCDHA3"
"7573","PCDHA4"
"7574","PCDHA5"
"7575","PCDHA6"
"7576","PCDHA7"
"7577","PCDHA8"
"7578","PCDHA9"
"7579","PCDHA10"
"7580","AC005609.4"
"7581","PCDHA11"
"7582","PCDHA12"
"7583","AC005609.1"
"7584","PCDHA13"
"7585","PCDHAC1"
"7586","PCDHAC2"
"7587","AC244517.5"
"7588","PCDHB2"
"7589","AC244517.2"
"7590","PCDHB3"
"7591","AC244517.1"
"7592","PCDHB4"
"7593","PCDHB5"
"7594","AC244517.11"
"7595","PCDHB6"
"7596","AC244517.12"
"7597","PCDHB7"
"7598","PCDHB8"
"7599","PCDHB16"
"7600","PCDHB9"
"7601","PCDHB10"
"7602","PCDHB11"
"7603","PCDHB12"
"7604","PCDHB13"
"7605","PCDHB14"
"7606","PCDHB15"
"7607","TAF7"
"7608","AC005618.4"
"7609","AC005618.1"
"7610","PCDHGA1"
"7611","PCDHGA2"
"7612","PCDHGA3"
"7613","PCDHGB1"
"7614","PCDHGA4"
"7615","PCDHGB2"
"7616","PCDHGA5"
"7617","PCDHGB3"
"7618","PCDHGA6"
"7619","PCDHGA7"
"7620","PCDHGB4"
"7621","PCDHGA8"
"7622","PCDHGB5"
"7623","PCDHGA9"
"7624","PCDHGB6"
"7625","PCDHGA10"
"7626","PCDHGB7"
"7627","PCDHGA11"
"7628","PCDHGA12"
"7629","AC008781.3"
"7630","PCDHGC3"
"7631","PCDHGC4"
"7632","DIAPH1"
"7633","AC008781.2"
"7634","AC008781.1"
"7635","HDAC3"
"7636","RELL2"
"7637","FCHSD1"
"7638","ARAP3"
"7639","AC005753.2"
"7640","AC005753.3"
"7641","PCDH1"
"7642","AC005740.5"
"7643","DELE1"
"7644","PCDH12"
"7645","RNF14"
"7646","AC005740.3"
"7647","GNPDA1"
"7648","NDFIP1"
"7649","SPRY4"
"7650","SPRY4-AS1"
"7651","FGF1"
"7652","LINC01844"
"7653","ARHGAP26"
"7654","ARHGAP26-AS1"
"7655","NR3C1"
"7656","AC008696.2"
"7657","YIPF5"
"7658","KCTD16"
"7659","AC109441.1"
"7660","AC132803.1"
"7661","AC137770.1"
"7662","AC008700.1"
"7663","PRELID2"
"7664","GRXCR2"
"7665","SH3RF2"
"7666","PLAC8L1"
"7667","AC091887.1"
"7668","LARS"
"7669","RBM27"
"7670","AC011396.2"
"7671","TCERG1"
"7672","AC008728.1"
"7673","PPP2R2B"
"7674","STK32A-AS1"
"7675","STK32A"
"7676","DPYSL3"
"7677","AC011373.1"
"7678","JAKMIP2-AS1"
"7679","JAKMIP2"
"7680","AC011370.1"
"7681","SPINK5"
"7682","AC011346.1"
"7683","SPINK14"
"7684","SPINK6"
"7685","MARCOL"
"7686","SPINK13"
"7687","SPINK7"
"7688","SPINK9"
"7689","FBXO38"
"7690","AC114939.1"
"7691","HTR4"
"7692","ADRB2"
"7693","SH3TC2"
"7694","ABLIM3"
"7695","AC012613.1"
"7696","AC012613.2"
"7697","AFAP1L1"
"7698","AC131025.3"
"7699","GRPEL2"
"7700","GRPEL2-AS1"
"7701","PCYOX1L"
"7702","IL17B"
"7703","CARMN"
"7704","CSNK1A1"
"7705","ARHGEF37"
"7706","PPARGC1B"
"7707","PDE6A"
"7708","SLC26A2"
"7709","TIGD6"
"7710","HMGXB3"
"7711","CSF1R"
"7712","PDGFRB"
"7713","SLC6A7"
"7714","CAMK2A"
"7715","TCOF1"
"7716","CD74"
"7717","RPS14"
"7718","NDST1-AS1"
"7719","NDST1"
"7720","SYNPO"
"7721","MYOZ3"
"7722","RBM22"
"7723","DCTN4"
"7724","SMIM3"
"7725","IRGM"
"7726","ZNF300"
"7727","GPX3"
"7728","TNIP1"
"7729","ANXA6"
"7730","CCDC69"
"7731","GM2A"
"7732","SLC36A3"
"7733","SLC36A1"
"7734","FAT2"
"7735","AC011337.1"
"7736","AC011374.1"
"7737","SPARC"
"7738","CLMAT3"
"7739","ATOX1"
"7740","AC091982.1"
"7741","G3BP1"
"7742","GLRA1"
"7743","LINC01933"
"7744","AC008571.2"
"7745","NMUR2"
"7746","LINC01470"
"7747","GRIA1"
"7748","FAM114A2"
"7749","MFAP3"
"7750","GALNT10"
"7751","SAP30L-AS1"
"7752","AC008625.1"
"7753","SAP30L"
"7754","LARP1"
"7755","FAXDC2"
"7756","CNOT8"
"7757","GEMIN5"
"7758","MRPL22"
"7759","AC010476.2"
"7760","SGCD"
"7761","AC011351.1"
"7762","AC025434.1"
"7763","HAVCR2"
"7764","AC011377.1"
"7765","MED7"
"7766","ITK"
"7767","AC010609.1"
"7768","AC009185.1"
"7769","CYFIP2"
"7770","FNDC9"
"7771","AC016571.1"
"7772","AC008676.1"
"7773","ADAM19"
"7774","NIPAL4"
"7775","AC106801.1"
"7776","SOX30"
"7777","THG1L"
"7778","LSM11"
"7779","CLINT1"
"7780","LINC02227"
"7781","AC091939.1"
"7782","EBF1"
"7783","LINC02202"
"7784","RNF145"
"7785","AC134043.2"
"7786","UBLCP1"
"7787","AC008691.1"
"7788","LINC01845"
"7789","LINC01847"
"7790","ADRA1B"
"7791","TTC1"
"7792","PWWP2A"
"7793","FABP6"
"7794","AC008609.1"
"7795","CCNJL"
"7796","C1QTNF2"
"7797","ZBED8"
"7798","SLU7"
"7799","PTTG1"
"7800","MIR3142HG"
"7801","ATP10B"
"7802","AC008456.1"
"7803","AC011363.1"
"7804","GABRB2"
"7805","GABRA6"
"7806","GABRA1"
"7807","LINC01202"
"7808","GABRG2"
"7809","AC113414.1"
"7810","CCNG1"
"7811","NUDCD2"
"7812","HMMR"
"7813","MAT2B"
"7814","AC008662.1"
"7815","AC109466.1"
"7816","LINC02143"
"7817","AC091973.1"
"7818","LINC01938"
"7819","AC008415.1"
"7820","AC114321.1"
"7821","LINC01947"
"7822","AC091819.2"
"7823","AC091819.1"
"7824","TENM2"
"7825","AC091820.2"
"7826","AC008601.1"
"7827","AC008708.2"
"7828","AC008708.1"
"7829","AC008464.1"
"7830","AC011369.1"
"7831","AC026689.1"
"7832","WWC1"
"7833","RARS"
"7834","FBLL1"
"7835","PANK3"
"7836","SLIT3"
"7837","AC011365.1"
"7838","AC011389.2"
"7839","AC011389.1"
"7840","SPDL1"
"7841","DOCK2"
"7842","INSYN2B"
"7843","LCP2"
"7844","KCNIP1"
"7845","KCNMB1"
"7846","AC027312.1"
"7847","GABRP"
"7848","RANBP17"
"7849","NPM1"
"7850","FGF18"
"7851","FBXW11"
"7852","STK10"
"7853","EFCAB9"
"7854","UBTD2"
"7855","SH3PXD2B"
"7856","AC011407.1"
"7857","NEURL1B"
"7858","AC027309.1"
"7859","AC022217.2"
"7860","AC022217.3"
"7861","DUSP1"
"7862","ERGIC1"
"7863","AC008429.1"
"7864","AC008429.3"
"7865","RPL26L1"
"7866","ATP6V0E1"
"7867","CREBRF"
"7868","BNIP1"
"7869","AC008663.1"
"7870","AC008663.2"
"7871","BOD1"
"7872","LINC01484"
"7873","AC008674.1"
"7874","LINC01485"
"7875","CPEB4"
"7876","C5orf47"
"7877","NSG2"
"7878","AC113423.2"
"7879","LINC01411"
"7880","AC113346.2"
"7881","LINC01951"
"7882","DRD1"
"7883","SFXN1"
"7884","HRH2"
"7885","CPLX2"
"7886","AC138965.2"
"7887","THOC3"
"7888","FAM153B"
"7889","AC139491.4"
"7890","SIMC1"
"7891","KIAA1191"
"7892","AC138956.1"
"7893","AC138956.2"
"7894","ARL10"
"7895","NOP16"
"7896","HIGD2A"
"7897","CLTB"
"7898","FAF2"
"7899","RNF44"
"7900","CDHR2"
"7901","GPRIN1"
"7902","SNCB"
"7903","EIF4E1B"
"7904","TSPAN17"
"7905","AC113391.1"
"7906","UNC5A"
"7907","HK3"
"7908","UIMC1"
"7909","ZNF346"
"7910","ZNF346-IT1"
"7911","FGFR4"
"7912","NSD1"
"7913","AC146507.3"
"7914","RAB24"
"7915","MXD3"
"7916","PRELID1"
"7917","LMAN2"
"7918","SLC34A1"
"7919","PFN3"
"7920","F12"
"7921","GRK6"
"7922","PRR7-AS1"
"7923","PRR7"
"7924","DBN1"
"7925","PDLIM7"
"7926","DOK3"
"7927","DDX41"
"7928","FAM193B"
"7929","AC139795.3"
"7930","TMED9"
"7931","B4GALT7"
"7932","AC139795.2"
"7933","FAM153A"
"7934","AC106795.3"
"7935","AC106795.2"
"7936","AC106795.5"
"7937","FAM153CP"
"7938","N4BP3"
"7939","RMND5B"
"7940","NHP2"
"7941","HNRNPAB"
"7942","PHYKPL"
"7943","COL23A1"
"7944","CLK4"
"7945","ZNF354A"
"7946","ZNF354B"
"7947","ZFP2"
"7948","AC104117.5"
"7949","ZNF454"
"7950","AC104117.3"
"7951","GRM6"
"7952","ZNF879"
"7953","ZNF354C"
"7954","ADAMTS2"
"7955","AC136628.4"
"7956","RUFY1"
"7957","AC136604.2"
"7958","HNRNPH1"
"7959","AC136604.3"
"7960","CBY3"
"7961","CANX"
"7962","MAML1"
"7963","LTC4S"
"7964","MGAT4B"
"7965","SQSTM1"
"7966","MRNIP"
"7967","AC008393.1"
"7968","TBC1D9B"
"7969","RNF130"
"7970","AC010285.1"
"7971","AC010285.3"
"7972","RASGEF1C"
"7973","MAPK9"
"7974","AC008610.1"
"7975","GFPT2"
"7976","CNOT6"
"7977","FLT4"
"7978","MGAT1"
"7979","HEIH"
"7980","LINC00847"
"7981","AC022413.2"
"7982","ZFP62"
"7983","BTNL9"
"7984","LINC01962"
"7985","AC008443.5"
"7986","TRIM7"
"7987","AC008443.9"
"7988","TRIM41"
"7989","RACK1"
"7990","AC008443.1"
"7991","TRIM52"
"7992","TRIM52-AS1"
"7993","AC008443.8"
"7994","AC138035.1"
"7995","AL365272.1"
"7996","DUSP22"
"7997","AL512308.1"
"7998","EXOC2"
"7999","AL031770.1"
"8000","AL357054.2"
"8001","AL357054.4"
"8002","AL357054.5"
"8003","AL357054.3"
"8004","AL392183.1"
"8005","LINC01622"
"8006","FOXQ1"
"8007","GMDS"
"8008","AL035693.1"
"8009","GMDS-DT"
"8010","AL031768.2"
"8011","AL359852.2"
"8012","LINC02521"
"8013","LINC01600"
"8014","MYLK4"
"8015","WRNIP1"
"8016","SERPINB1"
"8017","SERPINB9P1"
"8018","SERPINB9"
"8019","SERPINB6"
"8020","LINC01011"
"8021","NQO2"
"8022","AL133351.1"
"8023","RIPK1"
"8024","AL031963.3"
"8025","BPHL"
"8026","AL031963.1"
"8027","TUBB2A"
"8028","LINC02525"
"8029","TUBB2B"
"8030","PSMG4"
"8031","SLC22A23"
"8032","AL445309.1"
"8033","AL033523.1"
"8034","PXDC1"
"8035","AL391422.4"
"8036","AL391422.2"
"8037","FAM50B"
"8038","AL590004.3"
"8039","AL138831.1"
"8040","PRPF4B"
"8041","FAM217A"
"8042","C6orf201"
"8043","ECI2"
"8044","AL162718.1"
"8045","CDYL"
"8046","RPP40"
"8047","AL359643.3"
"8048","AL359643.2"
"8049","PPP1R3G"
"8050","LYRM4"
"8051","FARS2"
"8052","AL021328.1"
"8053","AL022097.1"
"8054","AL136307.1"
"8055","NRN1"
"8056","F13A1"
"8057","LY86-AS1"
"8058","AL162719.1"
"8059","LY86"
"8060","RREB1"
"8061","SSR1"
"8062","AL139095.4"
"8063","CAGE1"
"8064","RIOK1"
"8065","DSP"
"8066","SNRNP48"
"8067","BMP6"
"8068","TXNDC5"
"8069","BLOC1S5"
"8070","EEF1E1"
"8071","AL355499.1"
"8072","SLC35B3"
"8073","HULC"
"8074","AL137220.1"
"8075","TFAP2A-AS2"
"8076","MIR5689HG"
"8077","GCNT2"
"8078","AL358777.1"
"8079","C6orf52"
"8080","PAK1IP1"
"8081","TMEM14C"
"8082","AL024498.1"
"8083","TMEM14B"
"8084","MAK"
"8085","GCM2"
"8086","AL357497.1"
"8087","SYCP2L"
"8088","ELOVL2"
"8089","ELOVL2-AS1"
"8090","SMIM13"
"8091","ERVFRD-1"
"8092","AL139807.1"
"8093","NEDD9"
"8094","AL445430.2"
"8095","TMEM170B"
"8096","ADTRP"
"8097","AL022724.3"
"8098","AL157373.2"
"8099","HIVEP1"
"8100","EDN1"
"8101","PHACTR1"
"8102","AL008729.1"
"8103","TBC1D7"
"8104","AL008729.2"
"8105","GFOD1"
"8106","SIRT5"
"8107","AL441883.1"
"8108","NOL7"
"8109","RANBP9"
"8110","Z93020.1"
"8111","MCUR1"
"8112","AL023583.1"
"8113","RNF182"
"8114","CD83"
"8115","AL133259.1"
"8116","AL009177.1"
"8117","AL138720.1"
"8118","JARID2"
"8119","DTNBP1"
"8120","AL021978.1"
"8121","MYLIP"
"8122","GMPR"
"8123","ATXN1"
"8124","AL137003.1"
"8125","AL137003.2"
"8126","AL133405.2"
"8127","AL133405.1"
"8128","STMND1"
"8129","AL136305.1"
"8130","RBM24"
"8131","CAP2"
"8132","AL138824.1"
"8133","FAM8A1"
"8134","NUP153"
"8135","AL138724.1"
"8136","KIF13A"
"8137","NHLRC1"
"8138","TPMT"
"8139","KDM1B"
"8140","DEK"
"8141","RNF144B"
"8142","MIR548A1HG"
"8143","AL357052.1"
"8144","AL022068.1"
"8145","ID4"
"8146","MBOAT1"
"8147","AL158198.1"
"8148","E2F3"
"8149","E2F3-IT1"
"8150","CDKAL1"
"8151","AL513188.1"
"8152","AL451080.1"
"8153","AL031767.2"
"8154","LINC00581"
"8155","AL512380.1"
"8156","AL512380.2"
"8157","SOX4"
"8158","CASC15"
"8159","NBAT1"
"8160","PRL"
"8161","AL033539.2"
"8162","AL035401.1"
"8163","AL139231.1"
"8164","NRSN1"
"8165","DCDC2"
"8166","MRS2"
"8167","GPLD1"
"8168","ALDH5A1"
"8169","KIAA0319"
"8170","TDP2"
"8171","ACOT13"
"8172","AL031775.1"
"8173","C6orf62"
"8174","AL031775.2"
"8175","LINC02828"
"8176","GMNN"
"8177","ARMH2"
"8178","RIPOR2"
"8179","AL133268.4"
"8180","CARMIL1"
"8181","SCGN"
"8182","SLC17A4"
"8183","SLC17A1"
"8184","SLC17A3"
"8185","TRIM38"
"8186","U91328.2"
"8187","U91328.1"
"8188","HIST1H1A"
"8189","HIST1H3A"
"8190","HIST1H4A"
"8191","HIST1H4B"
"8192","HIST1H3B"
"8193","HIST1H2AB"
"8194","HIST1H2BB"
"8195","HIST1H3C"
"8196","HIST1H1C"
"8197","HFE"
"8198","HIST1H4C"
"8199","HIST1H2BC"
"8200","HIST1H2AC"
"8201","HIST1H1E"
"8202","HIST1H2BD"
"8203","AL353759.1"
"8204","HIST1H2BE"
"8205","HIST1H4D"
"8206","HIST1H3D"
"8207","HIST1H2AD"
"8208","HIST1H2BF"
"8209","HIST1H4E"
"8210","HIST1H2BG"
"8211","HIST1H2AE"
"8212","HIST1H3E"
"8213","HIST1H1D"
"8214","HIST1H4F"
"8215","HIST1H3F"
"8216","HIST1H2BH"
"8217","HIST1H3G"
"8218","HIST1H2BI"
"8219","HIST1H4H"
"8220","AL021917.1"
"8221","BTN3A2"
"8222","BTN2A2"
"8223","BTN3A1"
"8224","BTN3A3"
"8225","BTN2A1"
"8226","HCG11"
"8227","HMGN4"
"8228","AL121936.1"
"8229","ABT1"
"8230","AL513548.3"
"8231","ZNF322"
"8232","AL513548.4"
"8233","AL513548.1"
"8234","LINC00240"
"8235","AL133255.1"
"8236","AL590062.1"
"8237","AL021807.1"
"8238","HIST1H2BJ"
"8239","HIST1H2AG"
"8240","HIST1H4I"
"8241","HIST1H2BK"
"8242","HIST1H2AH"
"8243","ZNF391"
"8244","AL031118.1"
"8245","ZNF184"
"8246","AL021918.4"
"8247","AL021918.5"
"8248","AL021918.3"
"8249","AL009179.1"
"8250","AL009179.2"
"8251","HIST1H2BL"
"8252","HIST1H2AI"
"8253","HIST1H3H"
"8254","HIST1H2AJ"
"8255","HIST1H2BM"
"8256","HIST1H4J"
"8257","HIST1H2BN"
"8258","HIST1H2AK"
"8259","HIST1H2AL"
"8260","HIST1H1B"
"8261","HIST1H3I"
"8262","HIST1H4L"
"8263","HIST1H3J"
"8264","HIST1H2AM"
"8265","HIST1H2BO"
"8266","ZSCAN16-AS1"
"8267","AL121944.1"
"8268","ZNF165"
"8269","ZSCAN16"
"8270","AL358933.1"
"8271","ZKSCAN8"
"8272","ZSCAN9"
"8273","ZKSCAN4"
"8274","NKAPL"
"8275","ZSCAN26"
"8276","PGBD1"
"8277","ZSCAN31"
"8278","ZKSCAN3"
"8279","ZSCAN12"
"8280","ZSCAN23"
"8281","ZBED9"
"8282","AL049543.1"
"8283","AL121932.2"
"8284","AL662890.1"
"8285","LINC01623"
"8286","TRIM27"
"8287","HCG15"
"8288","ZNF311"
"8289","AL662791.2"
"8290","OR5V1"
"8291","GABBR1"
"8292","OR2H2"
"8293","MOG"
"8294","HLA-A"
"8295","HCG9"
"8296","ZNRD1"
"8297","PPP1R11"
"8298","TRIM26"
"8299","HCG17"
"8300","HCG18"
"8301","TRIM39"
"8302","RPP21"
"8303","HLA-E"
"8304","GNL1"
"8305","PRR3"
"8306","ABCF1"
"8307","PPP1R10"
"8308","MRPS18B"
"8309","ATAT1"
"8310","C6orf136"
"8311","DHX16"
"8312","PPP1R18"
"8313","NRM"
"8314","MDC1"
"8315","MDC1-AS1"
"8316","TUBB"
"8317","AL662797.1"
"8318","FLOT1"
"8319","IER3-AS1"
"8320","IER3"
"8321","HCG20"
"8322","LINC00243"
"8323","DDR1"
"8324","GTF2H4"
"8325","VARS2"
"8326","HCG22"
"8327","CCHCR1"
"8328","TCF19"
"8329","POU5F1"
"8330","AL662844.4"
"8331","HCG27"
"8332","HLA-C"
"8333","HLA-B"
"8334","HCP5"
"8335","DDX39B"
"8336","ATP6V1G2"
"8337","NFKBIL1"
"8338","AIF1"
"8339","PRRC2A"
"8340","BAG6"
"8341","APOM"
"8342","C6orf47"
"8343","C6orf47-AS1"
"8344","GPANK1"
"8345","CSNK2B"
"8346","LY6G5B"
"8347","LY6G5C"
"8348","ABHD16A"
"8349","LY6G6F"
"8350","LY6G6E"
"8351","LY6G6D"
"8352","MPIG6B"
"8353","LY6G6C"
"8354","DDAH2"
"8355","CLIC1"
"8356","MSH5"
"8357","SAPCD1"
"8358","SAPCD1-AS1"
"8359","VWA7"
"8360","VARS"
"8361","LSM2"
"8362","HSPA1L"
"8363","HSPA1A"
"8364","HSPA1B"
"8365","SNHG32"
"8366","NEU1"
"8367","SLC44A4"
"8368","EHMT2-AS1"
"8369","EHMT2"
"8370","C2"
"8371","ZBTB12"
"8372","CFB"
"8373","NELFE"
"8374","SKIV2L"
"8375","DXO"
"8376","STK19"
"8377","CYP21A2"
"8378","TNXB"
"8379","AL662884.5"
"8380","ATF6B"
"8381","FKBPL"
"8382","PRRT1"
"8383","AL662884.3"
"8384","PPT2"
"8385","EGFL8"
"8386","AGPAT1"
"8387","RNF5"
"8388","AGER"
"8389","PBX2"
"8390","GPSM3"
"8391","NOTCH4"
"8392","TSBP1-AS1"
"8393","TSBP1"
"8394","BTNL2"
"8395","TAP2"
"8396","PSMB8"
"8397","PSMB8-AS1"
"8398","PSMB9"
"8399","TAP1"
"8400","HLA-DMA"
"8401","BRD2"
"8402","COL11A2"
"8403","RXRB"
"8404","SLC39A7"
"8405","HSD17B8"
"8406","RING1"
"8407","AL645940.1"
"8408","HCG25"
"8409","VPS52"
"8410","RPS18"
"8411","B3GALT4"
"8412","WDR46"
"8413","PFDN6"
"8414","RGL2"
"8415","TAPBP"
"8416","ZBTB22"
"8417","DAXX"
"8418","KIFC1"
"8419","PHF1"
"8420","CUTA"
"8421","SYNGAP1"
"8422","SYNGAP1-AS1"
"8423","ZBTB9"
"8424","BAK1"
"8425","ITPR3"
"8426","UQCC2"
"8427","LEMD2"
"8428","MLN"
"8429","GRM4"
"8430","HMGA1"
"8431","SMIM29"
"8432","AL354740.1"
"8433","NUDT3"
"8434","RPS10-NUDT3"
"8435","RPS10"
"8436","PACSIN1"
"8437","ILRUN"
"8438","AL451165.2"
"8439","SNRPC"
"8440","UHRF1BP1"
"8441","TAF11"
"8442","ANKS1A"
"8443","AL591002.1"
"8444","TCP11"
"8445","SCUBE3"
"8446","Z97832.2"
"8447","ZNF76"
"8448","DEF6"
"8449","PPARD"
"8450","FANCE"
"8451","RPL10A"
"8452","TEAD3"
"8453","TULP1"
"8454","FKBP5"
"8455","AL157823.2"
"8456","ARMC12"
"8457","LHFPL5"
"8458","SRPK1"
"8459","SLC26A8"
"8460","MAPK14"
"8461","MAPK13"
"8462","Z84485.1"
"8463","BRPF3"
"8464","PNPLA1"
"8465","BNIP5"
"8466","ETV7"
"8467","PXT1"
"8468","KCTD20"
"8469","STK38"
"8470","SRSF3"
"8471","RAB44"
"8472","CPNE5"
"8473","Z85996.2"
"8474","PPIL1"
"8475","C6orf89"
"8476","MTCH1"
"8477","FGD2"
"8478","PIM1"
"8479","TMEM217"
"8480","TBC1D22B"
"8481","AL096712.2"
"8482","RNF8"
"8483","CMTR1"
"8484","CCDC167"
"8485","LINC02520"
"8486","AL353597.1"
"8487","MDGA1"
"8488","AL121574.1"
"8489","ZFAND3"
"8490","BTBD9"
"8491","GLO1"
"8492","DNAH8"
"8493","SAYSD1"
"8494","KIF6"
"8495","DAAM2"
"8496","MOCS1"
"8497","TDRG1"
"8498","LINC00951"
"8499","AL139275.1"
"8500","LRFN2"
"8501","AL359475.1"
"8502","AL033380.1"
"8503","UNC5CL"
"8504","OARD1"
"8505","TSPO2"
"8506","APOBEC2"
"8507","NFYA"
"8508","AL031778.1"
"8509","TREM2"
"8510","FOXP4-AS1"
"8511","LINC01276"
"8512","FOXP4"
"8513","MDFI"
"8514","TFEB"
"8515","AL035588.1"
"8516","FRS3"
"8517","PRICKLE4"
"8518","TOMM6"
"8519","USP49"
"8520","AL160163.1"
"8521","MED20"
"8522","BYSL"
"8523","CCND3"
"8524","TAF8"
"8525","C6orf132"
"8526","GUCA1B"
"8527","MRPS10"
"8528","TRERF1"
"8529","UBR2"
"8530","PRPH2"
"8531","TBCC"
"8532","BICRAL"
"8533","RPL7L1"
"8534","C6orf226"
"8535","AL035587.3"
"8536","AL035587.2"
"8537","CNPY3"
"8538","AL035587.1"
"8539","GNMT"
"8540","PEX6"
"8541","PPP2R5D"
"8542","MEA1"
"8543","KLHDC3"
"8544","RRP36"
"8545","AL136304.1"
"8546","CUL7"
"8547","KLC4"
"8548","MRPL2"
"8549","AL355385.1"
"8550","PTK7"
"8551","SRF"
"8552","CUL9"
"8553","AL133375.1"
"8554","DNPH1"
"8555","TTBK1"
"8556","SLC22A7"
"8557","CRIP3"
"8558","ZNF318"
"8559","AL359813.1"
"8560","ABCC10"
"8561","DLK2"
"8562","TJAP1"
"8563","LRRC73"
"8564","POLR1C"
"8565","YIPF3"
"8566","XPO5"
"8567","POLH"
"8568","POLH-AS1"
"8569","GTPBP2"
"8570","MAD2L1BP"
"8571","RSPH9"
"8572","MRPS18A"
"8573","VEGFA"
"8574","AL136131.3"
"8575","AL109615.3"
"8576","AL109615.2"
"8577","AL109615.4"
"8578","MRPL14"
"8579","TMEM63B"
"8580","SLC29A1"
"8581","HSP90AB1"
"8582","SLC35B2"
"8583","NFKBIE"
"8584","TMEM151B"
"8585","TCTE1"
"8586","AARS2"
"8587","SPATS1"
"8588","CDC5L"
"8589","AL133334.1"
"8590","SUPT3H"
"8591","RUNX2"
"8592","AL096865.1"
"8593","RUNX2-AS1"
"8594","CLIC5"
"8595","AL035701.1"
"8596","ENPP4"
"8597","ENPP5"
"8598","RCAN2"
"8599","AL035670.1"
"8600","CYP39A1"
"8601","SLC25A27"
"8602","AL591242.1"
"8603","TDRD6"
"8604","PLA2G7"
"8605","ADGRF5"
"8606","ADGRF1"
"8607","TNFRSF21"
"8608","AL451166.1"
"8609","CD2AP"
"8610","ADGRF2"
"8611","ADGRF4"
"8612","OPN5"
"8613","PTCHD4"
"8614","AL353138.1"
"8615","AL391538.1"
"8616","MMUT"
"8617","CENPQ"
"8618","C6orf141"
"8619","RHAG"
"8620","AL121974.1"
"8621","AL138826.1"
"8622","AL135908.1"
"8623","TFAP2D"
"8624","PKHD1"
"8625","MCM3"
"8626","PAQR8"
"8627","EFHC1"
"8628","TRAM2"
"8629","TRAM2-AS1"
"8630","TMEM14A"
"8631","GSTA4"
"8632","ICK"
"8633","FBXO9"
"8634","ELOVL5"
"8635","GCLC"
"8636","AL033397.2"
"8637","KLHL31"
"8638","AL590652.1"
"8639","LRRC1"
"8640","AL033384.2"
"8641","MLIP"
"8642","MLIP-AS1"
"8643","TINAG"
"8644","FAM83B"
"8645","HCRTR2"
"8646","GFRAL"
"8647","HMGCLL1"
"8648","BMP5"
"8649","COL21A1"
"8650","DST"
"8651","AL512422.1"
"8652","BEND6"
"8653","KIAA1586"
"8654","ZNF451"
"8655","ZNF451-AS1"
"8656","BAG2"
"8657","RAB23"
"8658","PRIM2"
"8659","AL021368.3"
"8660","AL021368.5"
"8661","AL021368.1"
"8662","AL021368.2"
"8663","AL445250.1"
"8664","AL512427.2"
"8665","KHDRBS2-OT"
"8666","KHDRBS2"
"8667","AL355347.1"
"8668","LGSN"
"8669","PTP4A1"
"8670","AL135905.1"
"8671","AL135905.2"
"8672","PHF3"
"8673","EYS"
"8674","SCAT8"
"8675","AL357375.1"
"8676","AL713998.1"
"8677","AL646090.2"
"8678","LINC02549"
"8679","AL606923.2"
"8680","AL391807.1"
"8681","ADGRB3"
"8682","LMBRD1"
"8683","COL19A1"
"8684","COL9A1"
"8685","AL160262.1"
"8686","AL365226.1"
"8687","FAM135A"
"8688","SDHAF4"
"8689","AL583856.2"
"8690","SMAP1"
"8691","B3GAT2"
"8692","AL096709.1"
"8693","AL589935.1"
"8694","OGFRL1"
"8695","LINC00472"
"8696","RIMS1"
"8697","FO393414.3"
"8698","KCNQ5"
"8699","KCNQ5-IT1"
"8700","KCNQ5-AS1"
"8701","KHDC1L"
"8702","KHDC1"
"8703","AC019205.1"
"8704","KHDC3L"
"8705","OOEP"
"8706","OOEP-AS1"
"8707","DDX43"
"8708","CGAS"
"8709","MTO1"
"8710","AL603910.1"
"8711","EEF1A1"
"8712","AL121972.1"
"8713","SLC17A5"
"8714","AL590428.1"
"8715","CD109"
"8716","AL357507.1"
"8717","AL356277.3"
"8718","COL12A1"
"8719","COX7A2"
"8720","TMEM30A"
"8721","AL080250.1"
"8722","FILIP1"
"8723","AL445465.1"
"8724","SENP6"
"8725","MYO6"
"8726","IMPG1"
"8727","LINC02540"
"8728","AL355612.1"
"8729","MEI4"
"8730","IRAK1BP1"
"8731","PHIP"
"8732","AL356776.2"
"8733","HMGN3"
"8734","HMGN3-AS1"
"8735","AL391840.1"
"8736","LCA5"
"8737","AL391840.3"
"8738","AL451064.1"
"8739","SH3BGRL2"
"8740","LINC01621"
"8741","ELOVL4"
"8742","AL133475.1"
"8743","TTK"
"8744","AL591135.2"
"8745","BCKDHB"
"8746","AL359715.3"
"8747","AL359715.1"
"8748","AL359715.2"
"8749","TENT5A"
"8750","LINC02542"
"8751","IBTK"
"8752","AL121977.2"
"8753","TPBG"
"8754","UBE3D"
"8755","AL355613.1"
"8756","DOP1A"
"8757","PGM3"
"8758","RWDD2A"
"8759","ME1"
"8760","PRSS35"
"8761","SNAP91"
"8762","AL139232.1"
"8763","RIPPLY2"
"8764","CYB5R4"
"8765","AL034347.1"
"8766","LINC02857"
"8767","MRAP2"
"8768","CEP162"
"8769","LINC01611"
"8770","NT5E"
"8771","SNX14"
"8772","SYNCRIP"
"8773","SNHG5"
"8774","AL450338.2"
"8775","HTR1E"
"8776","AL139274.2"
"8777","ZNF292"
"8778","GJB7"
"8779","SMIM8"
"8780","C6orf163"
"8781","CFAP206"
"8782","SLC35A1"
"8783","RARS2"
"8784","ORC3"
"8785","AKIRIN2"
"8786","SPACA1"
"8787","CNR1"
"8788","AL139042.1"
"8789","AL139090.1"
"8790","RNGTT"
"8791","PNRC1"
"8792","SRSF12"
"8793","AL353135.2"
"8794","PM20D2"
"8795","GABRR1"
"8796","GABRR2"
"8797","UBE2J1"
"8798","RRAGD"
"8799","ANKRD6"
"8800","AL159174.1"
"8801","LYRM2"
"8802","MDN1"
"8803","CASP8AP2"
"8804","BACH2"
"8805","AL121787.1"
"8806","AL158136.1"
"8807","AL132996.1"
"8808","MAP3K7"
"8809","CASC6"
"8810","AL590814.1"
"8811","EPHA7"
"8812","AL591519.1"
"8813","AL356094.2"
"8814","MANEA-DT"
"8815","MANEA"
"8816","AL034348.1"
"8817","FUT9"
"8818","UFL1-AS1"
"8819","UFL1"
"8820","FHL5"
"8821","AL033379.1"
"8822","GPR63"
"8823","NDUFAF4"
"8824","KLHL32"
"8825","MMS22L"
"8826","AL589740.1"
"8827","AL080316.1"
"8828","AL590727.1"
"8829","AL589826.2"
"8830","POU3F2"
"8831","FBXL4"
"8832","FAXC"
"8833","COQ3"
"8834","PNISR"
"8835","AL513550.1"
"8836","USP45"
"8837","TSTD3"
"8838","CCNC"
"8839","MCHR2"
"8840","MCHR2-AS1"
"8841","SIM1"
"8842","ASCC3"
"8843","AL133338.1"
"8844","GRIK2"
"8845","AP002528.1"
"8846","AL357522.1"
"8847","HACE1"
"8848","LIN28B-AS1"
"8849","LIN28B"
"8850","BVES"
"8851","BVES-AS1"
"8852","POPDC3"
"8853","PREP"
"8854","AL133406.2"
"8855","AL096794.1"
"8856","AL591518.1"
"8857","PRDM1"
"8858","ATG5"
"8859","CRYBG1"
"8860","RTN4IP1"
"8861","QRSL1"
"8862","LINC02526"
"8863","LINC02532"
"8864","CD24"
"8865","MTRES1"
"8866","BEND3"
"8867","PDSS2"
"8868","SOBP"
"8869","AL121957.1"
"8870","SCML4"
"8871","SEC63"
"8872","AL024507.2"
"8873","Z98200.1"
"8874","OSTM1"
"8875","OSTM1-AS1"
"8876","NR2E1"
"8877","SNX3"
"8878","Z98742.4"
"8879","AFG1L"
"8880","AL139106.1"
"8881","FOXO3"
"8882","LINC00222"
"8883","Z95118.2"
"8884","ARMC2"
"8885","ARMC2-AS1"
"8886","SESN1"
"8887","AL390208.1"
"8888","CEP57L1"
"8889","CD164"
"8890","PPIL6"
"8891","SMPD2"
"8892","MICAL1"
"8893","ZBTB24"
"8894","AL109947.1"
"8895","AK9"
"8896","FIG4"
"8897","AL512303.1"
"8898","WASF1"
"8899","CDC40"
"8900","METTL24"
"8901","AL050350.1"
"8902","SLC22A16"
"8903","CDK19"
"8904","AMD1"
"8905","GTF3C6"
"8906","RPF2"
"8907","SLC16A10"
"8908","AL360227.1"
"8909","MFSD4B"
"8910","AL080317.1"
"8911","REV3L"
"8912","AL080317.2"
"8913","TRAF3IP2-AS1"
"8914","AL008730.1"
"8915","TRAF3IP2"
"8916","Z97989.1"
"8917","FYN"
"8918","CCN6"
"8919","TUBE1"
"8920","FAM229B"
"8921","LAMA4"
"8922","Z99289.1"
"8923","AL365214.2"
"8924","AL360015.1"
"8925","AL513123.1"
"8926","MARCKS"
"8927","LINC01268"
"8928","FO393415.1"
"8929","HDAC2"
"8930","HDAC2-AS2"
"8931","HS3ST5"
"8932","AL138830.2"
"8933","AL138830.1"
"8934","AL590550.1"
"8935","FRK"
"8936","AL357141.1"
"8937","NT5DC1"
"8938","COL10A1"
"8939","TSPYL4"
"8940","DSE"
"8941","TSPYL1"
"8942","CALHM6"
"8943","RWDD1"
"8944","RSPH4A"
"8945","ZUP1"
"8946","KPNA5"
"8947","ROS1"
"8948","DCBLD1"
"8949","GOPC"
"8950","NUS1"
"8951","SLC35F1"
"8952","CEP85L"
"8953","PLN"
"8954","Z99496.2"
"8955","MCM9"
"8956","ASF1A"
"8957","AL137009.1"
"8958","FAM184A"
"8959","MAN1A1"
"8960","AL078600.1"
"8961","AL096854.1"
"8962","TBC1D32"
"8963","GJA1"
"8964","HSF2"
"8965","SERINC1"
"8966","PKIB"
"8967","FABP7"
"8968","SMPDL3A"
"8969","AL591428.1"
"8970","CLVS2"
"8971","TRDN"
"8972","TRDN-AS1"
"8973","AL445259.1"
"8974","AL133257.1"
"8975","NKAIN2"
"8976","AL354936.1"
"8977","RNF217-AS1"
"8978","RNF217"
"8979","TPD52L1"
"8980","HDDC2"
"8981","AL450332.1"
"8982","AL365259.1"
"8983","LINC02523"
"8984","HEY2"
"8985","NCOA7"
"8986","NCOA7-AS1"
"8987","HINT3"
"8988","TRMT11"
"8989","CENPW"
"8990","AL035603.1"
"8991","RSPO3"
"8992","RNF146"
"8993","ECHDC1"
"8994","KIAA0408"
"8995","SOGA3"
"8996","C6orf58"
"8997","THEMIS"
"8998","PTPRK"
"8999","AL590006.1"
"9000","AL034349.1"
"9001","LAMA2"
"9002","AL356124.1"
"9003","ARHGAP18"
"9004","TMEM244"
"9005","L3MBTL3"
"9006","AL355581.1"
"9007","SAMD3"
"9008","TMEM200A"
"9009","EPB41L2"
"9010","AKAP7"
"9011","ARG1"
"9012","MED23"
"9013","ENPP3"
"9014","ENPP1"
"9015","CCN2"
"9016","AL133346.1"
"9017","AL021408.1"
"9018","LINC01013"
"9019","MOXD1"
"9020","STX7"
"9021","SLC18B1"
"9022","RPS12"
"9023","LINC00326"
"9024","EYA4"
"9025","TARID"
"9026","TBPL1"
"9027","SLC2A12"
"9028","AL449363.2"
"9029","SGK1"
"9030","AL355881.1"
"9031","LINC01010"
"9032","CT69"
"9033","AL078590.2"
"9034","ALDH8A1"
"9035","AL445190.1"
"9036","HBS1L"
"9037","AL353596.1"
"9038","MYB"
"9039","AHI1"
"9040","AL049552.1"
"9041","LINC00271"
"9042","PDE7B"
"9043","AL360178.1"
"9044","AL360178.2"
"9045","AL138828.1"
"9046","MTFR2"
"9047","BCLAF1"
"9048","AL023284.4"
"9049","MAP7"
"9050","AL024508.2"
"9051","MAP3K5"
"9052","AL024508.1"
"9053","AL121933.2"
"9054","PEX7"
"9055","IFNGR1"
"9056","AL356234.2"
"9057","WAKMAR2"
"9058","TNFAIP3"
"9059","PERP"
"9060","ARFGEF3"
"9061","PBOV1"
"9062","HEBP2"
"9063","NHSL1"
"9064","AL590617.2"
"9065","GVQW2"
"9066","CCDC28A"
"9067","ECT2L"
"9068","REPS1"
"9069","ABRACL"
"9070","HECA"
"9071","AL031772.1"
"9072","TXLNB"
"9073","AL592429.2"
"9074","CITED2"
"9075","LINC01625"
"9076","FILNC1"
"9077","AL050338.1"
"9078","AL050338.2"
"9079","AL357146.1"
"9080","AL035446.2"
"9081","NMBR"
"9082","VTA1"
"9083","ADGRG6"
"9084","AL359313.1"
"9085","AL355337.1"
"9086","HIVEP2"
"9087","AL023584.2"
"9088","AL355304.1"
"9089","LINC01277"
"9090","AIG1"
"9091","AL023581.1"
"9092","ADAT2"
"9093","PEX3"
"9094","FUCA2"
"9095","PHACTR2"
"9096","PHACTR2-AS1"
"9097","LTV1"
"9098","ZC2HC1B"
"9099","PLAGL1"
"9100","HYMAI"
"9101","SF3B5"
"9102","UTRN"
"9103","AL024474.2"
"9104","EPM2A"
"9105","AL023806.1"
"9106","AL356599.1"
"9107","AL023806.4"
"9108","FBXO30"
"9109","SHPRH"
"9110","GRM1"
"9111","RAB32"
"9112","ADGB"
"9113","STXBP5-AS1"
"9114","AL138916.1"
"9115","LUADT1"
"9116","STXBP5"
"9117","SAMD5"
"9118","AL033504.1"
"9119","AL365271.1"
"9120","AL445123.2"
"9121","AL445123.1"
"9122","AL359382.1"
"9123","AL513164.1"
"9124","SASH1"
"9125","UST"
"9126","UST-AS1"
"9127","AL357992.1"
"9128","TAB2"
"9129","SUMO4"
"9130","ZC3H12D"
"9131","PPIL4"
"9132","GINM1"
"9133","AL078581.4"
"9134","AL078581.2"
"9135","KATNA1"
"9136","LATS1"
"9137","AL358852.1"
"9138","NUP43"
"9139","PCMT1"
"9140","AL355312.2"
"9141","LRP11"
"9142","AL355312.3"
"9143","RAET1E"
"9144","RAET1G"
"9145","ULBP2"
"9146","ULBP1"
"9147","ULBP3"
"9148","PPP1R14C"
"9149","PLEKHG1"
"9150","AL450344.3"
"9151","AL450344.2"
"9152","MTHFD1L"
"9153","AL138733.1"
"9154","AKAP12"
"9155","ZBTB2"
"9156","RMND1"
"9157","ARMT1"
"9158","CCDC170"
"9159","ESR1"
"9160","SYNE1"
"9161","MYCT1"
"9162","VIP"
"9163","LINC02840"
"9164","FBXO5"
"9165","AL080276.2"
"9166","MTRF1L"
"9167","RGS17"
"9168","AL590867.1"
"9169","AL358134.1"
"9170","OPRM1"
"9171","IPCEF1"
"9172","CNKSR3"
"9173","AL357075.3"
"9174","AL357075.4"
"9175","SCAF8"
"9176","TIAM2"
"9177","AL596202.1"
"9178","TFB1M"
"9179","CLDN20"
"9180","AL031773.1"
"9181","NOX3"
"9182","AL589693.1"
"9183","AL512658.2"
"9184","AL355297.3"
"9185","ARID1B"
"9186","AL355297.4"
"9187","AL049820.1"
"9188","TMEM242"
"9189","AL117344.2"
"9190","ZDHHC14"
"9191","SNX9"
"9192","AL391863.2"
"9193","AL391863.1"
"9194","AL035634.1"
"9195","SYNJ2"
"9196","SERAC1"
"9197","GTF2H5"
"9198","TULP4"
"9199","AL360169.2"
"9200","AL360169.3"
"9201","AL360169.1"
"9202","TMEM181"
"9203","DYNLT1"
"9204","SYTL3"
"9205","EZR"
"9206","AL627422.2"
"9207","C6orf99"
"9208","RSPH3"
"9209","AL035530.2"
"9210","TAGAP"
"9211","AL356417.3"
"9212","AL356417.1"
"9213","AL356417.2"
"9214","FNDC1"
"9215","AL078604.4"
"9216","SOD2"
"9217","WTAP"
"9218","SOD2-OT1"
"9219","ACAT2"
"9220","TCP1"
"9221","MRPL18"
"9222","PNLDC1"
"9223","MAS1"
"9224","IGF2R"
"9225","AIRN"
"9226","SLC22A1"
"9227","SLC22A2"
"9228","SLC22A3"
"9229","LPA"
"9230","PLG"
"9231","AL109933.5"
"9232","AL391361.2"
"9233","AL139393.1"
"9234","AL139393.3"
"9235","MAP3K4"
"9236","AGPAT4"
"9237","PRKN"
"9238","AL138716.1"
"9239","PACRG"
"9240","AL590286.2"
"9241","PACRG-AS2"
"9242","AL137182.1"
"9243","PACRG-AS3"
"9244","PACRG-AS1"
"9245","CAHM"
"9246","QKI"
"9247","AL078602.1"
"9248","Z97205.2"
"9249","AL450345.2"
"9250","AL133538.1"
"9251","C6orf118"
"9252","PDE10A"
"9253","AL121956.6"
"9254","SFT2D1"
"9255","AL022069.3"
"9256","MPC1"
"9257","AL022069.1"
"9258","RPS6KA2"
"9259","RPS6KA2-IT1"
"9260","RAMACL"
"9261","AL023775.2"
"9262","RNASET2"
"9263","Z94721.1"
"9264","Z94721.3"
"9265","FGFR1OP"
"9266","CCR6"
"9267","TCP10L2"
"9268","AL353747.2"
"9269","UNC93A"
"9270","TTLL2"
"9271","TCP10"
"9272","AL356123.1"
"9273","LINC02538"
"9274","AL356123.2"
"9275","LINC02487"
"9276","LINC01558"
"9277","AL009178.3"
"9278","AFDN-DT"
"9279","AFDN"
"9280","KIF25"
"9281","DACT2"
"9282","SMOC2"
"9283","BX322234.1"
"9284","THBS2"
"9285","LINC02519"
"9286","AL009176.1"
"9287","AL135910.1"
"9288","WDR27"
"9289","C6orf120"
"9290","PHF10"
"9291","AL354892.2"
"9292","AL354892.1"
"9293","TCTE3"
"9294","ERMARD"
"9295","AL354892.3"
"9296","LINC00242"
"9297","LINC00574"
"9298","DLL1"
"9299","FAM120B"
"9300","AL078605.1"
"9301","AL008628.1"
"9302","PSMB1"
"9303","TBP"
"9304","PDCD2"
"9305","AL031259.1"
"9306","AL672310.1"
"9307","AC093627.5"
"9308","AC093627.4"
"9309","AC093627.3"
"9310","FAM20C"
"9311","AC188617.1"
"9312","PDGFA"
"9313","AC147651.1"
"9314","PRKAR1B"
"9315","AC147651.2"
"9316","DNAAF5"
"9317","SUN1"
"9318","GET4"
"9319","AC073957.3"
"9320","ADAP1"
"9321","COX19"
"9322","C7orf50"
"9323","AC073957.1"
"9324","GPR146"
"9325","AC091729.1"
"9326","GPER1"
"9327","ZFAND2A"
"9328","AC091729.3"
"9329","MICALL2"
"9330","AC102953.2"
"9331","INTS1"
"9332","MAFK"
"9333","TMEM184A"
"9334","PSMG3"
"9335","PSMG3-AS1"
"9336","ELFN1"
"9337","MAD1L1"
"9338","AC104129.1"
"9339","MRM2"
"9340","NUDT1"
"9341","SNX8"
"9342","EIF3B"
"9343","CHST12"
"9344","LFNG"
"9345","BRAT1"
"9346","IQCE"
"9347","TTYH3"
"9348","AMZ1"
"9349","GNA12"
"9350","CARD11"
"9351","AC024028.1"
"9352","AC073316.1"
"9353","AC073316.3"
"9354","SDK1"
"9355","AC011284.1"
"9356","AC017000.1"
"9357","AC072054.1"
"9358","FOXK1"
"9359","AC092428.1"
"9360","AP5Z1"
"9361","RADIL"
"9362","PAPOLB"
"9363","MMD2"
"9364","RBAK"
"9365","WIPI2"
"9366","SLC29A4"
"9367","TNRC18"
"9368","AC093620.1"
"9369","AC092171.1"
"9370","AC092171.4"
"9371","AC092171.3"
"9372","AC092171.5"
"9373","FBXL18"
"9374","AC092171.2"
"9375","ACTB"
"9376","FSCN1"
"9377","RNF216"
"9378","OCM"
"9379","CCZ1"
"9380","RSPH10B"
"9381","PMS2"
"9382","AIMP2"
"9383","EIF2AK1"
"9384","ANKRD61"
"9385","USP42"
"9386","CYTH3"
"9387","RAC1"
"9388","DAGLB"
"9389","KDELR2"
"9390","GRID2IP"
"9391","ZDHHC4"
"9392","AC079742.1"
"9393","C7orf26"
"9394","ZNF853"
"9395","ZNF316"
"9396","AC073343.2"
"9397","ZNF12"
"9398","RSPH10B2"
"9399","CCZ1B"
"9400","AC079804.3"
"9401","C1GALT1"
"9402","AC005532.1"
"9403","COL28A1"
"9404","AC004982.1"
"9405","AC004982.2"
"9406","MIOS"
"9407","AC004948.1"
"9408","RPA3"
"9409","UMAD1"
"9410","AC006042.2"
"9411","GLCCI1"
"9412","ICA1"
"9413","AC006042.1"
"9414","NXPH1"
"9415","AC004852.2"
"9416","AC060834.2"
"9417","AC010991.1"
"9418","AC004949.1"
"9419","NDUFA4"
"9420","PHF14"
"9421","AC004160.1"
"9422","THSD7A"
"9423","TMEM106B"
"9424","VWDE"
"9425","AC013470.2"
"9426","SCIN"
"9427","ARL4A"
"9428","AC011287.1"
"9429","AC011287.2"
"9430","ETV1"
"9431","DGKB"
"9432","AGMO"
"9433","MEOX2"
"9434","AC005550.2"
"9435","AC006041.2"
"9436","CRPPA"
"9437","CRPPA-AS1"
"9438","SOSTDC1"
"9439","LRRC72"
"9440","AC005014.2"
"9441","ANKMY2"
"9442","AC005014.4"
"9443","BZW2"
"9444","AC073333.1"
"9445","TSPAN13"
"9446","AGR2"
"9447","AGR3"
"9448","AHR"
"9449","AC073332.1"
"9450","AC019117.2"
"9451","AC019117.1"
"9452","SNX13"
"9453","HDAC9"
"9454","AC010082.1"
"9455","AC004994.1"
"9456","TWIST1"
"9457","AC007091.1"
"9458","TWISTNB"
"9459","TMEM196"
"9460","AC005062.1"
"9461","AC007001.1"
"9462","MACC1"
"9463","MACC1-AS1"
"9464","AC099342.1"
"9465","AC004130.2"
"9466","ITGB8"
"9467","ABCB5"
"9468","SP8"
"9469","LINC01162"
"9470","AC080068.1"
"9471","SP4"
"9472","DNAH11"
"9473","CDCA7L"
"9474","RAPGEF5"
"9475","STEAP1B"
"9476","AC002480.1"
"9477","AC002480.2"
"9478","TOMM7"
"9479","AC005682.2"
"9480","SNHG26"
"9481","FAM126A"
"9482","KLHL7-DT"
"9483","KLHL7"
"9484","NUP42"
"9485","AC005082.2"
"9486","GPNMB"
"9487","MALSU1"
"9488","IGF2BP3"
"9489","TRA2A"
"9490","CCDC126"
"9491","FAM221A"
"9492","STK31"
"9493","AC004485.1"
"9494","NPY"
"9495","AC003044.1"
"9496","MPP6"
"9497","GSDME"
"9498","AC003093.1"
"9499","OSBPL3"
"9500","CYCS"
"9501","C7orf31"
"9502","AC005100.1"
"9503","AC005100.2"
"9504","AC005165.1"
"9505","NFE2L3"
"9506","HNRNPA2B1"
"9507","CBX3"
"9508","AC010677.2"
"9509","SNX10"
"9510","AC004540.2"
"9511","AC004540.1"
"9512","KIAA0087"
"9513","SKAP2"
"9514","AC004009.1"
"9515","HIBADH"
"9516","AC007130.1"
"9517","AC005091.1"
"9518","TAX1BP1"
"9519","JAZF1"
"9520","JAZF1-AS1"
"9521","CREB5"
"9522","TRIL"
"9523","AC005013.1"
"9524","AC005162.3"
"9525","AC005162.2"
"9526","CPVL"
"9527","AC005162.1"
"9528","AC004593.3"
"9529","CHN2"
"9530","AC004593.2"
"9531","AC004593.1"
"9532","AC007255.1"
"9533","WIPF3"
"9534","SCRN1"
"9535","AC007285.1"
"9536","FKBP14"
"9537","PLEKHA8"
"9538","AC007285.2"
"9539","AC007036.5"
"9540","MTURN"
"9541","AC007036.2"
"9542","AC007036.1"
"9543","ZNRF2"
"9544","LINC01176"
"9545","NOD1"
"9546","GGCT"
"9547","GARS-DT"
"9548","AC005154.4"
"9549","GARS"
"9550","CRHR2"
"9551","INMT"
"9552","MINDY4"
"9553","AC004691.1"
"9554","GHRHR"
"9555","ADCYAP1R1"
"9556","AC006398.1"
"9557","NEUROD6"
"9558","AC005090.1"
"9559","ITPRID1"
"9560","PPP1R17"
"9561","PDE1C"
"9562","LSM5"
"9563","AVL9"
"9564","AC018645.3"
"9565","LINC00997"
"9566","AC018648.1"
"9567","KBTBD2"
"9568","FKBP9"
"9569","NT5C3A"
"9570","RP9"
"9571","BBS9"
"9572","AC008080.1"
"9573","AC008080.2"
"9574","AC008080.4"
"9575","AC008080.3"
"9576","BMPER"
"9577","AC009262.1"
"9578","NPSR1-AS1"
"9579","NPSR1"
"9580","DPY19L1"
"9581","AC005400.1"
"9582","TBX20"
"9583","AC007652.3"
"9584","AC018647.3"
"9585","HERPUD2"
"9586","AC018647.2"
"9587","AC018647.1"
"9588","SEPTIN7-AS1"
"9589","SEPTIN7"
"9590","AC083864.5"
"9591","AC083864.2"
"9592","EEPD1"
"9593","AC007327.2"
"9594","KIAA0895"
"9595","ANLN"
"9596","AC006960.2"
"9597","AOAH"
"9598","AC007349.1"
"9599","AC007349.3"
"9600","AC007349.2"
"9601","ELMO1"
"9602","ELMO1-AS1"
"9603","EPDR1"
"9604","SFRP4"
"9605","STARD3NL"
"9606","TRG-AS1"
"9607","AMPH"
"9608","VPS41"
"9609","POU6F2"
"9610","POU6F2-AS2"
"9611","AC011290.1"
"9612","YAE1"
"9613","AC004837.4"
"9614","RALA"
"9615","AC004837.2"
"9616","LINC00265"
"9617","AC072061.1"
"9618","CDK13"
"9619","MPLKIP"
"9620","SUGCT"
"9621","AC004988.1"
"9622","LINC01449"
"9623","INHBA"
"9624","INHBA-AS1"
"9625","GLI3"
"9626","AC010132.4"
"9627","C7orf25"
"9628","PSMA2"
"9629","MRPL32"
"9630","AC005537.1"
"9631","HECW1"
"9632","HECW1-IT1"
"9633","AC004692.2"
"9634","LUARIS"
"9635","STK17A"
"9636","COA1"
"9637","BLVRA"
"9638","MRPS24"
"9639","URGCP"
"9640","UBE2D4"
"9641","SPDYE1"
"9642","AC004951.1"
"9643","LINC00957"
"9644","DBNL"
"9645","PGAM2"
"9646","POLM"
"9647","AEBP1"
"9648","POLD2"
"9649","MYL7"
"9650","GCK"
"9651","YKT6"
"9652","CAMK2B"
"9653","NUDCD3"
"9654","DDX56"
"9655","TMED4"
"9656","AC004938.2"
"9657","OGDH"
"9658","ZMIZ2"
"9659","PPIA"
"9660","H2AFV"
"9661","LINC01952"
"9662","PURB"
"9663","AC004854.2"
"9664","MYO1G"
"9665","SNHG15"
"9666","CCM2"
"9667","NACAD"
"9668","TBRG4"
"9669","RAMP3"
"9670","AC073968.2"
"9671","AC073325.1"
"9672","ADCY1"
"9673","IGFBP3"
"9674","AC004870.4"
"9675","AC004870.2"
"9676","TNS3"
"9677","PKD1L1"
"9678","C7orf69"
"9679","HUS1"
"9680","UPP1"
"9681","ABCA13"
"9682","AC092448.1"
"9683","VWC2"
"9684","ZPBP"
"9685","IKZF1"
"9686","FIGNL1"
"9687","DDC"
"9688","DDC-AS1"
"9689","GRB10"
"9690","AC005153.1"
"9691","AC004830.2"
"9692","COBL"
"9693","AC005999.2"
"9694","LINC01446"
"9695","LINC01445"
"9696","VSTM2A"
"9697","VSTM2A-OT1"
"9698","AC011228.2"
"9699","SEC61G"
"9700","AC074351.1"
"9701","EGFR"
"9702","ELDR"
"9703","LANCL2"
"9704","VOPP1"
"9705","AC099681.1"
"9706","SEPTIN14"
"9707","ZNF713"
"9708","NIPSNAP2"
"9709","MRPS17"
"9710","PSPH"
"9711","CCT6A"
"9712","SUMF2"
"9713","PHKG1"
"9714","CHCHD2"
"9715","ZNF727"
"9716","ZNF736"
"9717","AC073270.2"
"9718","ZNF680"
"9719","AC016769.5"
"9720","ZNF107"
"9721","ZNF138"
"9722","AC073349.4"
"9723","ZNF273"
"9724","AC073210.3"
"9725","ZNF117"
"9726","ERV3-1"
"9727","AC104073.4"
"9728","ZNF92"
"9729","VKORC1L1"
"9730","GUSB"
"9731","ASL"
"9732","CRCP"
"9733","AC068533.3"
"9734","TPST1"
"9735","LINC00174"
"9736","AC008267.5"
"9737","KCTD7"
"9738","AC006001.2"
"9739","RABGEF1"
"9740","AC027644.3"
"9741","LINC02604"
"9742","TMEM248"
"9743","SBDS"
"9744","TYW1"
"9745","SPDYE21P"
"9746","AC006480.2"
"9747","AC005482.1"
"9748","AC006013.1"
"9749","AC093655.1"
"9750","AC069280.2"
"9751","AC092100.1"
"9752","AUTS2"
"9753","GALNT17"
"9754","CALN1"
"9755","TYW1B"
"9756","POM121"
"9757","AC211476.2"
"9758","AC211476.6"
"9759","TRIM74"
"9760","SPDYE17"
"9761","SPDYE9P"
"9762","NSUN5"
"9763","TRIM50"
"9764","FKBP6"
"9765","FZD9"
"9766","BAZ1B"
"9767","BCL7B"
"9768","TBL2"
"9769","MLXIPL"
"9770","AC005089.1"
"9771","VPS37D"
"9772","DNAJC30"
"9773","BUD23"
"9774","STX1A"
"9775","ABHD11"
"9776","CLDN4"
"9777","METTL27"
"9778","ELN"
"9779","LIMK1"
"9780","EIF4H"
"9781","LAT2"
"9782","RFC2"
"9783","AC005081.1"
"9784","CLIP2"
"9785","GTF2IRD1"
"9786","AC211433.2"
"9787","GTF2I"
"9788","AC211433.1"
"9789","NCF1"
"9790","GTF2IRD2"
"9791","CASTOR2"
"9792","RCC1L"
"9793","GTF2IRD2B"
"9794","AC211486.5"
"9795","AC211486.2"
"9796","TRIM73"
"9797","POM121C"
"9798","SPDYE5"
"9799","HIP1"
"9800","CCL26"
"9801","RHBDD2"
"9802","POR"
"9803","TMEM120A"
"9804","STYXL1"
"9805","MDH2"
"9806","SRRM3"
"9807","HSPB1"
"9808","YWHAG"
"9809","SSC4D"
"9810","ZP3"
"9811","DTX2"
"9812","AC005522.1"
"9813","UPK3B"
"9814","SPDYE16"
"9815","POMZP3"
"9816","AC006972.1"
"9817","AC114737.1"
"9818","CCDC146"
"9819","FGL2"
"9820","AC098851.1"
"9821","GSAP"
"9822","AC004921.2"
"9823","PTPN12"
"9824","APTR"
"9825","RSBN1L"
"9826","TMEM60"
"9827","PHTF2"
"9828","AC004990.1"
"9829","MAGI2"
"9830","AC006043.1"
"9831","AC006355.2"
"9832","AC074024.1"
"9833","MAGI2-AS3"
"9834","GNAI1"
"9835","AC003988.1"
"9836","AC004862.1"
"9837","CD36"
"9838","GNAT3"
"9839","SEMA3C"
"9840","HGF"
"9841","CACNA2D1"
"9842","AC006145.1"
"9843","PCLO"
"9844","AC079799.1"
"9845","SEMA3E"
"9846","SEMA3A"
"9847","SEMA3D"
"9848","LINC00972"
"9849","GRM3"
"9850","AC005009.1"
"9851","AC005009.2"
"9852","KIAA1324L"
"9853","AC004023.1"
"9854","AC005076.1"
"9855","DMTF1"
"9856","TMEM243"
"9857","TP53TG1"
"9858","CROT"
"9859","ABCB4"
"9860","ABCB1"
"9861","RUNDC3B"
"9862","SLC25A40"
"9863","DBF4"
"9864","ADAM22"
"9865","SRI"
"9866","AC003991.2"
"9867","AC003991.1"
"9868","STEAP4"
"9869","AC002069.2"
"9870","ZNF804B"
"9871","TEX47"
"9872","AC002383.1"
"9873","STEAP2-AS1"
"9874","AC004969.1"
"9875","STEAP2"
"9876","CFAP69"
"9877","AC002064.2"
"9878","AC002064.1"
"9879","GTPBP10"
"9880","CLDN12"
"9881","CDK14"
"9882","AC002456.1"
"9883","AC002458.1"
"9884","FZD1"
"9885","AC079760.2"
"9886","AC079760.1"
"9887","AC000058.1"
"9888","MTERF1"
"9889","AC003086.1"
"9890","AKAP9"
"9891","CYP51A1"
"9892","CYP51A1-AS1"
"9893","LRRD1"
"9894","KRIT1"
"9895","AC000120.1"
"9896","ANKIB1"
"9897","GATAD1"
"9898","AC007566.1"
"9899","ERVW-1"
"9900","PEX1"
"9901","RBM48"
"9902","FAM133B"
"9903","CDK6"
"9904","AC000065.2"
"9905","AC000065.1"
"9906","AC002454.1"
"9907","SAMD9"
"9908","SAMD9L"
"9909","HEPACAM2"
"9910","VPS50"
"9911","CALCR"
"9912","GNGT1"
"9913","GNG11"
"9914","BET1"
"9915","AC006378.1"
"9916","AC002074.1"
"9917","AC002074.2"
"9918","COL1A2"
"9919","CASD1"
"9920","SGCE"
"9921","PEG10"
"9922","PPP1R9A"
"9923","AC002429.2"
"9924","PON1"
"9925","PON3"
"9926","PON2"
"9927","ASB4"
"9928","AC002451.1"
"9929","PDK4"
"9930","DYNC1I1"
"9931","SLC25A13"
"9932","SEM1"
"9933","DLX6-AS1"
"9934","DLX6"
"9935","DLX5"
"9936","SDHAF3"
"9937","TAC1"
"9938","ASNS"
"9939","AC079781.5"
"9940","OCM2"
"9941","LMTK2"
"9942","TECPR1"
"9943","BRI3"
"9944","BAIAP2L1"
"9945","AC093799.1"
"9946","NPTX2"
"9947","TMEM130"
"9948","TRRAP"
"9949","AC004893.3"
"9950","SMURF1"
"9951","KPNA7"
"9952","AC004834.1"
"9953","ARPC1A"
"9954","ARPC1B"
"9955","PDAP1"
"9956","BUD31"
"9957","PTCD1"
"9958","CPSF4"
"9959","ATP5MF"
"9960","ZNF789"
"9961","ZNF394"
"9962","ZKSCAN5"
"9963","FAM200A"
"9964","ZNF655"
"9965","TMEM225B"
"9966","ZSCAN25"
"9967","CYP3A5"
"9968","CYP3A7"
"9969","CYP3A4"
"9970","AC069294.1"
"9971","CYP3A43"
"9972","TRIM4"
"9973","AC004522.3"
"9974","AC004522.5"
"9975","ZKSCAN1"
"9976","ZSCAN21"
"9977","ZNF3"
"9978","COPS6"
"9979","MCM7"
"9980","AP4M1"
"9981","TAF6"
"9982","AC073842.2"
"9983","CNPY4"
"9984","MBLAC1"
"9985","AC073842.1"
"9986","LAMTOR4"
"9987","MAP11"
"9988","GAL3ST4"
"9989","GPC2"
"9990","STAG3"
"9991","CASTOR3"
"9992","PVRIG"
"9993","SPDYE3"
"9994","PILRB"
"9995","PILRA"
"9996","AC005071.1"
"9997","ZCWPW1"
"9998","MEPCE"
"9999","PPP1R35"
"10000","AC092849.1"
"10001","C7orf61"
"10002","TSC22D4"
"10003","NYAP1"
"10004","AC069281.1"
"10005","AGFG2"
"10006","SAP25"
"10007","LRCH4"
"10008","FBXO24"
"10009","PCOLCE-AS1"
"10010","PCOLCE"
"10011","MOSPD3"
"10012","TFR2"
"10013","ACTL6B"
"10014","GNB2"
"10015","GIGYF1"
"10016","POP7"
"10017","ZAN"
"10018","EPHB4"
"10019","SLC12A9"
"10020","SLC12A9-AS1"
"10021","TRIP6"
"10022","SRRT"
"10023","UFSP1"
"10024","ACHE"
"10025","MUC12"
"10026","AC105446.1"
"10027","TRIM56"
"10028","SERPINE1"
"10029","AP1S1"
"10030","VGF"
"10031","NAT16"
"10032","PLOD3"
"10033","ZNHIT1"
"10034","CLDN15"
"10035","FIS1"
"10036","AC006329.1"
"10037","IFT22"
"10038","COL26A1"
"10039","CUX1"
"10040","AC005096.1"
"10041","AC005072.1"
"10042","SH2B2"
"10043","SPDYE6"
"10044","PRKRIP1"
"10045","AC073517.1"
"10046","ORAI2"
"10047","ALKBH4"
"10048","LRWD1"
"10049","POLR2J"
"10050","RASA4B"
"10051","UPK3BL2"
"10052","SPDYE2"
"10053","POLR2J3"
"10054","RASA4"
"10055","AC105052.4"
"10056","UPK3BL1"
"10057","SPDYE2B"
"10058","POLR2J2"
"10059","AC105052.5"
"10060","FAM185A"
"10061","FBXL13"
"10062","LRRC17"
"10063","NFE4"
"10064","ARMC10"
"10065","NAPEPLD"
"10066","PMPCB"
"10067","DNAJC2"
"10068","PSMC2"
"10069","SLC26A5"
"10070","AC005064.1"
"10071","RELN"
"10072","ORC5"
"10073","LHFPL3"
"10074","LHFPL3-AS1"
"10075","LHFPL3-AS2"
"10076","AC007384.1"
"10077","LINC01004"
"10078","KMT2E-AS1"
"10079","KMT2E"
"10080","AC005070.3"
"10081","SRPK2"
"10082","AC004884.2"
"10083","PUS7"
"10084","RINT1"
"10085","EFCAB10"
"10086","AC073073.2"
"10087","ATXN7L1"
"10088","CDHR3"
"10089","SYPL1"
"10090","NAMPT"
"10091","AC007032.1"
"10092","AC004917.1"
"10093","AC005050.3"
"10094","CCDC71L"
"10095","PIK3CG"
"10096","PRKAR2B"
"10097","AC006387.1"
"10098","HBP1"
"10099","AC004492.1"
"10100","COG5"
"10101","GPR22"
"10102","DUS4L"
"10103","AC004839.2"
"10104","BCAP29"
"10105","SLC26A4-AS1"
"10106","SLC26A4"
"10107","AC002467.1"
"10108","CBLL1"
"10109","SLC26A3"
"10110","DLD"
"10111","LAMB1"
"10112","AC005046.1"
"10113","LAMB4"
"10114","NRCAM"
"10115","PNPLA8"
"10116","THAP5"
"10117","DNAJB9"
"10118","AC005487.1"
"10119","AC073071.1"
"10120","AC073114.1"
"10121","IMMP2L"
"10122","LRRN3"
"10123","DOCK4"
"10124","AC003077.1"
"10125","DOCK4-AS1"
"10126","ZNF277"
"10127","AC004112.1"
"10128","IFRD1"
"10129","LSMEM1"
"10130","AC002463.1"
"10131","TMEM168"
"10132","BMT2"
"10133","GPR85"
"10134","AC073346.1"
"10135","SMIM30"
"10136","PPP1R3A"
"10137","FOXP2"
"10138","AC073626.1"
"10139","MDFIC"
"10140","LINC01392"
"10141","TFEC"
"10142","TES"
"10143","AC073130.2"
"10144","AC002066.1"
"10145","CAV2"
"10146","CAV1"
"10147","AC006159.1"
"10148","MET"
"10149","CAPZA2"
"10150","ST7-AS1"
"10151","ST7"
"10152","ST7-OT4"
"10153","AC106873.1"
"10154","ST7-AS2"
"10155","AC002542.6"
"10156","WNT2"
"10157","CFTR"
"10158","CTTNBP2"
"10159","AC003084.1"
"10160","LSM8"
"10161","ANKRD7"
"10162","LINC02476"
"10163","AC004946.1"
"10164","KCND2"
"10165","TSPAN12"
"10166","ING3"
"10167","CPED1"
"10168","AC006364.1"
"10169","WNT16"
"10170","FAM3C"
"10171","AC004875.1"
"10172","PTPRZ1"
"10173","AASS"
"10174","AC015983.2"
"10175","CADPS2"
"10176","AC004594.1"
"10177","IQUB"
"10178","NDUFA5"
"10179","ASB15"
"10180","AC006333.1"
"10181","LMOD2"
"10182","WASL"
"10183","AC006333.2"
"10184","AC004690.2"
"10185","AC006148.1"
"10186","AC004930.1"
"10187","GPR37"
"10188","POT1"
"10189","POT1-AS1"
"10190","LINC02830"
"10191","AC019155.2"
"10192","GRM8"
"10193","AC002057.2"
"10194","AC000099.1"
"10195","ZNF800"
"10196","GCC1"
"10197","ARF5"
"10198","FSCN3"
"10199","AC073934.1"
"10200","SND1"
"10201","SND1-IT1"
"10202","LRRC4"
"10203","LEP"
"10204","RBM28"
"10205","PRRT4"
"10206","IMPDH1"
"10207","HILPDA"
"10208","METTL2B"
"10209","AC090114.2"
"10210","AC018638.7"
"10211","FAM71F2"
"10212","AC018638.6"
"10213","FAM71F1"
"10214","CALU"
"10215","OPN1SW"
"10216","CCDC136"
"10217","FLNC"
"10218","FLNC-AS1"
"10219","KCP"
"10220","ATP6V1F"
"10221","ATP6V1FNB"
"10222","TNPO3"
"10223","TSPAN33"
"10224","SMO"
"10225","AHCYL2"
"10226","AC009244.2"
"10227","STRIP2"
"10228","SMKR1"
"10229","AC078846.1"
"10230","NRF1"
"10231","UBE2H"
"10232","AC073320.1"
"10233","ZC3HC1"
"10234","KLHDC10"
"10235","AC087071.1"
"10236","TMEM209"
"10237","AC087071.2"
"10238","SSMEM1"
"10239","CPA2"
"10240","CPA4"
"10241","CPA5"
"10242","CEP41"
"10243","MESTIT1"
"10244","MEST"
"10245","AC007938.2"
"10246","COPG2"
"10247","AC007938.3"
"10248","AUXG01000058.1"
"10249","TSGA13"
"10250","AC234644.2"
"10251","AC016831.7"
"10252","LINC00513"
"10253","AC016831.1"
"10254","AC016831.5"
"10255","AC058791.1"
"10256","LINC-PINT"
"10257","MKLN1"
"10258","MKLN1-AS"
"10259","AC008264.2"
"10260","PODXL"
"10261","PLXNA4"
"10262","AC018643.1"
"10263","AC011625.1"
"10264","AC009365.1"
"10265","CHCHD3"
"10266","AC009365.4"
"10267","EXOC4"
"10268","LRGUK"
"10269","AC008154.2"
"10270","SLC35B4"
"10271","AC009275.1"
"10272","AKR1B1"
"10273","AKR1B15"
"10274","BPGM"
"10275","CALD1"
"10276","AC083870.1"
"10277","AGBL3"
"10278","CYREN"
"10279","TMEM140"
"10280","AC083862.3"
"10281","WDR91"
"10282","AC009542.1"
"10283","STRA8"
"10284","CNOT4"
"10285","NUP205"
"10286","STMP1"
"10287","SLC13A4"
"10288","AC091736.1"
"10289","FAM180A"
"10290","AC015987.1"
"10291","MTPN"
"10292","AC078845.1"
"10293","AC009264.1"
"10294","CHRM2"
"10295","PTN"
"10296","AC078842.2"
"10297","AC078842.1"
"10298","DGKI"
"10299","CREB3L2"
"10300","AKR1D1"
"10301","TRIM24"
"10302","SVOPL"
"10303","ATP6V0A4"
"10304","TMEM213"
"10305","KIAA1549"
"10306","ZC3HAV1L"
"10307","ZC3HAV1"
"10308","TTC26"
"10309","UBN2"
"10310","FMC1"
"10311","LUC7L2"
"10312","AC083880.1"
"10313","KLRG2"
"10314","CLEC2L"
"10315","HIPK2"
"10316","TBXAS1"
"10317","PARP12"
"10318","KDM7A"
"10319","KDM7A-DT"
"10320","SLC37A3"
"10321","RAB19"
"10322","MKRN1"
"10323","DENND2A"
"10324","AC006452.1"
"10325","ADCK2"
"10326","NDUFB2"
"10327","NDUFB2-AS1"
"10328","BRAF"
"10329","MRPS33"
"10330","TMEM178B"
"10331","AC005692.3"
"10332","AC005692.1"
"10333","AC005692.2"
"10334","AC073878.1"
"10335","AGK"
"10336","AC004918.1"
"10337","DENND11"
"10338","AC004918.4"
"10339","WEE2-AS1"
"10340","WEE2"
"10341","SSBP1"
"10342","TAS2R3"
"10343","TAS2R4"
"10344","TAS2R5"
"10345","PRSS37"
"10346","MGAM"
"10347","OR9A4"
"10348","CLEC5A"
"10349","MGAM2"
"10350","EPHB6"
"10351","TRPV6"
"10352","TRPV5"
"10353","KEL"
"10354","PIP"
"10355","AC073342.2"
"10356","TAS2R40"
"10357","GSTK1"
"10358","AC073342.1"
"10359","TMEM139"
"10360","CASP2"
"10361","CLCN1"
"10362","FAM131B"
"10363","AC093673.2"
"10364","AC093673.1"
"10365","ZYX"
"10366","EPHA1"
"10367","EPHA1-AS1"
"10368","TCAF2"
"10369","TCAF1"
"10370","ARHGEF35"
"10371","AC004889.1"
"10372","OR2A42"
"10373","OR2A7"
"10374","OR2A1-AS1"
"10375","ARHGEF5"
"10376","TPK1"
"10377","CNTNAP2"
"10378","AC006004.1"
"10379","AC005518.1"
"10380","AC006974.1"
"10381","AC006974.2"
"10382","AC005229.5"
"10383","C7orf33"
"10384","AC005229.4"
"10385","CUL1"
"10386","EZH2"
"10387","GHET1"
"10388","PDIA4"
"10389","ZNF786"
"10390","ZNF425"
"10391","ZNF398"
"10392","ZNF282"
"10393","ZNF212"
"10394","ZNF783"
"10395","AC073314.1"
"10396","ZNF777"
"10397","ZNF746"
"10398","KRBA1"
"10399","ZNF467"
"10400","SSPO"
"10401","ZNF862"
"10402","AC004877.1"
"10403","ATP6V0E2-AS1"
"10404","ATP6V0E2"
"10405","AC092681.3"
"10406","AC092681.2"
"10407","AC092666.1"
"10408","ACTR3C"
"10409","ZBED6CL"
"10410","LRRC61"
"10411","RARRES2"
"10412","AC005586.1"
"10413","REPIN1"
"10414","ZNF775"
"10415","AC073111.1"
"10416","AC073111.4"
"10417","GIMAP4"
"10418","AOC1"
"10419","KCNH2"
"10420","NOS3"
"10421","ATG9B"
"10422","ABCB8"
"10423","AC010973.1"
"10424","ASIC3"
"10425","CDK5"
"10426","SLC4A2"
"10427","FASTK"
"10428","TMUB1"
"10429","AGAP3"
"10430","GBX1"
"10431","ABCF2"
"10432","CHPF2"
"10433","SMARCD3"
"10434","AC021097.1"
"10435","AC005486.1"
"10436","NUB1"
"10437","WDR86"
"10438","WDR86-AS1"
"10439","RHEB"
"10440","PRKAG2"
"10441","AC093583.1"
"10442","PRKAG2-AS1"
"10443","GALNTL5"
"10444","GALNT11"
"10445","AC006017.1"
"10446","KMT2C"
"10447","LINC01003"
"10448","XRCC2"
"10449","ACTR3B"
"10450","AC006348.1"
"10451","LINC01287"
"10452","DPP6"
"10453","AC006019.3"
"10454","AC006019.1"
"10455","AC006019.2"
"10456","AC024730.1"
"10457","AC073336.1"
"10458","PAXIP1-AS2"
"10459","PAXIP1"
"10460","PAXIP1-AS1"
"10461","HTR5A-AS1"
"10462","HTR5A"
"10463","AC144652.1"
"10464","INSIG1"
"10465","AC009403.2"
"10466","AC009403.1"
"10467","RBM33"
"10468","SHH"
"10469","LINC01006"
"10470","RNF32"
"10471","AC005534.1"
"10472","LMBR1"
"10473","NOM1"
"10474","MNX1"
"10475","UBE3C"
"10476","DNAJB6"
"10477","AC006372.3"
"10478","AC006372.2"
"10479","PTPRN2"
"10480","AC005481.1"
"10481","AC006003.1"
"10482","AC011899.2"
"10483","AC011899.3"
"10484","AC011899.4"
"10485","AC011899.1"
"10486","AC078942.1"
"10487","NCAPG2"
"10488","ESYT2"
"10489","WDR60"
"10490","VIPR2"
"10491","ZNF596"
"10492","AC004908.2"
"10493","AC004908.3"
"10494","FBXO25"
"10495","AC083964.1"
"10496","TDRP"
"10497","ERICH1"
"10498","DLGAP2"
"10499","AC100797.5"
"10500","AF067845.2"
"10501","DLGAP2-AS1"
"10502","CLN8"
"10503","AC100810.1"
"10504","ARHGEF10"
"10505","AC019257.9"
"10506","AC019257.1"
"10507","KBTBD11-OT1"
"10508","KBTBD11"
"10509","MYOM2"
"10510","AC245164.2"
"10511","AC245519.1"
"10512","AC245187.2"
"10513","AC245187.1"
"10514","AC245123.1"
"10515","AC246817.2"
"10516","AC246817.1"
"10517","CSMD1"
"10518","AC026991.2"
"10519","AC027251.1"
"10520","AC010941.1"
"10521","AC022068.1"
"10522","AC009435.1"
"10523","AC016065.1"
"10524","MCPH1"
"10525","ANGPT2"
"10526","AC018398.1"
"10527","AF287957.1"
"10528","MCPH1-AS1"
"10529","AGPAT5"
"10530","XKR5"
"10531","AF233439.1"
"10532","FAM66B"
"10533","FAM66E"
"10534","FAM85B"
"10535","PRAG1"
"10536","AC103957.1"
"10537","AC087269.3"
"10538","AC087269.1"
"10539","MFHAS1"
"10540","ERI1"
"10541","PPP1R3B"
"10542","AC022784.5"
"10543","AC022784.1"
"10544","AC021242.2"
"10545","AC021242.3"
"10546","TNKS"
"10547","LINC00599"
"10548","AC034111.2"
"10549","AC034111.1"
"10550","MSRA"
"10551","AC023385.1"
"10552","AC079200.1"
"10553","AC104964.3"
"10554","AC104964.1"
"10555","AC104964.2"
"10556","PRSS51"
"10557","AC104964.4"
"10558","PRSS55"
"10559","RP1L1"
"10560","SOX7"
"10561","AC105001.1"
"10562","PINX1"
"10563","XKR6"
"10564","AF131215.3"
"10565","AF131215.6"
"10566","AF131215.5"
"10567","AF131215.4"
"10568","AF131215.2"
"10569","AF131216.4"
"10570","MTMR9"
"10571","AF131216.1"
"10572","SLC35G5"
"10573","FAM167A-AS1"
"10574","FAM167A"
"10575","BLK"
"10576","GATA4"
"10577","NEIL2"
"10578","FDFT1"
"10579","AC069185.1"
"10580","CTSB"
"10581","FAM66D"
"10582","USP17L7"
"10583","USP17L2"
"10584","FAM86B1"
"10585","AC145124.1"
"10586","FAM66A"
"10587","AC087203.3"
"10588","FAM86B2"
"10589","AC068587.4"
"10590","LONRF1"
"10591","AC123777.1"
"10592","LINC00681"
"10593","TRMT9B"
"10594","DLC1"
"10595","AC106845.1"
"10596","C8orf48"
"10597","SGCZ"
"10598","AC022039.1"
"10599","TUSC3"
"10600","AC018437.3"
"10601","MSR1"
"10602","AC011586.2"
"10603","MICU3"
"10604","AC079193.2"
"10605","ZDHHC2"
"10606","CNOT7"
"10607","VPS37A"
"10608","MTMR7"
"10609","SLC7A2"
"10610","PDGFRL"
"10611","AP006248.6"
"10612","MTUS1"
"10613","AC124069.1"
"10614","AC027117.2"
"10615","PCM1"
"10616","ASAH1"
"10617","AC124242.1"
"10618","AC124242.3"
"10619","NAT1"
"10620","NAT2"
"10621","PSD3"
"10622","AC100800.1"
"10623","AC009884.1"
"10624","AC100849.1"
"10625","AC100849.2"
"10626","SH2D4A"
"10627","CSGALNACT1"
"10628","AC090541.1"
"10629","INTS10"
"10630","LPL"
"10631","SLC18A1"
"10632","ATP6V1B2"
"10633","LZTS1"
"10634","LZTS1-AS1"
"10635","AC023403.1"
"10636","AC018541.1"
"10637","AC021613.1"
"10638","GFRA2"
"10639","XPO7"
"10640","NPM2"
"10641","FGF17"
"10642","DMTN"
"10643","FAM160B2"
"10644","NUDT18"
"10645","REEP4"
"10646","BMP1"
"10647","AC105206.3"
"10648","PHYHIP"
"10649","POLR3D"
"10650","AC105206.2"
"10651","PIWIL2"
"10652","SLC39A14"
"10653","PPP3CC"
"10654","AC087854.1"
"10655","SORBS3"
"10656","PDLIM2"
"10657","C8orf58"
"10658","CCAR2"
"10659","AC037459.2"
"10660","BIN3"
"10661","AC055854.1"
"10662","PEBP4"
"10663","AC107959.1"
"10664","RHOBTB2"
"10665","TNFRSF10B"
"10666","AC107959.2"
"10667","TNFRSF10D"
"10668","TNFRSF10A"
"10669","CHMP7"
"10670","R3HCC1"
"10671","LOXL2"
"10672","AC090197.1"
"10673","ENTPD4"
"10674","AC104561.1"
"10675","AC104561.4"
"10676","SLC25A37"
"10677","AC012574.1"
"10678","STC1"
"10679","AC023202.1"
"10680","ADAM28"
"10681","AC120193.1"
"10682","ADAM7"
"10683","AF106564.1"
"10684","NEFM"
"10685","NEFL"
"10686","DOCK5"
"10687","GNRH1"
"10688","KCTD9"
"10689","CDCA2"
"10690","AC009623.1"
"10691","EBF2"
"10692","PPP2R2A"
"10693","BNIP3L"
"10694","PNMA2"
"10695","DPYSL2"
"10696","ADRA1A"
"10697","AC090150.1"
"10698","STMN4"
"10699","TRIM35"
"10700","PTK2B"
"10701","EPHX2"
"10702","CLU"
"10703","SCARA3"
"10704","AC013643.2"
"10705","CCDC25"
"10706","ESCO2"
"10707","PBK"
"10708","SCARA5"
"10709","NUGGC"
"10710","ELP3"
"10711","AC021678.2"
"10712","PNOC"
"10713","ZNF395"
"10714","FBXO16"
"10715","AC025871.2"
"10716","AC025871.1"
"10717","FZD3"
"10718","EXTL3"
"10719","EXTL3-AS1"
"10720","INTS9"
"10721","INTS9-AS1"
"10722","HMBOX1"
"10723","AC108449.2"
"10724","KIF13B"
"10725","AC108449.1"
"10726","DUSP4"
"10727","AC084262.2"
"10728","AC084262.1"
"10729","LINC02099"
"10730","AC131254.1"
"10731","AC131254.2"
"10732","LINC02209"
"10733","SARAF"
"10734","AC044849.1"
"10735","LEPROTL1"
"10736","MBOAT4"
"10737","AC026979.2"
"10738","DCTN6"
"10739","AC026979.1"
"10740","AC026979.4"
"10741","AC026979.3"
"10742","RBPMS"
"10743","GTF2E2"
"10744","SMIM18"
"10745","GSR"
"10746","UBXN8"
"10747","PPP2CB"
"10748","TEX15"
"10749","PURG"
"10750","WRN"
"10751","AC009563.1"
"10752","AC068672.2"
"10753","NRG1"
"10754","AC068931.1"
"10755","NRG1-IT1"
"10756","NRG1-IT3"
"10757","AC090204.1"
"10758","AC067838.1"
"10759","FUT10"
"10760","TTI2"
"10761","MAK16"
"10762","RNF122"
"10763","DUSP26"
"10764","AF279873.3"
"10765","AC087855.2"
"10766","AC090993.1"
"10767","AC087855.1"
"10768","LINC01288"
"10769","UNC5D"
"10770","AC105230.1"
"10771","AC124290.1"
"10772","AC090809.1"
"10773","KCNU1"
"10774","AC091182.1"
"10775","LINC01605"
"10776","AC137579.2"
"10777","AC137579.1"
"10778","ZNF703"
"10779","AC138356.3"
"10780","AC138356.1"
"10781","ERLIN2"
"10782","PLPBP"
"10783","ADGRA2"
"10784","BRF2"
"10785","RAB11FIP1"
"10786","EIF4EBP1"
"10787","AP006545.1"
"10788","AP006545.3"
"10789","AP006545.2"
"10790","ASH2L"
"10791","STAR"
"10792","AC084024.3"
"10793","LSM1"
"10794","BAG4"
"10795","AC084024.4"
"10796","DDHD2"
"10797","PLPP5"
"10798","NSD3"
"10799","AC087362.2"
"10800","AC087362.1"
"10801","AC087623.2"
"10802","LETM2"
"10803","FGFR1"
"10804","AC087623.3"
"10805","AC087623.1"
"10806","C8orf86"
"10807","AC069120.1"
"10808","AC016813.1"
"10809","TACC1"
"10810","AC067817.2"
"10811","PLEKHA2"
"10812","AC108863.2"
"10813","HTRA4"
"10814","TM2D2"
"10815","ADAM9"
"10816","ADAM32"
"10817","ADAM18"
"10818","IDO1"
"10819","AC007991.3"
"10820","IDO2"
"10821","TCIM"
"10822","SIRLNT"
"10823","AC105999.1"
"10824","ZMAT4"
"10825","SFRP1"
"10826","AC104393.1"
"10827","GOLGA7"
"10828","AC009630.1"
"10829","GINS4"
"10830","AC009630.2"
"10831","GPAT4"
"10832","AC009630.3"
"10833","ANK1"
"10834","KAT6A"
"10835","AP3M2"
"10836","PLAT"
"10837","AC083973.1"
"10838","IKBKB"
"10839","POLB"
"10840","VDAC3"
"10841","SLC20A2"
"10842","AC090739.1"
"10843","SMIM19"
"10844","CHRNB3"
"10845","CHRNA6"
"10846","THAP1"
"10847","AC087533.1"
"10848","RNF170"
"10849","HOOK3"
"10850","FNTA"
"10851","POMK"
"10852","HGSNAT"
"10853","AC120036.4"
"10854","SPIDR"
"10855","AC024451.4"
"10856","CEBPD"
"10857","PRKDC"
"10858","AC021236.1"
"10859","MCM4"
"10860","UBE2V2"
"10861","AC026904.2"
"10862","AC022915.2"
"10863","LINC02847"
"10864","EFCAB1"
"10865","AC100805.1"
"10866","SNAI2"
"10867","PPDPFL"
"10868","AC044893.1"
"10869","AC113145.1"
"10870","SNTG1"
"10871","AC012413.1"
"10872","PXDNL"
"10873","AC090186.1"
"10874","PCMTD1"
"10875","AC103769.1"
"10876","AC064807.1"
"10877","AC064807.4"
"10878","AC064807.2"
"10879","AC064807.3"
"10880","ST18"
"10881","AC021915.2"
"10882","AC021915.1"
"10883","ALKAL1"
"10884","RB1CC1"
"10885","AC113139.1"
"10886","AC009646.2"
"10887","OPRK1"
"10888","AC022034.3"
"10889","AC022034.1"
"10890","ATP6V1H"
"10891","RGS20"
"10892","TCEA1"
"10893","AC100821.2"
"10894","LYPLA1"
"10895","MRPL15"
"10896","AC027250.2"
"10897","RP1"
"10898","XKR4"
"10899","AC022679.2"
"10900","AC090200.1"
"10901","TMEM68"
"10902","TGS1"
"10903","LYN"
"10904","RPS20"
"10905","PLAG1"
"10906","CHCHD7"
"10907","AC107952.2"
"10908","SDR16C5"
"10909","PENK"
"10910","AC012349.1"
"10911","LINC00968"
"10912","IMPAD1"
"10913","LINC01606"
"10914","AC068075.2"
"10915","AC090796.1"
"10916","AC104051.1"
"10917","AC104051.2"
"10918","LINC01602"
"10919","AC012103.1"
"10920","FAM110B"
"10921","AC104350.1"
"10922","AC027698.1"
"10923","AC092819.3"
"10924","AC092819.1"
"10925","UBXN2B"
"10926","SDCBP"
"10927","NSMAF"
"10928","TOX"
"10929","AC105150.1"
"10930","AC090152.1"
"10931","AC087664.1"
"10932","AC087664.2"
"10933","AC021393.1"
"10934","CA8"
"10935","LINC01301"
"10936","RAB2A"
"10937","AC068389.3"
"10938","AC068389.1"
"10939","CHD7"
"10940","AC113143.1"
"10941","AC113143.3"
"10942","AC022182.1"
"10943","AC022182.2"
"10944","CLVS1"
"10945","AC023866.2"
"10946","AC023866.1"
"10947","ASPH"
"10948","LINC02842"
"10949","AC023095.1"
"10950","NKAIN3"
"10951","AC018861.2"
"10952","AC090577.1"
"10953","NKAIN3-IT1"
"10954","AC120042.1"
"10955","GGH"
"10956","AC120042.2"
"10957","TTPA"
"10958","YTHDF3-AS1"
"10959","YTHDF3"
"10960","AC011978.2"
"10961","AC011124.1"
"10962","AC011124.2"
"10963","AC018953.1"
"10964","AC018953.2"
"10965","LINC01414"
"10966","AC069133.1"
"10967","LINC01289"
"10968","MIR124-2HG"
"10969","AC012535.1"
"10970","AC090136.3"
"10971","BHLHE22"
"10972","CYP7B1"
"10973","AC104232.2"
"10974","AC104232.3"
"10975","AC104232.1"
"10976","LINC00251"
"10977","LINC01299"
"10978","AC100814.1"
"10979","ARMC1"
"10980","MTFR1"
"10981","AC055822.1"
"10982","PDE7A"
"10983","AC100812.1"
"10984","DNAJC5B"
"10985","AC084082.1"
"10986","TRIM55"
"10987","CRH"
"10988","AC009879.4"
"10989","RRS1-AS1"
"10990","RRS1"
"10991","ADHFE1"
"10992","VXN"
"10993","MYBL1"
"10994","VCPIP1"
"10995","SGK3"
"10996","MCMDC2"
"10997","SNHG6"
"10998","TCF24"
"10999","PPP1R42"
"11000","COPS5"
"11001","CSPP1"
"11002","ARFGEF1"
"11003","AC021321.2"
"11004","AC021321.1"
"11005","CPA6"
"11006","AC022874.1"
"11007","PREX2"
"11008","AC011853.2"
"11009","C8orf34-AS1"
"11010","C8orf34"
"11011","AC083967.1"
"11012","LINC01592"
"11013","SULF1"
"11014","SLCO5A1"
"11015","AC091047.1"
"11016","AC079089.1"
"11017","NCOA2"
"11018","AC022730.3"
"11019","AC022730.4"
"11020","AC120194.1"
"11021","TRAM1"
"11022","LACTB2-AS1"
"11023","LACTB2"
"11024","XKR9"
"11025","AC022858.1"
"11026","EYA1"
"11027","MSC-AS1"
"11028","TRPA1"
"11029","KCNB2"
"11030","AC013562.1"
"11031","AC022893.2"
"11032","TERF1"
"11033","AC022893.1"
"11034","SBSPON"
"11035","C8orf89"
"11036","RPL7"
"11037","RDH10"
"11038","RDH10-AS1"
"11039","STAU2-AS1"
"11040","STAU2"
"11041","AC027018.1"
"11042","UBE2W"
"11043","ELOC"
"11044","TMEM70"
"11045","LY96"
"11046","AC087672.2"
"11047","AC087627.1"
"11048","JPH1"
"11049","GDAP1"
"11050","AC103952.1"
"11051","MIR2052HG"
"11052","AC115837.2"
"11053","AC011632.1"
"11054","PI15"
"11055","CRISPLD1"
"11056","HNF4G"
"11057","AC011029.1"
"11058","AC067773.1"
"11059","LINC01111"
"11060","ZFHX4-AS1"
"11061","ZFHX4"
"11062","PEX2"
"11063","AC062004.1"
"11064","PKIA-AS1"
"11065","PKIA"
"11066","AC068700.1"
"11067","AC068700.2"
"11068","ZC2HC1A"
"11069","IL7"
"11070","AC083837.1"
"11071","LINC02605"
"11072","AC138646.1"
"11073","STMN2"
"11074","HEY1"
"11075","LINC01607"
"11076","AC036214.1"
"11077","AC036214.4"
"11078","MRPS28"
"11079","AC036214.2"
"11080","TPD52"
"11081","AC009686.1"
"11082","AC034114.2"
"11083","AC009812.1"
"11084","ZBTB10"
"11085","AC009812.3"
"11086","AC009812.4"
"11087","ZNF704"
"11088","AC012533.1"
"11089","PAG1"
"11090","AC022778.1"
"11091","AC079209.2"
"11092","AC079209.1"
"11093","AC009902.3"
"11094","AC009902.2"
"11095","FABP5"
"11096","AC018616.1"
"11097","PMP2"
"11098","AC023644.1"
"11099","IMPA1"
"11100","SLC10A5"
"11101","ZFAND1"
"11102","AC132219.1"
"11103","SNX16"
"11104","LINC02235"
"11105","AC060765.2"
"11106","LINC02839"
"11107","AC060765.1"
"11108","AC105031.2"
"11109","AC015522.1"
"11110","RALYL"
"11111","LRRCC1"
"11112","AC011773.4"
"11113","E2F5"
"11114","RBIS"
"11115","CA13"
"11116","AC011773.3"
"11117","CA1"
"11118","CA3"
"11119","CA3-AS1"
"11120","CA2"
"11121","AC084734.1"
"11122","AC100801.1"
"11123","ATP6V0D2"
"11124","PSKH2"
"11125","SLC7A13"
"11126","WWP1"
"11127","RMDN1"
"11128","CPNE3"
"11129","CNGB3"
"11130","AC090572.3"
"11131","AC090572.2"
"11132","CNBD1"
"11133","AF121898.1"
"11134","AC037450.1"
"11135","MMP16"
"11136","AC090578.1"
"11137","AC090578.3"
"11138","AF117829.1"
"11139","RIPK2"
"11140","OSGIN2"
"11141","NBN"
"11142","DECR1"
"11143","CALB1"
"11144","AC004083.1"
"11145","LINC00534"
"11146","TMEM64"
"11147","AC106038.1"
"11148","NECAB1"
"11149","AC103770.1"
"11150","C8orf88"
"11151","PIP4P2"
"11152","AC087439.1"
"11153","OTUD6B-AS1"
"11154","OTUD6B"
"11155","LRRC69"
"11156","SLC26A7"
"11157","AC103409.1"
"11158","RUNX1T1"
"11159","AF181450.1"
"11160","AC091096.1"
"11161","AC104211.2"
"11162","AC104211.4"
"11163","AC104211.1"
"11164","AC117834.2"
"11165","AC117834.1"
"11166","TRIQK"
"11167","C8orf87"
"11168","LINC00535"
"11169","AC016885.2"
"11170","FAM92A"
"11171","AC120053.1"
"11172","AC010834.3"
"11173","RBM12B"
"11174","TMEM67"
"11175","AC084346.1"
"11176","PDP1"
"11177","AP003351.1"
"11178","CDH17"
"11179","GEM"
"11180","RAD54B"
"11181","FSBP"
"11182","VIRMA"
"11183","AC023632.5"
"11184","AC023632.2"
"11185","AC108860.2"
"11186","ESRP1"
"11187","DPY19L4"
"11188","AP003692.1"
"11189","INTS8"
"11190","CCNE2"
"11191","AC087752.4"
"11192","NDUFAF6"
"11193","TP53INP1"
"11194","AC087752.3"
"11195","AC068189.2"
"11196","MIR3150BHG"
"11197","AC068189.1"
"11198","PLEKHF2"
"11199","C8orf37-AS1"
"11200","C8orf37"
"11201","AC083836.1"
"11202","UQCRB"
"11203","AP003465.1"
"11204","MTERF3"
"11205","PTDSS1"
"11206","SDC2"
"11207","CPQ"
"11208","TSPYL5"
"11209","MTDH"
"11210","LAPTM4B"
"11211","MATN2"
"11212","RPL30"
"11213","AP003352.1"
"11214","ERICH5"
"11215","RIDA"
"11216","POP1"
"11217","NIPAL2"
"11218","STK3"
"11219","KCNS2"
"11220","VPS13B-DT"
"11221","VPS13B"
"11222","AC107909.2"
"11223","AC018442.2"
"11224","COX6C"
"11225","RGS22"
"11226","FBXO43"
"11227","POLR2K"
"11228","SPAG1"
"11229","RNF19A"
"11230","AP003472.1"
"11231","ANKRD46"
"11232","SNX31"
"11233","PABPC1"
"11234","AC027373.1"
"11235","YWHAZ"
"11236","AC018781.1"
"11237","AP003469.2"
"11238","AP003469.4"
"11239","ZNF706"
"11240","AP001330.4"
"11241","AP001330.1"
"11242","AP001207.3"
"11243","GRHL2"
"11244","NCALD"
"11245","AP000426.1"
"11246","RRM2B"
"11247","UBR5-AS1"
"11248","UBR5"
"11249","AP002907.1"
"11250","AP002852.1"
"11251","KLF10"
"11252","AP002851.1"
"11253","GASAL1"
"11254","AZIN1"
"11255","AP003696.1"
"11256","AZIN1-AS1"
"11257","AP003354.1"
"11258","ATP6V1C1"
"11259","BAALC-AS2"
"11260","BAALC"
"11261","BAALC-AS1"
"11262","FZD6"
"11263","CTHRC1"
"11264","AC012213.3"
"11265","SLC25A32"
"11266","DCAF13"
"11267","AC012213.2"
"11268","AC012213.4"
"11269","AC012213.1"
"11270","RIMS2"
"11271","DPYS"
"11272","LRP12"
"11273","ZFPM2"
"11274","AC021546.1"
"11275","ZFPM2-AS1"
"11276","AC103853.1"
"11277","AC103853.2"
"11278","AC027031.2"
"11279","OXR1"
"11280","AC090579.1"
"11281","ANGPT1"
"11282","AC025508.1"
"11283","RSPO2"
"11284","EIF3E"
"11285","AC087620.1"
"11286","EMC2"
"11287","TMEM74"
"11288","AC104248.1"
"11289","TRHR"
"11290","NUDCD1"
"11291","AC021237.1"
"11292","ENY2"
"11293","PKHD1L1"
"11294","EBAG9"
"11295","SYBU"
"11296","AC079061.1"
"11297","KCNV1"
"11298","AC027451.1"
"11299","AC073023.1"
"11300","AC025366.1"
"11301","LINC01608"
"11302","LINC01609"
"11303","LINC02237"
"11304","CSMD3"
"11305","AC024996.1"
"11306","AC055788.2"
"11307","AC055788.1"
"11308","TRPS1"
"11309","LINC00536"
"11310","EIF3H"
"11311","UTP23"
"11312","RAD21"
"11313","RAD21-AS1"
"11314","AARD"
"11315","SLC30A8"
"11316","AC084114.1"
"11317","MED30"
"11318","EXT1"
"11319","SAMD12"
"11320","AC023590.1"
"11321","SAMD12-AS1"
"11322","TNFRSF11B"
"11323","COLEC10"
"11324","MAL2"
"11325","MAL2-AS1"
"11326","AC021733.4"
"11327","CCN3"
"11328","AC021733.2"
"11329","ENPP2"
"11330","TAF2"
"11331","AP005717.2"
"11332","DSCC1"
"11333","DEPTOR"
"11334","AC091563.1"
"11335","COL14A1"
"11336","MRPL13"
"11337","MTBP"
"11338","SNTB1"
"11339","AC104958.1"
"11340","AC068413.1"
"11341","HAS2"
"11342","HAS2-AS1"
"11343","AC037486.1"
"11344","SMILR"
"11345","LINC01151"
"11346","ZHX2"
"11347","AC016405.1"
"11348","AC104316.1"
"11349","DERL1"
"11350","TBC1D31"
"11351","AC068228.3"
"11352","FAM83A"
"11353","C8orf76"
"11354","ZHX1"
"11355","ATAD2"
"11356","WDYHV1"
"11357","FBXO32"
"11358","AC135166.1"
"11359","ANXA13"
"11360","FAM91A1"
"11361","FER1L6"
"11362","FER1L6-AS1"
"11363","FER1L6-AS2"
"11364","AC090921.1"
"11365","TMEM65"
"11366","TRMT12"
"11367","RNF139-AS1"
"11368","RNF139"
"11369","TATDN1"
"11370","AC090198.1"
"11371","NDUFB9"
"11372","MTSS1"
"11373","AC100858.3"
"11374","LINC00964"
"11375","ZNF572"
"11376","AC009908.1"
"11377","SQLE"
"11378","WASHC5"
"11379","WASHC5-AS1"
"11380","NSMCE2"
"11381","TRIB1"
"11382","AC091114.1"
"11383","AC016074.2"
"11384","LINC00861"
"11385","LRATD2"
"11386","PCAT1"
"11387","AC024382.1"
"11388","CASC19"
"11389","PRNCR1"
"11390","CASC8"
"11391","AC104370.1"
"11392","AC108925.1"
"11393","CASC11"
"11394","MYC"
"11395","PVT1"
"11396","LINC00824"
"11397","CCDC26"
"11398","AC022973.5"
"11399","FAM49B"
"11400","AC022973.4"
"11401","AC022973.3"
"11402","AC131568.1"
"11403","ASAP1"
"11404","ASAP1-IT2"
"11405","AC009682.1"
"11406","AC139019.1"
"11407","AC090987.1"
"11408","ADCY8"
"11409","AC103726.1"
"11410","AC103726.2"
"11411","AC087341.1"
"11412","AC104257.1"
"11413","EFR3A"
"11414","OC90"
"11415","HHLA1"
"11416","KCNQ3"
"11417","HPYR1"
"11418","LRRC6"
"11419","TMEM71"
"11420","PHF20L1"
"11421","AF230666.2"
"11422","AF230666.1"
"11423","TG"
"11424","SLA"
"11425","AF305872.2"
"11426","CCN4"
"11427","NDRG1"
"11428","ST3GAL1"
"11429","AC103706.1"
"11430","AC133634.1"
"11431","AC105180.2"
"11432","ZFAT"
"11433","AC083843.3"
"11434","AC083843.2"
"11435","LINC01591"
"11436","KHDRBS3"
"11437","LINC02055"
"11438","AC023781.1"
"11439","AC105213.1"
"11440","AC046195.1"
"11441","AC046195.2"
"11442","AC079015.1"
"11443","FAM135B"
"11444","COL22A1"
"11445","KCNK9"
"11446","TRAPPC9"
"11447","AC021744.1"
"11448","PEG13"
"11449","AC107375.1"
"11450","CHRAC1"
"11451","AGO2"
"11452","ERICD"
"11453","PTK2"
"11454","DENND3"
"11455","AC040970.1"
"11456","SLC45A4"
"11457","AC011676.3"
"11458","PTP4A3"
"11459","AC100803.4"
"11460","AC138647.1"
"11461","AC103758.1"
"11462","LINC00051"
"11463","TSNARE1"
"11464","ADGRB1"
"11465","ARC"
"11466","JRK"
"11467","PSCA"
"11468","LNCOC1"
"11469","THEM6"
"11470","LYNX1"
"11471","LY6E-DT"
"11472","LY6E"
"11473","C8orf31"
"11474","LY6H"
"11475","ZFP41"
"11476","GLI4"
"11477","MINCR"
"11478","ZNF696"
"11479","AC138696.2"
"11480","TOP1MT"
"11481","RHPN1-AS1"
"11482","RHPN1"
"11483","AC105118.1"
"11484","MAFA"
"11485","ZC3H3"
"11486","AC067930.8"
"11487","MROH6"
"11488","NAPRT"
"11489","EEF1D"
"11490","TIGD5"
"11491","PYCR3"
"11492","TSTA3"
"11493","ZNF623"
"11494","ZNF707"
"11495","AC105219.1"
"11496","MAPK15"
"11497","FAM83H"
"11498","IQANK1"
"11499","AC105219.4"
"11500","SCRIB"
"11501","PUF60"
"11502","AC234917.3"
"11503","NRBP2"
"11504","AC109322.2"
"11505","PLEC"
"11506","PARP10"
"11507","GRINA"
"11508","SPATC1"
"11509","AC109322.1"
"11510","EXOSC4"
"11511","GPAA1"
"11512","CYC1"
"11513","SHARPIN"
"11514","MAF1"
"11515","WDR97"
"11516","HGH1"
"11517","MROH1"
"11518","BOP1"
"11519","SCX"
"11520","HSF1"
"11521","DGAT1"
"11522","SCRT1"
"11523","TMEM249"
"11524","SLC52A2"
"11525","FBXL6"
"11526","ADCK5"
"11527","CPSF1"
"11528","AC233992.3"
"11529","SLC39A4"
"11530","VPS28"
"11531","TONSL"
"11532","CYHR1"
"11533","KIFC2"
"11534","FOXH1"
"11535","PPP1R16A"
"11536","AC084125.2"
"11537","GPT"
"11538","MFSD3"
"11539","RECQL4"
"11540","AC084125.4"
"11541","LRRC14"
"11542","LRRC24"
"11543","C8orf82"
"11544","ARHGAP39"
"11545","AF186192.1"
"11546","ZNF251"
"11547","ZNF34"
"11548","RPL8"
"11549","ZNF517"
"11550","ZNF7"
"11551","COMMD5"
"11552","AF235103.3"
"11553","ZNF250"
"11554","ZNF16"
"11555","AF235103.1"
"11556","ZNF252P-AS1"
"11557","C8orf33"
"11558","WASHC1"
"11559","AL928970.1"
"11560","FOXD4"
"11561","CBWD1"
"11562","AL158832.2"
"11563","DOCK8"
"11564","AL161725.1"
"11565","KANK1"
"11566","AL136979.1"
"11567","DMRT1"
"11568","SMARCA2"
"11569","AL359076.1"
"11570","VLDLR-AS1"
"11571","VLDLR"
"11572","AL450467.1"
"11573","KCNV2"
"11574","PUM3"
"11575","LINC01231"
"11576","RFX3"
"11577","RFX3-AS1"
"11578","AL354977.2"
"11579","AL354977.1"
"11580","GLIS3"
"11581","AL137071.1"
"11582","GLIS3-AS1"
"11583","AL359095.1"
"11584","AL162419.1"
"11585","SLC1A1"
"11586","SPATA6L"
"11587","PLPP6"
"11588","CDC37L1-DT"
"11589","CDC37L1"
"11590","AK3"
"11591","AL353151.2"
"11592","RCL1"
"11593","JAK2"
"11594","INSL6"
"11595","PLGRKT"
"11596","CD274"
"11597","AL162253.2"
"11598","PDCD1LG2"
"11599","AL162253.1"
"11600","RIC1"
"11601","AL136980.1"
"11602","ERMP1"
"11603","KIAA2026"
"11604","MLANA"
"11605","RANBP6"
"11606","IL33"
"11607","UHRF2"
"11608","AL133480.1"
"11609","GLDC"
"11610","AL162411.1"
"11611","LINC02851"
"11612","AL354707.1"
"11613","KDM4C"
"11614","AL161443.1"
"11615","AL157703.1"
"11616","AL354694.1"
"11617","DMAC1"
"11618","AL135923.2"
"11619","PTPRD"
"11620","AL583805.2"
"11621","PTPRD-AS1"
"11622","AL596451.1"
"11623","AL513422.1"
"11624","PTPRD-AS2"
"11625","AL355672.1"
"11626","AL353595.1"
"11627","TYRP1"
"11628","LURAP1L-AS1"
"11629","LURAP1L"
"11630","AL161449.2"
"11631","MPDZ"
"11632","AL162386.2"
"11633","AL583785.1"
"11634","LINC01235"
"11635","NFIB"
"11636","AL136366.1"
"11637","AL137017.1"
"11638","AL159169.2"
"11639","ZDHHC21"
"11640","FREM1"
"11641","AL512643.2"
"11642","TTC39B"
"11643","SNAPC3"
"11644","PSIP1"
"11645","CCDC171"
"11646","C9orf92"
"11647","BNC2"
"11648","AL162725.2"
"11649","CNTLN"
"11650","SH3GL2"
"11651","ADAMTSL1"
"11652","AL442638.1"
"11653","SAXO1"
"11654","RRAGA"
"11655","HAUS6"
"11656","PLIN2"
"11657","DENND4C"
"11658","AL161909.2"
"11659","AL391834.1"
"11660","AL391834.2"
"11661","RPS6"
"11662","AL391834.3"
"11663","ACER2"
"11664","AL158206.1"
"11665","SLC24A2"
"11666","AL158077.2"
"11667","AL591222.1"
"11668","MLLT3"
"11669","FOCAD"
"11670","FOCAD-AS1"
"11671","HACD4"
"11672","KLHL9"
"11673","MIR31HG"
"11674","MTAP"
"11675","AL359922.2"
"11676","CDKN2B-AS1"
"11677","CDKN2B"
"11678","DMRTA1"
"11679","LINC01239"
"11680","AL391117.1"
"11681","AL445623.2"
"11682","ELAVL2"
"11683","AL161628.1"
"11684","AL365204.1"
"11685","TUSC1"
"11686","LINC01241"
"11687","AL353753.1"
"11688","CAAP1"
"11689","PLAA"
"11690","IFT74"
"11691","LRRC19"
"11692","AL355432.1"
"11693","TEK"
"11694","EQTN"
"11695","MOB3B"
"11696","AL163192.1"
"11697","AL451123.2"
"11698","IFNK"
"11699","AL451123.1"
"11700","C9orf72"
"11701","AL353746.1"
"11702","LINGO2"
"11703","AL445526.1"
"11704","LINC01242"
"11705","ACO1"
"11706","DDX58"
"11707","TOPORS"
"11708","SMIM27"
"11709","NDUFB6"
"11710","TMEM215"
"11711","AL157884.2"
"11712","APTX"
"11713","DNAJA1"
"11714","SMU1"
"11715","B4GALT1"
"11716","B4GALT1-AS1"
"11717","SPINK4"
"11718","BAG1"
"11719","CHMP5"
"11720","NFX1"
"11721","NOL6"
"11722","ANKRD18B"
"11723","CYP4F26P"
"11724","PTENP1-AS"
"11725","TRBV26OR9-2"
"11726","AL356489.2"
"11727","AL356489.3"
"11728","PRSS3"
"11729","UBE2R2-AS1"
"11730","UBE2R2"
"11731","UBAP2"
"11732","AL354989.1"
"11733","DCAF12"
"11734","UBAP1"
"11735","KIF24"
"11736","NUDT2"
"11737","MYORG"
"11738","C9orf24"
"11739","FAM219A"
"11740","DNAI1"
"11741","ENHO"
"11742","CNTFR"
"11743","CNTFR-AS1"
"11744","RPP25L"
"11745","DCTN3"
"11746","ARID3C"
"11747","SIGMAR1"
"11748","GALT"
"11749","IL11RA"
"11750","CCL27"
"11751","AL162231.1"
"11752","AL162231.2"
"11753","CCL19"
"11754","AL589645.1"
"11755","PHF24"
"11756","DNAJB5-DT"
"11757","DNAJB5"
"11758","AL355377.3"
"11759","AL355377.4"
"11760","C9orf131"
"11761","VCP"
"11762","FANCG"
"11763","PIGO"
"11764","STOML2"
"11765","FAM214B"
"11766","UNC13B"
"11767","RUSC2"
"11768","TESK1"
"11769","CD72"
"11770","RMRP"
"11771","CCDC107"
"11772","ARHGEF39"
"11773","CA9"
"11774","TPM2"
"11775","TLN1"
"11776","CREB3"
"11777","GBA2"
"11778","RGP1"
"11779","AL133410.1"
"11780","NPR2"
"11781","SPAG8"
"11782","HINT2"
"11783","TMEM8B"
"11784","FAM221B"
"11785","SPAAR"
"11786","RECK"
"11787","GLIPR2"
"11788","CLTA"
"11789","GNE"
"11790","RNF38"
"11791","MELK"
"11792","AL450267.2"
"11793","PAX5"
"11794","EBLN3P"
"11795","AL512604.2"
"11796","ZCCHC7"
"11797","GRHPR"
"11798","ZBTB5"
"11799","POLR1E"
"11800","AL513165.1"
"11801","FBXO10"
"11802","TOMM5"
"11803","FRMPD1"
"11804","TRMT10B"
"11805","EXOSC3"
"11806","DCAF10"
"11807","SLC25A51"
"11808","SHB"
"11809","AL135785.1"
"11810","ALDH1B1"
"11811","IGFBPL1"
"11812","ANKRD18A"
"11813","AL845311.1"
"11814","CNTNAP3"
"11815","GLIDR"
"11816","BX664615.2"
"11817","ANKRD20A2"
"11818","BX664727.3"
"11819","BMS1P14"
"11820","FP325318.1"
"11821","AL353626.1"
"11822","CBWD6"
"11823","AL845472.1"
"11824","AL591926.2"
"11825","FAM242F"
"11826","CNTNAP3B"
"11827","AL445584.2"
"11828","BX088651.4"
"11829","CNTNAP3C"
"11830","FAM27C"
"11831","AL391987.3"
"11832","AL590399.3"
"11833","AL590399.1"
"11834","AL590399.5"
"11835","LINC01410"
"11836","AL512625.3"
"11837","AL512625.2"
"11838","LERFS"
"11839","AL512625.1"
"11840","CR786580.1"
"11841","ANKRD20A4"
"11842","FP326651.1"
"11843","CBWD5"
"11844","AL136317.2"
"11845","ANKRD20A3"
"11846","ZNF658"
"11847","FAM27E3"
"11848","AL627230.1"
"11849","ANKRD20A1"
"11850","AL353608.2"
"11851","CBWD3"
"11852","PGM5"
"11853","AL161457.2"
"11854","TMEM252-DT"
"11855","PIP5K1B"
"11856","FAM122A"
"11857","AL354794.1"
"11858","FXN"
"11859","TJP2"
"11860","FAM189A2"
"11861","APBA1"
"11862","AL353693.1"
"11863","PTAR1"
"11864","C9orf135"
"11865","MAMDC2-AS1"
"11866","MAMDC2"
"11867","SMC5-AS1"
"11868","SMC5"
"11869","AL162390.1"
"11870","KLF9"
"11871","TRPM3"
"11872","CEMIP2"
"11873","ABHD17B"
"11874","C9orf85"
"11875","C9orf57"
"11876","AL583829.1"
"11877","GDA"
"11878","LINC01504"
"11879","ZFAND5"
"11880","TMC1"
"11881","ALDH1A1"
"11882","ANXA1"
"11883","RORB-AS1"
"11884","RORB"
"11885","AL137018.1"
"11886","TRPM6"
"11887","C9orf40"
"11888","CARNMT1-AS1"
"11889","CARNMT1"
"11890","AL158825.2"
"11891","NMRK1"
"11892","OSTF1"
"11893","PCSK5"
"11894","RFK"
"11895","GCNT1"
"11896","PRUNE2"
"11897","PCA3"
"11898","VPS13A"
"11899","GNA14"
"11900","GNA14-AS1"
"11901","GNAQ"
"11902","CEP78"
"11903","PSAT1"
"11904","AL512634.1"
"11905","TLE4"
"11906","AL161912.1"
"11907","AL161912.2"
"11908","AL161782.1"
"11909","LINC01507"
"11910","TLE1"
"11911","AL591368.1"
"11912","AL158154.3"
"11913","RASEF"
"11914","AL137847.1"
"11915","FRMD3"
"11916","AL137847.2"
"11917","IDNK"
"11918","UBQLN1"
"11919","AL354920.1"
"11920","GKAP1"
"11921","AL354733.1"
"11922","AL354733.2"
"11923","KIF27"
"11924","C9orf64"
"11925","HNRNPK"
"11926","AL354733.3"
"11927","RMI1"
"11928","AL390838.1"
"11929","SLC28A3"
"11930","AL157886.1"
"11931","NTRK2"
"11932","AL354897.1"
"11933","AL583827.1"
"11934","AGTPBP1"
"11935","AL353743.2"
"11936","NAA35"
"11937","GOLM1"
"11938","C9orf153"
"11939","ISCA1"
"11940","TUT7"
"11941","AL158828.1"
"11942","AL353613.1"
"11943","GAS1"
"11944","GAS1RR"
"11945","AL513318.2"
"11946","DAPK1"
"11947","DAPK1-IT1"
"11948","CTSL"
"11949","CDK20"
"11950","AL353572.4"
"11951","AL353748.3"
"11952","SPIN1"
"11953","NXNL2"
"11954","LINC02843"
"11955","AL390791.1"
"11956","S1PR3"
"11957","SHC3"
"11958","AL353150.1"
"11959","CKS2"
"11960","SECISBP2"
"11961","SEMA4D"
"11962","AL161910.1"
"11963","GADD45G"
"11964","AL606807.1"
"11965","AL161629.1"
"11966","LINC01508"
"11967","LINC01501"
"11968","DIRAS2"
"11969","SYK"
"11970","AL158071.4"
"11971","AL158071.3"
"11972","AL158071.1"
"11973","AL158071.5"
"11974","AUH"
"11975","NFIL3"
"11976","ROR2"
"11977","SPTLC1"
"11978","AL136097.2"
"11979","IARS"
"11980","NOL8"
"11981","CENPP"
"11982","OGN"
"11983","OMD"
"11984","ASPN"
"11985","ECM2"
"11986","AL157827.2"
"11987","IPPK"
"11988","BICD2"
"11989","ZNF484"
"11990","FGD3"
"11991","CARD19"
"11992","NINJ1"
"11993","WNK2"
"11994","C9orf129"
"11995","FAM120AOS"
"11996","FAM120A"
"11997","PHF2"
"11998","PTPDC1"
"11999","AL360020.1"
"12000","AL158152.1"
"12001","LINC02603"
"12002","ZNF169"
"12003","AL691447.2"
"12004","MFSD14B"
"12005","PCAT7"
"12006","FBP2"
"12007","FBP1"
"12008","AL157936.1"
"12009","AOPEP"
"12010","AL353768.1"
"12011","AL353768.2"
"12012","FANCC"
"12013","PTCH1"
"12014","AL161729.2"
"12015","AL161729.1"
"12016","AL354861.2"
"12017","LINC00476"
"12018","ERCC6L2"
"12019","AL449403.2"
"12020","SLC35D2"
"12021","ZNF367"
"12022","AL133477.2"
"12023","HABP4"
"12024","CDC14B"
"12025","PRXL2C"
"12026","AL589843.1"
"12027","ZNF510"
"12028","ZNF782"
"12029","MFSD14C"
"12030","NUTM2G"
"12031","CTSV"
"12032","AL590705.3"
"12033","AL590705.1"
"12034","CCDC180"
"12035","AL512590.3"
"12036","TDRD7"
"12037","TMOD1"
"12038","AL162385.1"
"12039","TSTD2"
"12040","NCBP1"
"12041","AL162385.2"
"12042","XPA"
"12043","PTCSC2"
"12044","TRMO"
"12045","AL499604.1"
"12046","HEMGN"
"12047","ANP32B"
"12048","AL354726.1"
"12049","NANS"
"12050","TRIM14"
"12051","CORO2A"
"12052","TBC1D2"
"12053","GABBR2"
"12054","ANKS6"
"12055","AL807776.1"
"12056","GALNT12"
"12057","AL136084.2"
"12058","COL15A1"
"12059","AL136084.3"
"12060","TGFBR1"
"12061","ALG2"
"12062","SEC61B"
"12063","NAMA"
"12064","AL137067.3"
"12065","AL359710.1"
"12066","STX17-AS1"
"12067","AL162394.1"
"12068","NR4A3"
"12069","STX17"
"12070","AL358937.1"
"12071","ERP44"
"12072","INVS"
"12073","TEX10"
"12074","MSANTD3"
"12075","TMEFF1"
"12076","CAVIN4"
"12077","PLPPR1"
"12078","BAAT"
"12079","MRPL50"
"12080","ZNF189"
"12081","ALDOB"
"12082","TMEM246-AS1"
"12083","TMEM246"
"12084","RNF20"
"12085","GRIN3A"
"12086","PPP3R2"
"12087","LINC00587"
"12088","LINC01492"
"12089","AL390962.1"
"12090","SMC2-AS1"
"12091","SMC2"
"12092","NIPSNAP3A"
"12093","NIPSNAP3B"
"12094","ABCA1"
"12095","AL359182.1"
"12096","CT70"
"12097","AL591506.1"
"12098","SLC44A1"
"12099","FSD1L"
"12100","AL158070.1"
"12101","FKTN"
"12102","TAL2"
"12103","TMEM38B"
"12104","LINC01505"
"12105","AL732323.1"
"12106","ZNF462"
"12107","AL807761.4"
"12108","RAD23B"
"12109","LINC01509"
"12110","KLF4"
"12111","ELP1"
"12112","ABITRAM"
"12113","CTNNAL1"
"12114","TMEM245"
"12115","FRRS1L"
"12116","EPB41L4B"
"12117","PTPN3"
"12118","PALM2-AKAP2"
"12119","AL158829.1"
"12120","TXN"
"12121","TXNDC8"
"12122","SVEP1"
"12123","AL592463.1"
"12124","MUSK"
"12125","LPAR1"
"12126","AL162414.1"
"12127","ECPAS"
"12128","ZNF483"
"12129","PTGR1"
"12130","DNAJC25"
"12131","GNG10"
"12132","SHOC1"
"12133","UGCG"
"12134","AL138756.1"
"12135","SUSD1"
"12136","PTBP3"
"12137","HSDL2"
"12138","C9orf147"
"12139","KIAA1958"
"12140","INIP"
"12141","AL390067.1"
"12142","SNX30"
"12143","SLC46A2"
"12144","ZNF883"
"12145","ZFP37"
"12146","SLC31A2"
"12147","FKBP15"
"12148","SLC31A1"
"12149","CDC26"
"12150","PRPF4"
"12151","WDR31"
"12152","HDHD3"
"12153","ALAD"
"12154","POLE3"
"12155","C9orf43"
"12156","RGS3"
"12157","ZNF618"
"12158","AMBP"
"12159","KIF12"
"12160","COL27A1"
"12161","AKNA"
"12162","AL138895.1"
"12163","WHRN"
"12164","ATP6V1G1"
"12165","TMEM268"
"12166","TEX53"
"12167","TEX48"
"12168","TNFSF15"
"12169","DEC1"
"12170","TNFSF8"
"12171","TNC"
"12172","AL691420.1"
"12173","PAPPA"
"12174","PAPPA-AS2"
"12175","AL137024.1"
"12176","PAPPA-AS1"
"12177","ASTN2"
"12178","ASTN2-AS1"
"12179","AL133284.1"
"12180","TRIM32"
"12181","AL157829.1"
"12182","AL161630.1"
"12183","TLR4"
"12184","AL160272.1"
"12185","AL355592.1"
"12186","BRINP1"
"12187","AC006288.1"
"12188","CDK5RAP2"
"12189","MEGF9"
"12190","FBXW2"
"12191","B3GNT10"
"12192","PSMD5"
"12193","PHF19"
"12194","TRAF1"
"12195","C5"
"12196","CNTRL"
"12197","RAB14"
"12198","GSN"
"12199","GSN-AS1"
"12200","STOM"
"12201","AL359644.1"
"12202","DAB2IP"
"12203","AL596244.1"
"12204","TTLL11"
"12205","NDUFA8"
"12206","MORN5"
"12207","LHX6"
"12208","RBM18"
"12209","MRRF"
"12210","PTGS1"
"12211","AL359636.2"
"12212","OR1L8"
"12213","OR1L6"
"12214","PDCL"
"12215","RC3H2"
"12216","ZBTB6"
"12217","ZBTB26"
"12218","AC007066.2"
"12219","RABGAP1"
"12220","MIR600HG"
"12221","STRBP"
"12222","CRB2"
"12223","DENND1A"
"12224","AL445489.1"
"12225","AL390774.2"
"12226","LHX2"
"12227","AC006450.3"
"12228","AC006450.2"
"12229","NEK6"
"12230","AL162724.2"
"12231","PSMB7"
"12232","ADGRD2"
"12233","AL354979.1"
"12234","NR6A1"
"12235","MIR181A2HG"
"12236","OLFML2A"
"12237","RPL35"
"12238","ARPC5L"
"12239","GOLGA1"
"12240","SCAI"
"12241","PPP6C"
"12242","RABEPK"
"12243","HSPA5"
"12244","AL354710.2"
"12245","GAPVD1"
"12246","MAPKAP1"
"12247","AL162584.1"
"12248","PBX3"
"12249","AL589923.1"
"12250","MVB12B"
"12251","LMX1B"
"12252","ZBTB43"
"12253","ZBTB34"
"12254","RALGPS1"
"12255","ANGPTL2"
"12256","AL450263.1"
"12257","GARNL3"
"12258","AL445222.1"
"12259","SLC2A8"
"12260","ZNF79"
"12261","RPL12"
"12262","LRSAM1"
"12263","NIBAN2"
"12264","STXBP1"
"12265","AL162426.1"
"12266","PTRH1"
"12267","CFAP157"
"12268","TOR2A"
"12269","SH2D3C"
"12270","AL162586.2"
"12271","CDK9"
"12272","FPGS"
"12273","ENG"
"12274","AL162586.1"
"12275","AK1"
"12276","ST6GALNAC6"
"12277","ST6GALNAC4"
"12278","PIP5KL1"
"12279","AL157935.1"
"12280","DPM2"
"12281","FAM102A"
"12282","AL360268.2"
"12283","NAIF1"
"12284","SLC25A25"
"12285","AL360268.1"
"12286","SLC25A25-AS1"
"12287","PTGES2"
"12288","AL590708.1"
"12289","LCN2"
"12290","C9orf16"
"12291","CIZ1"
"12292","DNM1"
"12293","GOLGA2"
"12294","SWI5"
"12295","TRUB2"
"12296","AL359091.4"
"12297","COQ4"
"12298","SLC27A4"
"12299","URM1"
"12300","AL359091.1"
"12301","CERCAM"
"12302","ODF2"
"12303","ODF2-AS1"
"12304","GLE1"
"12305","AL356481.1"
"12306","SPTAN1"
"12307","AL356481.2"
"12308","AL356481.3"
"12309","WDR34"
"12310","HMGA1P4"
"12311","SET"
"12312","PKN3"
"12313","ZDHHC12"
"12314","AL441992.1"
"12315","ZER1"
"12316","TBC1D13"
"12317","ENDOG"
"12318","SPOUT1"
"12319","KYAT1"
"12320","LRRC8A"
"12321","PHYHD1"
"12322","DOLK"
"12323","NUP188"
"12324","AL592211.1"
"12325","SH3GLB2"
"12326","MIGA2"
"12327","AL592211.2"
"12328","DOLPP1"
"12329","CRAT"
"12330","PTPA"
"12331","AL158151.4"
"12332","IER5L"
"12333","AL158151.3"
"12334","AL158151.1"
"12335","AL161785.1"
"12336","C9orf106"
"12337","LINC01503"
"12338","AL353803.2"
"12339","AL353803.1"
"12340","LINC00963"
"12341","AL391056.2"
"12342","NTMT1"
"12343","C9orf50"
"12344","ASB6"
"12345","PRRX2"
"12346","TOR1B"
"12347","TOR1A"
"12348","C9orf78"
"12349","USP20"
"12350","FNBP1"
"12351","AL158207.2"
"12352","AL136141.1"
"12353","GPR107"
"12354","NCS1"
"12355","HMCN2"
"12356","ASS1"
"12357","FUBP3"
"12358","PRDM12"
"12359","EXOSC2"
"12360","ABL1"
"12361","QRFP"
"12362","FIBCD1"
"12363","LAMC3"
"12364","AIF1L"
"12365","NUP214"
"12366","AL157938.2"
"12367","AL157938.3"
"12368","FAM78A"
"12369","PLPP7"
"12370","PRRC2B"
"12371","AL358781.1"
"12372","POMT1"
"12373","AL358781.2"
"12374","UCK1"
"12375","RAPGEF1"
"12376","MED27"
"12377","NTNG2"
"12378","SETX"
"12379","TTF1"
"12380","CFAP77"
"12381","DDX31"
"12382","GTF3C4"
"12383","AK8"
"12384","SPACA9"
"12385","TSC1"
"12386","GFI1B"
"12387","GTF3C5"
"12388","CEL"
"12389","RALGDS"
"12390","GBGT1"
"12391","SURF6"
"12392","MED22"
"12393","RPL7A"
"12394","SURF1"
"12395","SURF2"
"12396","SURF4"
"12397","STKLD1"
"12398","REXO4"
"12399","ADAMTS13"
"12400","CACFD1"
"12401","SLC2A6"
"12402","ADAMTSL2"
"12403","FAM163B"
"12404","AC002101.1"
"12405","SARDH"
"12406","VAV2"
"12407","BRD3OS"
"12408","BRD3"
"12409","AL445931.1"
"12410","BX649632.1"
"12411","WDR5"
"12412","BX649601.1"
"12413","RXRA"
"12414","COL5A1"
"12415","FCN1"
"12416","OLFM1"
"12417","AL390778.1"
"12418","PPP1R26-AS1"
"12419","PPP1R26"
"12420","C9orf116"
"12421","MRPS2"
"12422","KCNT1"
"12423","CAMSAP1"
"12424","AL355574.1"
"12425","UBAC1"
"12426","NACC2"
"12427","TMEM250"
"12428","AL138781.1"
"12429","QSOX2"
"12430","CCDC187"
"12431","CR392000.2"
"12432","GPSM1"
"12433","CARD9"
"12434","SNAPC4"
"12435","ENTR1"
"12436","PMPCA"
"12437","INPP5E"
"12438","SEC16A"
"12439","C9orf163"
"12440","NOTCH1"
"12441","AL590226.1"
"12442","EGFL7"
"12443","DIPK1B"
"12444","SNHG7"
"12445","TMEM141"
"12446","CCDC183"
"12447","CCDC183-AS1"
"12448","RABL6"
"12449","AJM1"
"12450","PHPT1"
"12451","MAMDC4"
"12452","EDF1"
"12453","TRAF2"
"12454","AL807752.5"
"12455","FBXW5"
"12456","PTGDS"
"12457","PAXX"
"12458","ABCA2"
"12459","C9orf139"
"12460","NPDC1"
"12461","SAPCD2"
"12462","UAP1L1"
"12463","MAN1B1-DT"
"12464","MAN1B1"
"12465","DPP7"
"12466","GRIN1"
"12467","LRRC26"
"12468","ANAPC2"
"12469","SSNA1"
"12470","TPRN"
"12471","TMEM203"
"12472","NDOR1"
"12473","BX255925.3"
"12474","RNF208"
"12475","TUBB4B"
"12476","NELFB"
"12477","NRARP"
"12478","EXD3"
"12479","NOXA1"
"12480","NSMF"
"12481","PNPLA7"
"12482","MRPL41"
"12483","DPH7"
"12484","ZMYND19"
"12485","ARRDC1"
"12486","ARRDC1-AS1"
"12487","EHMT1"
"12488","AL772363.1"
"12489","CACNA1B"
"12490","TUBB8"
"12491","ZMYND11"
"12492","DIP2C"
"12493","AL669841.1"
"12494","AL358216.1"
"12495","PRR26"
"12496","LARP4B"
"12497","AL359878.2"
"12498","AL359878.1"
"12499","GTPBP4"
"12500","IDI2"
"12501","IDI2-AS1"
"12502","IDI1"
"12503","WDR37"
"12504","LINC00200"
"12505","ADARB2"
"12506","AL392083.1"
"12507","ADARB2-AS1"
"12508","AL355597.1"
"12509","LINC02645"
"12510","AL713851.1"
"12511","AL731533.2"
"12512","PFKP"
"12513","PITRM1"
"12514","PITRM1-AS1"
"12515","LINC02668"
"12516","LINC02669"
"12517","AL450322.2"
"12518","KLF6"
"12519","LINC02660"
"12520","AC025822.2"
"12521","LINC00703"
"12522","AC022535.3"
"12523","MANCR"
"12524","LINC00705"
"12525","AC018978.1"
"12526","AKR1E2"
"12527","AKR1C1"
"12528","AKR1C2"
"12529","AL391427.1"
"12530","AKR1C3"
"12531","AKR1C8P"
"12532","NET1"
"12533","CALML3-AS1"
"12534","ASB13"
"12535","TASOR2"
"12536","AL365356.1"
"12537","GDI2"
"12538","AL596094.1"
"12539","ANKRD16"
"12540","FBH1"
"12541","AL137186.2"
"12542","IL15RA"
"12543","IL2RA"
"12544","RBM17"
"12545","PFKFB3"
"12546","AL157395.1"
"12547","LINC02649"
"12548","LINC02656"
"12549","PRKCQ"
"12550","PRKCQ-AS1"
"12551","LINP1"
"12552","LINC00707"
"12553","AL392086.3"
"12554","SFMBT2"
"12555","LINC02642"
"12556","ITIH5"
"12557","ITIH2"
"12558","KIN"
"12559","ATP5F1C"
"12560","TAF3"
"12561","GATA3"
"12562","AC025946.1"
"12563","LINC00709"
"12564","AL138773.1"
"12565","LINC02663"
"12566","AL354916.1"
"12567","AL583859.1"
"12568","CELF2-DT"
"12569","SFTA1P"
"12570","CELF2"
"12571","LINC00710"
"12572","AL136369.2"
"12573","AL136369.1"
"12574","AL162408.1"
"12575","CELF2-AS2"
"12576","AL136320.1"
"12577","CELF2-AS1"
"12578","USP6NL"
"12579","ECHDC3"
"12580","PROSER2"
"12581","PROSER2-AS1"
"12582","UPF2"
"12583","DHTKD1"
"12584","SEC61A2"
"12585","NUDT5"
"12586","CDC123"
"12587","AL512770.1"
"12588","CAMK1D"
"12589","AL731559.1"
"12590","AL353586.1"
"12591","CCDC3"
"12592","OPTN"
"12593","MCM10"
"12594","PHYH"
"12595","SEPHS1"
"12596","BEND7"
"12597","PRPF18"
"12598","AL157392.3"
"12599","FRMD4A"
"12600","AL157392.4"
"12601","AL157392.1"
"12602","AL157392.2"
"12603","AC044781.1"
"12604","AL157896.1"
"12605","FAM107B"
"12606","CDNF"
"12607","HSPA14"
"12608","HSPA14.1"
"12609","AC069544.1"
"12610","SUV39H2"
"12611","DCLRE1C"
"12612","MEIG1"
"12613","OLAH"
"12614","ACBD7"
"12615","RPP38-DT"
"12616","RPP38"
"12617","NMT2"
"12618","FAM171A1"
"12619","AL607028.1"
"12620","ITGA8"
"12621","MINDY3"
"12622","PTER"
"12623","C1QL3"
"12624","AL353576.1"
"12625","RSU1"
"12626","AL365215.2"
"12627","CUBN"
"12628","TRDMT1"
"12629","VIM-AS1"
"12630","VIM"
"12631","AL133415.1"
"12632","ST8SIA6"
"12633","ST8SIA6-AS1"
"12634","HACD1"
"12635","STAM-AS1"
"12636","STAM"
"12637","AC069542.1"
"12638","TMEM236"
"12639","MRC1"
"12640","SLC39A12"
"12641","CACNB2"
"12642","AL390783.1"
"12643","AL450384.2"
"12644","NSUN6"
"12645","ARL5B"
"12646","MALRD1"
"12647","AL157895.1"
"12648","AL353147.1"
"12649","PLXDC2"
"12650","AC069549.1"
"12651","AC069549.2"
"12652","NEBL"
"12653","C10orf113"
"12654","MIR1915HG"
"12655","SKIDA1"
"12656","MLLT10"
"12657","AL358780.1"
"12658","DNAJC1"
"12659","AL359697.1"
"12660","COMMD3"
"12661","BMI1"
"12662","SPAG6"
"12663","AL513128.3"
"12664","AL513128.2"
"12665","PIP4K2A"
"12666","ARMC3"
"12667","AL139815.1"
"12668","MSRB2"
"12669","C10orf67"
"12670","OTUD1"
"12671","AL512603.2"
"12672","KIAA1217"
"12673","AL356113.1"
"12674","ARHGAP21"
"12675","AL157385.2"
"12676","PRTFDC1"
"12677","AL512598.1"
"12678","ENKUR"
"12679","THNSL1"
"12680","LINC01516"
"12681","GPR158-AS1"
"12682","GPR158"
"12683","LINC00836"
"12684","MYO3A"
"12685","GAD2"
"12686","APBB1IP"
"12687","PDSS1"
"12688","AL390961.2"
"12689","ABI1"
"12690","ANKRD26"
"12691","YME1L1"
"12692","MASTL"
"12693","ACBD5"
"12694","AL160291.1"
"12695","RAB18"
"12696","LINC02680"
"12697","MKX"
"12698","ARMC4"
"12699","AL390866.1"
"12700","MPP7"
"12701","MPP7-DT"
"12702","LINC02652"
"12703","WAC-AS1"
"12704","WAC"
"12705","BAMBI"
"12706","LINC01517"
"12707","AL158167.1"
"12708","SVIL"
"12709","JCAD"
"12710","AL353796.1"
"12711","MTPAP"
"12712","AL353796.2"
"12713","MAP3K8"
"12714","AL590068.4"
"12715","LINC02644"
"12716","ZNF438"
"12717","AL359546.1"
"12718","LINC02664"
"12719","ZEB1-AS1"
"12720","ZEB1"
"12721","AL161935.1"
"12722","MACORIS"
"12723","ARHGAP12"
"12724","KIF5B"
"12725","AL158834.2"
"12726","EPC1"
"12727","AL158834.1"
"12728","AL391839.1"
"12729","AL391839.3"
"12730","CCDC7"
"12731","AL365203.2"
"12732","ITGB1"
"12733","ITGB1-DT"
"12734","IATPR"
"12735","NRP1"
"12736","AL450313.1"
"12737","PARD3"
"12738","CUL2"
"12739","AL392046.1"
"12740","CREM"
"12741","LINC02634"
"12742","CCNY"
"12743","AL117336.2"
"12744","AL603824.1"
"12745","FZD8"
"12746","AL121749.2"
"12747","ANKRD30A"
"12748","AL132657.1"
"12749","ZNF248"
"12750","AL135791.1"
"12751","ZNF25"
"12752","ZNF25-DT"
"12753","ZNF33A"
"12754","ZNF37A"
"12755","AL117339.4"
"12756","AL133216.1"
"12757","ZNF33B"
"12758","AL022345.4"
"12759","BMS1"
"12760","RET"
"12761","AC010864.1"
"12762","CSGALNACT2"
"12763","RASGEF1A"
"12764","AC068707.1"
"12765","HNRNPF"
"12766","AL450326.1"
"12767","ZNF487"
"12768","ZNF239"
"12769","ZNF485"
"12770","ZNF32-AS3"
"12771","AL645634.2"
"12772","ZNF32"
"12773","ZNF32-AS1"
"12774","ZNF32-AS2"
"12775","LINC00840"
"12776","AL137026.1"
"12777","CXCL12"
"12778","TMEM72-AS1"
"12779","TMEM72"
"12780","AL353801.1"
"12781","AL353801.3"
"12782","RASSF4"
"12783","DEPP1"
"12784","C10orf25"
"12785","ZNF22"
"12786","ALOX5"
"12787","AL731567.1"
"12788","MARCH8"
"12789","ZFAND4"
"12790","WASHC2C"
"12791","AGAP4"
"12792","TIMM23"
"12793","NCOA4"
"12794","LINC00842"
"12795","GPRIN2"
"12796","SYT15"
"12797","AL356056.2"
"12798","AL356056.1"
"12799","FAM245B"
"12800","PTPN20"
"12801","ZNF488"
"12802","ANXA8"
"12803","FAM25G"
"12804","AL591684.1"
"12805","AGAP9"
"12806","LINC02675"
"12807","FO681492.1"
"12808","AC245041.2"
"12809","FRMPD2"
"12810","MAPK8"
"12811","ARHGAP22"
"12812","WDFY4"
"12813","AC060234.3"
"12814","AC060234.1"
"12815","VSTM4"
"12816","AL138760.1"
"12817","ERCC6"
"12818","CHAT"
"12819","OGDHL"
"12820","PARG"
"12821","TIMM23B"
"12822","TIMM23B-AGAP6"
"12823","AL442003.1"
"12824","WASHC2A"
"12825","ASAH2"
"12826","SGMS1"
"12827","AC069547.2"
"12828","AL117341.1"
"12829","SGMS1-AS1"
"12830","AL589794.2"
"12831","ASAH2B"
"12832","A1CF"
"12833","PRKG1"
"12834","AL731537.1"
"12835","AC022537.1"
"12836","CSTF2T"
"12837","PRKG1-AS1"
"12838","DKK1"
"12839","LNCAROD"
"12840","LINC02672"
"12841","AC036101.1"
"12842","PCDH15"
"12843","AL353784.1"
"12844","AL355314.2"
"12845","ZWINT"
"12846","AC010996.1"
"12847","IPMK"
"12848","CISD1"
"12849","UBE2D1"
"12850","TFAM"
"12851","BICC1"
"12852","LINC00844"
"12853","PHYHIPL"
"12854","FAM13C"
"12855","AC025038.1"
"12856","AL355474.1"
"12857","AC026391.1"
"12858","SLC16A9"
"12859","MRLN"
"12860","CCDC6"
"12861","ANK3"
"12862","AL592430.1"
"12863","AL592430.2"
"12864","CDK1"
"12865","RHOBTB1"
"12866","LINC00845"
"12867","TMEM26"
"12868","CABCOCO1"
"12869","LINC02625"
"12870","ARID5B"
"12871","RTKN2"
"12872","AC024597.1"
"12873","ZNF365"
"12874","AC067751.1"
"12875","ADO"
"12876","EGR2"
"12877","NRBF2"
"12878","JMJD1C"
"12879","JMJD1C-AS1"
"12880","REEP3"
"12881","AC022387.2"
"12882","AC013287.1"
"12883","AC012558.1"
"12884","LINC02671"
"12885","LINC01515"
"12886","CTNNA3"
"12887","AC022017.1"
"12888","LRRTM3"
"12889","AL139240.1"
"12890","DNAJC12"
"12891","AL133551.1"
"12892","SIRT1"
"12893","HERC4"
"12894","MYPN"
"12895","ATOH7"
"12896","PBLD"
"12897","HNRNPH3"
"12898","RUFY2"
"12899","DNA2"
"12900","SLC25A16"
"12901","TET1"
"12902","AL513534.2"
"12903","CCAR1"
"12904","STOX1"
"12905","AL359844.1"
"12906","DDX50"
"12907","DDX21"
"12908","KIF1BP"
"12909","SRGN"
"12910","VPS26A"
"12911","SUPV3L1"
"12912","AL596223.1"
"12913","HKDC1"
"12914","HK1"
"12915","TACR2"
"12916","TSPAN15"
"12917","AC016821.1"
"12918","FAM241B"
"12919","COL13A1"
"12920","LINC02636"
"12921","H2AFY2"
"12922","AIFM2"
"12923","TYSND1"
"12924","SAR1A"
"12925","PPA1"
"12926","NPFFR1"
"12927","LRRC20"
"12928","EIF4EBP2"
"12929","NODAL"
"12930","PALD1"
"12931","ADAMTS14"
"12932","SGPL1"
"12933","PCBD1"
"12934","AC073176.2"
"12935","UNC5B"
"12936","UNC5B-AS1"
"12937","SLC29A3"
"12938","CDH23"
"12939","C10orf105"
"12940","VSIR"
"12941","PSAP"
"12942","CHST3"
"12943","SPOCK2"
"12944","ASCC1"
"12945","ANAPC16"
"12946","DDIT4"
"12947","DDIT4-AS1"
"12948","DNAJB12"
"12949","MICU1"
"12950","AC091769.2"
"12951","AL513185.1"
"12952","MCU"
"12953","AC016542.1"
"12954","OIT3"
"12955","PLA2G12B"
"12956","P4HA1"
"12957","AL731563.2"
"12958","AL731563.3"
"12959","NUDT13"
"12960","AC016394.2"
"12961","ECD"
"12962","FAM149B1"
"12963","DNAJC9"
"12964","DNAJC9-AS1"
"12965","MRPS16"
"12966","AC016394.1"
"12967","CFAP70"
"12968","ANXA7"
"12969","AL512656.1"
"12970","MSS51"
"12971","PPP3CB"
"12972","PPP3CB-AS1"
"12973","USP54"
"12974","AC073389.1"
"12975","AC073389.3"
"12976","SYNPO2L"
"12977","AC073389.2"
"12978","AGAP5"
"12979","AC022400.4"
"12980","SEC24C"
"12981","FUT11"
"12982","CHCHD1"
"12983","ZSWIM8"
"12984","ZSWIM8-AS1"
"12985","NDST2"
"12986","CAMK2G"
"12987","AC022400.2"
"12988","PLAU"
"12989","C10orf55"
"12990","VCL"
"12991","AP3M1"
"12992","ADK"
"12993","AC022540.1"
"12994","KAT6B"
"12995","AC018511.2"
"12996","DUSP13"
"12997","SAMD8"
"12998","VDAC2"
"12999","COMTD1"
"13000","ZNF503-AS1"
"13001","AC010997.3"
"13002","ZNF503"
"13003","ZNF503-AS2"
"13004","LRMDA"
"13005","KCNMA1"
"13006","KCNMA1-AS1"
"13007","KCNMA1-AS3"
"13008","AL450306.1"
"13009","DLG5"
"13010","AL391421.1"
"13011","DLG5-AS1"
"13012","POLR3A"
"13013","RPS24"
"13014","AL731555.1"
"13015","AC012560.1"
"13016","LINC00595"
"13017","AC010163.3"
"13018","AL583852.1"
"13019","ZMIZ1-AS1"
"13020","ZMIZ1"
"13021","PPIF"
"13022","ZCCHC24"
"13023","SFTPA1"
"13024","LINC02679"
"13025","AL132656.2"
"13026","NUTM2B-AS1"
"13027","AL135925.1"
"13028","AL512662.2"
"13029","SFTPD"
"13030","SFTPD-AS1"
"13031","TMEM254-AS1"
"13032","TMEM254"
"13033","PLAC9"
"13034","ANXA11"
"13035","DYDC1"
"13036","DYDC2"
"13037","PRXL2A"
"13038","TSPAN14"
"13039","AC021028.1"
"13040","SH2D4B"
"13041","LINC02655"
"13042","AL096706.1"
"13043","NRG3"
"13044","AC010157.2"
"13045","AC010157.1"
"13046","NRG3-AS1"
"13047","AL603756.1"
"13048","GHITM"
"13049","CDHR1"
"13050","RGR"
"13051","CCSER2"
"13052","GRID1-AS1"
"13053","GRID1"
"13054","AC022028.2"
"13055","AL844892.2"
"13056","WAPL"
"13057","AL731569.1"
"13058","LDB3"
"13059","AC067750.1"
"13060","BMPR1A"
"13061","MMRN2"
"13062","ADIRF-AS1"
"13063","ADIRF"
"13064","GLUD1"
"13065","SHLD2"
"13066","NUTM2A-AS1"
"13067","AL157893.2"
"13068","NUTM2A"
"13069","LINC00863"
"13070","NUTM2D"
"13071","FAM245A"
"13072","AL355334.2"
"13073","MINPP1"
"13074","AL138767.3"
"13075","AL138767.1"
"13076","PAPSS2"
"13077","ATAD1"
"13078","KLLN"
"13079","PTEN"
"13080","AC063965.2"
"13081","RNLS"
"13082","LIPJ"
"13083","LIPF"
"13084","STAMBPL1"
"13085","ACTA2"
"13086","AL157394.3"
"13087","FAS"
"13088","LIPA"
"13089","IFIT2"
"13090","AL353751.1"
"13091","IFIT3"
"13092","IFIT1B"
"13093","IFIT1"
"13094","IFIT5"
"13095","SLC16A12"
"13096","PANK1"
"13097","AL157400.3"
"13098","AL157400.4"
"13099","KIF20B"
"13100","LINC00865"
"13101","LINC01374"
"13102","LINC01375"
"13103","AL139340.1"
"13104","LINC02653"
"13105","HTR7"
"13106","RPP30"
"13107","LINC00502"
"13108","AL731553.1"
"13109","PCGF5"
"13110","HECTD2"
"13111","PPP1R3C"
"13112","TNKS2-AS1"
"13113","TNKS2"
"13114","FGFBP3"
"13115","AL359198.1"
"13116","BTAF1"
"13117","CPEB3"
"13118","MARCH5"
"13119","IDE"
"13120","KIF11"
"13121","EXOC6"
"13122","CYP26A1"
"13123","MYOF"
"13124","CEP55"
"13125","FFAR4"
"13126","RBP4"
"13127","PDE6C"
"13128","FRA10AC1"
"13129","LGI1"
"13130","AL157396.1"
"13131","AL358154.1"
"13132","SLC35G1"
"13133","PLCE1"
"13134","PLCE1-AS2"
"13135","AL389885.1"
"13136","PLCE1-AS1"
"13137","NOC3L"
"13138","TBC1D12"
"13139","HELLS"
"13140","CYP2C18"
"13141","CYP2C8"
"13142","AL157834.1"
"13143","ACSM6"
"13144","AL157834.2"
"13145","PDLIM1"
"13146","SORBS1"
"13147","ALDH18A1"
"13148","TCTN3"
"13149","ENTPD1"
"13150","ENTPD1-AS1"
"13151","CC2D2B"
"13152","CCNJ"
"13153","AC021037.1"
"13154","ZNF518A"
"13155","BLNK"
"13156","TLL2"
"13157","TM9SF3"
"13158","PIK3AP1"
"13159","LCOR"
"13160","SLIT1"
"13161","SLIT1-AS1"
"13162","ARHGAP19"
"13163","FRAT1"
"13164","FRAT2"
"13165","AL355490.1"
"13166","RRP12"
"13167","AL355490.2"
"13168","PGAM1"
"13169","EXOSC1"
"13170","ZDHHC16"
"13171","MMS19"
"13172","UBTD1"
"13173","ANKRD2"
"13174","HOGA1"
"13175","MORN4"
"13176","PI4K2A"
"13177","AVPI1"
"13178","MARVELD1"
"13179","ZFYVE27"
"13180","LINC00866"
"13181","GOLGA7B"
"13182","CRTAC1"
"13183","R3HCC1L"
"13184","LOXL4"
"13185","AL139241.1"
"13186","PYROXD2"
"13187","HPS1"
"13188","AL139243.1"
"13189","HPSE2"
"13190","CNNM1"
"13191","GOT1"
"13192","AL391684.1"
"13193","SLC25A28"
"13194","AL133353.1"
"13195","ENTPD7"
"13196","CUTC"
"13197","COX15"
"13198","ABCC2"
"13199","DNMBP"
"13200","DNMBP-AS1"
"13201","CPN1"
"13202","ERLIN1"
"13203","CHUK"
"13204","AL138921.1"
"13205","CWF19L1"
"13206","BLOC1S2"
"13207","PKD2L1"
"13208","AL139819.1"
"13209","SCD"
"13210","OLMALINC"
"13211","WNT8B"
"13212","SEC31B"
"13213","NDUFB8"
"13214","HIF1AN"
"13215","PAX2"
"13216","AL138762.1"
"13217","SLF2"
"13218","AL133215.3"
"13219","MRPL43"
"13220","SEMA4G"
"13221","AL133215.1"
"13222","TWNK"
"13223","LZTS2"
"13224","PDZD7"
"13225","SFXN3"
"13226","AL133215.2"
"13227","KAZALD1"
"13228","TLX1NB"
"13229","LINC01514"
"13230","BTRC"
"13231","DPCD"
"13232","POLL"
"13233","FBXW4"
"13234","AC010789.2"
"13235","AC010789.1"
"13236","NPM3"
"13237","OGA"
"13238","KCNIP2-AS1"
"13239","KCNIP2"
"13240","ARMH3"
"13241","HPS6"
"13242","LDB1"
"13243","PPRC1"
"13244","NOLC1"
"13245","GBF1"
"13246","NFKB2"
"13247","PSD"
"13248","FBXL15"
"13249","CUEDC2"
"13250","RPARP-AS1"
"13251","C10orf95"
"13252","MFSD13A"
"13253","ACTR1A"
"13254","AL121928.1"
"13255","SUFU"
"13256","TRIM8"
"13257","AL391121.1"
"13258","ARL3"
"13259","SFXN2"
"13260","WBP1L"
"13261","CYP17A1"
"13262","AL358790.1"
"13263","BORCS7"
"13264","AS3MT"
"13265","AL356608.3"
"13266","CNNM2"
"13267","NT5C2"
"13268","RPEL1"
"13269","INA"
"13270","PCGF6"
"13271","TAF5"
"13272","ATP5MD"
"13273","PDCD11"
"13274","CALHM2"
"13275","AL139339.2"
"13276","AL139339.1"
"13277","NEURL1-AS1"
"13278","NEURL1"
"13279","AL121929.3"
"13280","SH3PXD2A"
"13281","AL121929.2"
"13282","SH3PXD2A-AS1"
"13283","STN1"
"13284","SLK"
"13285","COL17A1"
"13286","SFR1"
"13287","CFAP43"
"13288","GSTO1"
"13289","GSTO2"
"13290","ITPRIP"
"13291","ITPRIP-AS1"
"13292","CFAP58"
"13293","AL161646.1"
"13294","SORCS3"
"13295","AL731574.1"
"13296","LINC02624"
"13297","SORCS1"
"13298","AL133395.1"
"13299","LINC01435"
"13300","LINC02661"
"13301","XPNPEP1"
"13302","ADD3-AS1"
"13303","ADD3"
"13304","MXI1"
"13305","AL360182.2"
"13306","SMNDC1"
"13307","AL355512.1"
"13308","DUSP5"
"13309","SMC3"
"13310","RBM20"
"13311","PDCD4-AS1"
"13312","PDCD4"
"13313","BBIP1"
"13314","AL158163.2"
"13315","AL158163.1"
"13316","SHOC2"
"13317","ADRA2A"
"13318","AL136119.1"
"13319","GPAM"
"13320","ACSL5"
"13321","AL157786.1"
"13322","ZDHHC6"
"13323","VTI1A"
"13324","AL139120.1"
"13325","AL158212.5"
"13326","AL158212.3"
"13327","AL158212.1"
"13328","TCF7L2"
"13329","AL158212.2"
"13330","NRAP"
"13331","CASP7"
"13332","AL592546.2"
"13333","DCLRE1A"
"13334","NHLRC2"
"13335","AL592546.3"
"13336","ADRB1"
"13337","CCDC186"
"13338","VWA2"
"13339","AFAP1L2"
"13340","ABLIM1"
"13341","AL137025.1"
"13342","FAM160B1"
"13343","TRUB1"
"13344","LINC02626"
"13345","ATRNL1"
"13346","AC016042.1"
"13347","GFRA1"
"13348","AC012470.1"
"13349","CCDC172"
"13350","PNLIPRP1"
"13351","C10orf82"
"13352","AC016825.1"
"13353","HSPA12A"
"13354","ENO4"
"13355","SHTN1"
"13356","AC023283.1"
"13357","VAX1"
"13358","MIR3663HG"
"13359","SLC18A2"
"13360","AL391988.1"
"13361","PDZD8"
"13362","AC005871.2"
"13363","EMX2OS"
"13364","EMX2"
"13365","AL356419.1"
"13366","RAB11FIP2"
"13367","AC022395.1"
"13368","CASC2"
"13369","AL354863.1"
"13370","FAM204A"
"13371","LINC00867"
"13372","PRLHR"
"13373","CACUL1"
"13374","AL139407.1"
"13375","AL157388.1"
"13376","NANOS1"
"13377","EIF3A"
"13378","DENND10"
"13379","SFXN4"
"13380","PRDX3"
"13381","GRK5"
"13382","AL583824.1"
"13383","RGS10"
"13384","TIAL1"
"13385","BAG3"
"13386","INPP5F"
"13387","MCMBP"
"13388","SEC23IP"
"13389","PLPP4"
"13390","LINC01561"
"13391","AC023282.1"
"13392","WDR11-AS1"
"13393","AL391425.1"
"13394","WDR11"
"13395","AC010998.2"
"13396","AC010998.1"
"13397","FGFR2"
"13398","ATE1"
"13399","AL731566.3"
"13400","NSMCE4A"
"13401","AL731566.2"
"13402","TACC2"
"13403","BTBD16"
"13404","PLEKHA1"
"13405","BX842242.1"
"13406","ARMS2"
"13407","HTRA1"
"13408","CUZD1"
"13409","FAM24B"
"13410","C10orf88"
"13411","PSTK"
"13412","IKZF5"
"13413","ACADSB"
"13414","BUB3"
"13415","LINC02641"
"13416","GPR26"
"13417","CPXM2"
"13418","CHST15"
"13419","OAT"
"13420","LHPP"
"13421","FAM53B"
"13422","FAM53B-AS1"
"13423","EEF1AKMT2"
"13424","ABRAXAS2"
"13425","AL731577.2"
"13426","ZRANB1"
"13427","AL731577.1"
"13428","CTBP2"
"13429","AL731571.1"
"13430","TEX36"
"13431","AL158835.1"
"13432","EDRF1-DT"
"13433","AL158835.2"
"13434","EDRF1"
"13435","EDRF1-AS1"
"13436","MMP21"
"13437","UROS"
"13438","BCCIP"
"13439","DHX32"
"13440","FANK1"
"13441","ADAM12"
"13442","C10orf90"
"13443","DOCK1"
"13444","AL359094.1"
"13445","INSYN2A"
"13446","PTPRE"
"13447","AL158166.2"
"13448","MKI67"
"13449","LINC01163"
"13450","AL390763.1"
"13451","MGMT"
"13452","LINC02666"
"13453","EBF3"
"13454","C10orf143"
"13455","AL139123.1"
"13456","GLRX3"
"13457","LINC02646"
"13458","TCERG1L"
"13459","PPP2R2D"
"13460","BNIP3"
"13461","AL162274.2"
"13462","AL162274.1"
"13463","JAKMIP3"
"13464","DPYSL4"
"13465","STK32C"
"13466","LRRC27"
"13467","PWWP2B"
"13468","AL451069.2"
"13469","INPP5A"
"13470","CFAP46"
"13471","ADGRA1"
"13472","ADGRA1-AS1"
"13473","KNDC1"
"13474","ADAM8"
"13475","TUBGCP2"
"13476","ZNF511"
"13477","CALY"
"13478","AL360181.1"
"13479","FUOM"
"13480","ECHS1"
"13481","PAOX"
"13482","MTG1"
"13483","SPRN"
"13484","SCART1"
"13485","CYP2E1"
"13486","AL731769.2"
"13487","AC069287.1"
"13488","LINC01001"
"13489","BET1L"
"13490","AC069287.2"
"13491","RIC8A"
"13492","SIRT3"
"13493","PSMD13"
"13494","PGGHG"
"13495","IFITM2"
"13496","AC136475.1"
"13497","IFITM3"
"13498","B4GALNT4"
"13499","SIGIRR"
"13500","ANO9"
"13501","PTDSS2"
"13502","AC138230.1"
"13503","RNH1"
"13504","AC137894.3"
"13505","HRAS"
"13506","LRRC56"
"13507","RASSF7"
"13508","MIR210HG"
"13509","PHRF1"
"13510","IRF7"
"13511","CDHR5"
"13512","DRD4"
"13513","DEAF1"
"13514","AC131934.1"
"13515","EPS8L2"
"13516","TMEM80"
"13517","AP006621.4"
"13518","TALDO1"
"13519","GATD1"
"13520","AP006621.3"
"13521","CEND1"
"13522","SLC25A22"
"13523","PANO1"
"13524","PIDD1"
"13525","RPLP2"
"13526","PNPLA2"
"13527","AP006621.1"
"13528","CD151"
"13529","POLR2L"
"13530","TSPAN4"
"13531","AP006623.1"
"13532","CHID1"
"13533","AP2A2"
"13534","MUC6"
"13535","TOLLIP"
"13536","TOLLIP-AS1"
"13537","AC136297.1"
"13538","LINC02689"
"13539","BRSK2"
"13540","MOB2"
"13541","DUSP8"
"13542","KRTAP5-AS1"
"13543","IFITM10"
"13544","CTSD"
"13545","LSP1"
"13546","MRPL23"
"13547","TSPAN32"
"13548","CD81-AS1"
"13549","CD81"
"13550","TSSC4"
"13551","KCNQ1"
"13552","KCNQ1OT1"
"13553","CDKN1C"
"13554","SLC22A18"
"13555","NAP1L4"
"13556","AC131971.1"
"13557","CARS"
"13558","CARS-AS1"
"13559","AC108448.3"
"13560","OSBPL5"
"13561","ZNF195"
"13562","AC127526.1"
"13563","AC127526.2"
"13564","CHRNA10"
"13565","NUP98"
"13566","PGAP2"
"13567","RHOG"
"13568","STIM1"
"13569","RRM1"
"13570","LINC02749"
"13571","TRIM21"
"13572","OR52I1"
"13573","TRIM68"
"13574","OR51D1"
"13575","MMP26"
"13576","HBB"
"13577","HBG1"
"13578","HBG2"
"13579","AC104389.5"
"13580","OR51M1"
"13581","OR51I2"
"13582","TRIM6"
"13583","TRIM34"
"13584","TRIM5"
"13585","TRIM22"
"13586","OR52N1"
"13587","OR56A3"
"13588","OR56A1"
"13589","AC022762.1"
"13590","AC022762.2"
"13591","C11orf42"
"13592","FAM160A2"
"13593","CNGA4"
"13594","CCKBR"
"13595","AC068733.3"
"13596","SMPD1"
"13597","APBB1"
"13598","HPX"
"13599","TRIM3"
"13600","ARFIP2"
"13601","TIMM10B"
"13602","DNHD1"
"13603","RRP8"
"13604","ILK"
"13605","TAF10"
"13606","TPP1"
"13607","DCHS1"
"13608","AC091564.4"
"13609","AC091564.5"
"13610","MRPL17"
"13611","OR2AG2"
"13612","OR2AG1"
"13613","OR6A2"
"13614","AC087280.2"
"13615","OR10A2"
"13616","ZNF215"
"13617","ZNF214"
"13618","NLRP14"
"13619","SYT9"
"13620","AC107884.1"
"13621","OLFML1"
"13622","PPFIBP2"
"13623","CYB5R2"
"13624","OVCH2"
"13625","AC104237.1"
"13626","AC044810.2"
"13627","EIF3F"
"13628","TUB"
"13629","AC116456.1"
"13630","RIC3"
"13631","RIC3-DT"
"13632","LMO1"
"13633","STK33"
"13634","TRIM66"
"13635","AC091053.2"
"13636","RPL27A"
"13637","ST5"
"13638","AC026894.1"
"13639","AKIP1"
"13640","C11orf16"
"13641","TMEM9B"
"13642","TMEM9B-AS1"
"13643","NRIP3"
"13644","AC079296.1"
"13645","SCUBE2"
"13646","DENND5A"
"13647","AP006259.1"
"13648","TMEM41B"
"13649","IPO7"
"13650","AC132192.1"
"13651","AC132192.2"
"13652","ZNF143"
"13653","WEE1"
"13654","SWAP70"
"13655","LINC02709"
"13656","SBF2-AS1"
"13657","SBF2"
"13658","AC011092.2"
"13659","AC011092.3"
"13660","AC100763.1"
"13661","AMPD3"
"13662","MTRNR2L8"
"13663","RNF141"
"13664","MRVI1-AS1"
"13665","LYVE1"
"13666","MRVI1"
"13667","CTR9"
"13668","EIF4G2"
"13669","AC116535.1"
"13670","ZBED5"
"13671","ZBED5-AS1"
"13672","AC069360.1"
"13673","LINC02752"
"13674","GALNT18"
"13675","AC023946.1"
"13676","AC104031.1"
"13677","AC104383.2"
"13678","USP47"
"13679","DKK3"
"13680","MICAL2"
"13681","PARVA"
"13682","AC107881.1"
"13683","TEAD1"
"13684","AC013549.1"
"13685","LINC00958"
"13686","RASSF10-DT"
"13687","RASSF10"
"13688","ARNTL"
"13689","BTBD10"
"13690","AC021269.3"
"13691","PTH"
"13692","FAR1"
"13693","FAR1-IT1"
"13694","LINC02548"
"13695","SPON1"
"13696","SPON1-AS1"
"13697","RRAS2"
"13698","COPB1"
"13699","PSMA1"
"13700","PDE3B"
"13701","CYP2R1"
"13702","CALCB"
"13703","INSC"
"13704","AC087379.2"
"13705","AC087379.1"
"13706","SOX6"
"13707","AC103794.1"
"13708","C11orf58"
"13709","PLEKHA7"
"13710","RPS13"
"13711","PIK3C2A"
"13712","NUCB2"
"13713","NCR3LG1"
"13714","AC124798.1"
"13715","KCNJ11"
"13716","ABCC8"
"13717","AC124798.3"
"13718","OTOG"
"13719","KCNC1"
"13720","SERGEF"
"13721","TPH1"
"13722","SAAL1"
"13723","HPS5"
"13724","GTF2H1"
"13725","LDHA"
"13726","LDHC"
"13727","LDHAL6A"
"13728","TSG101"
"13729","AC027544.2"
"13730","UEVLD"
"13731","SPTY2D1OS"
"13732","SPTY2D1"
"13733","TMEM86A"
"13734","IGSF22"
"13735","AC103974.1"
"13736","PTPN5"
"13737","AC103974.2"
"13738","ZDHHC13"
"13739","CSRP3"
"13740","CSRP3-AS1"
"13741","E2F8"
"13742","NAV2"
"13743","AC009549.1"
"13744","NAV2-AS3"
"13745","NAV2-AS2"
"13746","NAV2-AS1"
"13747","HTATIP2"
"13748","PRMT3"
"13749","SLC6A5"
"13750","NELL1"
"13751","AC090857.2"
"13752","AC130307.1"
"13753","ANO5"
"13754","AC116534.1"
"13755","AC107886.1"
"13756","AC104009.1"
"13757","SLC17A6"
"13758","AC040936.1"
"13759","LINC01495"
"13760","AC055878.1"
"13761","FANCF"
"13762","GAS2"
"13763","SVIP"
"13764","AC006299.1"
"13765","LINC02718"
"13766","LINC02726"
"13767","AC100768.1"
"13768","LUZP2"
"13769","ANO3"
"13770","ANO3-AS1"
"13771","FIBIN"
"13772","BBOX1"
"13773","BBOX1-AS1"
"13774","CCDC34"
"13775","LGR4"
"13776","AC100771.2"
"13777","LIN7C"
"13778","BDNF-AS"
"13779","BDNF"
"13780","AC103796.1"
"13781","AC090159.1"
"13782","KIF18A"
"13783","METTL15"
"13784","LINC02742"
"13785","LINC02755"
"13786","LINC02546"
"13787","AC107973.1"
"13788","LINC01616"
"13789","KCNA4"
"13790","AL358944.1"
"13791","ARL14EP"
"13792","MPPED2"
"13793","AL353699.1"
"13794","MPPED2-AS1"
"13795","AL122014.1"
"13796","DCDC1"
"13797","DNAJC24"
"13798","IMMP1L"
"13799","ELP4"
"13800","AC131571.1"
"13801","PAX6"
"13802","PAUPAR"
"13803","AL035078.1"
"13804","RCN1"
"13805","AL078612.1"
"13806","EIF3M"
"13807","CCDC73"
"13808","PRRG4"
"13809","QSER1"
"13810","DEPDC7"
"13811","TCP11L1"
"13812","LINC00294"
"13813","CSTF3"
"13814","CSTF3-DT"
"13815","HIPK3"
"13816","KIAA1549L"
"13817","AL049629.1"
"13818","CD59"
"13819","FBXO3"
"13820","LMO2"
"13821","AC090469.1"
"13822","CAPRIN1"
"13823","NAT10"
"13824","ABTB2"
"13825","CAT"
"13826","APIP"
"13827","PDHX"
"13828","CD44"
"13829","SLC1A2"
"13830","AL133330.2"
"13831","AC090625.2"
"13832","PAMR1"
"13833","AL135934.1"
"13834","FJX1"
"13835","TRIM44"
"13836","AC090692.2"
"13837","LDLRAD3"
"13838","AL136146.2"
"13839","COMMD9"
"13840","PRR5L"
"13841","AC087277.1"
"13842","TRAF6"
"13843","RAG1"
"13844","RAG2"
"13845","C11orf74"
"13846","LINC02759"
"13847","AC021723.2"
"13848","LRRC4C"
"13849","AC090138.1"
"13850","LINC02741"
"13851","LINC01499"
"13852","LINC02745"
"13853","LINC02740"
"13854","API5"
"13855","AC087276.2"
"13856","TTC17"
"13857","AC087276.3"
"13858","AC087276.1"
"13859","AC068205.1"
"13860","AC068205.2"
"13861","HSD17B12"
"13862","AC087521.2"
"13863","ALKBH3"
"13864","ALKBH3-AS1"
"13865","AC087521.3"
"13866","C11orf96"
"13867","AC087521.1"
"13868","ACCS"
"13869","EXT2"
"13870","ALX4"
"13871","CD82"
"13872","TSPAN18-AS1"
"13873","TSPAN18"
"13874","TP53I11"
"13875","PRDM11"
"13876","AC103681.2"
"13877","SYT13"
"13878","LINC02696"
"13879","LINC02687"
"13880","AC103855.3"
"13881","AC103855.2"
"13882","CHST1"
"13883","AC044839.1"
"13884","LINC02716"
"13885","SLC35C1"
"13886","AC044839.3"
"13887","CRY2"
"13888","MAPK8IP1"
"13889","AC068385.1"
"13890","PEX16"
"13891","PHF21A"
"13892","AC024475.1"
"13893","AC024475.3"
"13894","CREB3L1"
"13895","DGKZ"
"13896","MDK"
"13897","AMBRA1"
"13898","AC127035.1"
"13899","HARBI1"
"13900","ATG13"
"13901","ARHGAP1"
"13902","ZNF408"
"13903","F2"
"13904","CKAP5"
"13905","LRP4-AS1"
"13906","LRP4"
"13907","C11orf49"
"13908","AC090589.2"
"13909","ARFGAP2"
"13910","DDB2"
"13911","AC018410.2"
"13912","ACP2"
"13913","NR1H3"
"13914","MADD"
"13915","AC018410.1"
"13916","MYBPC3"
"13917","SPI1"
"13918","AC090559.1"
"13919","SLC39A13"
"13920","PSMC3"
"13921","CELF1"
"13922","AC090559.2"
"13923","NDUFS3"
"13924","PTPMT1"
"13925","KBTBD4"
"13926","KF459542.1"
"13927","FAM180B"
"13928","C1QTNF4"
"13929","MTCH2"
"13930","AGBL2"
"13931","FNBP4"
"13932","NUP160"
"13933","PTPRJ"
"13934","PTPRJ-AS1"
"13935","FOLH1"
"13936","LINC02750"
"13937","LINC02735"
"13938","LRRC55"
"13939","TNKS1BP1"
"13940","SSRP1"
"13941","P2RX3"
"13942","SLC43A3"
"13943","RTN4RL2"
"13944","SLC43A1"
"13945","TIMM10"
"13946","SMTNL1"
"13947","UBE2L6"
"13948","SERPING1"
"13949","AP000662.1"
"13950","YPEL4"
"13951","CLP1"
"13952","ZDHHC5"
"13953","MED19"
"13954","TMX2"
"13955","SELENOH"
"13956","BTBD18"
"13957","CTNND1"
"13958","OR9Q1"
"13959","LPXN"
"13960","ZFP91"
"13961","AP001350.1"
"13962","CNTF"
"13963","GLYAT"
"13964","GLYATL2"
"13965","GLYATL1"
"13966","AP001636.3"
"13967","GLYATL1B"
"13968","FAM111B"
"13969","FAM111A-DT"
"13970","FAM111A"
"13971","DTX4"
"13972","OR4D9"
"13973","AP003778.1"
"13974","LINC02739"
"13975","AP000442.1"
"13976","OSBP"
"13977","PATL1"
"13978","AP000640.2"
"13979","STX3"
"13980","AP000640.1"
"13981","MRPL16"
"13982","CBLIF"
"13983","TCN1"
"13984","OOSP3"
"13985","OOSP1"
"13986","OOSP4A"
"13987","OOSP4B"
"13988","MS4A4A"
"13989","MS4A4E"
"13990","MS4A7"
"13991","MS4A5"
"13992","MS4A13"
"13993","MS4A15"
"13994","AP000777.3"
"13995","CCDC86"
"13996","PRPF19"
"13997","TMEM109"
"13998","AP003721.1"
"13999","TMEM132A"
"14000","SLC15A3"
"14001","CD6"
"14002","AP003721.2"
"14003","CD5"
"14004","VPS37C"
"14005","PGA3"
"14006","VWCE"
"14007","DDB1"
"14008","TKFC"
"14009","CYB561A3"
"14010","TMEM138"
"14011","TMEM216"
"14012","CPSF7"
"14013","SDHAF2"
"14014","PPP1R32"
"14015","AP003108.1"
"14016","LRRC10B"
"14017","SYT7"
"14018","AP003559.1"
"14019","DAGLA"
"14020","MYRF"
"14021","TMEM258"
"14022","FEN1"
"14023","FADS2"
"14024","FADS1"
"14025","FADS3"
"14026","RAB3IL1"
"14027","BEST1"
"14028","FTH1"
"14029","LINC02733"
"14030","AP002793.1"
"14031","INCENP"
"14032","AP003306.1"
"14033","AP003306.2"
"14034","ASRGL1"
"14035","AP003064.1"
"14036","SCGB1A1"
"14037","AP003064.2"
"14038","AHNAK"
"14039","EEF1G"
"14040","TUT1"
"14041","MTA2"
"14042","EML3"
"14043","ROM1"
"14044","B3GAT3"
"14045","GANAB"
"14046","INTS5"
"14047","C11orf98"
"14048","LBHD1"
"14049","CSKMT"
"14050","UQCC3"
"14051","UBXN1"
"14052","LRRN4CL"
"14053","BSCL2"
"14054","GNG3"
"14055","HNRNPUL2"
"14056","TTC9C"
"14057","ZBTB3"
"14058","POLR2G"
"14059","AP001160.2"
"14060","TAF6L"
"14061","TMEM223"
"14062","AP001160.3"
"14063","TMEM179B"
"14064","NXF1"
"14065","STX5"
"14066","AP001160.4"
"14067","AP001160.1"
"14068","WDR74"
"14069","SNHG1"
"14070","SLC3A2"
"14071","CHRM1"
"14072","AP000438.1"
"14073","SLC22A6"
"14074","SLC22A24"
"14075","SLC22A10"
"14076","SLC22A25"
"14077","PLAAT5"
"14078","PLAAT3"
"14079","ATL3"
"14080","AP000753.2"
"14081","RTN3"
"14082","C11orf95"
"14083","SPINDOC"
"14084","MARK2"
"14085","RCOR2"
"14086","NAA40"
"14087","COX8A"
"14088","OTUB1"
"14089","MACROD1"
"14090","AP000721.2"
"14091","FLRT1"
"14092","AP006333.1"
"14093","STIP1"
"14094","FERMT3"
"14095","TRPT1"
"14096","NUDT22"
"14097","AP001453.1"
"14098","DNAJC4"
"14099","VEGFB"
"14100","FKBP2"
"14101","PPP1R14B"
"14102","PPP1R14B-AS1"
"14103","AP001453.2"
"14104","PLCB3"
"14105","BAD"
"14106","GPR137"
"14107","KCNK4"
"14108","CATSPERZ"
"14109","ESRRA"
"14110","TRMT112"
"14111","PRDX5"
"14112","AP003774.2"
"14113","CCDC88B"
"14114","RPS6KA4"
"14115","AP003774.1"
"14116","NRXN2"
"14117","AP001092.1"
"14118","RASGRP2"
"14119","SF1"
"14120","AP001462.1"
"14121","MAP4K2"
"14122","MEN1"
"14123","CDC42BPG"
"14124","EHD1"
"14125","ATG2A"
"14126","PPP2R5B"
"14127","MAJIN"
"14128","ARL2"
"14129","SNX15"
"14130","SAC3D1"
"14131","NAALADL1"
"14132","CDCA5"
"14133","ZFPL1"
"14134","TMEM262"
"14135","VPS51"
"14136","AP003068.1"
"14137","TM7SF2"
"14138","ZNHIT2"
"14139","FAU"
"14140","SYVN1"
"14141","MRPL49"
"14142","AP003068.2"
"14143","CAPN1"
"14144","POLA2"
"14145","AP000944.7"
"14146","CDC42EP2"
"14147","DPF2"
"14148","TIGD3"
"14149","SLC25A45"
"14150","FRMD8"
"14151","NEAT1"
"14152","LINC02736"
"14153","AP000769.6"
"14154","MALAT1"
"14155","AP000769.2"
"14156","SCYL1"
"14157","LTBP3"
"14158","SSSCA1-AS1"
"14159","ZNRD2"
"14160","FAM89B"
"14161","EHBP1L1"
"14162","KCNK7"
"14163","MAP3K11"
"14164","PCNX3"
"14165","SIPA1"
"14166","RELA"
"14167","RELA-DT"
"14168","KAT5"
"14169","RNASEH2C"
"14170","AP001266.2"
"14171","AP5B1"
"14172","CFL1"
"14173","SNX32"
"14174","MUS81"
"14175","EFEMP2"
"14176","FIBP"
"14177","CCDC85B"
"14178","FOSL1"
"14179","C11orf68"
"14180","DRAP1"
"14181","SART1"
"14182","EIF1AD"
"14183","BANF1"
"14184","GAL3ST3"
"14185","SF3B2"
"14186","AP006287.2"
"14187","PACS1"
"14188","AP000759.1"
"14189","KLC2"
"14190","AP001107.4"
"14191","RAB1B"
"14192","AP001107.1"
"14193","AP001107.2"
"14194","CNIH2"
"14195","YIF1A"
"14196","TMEM151A"
"14197","RIN1"
"14198","BRMS1"
"14199","B4GAT1"
"14200","AP001107.9"
"14201","SLC29A2"
"14202","AP001107.5"
"14203","NPAS4"
"14204","MRPL11"
"14205","PELI3"
"14206","AP002748.4"
"14207","DPP3"
"14208","BBS1"
"14209","AP002748.6"
"14210","ZDHHC24"
"14211","ACTN3"
"14212","CTSF"
"14213","CCDC87"
"14214","CCS"
"14215","RBM14"
"14216","RBM4"
"14217","RBM4B"
"14218","SPTBN2"
"14219","C11orf80"
"14220","RCE1"
"14221","PC"
"14222","LRFN4"
"14223","SYT12"
"14224","RHOD"
"14225","KDM2A"
"14226","AP001885.3"
"14227","GRK2"
"14228","ANKRD13D"
"14229","SSH3"
"14230","AP001885.2"
"14231","RAD9A"
"14232","POLD4"
"14233","CLCF1"
"14234","AP003419.3"
"14235","PPP1CA"
"14236","TBC1D10C"
"14237","RPS6KB2"
"14238","RPS6KB2-AS1"
"14239","CORO1B"
"14240","CABP4"
"14241","TMEM134"
"14242","AIP"
"14243","PITPNM1"
"14244","CDK2AP2"
"14245","GSTP1"
"14246","NDUFV1"
"14247","NUDT8"
"14248","LINC02754"
"14249","ALDH3B1"
"14250","AC004923.4"
"14251","NDUFS8"
"14252","AP002807.1"
"14253","CHKA"
"14254","AP002992.1"
"14255","KMT5B"
"14256","C11orf24"
"14257","AP002813.1"
"14258","LRP5"
"14259","PPP6R3"
"14260","AP003096.1"
"14261","TESMIN"
"14262","CPT1A"
"14263","LINC02701"
"14264","MRPL21"
"14265","IGHMBP2"
"14266","MRGPRF"
"14267","TPCN2"
"14268","AP003071.2"
"14269","MYEOV"
"14270","CCND1"
"14271","LTO1"
"14272","ANO1"
"14273","FADD"
"14274","PPFIA1"
"14275","AP002336.2"
"14276","AP002336.1"
"14277","AP000487.2"
"14278","AP000487.1"
"14279","CTTN"
"14280","SHANK2"
"14281","SHANK2-AS1"
"14282","AP003783.1"
"14283","DHCR7"
"14284","AP002387.2"
"14285","NADSYN1"
"14286","KRTAP5-7"
"14287","KRTAP5-11"
"14288","ALG1L9P"
"14289","FAM86C1"
"14290","AP002495.1"
"14291","DEFB131B"
"14292","RNF121"
"14293","IL18BP"
"14294","NUMA1"
"14295","AP002490.1"
"14296","LRTOMT"
"14297","LAMTOR1"
"14298","ANAPC15"
"14299","AP000812.1"
"14300","FOLR2"
"14301","INPPL1"
"14302","AP000593.4"
"14303","CLPB"
"14304","AP002892.1"
"14305","LINC01537"
"14306","PDE2A"
"14307","ARAP1"
"14308","ARAP1-AS2"
"14309","STARD10"
"14310","AP002381.2"
"14311","ATG16L2"
"14312","FCHSD2"
"14313","AP002761.2"
"14314","ARHGEF17"
"14315","RELT"
"14316","FAM168A"
"14317","AP000763.3"
"14318","PLEKHB1"
"14319","RAB6A"
"14320","MRPL48"
"14321","COA4"
"14322","PAAF1"
"14323","UCP2"
"14324","AP003717.4"
"14325","UCP3"
"14326","C2CD3"
"14327","PPME1"
"14328","P4HA3"
"14329","PGM2L1"
"14330","AP001372.1"
"14331","KCNE3"
"14332","LIPT2"
"14333","AP001372.2"
"14334","POLD3"
"14335","RNF169"
"14336","XRRA1"
"14337","AP001992.2"
"14338","SPCS2"
"14339","NEU3"
"14340","OR2AT4"
"14341","SLCO2B1"
"14342","AP001972.3"
"14343","ARRB1"
"14344","RPS3"
"14345","KLHL35"
"14346","GDPD5"
"14347","SERPINH1"
"14348","AP001922.5"
"14349","MAP6"
"14350","AP001922.6"
"14351","DGAT2"
"14352","UVRAG-DT"
"14353","UVRAG"
"14354","AP003168.2"
"14355","WNT11"
"14356","THAP12"
"14357","GVQW3"
"14358","AP002360.1"
"14359","EMSY"
"14360","TSKU"
"14361","AP003119.2"
"14362","AP003119.3"
"14363","ACER3"
"14364","AP002498.1"
"14365","CAPN5"
"14366","MYO7A"
"14367","GDPD4"
"14368","PAK1"
"14369","AP003680.1"
"14370","CLNS1A"
"14371","AQP11"
"14372","RSF1"
"14373","RSF1-IT2"
"14374","RSF1-IT1"
"14375","AAMDC"
"14376","AP002812.2"
"14377","INTS4"
"14378","KCTD14"
"14379","THRSP"
"14380","NDUFC2"
"14381","ALG8"
"14382","KCTD21-AS1"
"14383","KCTD21"
"14384","USP35"
"14385","GAB2"
"14386","AP003086.1"
"14387","LINC02728"
"14388","NARS2"
"14389","AP003110.1"
"14390","TENM4"
"14391","AP002768.1"
"14392","AP002957.1"
"14393","AP001547.1"
"14394","AP001978.1"
"14395","AP006295.1"
"14396","LINC02720"
"14397","AP003398.2"
"14398","AP003464.1"
"14399","MIR4300HG"
"14400","AP002802.1"
"14401","AP000793.1"
"14402","FAM181B"
"14403","LINC02734"
"14404","PRCP"
"14405","DDIAS"
"14406","RAB30"
"14407","RAB30-DT"
"14408","AP001767.3"
"14409","PCF11"
"14410","AP000873.4"
"14411","AP000873.2"
"14412","PCF11-AS1"
"14413","ANKRD42"
"14414","AP000873.3"
"14415","CCDC90B"
"14416","AP000446.1"
"14417","DLG2"
"14418","AP002370.2"
"14419","AP001825.1"
"14420","AP000857.2"
"14421","TMEM126B"
"14422","TMEM126A"
"14423","CREBZF"
"14424","SYTL2"
"14425","CCDC83"
"14426","PICALM"
"14427","EED"
"14428","HIKESHI"
"14429","CCDC81"
"14430","AP001831.1"
"14431","ME3"
"14432","AP003059.1"
"14433","AP003059.2"
"14434","PRSS23"
"14435","AP000654.1"
"14436","AP001528.1"
"14437","FZD4"
"14438","FZD4-DT"
"14439","TMEM135"
"14440","AP000676.5"
"14441","RAB38"
"14442","CTSC"
"14443","AP003120.1"
"14444","GRM5-AS1"
"14445","GRM5"
"14446","TYR"
"14447","NOX4"
"14448","AP003400.1"
"14449","NAALAD2"
"14450","CHORDC1"
"14451","DISC1FP1"
"14452","LINC02756"
"14453","FAT3"
"14454","AP000722.1"
"14455","AP003718.1"
"14456","MTNR1B"
"14457","SLC36A4"
"14458","DEUP1"
"14459","SMCO4"
"14460","CEP295"
"14461","SCARNA9"
"14462","TAF1D"
"14463","C11orf54"
"14464","MED17"
"14465","VSTM5"
"14466","HEPHL1"
"14467","PANX1"
"14468","AP002784.1"
"14469","GPR83"
"14470","MRE11"
"14471","ANKRD49"
"14472","FUT4"
"14473","PIWIL4"
"14474","AP000943.2"
"14475","AMOTL1"
"14476","AP002383.2"
"14477","CWC15"
"14478","KDM4D"
"14479","SRSF8"
"14480","ENDOD1"
"14481","AP000787.1"
"14482","SESN3"
"14483","AP000820.2"
"14484","FAM76B"
"14485","CEP57"
"14486","MTMR2"
"14487","MAML2"
"14488","AP000779.1"
"14489","CCDC82"
"14490","JRKL"
"14491","JRKL-AS1"
"14492","AP003066.1"
"14493","LINC02713"
"14494","AP003715.1"
"14495","AP002428.1"
"14496","CNTN5"
"14497","ARHGAP42"
"14498","PGR-AS1"
"14499","TRPC6"
"14500","ANGPTL5"
"14501","CEP126"
"14502","CFAP300"
"14503","YAP1"
"14504","BIRC3"
"14505","BIRC2"
"14506","TMEM123"
"14507","AP001830.1"
"14508","MMP20"
"14509","DCUN1D5"
"14510","DYNC2H1"
"14511","AP002961.1"
"14512","AP002989.1"
"14513","PDGFD"
"14514","DDI1"
"14515","LINC02552"
"14516","CASP1"
"14517","CARD18"
"14518","GRIA4"
"14519","AP000813.1"
"14520","MSANTD4"
"14521","KBTBD3"
"14522","AASDHPPT"
"14523","AP001001.1"
"14524","GUCY1A2"
"14525","AP000766.1"
"14526","CWF19L2"
"14527","ALKBH8"
"14528","ELMOD1"
"14529","SLN"
"14530","SLC35F2"
"14531","RAB39A"
"14532","AP003307.1"
"14533","CUL5"
"14534","AP002433.1"
"14535","ACAT1"
"14536","AP002433.2"
"14537","NPAT"
"14538","ATM"
"14539","C11orf65"
"14540","POGLUT3"
"14541","EXPH5"
"14542","DDX10"
"14543","AP003123.1"
"14544","AP003049.2"
"14545","C11orf87"
"14546","LINC02715"
"14547","RDX"
"14548","AP001981.2"
"14549","ZC3H12C"
"14550","LINC02732"
"14551","FDX1"
"14552","ARHGAP20"
"14553","AP003973.4"
"14554","LINC02550"
"14555","C11orf53"
"14556","COLCA1"
"14557","COLCA2"
"14558","POU2AF1"
"14559","BTG4"
"14560","LAYN"
"14561","SIK2"
"14562","PPP2R1B"
"14563","AP001781.1"
"14564","ALG9"
"14565","ALG9-IT1"
"14566","FDXACB1"
"14567","C11orf1"
"14568","CRYAB"
"14569","HSPB2"
"14570","DIXDC1"
"14571","DLAT"
"14572","PIH1D2"
"14573","NKAPD1"
"14574","TIMM8B"
"14575","SDHD"
"14576","IL18"
"14577","AP002884.1"
"14578","TEX12"
"14579","BCO2"
"14580","PTS"
"14581","PLET1"
"14582","AP002884.3"
"14583","LINC02762"
"14584","LINC02763"
"14585","LINC02764"
"14586","AP003100.2"
"14587","AP003100.3"
"14588","AP000802.1"
"14589","NCAM1"
"14590","NCAM1-AS1"
"14591","AP000880.1"
"14592","TTC12"
"14593","ANKK1"
"14594","DRD2"
"14595","TMPRSS5"
"14596","ZW10"
"14597","USP28"
"14598","AP003170.3"
"14599","HTR3B"
"14600","HTR3A"
"14601","ZBTB16"
"14602","AP002755.1"
"14603","AP002518.2"
"14604","NNMT"
"14605","C11orf71"
"14606","RBM7"
"14607","REXO2"
"14608","NXPE1"
"14609","NXPE4"
"14610","NXPE2"
"14611","CADM1"
"14612","AP000465.1"
"14613","AP000462.3"
"14614","AP000462.1"
"14615","AP000462.2"
"14616","AP003174.1"
"14617","LINC02698"
"14618","LINC00900"
"14619","LINC02702"
"14620","BUD13"
"14621","AP006216.1"
"14622","ZPR1"
"14623","APOA1"
"14624","APOA1-AS"
"14625","SIK3"
"14626","AP000936.1"
"14627","PAFAH1B2"
"14628","SIDT2"
"14629","TAGLN"
"14630","PCSK7"
"14631","RNF214"
"14632","BACE1"
"14633","BACE1-AS"
"14634","AP000892.3"
"14635","CEP164"
"14636","AP000892.1"
"14637","DSCAML1"
"14638","FXYD2"
"14639","AP000757.1"
"14640","FXYD6"
"14641","TMPRSS13"
"14642","IL10RA"
"14643","SMIM35"
"14644","SCN4B"
"14645","SCN2B"
"14646","MPZL3"
"14647","CD3G"
"14648","UBE4A"
"14649","AP001267.1"
"14650","ATP5MG"
"14651","AP001267.2"
"14652","KMT2A"
"14653","AP001267.3"
"14654","TTC36"
"14655","TMEM25"
"14656","IFT46"
"14657","ARCN1"
"14658","PHLDB1"
"14659","AP000941.1"
"14660","TREH"
"14661","AP002954.1"
"14662","AP002954.2"
"14663","DDX6"
"14664","AP004609.3"
"14665","CXCR5"
"14666","BCL9L"
"14667","UPK2"
"14668","FOXR1"
"14669","CCDC84-DT"
"14670","CCDC84"
"14671","AP003392.1"
"14672","RPS25"
"14673","TRAPPC4"
"14674","SLC37A4"
"14675","AP003392.3"
"14676","HYOU1"
"14677","AP003392.5"
"14678","VPS11"
"14679","HMBS"
"14680","H2AFX"
"14681","DPAGT1"
"14682","C2CD2L"
"14683","HINFP"
"14684","ABCG4"
"14685","NLRX1"
"14686","CCDC153"
"14687","CBL"
"14688","MCAM"
"14689","RNF26"
"14690","USP2"
"14691","USP2-AS1"
"14692","THY1"
"14693","AP003396.5"
"14694","AP003393.1"
"14695","NECTIN1"
"14696","NECTIN1-AS1"
"14697","AP003390.1"
"14698","AP001994.2"
"14699","TRIM29"
"14700","OAF"
"14701","POU2F3"
"14702","AP001150.1"
"14703","TLCD5"
"14704","ARHGEF12"
"14705","GRIK4"
"14706","AP004147.1"
"14707","TBCEL"
"14708","TECTA"
"14709","SC5D"
"14710","AP000977.1"
"14711","SORL1"
"14712","AP001977.1"
"14713","AP001924.1"
"14714","MIR100HG"
"14715","BLID"
"14716","AP000755.1"
"14717","AP000755.2"
"14718","UBASH3B"
"14719","AP002762.3"
"14720","AP002762.2"
"14721","CRTAM"
"14722","JHY"
"14723","HSPA8"
"14724","AP000926.2"
"14725","CLMP"
"14726","AP001970.1"
"14727","GRAMD1B"
"14728","SCN3B"
"14729","ZNF202"
"14730","VWA5A"
"14731","OR8A1"
"14732","TBRG1"
"14733","SIAE"
"14734","SPA17"
"14735","NRGN"
"14736","ESAM"
"14737","AP000866.2"
"14738","MSANTD2"
"14739","AP000866.6"
"14740","AP000866.1"
"14741","ROBO3"
"14742","AP003501.1"
"14743","ROBO4"
"14744","HEPACAM"
"14745","HEPN1"
"14746","CCDC15-DT"
"14747","CCDC15"
"14748","SLC37A2"
"14749","TMEM218"
"14750","AP001007.2"
"14751","PKNOX2"
"14752","AP001007.1"
"14753","FEZ1"
"14754","AP000708.1"
"14755","EI24"
"14756","STT3A"
"14757","CHEK1"
"14758","ACRV1"
"14759","PATE1"
"14760","PATE2"
"14761","PATE4"
"14762","AP000842.3"
"14763","HYLS1"
"14764","PUS3"
"14765","AP000842.2"
"14766","DDX25"
"14767","VSIG10L2"
"14768","CDON"
"14769","AP001893.3"
"14770","RPUSD4"
"14771","AP001893.1"
"14772","FAM118B"
"14773","SRPRA"
"14774","FOXRED1"
"14775","TIRAP"
"14776","AP001318.1"
"14777","AP001318.2"
"14778","DCPS"
"14779","GSEC"
"14780","ST3GAL4"
"14781","KIRREL3"
"14782","KIRREL3-AS1"
"14783","AP001783.1"
"14784","AP002833.1"
"14785","KIRREL3-AS2"
"14786","AP002833.2"
"14787","AP001993.1"
"14788","LINC02712"
"14789","LINC02725"
"14790","ETS1"
"14791","FLI1"
"14792","KCNJ5"
"14793","TP53AIP1"
"14794","ARHGAP32"
"14795","TMEM45B"
"14796","NFRKB"
"14797","PRDM10"
"14798","APLP2"
"14799","ST14"
"14800","ZBTB44"
"14801","ZBTB44-DT"
"14802","ADAMTS8"
"14803","ADAMTS15"
"14804","LINC02551"
"14805","AP003486.1"
"14806","SNX19"
"14807","AP002856.3"
"14808","AP002856.2"
"14809","NTM"
"14810","AP003025.1"
"14811","AP003025.2"
"14812","NTM-AS1"
"14813","AP000844.2"
"14814","AP000844.1"
"14815","OPCML"
"14816","OPCML-IT2"
"14817","OPCML-IT1"
"14818","AP004606.1"
"14819","LINC02743"
"14820","IGSF9B"
"14821","LINC02730"
"14822","LINC02731"
"14823","JAM3"
"14824","NCAPD3"
"14825","AP001775.2"
"14826","VPS26B"
"14827","THYN1"
"14828","ACAD8"
"14829","GLB1L3"
"14830","GLB1L2"
"14831","B3GAT1"
"14832","AP004608.1"
"14833","AP004550.1"
"14834","LINC02714"
"14835","LINC02717"
"14836","IQSEC3"
"14837","AC026369.3"
"14838","AC026369.1"
"14839","AC007406.3"
"14840","SLC6A12"
"14841","AC007406.4"
"14842","SLC6A13"
"14843","AC007406.5"
"14844","KDM5A"
"14845","CCDC77"
"14846","B4GALNT3"
"14847","NINJ2"
"14848","AC021054.1"
"14849","WNK1"
"14850","AC004765.1"
"14851","RAD52"
"14852","AC004803.1"
"14853","ERC1"
"14854","AC004672.1"
"14855","WNT5B"
"14856","FBXL14"
"14857","ADIPOR2"
"14858","AC005343.1"
"14859","CACNA2D4"
"14860","LRTM2"
"14861","LINC00940"
"14862","DCP1B"
"14863","CACNA1C"
"14864","AC005342.1"
"14865","CACNA1C-AS4"
"14866","AC005293.1"
"14867","AC005414.1"
"14868","CACNA1C-AS2"
"14869","CACNA1C-AS1"
"14870","LINC02371"
"14871","FKBP4"
"14872","ITFG2-AS1"
"14873","ITFG2"
"14874","NRIP2"
"14875","TEX52"
"14876","FOXM1"
"14877","RHNO1"
"14878","TULP3"
"14879","AC005911.1"
"14880","TEAD4"
"14881","TSPAN9"
"14882","AC005865.2"
"14883","LINC02827"
"14884","PRMT8"
"14885","AC005908.3"
"14886","CRACR2A"
"14887","PARP11"
"14888","AC005842.1"
"14889","AC084375.1"
"14890","CCND2-AS1"
"14891","CCND2"
"14892","TIGAR"
"14893","FGF6"
"14894","C12orf4"
"14895","RAD51AP1"
"14896","DYRK4"
"14897","AKAP3"
"14898","NDUFA9"
"14899","GAU1"
"14900","GALNT8"
"14901","AC005833.2"
"14902","AC006063.1"
"14903","AC006063.3"
"14904","AC005906.2"
"14905","KCNA1"
"14906","KCNA5"
"14907","NTF3"
"14908","ANO2"
"14909","VWF"
"14910","CD9"
"14911","TNFRSF1A"
"14912","LTBR"
"14913","CD27-AS1"
"14914","CD27"
"14915","TAPBPL"
"14916","VAMP1"
"14917","MRPL51"
"14918","NCAPD2"
"14919","AC006064.5"
"14920","GAPDH"
"14921","AC006064.4"
"14922","IFFO1"
"14923","AC006064.1"
"14924","NOP2"
"14925","CHD4"
"14926","AC006064.2"
"14927","LPAR5"
"14928","ACRBP"
"14929","ING4"
"14930","AC125494.1"
"14931","ZNF384"
"14932","PIANP"
"14933","COPS7A"
"14934","MLF2"
"14935","PTMS"
"14936","LAG3"
"14937","CD4"
"14938","GPR162"
"14939","P3H3"
"14940","GNB3"
"14941","CDCA3"
"14942","USP5"
"14943","TPI1"
"14944","SPSB2"
"14945","LRRC23"
"14946","ENO2"
"14947","ATN1"
"14948","C12orf57"
"14949","U47924.2"
"14950","PTPN6"
"14951","PHB2"
"14952","EMG1"
"14953","LPCAT3"
"14954","C1S"
"14955","C1R"
"14956","C1RL"
"14957","C1RL-AS1"
"14958","RBP5"
"14959","AC018653.3"
"14960","CLSTN3"
"14961","AC018653.4"
"14962","PEX5"
"14963","ACSM4"
"14964","CD163L1"
"14965","CLEC4C"
"14966","NANOGNB"
"14967","NANOG"
"14968","SLC2A14"
"14969","AC006517.2"
"14970","SLC2A3"
"14971","AC006511.6"
"14972","AC006511.4"
"14973","FOXJ2"
"14974","C3AR1"
"14975","NECAP1"
"14976","CLEC4A"
"14977","FAM66C"
"14978","AC092111.2"
"14979","AC092111.1"
"14980","FAM90A1"
"14981","LINC02449"
"14982","AC092745.5"
"14983","AC092745.4"
"14984","LINC00937"
"14985","AC092490.2"
"14986","RIMKLB"
"14987","A2ML1-AS1"
"14988","A2ML1"
"14989","AC006581.2"
"14990","PHC1"
"14991","M6PR"
"14992","KLRG1"
"14993","AC006581.1"
"14994","LINC00612"
"14995","A2M-AS1"
"14996","A2M"
"14997","PZP"
"14998","LINC00987"
"14999","AC010175.1"
"15000","LINC02367"
"15001","AC092821.3"
"15002","KLRB1"
"15003","AC010186.3"
"15004","CLEC2D"
"15005","CLECL1"
"15006","CLEC2B"
"15007","CLEC2A"
"15008","LINC02470"
"15009","OLR1"
"15010","GABARAPL1"
"15011","KLRD1"
"15012","AC022075.1"
"15013","KLRK1"
"15014","KLRC3"
"15015","KLRC2"
"15016","KLRC1"
"15017","EIF2S3B"
"15018","LINC02446"
"15019","MAGOHB"
"15020","STYK1"
"15021","YBX3"
"15022","LINC02366"
"15023","PRH1"
"15024","TAS2R10"
"15025","PRR4"
"15026","TAS2R13"
"15027","PRH2"
"15028","TAS2R14"
"15029","TAS2R50"
"15030","TAS2R20"
"15031","TAS2R19"
"15032","TAS2R31"
"15033","TAS2R46"
"15034","TAS2R43"
"15035","TAS2R30"
"15036","SMIM10L1"
"15037","AC244131.2"
"15038","PRB3"
"15039","PRB4"
"15040","PRB1"
"15041","PRB2"
"15042","AC007450.1"
"15043","LINC01252"
"15044","ETV6"
"15045","BCL2L14"
"15046","LRP6"
"15047","MANSC1"
"15048","LOH12CR2"
"15049","BORCS5"
"15050","DUSP16"
"15051","AC007619.1"
"15052","CREBL2"
"15053","AC008115.4"
"15054","GPR19"
"15055","AC008115.2"
"15056","CDKN1B"
"15057","AC008115.3"
"15058","AC008115.1"
"15059","APOLD1"
"15060","DDX47"
"15061","GPRC5A"
"15062","GPRC5D-AS1"
"15063","HEBP1"
"15064","AC023790.2"
"15065","FAM234B"
"15066","GSG1"
"15067","EMP1"
"15068","AC022276.1"
"15069","LINC01559"
"15070","GRIN2B"
"15071","AC007527.1"
"15072","AC007527.2"
"15073","AC007535.1"
"15074","ATF7IP"
"15075","PLBD1"
"15076","AC008114.1"
"15077","PLBD1-AS1"
"15078","GUCY2C"
"15079","AC010168.1"
"15080","AC010168.2"
"15081","HIST4H4"
"15082","H2AFJ"
"15083","WBP11"
"15084","C12orf60"
"15085","ART4"
"15086","MGP"
"15087","ARHGDIB"
"15088","RERG"
"15089","PTPRO"
"15090","EPS8"
"15091","AC073651.1"
"15092","STRAP"
"15093","DERA"
"15094","SLC15A5"
"15095","MGST1"
"15096","LMO3"
"15097","AC007552.2"
"15098","AC007529.2"
"15099","AC092793.1"
"15100","AC092110.1"
"15101","AC048352.1"
"15102","LINC02378"
"15103","RERGL"
"15104","PIK3C2G"
"15105","PLCZ1"
"15106","AC087242.1"
"15107","PLEKHA5"
"15108","AC092828.1"
"15109","AEBP2"
"15110","AC137561.1"
"15111","AC024901.1"
"15112","LINC02398"
"15113","AC126468.1"
"15114","LINC02468"
"15115","AC129102.1"
"15116","PDE3A"
"15117","SLCO1C1"
"15118","SLCO1A2"
"15119","PYROXD1"
"15120","RECQL"
"15121","GOLT1B"
"15122","GYS2"
"15123","LDHB"
"15124","AC010197.1"
"15125","KCNJ8"
"15126","ABCC9"
"15127","AC008250.1"
"15128","CMAS"
"15129","ST8SIA1"
"15130","AC053513.1"
"15131","C2CD5"
"15132","AC053513.2"
"15133","AC087241.2"
"15134","ETNK1"
"15135","AC084816.1"
"15136","AC087235.1"
"15137","SOX5"
"15138","AC087260.1"
"15139","SOX5-AS1"
"15140","AC023796.1"
"15141","BCAT1"
"15142","AC023796.2"
"15143","LRMP"
"15144","CASC1"
"15145","ETFRF1"
"15146","KRAS"
"15147","AC092794.1"
"15148","AC092794.2"
"15149","AC087239.1"
"15150","LMNTD1"
"15151","AC019209.3"
"15152","RASSF8-AS1"
"15153","RASSF8"
"15154","BHLHE41"
"15155","SSPN"
"15156","AC022509.2"
"15157","AC024145.1"
"15158","ITPR2"
"15159","AC023051.1"
"15160","INTS13"
"15161","FGFR1OP2"
"15162","TM7SF3"
"15163","AC024896.1"
"15164","MED21"
"15165","AC092747.4"
"15166","AC092747.1"
"15167","STK38L"
"15168","ARNTL2"
"15169","ARNTL2-AS1"
"15170","SMCO2"
"15171","PPFIBP1"
"15172","REP15"
"15173","MRPS35"
"15174","MANSC4"
"15175","KLHL42"
"15176","AC009511.1"
"15177","AC008011.2"
"15178","CCDC91"
"15179","AC022364.1"
"15180","AC022079.1"
"15181","AC012150.1"
"15182","FAR2"
"15183","AC009318.4"
"15184","AC009318.1"
"15185","AC009318.3"
"15186","AC009318.2"
"15187","ERGIC2"
"15188","OVCH1-AS1"
"15189","OVCH1"
"15190","TMTC1"
"15191","AC009320.1"
"15192","AC023511.3"
"15193","IPO8"
"15194","AC012673.1"
"15195","CAPRIN2"
"15196","AC010198.1"
"15197","AC010198.2"
"15198","TSPAN11"
"15199","DDX11-AS1"
"15200","DDX11"
"15201","SINHCAF"
"15202","AC024940.1"
"15203","LINC02387"
"15204","DENND5B"
"15205","AC068792.1"
"15206","DENND5B-AS1"
"15207","AC068774.1"
"15208","ETFBKMT"
"15209","AMN1"
"15210","AC023157.3"
"15211","LINC02422"
"15212","RESF1"
"15213","AC016957.2"
"15214","AC048344.1"
"15215","BICD1"
"15216","AC048344.4"
"15217","AC026356.1"
"15218","AC026356.2"
"15219","FGD4"
"15220","DNM1L"
"15221","AC084824.5"
"15222","YARS2"
"15223","AC084824.3"
"15224","AC084824.4"
"15225","PKP2"
"15226","SYT10"
"15227","AC046130.1"
"15228","ALG10"
"15229","AC046130.2"
"15230","ALG10B"
"15231","AC087897.2"
"15232","CPNE8"
"15233","CPNE8-AS1"
"15234","LINC02406"
"15235","KIF21A"
"15236","ABCD2"
"15237","C12orf40"
"15238","SLC2A13"
"15239","LINC02471"
"15240","AC079630.1"
"15241","LRRK2"
"15242","MUC19"
"15243","CNTN1"
"15244","AC015540.1"
"15245","PDZRN4"
"15246","AC090531.1"
"15247","AC090630.1"
"15248","AC006197.2"
"15249","GXYLT1"
"15250","YAF2"
"15251","PPHLN1"
"15252","ZCRB1"
"15253","AC079684.1"
"15254","PRICKLE1"
"15255","AC079601.1"
"15256","ADAMTS20"
"15257","PUS7L"
"15258","IRAK4"
"15259","TWF1"
"15260","TMEM117"
"15261","AC025030.2"
"15262","AC025253.1"
"15263","AC025253.2"
"15264","NELL2"
"15265","AC008127.1"
"15266","AC009248.3"
"15267","ANO6"
"15268","AC079950.1"
"15269","AC008124.1"
"15270","ARID2"
"15271","SCAF11"
"15272","SLC38A1"
"15273","AC025031.3"
"15274","SLC38A2"
"15275","AC025031.2"
"15276","AC008014.1"
"15277","AC025031.1"
"15278","AC025031.4"
"15279","SLC38A4"
"15280","AMIGO2"
"15281","PCED1B"
"15282","PCED1B-AS1"
"15283","AC008083.2"
"15284","AC008083.3"
"15285","LINC02416"
"15286","LINC02156"
"15287","RPAP3"
"15288","AC004241.3"
"15289","AC004241.1"
"15290","ENDOU"
"15291","RAPGEF3"
"15292","SLC48A1"
"15293","HDAC7"
"15294","AC004466.1"
"15295","VDR"
"15296","TMEM106C"
"15297","COL2A1"
"15298","AC004801.4"
"15299","SENP1"
"15300","PFKM"
"15301","ASB8"
"15302","AC074029.3"
"15303","CCDC184"
"15304","AC024257.3"
"15305","AC024257.1"
"15306","AC024257.5"
"15307","ZNF641"
"15308","AC090115.1"
"15309","AC024257.4"
"15310","C12orf54"
"15311","KANSL2"
"15312","CCNT1"
"15313","TEX49"
"15314","ADCY6"
"15315","ADCY6-DT"
"15316","CACNB3"
"15317","DDX23"
"15318","RND1"
"15319","CCDC65"
"15320","FKBP11"
"15321","ARF3"
"15322","WNT10B"
"15323","DDN-AS1"
"15324","PRKAG1"
"15325","KMT2D"
"15326","RHEBL1"
"15327","DHH"
"15328","LMBR1L"
"15329","TUBA1B"
"15330","AC011603.2"
"15331","TUBA1A"
"15332","TUBA1C"
"15333","AC010173.1"
"15334","AC125611.3"
"15335","AC125611.4"
"15336","TROAP"
"15337","DNAJC22"
"15338","SPATS2"
"15339","KCNH3"
"15340","MCRS1"
"15341","PRPF40B"
"15342","FAM186B"
"15343","FMNL3"
"15344","TMBIM6"
"15345","NCKAP5L"
"15346","BCDIN3D-AS1"
"15347","BCDIN3D"
"15348","FAIM2"
"15349","LINC02395"
"15350","AQP5"
"15351","RACGAP1"
"15352","ASIC1"
"15353","SMARCD1"
"15354","GPD1"
"15355","COX14"
"15356","AC074032.1"
"15357","CERS5"
"15358","LIMA1"
"15359","AC008147.2"
"15360","AC008147.1"
"15361","FAM186A"
"15362","LARP4"
"15363","DIP2B"
"15364","ATF1"
"15365","TMPRSS12"
"15366","METTL7A"
"15367","AC008121.2"
"15368","HIGD1C"
"15369","AC008121.3"
"15370","SLC11A2"
"15371","LETMD1"
"15372","CSRNP2"
"15373","TFCP2"
"15374","POU6F1"
"15375","AC139768.1"
"15376","DAZAP2"
"15377","SMAGP"
"15378","BIN2"
"15379","GALNT6"
"15380","SLC4A8"
"15381","AC107031.1"
"15382","SCN8A"
"15383","AC068987.1"
"15384","AC068987.2"
"15385","FIGNL2"
"15386","AC068987.3"
"15387","ACVR1B"
"15388","GRASP"
"15389","NR4A1"
"15390","ATG101"
"15391","AC025259.1"
"15392","KRT86"
"15393","AC121757.1"
"15394","KRT8"
"15395","EIF4B"
"15396","AC068888.2"
"15397","AC068888.1"
"15398","TNS2"
"15399","SPRYD3"
"15400","SOAT2"
"15401","CSAD"
"15402","ZNF740"
"15403","RARG"
"15404","MFSD5"
"15405","ESPL1"
"15406","PFDN5"
"15407","AC073611.1"
"15408","C12orf10"
"15409","AAAS"
"15410","SP1"
"15411","PRR13"
"15412","PCBP2"
"15413","PCBP2-OT1"
"15414","MAP3K12"
"15415","AC023509.3"
"15416","TARBP2"
"15417","NPFF"
"15418","ATF7"
"15419","AC023509.2"
"15420","AC023509.6"
"15421","ATP5MC2"
"15422","CALCOCO1"
"15423","AC076968.2"
"15424","CISTR"
"15425","AC023794.1"
"15426","FAM242C"
"15427","SMUG1"
"15428","LINC02381"
"15429","AC023794.2"
"15430","CBX5"
"15431","SCAT2"
"15432","AC078778.1"
"15433","HNRNPA1"
"15434","COPZ1"
"15435","AC079313.2"
"15436","ZNF385A"
"15437","ITGA5"
"15438","GTSF1"
"15439","NCKAP1L"
"15440","PDE1B"
"15441","PPP1R1A"
"15442","MUCL1"
"15443","AC027287.2"
"15444","NEUROD4"
"15445","AC122685.1"
"15446","ITGA7"
"15447","BLOC1S1"
"15448","RDH5"
"15449","CD63"
"15450","AC009779.2"
"15451","GDF11"
"15452","SARNP"
"15453","AC073487.1"
"15454","ORMDL2"
"15455","DNAJC14"
"15456","MMP19"
"15457","PYM1"
"15458","DGKA"
"15459","PMEL"
"15460","CDK2"
"15461","RAB5B"
"15462","SUOX"
"15463","IKZF4"
"15464","AC034102.8"
"15465","AC034102.3"
"15466","RPS26"
"15467","ERBB3"
"15468","PA2G4"
"15469","AC034102.4"
"15470","RPL41"
"15471","ESYT1"
"15472","ZC3H10"
"15473","AC034102.6"
"15474","AC034102.5"
"15475","MYL6B"
"15476","MYL6"
"15477","SMARCC2"
"15478","AC073896.4"
"15479","RNF41"
"15480","NABP2"
"15481","SLC39A5"
"15482","ANKRD52"
"15483","COQ10A"
"15484","CS"
"15485","AC073896.2"
"15486","AC073896.3"
"15487","CNPY2"
"15488","PAN2"
"15489","IL23A"
"15490","STAT2"
"15491","APOF"
"15492","TIMELESS"
"15493","MIP"
"15494","SPRYD4"
"15495","GLS2"
"15496","RBMS2"
"15497","BAZ2A"
"15498","ATP5F1B"
"15499","PTGES3"
"15500","NACA"
"15501","PRIM1"
"15502","HSD17B6"
"15503","SDR9C7"
"15504","RDH16"
"15505","AC026120.3"
"15506","ZBTB39"
"15507","TAC3"
"15508","NEMP1"
"15509","NAB2"
"15510","STAT6"
"15511","LRP1"
"15512","LRP1-AS"
"15513","NXPH4"
"15514","SHMT2"
"15515","NDUFA4L2"
"15516","STAC3"
"15517","R3HDM2"
"15518","AC126614.1"
"15519","INHBC"
"15520","AC022506.2"
"15521","GLI1"
"15522","ARHGAP9"
"15523","MARS"
"15524","DDIT3"
"15525","MBD6"
"15526","DCTN2"
"15527","KIF5A"
"15528","PIP4K2C"
"15529","DTX3"
"15530","ARHGEF25"
"15531","AC025165.1"
"15532","SLC26A10"
"15533","B4GALNT1"
"15534","OS9"
"15535","AC025165.2"
"15536","AGAP2"
"15537","AGAP2-AS1"
"15538","TSPAN31"
"15539","CDK4"
"15540","MARCH9"
"15541","METTL1"
"15542","EEF1AKMT3"
"15543","TSFM"
"15544","AVIL"
"15545","AC025165.5"
"15546","AC025165.4"
"15547","CTDSP2"
"15548","AC083805.2"
"15549","AC083805.1"
"15550","ATP23"
"15551","GIHCG"
"15552","AC020637.1"
"15553","LINC02388"
"15554","LRIG3"
"15555","AC068305.2"
"15556","AC108721.2"
"15557","AC108721.1"
"15558","SLC16A7"
"15559","AC087883.2"
"15560","AC090629.1"
"15561","TAFA2"
"15562","AC078789.1"
"15563","USP15"
"15564","MON2"
"15565","AC079035.1"
"15566","LINC01465"
"15567","AC048341.1"
"15568","AC048341.2"
"15569","PPM1H"
"15570","AVPR1A"
"15571","AC026116.1"
"15572","DPY19L2"
"15573","AC084357.2"
"15574","RXYLT1"
"15575","RXYLT1-AS1"
"15576","SRGAP1"
"15577","AC079866.2"
"15578","AC020611.2"
"15579","AC025576.3"
"15580","AC025576.1"
"15581","C12orf66"
"15582","C12orf56"
"15583","XPOT"
"15584","AC135279.4"
"15585","TBK1"
"15586","RASSF3"
"15587","AC078962.2"
"15588","AC078962.4"
"15589","GNS"
"15590","AC025262.1"
"15591","TBC1D30"
"15592","AC025262.4"
"15593","LINC02389"
"15594","LINC02231"
"15595","WIF1"
"15596","LEMD3"
"15597","AC026124.2"
"15598","MSRB3"
"15599","AC026124.1"
"15600","AC025419.1"
"15601","AC090023.2"
"15602","HMGA2"
"15603","AC107308.1"
"15604","HMGA2-AS1"
"15605","AC090673.1"
"15606","LLPH"
"15607","LLPH-DT"
"15608","TMBIM4"
"15609","IRAK3"
"15610","HELB"
"15611","GRIP1"
"15612","AC073530.1"
"15613","CAND1"
"15614","AC078983.1"
"15615","LINC02408"
"15616","DYRK2"
"15617","AC078777.1"
"15618","LINC01479"
"15619","IFNG-AS1"
"15620","IL26"
"15621","MDM1"
"15622","LINC02384"
"15623","RAP1B"
"15624","AC090061.1"
"15625","NUP107"
"15626","SLC35E3"
"15627","MDM2"
"15628","AC025423.1"
"15629","AC025423.4"
"15630","CPM"
"15631","AC127894.1"
"15632","CPSF6"
"15633","AC020656.1"
"15634","YEATS4"
"15635","LINC02373"
"15636","FRS2"
"15637","CCT2"
"15638","BEST3"
"15639","AC025263.1"
"15640","RAB3IP"
"15641","MYRFL"
"15642","AC025159.1"
"15643","LINC02821"
"15644","LINC01481"
"15645","AC092881.2"
"15646","CNOT2"
"15647","KCNMB4"
"15648","AC025569.1"
"15649","PTPRB"
"15650","PTPRR"
"15651","TSPAN8"
"15652","LGR5"
"15653","ZFC3H1"
"15654","THAP2"
"15655","TMEM19"
"15656","RAB21"
"15657","TBC1D15"
"15658","TPH2"
"15659","TRHDE"
"15660","TRHDE-AS1"
"15661","AC090015.1"
"15662","ATXN7L3B"
"15663","AC025257.1"
"15664","AC073525.1"
"15665","KCNC2"
"15666","AC091534.1"
"15667","CAPS2"
"15668","AC121761.2"
"15669","GLIPR1L1"
"15670","GLIPR1L2"
"15671","GLIPR1"
"15672","AC121761.1"
"15673","KRR1"
"15674","AC078923.1"
"15675","AC078820.2"
"15676","PHLDA1"
"15677","AC011611.4"
"15678","NAP1L1"
"15679","BBS10"
"15680","OSBPL8"
"15681","AC107032.2"
"15682","AC107032.3"
"15683","ZDHHC17"
"15684","CSRP2"
"15685","AC124784.1"
"15686","E2F7"
"15687","AC079030.1"
"15688","LINC02464"
"15689","NAV3"
"15690","AC073591.1"
"15691","AC138331.1"
"15692","AC073571.1"
"15693","LINC02424"
"15694","AC128707.1"
"15695","AC130415.1"
"15696","AC079362.1"
"15697","SYT1"
"15698","AC090709.1"
"15699","AC027288.3"
"15700","AC027288.1"
"15701","PAWR"
"15702","AC073569.2"
"15703","PPP1R12A"
"15704","AC073569.3"
"15705","AC073569.1"
"15706","PPP1R12A-AS1"
"15707","OTOGL"
"15708","PTPRQ"
"15709","AC074031.1"
"15710","MYF6"
"15711","LIN7A"
"15712","ACSS3"
"15713","AC078955.1"
"15714","PPFIA2"
"15715","PPFIA2-AS1"
"15716","AC069228.1"
"15717","LINC02426"
"15718","CCDC59"
"15719","METTL25"
"15720","AC089998.4"
"15721","AC091214.1"
"15722","TMTC2"
"15723","AC090679.2"
"15724","SLC6A15"
"15725","TSPAN19"
"15726","LRRIQ1"
"15727","MGAT4C"
"15728","AC010196.1"
"15729","C12orf50"
"15730","C12orf29"
"15731","CEP290"
"15732","TMTC3"
"15733","KITLG"
"15734","AC024941.2"
"15735","LINC02458"
"15736","DUSP6"
"15737","AC024909.1"
"15738","AC010201.3"
"15739","AC010201.2"
"15740","AC010201.1"
"15741","POC1B"
"15742","GALNT4"
"15743","POC1B-AS1"
"15744","AC025034.1"
"15745","ATP2B1"
"15746","ATP2B1-AS1"
"15747","AC009522.1"
"15748","LINC02822"
"15749","AC112481.2"
"15750","LUM"
"15751","DCN"
"15752","LINC01619"
"15753","AC123512.1"
"15754","BTG1"
"15755","AC025164.1"
"15756","LINC02391"
"15757","LINC02397"
"15758","C12orf74"
"15759","EEA1"
"15760","LINC02413"
"15761","AC138123.1"
"15762","AC138123.2"
"15763","LINC02412"
"15764","AC124947.1"
"15765","NUDT4"
"15766","UBE2N"
"15767","MRPL42"
"15768","SOCS2-AS1"
"15769","SOCS2"
"15770","CRADD"
"15771","AC012085.2"
"15772","AC012464.2"
"15773","AC012464.1"
"15774","AC012464.3"
"15775","PLXNC1"
"15776","AC123567.2"
"15777","AC073655.3"
"15778","AC073655.1"
"15779","AC073655.2"
"15780","CEP83"
"15781","CEP83-DT"
"15782","TMCC3"
"15783","NDUFA12"
"15784","NR2C1"
"15785","FGD6"
"15786","VEZT"
"15787","METAP2"
"15788","USP44"
"15789","NTN4"
"15790","AC090001.1"
"15791","LINC02410"
"15792","SNRPF"
"15793","CCDC38"
"15794","AMDHD1"
"15795","AC007298.2"
"15796","LTA4H"
"15797","LINC02452"
"15798","ELK3"
"15799","AC008149.2"
"15800","CDK17"
"15801","AC007513.1"
"15802","CFAP54"
"15803","NEDD1"
"15804","AC007656.2"
"15805","AC007656.4"
"15806","LINC02409"
"15807","RMST"
"15808","AC016152.1"
"15809","LINC02453"
"15810","TMPO-AS1"
"15811","TMPO"
"15812","SLC25A3"
"15813","IKBIP"
"15814","APAF1"
"15815","ANKS1B"
"15816","AC069437.1"
"15817","AC117377.1"
"15818","FAM71C"
"15819","AC078916.1"
"15820","UHRF1BP1L"
"15821","ACTR6"
"15822","DEPDC4"
"15823","SCYL2"
"15824","SLC17A8"
"15825","NR1H4"
"15826","GAS2L3"
"15827","ANO4"
"15828","AC138360.1"
"15829","AC063947.1"
"15830","SLC5A8"
"15831","UTP20"
"15832","ARL1"
"15833","MYBPC1"
"15834","CHPT1"
"15835","SYCP3"
"15836","GNPTAB"
"15837","DRAM1"
"15838","WASHC3"
"15839","AC079907.1"
"15840","NUP37"
"15841","PARPBP"
"15842","HELLPAR"
"15843","LINC02456"
"15844","IGF1"
"15845","PAH"
"15846","ASCL1"
"15847","AC068643.1"
"15848","AC068643.2"
"15849","C12orf42"
"15850","AC084364.3"
"15851","LINC02401"
"15852","STAB2"
"15853","AC025265.1"
"15854","NT5DC3"
"15855","HSP90B1"
"15856","C12orf73"
"15857","TDG"
"15858","GLT8D2"
"15859","HCFC2"
"15860","NFYB"
"15861","LINC02385"
"15862","TXNRD1"
"15863","AC089983.1"
"15864","EID3"
"15865","CHST11"
"15866","SLC41A2"
"15867","AC089985.1"
"15868","C12orf45"
"15869","ALDH1L2"
"15870","WASHC4"
"15871","APPL2"
"15872","C12orf75"
"15873","CASC18"
"15874","AC011595.2"
"15875","NUAK1"
"15876","AC011595.1"
"15877","CKAP4"
"15878","AC079174.2"
"15879","TCP11L2"
"15880","POLR3B"
"15881","AC079385.1"
"15882","RFX4"
"15883","AC079385.2"
"15884","RIC8B"
"15885","AC007695.1"
"15886","AC007541.1"
"15887","TMEM263"
"15888","MTERF2"
"15889","CRY1"
"15890","AC078929.1"
"15891","BTBD11"
"15892","PWP1"
"15893","PRDM4"
"15894","AC007622.2"
"15895","WSCD2"
"15896","LINC01498"
"15897","FICD"
"15898","SART3"
"15899","AC008119.1"
"15900","ISCU"
"15901","SELPLG"
"15902","AC007569.1"
"15903","CORO1C"
"15904","SSH1"
"15905","AC087893.2"
"15906","DAO"
"15907","SVOP"
"15908","USP30"
"15909","USP30-AS1"
"15910","ALKBH2"
"15911","UNG"
"15912","AC007637.1"
"15913","ACACB"
"15914","FOXN4"
"15915","MYO1H"
"15916","AC007570.1"
"15917","KCTD10"
"15918","UBE3B"
"15919","MMAB"
"15920","MVK"
"15921","FAM222A"
"15922","FAM222A-AS1"
"15923","TRPV4"
"15924","GLTP"
"15925","TCHP"
"15926","GIT2"
"15927","ANKRD13A"
"15928","C12orf76"
"15929","AC007546.1"
"15930","IFT81"
"15931","ATP2A2"
"15932","ANAPC7"
"15933","ARPC3"
"15934","GPN3"
"15935","FAM216A"
"15936","VPS29"
"15937","RAD9B"
"15938","PPTC7"
"15939","TCTN1"
"15940","HVCN1"
"15941","PPP1CC"
"15942","AC002375.1"
"15943","CCDC63"
"15944","LINC01405"
"15945","CUX2"
"15946","PHETA1"
"15947","LINC02356"
"15948","SH2B3"
"15949","ATXN2"
"15950","ATXN2-AS"
"15951","BRAP"
"15952","ACAD10"
"15953","ALDH2"
"15954","MAPKAPK5-AS1"
"15955","MAPKAPK5"
"15956","TMEM116"
"15957","ERP29"
"15958","NAA25"
"15959","AC073575.1"
"15960","TRAFD1"
"15961","HECTD4"
"15962","AC004217.1"
"15963","RPL6"
"15964","PTPN11"
"15965","RPH3A"
"15966","OAS1"
"15967","AC004551.1"
"15968","OAS3"
"15969","DTX1"
"15970","RASAL1"
"15971","DDX54"
"15972","RITA1"
"15973","AC089999.1"
"15974","IQCD"
"15975","TPCN1"
"15976","SLC8B1"
"15977","PLBD2"
"15978","SDS"
"15979","SDSL"
"15980","LHX5"
"15981","LHX5-AS1"
"15982","LINC01234"
"15983","RBM19"
"15984","AC009731.1"
"15985","AC073863.1"
"15986","AC026765.3"
"15987","LINC02463"
"15988","MED13L"
"15989","AC012157.2"
"15990","AC130895.1"
"15991","LINC02457"
"15992","LINC00173"
"15993","MAP1LC3B2"
"15994","AC125603.2"
"15995","C12orf49"
"15996","RNFT2"
"15997","HRK"
"15998","FBXW8"
"15999","AC083806.2"
"16000","AC127164.1"
"16001","TESC"
"16002","TESC-AS1"
"16003","FBXO21"
"16004","NOS1"
"16005","KSR2"
"16006","RFC5"
"16007","AC131159.2"
"16008","WSB2"
"16009","VSIG10"
"16010","AC131238.1"
"16011","PEBP1"
"16012","TAOK3"
"16013","SUDS3"
"16014","AC026367.3"
"16015","LINC02440"
"16016","SRRM4"
"16017","AC087885.1"
"16018","AC084361.1"
"16019","CCDC60"
"16020","AC002070.1"
"16021","TMEM233"
"16022","PRKAB1"
"16023","CIT"
"16024","AC002563.1"
"16025","BICDL1"
"16026","RAB35"
"16027","AC004812.2"
"16028","GCN1"
"16029","RPLP0"
"16030","PXN-AS1"
"16031","PXN"
"16032","AC004263.2"
"16033","AC004263.1"
"16034","SIRT4"
"16035","PLA2G1B"
"16036","MSI1"
"16037","AC003982.1"
"16038","COX6A1"
"16039","TRIAP1"
"16040","GATC"
"16041","SRSF9"
"16042","DYNLL1"
"16043","NRAV"
"16044","COQ5"
"16045","RNF10"
"16046","POP5"
"16047","AC125616.1"
"16048","CABP1"
"16049","MLEC"
"16050","AC069234.2"
"16051","AC069234.5"
"16052","AC069234.4"
"16053","UNC119B"
"16054","ACADS"
"16055","AC069234.1"
"16056","SPPL3"
"16057","HNF1A-AS1"
"16058","HNF1A"
"16059","C12orf43"
"16060","OASL"
"16061","P2RX7"
"16062","AC069209.2"
"16063","P2RX4"
"16064","CAMKK2"
"16065","ANAPC5"
"16066","AC048337.1"
"16067","RNF34"
"16068","KDM2B"
"16069","KDM2B-DT"
"16070","ORAI1"
"16071","MORN3"
"16072","AC084018.4"
"16073","TMEM120B"
"16074","RHOF"
"16075","LINC01089"
"16076","AC084018.1"
"16077","AC084018.2"
"16078","SETD1B"
"16079","HPD"
"16080","PSMD9"
"16081","WDR66"
"16082","AC069503.1"
"16083","BCL7A"
"16084","AC156455.1"
"16085","MLXIP"
"16086","LRRC43"
"16087","B3GNT4"
"16088","DIABLO"
"16089","VPS33A"
"16090","CLIP1"
"16091","CLIP1-AS1"
"16092","ZCCHC8"
"16093","AC127002.2"
"16094","RSRC2"
"16095","KNTC1"
"16096","AC026333.4"
"16097","AC026333.3"
"16098","DENR"
"16099","CCDC62"
"16100","HIP1R"
"16101","VPS37B"
"16102","AC027290.1"
"16103","ABCB9"
"16104","OGFOD2"
"16105","ARL6IP4"
"16106","PITPNM2"
"16107","PITPNM2-AS1"
"16108","MPHOSPH9"
"16109","C12orf65"
"16110","CDK2AP1"
"16111","SBNO1"
"16112","SBNO1-AS1"
"16113","KMT5A"
"16114","RILPL2"
"16115","SNRNP35"
"16116","RILPL1"
"16117","TMED2-DT"
"16118","TMED2"
"16119","DDX55"
"16120","EIF2B1"
"16121","GTF2H3"
"16122","TCTN2"
"16123","AC117503.1"
"16124","ATP6V0A2"
"16125","AC117503.5"
"16126","DNAH10"
"16127","CCDC92"
"16128","DNAH10OS"
"16129","AC068790.7"
"16130","AC068790.4"
"16131","AC068790.3"
"16132","AC068790.2"
"16133","AC068790.5"
"16134","AC068790.6"
"16135","ZNF664"
"16136","RFLNA"
"16137","AC068790.9"
"16138","AC026358.1"
"16139","NCOR2"
"16140","AC073592.1"
"16141","SCARB1"
"16142","AC073593.2"
"16143","UBC"
"16144","DHX37"
"16145","BRI3BP"
"16146","THRIL"
"16147","AACS"
"16148","TMEM132B"
"16149","AC005252.4"
"16150","LINC00939"
"16151","LINC02826"
"16152","AC007368.1"
"16153","LINC02347"
"16154","AC006065.4"
"16155","LINC02824"
"16156","LINC00943"
"16157","LINC00944"
"16158","LINC02405"
"16159","AC079949.3"
"16160","AC079949.1"
"16161","AC079949.5"
"16162","AC079949.2"
"16163","AC079949.6"
"16164","AC025160.1"
"16165","LINC02393"
"16166","LINC00507"
"16167","AC140121.1"
"16168","TMEM132C"
"16169","SLC15A4"
"16170","AC108704.1"
"16171","GLT1D1"
"16172","TMEM132D"
"16173","TMEM132D-AS1"
"16174","AC130404.1"
"16175","AC130404.2"
"16176","AC117373.2"
"16177","AC055717.1"
"16178","RIMBP2"
"16179","AC063926.1"
"16180","AC095350.1"
"16181","STX2"
"16182","AC073912.1"
"16183","AC073912.2"
"16184","RAN"
"16185","ADGRD1"
"16186","LINC01257"
"16187","AC073578.1"
"16188","LINC02414"
"16189","SFSWAP"
"16190","MMP17"
"16191","AC131009.2"
"16192","ULK1"
"16193","AC131009.1"
"16194","PUS1"
"16195","EP400"
"16196","AC137590.1"
"16197","DDX51"
"16198","NOC4L"
"16199","LINC02361"
"16200","GALNT9"
"16201","FBRSL1"
"16202","POLE"
"16203","PXMP2"
"16204","PGAM5"
"16205","ANKLE2"
"16206","GOLGA3"
"16207","CHFR"
"16208","AC127070.1"
"16209","AC127070.2"
"16210","ZNF605"
"16211","ZNF26"
"16212","ZNF84"
"16213","ZNF140"
"16214","ZNF891"
"16215","ZNF10"
"16216","ZNF268"
"16217","TPTE2"
"16218","LINC00350"
"16219","MPHOSPH8"
"16220","PSPC1-AS2"
"16221","PSPC1"
"16222","ZMYM5"
"16223","AL355001.1"
"16224","AL355001.2"
"16225","ZMYM2"
"16226","CRYL1"
"16227","IFT88"
"16228","AL161772.1"
"16229","IL17D"
"16230","EEF1AKMT1"
"16231","XPO4"
"16232","LATS2"
"16233","LATS2-AS1"
"16234","SAP18"
"16235","SKA3"
"16236","MRPL57"
"16237","LINC00539"
"16238","ZDHHC20"
"16239","MICU2"
"16240","FGF9"
"16241","AL136962.1"
"16242","LINC00621"
"16243","AL157931.1"
"16244","AL157931.2"
"16245","SGCG"
"16246","SACS"
"16247","SACS-AS1"
"16248","LINC00327"
"16249","TNFRSF19"
"16250","MIPEP"
"16251","PCOTH"
"16252","C1QTNF9B"
"16253","SPATA13"
"16254","AL445985.1"
"16255","C1QTNF9"
"16256","PARP4"
"16257","AL359538.4"
"16258","ATP12A"
"16259","AL391560.2"
"16260","RNF17"
"16261","CENPJ"
"16262","AMER2"
"16263","LINC01053"
"16264","MTMR6"
"16265","AL590787.1"
"16266","NUP58"
"16267","ATP8A2"
"16268","SHISA2"
"16269","RNF6"
"16270","AL138966.2"
"16271","CDK8"
"16272","WASF3"
"16273","WASF3-AS1"
"16274","AL159978.1"
"16275","GPR12"
"16276","AL160035.1"
"16277","USP12"
"16278","USP12-AS1"
"16279","USP12-AS2"
"16280","LINC02340"
"16281","RPL21"
"16282","RASL11A"
"16283","GTF3A"
"16284","MTIF3"
"16285","LNX2"
"16286","POLR1D"
"16287","AL136439.1"
"16288","PLUT"
"16289","FLT3"
"16290","PAN3-AS1"
"16291","PAN3"
"16292","FLT1"
"16293","POMP"
"16294","SLC46A3"
"16295","MTUS2"
"16296","MTUS2-AS2"
"16297","MTUS2-AS1"
"16298","SLC7A1"
"16299","UBL3"
"16300","LINC00544"
"16301","KATNAL1"
"16302","LINC00427"
"16303","LINC00426"
"16304","UBE2L5"
"16305","HMGB1"
"16306","AL353648.1"
"16307","USPL1"
"16308","ALOX5AP"
"16309","TEX26-AS1"
"16310","MEDAG"
"16311","TEX26"
"16312","HSPH1"
"16313","B3GLCT"
"16314","RXFP2"
"16315","AL138708.1"
"16316","FRY"
"16317","FRY-AS1"
"16318","BRCA2"
"16319","N4BP2L1"
"16320","N4BP2L2"
"16321","N4BP2L2-IT2"
"16322","PDS5B"
"16323","AL138820.1"
"16324","LINC00423"
"16325","KL"
"16326","STARD13"
"16327","STARD13-AS"
"16328","AL627232.1"
"16329","AL138999.2"
"16330","AL139383.1"
"16331","RFC3"
"16332","AL161891.1"
"16333","LINC02343"
"16334","LINC00457"
"16335","AL161716.1"
"16336","AL138690.1"
"16337","NBEA"
"16338","MAB21L1"
"16339","AL390071.1"
"16340","DCLK1"
"16341","SOHLH2"
"16342","CCDC169"
"16343","SPART"
"16344","SPART-AS1"
"16345","CCNA1"
"16346","SERTM1"
"16347","RFXAP"
"16348","SMAD9"
"16349","SMAD9-IT1"
"16350","ALG5"
"16351","EXOSC8"
"16352","SUPT20H"
"16353","POSTN"
"16354","TRPC4"
"16355","AL356495.1"
"16356","LINC02334"
"16357","LINC00571"
"16358","UFM1"
"16359","LINC00366"
"16360","FREM2"
"16361","PROSER1"
"16362","NHLRC3"
"16363","AL354809.1"
"16364","LHFPL6"
"16365","COG6"
"16366","LINC00598"
"16367","FOXO1"
"16368","MRPS31"
"16369","SLC25A15"
"16370","AL590064.1"
"16371","ELF1"
"16372","WBP4"
"16373","KBTBD6"
"16374","AL354696.2"
"16375","KBTBD7"
"16376","MTRF1"
"16377","AL354696.1"
"16378","NAA16"
"16379","RGCC"
"16380","VWA8"
"16381","VWA8-AS1"
"16382","DGKH"
"16383","AKAP11"
"16384","LINC02341"
"16385","TNFSF11"
"16386","EPSTI1"
"16387","DNAJC15"
"16388","ENOX1"
"16389","ENOX1-AS2"
"16390","ENOX1-AS1"
"16391","AL161714.1"
"16392","AL162713.2"
"16393","AL162713.1"
"16394","CCDC122"
"16395","AL512506.1"
"16396","LACC1"
"16397","NRAD1"
"16398","LINC00390"
"16399","SMIM2-AS1"
"16400","AL138960.1"
"16401","SERP2"
"16402","TSC22D1"
"16403","TSC22D1-AS1"
"16404","LINC00407"
"16405","AL356515.1"
"16406","NUFIP1"
"16407","AL359706.1"
"16408","GPALPP1"
"16409","GTF2F2"
"16410","KCTD4"
"16411","TPT1"
"16412","AL138963.4"
"16413","TPT1-AS1"
"16414","SLC25A30"
"16415","SLC25A30-AS1"
"16416","COG3"
"16417","ERICH6B"
"16418","SIAH3"
"16419","ZC3H13"
"16420","CPB2-AS1"
"16421","CPB2"
"16422","LCP1"
"16423","LRRC63"
"16424","RUBCNL"
"16425","LINC01198"
"16426","LRCH1"
"16427","AL359880.1"
"16428","ESD"
"16429","HTR2A"
"16430","SUCLA2"
"16431","LINC00562"
"16432","AL157369.1"
"16433","SUCLA2-AS1"
"16434","NUDT15"
"16435","MED4"
"16436","MED4-AS1"
"16437","ITM2B"
"16438","RB1-DT"
"16439","RB1"
"16440","LPAR6"
"16441","RCBTB2"
"16442","CYSLTR2"
"16443","AL161421.1"
"16444","FNDC3A"
"16445","CDADC1"
"16446","CAB39L"
"16447","SETDB2"
"16448","PHF11"
"16449","RCBTB1"
"16450","EBPL"
"16451","KPNA3"
"16452","SPRYD7"
"16453","DLEU2"
"16454","TRIM13"
"16455","KCNRG"
"16456","DLEU1"
"16457","AL158195.1"
"16458","DLEU7"
"16459","RNASEH2B-AS1"
"16460","RNASEH2B"
"16461","C13orf42"
"16462","FAM124A"
"16463","SERPINE3"
"16464","INTS6"
"16465","INTS6-AS1"
"16466","WDFY2"
"16467","DHRS12"
"16468","AL162377.1"
"16469","TMEM272"
"16470","ATP7B"
"16471","ALG11"
"16472","NEK5"
"16473","NEK3"
"16474","THSD1"
"16475","VPS36"
"16476","AL359513.1"
"16477","CKAP2"
"16478","LINC00345"
"16479","HNRNPA1L2"
"16480","AL139089.1"
"16481","SUGT1"
"16482","CNMD"
"16483","PCDH8"
"16484","LINC01065"
"16485","AL356295.1"
"16486","LINC00558"
"16487","PCDH17"
"16488","LINC02338"
"16489","AL159156.1"
"16490","DIAPH3"
"16491","DIAPH3-AS1"
"16492","DIAPH3-AS2"
"16493","TDRD3"
"16494","LINC00378"
"16495","PCDH20"
"16496","AL359208.1"
"16497","LINC00355"
"16498","AL158038.1"
"16499","PCDH9"
"16500","PCDH9-AS1"
"16501","PCDH9-AS2"
"16502","PCDH9-AS3"
"16503","PCDH9-AS4"
"16504","AL160254.1"
"16505","AL512452.1"
"16506","LINC00383"
"16507","KLHL1"
"16508","ATXN8OS"
"16509","LINC00348"
"16510","DACH1"
"16511","MZT1"
"16512","BORA"
"16513","DIS3"
"16514","PIBF1"
"16515","KLF5"
"16516","LINC00393"
"16517","KLF12"
"16518","AL159972.1"
"16519","LINC00402"
"16520","AL353660.1"
"16521","LINC00381"
"16522","TBC1D4"
"16523","COMMD6"
"16524","UCHL3"
"16525","LMO7-AS1"
"16526","LMO7"
"16527","AL137244.1"
"16528","LMO7DN"
"16529","AL136441.1"
"16530","AL161717.1"
"16531","AL365394.1"
"16532","KCTD12"
"16533","CLN5"
"16534","FBXL3"
"16535","MYCBP2-AS1"
"16536","AC001226.1"
"16537","MYCBP2"
"16538","SCEL"
"16539","AL137140.1"
"16540","SLAIN1"
"16541","EDNRB-AS1"
"16542","EDNRB"
"16543","OBI1-AS1"
"16544","POU4F1"
"16545","OBI1"
"16546","LINC00331"
"16547","RBM26"
"16548","RBM26-AS1"
"16549","NDFIP2"
"16550","LINC01068"
"16551","AL136442.1"
"16552","LINC00382"
"16553","AL158064.1"
"16554","LINC01080"
"16555","AL137781.1"
"16556","SPRY2"
"16557","AL590807.1"
"16558","LINC00377"
"16559","AL445255.1"
"16560","AL353688.1"
"16561","SLITRK1"
"16562","AL355481.1"
"16563","AL162493.1"
"16564","LINC00351"
"16565","SLITRK6"
"16566","AL354994.1"
"16567","AL445207.1"
"16568","AL360267.2"
"16569","MIR4500HG"
"16570","AL355578.1"
"16571","SLITRK5"
"16572","AL445647.1"
"16573","LINC00373"
"16574","LINC00433"
"16575","AL445242.1"
"16576","LINC00440"
"16577","LINC02336"
"16578","LINC01049"
"16579","LINC00410"
"16580","MIR17HG"
"16581","GPC5"
"16582","GPC5-AS2"
"16583","AL356737.2"
"16584","GPC5-AS1"
"16585","AL354811.1"
"16586","GPC6"
"16587","AL160159.1"
"16588","GPC6-AS2"
"16589","GPC6-AS1"
"16590","DCT"
"16591","TGDS"
"16592","GPR180"
"16593","LINC00391"
"16594","SOX21-AS1"
"16595","SOX21"
"16596","AL139381.1"
"16597","ABCC4"
"16598","CLDN10"
"16599","CLDN10-AS1"
"16600","DZIP1"
"16601","DNAJC3-DT"
"16602","DNAJC3"
"16603","AL138955.1"
"16604","UGGT2"
"16605","HS6ST3"
"16606","LINC00456"
"16607","MBNL2"
"16608","AL161430.1"
"16609","AL442067.3"
"16610","RAP2A"
"16611","AL442067.1"
"16612","AL442067.2"
"16613","AL356580.1"
"16614","IPO5"
"16615","FARP1"
"16616","RNF113B"
"16617","AL445223.1"
"16618","AL161896.1"
"16619","FARP1-AS1"
"16620","STK24"
"16621","STK24-AS1"
"16622","SLC15A1"
"16623","DOCK9"
"16624","DOCK9-AS1"
"16625","DOCK9-DT"
"16626","UBAC2-AS1"
"16627","UBAC2"
"16628","GPR18"
"16629","GPR183"
"16630","TM9SF2"
"16631","LINC00449"
"16632","AL139035.2"
"16633","CLYBL"
"16634","AL137139.2"
"16635","ZIC5"
"16636","ZIC2"
"16637","PCCA-DT"
"16638","PCCA"
"16639","AL353697.1"
"16640","PCCA-AS1"
"16641","GGACT"
"16642","AL356966.1"
"16643","AL136526.1"
"16644","TMTC4"
"16645","NALCN-AS1"
"16646","NALCN"
"16647","ITGBL1"
"16648","FGF14"
"16649","AL160153.1"
"16650","FGF14-IT1"
"16651","FGF14-AS1"
"16652","FGF14-AS2"
"16653","TPP2"
"16654","AL157769.1"
"16655","TEX30"
"16656","POGLUT2"
"16657","BIVM"
"16658","ERCC5"
"16659","SLC10A2"
"16660","AL162717.1"
"16661","LINC01309"
"16662","DAOA-AS1"
"16663","LINC00343"
"16664","AL138701.2"
"16665","AL139379.1"
"16666","EFNB2"
"16667","AL138689.2"
"16668","AL138689.1"
"16669","ARGLU1"
"16670","LINC00551"
"16671","FAM155A"
"16672","AL445649.1"
"16673","FAM155A-IT1"
"16674","AL359436.1"
"16675","AL136964.1"
"16676","LIG4"
"16677","ABHD13"
"16678","TNFSF13B"
"16679","AL138694.1"
"16680","MYO16"
"16681","MYO16-AS1"
"16682","LINC00370"
"16683","AL163541.1"
"16684","IRS2"
"16685","AL162497.1"
"16686","AL355810.1"
"16687","AL355974.1"
"16688","AL390755.1"
"16689","COL4A1"
"16690","COL4A2"
"16691","COL4A2-AS2"
"16692","RAB20"
"16693","NAXD"
"16694","CARS2"
"16695","ING1"
"16696","ANKRD10"
"16697","ANKRD10-IT1"
"16698","AL442128.2"
"16699","LINC00368"
"16700","AL353704.2"
"16701","ARHGEF7-AS2"
"16702","ARHGEF7"
"16703","ARHGEF7-IT1"
"16704","ARHGEF7-AS1"
"16705","AL353704.1"
"16706","TEX29"
"16707","AL359649.1"
"16708","LINC00354"
"16709","SOX1-OT"
"16710","SOX1"
"16711","AL356961.1"
"16712","SPACA7"
"16713","TUBGCP3"
"16714","AL139384.2"
"16715","ATP11AUN"
"16716","ATP11A"
"16717","ATP11A-AS1"
"16718","MCF2L"
"16719","AL356740.1"
"16720","MCF2L-AS1"
"16721","F7"
"16722","F10"
"16723","AL137002.2"
"16724","PCID2"
"16725","CUL4A"
"16726","LAMP1"
"16727","GRTP1"
"16728","GRTP1-AS1"
"16729","ADPRHL1"
"16730","DCUN1D2"
"16731","DCUN1D2-AS"
"16732","TMCO3"
"16733","AL442125.1"
"16734","TFDP1"
"16735","ATP4B"
"16736","GRK1"
"16737","TMEM255B"
"16738","GAS6-AS1"
"16739","GAS6"
"16740","GAS6-DT"
"16741","LINC00452"
"16742","C13orf46"
"16743","RASA3"
"16744","CFAP97D2"
"16745","AL160396.1"
"16746","CDC16"
"16747","AL160396.2"
"16748","UPF3A"
"16749","CHAMP1"
"16750","LINC01054"
"16751","AL589743.4"
"16752","POTEG"
"16753","OR11G2"
"16754","OR11H4"
"16755","TTC5"
"16756","AL356019.2"
"16757","CCNB1IP1"
"16758","AL355075.6"
"16759","AL355075.4"
"16760","PARP2"
"16761","AL355075.1"
"16762","TEP1"
"16763","KLHL33"
"16764","OSGEP"
"16765","AL355075.2"
"16766","APEX1"
"16767","PIP4P1"
"16768","PNP"
"16769","ANG"
"16770","RNASE4"
"16771","AL163636.1"
"16772","RNASE1"
"16773","METTL17"
"16774","AL161668.3"
"16775","NDRG2"
"16776","ARHGEF40"
"16777","ZNF219"
"16778","LINC00641"
"16779","HNRNPC"
"16780","RPGRIP1"
"16781","SUPT16H"
"16782","CHD8"
"16783","RAB2B"
"16784","TOX4"
"16785","METTL3"
"16786","SALL2"
"16787","AL161747.2"
"16788","OR10G3"
"16789","AC244502.1"
"16790","TRDC"
"16791","DAD1"
"16792","ABHD4"
"16793","AL160314.2"
"16794","OXA1L"
"16795","SLC7A7"
"16796","MRPL52"
"16797","MMP14"
"16798","LRP10"
"16799","REM2"
"16800","RBM23"
"16801","PRMT5-AS1"
"16802","PRMT5"
"16803","AL132780.1"
"16804","HAUS4"
"16805","AJUBA"
"16806","AL132780.2"
"16807","C14orf93"
"16808","PSMB5"
"16809","CDH24"
"16810","ACIN1"
"16811","C14orf119"
"16812","SLC7A8"
"16813","RNF212B"
"16814","HOMEZ"
"16815","PPP1R3E"
"16816","BCL2L2"
"16817","BCL2L2-PABPN1"
"16818","PABPN1"
"16819","SLC22A17"
"16820","EFS"
"16821","AL049829.2"
"16822","CMTM5"
"16823","NGDN"
"16824","ZFHX2-AS1"
"16825","ZFHX2"
"16826","AL135999.2"
"16827","THTPA"
"16828","AP1G2"
"16829","AL135999.1"
"16830","JPH4"
"16831","AL136419.2"
"16832","LINC00596"
"16833","DHRS4-AS1"
"16834","DHRS4"
"16835","DHRS4L2"
"16836","AL136419.3"
"16837","CARMIL3"
"16838","CPNE6"
"16839","NRL"
"16840","PCK2"
"16841","DCAF11"
"16842","PSME1"
"16843","EMC9"
"16844","AL136295.2"
"16845","PSME2"
"16846","RNF31"
"16847","IRF9"
"16848","REC8"
"16849","IPO4"
"16850","AL136295.17"
"16851","TM9SF1"
"16852","AL136295.6"
"16853","AL136295.7"
"16854","TSSK4"
"16855","CHMP4A"
"16856","MDP1"
"16857","NEDD8"
"16858","GMPR2"
"16859","TINF2"
"16860","TGM1"
"16861","RABGGTA"
"16862","AL096870.8"
"16863","DHRS1"
"16864","NOP9"
"16865","LTB4R"
"16866","ADCY4"
"16867","NFATC4"
"16868","NYNRIN"
"16869","KHNYN"
"16870","SDR39U1"
"16871","AL132800.1"
"16872","AL136018.1"
"16873","STXBP6"
"16874","AL161663.1"
"16875","LINC02286"
"16876","LINC02306"
"16877","AL132633.1"
"16878","NOVA1"
"16879","AL079343.1"
"16880","LINC02588"
"16881","AL110292.1"
"16882","LINC02294"
"16883","LINC02293"
"16884","AL132718.1"
"16885","LINC00645"
"16886","AL139023.1"
"16887","LINC02300"
"16888","FOXG1-AS1"
"16889","FOXG1"
"16890","LINC01551"
"16891","LINC02282"
"16892","LINC02281"
"16893","LINC02327"
"16894","LINC02326"
"16895","AL135878.1"
"16896","AL133166.1"
"16897","AL158058.1"
"16898","AL158058.2"
"16899","PRKD1"
"16900","AL356756.1"
"16901","AL355053.1"
"16902","AL133372.3"
"16903","AL133372.2"
"16904","G2E3-AS1"
"16905","G2E3"
"16906","SCFD1"
"16907","AL121852.1"
"16908","COCH"
"16909","AL049830.3"
"16910","STRN3"
"16911","AP4S1"
"16912","HECTD1"
"16913","AL136418.1"
"16914","HEATR5A"
"16915","AL139353.2"
"16916","DTD2"
"16917","NUBPL"
"16918","AL355112.1"
"16919","LINC02313"
"16920","AL352984.1"
"16921","ARHGAP5-AS1"
"16922","ARHGAP5"
"16923","AL161665.1"
"16924","AKAP6"
"16925","AL136298.1"
"16926","NPAS3"
"16927","AL161851.1"
"16928","AL161851.2"
"16929","EGLN3"
"16930","EGLN3-AS1"
"16931","SPTSSA"
"16932","EAPP"
"16933","SNX6"
"16934","CFL2"
"16935","BAZ1A"
"16936","AL121603.2"
"16937","SRP54"
"16938","FAM177A1"
"16939","PPP2R3C"
"16940","PRORP"
"16941","PSMA6"
"16942","NFKBIA"
"16943","RALGAPA1"
"16944","AL162311.3"
"16945","BRMS1L"
"16946","AL133304.3"
"16947","LINC00609"
"16948","PTCSC3"
"16949","AL162511.1"
"16950","MBIP"
"16951","AL132857.1"
"16952","SFTA3"
"16953","SLC25A21"
"16954","AL162464.2"
"16955","AL162464.1"
"16956","SLC25A21-AS1"
"16957","MIPOL1"
"16958","AL121790.2"
"16959","AL121790.1"
"16960","TTC6"
"16961","AL392023.2"
"16962","AL355835.1"
"16963","LINC00639"
"16964","SEC23A"
"16965","GEMIN2"
"16966","TRAPPC6B"
"16967","AL109628.2"
"16968","PNN"
"16969","MIA2"
"16970","AL132639.2"
"16971","FBXO33"
"16972","AL049828.1"
"16973","AL049828.2"
"16974","LINC02315"
"16975","AL121821.2"
"16976","LRFN5"
"16977","AL445074.1"
"16978","AL442163.1"
"16979","AL450442.1"
"16980","LINC02307"
"16981","AL356022.1"
"16982","AL049870.2"
"16983","C14orf28"
"16984","AL049870.3"
"16985","KLHL28"
"16986","TOGARAM1"
"16987","AL121809.1"
"16988","PRPF39"
"16989","FKBP3"
"16990","FANCM"
"16991","MIS18BP1"
"16992","LINC00871"
"16993","MDGA2"
"16994","LINC00648"
"16995","AL358335.2"
"16996","AL110505.1"
"16997","RPS29"
"16998","LRR1"
"16999","RPL36AL"
"17000","MGAT2"
"17001","AL139099.1"
"17002","DNAAF2"
"17003","AL139099.2"
"17004","POLE2"
"17005","KLHDC1"
"17006","AL591767.1"
"17007","KLHDC2"
"17008","NEMF"
"17009","AL627171.2"
"17010","AL627171.1"
"17011","ARF6"
"17012","LINC01588"
"17013","VCPKMT"
"17014","SOS2"
"17015","L2HGDH"
"17016","DMAC2L"
"17017","AL359397.2"
"17018","CDKL1"
"17019","MAP4K5"
"17020","AL118556.1"
"17021","ATL1"
"17022","SAV1"
"17023","AL606834.1"
"17024","NIN"
"17025","AL606834.2"
"17026","AL133485.2"
"17027","AL133485.3"
"17028","AL358334.1"
"17029","PYGL"
"17030","ABHD12B"
"17031","TRIM9"
"17032","AL358334.4"
"17033","AL591770.1"
"17034","TMX1"
"17035","LINC00519"
"17036","LINC00640"
"17037","AL358332.1"
"17038","FRMD6-AS2"
"17039","FRMD6"
"17040","AL122125.1"
"17041","FRMD6-AS1"
"17042","AL079307.1"
"17043","GNG2"
"17044","AL358333.2"
"17045","AL358333.3"
"17046","AL358333.1"
"17047","RTRAF"
"17048","NID2"
"17049","LINC02319"
"17050","PTGDR"
"17051","TXNDC16"
"17052","GPR137C"
"17053","ERO1A"
"17054","AL133453.1"
"17055","PSMC6"
"17056","STYX"
"17057","GNPNAT1"
"17058","AL139317.3"
"17059","AL139317.5"
"17060","AL139317.1"
"17061","FERMT2"
"17062","AL352979.4"
"17063","DDHD1"
"17064","AL356020.1"
"17065","AL365295.1"
"17066","AL365295.2"
"17067","LINC02331"
"17068","CDKN3"
"17069","CNIH1"
"17070","GMFB"
"17071","CGRRF1"
"17072","SAMD4A"
"17073","AL133444.1"
"17074","GCH1"
"17075","WDHD1"
"17076","SOCS4"
"17077","MAPK1IP1L"
"17078","LGALS3"
"17079","DLGAP5"
"17080","AL139316.1"
"17081","AL158801.2"
"17082","FBXO34"
"17083","AL158801.3"
"17084","ATG14"
"17085","TBPL2"
"17086","KTN1-AS1"
"17087","KTN1"
"17088","AL355773.1"
"17089","LINC00520"
"17090","AL163952.1"
"17091","AL138995.1"
"17092","PELI2"
"17093","AL355073.1"
"17094","AL355073.2"
"17095","LINC02284"
"17096","TMEM260"
"17097","AL161757.2"
"17098","AL161757.5"
"17099","OTX2"
"17100","OTX2-AS1"
"17101","AL161757.4"
"17102","AL137100.3"
"17103","AL391152.1"
"17104","EXOC5"
"17105","AP5M1"
"17106","AL355834.2"
"17107","NAA30"
"17108","CCDC198"
"17109","SLC35F4"
"17110","AL161804.1"
"17111","AL049838.1"
"17112","ARMH4"
"17113","ACTR10"
"17114","PSMA3"
"17115","AL132989.1"
"17116","PSMA3-AS1"
"17117","AL132989.2"
"17118","ARID4A"
"17119","AL139021.2"
"17120","AL139021.1"
"17121","TIMM9"
"17122","KIAA0586"
"17123","DACT1"
"17124","LINC01500"
"17125","DAAM1"
"17126","GPR135"
"17127","L3HYPDH"
"17128","JKAMP"
"17129","CCDC175"
"17130","RTN1"
"17131","AL133299.1"
"17132","LRRC9"
"17133","AL157911.1"
"17134","PCNX4"
"17135","DHRS7"
"17136","AL157756.1"
"17137","PPM1A"
"17138","C14orf39"
"17139","MNAT1"
"17140","TRMT5"
"17141","SLC38A6"
"17142","PRKCH"
"17143","AL355916.1"
"17144","HIF1A-AS1"
"17145","HIF1A"
"17146","HIF1A-AS3"
"17147","SNAPC1"
"17148","SYT16"
"17149","AL390816.1"
"17150","AL390816.2"
"17151","KCNH5"
"17152","RHOJ"
"17153","AL049871.1"
"17154","GPHB5"
"17155","PPP2R5E"
"17156","AL136038.3"
"17157","WDR89"
"17158","AL136038.5"
"17159","SGPP1"
"17160","SYNE2"
"17161","ESR2"
"17162","AL161756.1"
"17163","AL161756.3"
"17164","MTHFD1"
"17165","AL122035.1"
"17166","AL122035.2"
"17167","ZBTB25"
"17168","AKAP5"
"17169","ZBTB1"
"17170","AL049869.3"
"17171","HSPA2"
"17172","PPP1R36"
"17173","AL049869.2"
"17174","PLEKHG3"
"17175","SPTB"
"17176","CHURC1"
"17177","GPX2"
"17178","RAB15"
"17179","FNTB"
"17180","MAX"
"17181","AL139022.1"
"17182","LINC02324"
"17183","AL355076.2"
"17184","FUT8"
"17185","FUT8-AS1"
"17186","AL391261.2"
"17187","LINC02290"
"17188","AL359232.1"
"17189","AL157997.1"
"17190","CCDC196"
"17191","GPHN"
"17192","AL049835.1"
"17193","FAM71D"
"17194","MPP5"
"17195","AL135978.2"
"17196","ATP6V1D"
"17197","EIF2S1"
"17198","TMEM229B"
"17199","PLEKHH1"
"17200","PIGH"
"17201","ARG2"
"17202","AL049779.4"
"17203","VTI1B"
"17204","RDH11"
"17205","RDH12"
"17206","ZFYVE26"
"17207","RAD51B"
"17208","AL133370.1"
"17209","AL121820.3"
"17210","AL132986.1"
"17211","ZFP36L1"
"17212","ACTN1"
"17213","ACTN1-AS1"
"17214","DCAF5"
"17215","AL359317.2"
"17216","EXD2"
"17217","AL359317.1"
"17218","GALNT16"
"17219","ERH"
"17220","SLC39A9"
"17221","PLEKHD1"
"17222","CCDC177"
"17223","SUSD6"
"17224","AL133445.2"
"17225","SRSF5"
"17226","SLC10A1"
"17227","SMOC1"
"17228","SLC8A3"
"17229","AL160191.1"
"17230","AL356804.1"
"17231","COX16"
"17232","SYNJ2BP"
"17233","AL357153.2"
"17234","ADAM21"
"17235","ADAM20"
"17236","MED6"
"17237","AL357153.1"
"17238","TTC9"
"17239","MAP3K9"
"17240","AC004816.1"
"17241","AC004816.2"
"17242","AC004825.2"
"17243","PCNX1"
"17244","AC004825.3"
"17245","AC004817.5"
"17246","AC005476.2"
"17247","SIPA1L1"
"17248","AC004974.1"
"17249","AC004900.1"
"17250","AC005993.1"
"17251","RGS6"
"17252","AC004828.2"
"17253","AC004828.1"
"17254","DPF3"
"17255","DCAF4"
"17256","ZFYVE1"
"17257","AL442663.3"
"17258","RBM25"
"17259","PSEN1"
"17260","PAPLN"
"17261","AC004846.2"
"17262","NUMB"
"17263","AC005280.2"
"17264","AC005280.1"
"17265","HEATR4"
"17266","RIOX1"
"17267","AC005225.3"
"17268","ACOT1"
"17269","AC005225.2"
"17270","ACOT2"
"17271","ACOT4"
"17272","ACOT6"
"17273","DNAL1"
"17274","PNMA1"
"17275","ELMSAN1"
"17276","AC005520.2"
"17277","PTGR2"
"17278","AC005520.5"
"17279","ZNF410"
"17280","AC005480.1"
"17281","FAM161B"
"17282","COQ6"
"17283","ENTPD5"
"17284","BBOF1"
"17285","ALDH6A1"
"17286","LIN52"
"17287","VSX2"
"17288","ABCD4"
"17289","AC005519.1"
"17290","VRTN"
"17291","SYNDIG1L"
"17292","NPC2"
"17293","ISCA2"
"17294","LTBP2"
"17295","AC013451.1"
"17296","AREL1"
"17297","FCF1"
"17298","YLPM1"
"17299","PROX2"
"17300","DLST"
"17301","RPS6KL1"
"17302","PGF"
"17303","EIF2B2"
"17304","AL049780.1"
"17305","MLH3"
"17306","ACYP1"
"17307","ZC2HC1C"
"17308","NEK9"
"17309","AL049780.2"
"17310","TMED10"
"17311","AL691403.1"
"17312","AF111167.1"
"17313","FOS"
"17314","JDP2"
"17315","BATF"
"17316","FLVCR2"
"17317","TTLL5"
"17318","ERG28"
"17319","AF107885.2"
"17320","IFT43"
"17321","TGFB3"
"17322","AC016526.4"
"17323","GPATCH2L"
"17324","AC016526.2"
"17325","AC016526.1"
"17326","ESRRB"
"17327","AC008050.1"
"17328","AC007376.2"
"17329","VASH1"
"17330","AF111169.3"
"17331","VASH1-AS1"
"17332","ANGEL1"
"17333","AF111169.4"
"17334","LRRC74A"
"17335","AC007686.4"
"17336","LINC01629"
"17337","IRF2BPL"
"17338","AC007686.3"
"17339","LINC02288"
"17340","AC007686.2"
"17341","CIPC"
"17342","TMEM63C"
"17343","ZDHHC22"
"17344","AC007375.3"
"17345","NGB"
"17346","POMT2"
"17347","GSTZ1"
"17348","TMED8"
"17349","SAMD15"
"17350","NOXRED1"
"17351","VIPAS39"
"17352","AHSA1"
"17353","ISM2"
"17354","SPTLC2"
"17355","ALKBH1"
"17356","SLIRP"
"17357","SNW1"
"17358","C14orf178"
"17359","ADCK1"
"17360","NRXN3"
"17361","AF099810.1"
"17362","AC009396.3"
"17363","AC009396.1"
"17364","AC026888.1"
"17365","AC022469.1"
"17366","AC022469.2"
"17367","AC008056.2"
"17368","AC008056.3"
"17369","AC008056.1"
"17370","AF123462.1"
"17371","DIO2"
"17372","DIO2-AS1"
"17373","CEP128"
"17374","TSHR"
"17375","AC007262.2"
"17376","AL136040.2"
"17377","GTF2A1"
"17378","AL136040.1"
"17379","STON2"
"17380","LINC02308"
"17381","SEL1L"
"17382","AL355838.1"
"17383","LINC02301"
"17384","AL356807.1"
"17385","AL357172.1"
"17386","AL049775.2"
"17387","AL049775.1"
"17388","AL049775.3"
"17389","FLRT2"
"17390","LINC02328"
"17391","LINC02316"
"17392","LINC02309"
"17393","LINC02296"
"17394","AL359237.1"
"17395","GALC"
"17396","LINC01146"
"17397","AL133279.1"
"17398","KCNK10"
"17399","SPATA7"
"17400","PTPN21"
"17401","AL162171.2"
"17402","ZC3H14"
"17403","AL162171.3"
"17404","EML5"
"17405","TTC8"
"17406","FOXN3"
"17407","AL138478.1"
"17408","AL357093.2"
"17409","AL356805.1"
"17410","FOXN3-AS1"
"17411","FOXN3-AS2"
"17412","EFCAB11"
"17413","TDP1"
"17414","KCNK13"
"17415","PSMC1"
"17416","NRDE2"
"17417","AL512791.2"
"17418","CALM1"
"17419","AL512791.1"
"17420","LINC02317"
"17421","LINC00642"
"17422","TTC7B"
"17423","AL096869.1"
"17424","AL096869.2"
"17425","AL139193.1"
"17426","AL139193.2"
"17427","AL122020.2"
"17428","LINC02321"
"17429","RPS6KA5"
"17430","DGLUCY"
"17431","GPR68"
"17432","AL135818.1"
"17433","CCDC88C"
"17434","PPP4R3A"
"17435","CATSPERB"
"17436","TC2N"
"17437","FBLN5"
"17438","TRIP11"
"17439","ATXN3"
"17440","NDUFB1"
"17441","CPSF2"
"17442","SLC24A4"
"17443","RIN3"
"17444","LGMN"
"17445","GOLGA5"
"17446","CHGA"
"17447","ITPK1"
"17448","ITPK1-AS1"
"17449","MOAP1"
"17450","TMEM251"
"17451","GON7"
"17452","UBR7"
"17453","BTBD7"
"17454","UNC79"
"17455","AL122023.1"
"17456","PRIMA1"
"17457","FAM181A"
"17458","OTUB2"
"17459","DDX24"
"17460","IFI27L1"
"17461","IFI27"
"17462","IFI27L2"
"17463","PPP4R4"
"17464","DICER1"
"17465","DICER1-AS1"
"17466","CLMN"
"17467","SYNE3"
"17468","SNHG10"
"17469","GLRX5"
"17470","TUNAR"
"17471","C14orf132"
"17472","BDKRB2"
"17473","ATG2B"
"17474","GSKIP"
"17475","AK7"
"17476","AL163051.1"
"17477","PAPOLA"
"17478","AL137786.1"
"17479","AL137786.2"
"17480","LINC02299"
"17481","VRK1"
"17482","LINC00618"
"17483","AL158800.1"
"17484","LINC02325"
"17485","LINC02291"
"17486","LINC01550"
"17487","AL163932.1"
"17488","AL132796.2"
"17489","AL162151.3"
"17490","BCL11B"
"17491","AL109767.1"
"17492","SETD3"
"17493","CCNK"
"17494","CCDC85C"
"17495","AL160313.1"
"17496","HHIPL1"
"17497","CYP46A1"
"17498","AL160313.2"
"17499","EML1"
"17500","EVL"
"17501","AL133368.2"
"17502","AL157912.1"
"17503","DEGS2"
"17504","AL133523.1"
"17505","YY1"
"17506","AL157871.6"
"17507","SLC25A29"
"17508","AL157871.1"
"17509","SLC25A47"
"17510","AL157871.4"
"17511","WARS"
"17512","WDR25"
"17513","BEGAIN"
"17514","MEG3"
"17515","AL117190.2"
"17516","RTL1"
"17517","MEG8"
"17518","MIR381HG"
"17519","MEG9"
"17520","LINC02320"
"17521","PPP2R5C"
"17522","AL137779.2"
"17523","AL137779.1"
"17524","AL118558.3"
"17525","AL118558.4"
"17526","DYNC1H1"
"17527","HSP90AA1"
"17528","WDR20"
"17529","MOK"
"17530","ZNF839"
"17531","CINP"
"17532","TECPR2"
"17533","ANKRD9"
"17534","LINC02323"
"17535","RCOR1"
"17536","TRAF3"
"17537","AMN"
"17538","CDC42BPB"
"17539","AL117209.1"
"17540","TNFAIP2"
"17541","AL138976.2"
"17542","EIF5"
"17543","MARK3"
"17544","CKB"
"17545","AL133367.1"
"17546","TRMT61A"
"17547","AL139300.2"
"17548","BAG5"
"17549","KLC1"
"17550","COA8"
"17551","AL049840.2"
"17552","AL049840.6"
"17553","AL049840.3"
"17554","AL049840.4"
"17555","AL049840.5"
"17556","XRCC3"
"17557","ZFYVE21"
"17558","PPP1R13B"
"17559","LINC00637"
"17560","AL132712.1"
"17561","ATP5MPL"
"17562","TDRD9"
"17563","ASPG"
"17564","KIF26A"
"17565","LINC02691"
"17566","AL512357.1"
"17567","TMEM179"
"17568","C14orf180"
"17569","INF2"
"17570","ADSSL1"
"17571","SIVA1"
"17572","AL583722.2"
"17573","AKT1"
"17574","ZBTB42"
"17575","LINC00638"
"17576","AL583810.1"
"17577","CEP170B"
"17578","AHNAK2"
"17579","CLBA1"
"17580","CDCA4"
"17581","GPR132"
"17582","LINC02298"
"17583","AL512356.4"
"17584","AL512356.5"
"17585","JAG2"
"17586","NUDT14"
"17587","BRF1"
"17588","BTBD6"
"17589","PACS2"
"17590","TEX22"
"17591","AL928654.1"
"17592","MTA1"
"17593","AL928654.2"
"17594","CRIP2"
"17595","CRIP1"
"17596","TEDC1"
"17597","TMEM121"
"17598","AC026495.2"
"17599","AC012414.5"
"17600","AC068446.2"
"17601","AC138649.1"
"17602","NIPA1"
"17603","NIPA2"
"17604","CYFIP1"
"17605","TUBGCP5"
"17606","GOLGA6L2"
"17607","MKRN3"
"17608","AC126407.1"
"17609","MAGEL2"
"17610","NDN"
"17611","AC087490.1"
"17612","PWRN4"
"17613","PWRN1"
"17614","PWRN2"
"17615","NPAP1"
"17616","SNRPN"
"17617","AC090983.1"
"17618","SNURF"
"17619","SNHG14"
"17620","AC124312.2"
"17621","AC124312.5"
"17622","UBE3A"
"17623","AC100774.1"
"17624","LINC02250"
"17625","ATP10A"
"17626","LINC02346"
"17627","LINC02248"
"17628","AC009878.2"
"17629","GABRB3"
"17630","AC009878.1"
"17631","GABRA5"
"17632","GABRG3"
"17633","GABRG3-AS1"
"17634","AC104002.3"
"17635","OCA2"
"17636","HERC2"
"17637","GOLGA8M.1"
"17638","GOLGA6L7"
"17639","AC174469.1"
"17640","APBA2"
"17641","AC127522.1"
"17642","FAM189A1"
"17643","NSMCE3"
"17644","AC107980.1"
"17645","AC022613.1"
"17646","TJP1"
"17647","AC022613.3"
"17648","AC022613.2"
"17649","LINC02249"
"17650","CHRFAM7A"
"17651","GOLGA8R"
"17652","AC127502.2"
"17653","GOLGA8Q"
"17654","GOLGA8H"
"17655","AC026150.3"
"17656","AC091057.3"
"17657","AC091057.2"
"17658","AC091057.6"
"17659","ARHGAP11B"
"17660","FAN1"
"17661","MTMR10"
"17662","AC009562.1"
"17663","TRPM1"
"17664","LINC02352"
"17665","AC012236.1"
"17666","KLF13"
"17667","OTUD7A"
"17668","CHRNA7"
"17669","GOLGA8O"
"17670","LINC02256"
"17671","AC123768.3"
"17672","GOLGA8N"
"17673","AC123768.2"
"17674","ARHGAP11A"
"17675","AC123768.5"
"17676","SCG5"
"17677","AC123768.1"
"17678","GREM1"
"17679","FMN1"
"17680","RYR3"
"17681","AC010809.3"
"17682","AC010809.2"
"17683","AC010809.1"
"17684","AVEN"
"17685","CHRM5"
"17686","EMC7"
"17687","PGBD4"
"17688","KATNBL1"
"17689","EMC4"
"17690","SLC12A6"
"17691","AC079203.2"
"17692","NOP10"
"17693","NUTM1"
"17694","LPCAT4"
"17695","GOLGA8A"
"17696","GOLGA8B"
"17697","AC087457.1"
"17698","AQR"
"17699","ZNF770"
"17700","AC114546.1"
"17701","AC021231.1"
"17702","DPH6"
"17703","DPH6-DT"
"17704","LINC02853"
"17705","AC021351.1"
"17706","AC087516.2"
"17707","C15orf41"
"17708","AC013640.1"
"17709","AC018563.1"
"17710","MEIS2"
"17711","AC078909.1"
"17712","AC078909.2"
"17713","AC068875.1"
"17714","LINC02345"
"17715","LINC01852"
"17716","AC087473.1"
"17717","SPRED1"
"17718","FAM98B"
"17719","RASGRP1"
"17720","AC116158.3"
"17721","AC116158.1"
"17722","AC116158.2"
"17723","LINC02694"
"17724","AC022929.2"
"17725","AC013652.1"
"17726","AC087878.1"
"17727","AC109630.1"
"17728","AC022196.1"
"17729","THBS1"
"17730","AC037198.1"
"17731","FSIP1"
"17732","AC023908.3"
"17733","GPR176"
"17734","AC023908.1"
"17735","GPR176-DT"
"17736","EIF2AK4"
"17737","SRP14"
"17738","SRP14-AS1"
"17739","BMF"
"17740","BUB1B"
"17741","PAK6"
"17742","PLCB2"
"17743","AC020658.5"
"17744","INAFM2"
"17745","CCDC9B"
"17746","PHGR1"
"17747","DISP2"
"17748","KNSTRN"
"17749","IVD"
"17750","BAHD1"
"17751","CHST14"
"17752","AC091045.1"
"17753","CCDC32"
"17754","RPUSD2"
"17755","KNL1"
"17756","RAD51-AS1"
"17757","RAD51"
"17758","RMDN3"
"17759","GCHFR"
"17760","DNAJC17"
"17761","C15orf62"
"17762","ZFYVE19"
"17763","PPP1R14D"
"17764","RHOV"
"17765","AC025166.1"
"17766","VPS18"
"17767","AC020661.1"
"17768","DLL4"
"17769","CHAC1"
"17770","INO80"
"17771","AC020661.3"
"17772","AC020661.2"
"17773","INO80-AS1"
"17774","AC020661.4"
"17775","EXD1"
"17776","CHP1"
"17777","OIP5-AS1"
"17778","OIP5"
"17779","NUSAP1"
"17780","NDUFAF1"
"17781","RTF1"
"17782","ITPKA"
"17783","RPAP1"
"17784","TYRO3"
"17785","AC016134.1"
"17786","MGA"
"17787","AC073657.1"
"17788","MAPKBP1"
"17789","AC020659.2"
"17790","JMJD7"
"17791","PLA2G4B"
"17792","SPTBN5"
"17793","EHD4"
"17794","VPS39"
"17795","AC036103.1"
"17796","TMEM87A"
"17797","GANC"
"17798","CAPN3"
"17799","ZNF106"
"17800","SNAP23"
"17801","AC018362.1"
"17802","LRRC57"
"17803","HAUS2"
"17804","AC018362.2"
"17805","STARD9"
"17806","CDAN1"
"17807","AC090510.2"
"17808","TTBK2"
"17809","AC090510.1"
"17810","AC090510.4"
"17811","UBR1"
"17812","AC068724.3"
"17813","TMEM62"
"17814","AC068724.1"
"17815","CCNDBP1"
"17816","LCMT2"
"17817","ADAL"
"17818","ZSCAN29"
"17819","TUBGCP4"
"17820","TP53BP1"
"17821","MAP1A"
"17822","PPIP5K1"
"17823","CKMT1B"
"17824","STRC"
"17825","CATSPER2"
"17826","AC011330.2"
"17827","CKMT1A"
"17828","PDIA3"
"17829","ELL3"
"17830","SERF2"
"17831","SERINC4"
"17832","HYPK"
"17833","MFAP1"
"17834","WDR76"
"17835","FRMD5"
"17836","CASC4"
"17837","AC090519.2"
"17838","AC025043.1"
"17839","CTDSPL2"
"17840","AC025430.1"
"17841","EIF3J-DT"
"17842","EIF3J"
"17843","AC009996.1"
"17844","SPG11"
"17845","PATL2"
"17846","B2M"
"17847","TRIM69"
"17848","SORD"
"17849","AC091117.2"
"17850","DUOXA1"
"17851","DUOX1"
"17852","AC051619.6"
"17853","SHF"
"17854","AC051619.4"
"17855","AC051619.8"
"17856","AC051619.5"
"17857","SLC28A2"
"17858","AC051619.11"
"17859","GATM"
"17860","AC025580.3"
"17861","SPATA5L1"
"17862","C15orf48"
"17863","AC025580.1"
"17864","AC025580.2"
"17865","SLC30A4"
"17866","AC090527.1"
"17867","AC090527.3"
"17868","BLOC1S6"
"17869","SQOR"
"17870","AC068722.1"
"17871","AC091074.3"
"17872","AC091074.2"
"17873","AC012405.1"
"17874","AC073941.1"
"17875","SEMA6D"
"17876","AC084882.1"
"17877","AC023905.1"
"17878","AC009558.1"
"17879","AC012050.1"
"17880","LINC01491"
"17881","AC092078.2"
"17882","AC092078.3"
"17883","SLC24A5"
"17884","MYEF2"
"17885","CTXN2"
"17886","SLC12A1"
"17887","AC066612.1"
"17888","AC066612.2"
"17889","AC023355.1"
"17890","DUT"
"17891","FBN1"
"17892","AC084757.3"
"17893","CEP152"
"17894","SHC4"
"17895","EID1"
"17896","AC091073.1"
"17897","SECISBP2L"
"17898","COPS2"
"17899","GALK2"
"17900","FAM227B"
"17901","AC022306.2"
"17902","AC022306.3"
"17903","FGF7"
"17904","DTWD1"
"17905","ATP8B4"
"17906","AC025040.1"
"17907","SLC27A2"
"17908","GABPB1"
"17909","GABPB1-IT1"
"17910","GABPB1-AS1"
"17911","AC022087.1"
"17912","USP8"
"17913","AC012170.3"
"17914","AC012170.2"
"17915","USP50"
"17916","TRPM7"
"17917","AC084756.1"
"17918","SPPL2A"
"17919","AC012100.2"
"17920","AC021752.1"
"17921","AP4E1"
"17922","MIR4713HG"
"17923","TNFAIP8L3"
"17924","CYP19A1"
"17925","GLDN"
"17926","AC066613.2"
"17927","DMXL2"
"17928","AC066613.1"
"17929","SCG3"
"17930","AC020892.1"
"17931","AC020892.2"
"17932","LYSMD2"
"17933","TMOD2"
"17934","AC026770.1"
"17935","TMOD3"
"17936","AC090971.5"
"17937","AC090971.2"
"17938","AC090971.1"
"17939","LEO1"
"17940","MAPK6"
"17941","MAPK6-DT"
"17942","AC023906.5"
"17943","GNB5"
"17944","AC023906.3"
"17945","AC023906.4"
"17946","CERNA1"
"17947","MYO5C"
"17948","MYO5A"
"17949","ARPP19"
"17950","AC025917.1"
"17951","FAM214A"
"17952","AC009754.1"
"17953","AC009754.2"
"17954","ONECUT1"
"17955","WDR72"
"17956","AC084759.2"
"17957","UNC13C"
"17958","AC011912.1"
"17959","RSL24D1"
"17960","RAB27A"
"17961","AC018926.2"
"17962","PIGBOS1"
"17963","PIGB"
"17964","CCPG1"
"17965","AC018926.3"
"17966","C15orf65"
"17967","DNAAF4"
"17968","PYGO1"
"17969","AC012378.2"
"17970","PRTG"
"17971","NEDD4"
"17972","RFX7"
"17973","TEX9"
"17974","AC084782.1"
"17975","AC084782.2"
"17976","MNS1"
"17977","AC084782.3"
"17978","AC090518.1"
"17979","ZNF280D"
"17980","AC090517.2"
"17981","AC090517.5"
"17982","AC010999.2"
"17983","AC010999.1"
"17984","TCF12"
"17985","LINC00926"
"17986","CGNL1"
"17987","GCOM1"
"17988","POLR2M"
"17989","ALDH1A2"
"17990","LIPC"
"17991","AC018904.1"
"17992","ADAM10"
"17993","AC090515.6"
"17994","AC090515.2"
"17995","MINDY2"
"17996","AC090515.4"
"17997","RNF111"
"17998","SLTM"
"17999","CCNB2"
"18000","AC092757.2"
"18001","MYO1E"
"18002","AC092868.2"
"18003","FAM81A"
"18004","GCNT3"
"18005","GTF2A2"
"18006","BNIP2"
"18007","FOXB1"
"18008","ANXA2"
"18009","ICE2"
"18010","RORA-AS1"
"18011","RORA"
"18012","AC009560.3"
"18013","AC009560.4"
"18014","AC022898.2"
"18015","AC012404.1"
"18016","AC012404.2"
"18017","AC104574.2"
"18018","AC018618.1"
"18019","AC009554.1"
"18020","VPS13C"
"18021","AC009554.2"
"18022","AC126323.2"
"18023","AC032011.1"
"18024","TLN2"
"18025","AC100839.1"
"18026","AC100839.2"
"18027","AC103740.1"
"18028","TPM1"
"18029","TPM1-AS"
"18030","AC079328.2"
"18031","AC087612.1"
"18032","LACTB"
"18033","RPS27L"
"18034","RAB8B"
"18035","APH1B"
"18036","CA12"
"18037","LINC02568"
"18038","AC007950.2"
"18039","USP3"
"18040","USP3-AS1"
"18041","FBXL22"
"18042","HERC1"
"18043","AC073167.1"
"18044","DAPK2"
"18045","AC015914.1"
"18046","CIAO2A"
"18047","SNX1"
"18048","SNX22"
"18049","PPIB"
"18050","CSNK1G1"
"18051","PCLAF"
"18052","TRIP4"
"18053","ZNF609"
"18054","OAZ2"
"18055","AC100830.3"
"18056","AC100830.2"
"18057","AC100830.1"
"18058","RBPMS2"
"18059","PIF1"
"18060","PLEKHO2"
"18061","AC069368.2"
"18062","ANKDD1A"
"18063","AC103691.1"
"18064","SPG21"
"18065","MTFMT"
"18066","SLC51B"
"18067","AC013553.4"
"18068","UBAP1L"
"18069","PDCD7"
"18070","CLPX"
"18071","CILP"
"18072","PARP16"
"18073","IGDCC3"
"18074","IGDCC4"
"18075","DPP8"
"18076","HACD3"
"18077","INTS14"
"18078","SLC24A1"
"18079","DENND4A"
"18080","RAB11A"
"18081","AC011939.2"
"18082","MEGF11"
"18083","AC055855.2"
"18084","DIS3L"
"18085","AC055855.1"
"18086","TIPIN"
"18087","MAP2K1"
"18088","AC116913.1"
"18089","SNAPC5"
"18090","RPL4"
"18091","ZWILCH"
"18092","LCTL"
"18093","LINC01169"
"18094","SMAD6"
"18095","AC110048.2"
"18096","AC093334.1"
"18097","LINC02206"
"18098","AC087482.1"
"18099","SMAD3"
"18100","AC012568.1"
"18101","AAGAB"
"18102","IQCH"
"18103","IQCH-AS1"
"18104","C15orf61"
"18105","AC016355.1"
"18106","MAP2K5"
"18107","SKOR1"
"18108","PIAS1"
"18109","CALML4"
"18110","CLN6"
"18111","AC107871.2"
"18112","FEM1B"
"18113","ITGA11"
"18114","CORO2B"
"18115","ANP32A"
"18116","SPESP1"
"18117","AC087639.2"
"18118","NOX5"
"18119","EWSAT1"
"18120","GLCE"
"18121","AC026992.2"
"18122","AC026992.1"
"18123","PAQR5"
"18124","AC027237.3"
"18125","KIF23"
"18126","RPLP1"
"18127","AC027237.2"
"18128","DRAIC"
"18129","TLE3"
"18130","UACA"
"18131","AC009269.2"
"18132","LARP6"
"18133","AC009269.4"
"18134","LRRC49"
"18135","THAP10"
"18136","THSD4"
"18137","THSD4-AS1"
"18138","NR2E3"
"18139","AC104938.1"
"18140","MYO9A"
"18141","AC022872.1"
"18142","SENP8"
"18143","AC020779.2"
"18144","GRAMD2A"
"18145","PKM"
"18146","PARP6"
"18147","AC009690.2"
"18148","CELF6"
"18149","HEXA"
"18150","HEXA-AS1"
"18151","TMEM202-AS1"
"18152","AC079322.1"
"18153","ARIH1"
"18154","LINC02259"
"18155","AC100827.4"
"18156","HIGD2B"
"18157","BBS4"
"18158","ADPGK"
"18159","ADPGK-AS1"
"18160","NEO1"
"18161","AC068397.1"
"18162","HCN4"
"18163","REC114"
"18164","NPTN"
"18165","NPTN-IT1"
"18166","CD276"
"18167","INSYN1"
"18168","INSYN1-AS1"
"18169","LOXL1-AS1"
"18170","LOXL1"
"18171","STOML1"
"18172","PML"
"18173","AC013486.1"
"18174","ISLR2"
"18175","AC010931.2"
"18176","AC010931.3"
"18177","STRA6"
"18178","CCDC33"
"18179","AC023300.2"
"18180","CYP11A1"
"18181","SEMA7A"
"18182","UBL7"
"18183","UBL7-AS1"
"18184","AC012435.3"
"18185","ARID3B"
"18186","CLK3"
"18187","AC100835.1"
"18188","EDC3"
"18189","CSK"
"18190","ULK3"
"18191","SCAMP2"
"18192","MPI"
"18193","FAM219B"
"18194","COX5A"
"18195","RPP25"
"18196","SCAMP5"
"18197","PPCDC"
"18198","COMMD4"
"18199","AC068338.3"
"18200","NEIL1"
"18201","MAN2C1"
"18202","SIN3A"
"18203","AC105137.2"
"18204","PTPN9"
"18205","SNUPN"
"18206","IMP3"
"18207","AC105020.6"
"18208","SNX33"
"18209","CSPG4"
"18210","DNM1P35"
"18211","AC019294.2"
"18212","UBE2Q2"
"18213","FBXO22"
"18214","NRG4"
"18215","TMEM266"
"18216","AC091100.1"
"18217","ETFA"
"18218","AC027243.3"
"18219","SCAPER"
"18220","RCN2"
"18221","PSTPIP1"
"18222","TSPAN3"
"18223","AC090181.2"
"18224","PEAK1"
"18225","HMG20A"
"18226","AC046168.2"
"18227","LINGO1"
"18228","LINGO1-AS1"
"18229","LINGO1-AS2"
"18230","TBC1D2B"
"18231","SH2D7"
"18232","CIB2"
"18233","IDH3A"
"18234","ACSBG1"
"18235","DNAJA4"
"18236","WDR61"
"18237","AC090607.4"
"18238","AC090607.1"
"18239","CRABP1"
"18240","IREB2"
"18241","AC027228.1"
"18242","HYKK"
"18243","PSMA4"
"18244","CHRNA5"
"18245","AC027228.2"
"18246","CHRNA3"
"18247","CHRNB4"
"18248","AC067863.1"
"18249","ADAMTS7"
"18250","MORF4L1"
"18251","CTSH"
"18252","RASGRF1"
"18253","AC011944.1"
"18254","ANKRD34C-AS1"
"18255","TMED3"
"18256","MINAR1"
"18257","MTHFS"
"18258","AC021483.2"
"18259","AC015871.7"
"18260","AC015871.1"
"18261","AC015871.4"
"18262","ST20-AS1"
"18263","ZFAND6"
"18264","FAH"
"18265","CTXND1"
"18266","LINC00927"
"18267","AC016705.2"
"18268","ARNT2"
"18269","AC016705.1"
"18270","AC016705.3"
"18271","AC108451.1"
"18272","ABHD17C"
"18273","AC023302.1"
"18274","CEMIP"
"18275","AC027808.2"
"18276","MESD"
"18277","TLNRD1"
"18278","CFAP161"
"18279","IL16"
"18280","AC103858.1"
"18281","STARD5"
"18282","AC103858.3"
"18283","TMC3-AS1"
"18284","TMC3"
"18285","AC109809.1"
"18286","AC060809.1"
"18287","AC023034.1"
"18288","AC104041.1"
"18289","MEX3B"
"18290","LINC01583"
"18291","AC026956.2"
"18292","EFL1"
"18293","AC026624.1"
"18294","SAXO2"
"18295","GOLGA6L10"
"18296","GOLGA6L9"
"18297","RPS17"
"18298","AC245033.2"
"18299","CPEB1"
"18300","CPEB1-AS1"
"18301","AP3B2"
"18302","AC105339.3"
"18303","AC105339.6"
"18304","SNHG21"
"18305","FSD2"
"18306","WHAMM"
"18307","HOMER2"
"18308","AC022558.2"
"18309","RAMAC"
"18310","C15orf40"
"18311","AC024270.4"
"18312","BTBD1"
"18313","AC022558.3"
"18314","AC022558.1"
"18315","AC024270.5"
"18316","TM6SF1"
"18317","HDGFL3"
"18318","AC103876.1"
"18319","BNC1"
"18320","SH3GL3"
"18321","ADAMTSL3"
"18322","UBE2Q2L"
"18323","GOLGA6L4"
"18324","AC243562.3"
"18325","AC048382.5"
"18326","ZSCAN2"
"18327","AC048382.1"
"18328","AC048382.6"
"18329","WDR73"
"18330","NMB"
"18331","SEC11A"
"18332","AC115102.1"
"18333","AC012291.3"
"18334","ZNF592"
"18335","ALPK3"
"18336","SLC28A1"
"18337","PDE8A"
"18338","AKAP13"
"18339","AC087286.2"
"18340","AC087286.4"
"18341","AC021739.4"
"18342","AC021739.2"
"18343","AC021739.5"
"18344","AC021739.3"
"18345","KLHL25"
"18346","LINC01584"
"18347","AGBL1"
"18348","AGBL1-AS1"
"18349","AC016987.1"
"18350","AC020687.1"
"18351","AC103871.1"
"18352","NTRK3"
"18353","NTRK3-AS1"
"18354","MRPL46"
"18355","MRPS11"
"18356","DET1"
"18357","LINC01586"
"18358","AEN"
"18359","ISG20"
"18360","ACAN"
"18361","HAPLN3"
"18362","MFGE8"
"18363","AC013565.1"
"18364","AC013565.3"
"18365","ABHD2"
"18366","RLBP1"
"18367","FANCI"
"18368","POLG"
"18369","AC124068.2"
"18370","AC133637.2"
"18371","MIR9-3HG"
"18372","RHCG"
"18373","LINC00928"
"18374","AC013391.3"
"18375","AC013391.2"
"18376","TICRR"
"18377","AC013391.1"
"18378","KIF7"
"18379","PEX11A"
"18380","WDR93"
"18381","MESP1"
"18382","MESP2"
"18383","AP3S2"
"18384","ARPIN"
"18385","ZNF710"
"18386","AC087284.1"
"18387","ZNF710-AS1"
"18388","IDH2"
"18389","IDH2-DT"
"18390","SEMA4B"
"18391","CIB1"
"18392","GDPGP1"
"18393","TTLL13P"
"18394","NGRN"
"18395","AC091167.5"
"18396","ZNF774"
"18397","IQGAP1"
"18398","AC018946.1"
"18399","CRTC3"
"18400","AC103739.2"
"18401","CRTC3-AS1"
"18402","AC103739.3"
"18403","LINC01585"
"18404","BLM"
"18405","AC124248.2"
"18406","AC124248.1"
"18407","FURIN"
"18408","FES"
"18409","MAN2A2"
"18410","AC068831.4"
"18411","HDDC3"
"18412","UNC45A"
"18413","AC068831.1"
"18414","RCCD1"
"18415","PRC1"
"18416","PRC1-AS1"
"18417","VPS33B"
"18418","VPS33B-DT"
"18419","AC068831.6"
"18420","AC127520.1"
"18421","SV2B"
"18422","AC104035.1"
"18423","SLCO3A1"
"18424","AC116903.2"
"18425","ST8SIA2"
"18426","AC090985.2"
"18427","C15orf32"
"18428","LINC00930"
"18429","AC091544.2"
"18430","AC091544.4"
"18431","AC091544.5"
"18432","FAM174B"
"18433","AC106028.3"
"18434","AC106028.4"
"18435","LINC01578"
"18436","CHD2"
"18437","RGMA"
"18438","AC108457.1"
"18439","AC091078.1"
"18440","AC091078.2"
"18441","AC110023.1"
"18442","LINC01579"
"18443","LINC02207"
"18444","AC103996.2"
"18445","LINC01580"
"18446","MCTP2"
"18447","AC009432.2"
"18448","AC087636.1"
"18449","LINC01197"
"18450","AC104260.1"
"18451","AC104260.3"
"18452","LINC00924"
"18453","AC027013.1"
"18454","AC015574.1"
"18455","AC012409.2"
"18456","AC024337.2"
"18457","NR2F2-AS1"
"18458","NR2F2"
"18459","AC087477.2"
"18460","AC087477.5"
"18461","LINC02253"
"18462","AC020704.1"
"18463","LINC02254"
"18464","LINC00923"
"18465","ARRDC4"
"18466","LINC02251"
"18467","AC022523.1"
"18468","LINC02351"
"18469","FAM169B"
"18470","IGF1R"
"18471","AC118658.1"
"18472","AC055807.1"
"18473","AC069029.1"
"18474","AC036108.1"
"18475","LUNAR1"
"18476","SYNM"
"18477","AC036108.2"
"18478","TTC23"
"18479","AC036108.3"
"18480","AC022819.1"
"18481","LRRC28"
"18482","AC015660.2"
"18483","MEF2A"
"18484","LYSMD4"
"18485","AC090825.1"
"18486","ADAMTS17"
"18487","AC084855.2"
"18488","AC022710.1"
"18489","SPATA41"
"18490","CERS3-AS1"
"18491","CERS3"
"18492","AC027020.2"
"18493","LINS1"
"18494","ASB7"
"18495","AC087762.1"
"18496","AC015712.1"
"18497","AC015712.4"
"18498","LRRK1"
"18499","AC090907.1"
"18500","AC090907.2"
"18501","CHSY1"
"18502","SELENOS"
"18503","SNRPA1"
"18504","AC023024.1"
"18505","PCSK6"
"18506","AC090164.5"
"18507","TM2D3"
"18508","TARSL2"
"18509","AC140725.1"
"18510","POLR3K"
"18511","SNRNP25"
"18512","RHBDF1"
"18513","MPG"
"18514","NPRL3"
"18515","Z69720.1"
"18516","Z69666.1"
"18517","HBZ"
"18518","HBA2"
"18519","HBA1"
"18520","HBQ1"
"18521","Z69706.1"
"18522","LUC7L"
"18523","FAM234A"
"18524","RGS11"
"18525","ARHGDIG"
"18526","PDIA2"
"18527","AXIN1"
"18528","MRPL28"
"18529","TMEM8A"
"18530","NME4"
"18531","DECR2"
"18532","RAB11FIP3"
"18533","CAPN15"
"18534","PIGQ"
"18535","RAB40C"
"18536","WFIKKN1"
"18537","METTL26"
"18538","MCRIP2"
"18539","AL022341.1"
"18540","WDR90"
"18541","AL022341.2"
"18542","RHOT2"
"18543","RHBDL1"
"18544","STUB1"
"18545","JMJD8"
"18546","WDR24"
"18547","Z92544.2"
"18548","FBXL16"
"18549","METRN"
"18550","ANTKMT"
"18551","CCDC78"
"18552","HAGHL"
"18553","CIAO3"
"18554","RPUSD1"
"18555","CHTF18"
"18556","AL023882.1"
"18557","LMF1"
"18558","AL031716.1"
"18559","AL008727.1"
"18560","LMF1-AS1"
"18561","AC009041.4"
"18562","AC009041.2"
"18563","SOX8"
"18564","AC009041.1"
"18565","CACNA1H"
"18566","AC120498.9"
"18567","UBE2I"
"18568","AL031714.1"
"18569","BAIAP3"
"18570","TSR3"
"18571","GNPTG"
"18572","AL031709.1"
"18573","UNKL"
"18574","AL032819.1"
"18575","C16orf91"
"18576","CCDC154"
"18577","CLCN7"
"18578","AL031600.3"
"18579","TELO2"
"18580","IFT140"
"18581","AL031705.1"
"18582","TMEM204"
"18583","AL133297.2"
"18584","CRAMP1"
"18585","JPT2"
"18586","MAPK8IP3"
"18587","AL031710.2"
"18588","AL031710.1"
"18589","NME3"
"18590","MRPS34"
"18591","EME2"
"18592","SPSB3"
"18593","NUBP2"
"18594","HAGH"
"18595","FAHD1"
"18596","MEIOB"
"18597","MSRB1"
"18598","NDUFB10"
"18599","RPS2"
"18600","SNHG9"
"18601","AC005363.2"
"18602","TBL3"
"18603","NOXO1"
"18604","GFER"
"18605","AC005606.2"
"18606","SYNGR3"
"18607","ZNF598"
"18608","NPW"
"18609","SLC9A3R2"
"18610","NTHL1"
"18611","TSC2"
"18612","PKD1"
"18613","AC009065.2"
"18614","AC009065.3"
"18615","RAB26"
"18616","SNHG19"
"18617","TRAF7"
"18618","CASKIN1"
"18619","MLST8"
"18620","BRICD5"
"18621","PGP"
"18622","E4F1"
"18623","DNASE1L2"
"18624","ECI1"
"18625","AC009065.8"
"18626","RNPS1"
"18627","AC009065.4"
"18628","ABCA3"
"18629","CCNF"
"18630","AC106820.6"
"18631","AC106820.3"
"18632","AC106820.5"
"18633","TEDC2"
"18634","AC106820.2"
"18635","TBC1D24"
"18636","AC106820.4"
"18637","ATP6V0C"
"18638","AMDHD2"
"18639","PDPK1"
"18640","AC093525.6"
"18641","AC093525.7"
"18642","AC093525.4"
"18643","AC141586.3"
"18644","ERVK13-1"
"18645","KCTD5"
"18646","PRSS27"
"18647","SRRM2-AS1"
"18648","SRRM2"
"18649","ELOB"
"18650","AC092117.1"
"18651","FLYWCH2"
"18652","FLYWCH1"
"18653","AC004034.1"
"18654","PKMYT1"
"18655","PAQR4"
"18656","AC004233.3"
"18657","AC004233.1"
"18658","AC004233.2"
"18659","CLDN6"
"18660","HCFC1R1"
"18661","THOC6"
"18662","MMP25-AS1"
"18663","MMP25"
"18664","IL32"
"18665","AC108134.4"
"18666","ZNF213-AS1"
"18667","ZNF205"
"18668","ZNF213"
"18669","AC108134.2"
"18670","AJ003147.2"
"18671","ZNF200"
"18672","LINC00921"
"18673","ZNF263"
"18674","TIGD7"
"18675","ZNF75A"
"18676","AC004232.1"
"18677","AC025283.2"
"18678","MTRNR2L4"
"18679","ZSCAN32"
"18680","ZNF174"
"18681","ZNF597"
"18682","NAA60"
"18683","CLUAP1"
"18684","NLRC3"
"18685","AC004494.1"
"18686","SLX4"
"18687","DNASE1"
"18688","AC006111.2"
"18689","TRAP1"
"18690","AC006111.3"
"18691","CREBBP"
"18692","AC005736.1"
"18693","ADCY9"
"18694","SRL"
"18695","LINC01569"
"18696","TFAP4"
"18697","GLIS2"
"18698","GLIS2-AS1"
"18699","PAM16"
"18700","AC012676.1"
"18701","CORO7"
"18702","VASN"
"18703","DNAJA3"
"18704","AC012676.3"
"18705","AC012676.4"
"18706","NMRAL1"
"18707","HMOX2"
"18708","CDIP1"
"18709","AC023830.3"
"18710","C16orf96"
"18711","UBALD1"
"18712","MGRN1"
"18713","AC023830.1"
"18714","NUDT16L1"
"18715","ANKS3"
"18716","C16orf71"
"18717","ZNF500"
"18718","SEPTIN12"
"18719","SMIM22"
"18720","ROGDI"
"18721","GLYR1"
"18722","AC020663.3"
"18723","UBN1"
"18724","PPL"
"18725","SEC14L5"
"18726","NAGPA-AS1"
"18727","NAGPA"
"18728","ALG1"
"18729","C16orf89"
"18730","EEF2KMT"
"18731","AC026458.2"
"18732","AC074051.5"
"18733","RBFOX1"
"18734","LINC01570"
"18735","AC009135.1"
"18736","AC006112.1"
"18737","AC007222.2"
"18738","AC005774.2"
"18739","AC093515.1"
"18740","AC018767.3"
"18741","TMEM114"
"18742","METTL22"
"18743","ABAT"
"18744","TMEM186"
"18745","PMM2"
"18746","AC012173.1"
"18747","AC022167.2"
"18748","CARHSP1"
"18749","AC022167.1"
"18750","AC022167.4"
"18751","USP7"
"18752","C16orf72"
"18753","AC087190.1"
"18754","LINC02177"
"18755","AC012178.1"
"18756","AC007221.1"
"18757","AC007218.1"
"18758","GRIN2A"
"18759","AC007218.2"
"18760","AC007218.3"
"18761","AC133565.1"
"18762","ATF7IP2"
"18763","LINC01290"
"18764","EMP2"
"18765","TEKT5"
"18766","AC007595.1"
"18767","NUBP1"
"18768","TVP23A"
"18769","CIITA"
"18770","DEXI"
"18771","CLEC16A"
"18772","AC007014.2"
"18773","AC007014.1"
"18774","AC007220.2"
"18775","AC007220.1"
"18776","RMI2"
"18777","SOCS1"
"18778","AC009121.3"
"18779","AC099489.1"
"18780","AC099489.3"
"18781","LITAF"
"18782","SNN"
"18783","TXNDC11"
"18784","AC007613.1"
"18785","ZC3H7A"
"18786","AC010654.1"
"18787","BCAR4"
"18788","RSL1D1"
"18789","AC007216.4"
"18790","GSPT1"
"18791","AC007216.3"
"18792","AC007216.2"
"18793","NPIPB2"
"18794","TNFRSF17"
"18795","SNX29"
"18796","AC007598.2"
"18797","AC131391.1"
"18798","AC010333.2"
"18799","CPPED1"
"18800","AC109597.1"
"18801","AC109597.2"
"18802","SHISA9"
"18803","AC009134.1"
"18804","U91319.1"
"18805","U95743.1"
"18806","ERCC4"
"18807","AC010401.1"
"18808","MRTFB"
"18809","AC130650.2"
"18810","AC130650.1"
"18811","MIR193BHG"
"18812","AC040173.1"
"18813","PARN"
"18814","BFAR"
"18815","PLA2G10"
"18816","NPIPA3"
"18817","NPIPA2"
"18818","NOMO1"
"18819","NPIPA1"
"18820","PDXDC1"
"18821","AC138932.5"
"18822","NTAN1"
"18823","RRN3"
"18824","AC126763.1"
"18825","NPIPA5"
"18826","MPV17L"
"18827","BMERB1"
"18828","MARF1"
"18829","AC026401.1"
"18830","NDE1"
"18831","AC026401.3"
"18832","MYH11"
"18833","AF001548.2"
"18834","FOPNL"
"18835","AC130651.1"
"18836","ABCC1"
"18837","ABCC6"
"18838","NOMO3"
"18839","AC136624.2"
"18840","AC138969.1"
"18841","NPIPA7"
"18842","AC136431.1"
"18843","XYLT1"
"18844","AC109446.3"
"18845","AC009152.6"
"18846","AC009152.1"
"18847","AC009152.3"
"18848","AC010601.1"
"18849","NPIPA8"
"18850","NPIPA9"
"18851","NOMO2"
"18852","RPS15A"
"18853","ARL6IP1"
"18854","AC138811.1"
"18855","SMG1"
"18856","AC092287.1"
"18857","TMC7"
"18858","AC099518.4"
"18859","AC099518.2"
"18860","COQ7"
"18861","AC099518.1"
"18862","ITPRIPL2"
"18863","SYT17"
"18864","CLEC19A"
"18865","AC130456.2"
"18866","TMC5"
"18867","AC130456.3"
"18868","GDE1"
"18869","CCP110"
"18870","VPS35L"
"18871","AC002550.2"
"18872","KNOP1"
"18873","AC002550.1"
"18874","IQCK"
"18875","AC027130.1"
"18876","GPRC5B"
"18877","GPR139"
"18878","ACSM3"
"18879","ACSM1"
"18880","THUMPD1"
"18881","ERI2"
"18882","REXO5"
"18883","DCUN1D3"
"18884","LYRM1"
"18885","DNAH3"
"18886","TMEM159"
"18887","ZP2"
"18888","ANKS4B"
"18889","CRYM"
"18890","NPIPB3"
"18891","AC005632.6"
"18892","METTL9"
"18893","AC005632.3"
"18894","IGSF6"
"18895","OTOA"
"18896","AC092375.2"
"18897","NPIPB4"
"18898","AC092119.2"
"18899","UQCRC2"
"18900","PDZD9"
"18901","MOSMO"
"18902","AC009019.1"
"18903","VWA3A"
"18904","SDR42E2"
"18905","EEF2K"
"18906","AC009034.1"
"18907","POLR3E"
"18908","AC092338.3"
"18909","CDR2"
"18910","AC092338.1"
"18911","AC092338.2"
"18912","NPIPB5"
"18913","AC009021.1"
"18914","HS3ST2"
"18915","AC127459.2"
"18916","USP31"
"18917","AC099482.2"
"18918","SCNN1G"
"18919","AC099482.1"
"18920","SCNN1B"
"18921","COG7"
"18922","AC008915.1"
"18923","AC008915.2"
"18924","GGA2"
"18925","EARS2"
"18926","UBFD1"
"18927","AC008870.2"
"18928","NDUFAB1"
"18929","PALB2"
"18930","AC008870.4"
"18931","DCTN5"
"18932","PLK1"
"18933","PRKCB"
"18934","CACNG3"
"18935","RBBP6"
"18936","TNRC6A"
"18937","LINC01567"
"18938","AC008731.1"
"18939","SLC5A11"
"18940","ARHGAP17"
"18941","LINC02175"
"18942","LCMT1-AS1"
"18943","AC133552.5"
"18944","LCMT1"
"18945","LCMT1-AS2"
"18946","AQP8"
"18947","ZKSCAN2"
"18948","AC008741.1"
"18949","ZKSCAN2-DT"
"18950","LINC02191"
"18951","HS3ST4"
"18952","AC093516.1"
"18953","AC009158.1"
"18954","AC002331.1"
"18955","KDM8"
"18956","NSMCE1"
"18957","NSMCE1-DT"
"18958","IL4R"
"18959","IL21R"
"18960","IL21R-AS1"
"18961","GTF3C1"
"18962","KIAA0556"
"18963","AC016597.1"
"18964","GSG1L"
"18965","XPO6"
"18966","AC138904.3"
"18967","SBK1"
"18968","AC138904.1"
"18969","NPIPB6"
"18970","EIF3CL"
"18971","NPIPB7"
"18972","CLN3"
"18973","NUPR1"
"18974","AC020765.2"
"18975","SGF29"
"18976","SULT1A2"
"18977","SULT1A1"
"18978","NPIPB8"
"18979","EIF3C"
"18980","NPIPB9"
"18981","AC145285.2"
"18982","AC145285.3"
"18983","AC145285.6"
"18984","ATXN2L"
"18985","AC133550.2"
"18986","TUFM"
"18987","SH2B1"
"18988","AC133550.3"
"18989","ATP2A1"
"18990","ATP2A1-AS1"
"18991","RABEP2"
"18992","NFATC2IP"
"18993","AC109460.2"
"18994","AC109460.1"
"18995","SPNS1"
"18996","LAT"
"18997","AC009093.2"
"18998","AC009093.1"
"18999","NPIPB11"
"19000","BOLA2"
"19001","SLX1B"
"19002","NPIPB12"
"19003","SPN"
"19004","QPRT"
"19005","KIF22"
"19006","AC009133.4"
"19007","MAZ"
"19008","AC009133.1"
"19009","PRRT2"
"19010","PAGR1"
"19011","MVP"
"19012","CDIPT"
"19013","AC120114.2"
"19014","SEZ6L2"
"19015","ASPHD1"
"19016","KCTD13"
"19017","AC120114.1"
"19018","TMEM219"
"19019","TAOK2"
"19020","HIRIP3"
"19021","INO80E"
"19022","DOC2A"
"19023","C16orf92"
"19024","TLCD3B"
"19025","AC093512.2"
"19026","ALDOA"
"19027","PPP4C"
"19028","TBX6"
"19029","YPEL3"
"19030","AC012645.1"
"19031","GDPD3"
"19032","AC012645.2"
"19033","AC012645.4"
"19034","MAPK3"
"19035","CORO1A"
"19036","BOLA2B"
"19037","SLX1A"
"19038","SULT1A3"
"19039","NPIPB13"
"19040","CD2BP2"
"19041","CD2BP2-DT"
"19042","TBC1D10B"
"19043","MYLPF"
"19044","ZNF48"
"19045","SEPTIN1"
"19046","ZNF771"
"19047","DCTPP1"
"19048","SEPHS2"
"19049","ITGAL"
"19050","ZNF768"
"19051","ZNF747"
"19052","AC002310.1"
"19053","ZNF764"
"19054","ZNF688"
"19055","AC002310.2"
"19056","ZNF785"
"19057","AC093249.2"
"19058","ZNF689"
"19059","PRR14"
"19060","FBRS"
"19061","AC093249.6"
"19062","SRCAP"
"19063","TMEM265"
"19064","PHKG2"
"19065","CCDC189"
"19066","RNF40"
"19067","ZNF629"
"19068","AC106886.3"
"19069","BCL7C"
"19070","MIR762HG"
"19071","AC135048.2"
"19072","CTF1"
"19073","FBXL19-AS1"
"19074","FBXL19"
"19075","ORAI3"
"19076","SETD1A"
"19077","HSD3B7"
"19078","STX1B"
"19079","STX4"
"19080","AC135050.3"
"19081","AC135050.1"
"19082","ZNF668"
"19083","AC135050.4"
"19084","ZNF646"
"19085","PRSS53"
"19086","VKORC1"
"19087","BCKDK"
"19088","KAT8"
"19089","AC135050.6"
"19090","PRSS8"
"19091","FUS"
"19092","AC009088.2"
"19093","AC009088.1"
"19094","TRIM72"
"19095","ITGAM"
"19096","ITGAX"
"19097","ITGAD"
"19098","AC026471.5"
"19099","ZNF843"
"19100","AC026471.4"
"19101","AC026471.1"
"19102","ARMC5"
"19103","TGFB1I1"
"19104","SLC5A2"
"19105","C16orf58"
"19106","AC026471.2"
"19107","AHSP"
"19108","AC074050.4"
"19109","AC074050.3"
"19110","ZNF720"
"19111","ZNF267"
"19112","AC136944.1"
"19113","AC136944.2"
"19114","SHCBP1"
"19115","VPS35"
"19116","ORC6"
"19117","MYLK3"
"19118","C16orf87"
"19119","GPT2"
"19120","DNAJA2"
"19121","AC018845.3"
"19122","AC018845.1"
"19123","NETO2"
"19124","ITFG1-AS1"
"19125","ITFG1"
"19126","AC007494.2"
"19127","AC007533.1"
"19128","PHKB"
"19129","AC007599.2"
"19130","LINC02133"
"19131","LINC02192"
"19132","LINC02134"
"19133","AC096996.3"
"19134","ABCC12"
"19135","ABCC11"
"19136","LONP2"
"19137","SIAH1"
"19138","N4BP1"
"19139","AC026470.2"
"19140","AC007611.1"
"19141","AC044798.3"
"19142","CBLN1"
"19143","AC007614.1"
"19144","C16orf78"
"19145","AC007861.1"
"19146","ZNF423"
"19147","AC027348.1"
"19148","CNEP1R1"
"19149","AC007610.1"
"19150","HEATR3"
"19151","AC007610.2"
"19152","AC007610.5"
"19153","TENT4B"
"19154","ADCY7"
"19155","BRD7"
"19156","AC007493.1"
"19157","NKD1"
"19158","AC007608.3"
"19159","SNX20"
"19160","NOD2"
"19161","CYLD"
"19162","AC007728.1"
"19163","SALL1"
"19164","AC087564.1"
"19165","AC137494.1"
"19166","AC007344.1"
"19167","HNRNPA1P48"
"19168","LINC01571"
"19169","C16orf97"
"19170","AC007333.1"
"19171","TOX3"
"19172","CASC16"
"19173","AC026462.4"
"19174","AC007906.2"
"19175","CHD9"
"19176","AC007906.1"
"19177","RBL2"
"19178","AC007342.1"
"19179","AKTIP"
"19180","RPGRIP1L"
"19181","FTO"
"19182","AC007496.2"
"19183","AC007496.1"
"19184","AC007347.1"
"19185","AC007491.1"
"19186","CRNDE"
"19187","AC109462.1"
"19188","MMP2"
"19189","LPCAT2"
"19190","CES5A"
"19191","AC040168.1"
"19192","AC007495.1"
"19193","GNAO1"
"19194","AC079411.1"
"19195","AC009102.4"
"19196","AC009102.1"
"19197","AC009102.2"
"19198","AMFR"
"19199","AC092140.1"
"19200","NUDT21"
"19201","OGFOD1"
"19202","AC092140.2"
"19203","BBS2"
"19204","MT3"
"19205","MT2A"
"19206","MT1E"
"19207","MT1F"
"19208","MT1H"
"19209","MT1X"
"19210","AC106779.1"
"19211","NUP93"
"19212","SLC12A3"
"19213","HERPUD1"
"19214","AC012181.1"
"19215","NLRC5"
"19216","CPNE2"
"19217","FAM192A"
"19218","AC009090.6"
"19219","RSPRY1"
"19220","ARL2BP"
"19221","AC009090.3"
"19222","PLLP"
"19223","CX3CL1"
"19224","CCL17"
"19225","CIAPIN1"
"19226","COQ9"
"19227","POLR2C"
"19228","DOK4"
"19229","CCDC102A"
"19230","ADGRG5"
"19231","ADGRG1"
"19232","ADGRG3"
"19233","AC018552.2"
"19234","DRC7"
"19235","KATNB1"
"19236","KIFC3"
"19237","AC092118.2"
"19238","AC092118.1"
"19239","CNGB1"
"19240","TEPP"
"19241","ZNF319"
"19242","USB1"
"19243","MMP15"
"19244","CFAP20"
"19245","AC026771.1"
"19246","AC009107.2"
"19247","CSNK2A2"
"19248","AC009107.1"
"19249","CCDC113"
"19250","PRSS54"
"19251","GINS3"
"19252","AC009118.2"
"19253","LINC02137"
"19254","NDRG4"
"19255","SETD6"
"19256","CNOT1"
"19257","AC009118.3"
"19258","SLC38A7"
"19259","GOT2"
"19260","AC106793.1"
"19261","AC092378.1"
"19262","LINC02141"
"19263","AC009081.2"
"19264","AC092125.2"
"19265","CDH8"
"19266","AC092125.1"
"19267","AC012174.1"
"19268","AC040174.1"
"19269","AC138305.1"
"19270","LINC02165"
"19271","AC092337.1"
"19272","AC012322.1"
"19273","AC092131.1"
"19274","CDH11"
"19275","AC009055.1"
"19276","LINC00922"
"19277","AC092138.2"
"19278","AC012325.1"
"19279","CDH5"
"19280","BEAN1"
"19281","BEAN1-AS1"
"19282","TK2"
"19283","AC010542.2"
"19284","AC010542.4"
"19285","CKLF"
"19286","AC010542.5"
"19287","CMTM1"
"19288","CMTM2"
"19289","CMTM3"
"19290","CMTM4"
"19291","DYNC1LI2"
"19292","AC018557.1"
"19293","AC018557.3"
"19294","AC018557.2"
"19295","TERB1"
"19296","NAE1"
"19297","PDP2"
"19298","RRAD"
"19299","CIAO2B"
"19300","CES2"
"19301","CES3"
"19302","CES4A"
"19303","CBFB"
"19304","C16orf70"
"19305","B3GNT9"
"19306","FBXL8"
"19307","HSF4"
"19308","NOL3"
"19309","KIAA0895L"
"19310","E2F4"
"19311","ELMO3"
"19312","LRRC29"
"19313","TMEM208"
"19314","FHOD1"
"19315","SLC9A5"
"19316","PLEKHG4"
"19317","KCTD19"
"19318","LRRC36"
"19319","ZDHHC1"
"19320","HSD11B2"
"19321","ATP6V0D1"
"19322","AC009061.2"
"19323","AC027682.6"
"19324","RIPOR1"
"19325","AC027682.2"
"19326","AC027682.3"
"19327","AC027682.4"
"19328","AC027682.1"
"19329","CTCF"
"19330","AC009095.1"
"19331","CARMIL2"
"19332","ACD"
"19333","PARD6A"
"19334","ENKD1"
"19335","C16orf86"
"19336","GFOD2"
"19337","RANBP10"
"19338","AC010530.1"
"19339","TSNAXIP1"
"19340","CENPT"
"19341","THAP11"
"19342","NUTF2"
"19343","EDC4"
"19344","NRN1L"
"19345","PSKH1"
"19346","CTRL"
"19347","PSMB10"
"19348","LCAT"
"19349","SLC12A4"
"19350","DPEP2"
"19351","DUS2"
"19352","DDX28"
"19353","NFATC3"
"19354","AC020978.6"
"19355","AC020978.3"
"19356","AC020978.7"
"19357","AC020978.5"
"19358","PLA2G15"
"19359","AC020978.2"
"19360","SLC7A6"
"19361","SLC7A6OS"
"19362","PRMT7"
"19363","SMPD3"
"19364","AC099521.3"
"19365","AC099521.1"
"19366","ZFP90"
"19367","AC126773.3"
"19368","AC126773.6"
"19369","CDH3"
"19370","CDH1"
"19371","AC099314.1"
"19372","TANGO6"
"19373","AC009137.1"
"19374","AC009137.2"
"19375","HAS3"
"19376","CHTF8"
"19377","UTP4"
"19378","SNTB2"
"19379","VPS4A"
"19380","COG8"
"19381","PDF"
"19382","NIP7"
"19383","TMED6"
"19384","TERF2"
"19385","CYB5B"
"19386","NFAT5"
"19387","AC009032.1"
"19388","NQO1"
"19389","AC092115.2"
"19390","AC092115.3"
"19391","NOB1"
"19392","WWP2"
"19393","CLEC18A"
"19394","PDPR"
"19395","AC009060.1"
"19396","EXOSC6"
"19397","AARS"
"19398","DDX19B"
"19399","AC012184.3"
"19400","DDX19A"
"19401","AC012184.4"
"19402","ST3GAL2"
"19403","AC012184.1"
"19404","FCSK"
"19405","COG4"
"19406","SF3B3"
"19407","IL34"
"19408","MTSS2"
"19409","VAC14"
"19410","VAC14-AS1"
"19411","HYDIN"
"19412","CMTR2"
"19413","AC106736.1"
"19414","CALB2"
"19415","LINC02136"
"19416","ZNF23"
"19417","AC010547.1"
"19418","ZNF19"
"19419","CHST4"
"19420","TAT-AS1"
"19421","MARVELD3"
"19422","PHLPP2"
"19423","AC009097.1"
"19424","AP1G1"
"19425","ATXN1L"
"19426","IST1"
"19427","ZNF821"
"19428","AC009127.1"
"19429","PKD1L3"
"19430","DHODH"
"19431","TXNL4B"
"19432","HPR"
"19433","AC009087.1"
"19434","DHX38"
"19435","PMFBP1"
"19436","LINC01572"
"19437","AC004158.1"
"19438","AC004943.2"
"19439","AC004943.3"
"19440","ZFHX3"
"19441","AC004943.1"
"19442","AC116667.1"
"19443","AC116667.2"
"19444","AC140912.1"
"19445","LINC01568"
"19446","AC092114.1"
"19447","AC087565.2"
"19448","AC138627.1"
"19449","AC009120.4"
"19450","AC009120.5"
"19451","PSMD7"
"19452","AC009120.2"
"19453","AC009120.3"
"19454","AC009053.2"
"19455","NPIPB15"
"19456","CLEC18B"
"19457","AC009053.3"
"19458","GLG1"
"19459","RFWD3"
"19460","MLKL"
"19461","FA2H"
"19462","WDR59"
"19463","ZNRF1"
"19464","AC099508.1"
"19465","LDHD"
"19466","AC099508.2"
"19467","ZFP1"
"19468","BCAR1"
"19469","CFDP1"
"19470","AC009054.2"
"19471","AC009163.7"
"19472","TMEM170A"
"19473","CHST6"
"19474","AC009163.1"
"19475","CHST5"
"19476","TMEM231"
"19477","AC025287.2"
"19478","GABARAPL2"
"19479","AC025287.3"
"19480","ADAT1"
"19481","KARS"
"19482","TERF2IP"
"19483","AC025287.4"
"19484","DUXB"
"19485","CPHXL"
"19486","AC105430.1"
"19487","AC099511.1"
"19488","AC010528.1"
"19489","AC010528.2"
"19490","CNTNAP4"
"19491","AC108125.1"
"19492","LINC02125"
"19493","AC106729.1"
"19494","MON1B"
"19495","SYCE1L"
"19496","AC009139.2"
"19497","AC009139.1"
"19498","ADAMTS18"
"19499","NUDT7"
"19500","VAT1L"
"19501","WWOX"
"19502","AC079414.3"
"19503","WWOX-AS1"
"19504","AC106743.1"
"19505","AC046158.1"
"19506","AC009141.1"
"19507","AC027279.1"
"19508","AC009145.3"
"19509","AC092376.2"
"19510","AC092376.3"
"19511","AC092376.1"
"19512","AC084064.1"
"19513","MAF"
"19514","LINC01229"
"19515","MAFTRR"
"19516","AC022166.1"
"19517","AC105411.1"
"19518","DYNLRB2"
"19519","CDYL2"
"19520","AC092332.1"
"19521","AC099313.1"
"19522","ARLNC1"
"19523","CMC2"
"19524","CENPN"
"19525","AC092718.2"
"19526","AC092718.4"
"19527","ATMIN"
"19528","C16orf46"
"19529","AC092718.5"
"19530","AC092718.6"
"19531","AC092718.1"
"19532","GCSH"
"19533","BCO1"
"19534","AC009148.1"
"19535","GAN"
"19536","AC092139.1"
"19537","CMIP"
"19538","PLCG2"
"19539","HSD17B2"
"19540","AC092142.1"
"19541","MPHOSPH6"
"19542","AC138304.1"
"19543","AC009117.2"
"19544","CDH13"
"19545","AC099506.1"
"19546","AC099506.3"
"19547","AC125793.1"
"19548","AC009142.1"
"19549","AC009063.3"
"19550","AC009063.2"
"19551","AC009119.1"
"19552","HSBP1"
"19553","MLYCD"
"19554","OSGIN1"
"19555","NECAB2"
"19556","SLC38A8"
"19557","MBTPS1"
"19558","AC040169.3"
"19559","AC040169.1"
"19560","HSDL1"
"19561","DNAAF1"
"19562","TAF1C"
"19563","WFDC1"
"19564","ATP2C2"
"19565","ATP2C2-AS1"
"19566","MEAK7"
"19567","AC022165.1"
"19568","COTL1"
"19569","KLHL36"
"19570","USP10"
"19571","AC025280.3"
"19572","CRISPLD2"
"19573","ZDHHC7"
"19574","KIAA0513"
"19575","GSE1"
"19576","LINC00311"
"19577","AC092127.2"
"19578","AC092127.1"
"19579","GINS2"
"19580","C16orf74"
"19581","AC018695.9"
"19582","AC018695.2"
"19583","EMC8"
"19584","AC018695.4"
"19585","COX4I1"
"19586","AC135012.1"
"19587","LINC01081"
"19588","AC009108.3"
"19589","MTHFSD"
"19590","LINC02188"
"19591","AC093519.2"
"19592","LINC02181"
"19593","AC106745.1"
"19594","C16orf95"
"19595","AC136285.3"
"19596","AC010531.4"
"19597","AC010531.6"
"19598","AC010531.7"
"19599","FBXO31"
"19600","AC010531.5"
"19601","MAP1LC3B"
"19602","AC010531.3"
"19603","ZCCHC14"
"19604","AC105429.1"
"19605","AC092720.1"
"19606","JPH3"
"19607","AC010536.1"
"19608","KLHDC4"
"19609","AC126696.3"
"19610","AC126696.1"
"19611","SLC7A5"
"19612","CA5A"
"19613","BANP"
"19614","AC134312.4"
"19615","AC134312.1"
"19616","LINC02182"
"19617","AC138512.1"
"19618","ZNF469"
"19619","ZFPM1"
"19620","AC116552.1"
"19621","ZC3H18"
"19622","CYBA"
"19623","MVD"
"19624","SNAI3-AS1"
"19625","SNAI3"
"19626","RNF166"
"19627","CTU2"
"19628","PIEZO1"
"19629","AC138028.2"
"19630","CDT1"
"19631","APRT"
"19632","GALNS"
"19633","TRAPPC2L"
"19634","CBFA2T3"
"19635","AC092384.2"
"19636","AC092384.1"
"19637","AC135782.1"
"19638","ACSF3"
"19639","AC135782.3"
"19640","LINC00304"
"19641","AC009113.1"
"19642","ZNF778"
"19643","ANKRD11"
"19644","AC137932.3"
"19645","AC137932.1"
"19646","AC137932.2"
"19647","AC092120.3"
"19648","SPG7"
"19649","AC092123.1"
"19650","RPL13"
"19651","CPNE7"
"19652","CHMP1A"
"19653","SPATA33"
"19654","AC010538.1"
"19655","CDK10"
"19656","LINC02166"
"19657","SPATA2L"
"19658","VPS9D1"
"19659","VPS9D1-AS1"
"19660","ZNF276"
"19661","FANCA"
"19662","SPIRE2"
"19663","TCF25"
"19664","MC1R"
"19665","AC092143.2"
"19666","TUBB3"
"19667","DEF8"
"19668","CENPBD1"
"19669","DBNDD1"
"19670","GAS8"
"19671","GAS8-AS1"
"19672","PRDM7"
"19673","FAM157C"
"19674","AC133919.1"
"19675","LINC02193"
"19676","DOC2B"
"19677","RPH3AL"
"19678","AC129507.2"
"19679","AC141424.1"
"19680","C17orf97"
"19681","RFLNB"
"19682","VPS53"
"19683","AC015853.3"
"19684","TLCD3A"
"19685","GEMIN4"
"19686","GLOD4"
"19687","AC087392.3"
"19688","MRM3"
"19689","AC087392.5"
"19690","NXN"
"19691","AC087392.2"
"19692","AC087392.1"
"19693","TIMM22"
"19694","ABR"
"19695","AC144836.1"
"19696","TRARG1"
"19697","YWHAE"
"19698","CRK"
"19699","AC032044.1"
"19700","MYO1C"
"19701","INPP5K"
"19702","PITPNA-AS1"
"19703","PITPNA"
"19704","SLC43A2"
"19705","SCARF1"
"19706","RILP"
"19707","PRPF8"
"19708","AC130343.2"
"19709","TLCD2"
"19710","MIR22HG"
"19711","WDR81"
"19712","AC130343.1"
"19713","SERPINF2"
"19714","SERPINF1"
"19715","SMYD4"
"19716","RPA1"
"19717","RTN4RL1"
"19718","AC099684.2"
"19719","AC099684.1"
"19720","DPH1"
"19721","AC090617.10"
"19722","AC090617.3"
"19723","AC090617.5"
"19724","HIC1"
"19725","SMG6"
"19726","AC090617.4"
"19727","AC090617.2"
"19728","AC090617.1"
"19729","SRR"
"19730","TSR1"
"19731","SGSM2"
"19732","AC006435.2"
"19733","MNT"
"19734","METTL16"
"19735","PAFAH1B1"
"19736","AC005696.2"
"19737","CLUH"
"19738","AC005696.1"
"19739","AC005696.4"
"19740","RAP1GAP2"
"19741","AC015921.1"
"19742","AC090282.1"
"19743","OR3A2"
"19744","OR3A3"
"19745","SPATA22"
"19746","ASPA"
"19747","TRPV3"
"19748","TRPV1"
"19749","AC027796.1"
"19750","SHPK"
"19751","CTNS"
"19752","AC027796.4"
"19753","TAX1BP3"
"19754","EMC6"
"19755","P2RX5"
"19756","ITGAE"
"19757","AC116914.2"
"19758","HASPIN"
"19759","NCBP3"
"19760","CAMKK1"
"19761","P2RX1"
"19762","ATP2A3"
"19763","ZZEF1"
"19764","CYB5D2"
"19765","ANKFY1"
"19766","AC087292.1"
"19767","AC087742.1"
"19768","UBE2G1"
"19769","SPNS3"
"19770","AC127521.1"
"19771","SPNS2"
"19772","MYBBP1A"
"19773","SMTNL2"
"19774","PELP1"
"19775","AC091153.2"
"19776","AC091153.3"
"19777","ARRB2"
"19778","MED11"
"19779","VMO1"
"19780","PSMB6"
"19781","AC233723.1"
"19782","PLD2"
"19783","MINK1"
"19784","CHRNE"
"19785","GP1BA"
"19786","SLC25A11"
"19787","RNF167"
"19788","PFN1"
"19789","ENO3"
"19790","SPAG7"
"19791","CAMTA2"
"19792","AC004771.4"
"19793","AC004771.2"
"19794","AC004771.3"
"19795","INCA1"
"19796","KIF1C"
"19797","SLC52A1"
"19798","ZFP3"
"19799","ZNF232"
"19800","AC012146.1"
"19801","USP6"
"19802","ZNF594"
"19803","AC087500.1"
"19804","SCIMP"
"19805","AC087500.2"
"19806","RABEP1"
"19807","NUP88"
"19808","AC015727.1"
"19809","RPAIN"
"19810","AC004148.1"
"19811","C1QBP"
"19812","DHX33"
"19813","DERL2"
"19814","MIS12"
"19815","NLRP1"
"19816","AC055839.2"
"19817","AC007846.1"
"19818","WSCD1"
"19819","AIPL1"
"19820","PIMREG"
"19821","PITPNM3"
"19822","KIAA0753"
"19823","AC004706.3"
"19824","TXNDC17"
"19825","MED31"
"19826","C17orf100"
"19827","SLC13A5"
"19828","XAF1"
"19829","TEKT1"
"19830","ALOX12-AS1"
"19831","AC040977.1"
"19832","ALOX12"
"19833","RNASEK"
"19834","C17orf49"
"19835","MIR497HG"
"19836","SLC16A13"
"19837","ASGR1"
"19838","DLG4"
"19839","ACADVL"
"19840","DVL2"
"19841","PHF23"
"19842","GABARAP"
"19843","CTDNEP1"
"19844","ELP5"
"19845","YBX2"
"19846","EIF5A"
"19847","GPS2"
"19848","NEURL4"
"19849","ACAP1"
"19850","KCTD11"
"19851","TNK1"
"19852","PLSCR3"
"19853","TMEM256"
"19854","NLGN2"
"19855","FGF11"
"19856","CHRNB1"
"19857","ZBTB4"
"19858","POLR2A"
"19859","TNFSF12"
"19860","AC016876.3"
"19861","TNFSF13"
"19862","SENP3"
"19863","EIF4A1"
"19864","CD68"
"19865","AC016876.1"
"19866","MPDU1"
"19867","SOX15"
"19868","FXR2"
"19869","SHBG"
"19870","SAT2"
"19871","ATP1B2"
"19872","TP53"
"19873","WRAP53"
"19874","EFNB3"
"19875","DNAH2"
"19876","KDM6B"
"19877","TMEM88"
"19878","NAA38"
"19879","CYB5D1"
"19880","CHD3"
"19881","RNF227"
"19882","KCNAB3"
"19883","TRAPPC1"
"19884","CNTROB"
"19885","ALOX12B"
"19886","ALOXE3"
"19887","HES7"
"19888","PER1"
"19889","VAMP2"
"19890","TMEM107"
"19891","AC129492.4"
"19892","BORCS6"
"19893","AURKB"
"19894","LINC00324"
"19895","CTC1"
"19896","PFAS"
"19897","AC135178.6"
"19898","SLC25A35"
"19899","RANGRF"
"19900","KRBA2"
"19901","AC135178.4"
"19902","RPL26"
"19903","RNF222"
"19904","NDEL1"
"19905","MYH10"
"19906","CCDC42"
"19907","PIK3R6"
"19908","PIK3R5"
"19909","NTN1"
"19910","AC005695.1"
"19911","STX8"
"19912","AC005695.2"
"19913","AC087501.1"
"19914","AC087501.4"
"19915","CFAP52"
"19916","USP43"
"19917","GLP2R"
"19918","RCVRN"
"19919","GAS7"
"19920","MYH13"
"19921","AC005323.2"
"19922","AC005323.1"
"19923","MYH3"
"19924","SCO1"
"19925","AC002347.2"
"19926","ADPRM"
"19927","TMEM220"
"19928","TMEM220-AS1"
"19929","AC015908.3"
"19930","TMEM238L"
"19931","PIRT"
"19932","AC015908.2"
"19933","AC005548.1"
"19934","SHISA6"
"19935","AC005725.1"
"19936","DNAH9"
"19937","AC005410.2"
"19938","ZNF18"
"19939","MAP2K4"
"19940","LINC00670"
"19941","MYOCD"
"19942","AC005358.1"
"19943","AC005358.2"
"19944","ARHGAP44"
"19945","AC005277.2"
"19946","ELAC2"
"19947","HS3ST3A1"
"19948","COX10-AS1"
"19949","AC005304.2"
"19950","AC005304.3"
"19951","COX10"
"19952","HS3ST3B1"
"19953","AC005224.2"
"19954","AC022816.1"
"19955","AC005863.1"
"19956","AC005772.2"
"19957","PMP22"
"19958","AC005703.7"
"19959","TEKT3"
"19960","AC005703.4"
"19961","CDRT4"
"19962","TVP23C"
"19963","AC005838.2"
"19964","CDRT1"
"19965","TRIM16"
"19966","AC005324.5"
"19967","ZNF286A"
"19968","TBC1D26"
"19969","AC005324.1"
"19970","AC015922.3"
"19971","LINC02087"
"19972","ADORA2B"
"19973","ZSWIM7"
"19974","TTC19"
"19975","AC002553.2"
"19976","NCOR1"
"19977","AC002553.1"
"19978","PIGL"
"19979","CENPV"
"19980","UBB"
"19981","AC093484.3"
"19982","TRPV2"
"19983","SNHG29"
"19984","AC093484.4"
"19985","LRRC75A"
"19986","ZNF287"
"19987","AC127540.1"
"19988","ZNF624"
"19989","AC098850.2"
"19990","CCDC144A"
"19991","AC098850.1"
"19992","FAM106C"
"19993","AC104024.3"
"19994","AC104024.4"
"19995","MPRIP"
"19996","MPRIP-AS1"
"19997","AC055811.1"
"19998","PLD6"
"19999","FLCN"
"20000","COPS3"
"20001","NT5M"
"20002","MED9"
"20003","RASD1"
"20004","PEMT"
"20005","AC020558.1"
"20006","SMCR2"
"20007","RAI1"
"20008","RAI1-AS1"
"20009","SMCR5"
"20010","SREBF1"
"20011","TOM1L2"
"20012","AC122129.1"
"20013","DRC3"
"20014","ATPAF2"
"20015","GID4"
"20016","DRG2"
"20017","MYO15A"
"20018","AC087164.1"
"20019","ALKBH5"
"20020","LLGL1"
"20021","FLII"
"20022","MIEF2"
"20023","AC127537.1"
"20024","TOP3A"
"20025","SMCR8"
"20026","SHMT1"
"20027","LINC02076"
"20028","FAM106A"
"20029","FOXO3B"
"20030","TRIM16L"
"20031","FBXW10"
"20032","TVP23B"
"20033","AC107982.3"
"20034","PRPSAP2"
"20035","AC107982.2"
"20036","AC007952.4"
"20037","EPN2"
"20038","EPN2-AS1"
"20039","B9D1"
"20040","AC124066.1"
"20041","MAPK7"
"20042","MFAP4"
"20043","RNF112"
"20044","AC004448.3"
"20045","AC004448.2"
"20046","LINC02094"
"20047","SLC47A1"
"20048","AC025627.1"
"20049","ALDH3A2"
"20050","AC115989.1"
"20051","SLC47A2"
"20052","ULK2"
"20053","AC015726.1"
"20054","AKAP10"
"20055","AC005730.3"
"20056","SPECC1"
"20057","AC004702.1"
"20058","AC008088.1"
"20059","AC126365.1"
"20060","CCDC144NL"
"20061","AC090774.2"
"20062","CCDC144NL-AS1"
"20063","USP22"
"20064","AC087393.2"
"20065","LINC01563"
"20066","DHRS7B"
"20067","TMEM11"
"20068","AC087294.1"
"20069","NATD1"
"20070","MAP2K3"
"20071","KCNJ12"
"20072","LINC02693"
"20073","AC233702.7"
"20074","WSB1"
"20075","AC026254.2"
"20076","KSR1"
"20077","AC069366.2"
"20078","AC015688.6"
"20079","LGALS9"
"20080","NOS2"
"20081","AC005697.2"
"20082","LYRM9"
"20083","LINC01992"
"20084","NLK"
"20085","AC061975.8"
"20086","TMEM97"
"20087","IFT20"
"20088","TNFAIP1"
"20089","POLDIP2"
"20090","TMEM199"
"20091","AC002094.2"
"20092","SARM1"
"20093","VTN"
"20094","AC002094.4"
"20095","SLC46A1"
"20096","AC015917.2"
"20097","AC005726.1"
"20098","UNC119"
"20099","PIGS"
"20100","ALDOC"
"20101","SPAG5"
"20102","SPAG5-AS1"
"20103","AC005726.3"
"20104","AC005726.5"
"20105","RSKR"
"20106","KIAA0100"
"20107","AC005726.2"
"20108","SDF2"
"20109","SUPT6H"
"20110","AC010761.3"
"20111","PROCA1"
"20112","RAB34"
"20113","RPL23A"
"20114","AC010761.1"
"20115","TLCD1"
"20116","NEK8"
"20117","AC010761.2"
"20118","TRAF4"
"20119","AC010761.4"
"20120","FAM222B"
"20121","ERAL1"
"20122","FLOT2"
"20123","AC024267.3"
"20124","AC024267.6"
"20125","DHRS13"
"20126","PHF12"
"20127","AC024267.4"
"20128","AC024267.5"
"20129","PIPOX"
"20130","SEZ6"
"20131","MYO18A"
"20132","TIAF1"
"20133","AC024619.3"
"20134","CRYBA1"
"20135","NUFIP2"
"20136","AC068025.2"
"20137","AC068025.1"
"20138","TAOK1"
"20139","ABHD15"
"20140","ABHD15-AS1"
"20141","TP53I13"
"20142","AC104564.3"
"20143","GIT1"
"20144","ANKRD13B"
"20145","SSH2"
"20146","AC104564.5"
"20147","AC023389.1"
"20148","AC104982.2"
"20149","EFCAB5"
"20150","AC104996.1"
"20151","AC104984.2"
"20152","NSRP1"
"20153","AC104984.3"
"20154","AC104984.5"
"20155","SLC6A4"
"20156","AC104984.4"
"20157","BLMH"
"20158","CPD"
"20159","GOSR1"
"20160","AC011840.1"
"20161","AC005562.1"
"20162","AC127024.3"
"20163","AC127024.2"
"20164","CRLF3"
"20165","AC127024.4"
"20166","AC127024.5"
"20167","AC127024.6"
"20168","ATAD5"
"20169","AC130324.2"
"20170","AC130324.1"
"20171","TEFM"
"20172","AC130324.3"
"20173","ADAP2"
"20174","RNF135"
"20175","AC138207.7"
"20176","AC138207.2"
"20177","NF1"
"20178","AC079915.1"
"20179","OMG"
"20180","EVI2B"
"20181","EVI2A"
"20182","RAB11FIP4"
"20183","AC007923.4"
"20184","COPRS"
"20185","UTP6"
"20186","AC004253.1"
"20187","SUZ12"
"20188","LRRC37B"
"20189","AC116407.2"
"20190","RHOT1"
"20191","AC026620.2"
"20192","RHBDL3"
"20193","C17orf75"
"20194","ZNF207"
"20195","AC005899.6"
"20196","AC005899.7"
"20197","AC005899.5"
"20198","AC005899.8"
"20199","AC005899.1"
"20200","PSMD11"
"20201","CDK5R1"
"20202","MYO1D"
"20203","AC079336.5"
"20204","AC079336.4"
"20205","AC025211.1"
"20206","AC084809.1"
"20207","AC084809.2"
"20208","TMEM98"
"20209","SPACA3"
"20210","ASIC2"
"20211","AC008133.1"
"20212","AC011824.4"
"20213","AC011824.2"
"20214","AC011824.1"
"20215","AC024614.4"
"20216","AC024610.2"
"20217","AC024610.1"
"20218","AC004147.5"
"20219","AC004147.3"
"20220","AC004147.2"
"20221","LINC01989"
"20222","CCL2"
"20223","TMEM132E"
"20224","CCT6B"
"20225","AC022903.2"
"20226","ZNF830"
"20227","LIG3"
"20228","RFFL"
"20229","AC004223.4"
"20230","AC004223.2"
"20231","RAD51D"
"20232","FNDC8"
"20233","NLE1"
"20234","AC022916.1"
"20235","SLFN5"
"20236","SLFN11"
"20237","SLFN12"
"20238","SNHG30"
"20239","PEX12"
"20240","AP2B1"
"20241","TAF15"
"20242","RASL10B"
"20243","GAS2L2"
"20244","MMP28"
"20245","AC006237.1"
"20246","C17orf50"
"20247","AC015849.3"
"20248","AC015849.4"
"20249","HEATR9"
"20250","AC015849.1"
"20251","CCL5"
"20252","RDM1"
"20253","CCL3"
"20254","CCL4"
"20255","AC243829.2"
"20256","AC243829.1"
"20257","CCL3L1"
"20258","CCL4L2"
"20259","ZNHIT3"
"20260","MYO19"
"20261","PIGW"
"20262","GGNBP2"
"20263","DHRS11"
"20264","MRM1"
"20265","AC243830.1"
"20266","LHX1-DT"
"20267","LHX1"
"20268","AATF"
"20269","AC244093.4"
"20270","AC244093.5"
"20271","ACACA"
"20272","C17orf78"
"20273","TADA2A"
"20274","AC243654.1"
"20275","DUSP14"
"20276","SYNRG"
"20277","AC243585.2"
"20278","DDX52"
"20279","AC243571.2"
"20280","HNF1B"
"20281","TBC1D3D"
"20282","MRPL45"
"20283","GPR179"
"20284","SOCS7"
"20285","ARHGAP23"
"20286","AC244153.1"
"20287","SRCIN1"
"20288","AC006449.1"
"20289","EPOP"
"20290","AC006449.2"
"20291","MLLT6"
"20292","AC006449.3"
"20293","CISD3"
"20294","PCGF2"
"20295","AC006449.5"
"20296","PSMB3"
"20297","PIP4K2B"
"20298","CWC25"
"20299","RPL23"
"20300","LASP1"
"20301","AC006441.1"
"20302","LINC00672"
"20303","FBXO47"
"20304","AC006441.4"
"20305","PLXDC1"
"20306","AC091178.2"
"20307","ARL5C"
"20308","AC004408.1"
"20309","CACNB1"
"20310","RPL19"
"20311","STAC2"
"20312","FBXL20"
"20313","AC005288.1"
"20314","MED1"
"20315","CDK12"
"20316","AC009283.1"
"20317","NEUROD2"
"20318","AC087491.1"
"20319","PPP1R1B"
"20320","STARD3"
"20321","TCAP"
"20322","PNMT"
"20323","PGAP3"
"20324","ERBB2"
"20325","MIEN1"
"20326","IKZF3"
"20327","GSDMB"
"20328","ORMDL3"
"20329","AC090844.2"
"20330","GSDMA"
"20331","PSMD3"
"20332","MED24"
"20333","THRA"
"20334","NR1D1"
"20335","MSL1"
"20336","CASC3"
"20337","RAPGEFL1"
"20338","WIPF2"
"20339","CDC6"
"20340","RARA"
"20341","RARA-AS1"
"20342","TOP2A"
"20343","IGFBP4"
"20344","SMARCE1"
"20345","AC073508.3"
"20346","KRT222"
"20347","KRT10"
"20348","TMEM99"
"20349","AC004231.1"
"20350","KRT23"
"20351","KRT34"
"20352","KRT31"
"20353","AC003958.2"
"20354","KRT15"
"20355","KRT19"
"20356","EIF1"
"20357","HAP1"
"20358","JUP"
"20359","P3H4"
"20360","FKBP10"
"20361","NT5C3B"
"20362","KLHL10"
"20363","KLHL11"
"20364","ACLY"
"20365","AC125257.2"
"20366","TTC25"
"20367","CNP"
"20368","DNAJC7"
"20369","NKIRAS2"
"20370","ZNF385C"
"20371","C17orf113"
"20372","KAT2A"
"20373","RAB5C"
"20374","AC099811.3"
"20375","KCNH4"
"20376","HCRT"
"20377","GHDC"
"20378","STAT5B"
"20379","AC099811.4"
"20380","AC099811.1"
"20381","AC099811.5"
"20382","STAT5A"
"20383","STAT3"
"20384","CAVIN1"
"20385","ATP6V0A1"
"20386","AC107993.1"
"20387","AC067852.3"
"20388","NAGLU"
"20389","HSD17B1"
"20390","AC067852.2"
"20391","COASY"
"20392","MLX"
"20393","PSMC3IP"
"20394","AC067852.5"
"20395","RETREG3"
"20396","TUBG1"
"20397","TUBG2"
"20398","PLEKHH3"
"20399","CCR10"
"20400","AC100793.2"
"20401","CNTNAP1"
"20402","AC100793.3"
"20403","EZH1"
"20404","AC100793.4"
"20405","RAMP2-AS1"
"20406","RAMP2"
"20407","VPS25"
"20408","WNK4"
"20409","COA3"
"20410","CNTD1"
"20411","BECN1"
"20412","PSME3"
"20413","AOC2"
"20414","LINC00671"
"20415","AARSD1"
"20416","PTGES3L"
"20417","RUNDC1"
"20418","RPL27"
"20419","IFI35"
"20420","VAT1"
"20421","RND2"
"20422","BRCA1"
"20423","NBR2"
"20424","AC060780.1"
"20425","NBR1"
"20426","TMEM106A"
"20427","CCDC200"
"20428","LINC00910"
"20429","ARL4D"
"20430","DHX8"
"20431","ETV4"
"20432","MEOX1"
"20433","LINC02594"
"20434","DUSP3"
"20435","MPP3"
"20436","MPP2"
"20437","PYY"
"20438","TMEM101"
"20439","LSM12"
"20440","G6PC3"
"20441","HDAC5"
"20442","AC023855.1"
"20443","C17orf53"
"20444","ASB16"
"20445","ASB16-AS1"
"20446","TMUB2"
"20447","ATXN7L3"
"20448","AC004596.1"
"20449","UBTF"
"20450","AC003102.1"
"20451","RUNDC3A-AS1"
"20452","RUNDC3A"
"20453","SLC25A39"
"20454","GRN"
"20455","FAM171A2"
"20456","ITGA2B"
"20457","GPATCH8"
"20458","AC103703.1"
"20459","FZD2"
"20460","MEIOC"
"20461","CCDC43"
"20462","AC091152.2"
"20463","DBF4B"
"20464","ADAM11"
"20465","AC005180.2"
"20466","AC005180.1"
"20467","GJC1"
"20468","HIGD1B"
"20469","EFTUD2"
"20470","GFAP"
"20471","KIF18B"
"20472","C1QL1"
"20473","DCAKD"
"20474","NMT1"
"20475","PLCD3"
"20476","ACBD4"
"20477","AC142472.1"
"20478","HEXIM1"
"20479","AC138150.1"
"20480","HEXIM2"
"20481","AC008105.3"
"20482","FMNL1"
"20483","AC008105.1"
"20484","MAP3K14-AS1"
"20485","SPATA32"
"20486","MAP3K14"
"20487","ARHGAP27"
"20488","PLEKHM1"
"20489","AC091132.2"
"20490","AC091132.4"
"20491","AC126544.2"
"20492","CRHR1"
"20493","MAPT-AS1"
"20494","MAPT"
"20495","MAPT-IT1"
"20496","CR936218.2"
"20497","STH"
"20498","KANSL1"
"20499","CR936218.1"
"20500","KANSL1-AS1"
"20501","ARL17B"
"20502","LRRC37A"
"20503","LRRC37A2"
"20504","ARL17A"
"20505","FAM215B"
"20506","NSF"
"20507","WNT3"
"20508","WNT9B"
"20509","AC005670.1"
"20510","GOSR2"
"20511","RPRML"
"20512","AC005670.3"
"20513","CDC27"
"20514","AC002558.3"
"20515","AC002558.2"
"20516","ITGB3"
"20517","AC068234.2"
"20518","EFCAB13"
"20519","AC040934.1"
"20520","NPEPPS"
"20521","AC025682.1"
"20522","KPNB1"
"20523","AC015674.1"
"20524","TBKBP1"
"20525","TBX21"
"20526","OSBPL7"
"20527","MRPL10"
"20528","LRRC46"
"20529","SCRN2"
"20530","AC018521.5"
"20531","SP2"
"20532","SP2-AS1"
"20533","PNPO"
"20534","CDK5RAP3"
"20535","AC018521.4"
"20536","COPZ2"
"20537","AC004477.1"
"20538","NFE2L1"
"20539","AC004477.3"
"20540","CBX1"
"20541","SNX11"
"20542","SKAP1"
"20543","LINC02086"
"20544","TTLL6"
"20545","CALCOCO2"
"20546","ATP5MC1"
"20547","UBE2Z"
"20548","SNF8"
"20549","AC091133.1"
"20550","GIP"
"20551","AC091133.3"
"20552","IGF2BP1"
"20553","AC091133.4"
"20554","B4GALNT2"
"20555","AC004797.1"
"20556","ZNF652"
"20557","AC091180.2"
"20558","AC091180.5"
"20559","PHB"
"20560","NGFR"
"20561","AC006487.1"
"20562","NXPH3"
"20563","SPOP"
"20564","SLC35B1"
"20565","AC015795.1"
"20566","FAM117A"
"20567","KAT7"
"20568","TAC4"
"20569","PICART1"
"20570","ITGA3"
"20571","PDK2"
"20572","AC002401.2"
"20573","SAMD14"
"20574","PPP1R9B"
"20575","AC002401.1"
"20576","AC015909.2"
"20577","TMEM92"
"20578","XYLT2"
"20579","MRPL27"
"20580","EME1"
"20581","LRRC59"
"20582","ACSF2"
"20583","RSAD1"
"20584","AC021491.1"
"20585","MYCBPAP"
"20586","AC021491.2"
"20587","EPN3"
"20588","SPATA20"
"20589","CACNA1G"
"20590","AC004590.1"
"20591","ABCC3"
"20592","ANKRD40"
"20593","AC005921.2"
"20594","LUC7L3"
"20595","ANKRD40CL"
"20596","WFIKKN2"
"20597","TOB1"
"20598","TOB1-AS1"
"20599","SPAG9"
"20600","AC005920.2"
"20601","NME1"
"20602","NME2"
"20603","MBTD1"
"20604","AC006141.1"
"20605","UTP18"
"20606","LINC02071"
"20607","LINC02073"
"20608","CA10"
"20609","LINC01982"
"20610","AC034268.2"
"20611","AC015943.1"
"20612","TOM1L1"
"20613","COX11"
"20614","STXBP4"
"20615","HLF"
"20616","MMD"
"20617","SMIM36"
"20618","TMEM100"
"20619","PCTP"
"20620","AC090618.1"
"20621","ANKFN1"
"20622","NOG"
"20623","C17orf67"
"20624","DGKE"
"20625","TRIM25"
"20626","COIL"
"20627","AC004584.1"
"20628","SCPEP1"
"20629","AC007114.1"
"20630","AKAP1"
"20631","AC007114.2"
"20632","MSI2"
"20633","AC007431.2"
"20634","AC007431.1"
"20635","AC015845.2"
"20636","MRPS23"
"20637","CUEDC1"
"20638","AC015845.1"
"20639","VEZF1"
"20640","AC015813.1"
"20641","SRSF1"
"20642","DYNLL2"
"20643","EPX"
"20644","AC005962.1"
"20645","MKS1"
"20646","LPO"
"20647","AC005962.2"
"20648","TSPOAP1"
"20649","TSPOAP1-AS1"
"20650","AC004687.1"
"20651","SUPT4H1"
"20652","RNF43"
"20653","HSF5"
"20654","MTMR4"
"20655","SEPTIN4-AS1"
"20656","SEPTIN4"
"20657","TEX14"
"20658","RAD51C"
"20659","PPM1E"
"20660","AC100832.2"
"20661","TRIM37"
"20662","AC099850.1"
"20663","SKA2"
"20664","PRR11"
"20665","SMG8"
"20666","GDPD1"
"20667","YPEL2"
"20668","AC091059.1"
"20669","LINC01476"
"20670","DHX40"
"20671","AC091271.1"
"20672","CLTC"
"20673","PTRH2"
"20674","VMP1"
"20675","AC040904.1"
"20676","TUBD1"
"20677","RPS6KB1"
"20678","RNFT1"
"20679","RNFT1-DT"
"20680","HEATR6"
"20681","AC025048.4"
"20682","AC025048.2"
"20683","CA4"
"20684","USP32"
"20685","C17orf64"
"20686","APPBP2"
"20687","AC011921.1"
"20688","PPM1D"
"20689","BCAS3"
"20690","AC005884.1"
"20691","AC005856.1"
"20692","AC005746.2"
"20693","NACA2"
"20694","BRIP1"
"20695","INTS2"
"20696","MED13"
"20697","AC018628.2"
"20698","EFCAB3"
"20699","METTL2A"
"20700","TLK2"
"20701","AC008026.3"
"20702","AC080038.2"
"20703","AC080038.1"
"20704","MRC2"
"20705","AC005821.1"
"20706","MARCH10"
"20707","MARCH10-DT"
"20708","AC005972.3"
"20709","TANC2"
"20710","AC006270.1"
"20711","AC015923.1"
"20712","AC005828.2"
"20713","AC005828.1"
"20714","AC005828.3"
"20715","AC005828.4"
"20716","CYB561"
"20717","ACE"
"20718","KCNH6"
"20719","DCAF7"
"20720","TACO1"
"20721","MAP3K3"
"20722","STRADA"
"20723","LIMD2"
"20724","CCDC47"
"20725","DDX42"
"20726","FTSJ3"
"20727","PSMC5"
"20728","SMARCD2"
"20729","SCN4A"
"20730","PRR29-AS1"
"20731","ICAM2"
"20732","ERN1"
"20733","AC005803.1"
"20734","SNHG25"
"20735","TEX2"
"20736","PECAM1"
"20737","MILR1"
"20738","POLG2"
"20739","DDX5"
"20740","CEP95"
"20741","SMURF2"
"20742","LRRC37A3"
"20743","AC103810.2"
"20744","AC103810.5"
"20745","AC037487.1"
"20746","GNA13"
"20747","AC037487.2"
"20748","RGS9"
"20749","AXIN2"
"20750","CEP112"
"20751","APOH"
"20752","PRKCA"
"20753","PRKCA-AS1"
"20754","CACNG5"
"20755","CACNG4"
"20756","AC005544.2"
"20757","CACNG1"
"20758","HELZ"
"20759","AC007448.3"
"20760","AC007448.5"
"20761","AC007448.4"
"20762","PSMD12"
"20763","PITPNC1"
"20764","AC110921.1"
"20765","NOL11"
"20766","BPTF"
"20767","AC134407.1"
"20768","C17orf58"
"20769","KPNA2"
"20770","AC145343.1"
"20771","AC005332.6"
"20772","AC005332.3"
"20773","AC005332.5"
"20774","AC005332.7"
"20775","AC005332.2"
"20776","AC005332.4"
"20777","AC005332.1"
"20778","AMZ2"
"20779","ARSG"
"20780","SLC16A6"
"20781","AC007780.1"
"20782","WIPI1"
"20783","PRKAR1A"
"20784","FAM20A"
"20785","AC079210.1"
"20786","LINC01482"
"20787","ABCA8"
"20788","ABCA9-AS1"
"20789","ABCA9"
"20790","ABCA6"
"20791","ABCA10"
"20792","ABCA5"
"20793","MAP2K6"
"20794","AC002546.1"
"20795","LINC01483"
"20796","LINC01497"
"20797","AC005208.1"
"20798","KCNJ2-AS1"
"20799","KCNJ2"
"20800","AC011990.1"
"20801","CASC17"
"20802","AC007432.1"
"20803","AC005144.1"
"20804","ROCR"
"20805","LINC01152"
"20806","SOX9-AS1"
"20807","LINC02097"
"20808","SOX9"
"20809","LINC00511"
"20810","LINC02003"
"20811","AC007639.1"
"20812","SLC39A11"
"20813","SSTR2"
"20814","COG1"
"20815","FAM104A"
"20816","C17orf80"
"20817","CPSF4L"
"20818","CDC42EP4"
"20819","SDK2"
"20820","AC124804.1"
"20821","AC032019.1"
"20822","LINC00469"
"20823","LINC02092"
"20824","AC137735.3"
"20825","AC137735.2"
"20826","LINC02074"
"20827","RPL38"
"20828","AC100786.1"
"20829","TTYH2"
"20830","AC100786.2"
"20831","DNAI2"
"20832","KIF19"
"20833","BTBD17"
"20834","GPRC5C"
"20835","CD300A"
"20836","AC064805.2"
"20837","RAB37"
"20838","SLC9A3R1"
"20839","NAT9"
"20840","TMEM104"
"20841","GRIN2C"
"20842","FDXR"
"20843","FADS6"
"20844","HID1"
"20845","CDR2L"
"20846","MRPL58"
"20847","KCTD2"
"20848","ATP5PD"
"20849","SLC16A5"
"20850","ARMC7"
"20851","NT5C"
"20852","JPT1"
"20853","AC022211.3"
"20854","AC022211.1"
"20855","SUMO2"
"20856","NUP85"
"20857","GGA3"
"20858","MRPS7"
"20859","MIF4GD"
"20860","AC022211.2"
"20861","SLC25A19"
"20862","GRB2"
"20863","AC011933.4"
"20864","AC011933.2"
"20865","AC011933.3"
"20866","TMEM94"
"20867","CASKIN2"
"20868","TSEN54"
"20869","LLGL2"
"20870","MYO15B"
"20871","RECQL5"
"20872","SAP30BP"
"20873","AC087749.1"
"20874","ITGB4"
"20875","GALK1"
"20876","H3F3B"
"20877","UNK"
"20878","UNC13D"
"20879","WBP2"
"20880","TRIM47"
"20881","TRIM65"
"20882","MRPL38"
"20883","FBF1"
"20884","ACOX1"
"20885","TEN1"
"20886","CDK3"
"20887","SRP68"
"20888","ZACN"
"20889","EXOC7"
"20890","FOXJ1"
"20891","RNF157-AS1"
"20892","RNF157"
"20893","UBALD2"
"20894","QRICH2"
"20895","PRPSAP1"
"20896","SPHK1"
"20897","UBE2O"
"20898","AANAT"
"20899","RHBDF2"
"20900","CYGB"
"20901","PRCD"
"20902","AC015802.4"
"20903","SNHG16"
"20904","AC015802.6"
"20905","ST6GALNAC2"
"20906","AC005837.1"
"20907","MXRA7"
"20908","JMJD6"
"20909","METTL23"
"20910","SRSF2"
"20911","MFSD11"
"20912","LINC02080"
"20913","MGAT5B"
"20914","AC016168.2"
"20915","SNHG20"
"20916","SEC14L1"
"20917","SEPTIN9"
"20918","AC111170.1"
"20919","AC021683.3"
"20920","AC021683.2"
"20921","AC021683.5"
"20922","TNRC6C"
"20923","TNRC6C-AS1"
"20924","TMC6"
"20925","TMC8"
"20926","C17orf99"
"20927","SYNGR2"
"20928","TK1"
"20929","AFMID"
"20930","BIRC5"
"20931","LINC01993"
"20932","AC087645.2"
"20933","SOCS3"
"20934","PGS1"
"20935","DNAH17"
"20936","DNAH17-AS1"
"20937","SCAT1"
"20938","CYTH1"
"20939","USP36"
"20940","AC022966.2"
"20941","TIMP2"
"20942","AC022966.1"
"20943","CEP295NL"
"20944","AC100788.1"
"20945","LGALS3BP"
"20946","CANT1"
"20947","C1QTNF1"
"20948","ENGASE"
"20949","RBFOX3"
"20950","AC233701.1"
"20951","LINC02078"
"20952","CBX2"
"20953","CBX8"
"20954","LINC01977"
"20955","CBX4"
"20956","TBC1D16"
"20957","CCDC40"
"20958","GAA"
"20959","EIF4A3"
"20960","AC087741.2"
"20961","CARD14"
"20962","AC087741.1"
"20963","SGSH"
"20964","SLC26A11"
"20965","RNF213"
"20966","AC124319.2"
"20967","RNF213-AS1"
"20968","ENDOV"
"20969","NPTX1"
"20970","RPTOR"
"20971","AC016245.1"
"20972","AC127496.1"
"20973","CHMP6"
"20974","AC127496.5"
"20975","BAIAP2-DT"
"20976","BAIAP2"
"20977","AATK"
"20978","PVALEF"
"20979","CEP131"
"20980","TEPSIN"
"20981","NDUFAF8"
"20982","SLC38A10"
"20983","AC027601.4"
"20984","AC027601.1"
"20985","AC027601.6"
"20986","AC110285.3"
"20987","AC110285.1"
"20988","AC110285.5"
"20989","AC110285.2"
"20990","BAHCC1"
"20991","LINC01971"
"20992","ACTG1"
"20993","AC139149.1"
"20994","FSCN2"
"20995","FAAP100"
"20996","NPLOC4"
"20997","TSPAN10"
"20998","PDE6G"
"20999","OXLD1"
"21000","CCDC137"
"21001","ARL16"
"21002","HGS"
"21003","AC139530.3"
"21004","AC139530.1"
"21005","MRPL12"
"21006","SLC25A10"
"21007","MCRIP1"
"21008","P4HB"
"21009","AC145207.2"
"21010","ARHGDIA"
"21011","AC145207.5"
"21012","AC145207.6"
"21013","ALYREF"
"21014","ANAPC11"
"21015","NPB"
"21016","PCYT2"
"21017","SIRT7"
"21018","MAFG"
"21019","MAFG-DT"
"21020","PYCR1"
"21021","AC145207.1"
"21022","NOTUM"
"21023","ASPSCR1"
"21024","CENPX"
"21025","LRRC45"
"21026","RAC3"
"21027","DCXR"
"21028","DCXR-DT"
"21029","RFNG"
"21030","GPS1"
"21031","DUS1L"
"21032","FASN"
"21033","CCDC57"
"21034","AC129510.1"
"21035","AC129510.2"
"21036","SLC16A3"
"21037","CSNK1D"
"21038","AC132872.3"
"21039","AC132872.5"
"21040","LINC01970"
"21041","AC132872.1"
"21042","AC132938.1"
"21043","OGFOD3"
"21044","AC132938.2"
"21045","HEXD"
"21046","HEXD-IT1"
"21047","CYBC1"
"21048","AC132938.6"
"21049","AC132938.3"
"21050","NARF"
"21051","NARF-AS1"
"21052","NARF-IT1"
"21053","FOXK2"
"21054","AC124283.3"
"21055","AC124283.1"
"21056","WDR45B"
"21057","RAB40B"
"21058","AC024361.2"
"21059","FN3KRP"
"21060","AC024361.3"
"21061","FN3K"
"21062","AC024361.1"
"21063","TBCD"
"21064","ZNF750"
"21065","AC087222.1"
"21066","B3GNTL1"
"21067","AC130371.1"
"21068","METRNL"
"21069","AC144831.1"
"21070","AC139099.2"
"21071","AP001005.3"
"21072","USP14"
"21073","THOC1"
"21074","AP000845.1"
"21075","COLEC12"
"21076","CLUL1"
"21077","TYMSOS"
"21078","AP001178.3"
"21079","TYMS"
"21080","ENOSF1"
"21081","YES1"
"21082","AP001020.3"
"21083","AP001020.1"
"21084","AP001020.2"
"21085","AP000894.4"
"21086","AP000894.3"
"21087","AP000894.2"
"21088","ADCYAP1"
"21089","AP005328.1"
"21090","AP000829.1"
"21091","LINC00470"
"21092","AP005262.2"
"21093","AP005230.1"
"21094","AP005136.4"
"21095","METTL4"
"21096","AP005136.3"
"21097","NDC80"
"21098","SMCHD1"
"21099","AP001011.1"
"21100","EMILIN2"
"21101","LPIN2"
"21102","AP000919.2"
"21103","AP000919.3"
"21104","MYOM1"
"21105","AP005329.2"
"21106","AP005329.3"
"21107","MYL12A"
"21108","AP005329.1"
"21109","MYL12B"
"21110","AP001025.1"
"21111","LINC01895"
"21112","TGIF1"
"21113","DLGAP1"
"21114","DLGAP1-AS1"
"21115","DLGAP1-AS2"
"21116","AP002478.1"
"21117","DLGAP1-AS3"
"21118","DLGAP1-AS4"
"21119","DLGAP1-AS5"
"21120","AP005203.1"
"21121","LINC01892"
"21122","AKAIN1"
"21123","AP005380.1"
"21124","AP001496.4"
"21125","AP001496.2"
"21126","LINC00526"
"21127","LINC00667"
"21128","ZBTB14"
"21129","AP001496.1"
"21130","AP005671.1"
"21131","EPB41L3"
"21132","AP005059.2"
"21133","AP005059.1"
"21134","MIR3976HG"
"21135","TMEM200C"
"21136","AP001021.1"
"21137","AP001021.3"
"21138","L3MBTL4"
"21139","L3MBTL4-AS1"
"21140","LINC01387"
"21141","AP005205.2"
"21142","ARHGAP28"
"21143","AP005210.2"
"21144","AP005210.1"
"21145","LAMA1"
"21146","AP002409.1"
"21147","AP005062.1"
"21148","PTPRM"
"21149","AP000897.2"
"21150","AP000897.1"
"21151","AP005900.1"
"21152","AC006566.1"
"21153","AP001094.3"
"21154","AP001094.2"
"21155","RAB12"
"21156","AP001793.1"
"21157","GACAT2"
"21158","MTCL1"
"21159","AP000864.1"
"21160","NDUFV2"
"21161","AP005899.1"
"21162","NDUFV2-AS1"
"21163","ANKRD12"
"21164","AP001033.2"
"21165","AP001033.1"
"21166","TWSG1"
"21167","AP001033.3"
"21168","RALBP1"
"21169","AP005432.1"
"21170","PPP4R1"
"21171","AP001381.1"
"21172","PPP4R1-AS1"
"21173","RAB31"
"21174","VAPA"
"21175","AP006219.3"
"21176","APCDD1"
"21177","NAPG"
"21178","PIEZO2"
"21179","AP005120.1"
"21180","GNAL"
"21181","AP001120.5"
"21182","CHMP1B"
"21183","CHMP1B-AS1"
"21184","MPPE1"
"21185","AP001269.4"
"21186","AP001269.2"
"21187","IMPA2"
"21188","ANKRD62"
"21189","CIDEA"
"21190","TUBB6"
"21191","AFG3L2"
"21192","PRELID3A"
"21193","AP001029.1"
"21194","AP001029.2"
"21195","SPIRE1"
"21196","PSMG2"
"21197","CEP76"
"21198","AP005482.3"
"21199","AP005482.1"
"21200","PTPN2"
"21201","SEH1L"
"21202","AP002449.1"
"21203","CEP192"
"21204","AP001198.1"
"21205","LDLRAD4"
"21206","AP002505.1"
"21207","AP002439.1"
"21208","LDLRAD4-AS1"
"21209","AP005131.5"
"21210","AP005131.4"
"21211","AP005131.6"
"21212","AP005131.2"
"21213","AP005131.1"
"21214","AP005131.7"
"21215","AP005131.3"
"21216","FAM210A"
"21217","RNMT"
"21218","ZNF519"
"21219","AC006557.1"
"21220","AC006557.3"
"21221","AP006261.1"
"21222","ANKRD30B"
"21223","AP006565.1"
"21224","AP005901.6"
"21225","AP005901.5"
"21226","ROCK1"
"21227","GREB1L"
"21228","AC015878.1"
"21229","ESCO1"
"21230","SNRPD1"
"21231","ABHD3"
"21232","AC106037.3"
"21233","MIB1"
"21234","MIR133A1HG"
"21235","AC103987.2"
"21236","LINC01900"
"21237","AC090912.1"
"21238","RBBP8"
"21239","CABLES1"
"21240","TMEM241"
"21241","RIOK3"
"21242","RMC1"
"21243","NPC1"
"21244","ANKRD29"
"21245","LAMA3"
"21246","AC010754.1"
"21247","TTC39C"
"21248","TTC39C-AS1"
"21249","AC090772.2"
"21250","AC090772.1"
"21251","CABYR"
"21252","AC090772.3"
"21253","OSBPL1A"
"21254","AC023983.1"
"21255","AC023983.2"
"21256","IMPACT"
"21257","HRH4"
"21258","LINC01915"
"21259","AC018697.1"
"21260","LINC01894"
"21261","ZNF521"
"21262","AC105114.2"
"21263","SS18"
"21264","PSMA8"
"21265","TAF4B"
"21266","KCTD1"
"21267","AC007996.1"
"21268","AC090206.1"
"21269","AQP4-AS1"
"21270","AC012588.1"
"21271","PCAT18"
"21272","AQP4"
"21273","CHST9"
"21274","AC090403.1"
"21275","CDH2"
"21276","AC110015.1"
"21277","AC006249.1"
"21278","AC090365.1"
"21279","AC115100.1"
"21280","DSC3"
"21281","DSC2"
"21282","DSCAS"
"21283","DSC1"
"21284","DSG1-AS1"
"21285","DSG3"
"21286","DSG2"
"21287","TTR"
"21288","B4GALT6"
"21289","AC017100.1"
"21290","TRAPPC8"
"21291","AC022960.1"
"21292","AC022960.2"
"21293","AC009831.1"
"21294","RNF125"
"21295","AC009831.3"
"21296","AC011825.4"
"21297","RNF138"
"21298","AC011825.2"
"21299","GAREM1"
"21300","MEP1B"
"21301","AC015563.1"
"21302","AC015563.2"
"21303","AC025887.2"
"21304","AC009835.1"
"21305","KLHL14"
"21306","AC012123.1"
"21307","AC090371.2"
"21308","CCDC178"
"21309","AC091198.1"
"21310","ASXL3"
"21311","NOL4"
"21312","AC104985.1"
"21313","AC104985.2"
"21314","DTNA"
"21315","AC022601.1"
"21316","AC068506.1"
"21317","MAPRE2"
"21318","AC015967.1"
"21319","ZNF397"
"21320","ZSCAN30"
"21321","AC011815.2"
"21322","AC011815.1"
"21323","AC116447.1"
"21324","ZNF24"
"21325","ZNF396"
"21326","AC007998.4"
"21327","AC007998.3"
"21328","INO80C"
"21329","GALNT1"
"21330","AC090220.1"
"21331","AC090229.1"
"21332","AC118757.1"
"21333","C18orf21"
"21334","RPRD1A"
"21335","SLC39A6"
"21336","ELP2"
"21337","AC023043.1"
"21338","MOCOS"
"21339","FHOD3"
"21340","AC055840.1"
"21341","TPGS2"
"21342","KIAA1328"
"21343","AC016493.1"
"21344","AC015961.1"
"21345","CELF4"
"21346","AC015961.2"
"21347","AC009899.1"
"21348","AC108452.1"
"21349","MIR924HG"
"21350","AC011139.1"
"21351","AC099845.1"
"21352","LINC01901"
"21353","LINC01902"
"21354","AC079052.1"
"21355","AC021504.1"
"21356","PIK3C3"
"21357","AC087683.2"
"21358","AC087683.3"
"21359","LINC00907"
"21360","AC084335.1"
"21361","RIT2"
"21362","AC100779.1"
"21363","SYT4"
"21364","AC110014.1"
"21365","LINC01478"
"21366","AC120049.1"
"21367","SETBP1"
"21368","AC090376.1"
"21369","SLC14A2"
"21370","SLC14A2-AS1"
"21371","AC021517.2"
"21372","AC091151.5"
"21373","AC023421.2"
"21374","SLC14A1"
"21375","SIGLEC15"
"21376","EPG5"
"21377","PSTPIP2"
"21378","ATP5F1A"
"21379","HAUS1"
"21380","C18orf25"
"21381","RNF165"
"21382","LOXHD1"
"21383","ST8SIA5"
"21384","AC090241.2"
"21385","AC090241.3"
"21386","PIAS2"
"21387","KATNAL2"
"21388","AC012254.1"
"21389","AC012254.3"
"21390","HDHD2"
"21391","IER3IP1"
"21392","MIR4527HG"
"21393","SMAD2"
"21394","AC120349.1"
"21395","ZBTB7C"
"21396","AC105101.2"
"21397","CTIF"
"21398","AC048380.1"
"21399","AC093567.1"
"21400","SMAD7"
"21401","AC016866.1"
"21402","DYM"
"21403","AC016866.2"
"21404","AC044840.1"
"21405","AC100778.4"
"21406","C18orf32"
"21407","AC100778.2"
"21408","AC100778.3"
"21409","RPL17"
"21410","LIPG"
"21411","ACAA2"
"21412","SNHG22"
"21413","MYO5B"
"21414","CFAP53"
"21415","MBD1"
"21416","CXXC1"
"21417","SKA1"
"21418","MAPK4"
"21419","AC012433.2"
"21420","ME2"
"21421","ELAC1"
"21422","SMAD4"
"21423","MEX3C"
"21424","LINC01630"
"21425","DCC"
"21426","LINC01917"
"21427","LINC01919"
"21428","MBD2"
"21429","AC093462.1"
"21430","POLI"
"21431","STARD6"
"21432","C18orf54"
"21433","RAB27B"
"21434","TCF4"
"21435","TCF4-AS1"
"21436","TCF4-AS2"
"21437","AC022031.2"
"21438","LINC01415"
"21439","LINC01416"
"21440","AC009271.1"
"21441","AC006305.1"
"21442","LINC01905"
"21443","TXNL1"
"21444","WDR7"
"21445","AC012301.1"
"21446","ST8SIA3"
"21447","ONECUT2"
"21448","FECH"
"21449","NARS"
"21450","AC027097.1"
"21451","AC027097.2"
"21452","ATP8B1"
"21453","NEDD4L"
"21454","AC107896.1"
"21455","AC090236.2"
"21456","AC090236.1"
"21457","MIR122HG"
"21458","ALPK2"
"21459","MALT1"
"21460","AC104365.1"
"21461","AC104365.3"
"21462","LINC01926"
"21463","ZNF532"
"21464","AC040963.1"
"21465","SEC11C"
"21466","GRP"
"21467","LMAN1"
"21468","AC016229.2"
"21469","CCBE1"
"21470","AC016229.1"
"21471","AC090213.1"
"21472","AC010776.1"
"21473","AC010776.2"
"21474","AC010776.3"
"21475","PMAIP1"
"21476","AC090771.2"
"21477","AC091576.1"
"21478","MC4R"
"21479","AC113137.1"
"21480","CDH20"
"21481","AC090409.2"
"21482","AC090409.1"
"21483","AC105094.2"
"21484","RNF152"
"21485","PIGN"
"21486","RELCH"
"21487","AC027514.1"
"21488","AC027514.2"
"21489","TNFRSF11A"
"21490","ZCCHC2"
"21491","AC064801.1"
"21492","PHLPP1"
"21493","BCL2"
"21494","AC022726.2"
"21495","KDSR"
"21496","AC036176.1"
"21497","VPS4B"
"21498","SERPINB5"
"21499","HMSD"
"21500","AC009802.1"
"21501","SERPINB8"
"21502","LINC01924"
"21503","LINC01538"
"21504","AC090348.1"
"21505","CDH7"
"21506","CDH19"
"21507","AC110597.1"
"21508","DSEL"
"21509","AC110597.3"
"21510","AC114689.3"
"21511","AC022655.1"
"21512","LINC01903"
"21513","AC100844.1"
"21514","AC068112.1"
"21515","AC005909.2"
"21516","AC005909.1"
"21517","TMX3"
"21518","CCDC102B"
"21519","AC040896.1"
"21520","AC090337.1"
"21521","AC090337.2"
"21522","DOK6"
"21523","AC119868.2"
"21524","AC068254.1"
"21525","CD226"
"21526","RTTN"
"21527","AC021701.1"
"21528","SOCS6"
"21529","LINC01909"
"21530","AC091646.1"
"21531","GTSCR1"
"21532","AC090415.2"
"21533","AC091691.3"
"21534","AC091691.2"
"21535","LINC01541"
"21536","AC069114.1"
"21537","CBLN2"
"21538","NETO1"
"21539","AC091138.1"
"21540","AC079062.1"
"21541","AC090125.1"
"21542","FBXO15"
"21543","TIMM21"
"21544","CYB5A"
"21545","C18orf63"
"21546","DIPK1C"
"21547","CNDP2"
"21548","AC009704.2"
"21549","CNDP1"
"21550","LINC00909"
"21551","ZNF407"
"21552","AC015819.5"
"21553","ZADH2"
"21554","TSHZ1"
"21555","LINC01893"
"21556","AC103808.4"
"21557","AC103808.1"
"21558","ZNF516"
"21559","AC009716.1"
"21560","AC018413.1"
"21561","LINC00683"
"21562","LINC01927"
"21563","ZNF236-DT"
"21564","AC027575.2"
"21565","ZNF236"
"21566","AC093330.1"
"21567","MBP"
"21568","AC100863.1"
"21569","GALR1"
"21570","AC124254.2"
"21571","LINC01896"
"21572","SALL3"
"21573","ATP9B"
"21574","AC125437.1"
"21575","AC125437.3"
"21576","AC023090.1"
"21577","NFATC1"
"21578","AC068473.3"
"21579","AC068473.1"
"21580","AC068473.5"
"21581","CTDP1"
"21582","AC021594.2"
"21583","KCNG2"
"21584","SLC66A2"
"21585","AC114341.2"
"21586","HSBP1L1"
"21587","TXNL4A"
"21588","AC090360.1"
"21589","RBFA"
"21590","RBFADN"
"21591","ADNP2"
"21592","PARD6G-AS1"
"21593","PARD6G"
"21594","AC139100.2"
"21595","AC139100.1"
"21596","AC092192.1"
"21597","LINC01002"
"21598","AC016588.2"
"21599","MIER2"
"21600","AC010641.2"
"21601","C2CD4C"
"21602","SHC2"
"21603","ODF3L2"
"21604","MADCAM1"
"21605","AC005775.1"
"21606","TPGS1"
"21607","CDC34"
"21608","GZMM"
"21609","AC009005.1"
"21610","BSG"
"21611","HCN2"
"21612","POLRMT"
"21613","FGF22"
"21614","RNF126"
"21615","AC004156.1"
"21616","FSTL3"
"21617","PALM"
"21618","LINC01836"
"21619","PTBP1"
"21620","PLPPR3"
"21621","AZU1"
"21622","CFD"
"21623","MED16"
"21624","R3HDM4"
"21625","ARID3A"
"21626","WDR18"
"21627","AC004528.1"
"21628","GRIN3B"
"21629","TMEM259"
"21630","CNN2"
"21631","ABCA7"
"21632","ARHGAP45"
"21633","POLR2E"
"21634","GPX4"
"21635","SBNO2"
"21636","STK11"
"21637","CBARP"
"21638","AC004221.1"
"21639","ATP5F1D"
"21640","MIDN"
"21641","CIRBP"
"21642","FAM174C"
"21643","EFNA2"
"21644","AC005330.1"
"21645","PWWP3A"
"21646","AC005329.2"
"21647","NDUFS7"
"21648","AC005329.1"
"21649","GAMT"
"21650","DAZAP1"
"21651","RPS15"
"21652","AC027307.3"
"21653","APC2"
"21654","AC027307.2"
"21655","C19orf25"
"21656","PCSK4"
"21657","AC027307.1"
"21658","PLK5"
"21659","MEX3D"
"21660","MBD3"
"21661","UQCR11"
"21662","TCF3"
"21663","ONECUT3"
"21664","ATP8B3"
"21665","REXO1"
"21666","AC012615.2"
"21667","AC012615.6"
"21668","KLF16"
"21669","AC012615.1"
"21670","ABHD17A"
"21671","SCAMP4"
"21672","CSNK1G2"
"21673","BTBD2"
"21674","AC005306.1"
"21675","MKNK2"
"21676","MOB3A"
"21677","IZUMO4"
"21678","AP3D1"
"21679","DOT1L"
"21680","AC004490.1"
"21681","PLEKHJ1"
"21682","SF3A2"
"21683","JSRP1"
"21684","OAZ1"
"21685","PEAK3"
"21686","LSM7"
"21687","SPPL2B"
"21688","TMPRSS9"
"21689","TIMM13"
"21690","LMNB2"
"21691","LINC01775"
"21692","GADD45B"
"21693","GNG7"
"21694","DIRAS1"
"21695","AC006538.1"
"21696","SLC39A3"
"21697","SGTA"
"21698","THOP1"
"21699","ZNF554"
"21700","ZNF555"
"21701","AC006130.1"
"21702","AC006130.3"
"21703","ZNF556"
"21704","ZNF57"
"21705","AC119403.1"
"21706","ZNF77"
"21707","TLE6"
"21708","TLE2"
"21709","AC005944.1"
"21710","TLE5"
"21711","GNA11"
"21712","KF456478.1"
"21713","GNA15"
"21714","NCLN"
"21715","CELF5"
"21716","AC010649.1"
"21717","NFIC"
"21718","DOHH"
"21719","FZR1"
"21720","MFSD12"
"21721","C19orf71"
"21722","AC005786.3"
"21723","HMG20B"
"21724","TBXA2R"
"21725","CACTIN"
"21726","PIP5K1C"
"21727","TJP3"
"21728","APBA3"
"21729","AC005954.2"
"21730","MRPL54"
"21731","MATK"
"21732","ZFR2"
"21733","ATCAY"
"21734","DAPK3"
"21735","EEF2"
"21736","PIAS4"
"21737","ZBTB7A"
"21738","MAP2K2"
"21739","CREB3L3"
"21740","SIRT6"
"21741","ANKRD24"
"21742","YJU2"
"21743","SHD"
"21744","TMIGD2"
"21745","FSD1"
"21746","STAP2"
"21747","AC104521.1"
"21748","MPND"
"21749","AC007292.3"
"21750","AC007292.2"
"21751","SH3GL1"
"21752","AC007292.1"
"21753","CHAF1A"
"21754","AC011498.3"
"21755","UBXN6"
"21756","AC011498.6"
"21757","AC011498.1"
"21758","HDGFL2"
"21759","PLIN4"
"21760","PLIN5"
"21761","LRG1"
"21762","SEMA6B"
"21763","TNFAIP8L1"
"21764","MYDGF"
"21765","DPP9"
"21766","DPP9-AS1"
"21767","MIR7-3HG"
"21768","AC005523.1"
"21769","FEM1A"
"21770","AC005523.2"
"21771","TICAM1"
"21772","PLIN3"
"21773","ARRDC5"
"21774","UHRF1"
"21775","KDM4B"
"21776","PTPRS"
"21777","AC022517.1"
"21778","TINCR"
"21779","SAFB2"
"21780","SAFB"
"21781","RPL36"
"21782","MICOS13"
"21783","HSD11B1L"
"21784","LONP1"
"21785","CATSPERD"
"21786","PRR22"
"21787","DUS3L"
"21788","NRTN"
"21789","FUT6"
"21790","NDUFA11"
"21791","VMAC"
"21792","AC104532.2"
"21793","CAPS"
"21794","RANBP3"
"21795","AC011444.1"
"21796","RFX2"
"21797","AC011444.2"
"21798","AC011444.3"
"21799","ACSBG2"
"21800","MLLT1"
"21801","AC011471.2"
"21802","ACER1"
"21803","AC011491.3"
"21804","CLPP"
"21805","ALKBH7"
"21806","PSPN"
"21807","GTF2F1"
"21808","KHSRP"
"21809","SLC25A41"
"21810","SLC25A23"
"21811","DENND1C"
"21812","TUBB4A"
"21813","AC010503.2"
"21814","AC010503.1"
"21815","CD70"
"21816","TNFSF14"
"21817","C3"
"21818","GPR108"
"21819","TRIP10"
"21820","SH2D3A"
"21821","VAV1"
"21822","ADGRE1"
"21823","ZNF557"
"21824","INSR"
"21825","AC119396.1"
"21826","AC119396.2"
"21827","ARHGEF18"
"21828","PEX11G"
"21829","TEX45"
"21830","ZNF358"
"21831","MCOLN1"
"21832","PNPLA6"
"21833","CAMSAP3"
"21834","XAB2"
"21835","PET100"
"21836","AC008763.1"
"21837","STXBP2"
"21838","TRAPPC5"
"21839","FCER2"
"21840","EVI5L"
"21841","PRR36"
"21842","AC010336.3"
"21843","AC010336.1"
"21844","MAP2K7"
"21845","SNAPC2"
"21846","CTXN1"
"21847","AC010336.5"
"21848","TIMM44"
"21849","AC010336.8"
"21850","ELAVL1"
"21851","AC010336.6"
"21852","AC008946.1"
"21853","CCL25"
"21854","FBN3"
"21855","CERS4"
"21856","AC022146.2"
"21857","CD320"
"21858","NDUFA7"
"21859","RPS28"
"21860","KANK3"
"21861","ANGPTL4"
"21862","RAB11B-AS1"
"21863","RAB11B"
"21864","MARCH2"
"21865","HNRNPM"
"21866","PRAM1"
"21867","ZNF414"
"21868","MYO1F"
"21869","ADAMTS10"
"21870","AC130469.1"
"21871","ZNF558"
"21872","MBD3L1"
"21873","MUC16"
"21874","ZNF317"
"21875","OR7D2"
"21876","ZNF699"
"21877","AC011451.1"
"21878","ZNF559"
"21879","ZNF177"
"21880","AC011451.3"
"21881","ZNF266"
"21882","AC011451.4"
"21883","ZNF560"
"21884","AC008567.2"
"21885","AC008567.3"
"21886","ZNF426"
"21887","ZNF426-DT"
"21888","ZNF121"
"21889","ZNF561"
"21890","ZNF561-AS1"
"21891","ZNF562"
"21892","ZNF846"
"21893","AC008752.1"
"21894","FBXL12"
"21895","UBL5"
"21896","PIN1"
"21897","OLFM2"
"21898","COL5A3"
"21899","SHFL"
"21900","PPAN"
"21901","P2RY11"
"21902","EIF3G"
"21903","DNMT1"
"21904","S1PR2"
"21905","MRPL4"
"21906","AC011511.2"
"21907","ICAM5"
"21908","ZGLP1"
"21909","FDX2"
"21910","RAVER1"
"21911","AC114271.1"
"21912","ICAM3"
"21913","TYK2"
"21914","CDC37"
"21915","PDE4A"
"21916","KEAP1"
"21917","ATG4D"
"21918","KRI1"
"21919","CDKN2D"
"21920","AP1M2"
"21921","SLC44A2"
"21922","ILF3-DT"
"21923","ILF3"
"21924","QTRT1"
"21925","DNM2"
"21926","TMED1"
"21927","C19orf38"
"21928","CARM1"
"21929","YIPF2"
"21930","TIMM29"
"21931","SMARCA4"
"21932","AC011442.1"
"21933","LDLR"
"21934","SPC24"
"21935","KANK2"
"21936","DOCK6"
"21937","AC011472.1"
"21938","TSPAN16"
"21939","AC011472.2"
"21940","RAB3D"
"21941","AC011472.3"
"21942","TMEM205"
"21943","CCDC159"
"21944","PLPPR2"
"21945","AC024575.1"
"21946","SWSAP1"
"21947","EPOR"
"21948","RGL3"
"21949","CCDC151"
"21950","PRKCSH"
"21951","ELAVL3"
"21952","ZNF653"
"21953","ECSIT"
"21954","CNN1"
"21955","ELOF1"
"21956","ZNF627"
"21957","AC008543.1"
"21958","ZNF823"
"21959","ZNF441"
"21960","AC008543.5"
"21961","ZNF491"
"21962","ZNF440"
"21963","ZNF439"
"21964","ZNF69"
"21965","ZNF700"
"21966","AC008770.3"
"21967","ZNF763"
"21968","ZNF433-AS1"
"21969","ZNF433"
"21970","ZNF878"
"21971","ZNF844"
"21972","ZNF20"
"21973","ZNF625"
"21974","ZNF136"
"21975","ZNF44"
"21976","ZNF563"
"21977","ZNF442"
"21978","ZNF799"
"21979","ZNF443"
"21980","AC008758.2"
"21981","ZNF709"
"21982","ZNF564"
"21983","AC010422.1"
"21984","ZNF490"
"21985","ZNF791"
"21986","MAN2B1"
"21987","WDR83"
"21988","WDR83OS"
"21989","AC010422.7"
"21990","DHPS"
"21991","AC010422.2"
"21992","FBXW9"
"21993","TNPO2"
"21994","AC018761.1"
"21995","TRIR"
"21996","GET3"
"21997","BEST2"
"21998","HOOK2"
"21999","JUNB"
"22000","PRDX2"
"22001","AC018761.2"
"22002","THSD8"
"22003","RNASEH2A"
"22004","AC020934.1"
"22005","MAST1"
"22006","DNASE2"
"22007","GCDH"
"22008","SYCE2"
"22009","FARSA"
"22010","CALR"
"22011","AC092069.1"
"22012","RAD23A"
"22013","GADD45GIP1"
"22014","DAND5"
"22015","NFIX"
"22016","AC138474.1"
"22017","AC007787.1"
"22018","LYL1"
"22019","TRMT1"
"22020","NACC1"
"22021","AC011446.1"
"22022","STX10"
"22023","IER2"
"22024","CACNA1A"
"22025","CCDC130"
"22026","MRI1"
"22027","AC008686.1"
"22028","C19orf53"
"22029","ZSWIM4"
"22030","AC020916.2"
"22031","AC020916.1"
"22032","NANOS3"
"22033","C19orf57"
"22034","CC2D1A"
"22035","PODNL1"
"22036","DCAF15"
"22037","RFX1"
"22038","IL27RA"
"22039","PALM3"
"22040","MISP3"
"22041","C19orf67"
"22042","SAMD1"
"22043","PRKACA"
"22044","ASF1B"
"22045","AC022098.1"
"22046","ADGRL1"
"22047","AC011509.3"
"22048","AC011509.2"
"22049","LINC01841"
"22050","LINC01842"
"22051","ADGRE5"
"22052","AC008569.1"
"22053","DDX39A"
"22054","PKN1"
"22055","AC008569.2"
"22056","GIPC1"
"22057","DNAJB1"
"22058","TECR"
"22059","NDUFB7"
"22060","ADGRE3"
"22061","ZNF333"
"22062","ADGRE2"
"22063","OR7C1"
"22064","OR7A17"
"22065","SLC1A6"
"22066","OR1I1"
"22067","SYDE1"
"22068","ILVBL"
"22069","NOTCH3"
"22070","AC004257.1"
"22071","EPHX3"
"22072","BRD4"
"22073","AC005776.2"
"22074","AKAP8"
"22075","AC005785.1"
"22076","AKAP8L"
"22077","WIZ"
"22078","PGLYRP2"
"22079","CYP4F22"
"22080","CYP4F8"
"22081","CYP4F12"
"22082","AC004597.1"
"22083","OR10H1"
"22084","TPM4"
"22085","RAB8A"
"22086","AC008894.2"
"22087","HSH2D"
"22088","FAM32A"
"22089","AC020911.1"
"22090","AC020911.3"
"22091","AP1M1"
"22092","AC020911.2"
"22093","KLF2"
"22094","AC020917.3"
"22095","EPS15L1"
"22096","AC020917.2"
"22097","CALR3"
"22098","C19orf44"
"22099","CHERP"
"22100","AC008764.6"
"22101","SLC35E1"
"22102","AC008764.3"
"22103","AC008764.8"
"22104","MED26"
"22105","AC008764.7"
"22106","AC008764.2"
"22107","AC024075.3"
"22108","SMIM7"
"22109","AC024075.2"
"22110","AC024075.1"
"22111","TMEM38A"
"22112","NWD1"
"22113","SIN3B"
"22114","CPAMD8"
"22115","AC020908.2"
"22116","HAUS8"
"22117","AC020908.1"
"22118","MYO9B"
"22119","AC020908.3"
"22120","AC020913.1"
"22121","AC020913.3"
"22122","USE1"
"22123","OCEL1"
"22124","NR2F6"
"22125","USHBP1"
"22126","BABAM1"
"22127","ANKLE1"
"22128","ABHD8"
"22129","MRPL34"
"22130","DDA1"
"22131","ANO8"
"22132","GTPBP3"
"22133","PLVAP"
"22134","BST2"
"22135","BISPR"
"22136","MVB12A"
"22137","AC010319.4"
"22138","AC010319.3"
"22139","TMEM221"
"22140","NXNL1"
"22141","SLC27A1"
"22142","AC010618.3"
"22143","PGLS"
"22144","AC010618.2"
"22145","NIBAN3"
"22146","COLGALT1"
"22147","UNC13A"
"22148","MAP1S"
"22149","AC008761.1"
"22150","FCHO1"
"22151","JAK3"
"22152","RPL18A"
"22153","SLC5A5"
"22154","CCDC124"
"22155","KCNN1"
"22156","ARRDC2"
"22157","IL12RB1"
"22158","MAST3"
"22159","AC007192.2"
"22160","PIK3R2"
"22161","IFI30"
"22162","MPV17L2"
"22163","RAB3A"
"22164","AC005759.1"
"22165","PDE4C"
"22166","IQCN"
"22167","JUND"
"22168","LSM4"
"22169","PGPEP1"
"22170","GDF15"
"22171","SSBP4"
"22172","ISYNA1"
"22173","ELL"
"22174","FKBP8"
"22175","AC005387.2"
"22176","KXD1"
"22177","AC005253.1"
"22178","UBA52"
"22179","CRLF1"
"22180","REX1BD"
"22181","TMEM59L"
"22182","KLHL26"
"22183","CRTC1"
"22184","UPF1"
"22185","CERS1"
"22186","AC005197.1"
"22187","COPE"
"22188","DDX49"
"22189","HOMER3"
"22190","SUGP2"
"22191","ARMC6"
"22192","SLC25A42"
"22193","TMEM161A"
"22194","MEF2B"
"22195","BORCS8"
"22196","RFXANK"
"22197","NR2C2AP"
"22198","NCAN"
"22199","HAPLN4"
"22200","TM6SF2"
"22201","SUGP1"
"22202","MAU2"
"22203","GATAD2A"
"22204","TSSK6"
"22205","NDUFA13"
"22206","YJEFN3"
"22207","CILP2"
"22208","PBX4"
"22209","AC002306.1"
"22210","LPAR2"
"22211","GMIP"
"22212","ATP13A1"
"22213","ZNF101"
"22214","ZNF14"
"22215","LINC00663"
"22216","AC011477.9"
"22217","ZNF506"
"22218","AC011477.2"
"22219","ZNF253"
"22220","AC011477.3"
"22221","ZNF93"
"22222","ZNF682"
"22223","ZNF90"
"22224","AC011447.3"
"22225","ZNF486"
"22226","AC008554.1"
"22227","ZNF737"
"22228","AC010636.1"
"22229","ZNF626"
"22230","ZNF66"
"22231","ZNF85"
"22232","ZNF430"
"22233","ZNF714"
"22234","ZNF431"
"22235","ZNF708"
"22236","ZNF738"
"22237","ZNF493"
"22238","AC010615.2"
"22239","LINC00664"
"22240","ZNF429"
"22241","AC123912.1"
"22242","AC123912.4"
"22243","ZNF100"
"22244","AC092364.1"
"22245","ZNF43"
"22246","ZNF208"
"22247","ZNF257"
"22248","ZNF98"
"22249","ZNF492"
"22250","AC024563.1"
"22251","ZNF99"
"22252","ZNF723"
"22253","LINC01858"
"22254","AC074135.1"
"22255","ZNF730"
"22256","ZNF724"
"22257","AC092329.4"
"22258","ZNF91"
"22259","AC010300.1"
"22260","LINC01224"
"22261","ZNF675"
"22262","ZNF681"
"22263","AC139769.2"
"22264","ZNF726"
"22265","AC011503.1"
"22266","AC011503.2"
"22267","AC092279.1"
"22268","ZNF254"
"22269","AC073534.2"
"22270","LINC00662"
"22271","AC006504.1"
"22272","AC006504.5"
"22273","AC006504.7"
"22274","AC006504.2"
"22275","AC010511.1"
"22276","AC005580.1"
"22277","AC005381.1"
"22278","AC005394.1"
"22279","LINC00906"
"22280","UQCRFS1"
"22281","AC007786.1"
"22282","AC007786.3"
"22283","AC007786.4"
"22284","AC011474.1"
"22285","AC011474.2"
"22286","VSTM2B"
"22287","POP4"
"22288","C19orf12"
"22289","CCNE1"
"22290","URI1"
"22291","AC008507.2"
"22292","AC005597.1"
"22293","ZNF536"
"22294","AC011478.1"
"22295","AC020912.1"
"22296","TSHZ3"
"22297","LINC01791"
"22298","AC025809.1"
"22299","AC008992.1"
"22300","AC011525.1"
"22301","LINC01837"
"22302","LINC01533"
"22303","AC074139.1"
"22304","ZNF507"
"22305","AC007773.1"
"22306","DPY19L3"
"22307","PDCD5"
"22308","ANKRD27"
"22309","AC008474.1"
"22310","AC008736.1"
"22311","NUDT19"
"22312","TDRD12"
"22313","SLC7A9"
"22314","AC008805.2"
"22315","CEP89"
"22316","FAAP24"
"22317","RHPN2"
"22318","GPATCH1"
"22319","WDR88"
"22320","LRP3"
"22321","SLC7A10"
"22322","CEBPG"
"22323","PEPD"
"22324","CHST8"
"22325","KCTD15"
"22326","AC016587.1"
"22327","LSM14A"
"22328","KIAA0355"
"22329","AC010504.1"
"22330","GPI"
"22331","PDCD2L"
"22332","AC008747.1"
"22333","UBA2"
"22334","WTIP"
"22335","SCGB1B2P"
"22336","SCGB2B2"
"22337","AC020910.2"
"22338","ZNF302"
"22339","AC020910.5"
"22340","ZNF181"
"22341","ZNF599"
"22342","LINC01801"
"22343","AC008555.1"
"22344","AC008555.2"
"22345","AC008555.4"
"22346","ZNF30-AS1"
"22347","ZNF30"
"22348","ZNF792"
"22349","GRAMD1A"
"22350","AC020907.4"
"22351","SCN1B"
"22352","HPN"
"22353","HPN-AS1"
"22354","AC020907.1"
"22355","FXYD3"
"22356","LGI4"
"22357","FXYD1"
"22358","FXYD7"
"22359","FXYD5"
"22360","LSR"
"22361","AC002128.1"
"22362","USF2"
"22363","CD22"
"22364","GAPDHS"
"22365","TMEM147-AS1"
"22366","TMEM147"
"22367","ATP4A"
"22368","AD000090.1"
"22369","HAUS5"
"22370","RBM42"
"22371","ETV2"
"22372","COX6B1"
"22373","UPK1A"
"22374","ZBTB32"
"22375","KMT2B"
"22376","IGFLR1"
"22377","U2AF1L4"
"22378","PSENEN"
"22379","AD000671.3"
"22380","LIN37"
"22381","HSPB6"
"22382","PROSER3"
"22383","AC002398.1"
"22384","ARHGAP33"
"22385","PRODH2"
"22386","NPHS1"
"22387","KIRREL2"
"22388","APLP1"
"22389","NFKBID"
"22390","TYROBP"
"22391","LRFN3"
"22392","AF038458.3"
"22393","AF038458.2"
"22394","SDHAF1"
"22395","SYNE4"
"22396","ALKBH6"
"22397","AC002116.2"
"22398","CLIP3"
"22399","THAP8"
"22400","WDR62"
"22401","OVOL3"
"22402","POLR2I"
"22403","TBCB"
"22404","CAPNS1"
"22405","AD001527.1"
"22406","COX7A1"
"22407","ZNF565"
"22408","ZNF146"
"22409","AC092296.2"
"22410","LINC00665"
"22411","ZFP14"
"22412","ZFP82"
"22413","ZNF566"
"22414","AC092295.2"
"22415","ZNF260"
"22416","AC092295.1"
"22417","ZNF529"
"22418","ZNF529-AS1"
"22419","ZNF382"
"22420","ZNF461"
"22421","AC074138.1"
"22422","LINC01534"
"22423","ZNF567"
"22424","ZNF850"
"22425","AC020928.1"
"22426","AC020928.2"
"22427","ZNF790-AS1"
"22428","ZNF790"
"22429","ZNF345"
"22430","ZNF829"
"22431","ZNF568"
"22432","ZNF420"
"22433","AC010632.1"
"22434","AC010632.2"
"22435","ZNF585A"
"22436","ZNF585B"
"22437","ZNF383"
"22438","AC016590.1"
"22439","LINC01535"
"22440","ZNF875"
"22441","AC016590.3"
"22442","ZNF527"
"22443","ZNF569"
"22444","ZNF570"
"22445","ZNF793-AS1"
"22446","ZNF793"
"22447","AC022148.1"
"22448","ZNF571-AS1"
"22449","ZNF540"
"22450","ZNF571"
"22451","ZFP30"
"22452","ZNF781"
"22453","ZNF607"
"22454","AC093227.1"
"22455","AC093227.3"
"22456","ZNF573"
"22457","WDR87"
"22458","SIPA1L3"
"22459","AC008395.1"
"22460","DPF1"
"22461","SPINT2"
"22462","PPP1R14A"
"22463","AC011479.4"
"22464","YIF1B"
"22465","KCNK6"
"22466","CATSPERG"
"22467","PSMD8"
"22468","GGN"
"22469","SPRED3"
"22470","FAM98C"
"22471","RASGRP4"
"22472","RYR1"
"22473","MAP4K1"
"22474","EIF3K"
"22475","ACTN4"
"22476","AC008649.2"
"22477","CAPN12"
"22478","LGALS4"
"22479","ECH1"
"22480","HNRNPL"
"22481","AC008982.2"
"22482","RINL"
"22483","AC011455.1"
"22484","SIRT2"
"22485","NFKBIB"
"22486","CCER2"
"22487","SARS2"
"22488","MRPS12"
"22489","ERVK9-11"
"22490","FBXO17"
"22491","AC011455.6"
"22492","FBXO27"
"22493","PAK4"
"22494","AC011443.1"
"22495","LRFN1"
"22496","AC011445.1"
"22497","GMFG"
"22498","AC011445.2"
"22499","SAMD4B"
"22500","PAF1"
"22501","MED29"
"22502","ZFP36"
"22503","PLEKHG2"
"22504","RPS16"
"22505","SUPT5H"
"22506","TIMM50"
"22507","DLL3"
"22508","SELENOV"
"22509","EID2B"
"22510","EID2"
"22511","AC005393.1"
"22512","DYRK1B"
"22513","FBL"
"22514","FCGBP"
"22515","PSMC4"
"22516","ZNF546"
"22517","ZNF780B"
"22518","ZNF780A"
"22519","AC005614.1"
"22520","MAP3K10"
"22521","TTC9B"
"22522","CNTD2"
"22523","AKT2"
"22524","AC118344.1"
"22525","C19orf47"
"22526","PLD3"
"22527","HIPK4"
"22528","PRX"
"22529","SERTAD1"
"22530","AC010271.2"
"22531","SERTAD3"
"22532","BLVRB"
"22533","SPTBN4"
"22534","SHKBP1"
"22535","LTBP4"
"22536","NUMBL"
"22537","COQ8B"
"22538","ITPKC"
"22539","C19orf54"
"22540","SNRPA"
"22541","MIA"
"22542","RAB4B"
"22543","AC008537.4"
"22544","EGLN2"
"22545","AC008537.2"
"22546","AXL"
"22547","HNRNPUL1"
"22548","TGFB1"
"22549","AC011462.5"
"22550","CCDC97"
"22551","TMEM91"
"22552","B9D2"
"22553","AC011462.4"
"22554","EXOSC5"
"22555","BCKDHA"
"22556","DMAC2"
"22557","PCAT19"
"22558","AC243960.1"
"22559","AC243967.2"
"22560","RPS19"
"22561","CD79A"
"22562","ARHGEF1"
"22563","ERFL"
"22564","RABAC1"
"22565","ATP1A3"
"22566","GRIK5"
"22567","ZNF574"
"22568","POU2F2"
"22569","AC010247.1"
"22570","AC010247.2"
"22571","DEDD2"
"22572","ZNF526"
"22573","GSK3A"
"22574","ERF"
"22575","CIC"
"22576","PAFAH1B3"
"22577","PRR19"
"22578","TMEM145"
"22579","MEGF8"
"22580","LIPE-AS1"
"22581","LIPE"
"22582","CXCL17"
"22583","CEACAM1"
"22584","CEACAM8"
"22585","PSG3"
"22586","PSG8"
"22587","PSG8-AS1"
"22588","PSG1"
"22589","PSG6"
"22590","PSG7"
"22591","AC004784.1"
"22592","PSG11"
"22593","PSG2"
"22594","PSG5"
"22595","PSG4"
"22596","PSG9"
"22597","AC005392.3"
"22598","TEX101"
"22599","LYPD3"
"22600","PHLDB3"
"22601","ETHE1"
"22602","ZNF575"
"22603","XRCC1"
"22604","PINLYP"
"22605","IRGQ"
"22606","ZNF576"
"22607","SRRM5"
"22608","ZNF428"
"22609","CADM4"
"22610","PLAUR"
"22611","SMG9"
"22612","LYPD5"
"22613","ZNF283"
"22614","ZNF404"
"22615","AC006213.2"
"22616","AC006213.7"
"22617","AC006213.3"
"22618","ZNF45"
"22619","ZNF221"
"22620","ZNF155"
"22621","AC006213.4"
"22622","AC006213.5"
"22623","AC006213.1"
"22624","ZNF230"
"22625","AC067968.2"
"22626","ZNF222"
"22627","ZNF223"
"22628","ZNF284"
"22629","ZNF224"
"22630","AC021092.1"
"22631","ZNF225"
"22632","ZNF234"
"22633","AC138470.2"
"22634","ZNF226"
"22635","ZNF227"
"22636","ZNF235"
"22637","ZNF233"
"22638","ZNF112"
"22639","ZNF285"
"22640","ZNF229"
"22641","ZNF180"
"22642","CEACAM20"
"22643","IGSF23"
"22644","AC243964.3"
"22645","PVR"
"22646","CEACAM19"
"22647","BCL3"
"22648","CBLC"
"22649","BCAM"
"22650","NECTIN2"
"22651","AC011481.2"
"22652","TOMM40"
"22653","APOE"
"22654","APOC1"
"22655","APOC2"
"22656","AC011481.1"
"22657","CLPTM1"
"22658","RELB"
"22659","CLASRP"
"22660","ZNF296"
"22661","GEMIN7-AS1"
"22662","GEMIN7"
"22663","MARK4"
"22664","PPP1R37"
"22665","AC005757.1"
"22666","NKPD1"
"22667","TRAPPC6A"
"22668","BLOC1S3"
"22669","EXOC3L2"
"22670","CKM"
"22671","KLC3"
"22672","ERCC2"
"22673","PPP1R13L"
"22674","CD3EAP"
"22675","ERCC1"
"22676","FOSB"
"22677","RTN2"
"22678","PPM1N"
"22679","VASP"
"22680","OPA3"
"22681","EML2"
"22682","GIPR"
"22683","SNRPD2"
"22684","QPCTL"
"22685","FBXO46"
"22686","BHMG1"
"22687","SIX5"
"22688","AC074212.1"
"22689","DM1-AS"
"22690","DMPK"
"22691","DMWD"
"22692","SYMPK"
"22693","AC092301.1"
"22694","IRF2BP1"
"22695","MYPOP"
"22696","NOVA2"
"22697","CCDC61"
"22698","PGLYRP1"
"22699","AC007785.3"
"22700","IGFL4"
"22701","AC007785.1"
"22702","AC006262.2"
"22703","IGFL2-AS1"
"22704","AC006262.1"
"22705","HIF3A"
"22706","AC007193.2"
"22707","PPP5C"
"22708","AC007193.1"
"22709","CCDC8"
"22710","PNMA8C"
"22711","PNMA8A"
"22712","PPP5D1"
"22713","PNMA8B"
"22714","AC093503.1"
"22715","CALM3"
"22716","AC093503.2"
"22717","PTGIR"
"22718","GNG8"
"22719","DACT3"
"22720","DACT3-AS1"
"22721","PRKD2"
"22722","STRN4"
"22723","FKRP"
"22724","SLC1A5"
"22725","AP2S1"
"22726","ARHGAP35"
"22727","NPAS1"
"22728","TMEM160"
"22729","ZC3H4"
"22730","SAE1"
"22731","BBC3"
"22732","AC008532.1"
"22733","CCDC9"
"22734","INAFM1"
"22735","C5AR1"
"22736","C5AR2"
"22737","DHX34"
"22738","MEIS3"
"22739","SLC8A2"
"22740","AC073548.2"
"22741","KPTN"
"22742","NAPA-AS1"
"22743","NAPA"
"22744","ZNF541"
"22745","AC010519.1"
"22746","AC010331.1"
"22747","BICRA"
"22748","BICRA-AS1"
"22749","EHD2"
"22750","NOP53"
"22751","NOP53-AS1"
"22752","SELENOW"
"22753","TPRX1"
"22754","CRX"
"22755","SULT2A1"
"22756","PLA2G4C"
"22757","PLA2G4C-AS1"
"22758","LIG1"
"22759","AC011466.3"
"22760","AC011466.2"
"22761","ZSWIM9"
"22762","CARD8"
"22763","AC011466.1"
"22764","CARD8-AS1"
"22765","ZNF114-AS1"
"22766","ZNF114"
"22767","CCDC114"
"22768","EMP3"
"22769","TMEM143"
"22770","SYNGR4"
"22771","KDELR1"
"22772","GRIN2D"
"22773","GRWD1"
"22774","KCNJ14"
"22775","AC008403.2"
"22776","CYTH2"
"22777","LMTK3"
"22778","AC008403.3"
"22779","SULT2B1"
"22780","FAM83E"
"22781","RPL18"
"22782","AC022154.1"
"22783","SPHK2"
"22784","DBP"
"22785","CA11"
"22786","NTN5"
"22787","FUT2"
"22788","MAMSTR"
"22789","RASIP1"
"22790","IZUMO1"
"22791","FUT1"
"22792","BCAT2"
"22793","AC026803.3"
"22794","HSD17B14"
"22795","PLEKHA4"
"22796","PPP1R15A"
"22797","TULP2"
"22798","NUCB1"
"22799","NUCB1-AS1"
"22800","DHDH"
"22801","BAX"
"22802","FTL"
"22803","GYS1"
"22804","RUVBL2"
"22805","KCNA7"
"22806","SNRNP70"
"22807","LIN7B"
"22808","C19orf73"
"22809","PPFIA3"
"22810","HRC"
"22811","TRPM4"
"22812","SLC6A16"
"22813","AC011450.1"
"22814","CD37"
"22815","TEAD2"
"22816","AC010524.1"
"22817","DKKL1"
"22818","AC010643.1"
"22819","CCDC155"
"22820","GFY"
"22821","SLC17A7"
"22822","PIH1D1"
"22823","ALDH16A1"
"22824","FLT3LG"
"22825","RPL13A"
"22826","RPS11"
"22827","FCGRT"
"22828","RCN3"
"22829","NOSIP"
"22830","PRRG2"
"22831","PRR12"
"22832","AC011495.2"
"22833","RRAS"
"22834","SCAF1"
"22835","IRF3"
"22836","BCL2L12"
"22837","PRMT1"
"22838","ADM5"
"22839","CPT1C"
"22840","TSKS"
"22841","AP2A1"
"22842","FUZ"
"22843","AC006942.1"
"22844","MED25"
"22845","PTOV1-AS1"
"22846","PTOV1"
"22847","AC018766.1"
"22848","PTOV1-AS2"
"22849","PNKP"
"22850","AKT1S1"
"22851","TBC1D17"
"22852","IL4I1"
"22853","NUP62"
"22854","ATF5"
"22855","SIGLEC11"
"22856","VRK3"
"22857","ZNF473"
"22858","AC010624.3"
"22859","AC010624.1"
"22860","AC010624.2"
"22861","AC010624.5"
"22862","IZUMO2"
"22863","MYH14"
"22864","KCNC3"
"22865","NR1H2"
"22866","NAPSA"
"22867","POLD1"
"22868","SPIB"
"22869","MYBPC2"
"22870","FAM71E1"
"22871","EMC10"
"22872","AC020909.3"
"22873","JOSD2"
"22874","ASPDH"
"22875","LRRC4B"
"22876","SYT3"
"22877","C19orf81"
"22878","SHANK1"
"22879","CLEC11A"
"22880","AC010325.1"
"22881","ACP4"
"22882","C19orf48"
"22883","AC011483.1"
"22884","KLK14"
"22885","CTU1"
"22886","SIGLEC9"
"22887","IGLON5"
"22888","VSIG10L"
"22889","AC008750.4"
"22890","ETFB"
"22891","CLDND2"
"22892","AC008750.7"
"22893","ZNF175"
"22894","SIGLEC5"
"22895","SPACA6P-AS"
"22896","SPACA6"
"22897","FPR1"
"22898","FPR3"
"22899","ZNF577"
"22900","ZNF649-AS1"
"22901","ZNF649"
"22902","ZNF613"
"22903","ZNF350-AS1"
"22904","ZNF350"
"22905","ZNF615"
"22906","ZNF614"
"22907","ZNF432"
"22908","AC011468.5"
"22909","AC011468.1"
"22910","ZNF841"
"22911","ZNF616"
"22912","AC011468.3"
"22913","ZNF836"
"22914","AC010320.1"
"22915","PPP2R1A"
"22916","AC010320.2"
"22917","ZNF766"
"22918","AC010320.3"
"22919","ZNF480"
"22920","AC010320.4"
"22921","ZNF610"
"22922","ZNF880"
"22923","ZNF528-AS1"
"22924","ZNF528"
"22925","ZNF534"
"22926","ZNF578"
"22927","AC010332.3"
"22928","ZNF808"
"22929","ZNF701"
"22930","AC022150.1"
"22931","ZNF83"
"22932","AC022150.4"
"22933","ZNF611"
"22934","ZNF600"
"22935","ZNF28"
"22936","ZNF468"
"22937","ZNF320"
"22938","ZNF888"
"22939","ZNF816"
"22940","ZNF160"
"22941","ZNF415"
"22942","ZNF347"
"22943","ZNF665"
"22944","ZNF677"
"22945","AC092070.3"
"22946","ZNF845"
"22947","ZNF525"
"22948","ZNF765"
"22949","AC022137.4"
"22950","ZNF761"
"22951","ZNF813"
"22952","ZNF331"
"22953","NLRP12"
"22954","AC008440.1"
"22955","MYADM"
"22956","PRKCG"
"22957","CACNG7"
"22958","CACNG8"
"22959","VSTM1"
"22960","OSCAR"
"22961","NDUFA3"
"22962","TFPT"
"22963","PRPF31"
"22964","CNOT3"
"22965","LENG1"
"22966","TMC4"
"22967","MBOAT7"
"22968","TSEN34"
"22969","RPS9"
"22970","LILRB3"
"22971","LAIR1"
"22972","TTYH1"
"22973","AC245884.1"
"22974","AC245884.10"
"22975","AC245884.8"
"22976","LENG8-AS1"
"22977","LENG8"
"22978","LENG9"
"22979","CDC42EP5"
"22980","LILRA1"
"22981","FCAR"
"22982","NLRP7"
"22983","NLRP2"
"22984","AC011476.3"
"22985","GP6"
"22986","RDH13"
"22987","EPS8L1"
"22988","PPP1R12C"
"22989","AC010327.8"
"22990","TNNT1"
"22991","DNAAF3"
"22992","AC010327.4"
"22993","SYT5"
"22994","AC010327.7"
"22995","AC010327.5"
"22996","TMEM86B"
"22997","PPP6R1"
"22998","HSPBP1"
"22999","BRSK1"
"23000","TMEM150B"
"23001","AC020922.4"
"23002","KMT5C"
"23003","COX6B2"
"23004","FAM71E2"
"23005","IL11"
"23006","TMEM238"
"23007","RPL28"
"23008","UBE2S"
"23009","SHISA7"
"23010","ISOC2"
"23011","ZNF628"
"23012","NAT14"
"23013","SSC5D"
"23014","ZNF579"
"23015","FIZ1"
"23016","ZNF524"
"23017","ZNF865"
"23018","AC008735.4"
"23019","ZNF784"
"23020","ZNF580"
"23021","ZNF581"
"23022","CCDC106"
"23023","U2AF2"
"23024","AC008735.2"
"23025","AC008735.1"
"23026","EPN1"
"23027","NLRP11"
"23028","NLRP4"
"23029","NLRP13"
"23030","NLRP8"
"23031","NLRP5"
"23032","LINC01864"
"23033","ZNF787"
"23034","ZNF444"
"23035","GALP"
"23036","ZSCAN5A"
"23037","EDDM13"
"23038","AC006116.5"
"23039","AC006116.8"
"23040","AC006116.9"
"23041","ZNF582"
"23042","AC006116.10"
"23043","AC006116.11"
"23044","AC006116.4"
"23045","ZNF582-AS1"
"23046","ZNF583"
"23047","ZNF667"
"23048","ZNF667-AS1"
"23049","ZNF471"
"23050","AC005498.1"
"23051","AC005498.2"
"23052","ZFP28"
"23053","AC005498.3"
"23054","ZNF470"
"23055","ZNF71"
"23056","SMIM17"
"23057","ZNF835"
"23058","AC006115.2"
"23059","ZIM2"
"23060","PEG3"
"23061","MIMT1"
"23062","ZNF264"
"23063","AURKC"
"23064","ZNF805"
"23065","ZNF460-AS1"
"23066","ZNF460"
"23067","AC005261.1"
"23068","ZNF543"
"23069","AC005261.2"
"23070","ZNF304"
"23071","ZNF547"
"23072","TRAPPC2B"
"23073","ZNF548"
"23074","ZNF17"
"23075","ZNF749"
"23076","AC004076.2"
"23077","VN1R1"
"23078","ZNF772"
"23079","AC003005.2"
"23080","ZNF419"
"23081","ZNF773"
"23082","ZNF549"
"23083","ZNF550"
"23084","ZNF416"
"23085","ZIK1"
"23086","ZNF530"
"23087","ZNF134"
"23088","AC003682.1"
"23089","ZNF211"
"23090","ZNF551"
"23091","ZNF154"
"23092","ZNF671"
"23093","ZNF776"
"23094","ZNF586"
"23095","ZNF552"
"23096","ZNF587B"
"23097","ZNF814"
"23098","ZNF587"
"23099","AC010326.3"
"23100","ZNF417"
"23101","ZNF418"
"23102","ZNF256"
"23103","C19orf18"
"23104","ZNF606"
"23105","AC008969.1"
"23106","AC008969.2"
"23107","ZSCAN1"
"23108","ZNF135"
"23109","ZSCAN18"
"23110","ZNF329"
"23111","AC008751.3"
"23112","ZNF274"
"23113","ZNF544"
"23114","AC020915.2"
"23115","AC020915.1"
"23116","ZNF8"
"23117","ERVK3-1"
"23118","AC010642.2"
"23119","ZSCAN22"
"23120","A1BG"
"23121","A1BG-AS1"
"23122","ZNF497"
"23123","AC012313.6"
"23124","ZNF837"
"23125","RPS5"
"23126","ZNF584"
"23127","AC012313.1"
"23128","AC012313.5"
"23129","ZNF132"
"23130","AC012313.8"
"23131","ZNF324B"
"23132","ZNF324"
"23133","ZNF446"
"23134","SLC27A5"
"23135","ZBTB45"
"23136","TRIM28"
"23137","CHMP2A"
"23138","UBE2M"
"23139","MZF1-AS1"
"23140","MZF1"
"23141","AC016629.2"
"23142","C20orf96"
"23143","ZCCHC3"
"23144","AL034548.2"
"23145","NRSN2-AS1"
"23146","SOX12"
"23147","NRSN2"
"23148","TRIB3"
"23149","RBCK1"
"23150","TBC1D20"
"23151","CSNK2A1"
"23152","SRXN1"
"23153","SCRT2"
"23154","SLC52A3"
"23155","FAM110A"
"23156","RSPO4"
"23157","AL110114.1"
"23158","PSMF1"
"23159","TMEM74B"
"23160","RAD21L1"
"23161","SNPH"
"23162","SDCBP2"
"23163","SDCBP2-AS1"
"23164","AL136531.1"
"23165","FKBP1A"
"23166","NSFL1C"
"23167","AL109809.5"
"23168","AL117335.1"
"23169","SIRPA"
"23170","PDYN-AS1"
"23171","PDYN"
"23172","STK35"
"23173","AL121899.3"
"23174","AL121899.1"
"23175","TGM6"
"23176","SNRPB"
"23177","ZNF343"
"23178","TMC2"
"23179","NOP56"
"23180","IDH3B"
"23181","AL049712.1"
"23182","EBF4"
"23183","CPXM1"
"23184","PCED1A"
"23185","VPS16"
"23186","PTPRA"
"23187","MRPS26"
"23188","UBOX5-AS1"
"23189","UBOX5"
"23190","FASTKD5"
"23191","LZTS3"
"23192","DDRGK1"
"23193","ITPA"
"23194","C20orf194"
"23195","ATRN"
"23196","ADAM33"
"23197","HSPA12B"
"23198","C20orf27"
"23199","CENPB"
"23200","CDC25B"
"23201","LINC01730"
"23202","AP5S1"
"23203","MAVS"
"23204","AL353194.1"
"23205","PANK2"
"23206","AL031670.1"
"23207","RNF24"
"23208","SMOX"
"23209","LINC01433"
"23210","ADRA1D"
"23211","AL121781.1"
"23212","PRNP"
"23213","RASSF2"
"23214","SLC23A2"
"23215","AL121890.3"
"23216","AL121890.5"
"23217","AL121890.4"
"23218","TMEM230"
"23219","PCNA"
"23220","CDS2"
"23221","PROKR2"
"23222","AL121757.2"
"23223","LINC00658"
"23224","AL121757.1"
"23225","LINC00654"
"23226","AL109935.1"
"23227","GPCPD1"
"23228","SHLD1"
"23229","CHGB"
"23230","TRMT6"
"23231","MCM8"
"23232","MCM8-AS1"
"23233","AL035461.2"
"23234","CRLS1"
"23235","LRRN4"
"23236","FERMT1"
"23237","CASC20"
"23238","LINC01713"
"23239","BMP2"
"23240","AL096799.1"
"23241","LINC01428"
"23242","TMX4"
"23243","AL021396.1"
"23244","PLCB1"
"23245","PLCB4"
"23246","LAMP5"
"23247","PAK5"
"23248","AL353612.2"
"23249","AL353612.1"
"23250","AL034427.1"
"23251","ANKEF1"
"23252","SNAP25-AS1"
"23253","AL354824.1"
"23254","SNAP25"
"23255","MKKS"
"23256","SLX4IP"
"23257","JAG1"
"23258","AL050403.2"
"23259","LINC00687"
"23260","BTBD3"
"23261","AL035448.1"
"23262","AL109838.1"
"23263","LINC01722"
"23264","AL133331.1"
"23265","LINC01723"
"23266","SPTLC3"
"23267","ISM1"
"23268","AL121782.1"
"23269","TASP1"
"23270","ESF1"
"23271","NDUFAF5"
"23272","SEL1L2"
"23273","MACROD2"
"23274","FLRT3"
"23275","AL121582.1"
"23276","MACROD2-IT1"
"23277","MACROD2-AS1"
"23278","AL138808.1"
"23279","AL121584.1"
"23280","AL079338.1"
"23281","AL161941.1"
"23282","KIF16B"
"23283","AL049794.1"
"23284","AL034428.1"
"23285","SNRPB2"
"23286","OTOR"
"23287","PCSK2"
"23288","BFSP1"
"23289","DSTN"
"23290","RRBP1"
"23291","SNX5"
"23292","OVOL2"
"23293","MGME1"
"23294","PET117"
"23295","KAT14"
"23296","ZNF133"
"23297","AL049646.1"
"23298","DZANK1"
"23299","POLR3F"
"23300","RBBP9"
"23301","SEC23B"
"23302","SMIM26"
"23303","DTD1"
"23304","AL121900.1"
"23305","LINC00652"
"23306","LINC00653"
"23307","C20orf78"
"23308","AL135936.1"
"23309","AL136090.2"
"23310","SLC24A3"
"23311","AL049647.1"
"23312","AL121830.1"
"23313","RIN2"
"23314","NAA20"
"23315","CRNKL1"
"23316","CFAP61"
"23317","INSM1"
"23318","RALGAPA2"
"23319","LINC00237"
"23320","KIZ"
"23321","AL121759.1"
"23322","KIZ-AS1"
"23323","AL117332.1"
"23324","XRN2"
"23325","AL133325.3"
"23326","NKX2-2"
"23327","LINC01727"
"23328","LINC01427"
"23329","NXT1"
"23330","LINC01431"
"23331","GZF1"
"23332","NAPB"
"23333","CST3"
"23334","LINC01721"
"23335","SYNDIG1"
"23336","AL157413.1"
"23337","CST7"
"23338","APMAP"
"23339","AL035661.2"
"23340","ACSS1"
"23341","AL035252.2"
"23342","ENTPD6"
"23343","AL035252.3"
"23344","AL121772.1"
"23345","PYGB"
"23346","AL121772.3"
"23347","ABHD12"
"23348","GINS1"
"23349","NINL"
"23350","NANP"
"23351","ZNF337-AS1"
"23352","ZNF337"
"23353","AL390198.1"
"23354","FAM182B"
"23355","FAM182A"
"23356","AL078587.1"
"23357","AL078587.2"
"23358","MIR663AHG"
"23359","LINC01597"
"23360","FAM242A"
"23361","HM13"
"23362","HM13-IT1"
"23363","HM13-AS1"
"23364","ID1"
"23365","COX4I2"
"23366","BCL2L1"
"23367","AL117381.1"
"23368","ABALON"
"23369","TPX2"
"23370","MYLK2"
"23371","DUSP15"
"23372","TTLL9"
"23373","PDRG1"
"23374","XKR7"
"23375","AL031658.2"
"23376","AL031658.1"
"23377","CCM2L"
"23378","HCK"
"23379","TM9SF4"
"23380","PLAGL2"
"23381","POFUT1"
"23382","AL121897.1"
"23383","KIF3B"
"23384","AL121583.1"
"23385","ASXL1"
"23386","NOL4L"
"23387","AL034550.1"
"23388","AL034550.3"
"23389","AL034550.2"
"23390","AL133343.2"
"23391","NOL4L-DT"
"23392","C20orf203"
"23393","COMMD7"
"23394","DNMT3B"
"23395","MAPRE1"
"23396","AL035071.2"
"23397","AL035071.1"
"23398","EFCAB8"
"23399","BPIFB1"
"23400","CDK5RAP1"
"23401","SNTA1"
"23402","CBFA2T2"
"23403","AL121906.2"
"23404","NECAB3"
"23405","C20orf144"
"23406","E2F1"
"23407","PXMP4"
"23408","ZNF341"
"23409","ZNF341-AS1"
"23410","CHMP4B"
"23411","RALY-AS1"
"23412","RALY"
"23413","AL031668.1"
"23414","EIF2S2"
"23415","AL031668.2"
"23416","ASIP"
"23417","AL035458.2"
"23418","AHCY"
"23419","ITCH"
"23420","ITCH-AS1"
"23421","DYNLRB1"
"23422","MAP1LC3A"
"23423","PIGU"
"23424","NCOA6"
"23425","TP53INP2"
"23426","AL109824.1"
"23427","GGT7"
"23428","ACSS2"
"23429","GSS"
"23430","MYH7B"
"23431","TRPC4AP"
"23432","EDEM2"
"23433","PROCR"
"23434","MMP24OS"
"23435","MMP24"
"23436","EIF6"
"23437","FAM83C-AS1"
"23438","UQCC1"
"23439","GDF5"
"23440","CEP250"
"23441","FO393401.1"
"23442","ERGIC3"
"23443","CPNE1"
"23444","RBM12"
"23445","NFS1"
"23446","ROMO1"
"23447","RBM39"
"23448","PHF20"
"23449","SCAND1"
"23450","CNBD2"
"23451","NORAD"
"23452","AL035420.1"
"23453","EPB41L1"
"23454","AL121895.1"
"23455","AL121895.2"
"23456","AAR2"
"23457","DLGAP4"
"23458","DLGAP4-AS1"
"23459","MYL9"
"23460","TGIF2"
"23461","RAB5IF"
"23462","SLA2"
"23463","NDRG3"
"23464","DSN1"
"23465","SOGA1"
"23466","TLDC2"
"23467","SAMHD1"
"23468","RBL1"
"23469","MROH8"
"23470","RPN2"
"23471","GHRH"
"23472","MANBAL"
"23473","AL034422.1"
"23474","SRC"
"23475","BLCAP"
"23476","NNAT"
"23477","AL109614.1"
"23478","LINC01746"
"23479","AL162293.1"
"23480","CTNNBL1"
"23481","VSTM2L"
"23482","TTI1"
"23483","RPRD1B"
"23484","TGM2"
"23485","KIAA1755"
"23486","AL031651.2"
"23487","AL359555.4"
"23488","AL359555.1"
"23489","BPI"
"23490","LBP"
"23491","AL391095.1"
"23492","AL391095.3"
"23493","SNHG17"
"23494","SNHG11"
"23495","RALGAPB"
"23496","ARHGAP40"
"23497","SLC32A1"
"23498","ACTR5"
"23499","PPP1R16B"
"23500","FAM83D"
"23501","AL023803.2"
"23502","AL023803.1"
"23503","DHX35"
"23504","AL023803.3"
"23505","AL118523.1"
"23506","MAFB"
"23507","TOP1"
"23508","PLCG1-AS1"
"23509","PLCG1"
"23510","ZHX3"
"23511","LPIN3"
"23512","EMILIN3"
"23513","CHD6"
"23514","AL031667.3"
"23515","AL049812.2"
"23516","AL049812.3"
"23517","PTPRT"
"23518","AL031676.1"
"23519","AL021395.1"
"23520","SRSF6"
"23521","L3MBTL1"
"23522","Z98752.1"
"23523","SGK2"
"23524","Z98752.4"
"23525","IFT52"
"23526","MYBL2"
"23527","TOX2"
"23528","JPH2"
"23529","OSER1"
"23530","OSER1-DT"
"23531","GDAP1L1"
"23532","FITM2"
"23533","R3HDML"
"23534","TTPAL"
"23535","SERINC3"
"23536","PKIG"
"23537","ADA"
"23538","KCNK15-AS1"
"23539","CCN5"
"23540","RIMS4"
"23541","AL008725.1"
"23542","YWHAB"
"23543","PABPC1L"
"23544","TOMM34"
"23545","STK4"
"23546","MATN4"
"23547","SDC4"
"23548","SYS1"
"23549","TP53TG5"
"23550","DBNDD2"
"23551","PIGT"
"23552","AL031663.3"
"23553","WFDC2"
"23554","WFDC8"
"23555","WFDC10B"
"23556","WFDC3"
"23557","DNTTIP1"
"23558","UBE2C"
"23559","TNNC2"
"23560","SNX21"
"23561","ACOT8"
"23562","ZSWIM3"
"23563","ZSWIM1"
"23564","SPATA25"
"23565","NEURL2"
"23566","CTSA"
"23567","PLTP"
"23568","AL162458.1"
"23569","PCIF1"
"23570","ZNF335"
"23571","MMP9"
"23572","SLC12A5-AS1"
"23573","SLC12A5"
"23574","NCOA5"
"23575","CD40"
"23576","CDH22"
"23577","SLC35C2"
"23578","AL133227.1"
"23579","ELMO2"
"23580","ZNF334"
"23581","SLC13A3"
"23582","AL133520.1"
"23583","TP53RK"
"23584","AL031055.1"
"23585","SLC2A10"
"23586","EYA2"
"23587","ZMYND8"
"23588","AL031666.2"
"23589","AL031666.3"
"23590","AL031666.1"
"23591","LINC01754"
"23592","NCOA3"
"23593","SULF2"
"23594","AL354813.1"
"23595","AL139351.3"
"23596","AL121888.1"
"23597","PREX1"
"23598","AL035106.1"
"23599","AL133342.1"
"23600","ARFGEF2"
"23601","CSE1L"
"23602","STAU1"
"23603","DDX27"
"23604","ZNFX1"
"23605","ZFAS1"
"23606","KCNB1"
"23607","PTGIS"
"23608","B4GALT5"
"23609","SLC9A8"
"23610","SPATA2"
"23611","RNF114"
"23612","SNAI1"
"23613","UBE2V1"
"23614","TMEM189"
"23615","CEBPB"
"23616","SMIM25"
"23617","PTPN1"
"23618","AL133230.1"
"23619","RIPOR3"
"23620","PARD6B"
"23621","BCAS4"
"23622","ADNP"
"23623","ADNP-AS1"
"23624","DPM1"
"23625","MOCS3"
"23626","AL050404.1"
"23627","KCNG1"
"23628","NFATC2"
"23629","ATP9A"
"23630","SALL4"
"23631","LINC01429"
"23632","ZFP64"
"23633","AL109984.1"
"23634","LINC01524"
"23635","TSHZ2"
"23636","AL391097.3"
"23637","AL391097.1"
"23638","AL391097.2"
"23639","AL109930.1"
"23640","AL354993.2"
"23641","AL157838.1"
"23642","ZNF217"
"23643","AC005808.1"
"23644","AC005914.1"
"23645","AC006076.1"
"23646","BCAS1"
"23647","AC005220.1"
"23648","PFDN4"
"23649","AL133335.1"
"23650","DOK5"
"23651","LINC01440"
"23652","AL109829.1"
"23653","CBLN4"
"23654","FAM210B"
"23655","AURKA"
"23656","CSTF1"
"23657","CASS4"
"23658","RTF2"
"23659","GCNT7"
"23660","FAM209A"
"23661","AL109806.2"
"23662","TFAP2C"
"23663","BMP7"
"23664","RAE1"
"23665","MTRNR2L3"
"23666","AL109955.1"
"23667","RBM38"
"23668","PCK1"
"23669","ZBP1"
"23670","PMEPA1"
"23671","NKILA"
"23672","RAB22A"
"23673","VAPB"
"23674","APCDD1L"
"23675","APCDD1L-DT"
"23676","STX16"
"23677","NPEPL1"
"23678","AL132655.2"
"23679","GNAS-AS1"
"23680","GNAS"
"23681","AL121917.1"
"23682","AL109840.2"
"23683","NELFCD"
"23684","CTSZ"
"23685","TUBB1"
"23686","ATP5F1E"
"23687","PRELID3B"
"23688","ZNF831"
"23689","PHACTR3"
"23690","AL121908.1"
"23691","SYCP2"
"23692","FAM217B"
"23693","PPP1R3D"
"23694","CDH26"
"23695","C20orf197"
"23696","MIR646HG"
"23697","CDH4"
"23698","AL365229.1"
"23699","BX640515.1"
"23700","AL160412.1"
"23701","AL162457.1"
"23702","AL162457.2"
"23703","TAF4"
"23704","AL137077.2"
"23705","LSM14B"
"23706","PSMA7"
"23707","SS18L1"
"23708","MTG2"
"23709","OSBPL2"
"23710","ADRM1"
"23711","AL354836.1"
"23712","LAMA5"
"23713","AL121832.2"
"23714","RPS21"
"23715","CABLES2"
"23716","SLCO4A1"
"23717","NTSR1"
"23718","AL357033.2"
"23719","MRGBP"
"23720","OGFR"
"23721","COL9A3"
"23722","TCFL5"
"23723","DIDO1"
"23724","AL117379.1"
"23725","GID8"
"23726","LINC01749"
"23727","HAR1A"
"23728","AL096828.1"
"23729","YTHDF1"
"23730","NKAIN4"
"23731","AL121827.2"
"23732","ARFGAP1"
"23733","COL20A1"
"23734","CHRNA4"
"23735","AL121827.1"
"23736","KCNQ2"
"23737","AL353658.2"
"23738","AL353658.1"
"23739","EEF1A2"
"23740","PPDPF"
"23741","PTK6"
"23742","FNDC11"
"23743","HELZ2"
"23744","GMEB2"
"23745","MHENCR"
"23746","STMN3"
"23747","RTEL1"
"23748","TNFRSF6B"
"23749","ARFRP1"
"23750","ZGPAT"
"23751","AL121845.4"
"23752","LIME1"
"23753","SLC2A4RG"
"23754","ZBTB46"
"23755","AL121845.1"
"23756","ZBTB46-AS1"
"23757","AL118506.1"
"23758","TPD52L2"
"23759","DNAJC5"
"23760","UCKL1"
"23761","UCKL1-AS1"
"23762","ZNF512B"
"23763","SAMD10"
"23764","PRPF6"
"23765","C20orf204"
"23766","TCEA2"
"23767","RGS19"
"23768","OPRL1"
"23769","LKAAEAR1"
"23770","MYT1"
"23771","PCMTD2"
"23772","LINC00266-1"
"23773","GATD3B"
"23774","FP565260.1"
"23775","FP565260.6"
"23776","AC079801.1"
"23777","CU633967.1"
"23778","FP236315.1"
"23779","SIK1B"
"23780","CU633906.5"
"23781","CU633906.2"
"23782","U2AF1L5"
"23783","CU638689.4"
"23784","CU638689.5"
"23785","CU634019.5"
"23786","SMIM11B"
"23787","FAM243B"
"23788","SMIM34B"
"23789","KCNE1B"
"23790","FP671120.4"
"23791","FP236383.3"
"23792","FP236383.4"
"23793","FP236383.5"
"23794","CR381670.2"
"23795","CR381653.1"
"23796","AC124864.3"
"23797","CR382287.2"
"23798","TPTE"
"23799","AP001347.1"
"23800","LIPI"
"23801","RBM11"
"23802","HSPA13"
"23803","SAMSN1"
"23804","AF127936.2"
"23805","AF127936.1"
"23806","LINC02246"
"23807","AF127577.3"
"23808","NRIP1"
"23809","AF127577.1"
"23810","AF127577.2"
"23811","AJ009632.2"
"23812","USP25"
"23813","MIR99AHG"
"23814","AP001172.1"
"23815","AP001172.2"
"23816","AP000962.3"
"23817","AP000962.1"
"23818","AF130359.1"
"23819","AF212831.1"
"23820","CXADR"
"23821","BTG3"
"23822","BTG3-AS1"
"23823","C21orf91-OT1"
"23824","C21orf91"
"23825","AL109761.1"
"23826","CHODL-AS1"
"23827","CHODL"
"23828","AF130417.1"
"23829","TMPRSS15"
"23830","MIR548XHG"
"23831","LINC00320"
"23832","NCAM2"
"23833","AP001136.1"
"23834","AP000561.1"
"23835","AP001255.1"
"23836","AP000459.2"
"23837","AP000477.3"
"23838","AP000470.1"
"23839","LINC01684"
"23840","LINC01692"
"23841","AP000146.1"
"23842","AP001341.1"
"23843","LINC00158"
"23844","AP000221.1"
"23845","MIR155HG"
"23846","AP000223.1"
"23847","MRPL39"
"23848","JAM2"
"23849","AP000224.1"
"23850","ATP5PF"
"23851","GABPA"
"23852","APP"
"23853","AP001442.1"
"23854","AP001439.1"
"23855","AP000229.1"
"23856","AP001596.1"
"23857","CYYR1-AS1"
"23858","CYYR1"
"23859","ADAMTS1"
"23860","AP001599.1"
"23861","ADAMTS5"
"23862","AP001605.1"
"23863","LINC01673"
"23864","AJ006995.1"
"23865","LINC00314"
"23866","LINC01697"
"23867","LINC01695"
"23868","AF165147.1"
"23869","N6AMT1"
"23870","LTN1"
"23871","RWDD2B"
"23872","AF129075.2"
"23873","USP16"
"23874","CCT8"
"23875","AF129075.1"
"23876","AF129075.3"
"23877","MAP3K7CL"
"23878","BACH1"
"23879","BACH1-IT1"
"23880","AP000240.1"
"23881","BACH1-AS1"
"23882","BACH1-IT2"
"23883","GRIK1"
"23884","AP000238.1"
"23885","GRIK1-AS1"
"23886","TIAM1"
"23887","AP000248.1"
"23888","AP000251.1"
"23889","AP000253.1"
"23890","SOD1"
"23891","AP000254.2"
"23892","SCAF4"
"23893","AP000255.1"
"23894","HUNK"
"23895","LINC00159"
"23896","AP000265.1"
"23897","MIS18A"
"23898","MIS18A-AS1"
"23899","MRAP"
"23900","URB1"
"23901","URB1-AS1"
"23902","EVA1C"
"23903","TCP10L"
"23904","CFAP298"
"23905","SYNJ1"
"23906","PAXBP1-AS1"
"23907","PAXBP1"
"23908","C21orf62-AS1"
"23909","C21orf62"
"23910","AP000281.2"
"23911","AP000282.1"
"23912","OLIG2"
"23913","OLIG1"
"23914","IFNAR2"
"23915","IL10RB-DT"
"23916","IL10RB"
"23917","IFNAR1"
"23918","IFNGR2"
"23919","TMEM50B"
"23920","DNAJC28"
"23921","GART"
"23922","SON"
"23923","DONSON"
"23924","CRYZL1"
"23925","ITSN1"
"23926","ATP5PO"
"23927","LINC00649"
"23928","MRPS6"
"23929","SLC5A3"
"23930","LINC00310"
"23931","AP000317.1"
"23932","AP000320.1"
"23933","KCNE2"
"23934","SMIM11A"
"23935","AP000322.1"
"23936","KCNE1"
"23937","RCAN1"
"23938","LINC01426"
"23939","RUNX1"
"23940","AP000331.1"
"23941","LINC01436"
"23942","SETD4"
"23943","AP000688.4"
"23944","AP000688.1"
"23945","CBR1"
"23946","CBR3-AS1"
"23947","CBR3"
"23948","DOP1B"
"23949","AP000692.2"
"23950","MORC3"
"23951","AP000692.1"
"23952","CHAF1B"
"23953","AP000695.2"
"23954","CLDN14"
"23955","SIM2"
"23956","HLCS"
"23957","HLCS-IT1"
"23958","AP000704.1"
"23959","PIGP"
"23960","TTC3"
"23961","AP001429.1"
"23962","TTC3-AS1"
"23963","DSCR9"
"23964","AP001432.1"
"23965","VPS26C"
"23966","AP001412.1"
"23967","AP001437.1"
"23968","DYRK1A"
"23969","AP001407.1"
"23970","KCNJ6"
"23971","KCNJ15"
"23972","ERG"
"23973","ETS2"
"23974","AP001042.1"
"23975","AF064858.1"
"23976","PSMG1"
"23977","BRWD1"
"23978","AF129408.1"
"23979","BRWD1-AS2"
"23980","BRWD1-AS1"
"23981","HMGN1"
"23982","GET1"
"23983","LCA5L"
"23984","SH3BGR"
"23985","B3GALT5"
"23986","B3GALT5-AS1"
"23987","AF064860.1"
"23988","IGSF5"
"23989","PCP4"
"23990","DSCAM"
"23991","DSCAM-AS1"
"23992","DSCAM-IT1"
"23993","AF064866.1"
"23994","AL773573.1"
"23995","LINC00323"
"23996","BACE2"
"23997","PLAC4"
"23998","FAM3B"
"23999","MX2"
"24000","MX1"
"24001","TMPRSS2"
"24002","LINC00111"
"24003","PRDM15"
"24004","C2CD2"
"24005","ZBTB21"
"24006","ZNF295-AS1"
"24007","UMODL1"
"24008","ABCG1"
"24009","RSPH1"
"24010","SLC37A1"
"24011","AP001625.2"
"24012","AP001626.1"
"24013","PDE9A"
"24014","AP001627.1"
"24015","LINC01668"
"24016","AP001628.1"
"24017","WDR4"
"24018","NDUFV3"
"24019","ERVH48-1"
"24020","PKNOX1"
"24021","CBS"
"24022","U2AF1"
"24023","AP001631.2"
"24024","HSF2BP"
"24025","RRP1B"
"24026","PDXK"
"24027","CSTB"
"24028","RRP1"
"24029","AATBC"
"24030","AGPAT3"
"24031","TRAPPC10"
"24032","PWP2"
"24033","GATD3A"
"24034","ICOSLG"
"24035","PFKL"
"24036","CFAP410"
"24037","AP001062.1"
"24038","AP001062.2"
"24039","TRPM2"
"24040","LRRC3-DT"
"24041","LRRC3"
"24042","AP001065.3"
"24043","LINC02575"
"24044","TSPEAR"
"24045","TSPEAR-AS1"
"24046","TSPEAR-AS2"
"24047","UBE2G2"
"24048","LINC01424"
"24049","SUMO3"
"24050","PTTG1IP"
"24051","ITGB2"
"24052","ITGB2-AS1"
"24053","LINC01547"
"24054","FAM207A"
"24055","AP001505.1"
"24056","ADARB1"
"24057","LINC00334"
"24058","POFUT2"
"24059","LINC00205"
"24060","COL18A1"
"24061","SLC19A1"
"24062","AL133493.1"
"24063","PCBP3"
"24064","AL133492.1"
"24065","AL592528.1"
"24066","AJ011931.2"
"24067","AJ011932.1"
"24068","COL6A1"
"24069","COL6A2"
"24070","FTCD"
"24071","SPATC1L"
"24072","AP001468.1"
"24073","LSS"
"24074","AP001469.1"
"24075","MCM3AP-AS1"
"24076","MCM3AP"
"24077","AP001469.3"
"24078","YBEY"
"24079","C21orf58"
"24080","PCNT"
"24081","DIP2A"
"24082","DIP2A-IT1"
"24083","S100B"
"24084","PRMT2"
"24085","AP000547.3"
"24086","AC006946.2"
"24087","IL17RA"
"24088","TMEM121B"
"24089","LINC01664"
"24090","HDHD5"
"24091","HDHD5-AS1"
"24092","ADA2"
"24093","CECR3"
"24094","CECR2"
"24095","AC007666.2"
"24096","SLC25A18"
"24097","AC007666.1"
"24098","ATP6V1E1"
"24099","BCL2L13"
"24100","BID"
"24101","MICAL3"
"24102","AC016026.2"
"24103","AC016027.2"
"24104","AC016027.1"
"24105","PEX26"
"24106","TUBA8"
"24107","AC008079.1"
"24108","USP18"
"24109","FAM230A"
"24110","GGTLC3"
"24111","TMEM191B"
"24112","DGCR6"
"24113","AC007326.5"
"24114","DGCR9"
"24115","DGCR10"
"24116","DGCR2"
"24117","DGCR11"
"24118","AC004461.2"
"24119","AC004471.1"
"24120","ESS2"
"24121","LINC01311"
"24122","SLC25A1"
"24123","CLTCL1"
"24124","AC000072.1"
"24125","AC000085.1"
"24126","HIRA"
"24127","C22orf39"
"24128","MRPL40"
"24129","AC000068.1"
"24130","UFD1"
"24131","AC000068.3"
"24132","AC000068.2"
"24133","CDC45"
"24134","AC000082.1"
"24135","CLDN5"
"24136","SEPTIN5"
"24137","GP1BB"
"24138","TBX1"
"24139","GNB1L"
"24140","RTL10"
"24141","TXNRD2"
"24142","COMT"
"24143","ARVCF"
"24144","TANGO2"
"24145","AC006547.1"
"24146","AC006547.3"
"24147","DGCR8"
"24148","AC006547.2"
"24149","TRMT2A"
"24150","RANBP1"
"24151","ZDHHC8"
"24152","RTN4R"
"24153","DGCR6L"
"24154","AC007663.4"
"24155","ZNF74"
"24156","SCARF2"
"24157","KLHL22"
"24158","MED15"
"24159","AC007731.3"
"24160","PI4KA"
"24161","SERPIND1"
"24162","SNAP29"
"24163","CRKL"
"24164","LINC01637"
"24165","AC002470.1"
"24166","LZTR1"
"24167","THAP7"
"24168","THAP7-AS1"
"24169","P2RX6"
"24170","AC002472.1"
"24171","LRRC74B"
"24172","AP000550.1"
"24173","GGT2"
"24174","HIC2"
"24175","TMEM191C"
"24176","UBE2L3"
"24177","YDJC"
"24178","SDF2L1"
"24179","AP000553.2"
"24180","PPIL2"
"24181","YPEL1"
"24182","AP000553.9"
"24183","MAPK1"
"24184","PPM1F"
"24185","AC245452.1"
"24186","TOP3B"
"24187","IGLV10-54"
"24188","AC245060.6"
"24189","AC245060.5"
"24190","AC245060.2"
"24191","IGLV5-52"
"24192","ZNF280B"
"24193","RSPH14"
"24194","GNAZ"
"24195","RAB36"
"24196","BCR"
"24197","LINC01659"
"24198","FAM230I"
"24199","AP000345.1"
"24200","IGLL1"
"24201","AP000345.2"
"24202","DRICH1"
"24203","RGL4"
"24204","ZNF70"
"24205","C22orf15"
"24206","CHCHD10"
"24207","MMP11"
"24208","SMARCB1"
"24209","DERL3"
"24210","AP000350.5"
"24211","SLC2A11"
"24212","AP000350.7"
"24213","MIF"
"24214","MIF-AS1"
"24215","AP000350.6"
"24216","GSTT2B"
"24217","DDTL"
"24218","AC253536.6"
"24219","DDT"
"24220","CABIN1"
"24221","AC253536.3"
"24222","GGT5"
"24223","SPECC1L"
"24224","ADORA2A"
"24225","ADORA2A-AS1"
"24226","UPB1"
"24227","GUCD1"
"24228","SNRPD3"
"24229","GGT1"
"24230","LRRC75B"
"24231","AP000356.2"
"24232","PIWIL3"
"24233","SGSM1"
"24234","TMEM211"
"24235","KIAA1671"
"24236","AL022323.3"
"24237","AL022323.4"
"24238","AL022323.1"
"24239","CRYBB2"
"24240","LRP5L"
"24241","AL022324.3"
"24242","AL008721.2"
"24243","AL022329.1"
"24244","GRK3"
"24245","AL022329.2"
"24246","MYO18B"
"24247","Z98949.1"
"24248","Z98949.3"
"24249","AL022337.1"
"24250","SEZ6L"
"24251","AL080273.1"
"24252","ASPHD2"
"24253","HPS4"
"24254","SRRD"
"24255","TFIP11"
"24256","Z95115.1"
"24257","TPST2"
"24258","MIAT"
"24259","Z99774.1"
"24260","MIATNB"
"24261","LINC01422"
"24262","Z97353.2"
"24263","AL008638.3"
"24264","AL008638.5"
"24265","AL008638.2"
"24266","AL008638.1"
"24267","LINC01638"
"24268","AL020994.3"
"24269","AL020994.1"
"24270","LINC02554"
"24271","AL020994.2"
"24272","AL121885.2"
"24273","MN1"
"24274","PITPNB"
"24275","TTC28-AS1"
"24276","TTC28"
"24277","CHEK2"
"24278","HSCB"
"24279","CCDC117"
"24280","XBP1"
"24281","Z93930.2"
"24282","ZNRF3"
"24283","ZNRF3-AS1"
"24284","KREMEN1"
"24285","AL021393.1"
"24286","EMID1"
"24287","RHBDD3"
"24288","AL031186.1"
"24289","EWSR1"
"24290","GAS2L1"
"24291","RASL10A"
"24292","AP1B1"
"24293","RFPL1S"
"24294","RFPL1"
"24295","NEFH"
"24296","THOC5"
"24297","NIPSNAP1"
"24298","NF2"
"24299","AC004882.1"
"24300","CABP7"
"24301","ZMAT5"
"24302","UQCR10"
"24303","ASCC2"
"24304","MTMR3"
"24305","AC003681.1"
"24306","HORMAD2-AS1"
"24307","HORMAD2"
"24308","LIF"
"24309","CASTOR1"
"24310","TBC1D10A"
"24311","SF3A1"
"24312","CCDC157"
"24313","RNF215"
"24314","SEC14L2"
"24315","AC004832.5"
"24316","MTFP1"
"24317","SEC14L4"
"24318","SEC14L6"
"24319","GAL3ST1"
"24320","PES1"
"24321","AC005006.1"
"24322","TCN2"
"24323","SLC35E4"
"24324","DUSP18"
"24325","OSBP2"
"24326","MORC2-AS1"
"24327","MORC2"
"24328","TUG1"
"24329","AC004542.2"
"24330","AC004542.1"
"24331","AC005005.4"
"24332","SMTN"
"24333","SELENOM"
"24334","INPP5J"
"24335","RNF185"
"24336","LIMK2"
"24337","PIK3IP1"
"24338","PIK3IP1-AS1"
"24339","PATZ1"
"24340","LINC01521"
"24341","DRG1"
"24342","EIF4ENIF1"
"24343","AL096701.3"
"24344","SFI1"
"24345","AL096701.4"
"24346","PISD"
"24347","PRR14L"
"24348","DEPDC5"
"24349","C22orf24"
"24350","YWHAH"
"24351","LINC02558"
"24352","RFPL2"
"24353","SLC5A4-AS1"
"24354","SLC5A4"
"24355","AL008723.2"
"24356","RFPL3"
"24357","RFPL3S"
"24358","IGLVIVOR22-2"
"24359","AL021937.4"
"24360","RTCB"
"24361","BPIFC"
"24362","FBXO7"
"24363","SYN3"
"24364","Z73495.1"
"24365","TIMP3"
"24366","LINC01640"
"24367","LARGE1"
"24368","Z82173.1"
"24369","LARGE-AS1"
"24370","LINC01643"
"24371","Z68323.1"
"24372","Z82196.2"
"24373","AL024495.1"
"24374","HMGXB4"
"24375","AL008635.1"
"24376","TOM1"
"24377","HMOX1"
"24378","MCM5"
"24379","RASD2"
"24380","RBFOX2"
"24381","Z82217.1"
"24382","Z95114.4"
"24383","Z95114.1"
"24384","Z95114.2"
"24385","APOL4"
"24386","APOL2"
"24387","MYH9"
"24388","Z82215.1"
"24389","FO393418.1"
"24390","AL022313.2"
"24391","TXN2"
"24392","FOXRED2"
"24393","EIF3D"
"24394","AL022313.4"
"24395","CACNG2"
"24396","AL049749.1"
"24397","IFT27"
"24398","Z80897.1"
"24399","TST"
"24400","MPST"
"24401","Z73420.1"
"24402","KCTD17"
"24403","TMPRSS6"
"24404","C1QTNF6"
"24405","CYTH4"
"24406","FP325335.1"
"24407","Z94160.1"
"24408","ELFN2"
"24409","MFNG"
"24410","CARD10"
"24411","CDC42EP1"
"24412","LGALS2"
"24413","GGA1"
"24414","SH3BP1"
"24415","Z83844.2"
"24416","PDXP"
"24417","LGALS1"
"24418","NOL12"
"24419","TRIOBP"
"24420","H1F0"
"24421","GCAT"
"24422","ANKRD54"
"24423","EIF3L"
"24424","AL022311.1"
"24425","MICALL1"
"24426","C22orf23"
"24427","AL031587.3"
"24428","POLR2F"
"24429","SOX10"
"24430","AL031587.1"
"24431","PICK1"
"24432","AL031587.2"
"24433","SLC16A8"
"24434","BAIAP2L2"
"24435","AL022322.1"
"24436","PLA2G6"
"24437","AL022322.2"
"24438","MAFF"
"24439","TMEM184B"
"24440","AL020993.1"
"24441","CSNK1E"
"24442","Z98749.1"
"24443","Z97056.1"
"24444","KCNJ4"
"24445","KDELR3"
"24446","DDX17"
"24447","DMC1"
"24448","FAM227A"
"24449","CBY1"
"24450","AL021707.4"
"24451","AL021707.2"
"24452","AL021707.9"
"24453","TOMM22"
"24454","JOSD1"
"24455","GTPBP1"
"24456","AL021707.5"
"24457","SUN2"
"24458","AL021707.3"
"24459","AL021707.8"
"24460","AL021707.1"
"24461","DNAL4"
"24462","NPTXR"
"24463","CBX6"
"24464","AL022318.5"
"24465","AL022318.1"
"24466","APOBEC3A"
"24467","APOBEC3F"
"24468","APOBEC3G"
"24469","APOBEC3H"
"24470","CBX7"
"24471","AL031846.2"
"24472","PDGFB"
"24473","AL031590.1"
"24474","RPL3"
"24475","SYNGR1"
"24476","TAB1"
"24477","MGAT3"
"24478","MIEF1"
"24479","ATF4"
"24480","RPS19BP1"
"24481","CACNA1I"
"24482","ENTHD1"
"24483","GRAP2"
"24484","FAM83F"
"24485","Z83847.1"
"24486","TNRC6B"
"24487","ADSL"
"24488","SGSM3"
"24489","AL022238.2"
"24490","MRTFA"
"24491","MRTFA-AS1"
"24492","SLC25A17"
"24493","ST13"
"24494","XPNPEP3"
"24495","DNAJB7"
"24496","RBX1"
"24497","EP300"
"24498","AL035658.1"
"24499","EP300-AS1"
"24500","L3MBTL2"
"24501","AL035681.1"
"24502","CHADL"
"24503","RANGAP1"
"24504","ZC3H7B"
"24505","TEF"
"24506","TOB2"
"24507","PHF5A"
"24508","ACO2"
"24509","POLR3H"
"24510","AL023553.1"
"24511","CSDC2"
"24512","PMM1"
"24513","DESI1"
"24514","XRCC6"
"24515","SNU13"
"24516","MEI1"
"24517","CCDC134"
"24518","SREBF2-AS1"
"24519","SREBF2"
"24520","SHISA8"
"24521","TNFRSF13C"
"24522","CENPM"
"24523","LINC00634"
"24524","SEPTIN3"
"24525","Z99716.1"
"24526","WBP2NL"
"24527","NAGA"
"24528","Z99716.2"
"24529","PHETA2"
"24530","SMDT1"
"24531","NDUFA6"
"24532","AL021878.2"
"24533","NDUFA6-DT"
"24534","CYP2D6"
"24535","AC254562.2"
"24536","AC254562.3"
"24537","TCF20"
"24538","OGFRP1"
"24539","LINC01315"
"24540","NFAM1"
"24541","AL022316.1"
"24542","RRP7A"
"24543","SERHL2"
"24544","POLDIP3"
"24545","Z93241.1"
"24546","CYB5R3"
"24547","ATP5MGL"
"24548","A4GALT"
"24549","ARFGAP3"
"24550","PACSIN2"
"24551","AL022476.1"
"24552","TTLL1"
"24553","BIK"
"24554","MCAT"
"24555","TSPO"
"24556","TTLL12"
"24557","SCUBE1"
"24558","Z99756.1"
"24559","LINC01639"
"24560","MPPED1"
"24561","BX546033.1"
"24562","EFCAB6-AS1"
"24563","EFCAB6"
"24564","Z97055.2"
"24565","SULT4A1"
"24566","PNPLA3"
"24567","SAMM50"
"24568","PARVB"
"24569","AL033543.1"
"24570","AL031595.3"
"24571","PARVG"
"24572","AL031595.2"
"24573","SHISAL1"
"24574","RTL6"
"24575","PRR5"
"24576","ARHGAP8"
"24577","PHF21B"
"24578","AL079301.1"
"24579","NUP50-DT"
"24580","NUP50"
"24581","KIAA0930"
"24582","AL008718.2"
"24583","FAM118A"
"24584","SMC1B"
"24585","RIBC2"
"24586","FBLN1"
"24587","LINC01589"
"24588","Z95331.1"
"24589","ATXN10"
"24590","BX324167.2"
"24591","BX324167.1"
"24592","WNT7B"
"24593","LINC00899"
"24594","PRR34"
"24595","AL121672.3"
"24596","PRR34-AS1"
"24597","MIRLET7BHG"
"24598","AL121672.1"
"24599","AL121672.2"
"24600","PPARA"
"24601","FP325332.1"
"24602","CDPF1"
"24603","TTC38"
"24604","GTSE1"
"24605","TRMU"
"24606","CELSR1"
"24607","AL021392.1"
"24608","GRAMD4"
"24609","CERK"
"24610","AL118516.1"
"24611","TBC1D22A"
"24612","TBC1D22A-AS1"
"24613","AL117329.1"
"24614","Z84468.2"
"24615","TAFA5"
"24616","Z84468.1"
"24617","LINC01310"
"24618","AL078622.1"
"24619","C22orf34"
"24620","BRD1"
"24621","Z98885.3"
"24622","Z98885.2"
"24623","AL117328.2"
"24624","ZBED4"
"24625","ALG12"
"24626","AL671710.1"
"24627","CRELD2"
"24628","PIM3"
"24629","TTLL8"
"24630","MLC1"
"24631","MOV10L1"
"24632","PANX2"
"24633","TRABD"
"24634","AL022328.3"
"24635","AL022328.4"
"24636","SELENOO"
"24637","AL022328.1"
"24638","AL022328.2"
"24639","TUBGCP6"
"24640","HDAC10"
"24641","MAPK12"
"24642","MAPK11"
"24643","PLXNB2"
"24644","DENND6B"
"24645","CR559946.2"
"24646","PPP6R2"
"24647","SBF1"
"24648","ADM2"
"24649","LMF2"
"24650","NCAPH2"
"24651","SCO2"
"24652","TYMP"
"24653","CPT1B"
"24654","CHKB"
"24655","CHKB-DT"
"24656","MAPK8IP2"
"24657","ARSA"
"24658","SHANK3"
"24659","RABL2B"
"24660","PLCXD1"
"24661","GTPBP6"
"24662","LINC00685"
"24663","PPP2R3B"
"24664","AL732314.6"
"24665","SHOX"
"24666","AL672277.1"
"24667","CRLF2"
"24668","CSF2RA"
"24669","IL3RA"
"24670","SLC25A6"
"24671","LINC00106"
"24672","ASMTL-AS1"
"24673","ASMTL"
"24674","P2RY8"
"24675","AKAP17A"
"24676","ASMT"
"24677","AL683807.1"
"24678","DHRSX"
"24679","DHRSX-IT1"
"24680","ZBED1"
"24681","CD99"
"24682","XG"
"24683","GYG2"
"24684","ARSD"
"24685","ARSE"
"24686","ARSF"
"24687","MXRA5"
"24688","PRKX"
"24689","PRKX-AS1"
"24690","BX890604.2"
"24691","BX842570.1"
"24692","AC110995.1"
"24693","NLGN4X"
"24694","PUDP"
"24695","STS"
"24696","PNPLA4"
"24697","AC079142.1"
"24698","AC006062.1"
"24699","ANOS1"
"24700","FAM9B"
"24701","TBL1X"
"24702","GPR143"
"24703","SHROOM2"
"24704","CLDN34"
"24705","WWC3"
"24706","WWC3-AS1"
"24707","CLCN4"
"24708","AC003666.1"
"24709","MID1"
"24710","AC073529.1"
"24711","HCCS"
"24712","ARHGAP6"
"24713","AC004554.2"
"24714","MSL3"
"24715","FRMPD4"
"24716","PRPS2"
"24717","TLR7"
"24718","TMSB4X"
"24719","FAM9C"
"24720","LINC02154"
"24721","LINC01203"
"24722","TCEANC"
"24723","RAB9A"
"24724","TRAPPC2"
"24725","OFD1"
"24726","GPM6B"
"24727","AC003035.1"
"24728","GEMIN8"
"24729","GLRA2"
"24730","FANCB"
"24731","MOSPD2"
"24732","PIGA"
"24733","VEGFD"
"24734","PIR"
"24735","BMX"
"24736","ACE2"
"24737","CLTRN"
"24738","CA5B"
"24739","INE2"
"24740","ZRSR2"
"24741","AP1S2"
"24742","GRPR"
"24743","AC078993.1"
"24744","CTPS2"
"24745","S100G"
"24746","SYAP1"
"24747","TXLNG"
"24748","RBBP7"
"24749","REPS2"
"24750","NHS"
"24751","Z93022.1"
"24752","NHS-AS1"
"24753","SCML1"
"24754","RAI2"
"24755","LINC01456"
"24756","BEND2"
"24757","SCML2"
"24758","CDKL5"
"24759","RS1"
"24760","PPEF1"
"24761","PHKA2-AS1"
"24762","PHKA2"
"24763","AL732509.1"
"24764","ADGRG2"
"24765","PDHA1"
"24766","MAP3K15"
"24767","SH3KBP1"
"24768","BCLAF3"
"24769","MAP7D2"
"24770","EIF1AX"
"24771","RPS6KA3"
"24772","AL807740.1"
"24773","AL807742.1"
"24774","BX088723.1"
"24775","CNKSR2"
"24776","KLHL34"
"24777","SMPX"
"24778","MBTPS2"
"24779","YY2"
"24780","SMS"
"24781","PHEX"
"24782","PHEX-AS1"
"24783","PTCHD1-AS"
"24784","AC092832.2"
"24785","AC004470.1"
"24786","DDX53"
"24787","PTCHD1"
"24788","PRDX4"
"24789","ACOT9"
"24790","AC131011.1"
"24791","SAT1"
"24792","APOO"
"24793","CXorf58"
"24794","KLHL15"
"24795","EIF2S3"
"24796","ZFX-AS1"
"24797","ZFX"
"24798","PDK3"
"24799","PCYT1B"
"24800","PCYT1B-AS1"
"24801","POLA1"
"24802","ARX"
"24803","AC121342.1"
"24804","AC112493.1"
"24805","AC107419.1"
"24806","DCAF8L2"
"24807","IL1RAPL1"
"24808","AC003659.1"
"24809","CXorf21"
"24810","GK"
"24811","AC112496.1"
"24812","GK-AS1"
"24813","TAB3"
"24814","TAB3-AS2"
"24815","DMD"
"24816","AC079177.1"
"24817","AL591501.1"
"24818","AL592043.1"
"24819","TMEM47"
"24820","CFAP47"
"24821","AL592156.2"
"24822","PRRG1"
"24823","LANCL3"
"24824","XK"
"24825","CYBB"
"24826","DYNLT3"
"24827","AL121578.3"
"24828","SYTL5"
"24829","SRPX"
"24830","RPGR"
"24831","TSPAN7"
"24832","AF241728.1"
"24833","AF241728.2"
"24834","MID1IP1"
"24835","AC108879.1"
"24836","BCOR"
"24837","ATP6AP2"
"24838","CXorf38"
"24839","MED14"
"24840","MED14OS"
"24841","AC092268.2"
"24842","USP9X"
"24843","DDX3X"
"24844","NYX"
"24845","CASK"
"24846","CASK-AS1"
"24847","GPR34"
"24848","GPR82"
"24849","Z93403.1"
"24850","MAOA"
"24851","MAOB"
"24852","NDP"
"24853","NDP-AS1"
"24854","EFHC2"
"24855","FUNDC1"
"24856","KDM6A"
"24857","DIPK2B"
"24858","AC136489.1"
"24859","LINC01204"
"24860","MIR222HG"
"24861","AC234772.2"
"24862","LINC02595"
"24863","LINC01186"
"24864","KRBOX4"
"24865","ZNF674"
"24866","ZNF674-AS1"
"24867","CHST7"
"24868","SLC9A7"
"24869","RP2"
"24870","LINC01545"
"24871","JADE3"
"24872","RGN"
"24873","NDUFB11"
"24874","RBM10"
"24875","UBA1"
"24876","INE1"
"24877","CDK16"
"24878","USP11"
"24879","ZNF157"
"24880","ZNF41"
"24881","LINC01560"
"24882","ARAF"
"24883","SYN1"
"24884","TIMP1"
"24885","CFP"
"24886","ELK1"
"24887","UXT"
"24888","UXT-AS1"
"24889","ZNF81"
"24890","ZNF182"
"24891","ZNF630"
"24892","ZNF630-AS1"
"24893","AC244636.3"
"24894","SLC38A5"
"24895","FTSJ1"
"24896","AF196972.1"
"24897","PORCN"
"24898","EBP"
"24899","TBC1D25"
"24900","AC115618.1"
"24901","RBM3"
"24902","WDR13"
"24903","WAS"
"24904","SUV39H1"
"24905","AC231533.1"
"24906","HDAC6"
"24907","ERAS"
"24908","PCSK1N"
"24909","PQBP1"
"24910","TIMM17B"
"24911","SLC35A2"
"24912","PIM2"
"24913","OTUD5"
"24914","KCND1"
"24915","GRIPAP1"
"24916","TFE3"
"24917","CCDC120"
"24918","PRAF2"
"24919","WDR45"
"24920","GPKOW"
"24921","MAGIX"
"24922","PLP2"
"24923","PRICKLE3"
"24924","SYP"
"24925","SYP-AS1"
"24926","CCDC22"
"24927","FOXP3"
"24928","PPP1R3F"
"24929","AC232271.1"
"24930","AC232271.2"
"24931","GAGE10"
"24932","USP27X-AS1"
"24933","USP27X"
"24934","CLCN5"
"24935","CCNB3"
"24936","DGKK"
"24937","SHROOM4"
"24938","LINC01284"
"24939","AC233976.1"
"24940","AC233976.2"
"24941","NUDT10"
"24942","AL158055.1"
"24943","NUDT11"
"24944","CENPVL3"
"24945","GSPT2"
"24946","MAGED1"
"24947","MAGED4B"
"24948","MAGED4"
"24949","AC231759.2"
"24950","FAM156B"
"24951","AC234031.1"
"24952","FAM156A"
"24953","GPR173"
"24954","TSPYL2"
"24955","KANTR"
"24956","KDM5C"
"24957","KDM5C-IT1"
"24958","IQSEC2"
"24959","SMC1A"
"24960","RIBC1"
"24961","HSD17B10"
"24962","HUWE1"
"24963","PHF8"
"24964","FAM120C"
"24965","WNK3"
"24966","TSR2"
"24967","FGD1"
"24968","GNL3L"
"24969","MAGED2"
"24970","TRO"
"24971","PFKFB1"
"24972","APEX2"
"24973","ALAS2"
"24974","FAM104B"
"24975","MAGEH1"
"24976","USP51"
"24977","RRAGB"
"24978","AL050309.1"
"24979","KLF8"
"24980","UBQLN2"
"24981","AL354793.1"
"24982","NBDY"
"24983","SPIN3"
"24984","AL139397.1"
"24985","SPIN2B"
"24986","AL022157.1"
"24987","SPIN2A"
"24988","Z83745.1"
"24989","FAAH2"
"24990","ZXDB"
"24991","ZXDA"
"24992","LINC01278"
"24993","SPIN4"
"24994","SPIN4-AS1"
"24995","ARHGEF9"
"24996","AMER1"
"24997","MTMR8"
"24998","ZC4H2"
"24999","ZC3H12B"
"25000","LAS1L"
"25001","MSN"
"25002","VSIG4"
"25003","HEPH"
"25004","EDA2R"
"25005","AR"
"25006","AL157700.1"
"25007","OPHN1"
"25008","YIPF6"
"25009","STARD8"
"25010","EFNB1"
"25011","PJA1"
"25012","LINC00269"
"25013","FAM155B"
"25014","AL158069.1"
"25015","EDA"
"25016","OTUD6A"
"25017","IGBP1"
"25018","DGAT2L6"
"25019","AWAT1"
"25020","ARR3"
"25021","RAB41"
"25022","PDZD11"
"25023","KIF4A"
"25024","GDPD2"
"25025","AL139398.1"
"25026","DLG3"
"25027","DLG3-AS1"
"25028","TEX11"
"25029","SLC7A3"
"25030","SNX12"
"25031","FOXO4"
"25032","MED12"
"25033","NLGN3"
"25034","AL590764.1"
"25035","ZMYM3"
"25036","NONO"
"25037","ITGB1BP2"
"25038","TAF1"
"25039","OGT"
"25040","GCNA"
"25041","NHSL2"
"25042","RTL5"
"25043","PIN4"
"25044","ERCC6L"
"25045","RPS4X"
"25046","CITED1"
"25047","HDAC8"
"25048","PHKA1"
"25049","PHKA1-AS1"
"25050","DMRTC1B"
"25051","FAM226B"
"25052","DMRTC1"
"25053","NAP1L2"
"25054","CHIC1"
"25055","TSIX"
"25056","XIST"
"25057","FTX"
"25058","JPX"
"25059","AL353804.1"
"25060","Z83843.1"
"25061","SLC16A2"
"25062","RLIM"
"25063","NEXMIF"
"25064","ABCB7"
"25065","UPRT"
"25066","ZDHHC15"
"25067","MAGEE2"
"25068","AL451105.2"
"25069","PBDC1"
"25070","MAGEE1"
"25071","AC233296.1"
"25072","ATRX"
"25073","MAGT1"
"25074","COX7B"
"25075","ATP7A"
"25076","PGK1"
"25077","TAF9B"
"25078","CYSLTR1"
"25079","LPAR4"
"25080","ITM2A"
"25081","TBX22"
"25082","TENT5D"
"25083","BRWD3"
"25084","HMGN5"
"25085","SH3BGRL"
"25086","AL445213.2"
"25087","POU3F4"
"25088","CYLC1"
"25089","RPS6KA6"
"25090","HDX"
"25091","APOOL"
"25092","SATL1"
"25093","AC003001.1"
"25094","ZNF711"
"25095","POF1B"
"25096","CHM"
"25097","DACH2"
"25098","KLHL4"
"25099","Z83818.2"
"25100","PABPC5-AS1"
"25101","PABPC5"
"25102","PCDH11X"
"25103","NAP1L3"
"25104","FAM133A"
"25105","AL022151.1"
"25106","DIAPH2"
"25107","RPA4"
"25108","DIAPH2-AS1"
"25109","AL157778.1"
"25110","PCDH19"
"25111","TNMD"
"25112","TSPAN6"
"25113","SRPX2"
"25114","SYTL4"
"25115","CSTF2"
"25116","ARL13A"
"25117","TRMT2B"
"25118","TRMT2B-AS1"
"25119","TMEM35A"
"25120","CENPI"
"25121","DRP2"
"25122","TAF7L"
"25123","TIMM8A"
"25124","BTK"
"25125","RPL36A"
"25126","GLA"
"25127","HNRNPH2"
"25128","ARMCX4"
"25129","ARMCX1"
"25130","ARMCX6"
"25131","ARMCX3"
"25132","ARMCX3-AS1"
"25133","AC234775.3"
"25134","AC234775.4"
"25135","ARMCX2"
"25136","NXF5"
"25137","ZMAT1"
"25138","TCEAL2"
"25139","TCEAL6"
"25140","Z70719.1"
"25141","BEX5"
"25142","TMSB15A"
"25143","ARMCX5"
"25144","ARMCX5-GPRASP2"
"25145","AL035427.1"
"25146","GPRASP1"
"25147","AL035427.2"
"25148","GPRASP2"
"25149","ARMCX5-GPRASP2.1"
"25150","BHLHB9"
"25151","LINC00630"
"25152","Z68871.1"
"25153","Z95624.1"
"25154","Z93943.1"
"25155","BEX1"
"25156","BEX4"
"25157","TCEAL8"
"25158","TCEAL5"
"25159","BEX2"
"25160","TCEAL7"
"25161","TCEAL9"
"25162","BEX3"
"25163","AL117327.1"
"25164","Z69733.1"
"25165","RAB40A"
"25166","AL021308.1"
"25167","TCEAL4"
"25168","TCEAL3"
"25169","TCEAL1"
"25170","MORF4L2"
"25171","MORF4L2-AS1"
"25172","GLRA4"
"25173","TMEM31"
"25174","PLP1"
"25175","RAB9B"
"25176","TMSB15B-AS1"
"25177","TMSB15B"
"25178","H2BFM"
"25179","TMSB15B.1"
"25180","SLC25A53"
"25181","ZCCHC18"
"25182","FAM199X"
"25183","IL1RAPL2"
"25184","NRK"
"25185","PWWP3B"
"25186","RADX"
"25187","RNF128"
"25188","TBC1D8B"
"25189","MORC4"
"25190","CLDN2"
"25191","RBM41"
"25192","NUP62CL"
"25193","FRMPD3-AS1"
"25194","FRMPD3"
"25195","PRPS1"
"25196","TSC22D3"
"25197","MID2"
"25198","AL109946.1"
"25199","VSIG1"
"25200","PSMD10"
"25201","ATG4A"
"25202","COL4A6"
"25203","COL4A5"
"25204","AL035425.1"
"25205","GUCY2F"
"25206","NXT2"
"25207","ACSL4"
"25208","TMEM164"
"25209","AMMECR1"
"25210","RTL9"
"25211","AC000113.1"
"25212","CHRDL1"
"25213","PAK3"
"25214","CAPN6"
"25215","DCX"
"25216","SERTM2"
"25217","ALG13"
"25218","ALG13-AS1"
"25219","TRPC5"
"25220","TRPC5OS"
"25221","LHFPL1"
"25222","AMOT"
"25223","AC002072.1"
"25224","XACT"
"25225","HTR2C"
"25226","IL13RA2"
"25227","LRCH2"
"25228","RBMXL3"
"25229","PLS3-AS1"
"25230","PLS3"
"25231","DANT2"
"25232","KLHL13"
"25233","WDR44"
"25234","DOCK11"
"25235","IL13RA1"
"25236","ZCCHC12"
"25237","LINC01285"
"25238","LONRF3"
"25239","PGRMC1"
"25240","SLC25A43"
"25241","SLC25A5-AS1"
"25242","SLC25A5"
"25243","CXorf56"
"25244","UBE2A"
"25245","NKRF"
"25246","SEPTIN6"
"25247","RPL39"
"25248","AC005052.2"
"25249","UPF3B"
"25250","RNF113A"
"25251","NDUFA1"
"25252","AKAP14"
"25253","NKAP"
"25254","RHOXF1-AS1"
"25255","RHOXF1"
"25256","ZBTB33"
"25257","TMEM255A"
"25258","LAMP2"
"25259","CUL4B"
"25260","MCTS1"
"25261","C1GALT1C1"
"25262","AC002377.1"
"25263","AL359851.1"
"25264","AL513487.1"
"25265","GRIA3"
"25266","THOC2"
"25267","XIAP"
"25268","XIAP-AS1"
"25269","AL121601.1"
"25270","STAG2"
"25271","TENM1"
"25272","DCAF12L2"
"25273","AL008633.1"
"25274","SMARCA1"
"25275","OCRL"
"25276","APLN"
"25277","AL022162.1"
"25278","XPNPEP2"
"25279","SASH3"
"25280","AL023653.1"
"25281","ZDHHC9"
"25282","AL034405.1"
"25283","UTP14A"
"25284","BCORL1"
"25285","ELF4"
"25286","AIFM1"
"25287","AL139234.1"
"25288","RAB33A"
"25289","ZNF280C"
"25290","SLC25A14"
"25291","RBMX2"
"25292","Z82195.3"
"25293","ENOX2"
"25294","LINC01201"
"25295","IGSF1"
"25296","FIRRE"
"25297","STK26"
"25298","FRMD7"
"25299","RAP2C"
"25300","RAP2C-AS1"
"25301","MBNL3"
"25302","HS6ST2"
"25303","USP26"
"25304","GPC4"
"25305","GPC3"
"25306","CCDC160"
"25307","PHF6"
"25308","HPRT1"
"25309","MIR503HG"
"25310","PLAC1"
"25311","FAM122B"
"25312","FAM122C"
"25313","MOSPD1"
"25314","LINC02243"
"25315","SMIM10"
"25316","RTL8B"
"25317","RTL8C"
"25318","AL136169.1"
"25319","RTL8A"
"25320","SMIM10L2B-AS1"
"25321","SMIM10L2B"
"25322","CT55"
"25323","ZNF75D"
"25324","AL590282.2"
"25325","ZNF449"
"25326","SMIM10L2A"
"25327","INTS6L"
"25328","MMGT1"
"25329","SLC9A6"
"25330","FHL1"
"25331","MAP7D3"
"25332","HTATSF1"
"25333","ARHGEF6"
"25334","AL683813.1"
"25335","RBMX"
"25336","GPR101"
"25337","ZIC3"
"25338","Z96074.1"
"25339","FGF13"
"25340","FGF13-AS1"
"25341","MCF2"
"25342","ATP11C"
"25343","SOX3"
"25344","AL844175.1"
"25345","LINC00632"
"25346","CDR1"
"25347","AL451048.1"
"25348","LDOC1"
"25349","SPANXA2-OT1"
"25350","MAGEC3"
"25351","AL031073.2"
"25352","AC239727.1"
"25353","SLITRK4"
"25354","AL500522.1"
"25355","AL109653.3"
"25356","SLITRK2"
"25357","AL589669.1"
"25358","FMR1-AS1"
"25359","FMR1"
"25360","FMR1-IT1"
"25361","FMR1NB"
"25362","AFF2"
"25363","AFF2-IT1"
"25364","IDS"
"25365","AC244197.2"
"25366","LINC00893"
"25367","CXorf40A"
"25368","TMEM185A"
"25369","LINC00850"
"25370","CXorf40B"
"25371","LINC00894"
"25372","MAMLD1"
"25373","MTM1"
"25374","MTMR1"
"25375","CD99L2"
"25376","HMGB3"
"25377","AF274853.1"
"25378","VMA21"
"25379","PRRG3"
"25380","GABRE"
"25381","AC116666.1"
"25382","GABRA3"
"25383","AC244102.4"
"25384","GABRQ"
"25385","CETN2"
"25386","NSDHL"
"25387","ZNF185"
"25388","PNMA3"
"25389","PNMA6A"
"25390","ZNF275"
"25391","ZFP92"
"25392","HAUS7"
"25393","BGN"
"25394","ATP2B3"
"25395","CCNQ"
"25396","DUSP9"
"25397","PNCK"
"25398","SLC6A8"
"25399","BCAP31"
"25400","ABCD1"
"25401","U52111.1"
"25402","SRPK3"
"25403","IDH3G"
"25404","SSR4"
"25405","PDZD4"
"25406","L1CAM"
"25407","U52112.1"
"25408","ARHGAP4"
"25409","NAA10"
"25410","RENBP"
"25411","HCFC1"
"25412","TMEM187"
"25413","IRAK1"
"25414","MECP2"
"25415","TKTL1"
"25416","FLNA"
"25417","AC245140.3"
"25418","EMD"
"25419","RPL10"
"25420","AC245140.2"
"25421","DNASE1L1"
"25422","TAZ"
"25423","AC244090.1"
"25424","ATP6AP1"
"25425","GDI1"
"25426","FAM50A"
"25427","PLXNA3"
"25428","LAGE3"
"25429","UBL4A"
"25430","SLC10A3"
"25431","FAM3A"
"25432","AC244090.3"
"25433","G6PD"
"25434","IKBKG"
"25435","GAB3"
"25436","DKC1"
"25437","MPP1"
"25438","F8"
"25439","F8A1"
"25440","FUNDC2"
"25441","CMC4"
"25442","MTCP1"
"25443","BRCC3"
"25444","VBP1"
"25445","RAB39B"
"25446","CLIC2"
"25447","AC234781.1"
"25448","TMLHE-AS1"
"25449","TMLHE"
"25450","SPRY3"
"25451","VAMP7"
"25452","SRY"
"25453","RPS4Y1"
"25454","AC006157.1"
"25455","ZFY"
"25456","ZFY-AS1"
"25457","LINC00278"
"25458","AC012078.2"
"25459","AC010737.1"
"25460","PCDH11Y"
"25461","TBL1Y"
"25462","PRKY"
"25463","USP9Y"
"25464","AC244213.1"
"25465","DDX3Y"
"25466","UTY"
"25467","TMSB4Y"
"25468","NLGN4Y"
"25469","NLGN4Y-AS1"
"25470","TTTY14"
"25471","AC010889.1"
"25472","KDM5D"
"25473","AC010889.2"
"25474","TTTY10"
"25475","EIF1AY"
"25476","MT-ND1"
"25477","MT-ND2"
"25478","MT-CO1"
"25479","MT-CO2"
"25480","MT-ATP8"
"25481","MT-ATP6"
"25482","MT-CO3"
"25483","MT-ND3"
"25484","MT-ND4L"
"25485","MT-ND4"
"25486","MT-ND5"
"25487","MT-ND6"
"25488","MT-CYB"
"25489","BX004987.1"
"25490","AC011043.1"
"25491","AC011841.1"
"25492","AL592183.1"
"25493","AC240274.1"
"25494","AL627309.4"
"25495","PLEKHN1"
"25496","TNFRSF4"
"25497","TAS1R3"
"25498","ANKRD65"
"25499","MMP23B"
"25500","AL109917.1"
"25501","AL590822.3"
"25502","ARHGEF16"
"25503","AL136528.1"
"25504","SMIM1"
"25505","AL805961.1"
"25506","Z98886.1"
"25507","CAMTA1-IT1"
"25508","LNCTAM34A"
"25509","RBP7"
"25510","AL139423.1"
"25511","AL031283.1"
"25512","CTRC"
"25513","AL137802.1"
"25514","ACTL8"
"25515","PLA2G5"
"25516","CDA"
"25517","CELA3A"
"25518","C1QC"
"25519","AL512444.1"
"25520","RUNX3"
"25521","AL050344.1"
"25522","AL031432.1"
"25523","AL512408.1"
"25524","KDF1"
"25525","TENT5B"
"25526","MAP3K6"
"25527","GPR3"
"25528","FGR"
"25529","AL020997.2"
"25530","MATN1-AS1"
"25531","LINC01778"
"25532","TINAGL1"
"25533","AC114488.3"
"25534","AL354919.1"
"25535","AL049795.2"
"25536","TMEM54"
"25537","AL513327.3"
"25538","HMGB4"
"25539","GJA4"
"25540","AL139286.2"
"25541","EVA1B"
"25542","ZC3H12A"
"25543","AL513220.1"
"25544","HEYL"
"25545","OXCT2"
"25546","AL033527.4"
"25547","LINC02811"
"25548","TMCO2"
"25549","EDN2"
"25550","CLDN19"
"25551","TMEM125"
"25552","LINC01144"
"25553","TAL1"
"25554","AL592182.1"
"25555","PODN"
"25556","FAM151A"
"25557","TMEM61"
"25558","AL590440.1"
"25559","LINC01767"
"25560","AL592431.1"
"25561","AL357078.2"
"25562","AL158839.1"
"25563","AC099671.1"
"25564","LINC01361"
"25565","MCOLN2"
"25566","AL355981.1"
"25567","AC091614.1"
"25568","LINC01787"
"25569","LINC01307"
"25570","AC095032.2"
"25571","LINC02785"
"25572","EPS8L3"
"25573","LINC01397"
"25574","AL355990.1"
"25575","CHI3L2"
"25576","ADORA3"
"25577","TSHB"
"25578","MAB21L3"
"25579","C1orf137"
"25580","AL157904.1"
"25581","TENT5C"
"25582","LINC01780"
"25583","AC244453.2"
"25584","LINC01691"
"25585","AC243547.2"
"25586","NUDT4B"
"25587","RORC"
"25588","SPRR2D"
"25589","NPR1"
"25590","ZBTB7B"
"25591","AL365181.3"
"25592","AL590666.3"
"25593","LRRC71"
"25594","AL356276.1"
"25595","FCRL2"
"25596","KIRREL1-IT1"
"25597","CD1D"
"25598","PYHIN1"
"25599","AL138930.1"
"25600","AL121985.1"
"25601","CFAP126"
"25602","FCGR2A"
"25603","LMX1A"
"25604","AL023495.1"
"25605","Z97200.1"
"25606","TEX50"
"25607","AL449106.1"
"25608","AL353708.2"
"25609","LINC02816"
"25610","ZNF648"
"25611","AL590422.1"
"25612","AL929288.1"
"25613","AL359081.1"
"25614","RGS18"
"25615","ASCL5"
"25616","AC092800.1"
"25617","AL513217.1"
"25618","ELF3"
"25619","AC105940.2"
"25620","ERLNC1"
"25621","AL591846.2"
"25622","AL445493.2"
"25623","AL356275.1"
"25624","AL023754.1"
"25625","KCNH1-IT1"
"25626","LINC01740"
"25627","LINC01653"
"25628","LINC02817"
"25629","FAM177B"
"25630","AL929091.1"
"25631","AC092811.1"
"25632","SNAP47-AS1"
"25633","AL731702.1"
"25634","AL162595.2"
"25635","AL121990.1"
"25636","LINC01744"
"25637","AL357972.1"
"25638","AL663058.2"
"25639","LINC01348"
"25640","LGALS8-AS1"
"25641","AL359924.1"
"25642","LINC01139"
"25643","AC093426.1"
"25644","AL365184.2"
"25645","AL590483.2"
"25646","AL451007.2"
"25647","SMYD3-IT1"
"25648","C1orf229"
"25649","OR13G1"
"25650","OR6F1"
"25651","OR14A16"
"25652","OR2AJ1"
"25653","OR2M3"
"25654","OR2M4"
"25655","OR2G6"
"25656","LINC01871"
"25657","AC082651.1"
"25658","AC082651.3"
"25659","NTSR2"
"25660","AC009486.2"
"25661","AC130710.1"
"25662","AC023137.1"
"25663","APOB"
"25664","AC012506.4"
"25665","LINC01381"
"25666","LINC01460"
"25667","AC097724.1"
"25668","LINC01936"
"25669","AL121655.1"
"25670","SULT6B1"
"25671","LINC01913"
"25672","LINC01126"
"25673","AC009236.2"
"25674","AC017006.2"
"25675","AC007100.2"
"25676","AC107081.4"
"25677","LINC02579"
"25678","AC007880.1"
"25679","LINC01812"
"25680","AC022201.1"
"25681","ATP6V1B1"
"25682","SPR"
"25683","AC010913.1"
"25684","AC074008.2"
"25685","NAT8"
"25686","AC092653.1"
"25687","ACTG2"
"25688","DQX1"
"25689","AC007387.2"
"25690","AC019069.1"
"25691","AC104135.1"
"25692","AC005034.4"
"25693","AC092604.1"
"25694","AC010105.1"
"25695","SFTPB"
"25696","LINC01943"
"25697","AC062029.1"
"25698","MAL"
"25699","AC021188.1"
"25700","AC013270.1"
"25701","AC092168.2"
"25702","AC016738.2"
"25703","RGPD4-AS1"
"25704","LINC01594"
"25705","AC011753.2"
"25706","LIMS3"
"25707","AC068491.2"
"25708","AC012442.1"
"25709","AL078621.4"
"25710","LINC01956"
"25711","TFCP2L1"
"25712","AC097499.2"
"25713","LINC01889"
"25714","AC012508.2"
"25715","MYO7B"
"25716","POTEF"
"25717","TUBA3E"
"25718","AC013269.1"
"25719","AC011243.1"
"25720","LINC01832"
"25721","AC114763.2"
"25722","AC023469.2"
"25723","ERMN"
"25724","SP5"
"25725","AC104088.3"
"25726","ITGA6-AS1"
"25727","AC104076.1"
"25728","FSIP2-AS2"
"25729","COL3A1"
"25730","AC093388.1"
"25731","AC005540.1"
"25732","CAVIN2"
"25733","AC069148.1"
"25734","CD28"
"25735","CRYGA"
"25736","IDH1-AS1"
"25737","AC016743.1"
"25738","TUBA4B"
"25739","AC009955.1"
"25740","AC010735.1"
"25741","AC010149.1"
"25742","LINC01907"
"25743","SPATA3-AS1"
"25744","B3GNT7"
"25745","AC104634.2"
"25746","AC097713.3"
"25747","IQCA1-AS1"
"25748","OTOS"
"25749","FAM240C"
"25750","ATP2B2-IT2"
"25751","TMEM40"
"25752","DAZL"
"25753","AC104451.2"
"25754","AC025614.2"
"25755","LINC01985"
"25756","AC123023.2"
"25757","LINC02033"
"25758","AC092053.3"
"25759","AC092058.1"
"25760","HHATL"
"25761","ACKR2"
"25762","AC099329.2"
"25763","CLEC3B"
"25764","CXCR6"
"25765","CCR3"
"25766","AC121247.1"
"25767","RHOA-IT1"
"25768","AC105935.2"
"25769","IQCF3"
"25770","ITIH4-AS1"
"25771","WNT5A-AS1"
"25772","FAM3D"
"25773","LINC02040"
"25774","AC098969.2"
"25775","AC104167.1"
"25776","PROK2"
"25777","AC097369.2"
"25778","LINC02047"
"25779","AC108752.1"
"25780","AC108690.1"
"25781","ADGRG7"
"25782","AC063938.1"
"25783","LINC00635"
"25784","DPPA2"
"25785","AC026341.3"
"25786","ADPRH"
"25787","AC069444.1"
"25788","FBXO40"
"25789","CD86"
"25790","CSTA"
"25791","PARP15"
"25792","ROPN1"
"25793","AC063919.1"
"25794","RUVBL1-AS1"
"25795","GATA2"
"25796","AC080005.1"
"25797","COL6A5"
"25798","AC110716.2"
"25799","AC112504.3"
"25800","AC109992.2"
"25801","AC055758.2"
"25802","AC107021.2"
"25803","PLSCR5"
"25804","AC092958.4"
"25805","AC092979.2"
"25806","AC093001.1"
"25807","TM4SF1-AS1"
"25808","WWTR1-AS1"
"25809","AC018545.1"
"25810","SI"
"25811","AC074033.1"
"25812","ACTRT3"
"25813","TMEM212-AS1"
"25814","AC007687.1"
"25815","THPO"
"25816","EHHADH-AS1"
"25817","OSTN-AS1"
"25818","AC092966.1"
"25819","AC011322.1"
"25820","AC128709.3"
"25821","AC105415.1"
"25822","STX18-IT1"
"25823","AC113615.1"
"25824","S100P"
"25825","HTRA3"
"25826","LINC02498"
"25827","AC006445.3"
"25828","AC099550.1"
"25829","CLRN2"
"25830","AC097505.1"
"25831","SOD3"
"25832","AC097480.2"
"25833","AC097654.1"
"25834","LINC02505"
"25835","LINC02616"
"25836","PTTG2"
"25837","AC021860.1"
"25838","TLR10"
"25839","TLR6"
"25840","AC105389.3"
"25841","AC107398.4"
"25842","AC104066.3"
"25843","AC111194.2"
"25844","KDR"
"25845","AC069200.1"
"25846","AC110611.2"
"25847","SPINK2"
"25848","LINC02494"
"25849","UGT2B7"
"25850","SULT1E1"
"25851","AMBN"
"25852","ALB"
"25853","RASSF6"
"25854","AC097709.1"
"25855","AREG"
"25856","AC110760.2"
"25857","AC025244.1"
"25858","AC096759.1"
"25859","AC096759.2"
"25860","AC110615.1"
"25861","BMPR1B-DT"
"25862","AC106881.1"
"25863","AC019131.3"
"25864","AC083902.1"
"25865","ZCCHC23"
"25866","PITX2"
"25867","AC093879.2"
"25868","MYOZ2"
"25869","AC080089.2"
"25870","AC079341.2"
"25871","AC096773.1"
"25872","AC110609.1"
"25873","AC093722.1"
"25874","AC131956.2"
"25875","SMARCA5-AS1"
"25876","GYPA"
"25877","LINC02266"
"25878","LINC02507"
"25879","AC104819.3"
"25880","AC097375.1"
"25881","AC096736.1"
"25882","LINC02477"
"25883","LINC01179"
"25884","AC079768.3"
"25885","AC084866.2"
"25886","AC074254.2"
"25887","AC093849.2"
"25888","AC106895.1"
"25889","AC106895.2"
"25890","AC095050.1"
"25891","AC079766.1"
"25892","WWC2-AS2"
"25893","AC093824.2"
"25894","MTNR1A"
"25895","AC110772.2"
"25896","LINC02515"
"25897","AC026740.3"
"25898","LINC01511"
"25899","AC094105.2"
"25900","LINC02063"
"25901","AC091953.1"
"25902","ANKRD33B-AS1"
"25903","AC016575.2"
"25904","AC092335.1"
"25905","AC099499.1"
"25906","AC022140.1"
"25907","AC113347.4"
"25908","LINC02064"
"25909","AC026433.1"
"25910","LINC02120"
"25911","UGT3A2"
"25912","C9"
"25913","AC114977.1"
"25914","MROH2B"
"25915","IL31RA"
"25916","AC008937.1"
"25917","AC008780.2"
"25918","AC008786.1"
"25919","LINC02108"
"25920","AC109133.1"
"25921","AC008877.1"
"25922","LINC01333"
"25923","LINC01455"
"25924","AC074132.1"
"25925","AC012625.1"
"25926","AC026408.1"
"25927","AC025766.1"
"25928","AC011362.1"
"25929","ARL14EPL"
"25930","AC034236.3"
"25931","AC093295.1"
"25932","AC114311.1"
"25933","LINC02215"
"25934","AC093206.1"
"25935","AC114284.1"
"25936","AC116366.2"
"25937","AC010307.2"
"25938","AC109454.3"
"25939","AC026691.1"
"25940","TRPC7-AS2"
"25941","MZB1"
"25942","PROB1"
"25943","TMEM173"
"25944","CXXC5-AS1"
"25945","AC008667.3"
"25946","AC005609.3"
"25947","AC244517.7"
"25948","AC005618.2"
"25949","PCDHGC5"
"25950","AC005753.1"
"25951","AC005592.1"
"25952","AC008652.1"
"25953","GPR151"
"25954","SH3TC2-DT"
"25955","AC131025.1"
"25956","ARSI"
"25957","AC011388.1"
"25958","AC008453.2"
"25959","SLC36A2"
"25960","AC011374.3"
"25961","AC091982.3"
"25962","TIMD4"
"25963","HAVCR1"
"25964","AC091979.1"
"25965","AC136424.2"
"25966","AC008703.1"
"25967","HMMR-AS1"
"25968","AC091820.1"
"25969","AC008705.2"
"25970","SMIM23"
"25971","AC016573.1"
"25972","LINC01863"
"25973","LINC01942"
"25974","AC139491.1"
"25975","AC139493.2"
"25976","LINC01574"
"25977","RGS14"
"25978","AC145098.1"
"25979","AC138819.1"
"25980","AC140125.2"
"25981","PROP1"
"25982","AC008443.6"
"25983","AC008443.3"
"25984","IRF4"
"25985","HUS1B"
"25986","AL033381.1"
"25987","FOXF2"
"25988","FOXC1"
"25989","AL136309.2"
"25990","AL162718.3"
"25991","TFAP2A-AS1"
"25992","AL022098.1"
"25993","AL022396.1"
"25994","AL136162.1"
"25995","AL138740.1"
"25996","BTN1A1"
"25997","POM121L2"
"25998","AL662791.1"
"25999","DDR1-DT"
"26000","PSORS1C1"
"26001","MICA"
"26002","LST1"
"26003","C2-AS1"
"26004","HLA-DRB1"
"26005","IP6K3"
"26006","CLPSL1"
"26007","Z85996.3"
"26008","BTBD9-AS1"
"26009","AL034345.2"
"26010","AL590999.1"
"26011","AL365205.4"
"26012","PTCRA"
"26013","AL157371.2"
"26014","CAPN11"
"26015","AL096772.1"
"26016","FKBP1C"
"26017","AL080275.1"
"26018","TBX18"
"26019","AL359987.1"
"26020","LINC02531"
"26021","AL138731.1"
"26022","AL359711.2"
"26023","REV3L-IT1"
"26024","Z99289.3"
"26025","LINC02541"
"26026","FO393415.3"
"26027","LINC02534"
"26028","FAM162B"
"26029","RFX6"
"26030","LINC01312"
"26031","AL049552.2"
"26032","IL20RA"
"26033","SMIM28"
"26034","NMBR-AS1"
"26035","AL023584.1"
"26036","AL023581.2"
"26037","STX11"
"26038","IYD"
"26039","AL450344.1"
"26040","AL133260.2"
"26041","AL512658.1"
"26042","AL390955.2"
"26043","AL139330.1"
"26044","EZR-AS1"
"26045","AL031121.2"
"26046","AL590302.2"
"26047","AL121935.1"
"26048","AL353747.4"
"26049","LINC01624"
"26050","AC215522.2"
"26051","AC147651.4"
"26052","AC007009.1"
"26053","AC004936.1"
"26054","AC004879.1"
"26055","LINC02587"
"26056","AC005082.1"
"26057","AC005165.3"
"26058","HOTAIRM1"
"26059","AC004549.1"
"26060","AC006027.1"
"26061","AQP1"
"26062","AC010132.1"
"26063","AC023669.2"
"26064","AC011294.1"
"26065","AC087175.1"
"26066","SUN3"
"26067","C7orf57"
"26068","SPATA48"
"26069","AC124014.1"
"26070","EGFR-AS1"
"26071","NUPR2"
"26072","LINC02848"
"26073","ZNF679"
"26074","AC016769.6"
"26075","AC073349.1"
"26076","CT66"
"26077","AC073048.1"
"26078","AC003984.1"
"26079","GJC3"
"26080","AC092849.3"
"26081","MUC3A"
"26082","AC254629.1"
"26083","MUC17"
"26084","AC005086.2"
"26085","LINC02577"
"26086","AC004014.1"
"26087","AC018464.1"
"26088","AC003992.1"
"26089","LINC01393"
"26090","LINC01510"
"26091","ASZ1"
"26092","AC000061.1"
"26093","AC004946.2"
"26094","AC004888.1"
"26095","AC073323.1"
"26096","SPAM1"
"26097","TMEM229A"
"26098","C7orf77"
"26099","IRF5"
"26100","AC009518.1"
"26101","AC024084.1"
"26102","AC083867.2"
"26103","TRBC2"
"26104","AC245427.1"
"26105","AC245427.2"
"26106","LLCFC1"
"26107","TAS2R39"
"26108","OR2F1"
"26109","OR2A1"
"26110","AC004941.1"
"26111","AC093458.1"
"26112","LINC00996"
"26113","GIMAP8"
"26114","GIMAP7"
"26115","GIMAP6"
"26116","GIMAP2"
"26117","GIMAP1"
"26118","GIMAP5"
"26119","AC005996.1"
"26120","AC136777.1"
"26121","CLDN23"
"26122","AC021736.1"
"26123","C8orf74"
"26124","AC011008.1"
"26125","AF131215.7"
"26126","AC107918.5"
"26127","AC107918.6"
"26128","AC130352.1"
"26129","AC019270.1"
"26130","AC011586.1"
"26131","FGF20"
"26132","AC027117.1"
"26133","FGL1"
"26134","AC025062.3"
"26135","LINC02153"
"26136","AC105206.1"
"26137","TNFRSF10C"
"26138","AC100861.2"
"26139","AC012574.2"
"26140","ADAMDEC1"
"26141","AC107373.2"
"26142","AC107373.1"
"26143","AC091185.1"
"26144","AC011726.2"
"26145","CHRNA2"
"26146","HMBOX1-IT1"
"26147","LINC00589"
"26148","AC102945.1"
"26149","AF279873.4"
"26150","NKX6-3"
"26151","AC113133.1"
"26152","AC027702.1"
"26153","AC103724.4"
"26154","AC103843.1"
"26155","LINC00293"
"26156","AC023762.1"
"26157","SOX17"
"26158","AC084834.1"
"26159","AC022679.1"
"26160","CYP7A1"
"26161","PRDM14"
"26162","AC022274.1"
"26163","CASC9"
"26164","FABP9"
"26165","FABP12"
"26166","CHMP4C"
"26167","AC011773.1"
"26168","AC023194.3"
"26169","DCAF4L2"
"26170","LINC01030"
"26171","AC022695.2"
"26172","AC010834.1"
"26173","AC010834.2"
"26174","MIR378D2HG"
"26175","AC012339.1"
"26176","GDF6"
"26177","AP003548.1"
"26178","AP003467.1"
"26179","AC107909.1"
"26180","AP001574.1"
"26181","AP003472.2"
"26182","AP001208.1"
"26183","ODF1"
"26184","AC022634.2"
"26185","AP005357.1"
"26186","AF178030.1"
"26187","AC090994.1"
"26188","AP005717.1"
"26189","LINC02855"
"26190","AC104316.2"
"26191","AC084083.1"
"26192","AC084116.3"
"26193","POU5F1B"
"26194","AC100822.1"
"26195","AF228727.1"
"26196","AC083843.1"
"26197","AC011676.2"
"26198","AC025839.1"
"26199","AC134682.1"
"26200","GML"
"26201","MAFA-AS1"
"26202","GSDMD"
"26203","CCDC166"
"26204","EPPK1"
"26205","OPLAH"
"26206","DOCK8-AS1"
"26207","AL161725.2"
"26208","DMRT3"
"26209","AL353614.1"
"26210","RLN2"
"26211","AL589678.1"
"26212","AL159169.3"
"26213","IFNW1"
"26214","CDKN2A"
"26215","AL513317.1"
"26216","AL353811.1"
"26217","AL353730.1"
"26218","AL451137.2"
"26219","AL162388.2"
"26220","AL589642.1"
"26221","AL356489.4"
"26222","LINC01251"
"26223","FAM205A"
"26224","AL133410.2"
"26225","FAM201A"
"26226","AL391987.4"
"26227","FAM242E"
"26228","LINC01189"
"26229","BX005266.2"
"26230","AL162412.1"
"26231","AL451127.2"
"26232","AL355674.1"
"26233","LNCARSR"
"26234","AL353774.1"
"26235","AL499602.1"
"26236","AL356134.1"
"26237","AL354897.2"
"26238","LINC02834"
"26239","LINC00484"
"26240","SUSD3"
"26241","NUTM2F"
"26242","AL358232.2"
"26243","AL807757.1"
"26244","AL807757.2"
"26245","AL161729.4"
"26246","AL449403.1"
"26247","AL590705.2"
"26248","AL807761.3"
"26249","C9orf152"
"26250","BSPRY"
"26251","AL162727.2"
"26252","AL157702.2"
"26253","AL354754.1"
"26254","GPR21"
"26255","AL359632.1"
"26256","AL358074.1"
"26257","TTC16"
"26258","AL158151.2"
"26259","PTGES"
"26260","PRRT1B"
"26261","ABO"
"26262","DBH-AS1"
"26263","AL669970.1"
"26264","AC174065.1"
"26265","DNLZ"
"26266","NALT1"
"26267","AGPAT2"
"26268","LCN15"
"26269","LCN12"
"26270","ENTPD2"
"26271","LINC00701"
"26272","AL357833.1"
"26273","LINC00702"
"26274","AL355303.1"
"26275","LINC02676"
"26276","AC044784.1"
"26277","AL583859.3"
"26278","LINC02654"
"26279","AL450384.1"
"26280","AL606469.1"
"26281","MKX-AS1"
"26282","LYZL1"
"26283","AL359532.1"
"26284","AL391839.2"
"26285","AL121748.1"
"26286","AL121749.1"
"26287","AL022344.1"
"26288","AL137026.3"
"26289","AL358394.1"
"26290","TMEM273"
"26291","C10orf53"
"26292","MTRNR2L5"
"26293","LINC02640"
"26294","MYOZ1"
"26295","AC010997.4"
"26296","AL589863.1"
"26297","AL731575.1"
"26298","AC010163.1"
"26299","AL133481.1"
"26300","EIF5AL1"
"26301","AL132656.3"
"26302","NUTM2B"
"26303","NUTM2E"
"26304","LINC02647"
"26305","SNCG"
"26306","ACTA2-AS1"
"26307","CH25H"
"26308","AL391704.1"
"26309","HHEX"
"26310","AL138759.1"
"26311","CYP2C19"
"26312","AL136181.1"
"26313","AL512424.1"
"26314","AL353719.1"
"26315","AL138921.2"
"26316","LBX1-AS1"
"26317","LINC02681"
"26318","AL356608.1"
"26319","CFAP58-DT"
"26320","SORCS3-AS1"
"26321","TDRD1"
"26322","PNLIPRP3"
"26323","AC005871.1"
"26324","LINC02674"
"26325","GRK5-IT1"
"26326","AC063960.2"
"26327","AL157888.1"
"26328","AL355531.1"
"26329","AC016816.1"
"26330","AL512622.1"
"26331","AL451069.1"
"26332","AL360181.2"
"26333","PRAP1"
"26334","LMNTD2"
"26335","AP006284.1"
"26336","CRACR2B"
"26337","AC091196.1"
"26338","KRTAP5-2"
"26339","ASCL2"
"26340","PHLDA2"
"26341","OR52K1"
"26342","OR52A1"
"26343","CAVIN3"
"26344","NLRP10"
"26345","AC091053.1"
"26346","ADM"
"26347","LINC02547"
"26348","AC013549.3"
"26349","AC013762.1"
"26350","LINC02751"
"26351","AC073172.1"
"26352","AC009869.1"
"26353","USH1C"
"26354","AC009652.1"
"26355","CCDC179"
"26356","SLC5A12"
"26357","LINC00678"
"26358","AC090791.1"
"26359","AC110058.1"
"26360","WT1"
"26361","WT1-AS"
"26362","C11orf91"
"26363","AL138812.1"
"26364","AC090692.3"
"26365","AC090692.1"
"26366","ACCSL"
"26367","AC134775.1"
"26368","AC068858.1"
"26369","PACSIN3"
"26370","APLNR"
"26371","AP000781.1"
"26372","AP003557.1"
"26373","MS4A2"
"26374","MS4A6E"
"26375","MS4A12"
"26376","PTGDR2"
"26377","ZP1"
"26378","AP002754.1"
"26379","AP006333.2"
"26380","LINC02724"
"26381","BATF2"
"26382","CD248"
"26383","ACY3"
"26384","UNC93B1"
"26385","TCIRG1"
"26386","SMIM38"
"26387","AP003555.2"
"26388","AP002336.3"
"26389","SHANK2-AS2"
"26390","ZNF705E"
"26391","AP003785.1"
"26392","AP005019.1"
"26393","AP003065.1"
"26394","P2RY6"
"26395","AP002761.3"
"26396","DNAJB13"
"26397","AP003717.1"
"26398","CHRDL2"
"26399","AP001972.4"
"26400","AP002815.1"
"26401","LRRC32"
"26402","AP002812.3"
"26403","AP002812.5"
"26404","AP003128.1"
"26405","AP005436.2"
"26406","LINC02748"
"26407","C11orf97"
"26408","AP001790.1"
"26409","AP001351.1"
"26410","PGR"
"26411","AP001527.1"
"26412","AP001527.2"
"26413","AP000942.2"
"26414","CASP4"
"26415","C11orf52"
"26416","AP000907.2"
"26417","AP002518.1"
"26418","AP001554.1"
"26419","AP000757.2"
"26420","JAML"
"26421","VSIG2"
"26422","AP001122.1"
"26423","BARX2"
"26424","LINC00167"
"26425","AP003062.2"
"26426","CACNA1C-AS3"
"26427","AC125807.2"
"26428","FGF23"
"26429","SCNN1A"
"26430","AC006064.3"
"26431","U47924.3"
"26432","AC092745.1"
"26433","MFAP5"
"26434","KLRF1"
"26435","CLEC1B"
"26436","CLEC9A"
"26437","CLEC1A"
"26438","CLEC7A"
"26439","TAS2R9"
"26440","AC134349.1"
"26441","GPRC5D"
"26442","SMCO3"
"26443","AC007655.2"
"26444","CAPZA3"
"26445","SLCO1B3"
"26446","SLCO1B7"
"26447","SLCO1B1"
"26448","SPX"
"26449","AC007671.1"
"26450","AC087235.2"
"26451","AC026310.2"
"26452","AC087257.1"
"26453","AC009509.1"
"26454","AC009509.4"
"26455","AC009511.2"
"26456","AC023511.1"
"26457","AC140847.2"
"26458","AC121334.3"
"26459","AC079600.3"
"26460","LINC02402"
"26461","AC012038.1"
"26462","DBX2"
"26463","AC009464.1"
"26464","AC004801.6"
"26465","AC020612.4"
"26466","AQP6"
"26467","CELA1"
"26468","ACVRL1"
"26469","AC025259.3"
"26470","SMIM41"
"26471","AC078864.1"
"26472","KRT78"
"26473","KRT18"
"26474","IGFBP6"
"26475","ITGB7"
"26476","OR6C75"
"26477","OR6C4"
"26478","AC025162.2"
"26479","AC073896.5"
"26480","GPR182"
"26481","INHBE"
"26482","AC025576.2"
"26483","LINC02454"
"26484","LINC02421"
"26485","LYZ"
"26486","LINC02444"
"26487","AC068993.2"
"26488","RASSF9"
"26489","AC025164.2"
"26490","HAL"
"26491","AC007298.1"
"26492","AC008055.2"
"26493","AC010203.2"
"26494","SPIC"
"26495","PMCH"
"26496","AC025265.2"
"26497","AC079174.1"
"26498","AC079385.3"
"26499","AC126177.3"
"26500","CMKLR1"
"26501","LINC01486"
"26502","AC073575.2"
"26503","OAS2"
"26504","CFAP73"
"26505","TBX3"
"26506","AC009803.2"
"26507","AC009803.1"
"26508","AC009387.1"
"26509","AC079384.1"
"26510","AC125603.1"
"26511","AC026367.1"
"26512","AC026367.2"
"26513","HSPB8"
"26514","AC063943.1"
"26515","AC069214.1"
"26516","HCAR1"
"26517","AC145423.2"
"26518","LINC02359"
"26519","AC068787.2"
"26520","LINC02369"
"26521","AC135388.1"
"26522","PIWIL1"
"26523","AC073578.2"
"26524","AC131009.3"
"26525","AC131212.1"
"26526","LRCOL1"
"26527","ZNF84-DT"
"26528","AL137001.2"
"26529","GJA3"
"26530","AL590096.1"
"26531","AL512652.1"
"26532","PABPC3"
"26533","LINC00463"
"26534","LINC00365"
"26535","LINC00384"
"26536","LINC00385"
"26537","ZAR1L"
"26538","STARD13-IT1"
"26539","LINC02344"
"26540","AL138999.1"
"26541","LINC00437"
"26542","STOML3"
"26543","FAM216B"
"26544","SMIM2"
"26545","AL589745.1"
"26546","AL138963.1"
"26547","LINC01055"
"26548","AL138686.1"
"26549","AL158196.1"
"26550","AL157813.1"
"26551","ARL11"
"26552","AL137060.3"
"26553","CCDC70"
"26554","OLFM4"
"26555","AL442636.1"
"26556","LINC02335"
"26557","AL445668.1"
"26558","LINC00448"
"26559","LINC00376"
"26560","LINC00395"
"26561","LINC01052"
"26562","AC000403.1"
"26563","ACOD1"
"26564","AL160154.1"
"26565","AL356413.1"
"26566","LINC01040"
"26567","LINC00559"
"26568","AL162456.1"
"26569","LINC01232"
"26570","AL355338.1"
"26571","AL158063.1"
"26572","CCDC168"
"26573","AL162574.1"
"26574","COL4A2-AS1"
"26575","AL139385.1"
"26576","AL356740.2"
"26577","AL136221.1"
"26578","OR4N2"
"26579","FITM1"
"26580","CIDEB"
"26581","LTB4R2"
"26582","INSM2"
"26583","CLEC14A"
"26584","AL390800.1"
"26585","LINC02277"
"26586","LINC02302"
"26587","AL512358.1"
"26588","AL358334.2"
"26589","PTGER2"
"26590","AL163953.1"
"26591","BMP4"
"26592","AL355834.1"
"26593","TOMM20L"
"26594","SIX4"
"26595","AL359220.1"
"26596","AL355916.2"
"26597","LINC01303"
"26598","AL137191.1"
"26599","PLEK2"
"26600","AL133445.3"
"26601","LINC01269"
"26602","AC004846.1"
"26603","AC005225.1"
"26604","LINC02274"
"26605","AC005520.3"
"26606","AC005479.2"
"26607","LINC01220"
"26608","AL358292.1"
"26609","AL162171.1"
"26610","AL137785.1"
"26611","AL137230.1"
"26612","AL161662.1"
"26613","AL133240.1"
"26614","FAM181A-AS1"
"26615","ASB2"
"26616","LINC02318"
"26617","TCL6"
"26618","AL139020.1"
"26619","AL049833.2"
"26620","LINC02304"
"26621","AL163872.1"
"26622","C14orf177"
"26623","AL157871.5"
"26624","AL135838.1"
"26625","AL359682.1"
"26626","DIO3OS"
"26627","EXOC3L4"
"26628","AL132712.2"
"26629","AL359399.1"
"26630","AL583810.2"
"26631","PLD4"
"26632","AC087386.1"
"26633","GOLGA8S"
"26634","AC011196.1"
"26635","AC144833.1"
"26636","AC021979.3"
"26637","AC021979.2"
"26638","GOLGA8M"
"26639","AC111152.2"
"26640","AC123768.4"
"26641","AC055874.1"
"26642","TMCO5A"
"26643","C15orf54"
"26644","AC013652.2"
"26645","AC037198.2"
"26646","SPINT1"
"26647","AC090510.3"
"26648","TGM5"
"26649","TGM7"
"26650","AC022467.2"
"26651","AC084757.2"
"26652","AC012379.1"
"26653","AC090970.2"
"26654","BCL2L10"
"26655","AC025272.1"
"26656","AC018926.1"
"26657","AC068726.1"
"26658","LINC01413"
"26659","MYZAP"
"26660","AC090515.5"
"26661","AC092757.3"
"26662","AC092756.1"
"26663","AC009654.1"
"26664","AC107241.1"
"26665","AC104590.1"
"26666","C2CD4B"
"26667","AC007950.1"
"26668","AC091231.1"
"26669","RASL12"
"26670","AC009292.2"
"26671","AC021818.1"
"26672","AC009434.1"
"26673","LINC02204"
"26674","AC103874.1"
"26675","ISLR"
"26676","LMAN1L"
"26677","CPLX3"
"26678","C15orf39"
"26679","AC068338.2"
"26680","AC105020.3"
"26681","AC105020.2"
"26682","AC046168.1"
"26683","AC090607.3"
"26684","AC027811.1"
"26685","AC068870.2"
"26686","AC024270.2"
"26687","AC012291.2"
"26688","AC087286.1"
"26689","AC078905.1"
"26690","PLIN1"
"26691","ANPEP"
"26692","AC116903.1"
"26693","AC024337.1"
"26694","IRAIN"
"26695","AC027020.1"
"26696","ALDH1A3"
"26697","AC015712.2"
"26698","HBM"
"26699","LINC00235"
"26700","AL031008.1"
"26701","AC120498.10"
"26702","AC120498.4"
"26703","AL031600.1"
"26704","AL031717.1"
"26705","RPL3L"
"26706","AC009065.5"
"26707","AC093525.3"
"26708","LINC00514"
"26709","TNFRSF12A"
"26710","BICDL2"
"26711","AC108134.3"
"26712","AC009171.2"
"26713","AC007223.1"
"26714","AC022167.3"
"26715","LINC01195"
"26716","AC133065.1"
"26717","AC007601.1"
"26718","AC010333.1"
"26719","LINC02185"
"26720","AC026401.2"
"26721","AC099518.5"
"26722","PDILT"
"26723","ACSM5"
"26724","AC004381.1"
"26725","AC008551.1"
"26726","AC005632.5"
"26727","AC008870.3"
"26728","AC008938.1"
"26729","AC109449.1"
"26730","AC002551.1"
"26731","IL27"
"26732","AC009133.2"
"26733","AC093512.1"
"26734","AC135050.5"
"26735","PRSS36"
"26736","PYCARD"
"26737","AC026471.3"
"26738","AC007333.2"
"26739","AC007497.1"
"26740","AC007336.1"
"26741","MT1M"
"26742","CETP"
"26743","AC009090.2"
"26744","AC009090.1"
"26745","LINC02126"
"26746","AC009055.2"
"26747","AC044802.1"
"26748","TRADD"
"26749","EXOC3L1"
"26750","ESRP2"
"26751","AC126773.4"
"26752","AC138625.2"
"26753","HP"
"26754","AC002044.1"
"26755","AC087565.1"
"26756","CTRB1"
"26757","AC009054.1"
"26758","AC092134.1"
"26759","AC079414.1"
"26760","CLEC3A"
"26761","LINC02176"
"26762","FAM92B"
"26763","LINC02139"
"26764","AC133540.1"
"26765","AC018695.6"
"26766","IRF8"
"26767","FENDRR"
"26768","FOXF1"
"26769","FOXC2"
"26770","FOXL1"
"26771","AC136285.1"
"26772","AC092720.2"
"26773","AC010536.3"
"26774","AC092384.3"
"26775","DPEP1"
"26776","AC240565.1"
"26777","LINC02091"
"26778","AC129507.1"
"26779","AC015853.2"
"26780","AC016292.1"
"26781","AC099684.3"
"26782","OR1A1"
"26783","AC118754.1"
"26784","CXCL16"
"26785","C17orf107"
"26786","AC104770.1"
"26787","BCL6B"
"26788","CLDN7"
"26789","TMEM102"
"26790","SLC35G6"
"26791","ARHGEF15"
"26792","AC002091.1"
"26793","AC005695.3"
"26794","AC027045.2"
"26795","GSG1L2"
"26796","AC005291.2"
"26797","MYH4"
"26798","AC005772.1"
"26799","AC005703.3"
"26800","AC127540.2"
"26801","AC055811.3"
"26802","AC020558.6"
"26803","SLC5A10"
"26804","FAM83G"
"26805","GRAP"
"26806","AC015818.2"
"26807","LINC02088"
"26808","AC138761.1"
"26809","AC132825.3"
"26810","AC129926.2"
"26811","CORO6"
"26812","AC022903.1"
"26813","AC243829.4"
"26814","AC244093.3"
"26815","GRB7"
"26816","TNS4"
"26817","GAST"
"26818","HSPB9"
"26819","AOC3"
"26820","NAGS"
"26821","SLC4A1"
"26822","AC015936.1"
"26823","AC091132.1"
"26824","MYL4"
"26825","SKAP1-AS1"
"26826","PHOSPHO1"
"26827","AC006487.2"
"26828","AC027801.1"
"26829","AC009720.1"
"26830","CHAD"
"26831","AC005921.4"
"26832","AC005920.1"
"26833","AC004584.3"
"26834","AC015813.8"
"26835","MPO"
"26836","LINC01999"
"26837","TBX2-AS1"
"26838","TBX2"
"26839","TBX4"
"26840","PRR29"
"26841","AC005544.1"
"26842","AC005495.2"
"26843","AC097641.2"
"26844","AC087301.1"
"26845","AC137735.1"
"26846","CD300LF"
"26847","HID1-AS1"
"26848","EVPL"
"26849","GALR2"
"26850","ST6GALNAC1"
"26851","SEPTIN9-DT"
"26852","AC111182.1"
"26853","TMEM235"
"26854","AC061992.2"
"26855","AC124319.1"
"26856","AC016245.2"
"26857","LINC00482"
"26858","AC110285.4"
"26859","MYADML2"
"26860","AC132872.2"
"26861","LINC01925"
"26862","LINC01904"
"26863","GAPLINC"
"26864","AP002478.2"
"26865","AC006566.2"
"26866","AP001094.1"
"26867","AP001531.1"
"26868","AP001180.4"
"26869","MC5R"
"26870","MC2R"
"26871","AC091588.2"
"26872","AC007922.2"
"26873","AC121320.1"
"26874","AC090936.1"
"26875","AC074237.1"
"26876","DSG4"
"26877","DSG2-AS1"
"26878","AC016383.1"
"26879","CCDC68"
"26880","AC100847.1"
"26881","AC104971.1"
"26882","CPLX4"
"26883","SERPINB11"
"26884","LINC00305"
"26885","AC096708.2"
"26886","AC026585.1"
"26887","LINC01899"
"26888","AC012101.2"
"26889","AC104423.1"
"26890","AC018445.5"
"26891","AC068473.4"
"26892","PRSS57"
"26893","MISP"
"26894","AC004528.2"
"26895","CIRBP-AS1"
"26896","AC005329.3"
"26897","REEP6"
"26898","ADAMTSL5"
"26899","AMH"
"26900","AC092068.2"
"26901","AC005786.2"
"26902","FUT5"
"26903","AC024592.1"
"26904","LRRC8E"
"26905","AC136469.1"
"26906","LINC01862"
"26907","ANGPTL6"
"26908","ICAM1"
"26909","FARSA-AS1"
"26910","AC022098.3"
"26911","CLEC17A"
"26912","CCDC105"
"26913","RASAL3"
"26914","LINC01764"
"26915","CYP4F2"
"26916","AC010463.3"
"26917","CCDC194"
"26918","AC008397.1"
"26919","ZNF676"
"26920","ZNF729"
"26921","AC007786.2"
"26922","PLEKHF1"
"26923","AC008798.2"
"26924","AC008507.4"
"26925","AC011507.1"
"26926","AC008738.1"
"26927","CEBPA"
"26928","CEBPA-DT"
"26929","AC008738.2"
"26930","UPK1A-AS1"
"26931","HCST"
"26932","AC016590.4"
"26933","AC016590.2"
"26934","AC011465.1"
"26935","AC011479.3"
"26936","AC011479.2"
"26937","ACP7"
"26938","CYP2A6"
"26939","B3GNT8"
"26940","CEACAM21"
"26941","APOC4"
"26942","GPR4"
"26943","EML2-AS1"
"26944","RSPH6A"
"26945","IGFL3"
"26946","IGFL2"
"26947","AC011484.1"
"26948","BSPH1"
"26949","ELSPBP1"
"26950","AC008655.2"
"26951","AC010325.2"
"26952","AC011483.2"
"26953","AC063977.6"
"26954","CD33"
"26955","SIGLEC10"
"26956","CEACAM18"
"26957","AC022150.2"
"26958","AC010487.2"
"26959","VN1R2"
"26960","CACNG6"
"26961","TARM1"
"26962","LILRA6"
"26963","AC245884.9"
"26964","LILRB4"
"26965","TNNI3"
"26966","AC010525.1"
"26967","NLRP9"
"26968","AC012313.2"
"26969","TCF15"
"26970","ANGPT4"
"26971","C20orf202"
"26972","SIRPB2"
"26973","TGM3"
"26974","AL109976.1"
"26975","SIGLEC1"
"26976","SPEF1"
"26977","PRND"
"26978","AL121890.2"
"26979","LAMP5-AS1"
"26980","BANF2"
"26981","AL121761.1"
"26982","AL121721.1"
"26983","AL158175.1"
"26984","THBD"
"26985","CD93"
"26986","AL096677.1"
"26987","AL035252.5"
"26988","AL121772.2"
"26989","LINC01733"
"26990","AL121904.2"
"26991","DEFB123"
"26992","FOXS1"
"26993","AL049539.1"
"26994","SUN5"
"26995","ACTL10"
"26996","AL109923.1"
"26997","C20orf173"
"26998","SPAG4"
"26999","LINC01734"
"27000","AL035251.1"
"27001","AL031656.1"
"27002","HNF4A"
"27003","LINC01260"
"27004","KCNK15"
"27005","KCNS1"
"27006","RBPJL"
"27007","AL121888.2"
"27008","CSE1L-AS1"
"27009","LINC01275"
"27010","LINC01273"
"27011","CEBPB-AS1"
"27012","AL353653.1"
"27013","CYP24A1"
"27014","FAM209B"
"27015","AL122058.1"
"27016","CTCFL"
"27017","HRH3"
"27018","AL121832.3"
"27019","AL121829.2"
"27020","SOX18"
"27021","CU639417.4"
"27022","CBSL"
"27023","FP236241.1"
"27024","AF240627.1"
"27025","LINC01425"
"27026","AP000472.1"
"27027","LINC01687"
"27028","AP000233.1"
"27029","AP001604.1"
"27030","LINC00113"
"27031","AP000266.1"
"27032","AP000302.1"
"27033","CLIC6"
"27034","AP000695.1"
"27035","RIPPLY3"
"27036","AP001437.2"
"27037","DSCR8"
"27038","AP001037.1"
"27039","BRWD1-IT1"
"27040","AF064860.2"
"27041","RIPK4"
"27042","AP001619.1"
"27043","LINC01679"
"27044","AP001046.1"
"27045","SIK1"
"27046","LINC00313"
"27047","AP001053.1"
"27048","LINC01678"
"27049","COL18A1-AS1"
"27050","LINC01694"
"27051","AP001469.2"
"27052","AP000542.3"
"27053","AP000542.2"
"27054","ANKRD62P1-PARP4P3"
"27055","AC007064.2"
"27056","PRODH"
"27057","AC007663.3"
"27058","USP41"
"27059","SLC7A4"
"27060","LINC02556"
"27061","AP000355.1"
"27062","CRYBB1"
"27063","C22orf31"
"27064","AC002378.1"
"27065","AC004264.1"
"27066","PLA2G3"
"27067","AL008719.1"
"27068","SLC5A1"
"27069","Z73429.1"
"27070","Z82196.1"
"27071","APOL6"
"27072","APOL1"
"27073","NCF4"
"27074","CSF2RB"
"27075","IL2RB"
"27076","Z97056.2"
"27077","AL021707.6"
"27078","APOBEC3C"
"27079","APOBEC3D"
"27080","AL022326.1"
"27081","Z82214.1"
"27082","AL008718.3"
"27083","AL021391.1"
"27084","BX537318.1"
"27085","GTSE1-DT"
"27086","MIOX"
"27087","SYCE3"
"27088","AL732314.4"
"27089","LINC00102"
"27090","ARSH"
"27091","VCX3A"
"27092","AC003684.1"
"27093","FRMPD4-AS1"
"27094","EGFL6"
"27095","AC003035.2"
"27096","PPEF1-AS1"
"27097","AL591378.1"
"27098","AL606516.1"
"27099","OTC"
"27100","MID1IP1-AS1"
"27101","LINC01283"
"27102","AL023574.1"
"27103","GLOD5"
"27104","CACNA1F"
"27105","GAGE1"
"27106","ITIH6"
"27107","NLRP2B"
"27108","ASB12"
"27109","AL034397.3"
"27110","GJB1"
"27111","BX276092.9"
"27112","LINC00891"
"27113","PABPC1L2A"
"27114","FGF16"
"27115","PGAM4"
"27116","NOX1"
"27117","XKRX"
"27118","RAB40AL"
"27119","NXF3"
"27120","TCEAL3-AS1"
"27121","KCNE5"
"27122","KIAA1210"
"27123","AC004835.1"
"27124","AC004000.1"
"27125","LINC00629"
"27126","ADGRG4"
"27127","SPANXB1"
"27128","L29074.1"
"27129","PNMA5"
"27130","SMIM9"
"27131","F8A3"
"27132","BX571846.1"
"27133","AMELY"
"27134","AC011297.1"
"27135","AC011751.1"
"27136","LINC00266-4P"
"27137","AC007325.4"
"27138","AL645608.4"
"27139","LINC02593"
"27140","C1QTNF12"
"27141","AL139287.1"
"27142","AL391845.2"
"27143","LINC02780"
"27144","C1orf127"
"27145","C1orf158"
"27146","SLC25A34-AS1"
"27147","AL021920.3"
"27148","PADI3"
"27149","PADI6"
"27150","AL020998.1"
"27151","AL031728.1"
"27152","C1QA"
"27153","GRHL3"
"27154","AL445648.1"
"27155","AL033528.2"
"27156","TRIM63"
"27157","AL009181.1"
"27158","AL354864.1"
"27159","AL929472.3"
"27160","AL603839.1"
"27161","FAM183A"
"27162","AL357079.2"
"27163","TCTEX1D4"
"27164","LINC02794"
"27165","TTC39A-AS1"
"27166","SLC1A7"
"27167","AL355483.2"
"27168","AC119428.2"
"27169","DHCR24-DT"
"27170","AL353681.1"
"27171","AC099791.3"
"27172","AL592161.1"
"27173","AL133320.2"
"27174","LINC02567"
"27175","CLCA2"
"27176","CLCA1"
"27177","CLCA4"
"27178","GBP1"
"27179","GBP6"
"27180","AC092802.4"
"27181","AL445218.1"
"27182","DPYD-AS2"
"27183","AL355310.2"
"27184","DENND2D"
"27185","PIFO"
"27186","LINC01160"
"27187","AMPD1"
"27188","CASQ2"
"27189","AL390066.2"
"27190","LINC01632"
"27191","AC239799.1"
"27192","GJA5"
"27193","AC245100.6"
"27194","AL590133.1"
"27195","SPRR2A"
"27196","AL161636.1"
"27197","S100A9"
"27198","S100A4"
"27199","S100A1"
"27200","CD5L"
"27201","FCGR3A"
"27202","AL592435.2"
"27203","AL359962.3"
"27204","TNFSF18"
"27205","TNR-IT1"
"27206","TEDDM1"
"27207","CFHR1"
"27208","AL359834.1"
"27209","CHI3L1"
"27210","AC096645.1"
"27211","RAB7B"
"27212","AL391597.1"
"27213","LINC02767"
"27214","AC096637.1"
"27215","AC011700.1"
"27216","AL606537.1"
"27217","SPATA17-AS1"
"27218","TGFB2-AS1"
"27219","LEFTY2"
"27220","PRSS38"
"27221","LINC01736"
"27222","AGT"
"27223","AL591686.1"
"27224","OR2B11"
"27225","OR1C1"
"27226","AC079779.1"
"27227","AC141930.1"
"27228","LINC01824"
"27229","AC010969.3"
"27230","LINC01866"
"27231","AGBL5-IT1"
"27232","OXER1"
"27233","AC093732.1"
"27234","AC007402.2"
"27235","TSPYL6"
"27236","LINC01291"
"27237","SMYD1"
"27238","TEKT4"
"27239","ZAP70"
"27240","SLC5A7"
"27241","AC093675.2"
"27242","C1QL2"
"27243","TMEM37"
"27244","PROC"
"27245","AC062021.1"
"27246","AC092625.1"
"27247","LINC01958"
"27248","AC007405.4"
"27249","AC017048.2"
"27250","AC079305.1"
"27251","AC019080.4"
"27252","AC020550.2"
"27253","AC007272.1"
"27254","AC009974.1"
"27255","AC097468.1"
"27256","LINC02832"
"27257","CCDC195"
"27258","CCL20"
"27259","AC017104.3"
"27260","NMUR1"
"27261","SPP2"
"27262","LINC01173"
"27263","AC084030.1"
"27264","AC112721.2"
"27265","AC104667.2"
"27266","ESPNL"
"27267","TWIST2"
"27268","NEU4"
"27269","AC026202.3"
"27270","AC026191.1"
"27271","AC132807.2"
"27272","AC011816.2"
"27273","AC006058.3"
"27274","XCR1"
"27275","CCR1"
"27276","CDHR4"
"27277","AC012467.1"
"27278","HTD2"
"27279","AC119424.1"
"27280","THOC7-AS1"
"27281","AC114401.1"
"27282","AC134508.2"
"27283","AC107029.2"
"27284","LINC01215"
"27285","ZNF80"
"27286","CASR"
"27287","AC096861.2"
"27288","CHST13"
"27289","AC022296.4"
"27290","AC080128.2"
"27291","AC093001.2"
"27292","AC011317.1"
"27293","AC092944.3"
"27294","LINC01327"
"27295","KLHL6-AS1"
"27296","VWA5B2"
"27297","AC107294.1"
"27298","ETV5-AS1"
"27299","ADIPOQ"
"27300","ATP13A4-AS1"
"27301","AC080129.1"
"27302","AC117490.2"
"27303","NRROS"
"27304","LMLN-AS1"
"27305","CYTL1"
"27306","FAM90A26"
"27307","AC116651.1"
"27308","LINC02493"
"27309","LINC02357"
"27310","AC093791.1"
"27311","LINC02501"
"27312","AC093689.1"
"27313","LINC02278"
"27314","AC111198.1"
"27315","CWH43"
"27316","GSX2"
"27317","AC093730.1"
"27318","AC009570.2"
"27319","AC112253.1"
"27320","AC067942.4"
"27321","AC021192.1"
"27322","DSPP"
"27323","DMP1"
"27324","AC107067.2"
"27325","AC110800.1"
"27326","AC108067.1"
"27327","AC093765.5"
"27328","ADAD1"
"27329","AC093821.1"
"27330","AC133530.1"
"27331","AC116563.1"
"27332","REELD1"
"27333","AC107074.1"
"27334","RBM46"
"27335","AC104407.1"
"27336","AC098679.6"
"27337","AC098679.5"
"27338","LINC02509"
"27339","AC020551.1"
"27340","AC108477.1"
"27341","SLC6A3"
"27342","AC126768.1"
"27343","LINC02123"
"27344","AC091932.1"
"27345","CAPSL"
"27346","AC027329.1"
"27347","GZMA"
"27348","MCIDAS"
"27349","CCNO"
"27350","AC008914.1"
"27351","AC079467.1"
"27352","LINC02242"
"27353","AC116345.1"
"27354","FOXD1"
"27355","AC091868.2"
"27356","OTP"
"27357","AC008592.1"
"27358","LINC01846"
"27359","LINC00492"
"27360","TSLP"
"27361","ZNF474"
"27362","AC063976.1"
"27363","AC116366.1"
"27364","SOWAHA"
"27365","SLC25A48-AS1"
"27366","WNT8A"
"27367","AC104116.1"
"27368","AC010378.2"
"27369","AC008667.4"
"27370","AC005609.2"
"27371","PCDHB1"
"27372","SLC25A2"
"27373","AC005740.4"
"27374","AC016598.2"
"27375","AC008619.1"
"27376","AC008632.1"
"27377","AL162718.2"
"27378","AL031123.1"
"27379","AL359378.1"
"27380","TFAP2A"
"27381","GFOD1-AS1"
"27382","AL080313.1"
"27383","AL033539.1"
"27384","HCG14"
"27385","AL645937.2"
"27386","OR14J1"
"27387","HLA-F"
"27388","HLA-F-AS1"
"27389","AL645939.5"
"27390","HLA-G"
"27391","RNF39"
"27392","SFTA2"
"27393","MUC22"
"27394","AL662844.3"
"27395","AL645933.3"
"27396","MICB"
"27397","LTB"
"27398","HLA-DRA"
"27399","HLA-DMB"
"27400","AL138889.1"
"27401","SPDEF"
"27402","CDKN1A"
"27403","PI16"
"27404","GLP1R"
"27405","TREML1"
"27406","NCR2"
"27407","PGC"
"27408","C6orf223"
"27409","ANKRD66"
"27410","MEP1A"
"27411","AL355353.1"
"27412","AL445465.2"
"27413","AL121718.1"
"27414","AL353135.1"
"27415","AL590608.1"
"27416","AL590009.1"
"27417","DDO"
"27418","AL121938.1"
"27419","SMLR1"
"27420","AL035604.1"
"27421","AL031056.1"
"27422","FNDC1-IT1"
"27423","AL591069.1"
"27424","AL139393.2"
"27425","AL445307.1"
"27426","AL137005.1"
"27427","AL136225.1"
"27428","AL121956.4"
"27429","PRR18"
"27430","AL121935.3"
"27431","AL009178.2"
"27432","AL606970.4"
"27433","AL606970.3"
"27434","AC073957.2"
"27435","ELFN1-AS1"
"27436","RBAKDN"
"27437","AC004895.1"
"27438","AC006042.4"
"27439","AC007128.2"
"27440","AC007350.1"
"27441","AC006960.3"
"27442","LINC01450"
"27443","LINC01448"
"27444","AC073115.2"
"27445","LINC01447"
"27446","AC006459.1"
"27447","AC009468.1"
"27448","AC118758.3"
"27449","AC104688.1"
"27450","MAGI2-AS1"
"27451","STEAP1"
"27452","FAM237B"
"27453","MOGAT3"
"27454","AC000123.1"
"27455","AC000124.1"
"27456","AC007938.1"
"27457","AC009276.1"
"27458","OR9A2"
"27459","OR2A12"
"27460","AC006008.1"
"27461","TMEM176B"
"27462","LINC00689"
"27463","AC004908.1"
"27464","AF067845.1"
"27465","DEFB1"
"27466","AC087273.2"
"27467","HR"
"27468","LGI3"
"27469","EGR3"
"27470","AC124290.2"
"27471","ADAM2"
"27472","AC013701.2"
"27473","AC009597.1"
"27474","AC068389.2"
"27475","AC104012.1"
"27476","AC090735.1"
"27477","AC022893.3"
"27478","AC100782.1"
"27479","FABP4"
"27480","AC011773.2"
"27481","AC090578.2"
"27482","AC025370.1"
"27483","ABRA"
"27484","AP000428.2"
"27485","AC103993.1"
"27486","AC016405.3"
"27487","AC016405.2"
"27488","AC090192.2"
"27489","AC018714.2"
"27490","AC067930.2"
"27491","AC234917.2"
"27492","AL158832.1"
"27493","RLN1"
"27494","AL135786.2"
"27495","AL360089.1"
"27496","AL445623.1"
"27497","FAM166B"
"27498","MSMP"
"27499","HRCT1"
"27500","LINC01627"
"27501","AL953883.1"
"27502","BX088651.2"
"27503","FOXD4L5"
"27504","AL353770.4"
"27505","AL135924.2"
"27506","C9orf170"
"27507","AL136981.3"
"27508","LINC00092"
"27509","AL160269.1"
"27510","AL451140.1"
"27511","WDR38"
"27512","AL161785.2"
"27513","AL161785.3"
"27514","DBH"
"27515","GLT6D1"
"27516","AL592301.1"
"27517","LCNL1"
"27518","FAM166A"
"27519","AC215217.1"
"27520","AL590677.1"
"27521","AC073367.1"
"27522","AL512641.1"
"27523","NEBL-AS1"
"27524","LINC02643"
"27525","AL513128.1"
"27526","AL355501.1"
"27527","AL161935.3"
"27528","PARD3-AS1"
"27529","PCAT5"
"27530","LINC00839"
"27531","AL356157.1"
"27532","GDF10"
"27533","DUPD1"
"27534","AC018511.5"
"27535","LINC00858"
"27536","LIPK"
"27537","ANKRD22"
"27538","SLC16A12-AS1"
"27539","AL365434.2"
"27540","AL136368.1"
"27541","TECTB"
"27542","AL133482.1"
"27543","HABP2"
"27544","PNLIP"
"27545","AL589787.1"
"27546","AL157832.2"
"27547","AL354950.1"
"27548","SYCE1"
"27549","AC069287.3"
"27550","ODF3"
"27551","AC127526.5"
"27552","UBQLNL"
"27553","AC107884.2"
"27554","AC090099.1"
"27555","AC084117.1"
"27556","NAV2-AS4"
"27557","AL078612.2"
"27558","CD44-AS1"
"27559","AC087521.4"
"27560","AC018716.2"
"27561","LARGE2"
"27562","LINC02710"
"27563","AP004247.2"
"27564","MPEG1"
"27565","MS4A6A"
"27566","MS4A14"
"27567","MS4A8"
"27568","PGA5"
"27569","MYRF-AS1"
"27570","AP001363.2"
"27571","SLC22A8"
"27572","PLAAT4"
"27573","PYGM"
"27574","AP000944.1"
"27575","TSGA10IP"
"27576","CARNS1"
"27577","AP000439.2"
"27578","LINC02753"
"27579","DEFB108B"
"27580","FOLR1"
"27581","AP002892.2"
"27582","AP000763.4"
"27583","LINC02761"
"27584","CCDC89"
"27585","AP002008.4"
"27586","AP002008.1"
"27587","C11orf88"
"27588","AP002840.2"
"27589","AP003170.4"
"27590","LINC02703"
"27591","PDZD3"
"27592","AP001994.3"
"27593","AP000821.2"
"27594","C11orf45"
"27595","AC026369.2"
"27596","AC005832.1"
"27597","AC006206.2"
"27598","AC007848.1"
"27599","PLEKHG6"
"27600","AC018653.1"
"27601","CD163"
"27602","TMEM52B"
"27603","TAS2R8"
"27604","ERP27"
"27605","AC023510.1"
"27606","AC023510.2"
"27607","AC022509.5"
"27608","PTHLH"
"27609","AC023158.1"
"27610","LINC02400"
"27611","AC009248.2"
"27612","AC020612.3"
"27613","AC025154.2"
"27614","FIGNL2-DT"
"27615","AC121757.2"
"27616","METTL7B"
"27617","CYP27B1"
"27618","AC078962.3"
"27619","ALX1"
"27620","AC016993.1"
"27621","AC024941.1"
"27622","LINC02823"
"27623","LINC00485"
"27624","TMEM119"
"27625","AC084876.1"
"27626","TBX5"
"27627","LINC02439"
"27628","AC084880.2"
"27629","AC145423.3"
"27630","AC078878.2"
"27631","AC068787.5"
"27632","LINC00508"
"27633","LINC02370"
"27634","AC140118.2"
"27635","AC117500.2"
"27636","GJB6"
"27637","SPATA13-AS1"
"27638","LINC00412"
"27639","GSX1"
"27640","AL353680.1"
"27641","FREM2-AS1"
"27642","LINC00332"
"27643","LINC00330"
"27644","HTR2A-AS1"
"27645","AL139082.1"
"27646","AL512655.1"
"27647","AL390964.1"
"27648","AL354821.1"
"27649","MYCBP2-AS2"
"27650","AL445604.1"
"27651","LINC01047"
"27652","LINC00411"
"27653","METTL21C"
"27654","AL157762.1"
"27655","LINC00404"
"27656","AL139384.1"
"27657","PROZ"
"27658","LINC00565"
"27659","AC243965.2"
"27660","MYH7"
"27661","AL135999.3"
"27662","AL096870.6"
"27663","AL162311.1"
"27664","AL133304.2"
"27665","NKX2-1"
"27666","SSTR1"
"27667","AL121820.2"
"27668","AL391262.1"
"27669","AL157996.2"
"27670","AC006146.1"
"27671","AF111167.2"
"27672","AC009396.2"
"27673","AL121768.1"
"27674","AL357093.1"
"27675","AL135818.2"
"27676","AL121839.2"
"27677","SERPINA1"
"27678","AL133467.2"
"27679","AL133167.1"
"27680","LBHD2"
"27681","LINC00929"
"27682","GOLGA8J"
"27683","GOLGA8T"
"27684","GOLGA8K"
"27685","GJD2"
"27686","ACTC1"
"27687","LTK"
"27688","PLA2G4D"
"27689","AC025271.2"
"27690","AQP9"
"27691","LDHAL6B"
"27692","AC037433.1"
"27693","RORA-AS2"
"27694","AC022898.1"
"27695","AC011939.3"
"27696","CT62"
"27697","AC090826.3"
"27698","AC105020.1"
"27699","AC090260.1"
"27700","BCL2A1"
"27701","AC103739.1"
"27702","AC107958.2"
"27703","AC084855.1"
"27704","AC019254.1"
"27705","PCSK6-AS1"
"27706","WASIR2"
"27707","C1QTNF8"
"27708","NTN3"
"27709","PRSS33"
"27710","KREMEN2"
"27711","MEFV"
"27712","AC027277.1"
"27713","AC007216.1"
"27714","AC007601.2"
"27715","AC091489.1"
"27716","ERN2"
"27717","AC009035.1"
"27718","AC135048.3"
"27719","PYCARD-AS1"
"27720","AC133485.7"
"27721","TP53TG3D"
"27722","AC145350.2"
"27723","AC092368.3"
"27724","AC007608.1"
"27725","AC025810.1"
"27726","LINC02169"
"27727","LINC02183"
"27728","MT4"
"27729","AC023825.2"
"27730","AC009118.1"
"27731","CA7"
"27732","TPPP3"
"27733","AC020763.1"
"27734","AC138625.1"
"27735","AC010547.3"
"27736","AC025284.1"
"27737","AC009159.3"
"27738","AC009123.1"
"27739","AC134312.5"
"27740","AC138028.1"
"27741","PABPN1L"
"27742","CDH15"
"27743","ZMYND15"
"27744","AC012146.3"
"27745","FBXO39"
"27746","ALOX15B"
"27747","AC118755.2"
"27748","DHRS7C"
"27749","AC005209.1"
"27750","TBC1D28"
"27751","SLC13A2"
"27752","AC138207.5"
"27753","AC138207.4"
"27754","AC116407.1"
"27755","UNC45B"
"27756","SLFN13"
"27757","AC243773.2"
"27758","AC006449.6"
"27759","AC004231.3"
"27760","KRT12"
"27761","KRT20"
"27762","DHX58"
"27763","MIR2117HG"
"27764","ABI3"
"27765","AC027801.4"
"27766","COL1A1"
"27767","TMEM92-AS1"
"27768","AC007638.2"
"27769","AC106858.1"
"27770","AC091181.2"
"27771","AC015813.4"
"27772","AC015813.3"
"27773","KCNJ16"
"27774","CD300E"
"27775","SMIM5"
"27776","SMIM6"
"27777","AC005837.4"
"27778","AC021683.1"
"27779","C1QTNF1-AS1"
"27780","ENPP7"
"27781","AC127496.3"
"27782","AC027601.2"
"27783","AC145207.3"
"27784","AC124283.2"
"27785","AP001178.2"
"27786","AP000919.4"
"27787","AP005229.1"
"27788","AP001010.1"
"27789","GATA6"
"27790","AC110603.1"
"27791","LINC01908"
"27792","LINC01477"
"27793","SKOR2"
"27794","MRO"
"27795","AC098848.1"
"27796","SERPINB7"
"27797","AC116003.1"
"27798","AC011095.1"
"27799","AC103808.2"
"27800","AC103808.3"
"27801","LINC01029"
"27802","CSNK1G2-AS1"
"27803","AC092068.1"
"27804","AC092068.3"
"27805","GIPC3"
"27806","CACTIN-AS1"
"27807","NMRK2"
"27808","EBI3"
"27809","AC008752.2"
"27810","AC020931.1"
"27811","AC008543.4"
"27812","RTBDN"
"27813","CYP4F11"
"27814","F2RL3"
"27815","COMP"
"27816","HOMER3-AS1"
"27817","AC003973.1"
"27818","AC005307.1"
"27819","AC011524.2"
"27820","DMKN"
"27821","AC092296.1"
"27822","AC022148.2"
"27823","AC067969.1"
"27824","AC008649.1"
"27825","AC104534.1"
"27826","CYP2S1"
"27827","LINC01480"
"27828","CNFN"
"27829","L34079.2"
"27830","AC008635.1"
"27831","AC026803.1"
"27832","SIGLECL1"
"27833","NKG7"
"27834","SIGLEC8"
"27835","SIGLEC6"
"27836","SIGLEC14"
"27837","HAS1"
"27838","AC008440.2"
"27839","LILRB5"
"27840","LILRA2"
"27841","PTPRH"
"27842","AC020922.2"
"27843","TMEM190"
"27844","AC012313.7"
"27845","SIRPD"
"27846","SIRPB1"
"27847","AL359916.1"
"27848","HAO1"
"27849","PLCB1-IT1"
"27850","AL135937.1"
"27851","AL049649.1"
"27852","LINC01726"
"27853","AL121894.2"
"27854","AL031673.1"
"27855","AL121904.1"
"27856","AL121762.2"
"27857","BPIFB2"
"27858","BPIFB4"
"27859","LINC01270"
"27860","C20orf85"
"27861","EDN3"
"27862","OGFR-AS1"
"27863","SLC17A9"
"27864","AL121829.1"
"27865","AP003900.1"
"27866","LINC01549"
"27867","LINC01683"
"27868","AP000289.1"
"27869","LINC00114"
"27870","AP001610.2"
"27871","AP001619.2"
"27872","UMODL1-AS1"
"27873","AIRE"
"27874","LINC00315"
"27875","AC006946.3"
"27876","LINC00528"
"27877","AC016027.3"
"27878","LINC01634"
"27879","CCDC188"
"27880","AIFM3"
"27881","Z95115.2"
"27882","Z93930.3"
"27883","OSM"
"27884","LARGE-IT1"
"27885","APOL3"
"27886","TEX33"
"27887","RAC2"
"27888","AL021707.7"
"27889","AL022238.3"
"27890","MCHR1"
"27891","AL008582.1"
"27892","UPK3A"
"27893","LINC01644"
"27894","LINC00898"
"27895","ODF3B"
"27896","U62317.4"
"27897","AC002056.2"
"27898","LINC01546"
"27899","ASB9"
"27900","AC097625.1"
"27901","AC091806.1"
"27902","LINC01496"
"27903","AL034397.2"
"27904","IGBP1-AS1"
"27905","AL353804.2"
"27906","AL391294.1"
"27907","PIH1D3"
"27908","AC004973.1"
"27909","LINC01402"
"27910","RHOXF2"
"27911","GLUD2"
"27912","AC002407.1"
"27913","PLXNB3"
"27914","AC022486.1"
"27915","MAFIP"
"27916","AC011043.2"
"27917","AC004556.3"
"27918","AL139246.3"
"27919","AL139424.1"
"27920","AL137798.2"
"27921","AL031727.2"
"27922","PLA2G2C"
"27923","UBXN10-AS1"
"27924","AL031432.5"
"27925","AC096540.1"
"27926","AC098484.1"
"27927","AC099795.1"
"27928","C1orf185"
"27929","AC099794.1"
"27930","AC099786.3"
"27931","AC093423.2"
"27932","AC093577.1"
"27933","AL360270.3"
"27934","LINC01731"
"27935","S100A12"
"27936","S100A2"
"27937","UBE2Q1-AS1"
"27938","AL365181.1"
"27939","SMG7-AS1"
"27940","AL136372.2"
"27941","LINC01724"
"27942","AL592114.3"
"27943","AVPR1B"
"27944","C4BPB"
"27945","LINC02769"
"27946","LINC02608"
"27947","AL161640.1"
"27948","OR2T12"
"27949","LINC01865"
"27950","AC092159.1"
"27951","AC010969.1"
"27952","AC068286.1"
"27953","AC104695.4"
"27954","LINC00309"
"27955","AC073046.4"
"27956","LINC01293"
"27957","AC012494.2"
"27958","AC027612.5"
"27959","FOXD4L1"
"27960","AC023347.1"
"27961","RAB6D"
"27962","AC023468.1"
"27963","AC009487.3"
"27964","AC013733.2"
"27965","LINC01790"
"27966","AC009965.1"
"27967","AC083900.1"
"27968","LINC00608"
"27969","NPPC"
"27970","AC124862.1"
"27971","AC090948.2"
"27972","KRBOX1-AS1"
"27973","BSN-AS1"
"27974","IQCF1"
"27975","ESRG"
"27976","AC107302.2"
"27977","AC020651.2"
"27978","AC112482.2"
"27979","AC024933.2"
"27980","AC021074.3"
"27981","AC108718.1"
"27982","AC092994.1"
"27983","LINC01100"
"27984","AC079910.1"
"27985","SAMD7"
"27986","OTOP1"
"27987","AC007126.1"
"27988","LINC02496"
"27989","LINC02469"
"27990","AC104785.1"
"27991","AC097520.2"
"27992","AF213884.3"
"27993","PANCR"
"27994","LINC02379"
"27995","AC108052.1"
"27996","AC107220.1"
"27997","AC097375.2"
"27998","AC080078.1"
"27999","TRIM75P"
"28000","AC103879.1"
"28001","AC019193.4"
"28002","CLDN22"
"28003","AC026740.1"
"28004","AC122719.1"
"28005","TERT"
"28006","IRX2"
"28007","IRX1"
"28008","AC091965.4"
"28009","AC145141.2"
"28010","AC008434.1"
"28011","AC008517.1"
"28012","AC008494.3"
"28013","AC113418.1"
"28014","AC010307.3"
"28015","AC112178.1"
"28016","AC244517.4"
"28017","LINC01861"
"28018","C5orf52"
"28019","AC011365.2"
"28020","AC113423.1"
"28021","AC139491.8"
"28022","AC034213.1"
"28023","AL035696.3"
"28024","AL031768.1"
"28025","AL022170.1"
"28026","AL645937.4"
"28027","ZFP57"
"28028","MUCL3"
"28029","HLA-DOB"
"28030","HLA-DPB1"
"28031","AL512274.1"
"28032","CRISP1"
"28033","GCM1"
"28034","AL359380.1"
"28035","AL365226.2"
"28036","AL136164.1"
"28037","AL096678.1"
"28038","LINC02527"
"28039","AL355312.4"
"28040","FRMD1"
"28041","AL513210.1"
"28042","AL049612.1"
"28043","AC102953.1"
"28044","HOXA3"
"28045","AC092634.4"
"28046","AC073326.1"
"28047","AC006148.2"
"28048","AC003975.1"
"28049","AC011005.4"
"28050","OR2A5"
"28051","OR2A25"
"28052","OR2A14"
"28053","ASB10"
"28054","AC005998.1"
"28055","BLACE"
"28056","AC008060.3"
"28057","EN2"
"28058","AC019257.2"
"28059","AC115485.1"
"28060","AC037459.4"
"28061","AC025871.3"
"28062","AC067817.1"
"28063","AC010857.1"
"28064","DKK4"
"28065","AC103831.1"
"28066","LINC00967"
"28067","AP003355.2"
"28068","AP000424.1"
"28069","LINC01181"
"28070","AC087354.1"
"28071","AC100803.2"
"28072","AC067930.1"
"28073","DMRT2"
"28074","AL360014.1"
"28075","AL512604.3"
"28076","AL591543.1"
"28077","AL355607.1"
"28078","AL353764.1"
"28079","AL450426.1"
"28080","AL139041.1"
"28081","AL354928.1"
"28082","FUT7"
"28083","AL807752.2"
"28084","BX255925.4"
"28085","LINC02662"
"28086","AL137186.1"
"28087","AL139405.1"
"28088","AL158211.4"
"28089","AL450326.3"
"28090","TBATA"
"28091","KCNMA1-AS2"
"28092","LRIT2"
"28093","AL136982.3"
"28094","AL157400.2"
"28095","ANKRD1"
"28096","CYP26C1"
"28097","AL139124.1"
"28098","SFRP5"
"28099","AL357127.2"
"28100","AL513190.1"
"28101","LINC01166"
"28102","MUC5B"
"28103","SLC22A18AS"
"28104","ART1"
"28105","OR52I2"
"28106","OR56A4"
"28107","CSNK2A3"
"28108","AC027779.1"
"28109","AC124798.2"
"28110","SAA2"
"28111","NAV2-AS5"
"28112","LINC01493"
"28113","AC090589.3"
"28114","RAPSN"
"28115","SLC22A11"
"28116","MIR194-2HG"
"28117","CTSW"
"28118","CATSPER1"
"28119","TBX10"
"28120","SHANK2-AS3"
"28121","ARAP1-AS1"
"28122","AP003032.1"
"28123","AP000893.2"
"28124","AP005436.1"
"28125","AP000786.1"
"28126","LINC02700"
"28127","AP001924.2"
"28128","BSX"
"28129","AP003121.1"
"28130","SENCR"
"28131","LINC00942"
"28132","AC006207.1"
"28133","AC006063.2"
"28134","AC125494.2"
"28135","IAPP"
"28136","LINC00477"
"28137","AC004466.3"
"28138","SP7"
"28139","OR2AP1"
"28140","AC011611.3"
"28141","NTS"
"28142","AC007656.1"
"28143","AC079907.2"
"28144","AC012555.2"
"28145","AC078880.4"
"28146","AC087863.2"
"28147","AC069503.4"
"28148","AC026786.2"
"28149","ZDHHC20-IT1"
"28150","AL445985.2"
"28151","CSNK1A1L"
"28152","TUSC8"
"28153","LINC00458"
"28154","AL445288.1"
"28155","AL353633.1"
"28156","LINC01043"
"28157","AL355075.3"
"28158","AL355922.4"
"28159","TPPP2"
"28160","IL25"
"28161","DHRS2"
"28162","CBLN3"
"28163","SEC23A-AS1"
"28164","AL359397.1"
"28165","AL352979.2"
"28166","AL392024.1"
"28167","AF111169.2"
"28168","AL135818.3"
"28169","AL049833.4"
"28170","LINC02312"
"28171","AL162151.1"
"28172","AC087463.2"
"28173","AC104002.1"
"28174","AC020658.3"
"28175","AC087721.1"
"28176","AC051619.7"
"28177","AC103691.2"
"28178","AC009292.1"
"28179","AC068397.2"
"28180","AC105020.5"
"28181","AC103858.2"
"28182","AC087286.3"
"28183","AC012409.3"
"28184","LINC02244"
"28185","TPSG1"
"28186","AC009065.6"
"28187","AC130456.5"
"28188","AF001550.1"
"28189","AC092119.3"
"28190","AC130466.1"
"28191","AC106782.5"
"28192","AC116348.3"
"28193","AC023824.3"
"28194","AC109136.1"
"28195","AC027682.5"
"28196","AC009097.2"
"28197","AC009119.2"
"28198","AC133919.2"
"28199","AC006435.1"
"28200","AC005696.3"
"28201","OR3A1"
"28202","GGT6"
"28203","LINC01996"
"28204","TM4SF5"
"28205","AC004771.5"
"28206","AC005244.2"
"28207","AC068442.1"
"28208","AC005277.1"
"28209","CDRT15"
"28210","AC005224.3"
"28211","LINC02096"
"28212","AC122129.2"
"28213","AC024267.1"
"28214","TMIGD1"
"28215","AC005899.3"
"28216","AC079336.2"
"28217","AC243830.2"
"28218","TBC1D3L"
"28219","AC006441.3"
"28220","KRTAP3-2"
"28221","KRT32"
"28222","KRT13"
"28223","CD300LG"
"28224","AC018521.2"
"28225","AC087289.2"
"28226","AC087289.4"
"28227","LINC00868"
"28228","AP000915.1"
"28229","AP000915.2"
"28230","AP001095.1"
"28231","AP005137.1"
"28232","AC007922.3"
"28233","LINC01543"
"28234","AC021517.1"
"28235","AC023421.1"
"28236","AC018931.1"
"28237","WDR7-OT1"
"28238","SERPINB12"
"28239","LINC02582"
"28240","AC090398.2"
"28241","C18orf65"
"28242","OR4F17"
"28243","THEG"
"28244","ADAT3"
"28245","LINGO3"
"28246","AC005264.1"
"28247","AC005339.1"
"28248","TNFSF9"
"28249","PCP2"
"28250","AC011461.1"
"28251","AC010422.4"
"28252","AC005616.1"
"28253","AC079466.2"
"28254","AC022144.1"
"28255","AC011500.3"
"28256","CEACAM7"
"28257","KLK15"
"28258","AC010328.1"
"28259","ERVV-1"
"28260","AC245052.4"
"28261","NCR1"
"28262","AC006116.6"
"28263","ZSCAN4"
"28264","AC012313.9"
"28265","SLC4A11"
"28266","C20orf187"
"28267","AL050320.1"
"28268","AL359511.3"
"28269","AL133464.1"
"28270","VSX1"
"28271","AL110115.1"
"28272","AL050349.1"
"28273","STK4-AS1"
"28274","LINC01716"
"28275","AL117372.1"
"28276","SLCO4A1-AS1"
"28277","AL121581.2"
"28278","FP671120.7"
"28279","AP001116.1"
"28280","AP000235.1"
"28281","AP001628.2"
"28282","KRTAP10-4"
"28283","POTEH"
"28284","FAM230J"
"28285","RIMBP3C"
"28286","PCAT14"
"28287","SEC14L3"
"28288","AC004832.1"
"28289","AL021937.3"
"28290","Z80897.2"
"28291","Z94160.2"
"28292","LINC00229"
"28293","Z82243.1"
"28294","PKDREJ"
"28295","U62317.3"
"28296","ARSD-AS1"
"28297","AC232271.3"
"28298","AL591212.1"
"28299","NXF2"
"28300","NXF2B"
"28301","SOWAHD"
"28302","AL035443.1"
"28303","AL354822.1"
"28304","PERM1"
"28305","AL357509.1"
"28306","FCN3"
"28307","AL122010.1"
"28308","AL929472.2"
"28309","LINC01343"
"28310","CYP4B1"
"28311","AL445183.1"
"28312","AL035415.1"
"28313","AL590093.1"
"28314","C8A"
"28315","AC096543.1"
"28316","LINC01349"
"28317","AC093157.2"
"28318","SYPL2"
"28319","AL355990.2"
"28320","TAFA3"
"28321","AL589765.5"
"28322","C2CD4D"
"28323","AL589986.2"
"28324","CRNN"
"28325","IL6R-AS1"
"28326","AL590666.1"
"28327","AL138899.1"
"28328","OR10J1"
"28329","LINC02819"
"28330","NECTIN4"
"28331","NPHS2"
"28332","LINC01701"
"28333","AL157402.2"
"28334","AC244035.4"
"28335","AL360091.1"
"28336","LINC02809"
"28337","AL118511.4"
"28338","AL122008.4"
"28339","AL591848.3"
"28340","AC018685.3"
"28341","AC019118.1"
"28342","EIPR1-IT1"
"28343","AC007463.2"
"28344","SLC30A3"
"28345","DNAJC5G"
"28346","LINC01883"
"28347","AC074366.1"
"28348","AC013480.1"
"28349","AC073283.1"
"28350","REG1A"
"28351","AC011754.2"
"28352","AC062037.2"
"28353","IL18RAP"
"28354","GPR45"
"28355","LINC01123"
"28356","AC108463.3"
"28357","AC067960.1"
"28358","AC096666.1"
"28359","AC073973.1"
"28360","CRYGB"
"28361","LINC01614"
"28362","AC021016.3"
"28363","FBXO36-IT1"
"28364","CHRND"
"28365","AC113618.2"
"28366","RTP5"
"28367","AC116096.1"
"28368","CYP8B1"
"28369","FRG2C"
"28370","POU1F1"
"28371","TRAT1"
"28372","MORC1-AS1"
"28373","AC072026.3"
"28374","FOXL2NB"
"28375","PLCH1-AS2"
"28376","LINC02023"
"28377","HTR3C"
"28378","LINC02020"
"28379","LINC02052"
"28380","KNG1"
"28381","AC080129.2"
"28382","CPN2"
"28383","SMCO1"
"28384","NKX3-2"
"28385","SLIT2-IT1"
"28386","AC092834.1"
"28387","AC108467.1"
"28388","CXCL3"
"28389","AC097478.1"
"28390","AP001961.1"
"28391","AC004067.1"
"28392","AC083795.2"
"28393","FABP2"
"28394","JADRR"
"28395","AC093903.1"
"28396","AC093893.1"
"28397","AC009567.1"
"28398","AC084866.1"
"28399","AC096751.2"
"28400","AC093909.4"
"28401","AC107391.1"
"28402","AC105924.1"
"28403","AC116351.1"
"28404","AC022113.1"
"28405","UGT3A1"
"28406","LINC00604"
"28407","AC112187.3"
"28408","LINC02118"
"28409","LINC01386"
"28410","AC074131.1"
"28411","IL13"
"28412","AC002428.2"
"28413","KIF4B"
"28414","STC2"
"28415","AC113391.2"
"28416","BTNL8"
"28417","AL035696.4"
"28418","FOXCUT"
"28419","LINC00518"
"28420","AL022724.2"
"28421","AL353152.2"
"28422","AL132775.2"
"28423","Z98745.2"
"28424","OR2J3"
"28425","OR2J2"
"28426","OR11A1"
"28427","TRIM31-AS1"
"28428","SMIM40"
"28429","KCNK17"
"28430","AL513008.1"
"28431","AL355802.3"
"28432","LINC02539"
"28433","AL359382.2"
"28434","AL355297.2"
"28435","AC091729.2"
"28436","AC006150.1"
"28437","AC005154.3"
"28438","AC007349.4"
"28439","TRGC2"
"28440","NPC1L1"
"28441","ZNF716"
"28442","AZGP1"
"28443","AC000372.1"
"28444","AC018635.2"
"28445","AC244472.1"
"28446","AC010973.2"
"28447","CRYGN"
"28448","AC073236.1"
"28449","AC093726.2"
"28450","MNX1-AS2"
"28451","AF067845.5"
"28452","AC114550.1"
"28453","LINC00529"
"28454","AC022239.1"
"28455","DEFB135"
"28456","AC103719.1"
"28457","AC090816.1"
"28458","AC103724.3"
"28459","LINC02849"
"28460","AC016877.1"
"28461","AP003469.1"
"28462","PGM5P3-AS1"
"28463","AQP7"
"28464","AL353795.2"
"28465","FAM240B"
"28466","FOXD4L3"
"28467","AL772202.1"
"28468","CYLC2"
"28469","NR5A1"
"28470","AL162391.1"
"28471","AL353611.1"
"28472","C8G"
"28473","TOR4A"
"28474","AC025822.1"
"28475","AC022535.1"
"28476","UCMA"
"28477","AL158211.1"
"28478","LINC02673"
"28479","AL353600.1"
"28480","AL353600.2"
"28481","AL117336.1"
"28482","LINC01520"
"28483","AL136982.2"
"28484","AL157400.1"
"28485","AL365434.1"
"28486","DMBT1"
"28487","CLRN3"
"28488","AL390236.1"
"28489","AL161645.1"
"28490","AC136475.5"
"28491","AC079329.1"
"28492","MRGPRX3"
"28493","LINC02699"
"28494","AC021698.1"
"28495","MUC15"
"28496","AL137224.1"
"28497","MS4A3"
"28498","MS4A18"
"28499","MS4A10"
"28500","AP000753.1"
"28501","AP005273.2"
"28502","AP000944.6"
"28503","C11orf72"
"28504","AP003065.2"
"28505","AP002993.1"
"28506","MMP3"
"28507","CASP5"
"28508","AC016902.1"
"28509","TMPRSS4"
"28510","AP002765.1"
"28511","PATE3"
"28512","AP000842.1"
"28513","LINC02098"
"28514","ETS1-AS1"
"28515","KCNJ1"
"28516","AP003327.2"
"28517","C11orf44"
"28518","CACNA1C-IT3"
"28519","APOBEC1"
"28520","CLEC6A"
"28521","CLEC4D"
"28522","AC087318.1"
"28523","AC009509.2"
"28524","LINC02450"
"28525","DDN"
"28526","TESPA1"
"28527","LINC02445"
"28528","LNCOG"
"28529","AC126178.1"
"28530","AC063948.1"
"28531","AC010205.1"
"28532","AC002351.1"
"28533","AC140118.1"
"28534","AL161893.1"
"28535","LINC01050"
"28536","AL445989.1"
"28537","AL445238.2"
"28538","LINC00392"
"28539","LINC01069"
"28540","LINC01039"
"28541","CLYBL-AS1"
"28542","AL137246.1"
"28543","FOXA1"
"28544","AL121820.1"
"28545","AC004817.1"
"28546","LINC02292"
"28547","LINC02280"
"28548","AC102941.2"
"28549","AC009268.2"
"28550","AC013356.3"
"28551","SPINT1-AS1"
"28552","PLA2G4E-AS1"
"28553","PLA2G4E"
"28554","AC090970.1"
"28555","AC103982.1"
"28556","LINC01581"
"28557","AC026523.1"
"28558","AC024651.3"
"28559","AL031600.2"
"28560","CEMP1"
"28561","AC005736.2"
"28562","AC023830.2"
"28563","LITAFD"
"28564","AC022168.1"
"28565","LINC02186"
"28566","UMOD"
"28567","ACSM2A"
"28568","AC009093.4"
"28569","SULT1A4"
"28570","AC002519.1"
"28571","IRX6"
"28572","AC093536.2"
"28573","TAT"
"28574","AC009163.4"
"28575","LINC02131"
"28576","AC009154.1"
"28577","SLC16A11"
"28578","AC113189.3"
"28579","AC005291.1"
"28580","AC007952.2"
"28581","GRAPL"
"28582","TBC1D3"
"28583","LINC01976"
"28584","SGCA"
"28585","AC005920.3"
"28586","AC025521.1"
"28587","LINC01973"
"28588","AC021534.1"
"28589","AP001099.1"
"28590","LINC-ROR"
"28591","LINC01544"
"28592","LINC01916"
"28593","AC009704.3"
"28594","AC103808.6"
"28595","AC024592.2"
"28596","AC010336.4"
"28597","AC008759.2"
"28598","AC020934.2"
"28599","AC003956.1"
"28600","OR10H5"
"28601","LINC00661"
"28602","AC008761.2"
"28603","B3GNT3"
"28604","AC005387.1"
"28605","AC123912.2"
"28606","AC008738.4"
"28607","AC002128.2"
"28608","CEACAM5"
"28609","DMRTC2"
"28610","KCNN4"
"28611","AC008735.3"
"28612","DUXA"
"28613","GNRH2"
"28614","AL161938.1"
"28615","AL110115.2"
"28616","HNF4A-AS1"
"28617","LINC01620"
"28618","HAR1B"
"28619","CU634019.1"
"28620","AP000474.2"
"28621","AP000233.2"
"28622","UBASH3A"
"28623","LINC01671"
"28624","SUSD2"
"28625","AP000356.1"
"28626","CRYBB3"
"28627","Z99916.3"
"28628","ZNRF3-IT1"
"28629","AC002059.1"
"28630","AC004832.4"
"28631","Z82244.2"
"28632","MGAT3-AS1"
"28633","Z82206.1"
"28634","PNPLA5"
"28635","VCX"
"28636","ASB11"
"28637","EIF1AX-AS1"
"28638","Z94277.1"
"28639","AL591503.1"
"28640","SPACA5"
"28641","AC115618.2"
"28642","IGBP1-AS2"
"28643","AL035425.3"
"28644","AMMECR1-IT1"
"28645","AL365256.1"
"28646","PASD1"
"28647","LINC01635"
"28648","AL590609.3"
"28649","NEGR1-IT1"
"28650","LINC01675"
"28651","SELL"
"28652","AL359853.2"
"28653","FMOD"
"28654","AL670729.1"
"28655","LYST-AS1"
"28656","AC092687.3"
"28657","AC109642.1"
"28658","AC009305.1"
"28659","AC016735.1"
"28660","AC009236.1"
"28661","AC012366.1"
"28662","AC108463.2"
"28663","AC140481.2"
"28664","AC016710.1"
"28665","AC023483.1"
"28666","CPA3"
"28667","LINC00885"
"28668","AC027607.1"
"28669","UGT2B17"
"28670","MAB21L2"
"28671","AC008505.1"
"28672","AC099520.2"
"28673","AC010395.1"
"28674","LINC01843"
"28675","AC016598.1"
"28676","OR2H1"
"28677","LINC02570"
"28678","HLA-DOA"
"28679","GLYATL3"
"28680","AL133457.1"
"28681","AL512283.2"
"28682","AL591115.1"
"28683","AL121956.1"
"28684","KIF25-AS1"
"28685","AC004543.1"
"28686","TMEM270"
"28687","SLC13A1"
"28688","HYAL4"
"28689","AC009403.3"
"28690","AC022784.3"
"28691","AC100802.1"
"28692","AC124067.3"
"28693","LINC01603"
"28694","AC083841.1"
"28695","AL133476.1"
"28696","AL935212.1"
"28697","BANCR"
"28698","AL354893.2"
"28699","AL441943.2"
"28700","AL513303.1"
"28701","LINC00841"
"28702","OR13A1"
"28703","KRTAP5-1"
"28704","OR51B5"
"28705","EHF"
"28706","LINC02757"
"28707","MMP1"
"28708","AC005912.2"
"28709","CLEC12A"
"28710","AC078950.1"
"28711","AC020656.2"
"28712","MYO16-AS2"
"28713","AL161431.1"
"28714","LINC01297"
"28715","DUOX2"
"28716","AC027088.5"
"28717","AC108861.1"
"28718","AC022188.1"
"28719","LINC01177"
"28720","AC003009.1"
"28721","AC007728.2"
"28722","AC046158.2"
"28723","AC087392.4"
"28724","ALOX15"
"28725","MYH8"
"28726","AC013248.1"
"28727","KRT36"
"28728","AC068234.3"
"28729","SP6"
"28730","AC079331.3"
"28731","AC125421.1"
"28732","AC016168.4"
"28733","AC068408.2"
"28734","AC008543.3"
"28735","AC020913.2"
"28736","MAG"
"28737","FOXA3"
"28738","AC011523.1"
"28739","SIRPG"
"28740","AL049594.1"
"28741","AL359555.2"
"28742","AP000688.2"
"28743","AP001057.1"
"28744","AP001065.4"
"28745","LINC00895"
"28746","AL008638.6"
"28747","AL023802.1"
"28748","GATA1"
"28749","ARHGEF9-IT1"
"28750","CLCNKA"
"28751","DMRTB1"
"28752","AL590440.2"
"28753","SPATA42"
"28754","PGLYRP4"
"28755","AQP10"
"28756","AL592078.1"
"28757","FCRL1"
"28758","SLAMF6"
"28759","CD48"
"28760","LRRC52"
"28761","LINC01741"
"28762","AL137796.1"
"28763","C1orf116"
"28764","AL358176.1"
"28765","AL358176.4"
"28766","OR2T8"
"28767","AC007463.1"
"28768","AC093798.1"
"28769","AC016722.1"
"28770","LINC01795"
"28771","AC073869.5"
"28772","AC018678.1"
"28773","ITGB6"
"28774","AC017048.1"
"28775","AC145625.2"
"28776","CCR9"
"28777","TDGF1"
"28778","AC092059.1"
"28779","AC092468.1"
"28780","ILDR1"
"28781","LINC02034"
"28782","KCNAB1-AS2"
"28783","AC007920.1"
"28784","AL136360.2"
"28785","FGFBP2"
"28786","AC107067.1"
"28787","AC139720.2"
"28788","AC079340.2"
"28789","AC121161.2"
"28790","HELT"
"28791","AC113355.1"
"28792","AC022447.7"
"28793","AC008964.1"
"28794","ISL1"
"28795","HSPB3"
"28796","AC022118.1"
"28797","AC011374.2"
"28798","SCGB3A1"
"28799","AC008443.4"
"28800","LTA"
"28801","LINC01016"
"28802","HTR1B"
"28803","AL049548.1"
"28804","AC005019.2"
"28805","AC006478.1"
"28806","AC092848.2"
"28807","AC007003.1"
"28808","AC008060.2"
"28809","LINC00244"
"28810","AC100810.3"
"28811","AC022239.2"
"28812","AC009630.4"
"28813","AC103760.1"
"28814","AC103764.1"
"28815","LY6K"
"28816","AC067930.3"
"28817","AF186192.3"
"28818","LINC01243"
"28819","LINC02670"
"28820","LINC01518"
"28821","LINC02632"
"28822","DNTT"
"28823","OR52E5"
"28824","AC116021.1"
"28825","LINC02489"
"28826","SLC22A9"
"28827","AP000867.5"
"28828","LINC02151"
"28829","MPZL2"
"28830","AP003392.4"
"28831","KIRREL3-AS3"
"28832","LINC02390"
"28833","AC004241.4"
"28834","AC117498.1"
"28835","PRPH"
"28836","HCAR2"
"28837","AC068768.1"
"28838","LINC02825"
"28839","AC117500.6"
"28840","AL158065.1"
"28841","AL354810.1"
"28842","LINC00379"
"28843","AL163195.2"
"28844","AL135744.1"
"28845","TRAC"
"28846","AL139022.2"
"28847","AL132709.7"
"28848","AC102941.1"
"28849","AC026150.1"
"28850","AC021755.2"
"28851","AC027088.2"
"28852","CYP1A1"
"28853","AC104758.2"
"28854","AC005606.1"
"28855","AC003965.1"
"28856","AC008870.1"
"28857","AC009166.1"
"28858","CES1"
"28859","CLEC18C"
"28860","HCCAT5"
"28861","AC092145.1"
"28862","AC118755.1"
"28863","AC022596.1"
"28864","AC005730.2"
"28865","AC024614.2"
"28866","OTOP3"
"28867","AC015802.3"
"28868","GCGR"
"28869","AC130371.2"
"28870","LINC01254"
"28871","AP005229.2"
"28872","AC090398.1"
"28873","PLPP2"
"28874","AC005790.1"
"28875","TGFBR3L"
"28876","AC008555.5"
"28877","KLK10"
"28878","AC063977.3"
"28879","AL390037.1"
"28880","WFDC9"
"28881","AL844908.2"
"28882","AP001476.1"
"28883","RNF185-AS1"
"28884","GALR3"
"28885","AL683807.2"
"28886","AMELX"
"28887","NR0B1"
"28888","AC006144.2"
"28889","AC010722.1"
"28890","CALML6"
"28891","AL137027.1"
"28892","BSND"
"28893","INSL5"
"28894","LINC01661"
"28895","LINC01527"
"28896","FCRL6"
"28897","AC099563.2"
"28898","MAP1LC3C"
"28899","AC139712.3"
"28900","AC068616.1"
"28901","TCF7L1-IT1"
"28902","AC074387.1"
"28903","AC010727.1"
"28904","AC104304.3"
"28905","AC099050.1"
"28906","AC026100.1"
"28907","SIDT1-AS1"
"28908","LINC02004"
"28909","FOXL2"
"28910","AC012081.1"
"28911","CSN1S1"
"28912","NKX6-1"
"28913","ADH7"
"28914","AC021134.2"
"28915","AC025174.1"
"28916","IL7R"
"28917","AC010425.1"
"28918","AC122694.1"
"28919","PITX1"
"28920","AC109439.2"
"28921","AC025437.4"
"28922","AC010291.1"
"28923","C5orf58"
"28924","AC008514.1"
"28925","AL139390.1"
"28926","AL031058.1"
"28927","TRIM31"
"28928","AL136131.2"
"28929","TBX18-AS1"
"28930","CGA"
"28931","GJA10"
"28932","TRAPPC3L"
"28933","AC002465.2"
"28934","AC103957.2"
"28935","TNFRSF10A-AS1"
"28936","AC078906.1"
"28937","AC090802.1"
"28938","ZFAT-AS1"
"28939","AC083841.2"
"28940","GPIHBP1"
"28941","AC084125.3"
"28942","IZUMO3"
"28943","LINC00474"
"28944","LINC02635"
"28945","GJD4"
"28946","OPN4"
"28947","AL161652.1"
"28948","LINC01153"
"28949","AL354950.2"
"28950","ART5"
"28951","SAA1"
"28952","B3GNT6"
"28953","MMP10"
"28954","ZNF705A"
"28955","AC115676.1"
"28956","AC022079.2"
"28957","AC024940.6"
"28958","AC004466.2"
"28959","LINC02354"
"28960","AC131157.1"
"28961","LINC00592"
"28962","GPR84"
"28963","LINC00934"
"28964","FAM230C"
"28965","LINC00363"
"28966","LINC00221"
"28967","LINC02252"
"28968","AC020658.4"
"28969","AC013564.1"
"28970","CYP1A2"
"28971","HS3ST6"
"28972","CD19"
"28973","IRX3"
"28974","AC020978.1"
"28975","MFSD6L"
"28976","AC087501.3"
"28977","MYH1"
"28978","AC106017.1"
"28979","AC018521.6"
"28980","AC087749.2"
"28981","AC120024.1"
"28982","AP002505.3"
"28983","RDH8"
"28984","AC010335.1"
"28985","LINC01766"
"28986","AC092296.4"
"28987","CLC"
"28988","AC011495.3"
"28989","AC092070.4"
"28990","AL109807.1"
"28991","ITCH-IT1"
"28992","LINC00686"
"28993","CU633904.1"
"28994","DNMT3L"
"28995","GAB4"
"28996","CCDC116"
"28997","AL022323.5"
"28998","AL021877.2"
"28999","PVALB"
"29000","Z97056.3"
"29001","IL17REL"
"29002","AL034546.1"
"29003","ACR"
"29004","AC016925.3"
"29005","AC006040.1"
"29006","AL831784.1"
"29007","LINC02781"
"29008","AL121992.3"
"29009","LINC01654"
"29010","SH2D5"
"29011","IL22RA1"
"29012","C1orf232"
"29013","CD52"
"29014","AL031430.1"
"29015","CYP4A11"
"29016","AGBL4-IT1"
"29017","LINC01753"
"29018","AC119800.1"
"29019","DNASE2B"
"29020","BARHL2"
"29021","AC097059.1"
"29022","LINC01760"
"29023","AL355310.1"
"29024","AL158847.1"
"29025","LINC02586"
"29026","AL603832.2"
"29027","AL512638.3"
"29028","AC239802.1"
"29029","THEM5"
"29030","SMCP"
"29031","SPRR2G"
"29032","SPTA1"
"29033","LY9"
"29034","AL354714.1"
"29035","AL512785.1"
"29036","AL031726.2"
"29037","PKP1"
"29038","KISS1"
"29039","IL10"
"29040","AL445493.3"
"29041","RD3"
"29042","AC093581.1"
"29043","LINC01655"
"29044","MIXL1"
"29045","AL353052.1"
"29046","LINC00184"
"29047","AL391832.2"
"29048","AC104335.2"
"29049","OR2M2"
"29050","OR2T33"
"29051","AC114808.2"
"29052","AC010907.1"
"29053","U91324.1"
"29054","OSR1"
"29055","AC011752.1"
"29056","AC009411.1"
"29057","LINC01822"
"29058","AC104695.3"
"29059","PCARE"
"29060","AC009229.1"
"29061","AC017006.1"
"29062","AC007389.5"
"29063","FABP1"
"29064","FOXI3"
"29065","TEX37"
"29066","POTEI"
"29067","CFC1"
"29068","POTEJ"
"29069","AC078882.1"
"29070","UPP2-IT1"
"29071","AC064843.1"
"29072","AC098872.1"
"29073","PCGEM1"
"29074","AC010983.1"
"29075","AC020719.1"
"29076","AC004464.1"
"29077","AC079354.2"
"29078","FAM237A"
"29079","AC008269.2"
"29080","AC007879.4"
"29081","AC019185.2"
"29082","WNT6"
"29083","IHH"
"29084","RESP18"
"29085","AC008273.1"
"29086","UBE2E2-AS1"
"29087","AC097639.1"
"29088","AC007483.1"
"29089","AC018358.1"
"29090","LYZL4"
"29091","KLHL40"
"29092","AC006058.2"
"29093","LRRC2-AS1"
"29094","GPR62"
"29095","AC073352.2"
"29096","PLA1A"
"29097","LINC02032"
"29098","AC104831.1"
"29099","OTOL1"
"29100","AC069439.2"
"29101","GHSR"
"29102","AC107294.3"
"29103","TMEM207"
"29104","SLC49A3"
"29105","DEFB131A"
"29106","DRD5"
"29107","LINC02364"
"29108","LINC01259"
"29109","LINC02380"
"29110","CXCL8"
"29111","CXCL1"
"29112","CXCL2"
"29113","C4orf54"
"29114","AC079341.1"
"29115","AC026402.2"
"29116","LINC02485"
"29117","AC093890.2"
"29118","AC108935.1"
"29119","AC080078.2"
"29120","ASIC5"
"29121","AC079768.4"
"29122","AC113370.1"
"29123","RXFP3"
"29124","LINC02117"
"29125","AC034226.1"
"29126","ESM1"
"29127","LINC02225"
"29128","AC008972.1"
"29129","AC093510.2"
"29130","AC004775.1"
"29131","SMIM32"
"29132","AC244517.9"
"29133","AC005592.2"
"29134","MSX2"
"29135","AC008659.1"
"29136","AL136309.3"
"29137","LINC01108"
"29138","LINC02543"
"29139","AL022726.1"
"29140","AL132775.1"
"29141","AL133268.3"
"29142","HLA-DPA1"
"29143","HCG24"
"29144","CLPSL2"
"29145","Z84484.1"
"29146","CRISP2"
"29147","AL360175.1"
"29148","LINC01564"
"29149","AL357139.2"
"29150","AL445224.1"
"29151","CALHM5"
"29152","LINC02536"
"29153","LINC02528"
"29154","RAET1L"
"29155","NANOGP11"
"29156","AL357832.1"
"29157","AL078604.2"
"29158","AL035691.1"
"29159","AL590302.1"
"29160","AC147651.3"
"29161","AC004160.2"
"29162","AC006041.1"
"29163","AC003087.1"
"29164","PRR15"
"29165","POU6F2-AS1"
"29166","AC011228.1"
"29167","AC073349.5"
"29168","AC004921.1"
"29169","AC073130.1"
"29170","FEZF1-AS1"
"29171","PRSS2"
"29172","AC005586.2"
"29173","AC004863.1"
"29174","AC100810.7"
"29175","DEFB134"
"29176","DOK2"
"29177","AC105046.1"
"29178","AC105046.2"
"29179","AC100861.1"
"29180","NKX3-1"
"29181","AC113194.1"
"29182","LINC00588"
"29183","AC022868.2"
"29184","AP003469.3"
"29185","AP001330.5"
"29186","IGHEP2"
"29187","TAF1L"
"29188","FAM205C"
"29189","BX005040.1"
"29190","AL355607.2"
"29191","AL445531.1"
"29192","PRRX2-AS1"
"29193","BARHL1"
"29194","AL645768.1"
"29195","SOHLH1"
"29196","LINC02846"
"29197","CLIC3"
"29198","CYSRT1"
"29199","LINC00700"
"29200","AC022535.2"
"29201","PTF1A"
"29202","C10orf142"
"29203","ANTXRL"
"29204","AC060234.2"
"29205","AC069079.1"
"29206","AL355314.1"
"29207","AC067752.1"
"29208","AL844892.1"
"29209","FGF8"
"29210","CALHM3"
"29211","AL353740.1"
"29212","KCNK18"
"29213","LINC00601"
"29214","AL161645.2"
"29215","LINC02688"
"29216","H19"
"29217","IGF2"
"29218","OR52H1"
"29219","OR56B1"
"29220","TUB-AS1"
"29221","SAA4"
"29222","NAV2-IT1"
"29223","AC023442.3"
"29224","AC021573.1"
"29225","GAL"
"29226","AP001085.1"
"29227","TPBGL"
"29228","AP003969.1"
"29229","AP003973.3"
"29230","AP001360.3"
"29231","OR8D4"
"29232","OR10G4"
"29233","AP000866.5"
"29234","PKNOX2-AS1"
"29235","AP003486.2"
"29236","AP001999.2"
"29237","AC005343.4"
"29238","AC005344.1"
"29239","AC006063.4"
"29240","AC007848.2"
"29241","AC092490.1"
"29242","KLRC4"
"29243","RERG-AS1"
"29244","AC089987.2"
"29245","C12orf81"
"29246","AC076968.1"
"29247","AC089998.1"
"29248","LINC02820"
"29249","KERA"
"29250","AC117505.1"
"29251","AC005888.1"
"29252","FZD10-AS1"
"29253","ADGRD1-AS1"
"29254","LINC02415"
"29255","AL359538.3"
"29256","AL450423.2"
"29257","LINC00374"
"29258","SCEL-AS1"
"29259","LINC00333"
"29260","LINC00560"
"29261","OXGR1"
"29262","AL359502.2"
"29263","OR6J1"
"29264","AL163973.2"
"29265","AL161665.2"
"29266","AL359233.1"
"29267","AL392023.1"
"29268","LINC00644"
"29269","LINC00911"
"29270","SERPINA10"
"29271","DLK1"
"29272","AL355836.2"
"29273","AL161669.3"
"29274","LINC01193"
"29275","AC009268.3"
"29276","AC114546.2"
"29277","AC020659.1"
"29278","EHD4-AS1"
"29279","AC009558.2"
"29280","AC022467.1"
"29281","ODF3L1"
"29282","AC068870.1"
"29283","AC024651.1"
"29284","PGPEP1L"
"29285","SSTR5-AS1"
"29286","AL031598.1"
"29287","AC120498.8"
"29288","AC126755.2"
"29289","AC010494.1"
"29290","AC009019.2"
"29291","LINC2194"
"29292","AC109460.4"
"29293","AC012645.3"
"29294","PYDC1"
"29295","AC012186.2"
"29296","LINC00920"
"29297","AGRP"
"29298","AC009159.2"
"29299","LINC01227"
"29300","AC138028.6"
"29301","GLTPD2"
"29302","GUCY2D"
"29303","AC084167.1"
"29304","AC007952.6"
"29305","AC007952.5"
"29306","ALDH3A1"
"29307","AC104564.4"
"29308","SLFN12L"
"29309","TBC1D3B"
"29310","AC080112.4"
"29311","GJD3"
"29312","THRA1/BTR"
"29313","HOXB-AS1"
"29314","AC007638.1"
"29315","AC003950.1"
"29316","OR4D1"
"29317","AC004687.3"
"29318","AC025048.1"
"29319","CD300C"
"29320","C17orf77"
"29321","AC117569.2"
"29322","AC023043.4"
"29323","AC090386.1"
"29324","AC006305.3"
"29325","RAX"
"29326","AC105094.1"
"29327","SERPINB13"
"29328","SERPINB2"
"29329","SERPINB10"
"29330","AC023394.2"
"29331","SMIM21"
"29332","AC018529.2"
"29333","KISS1R"
"29334","AC104530.1"
"29335","S1PR4"
"29336","CLEC4G"
"29337","OR7D4"
"29338","ANGPTL8"
"29339","INSL3"
"29340","LINC01531"
"29341","AC010605.1"
"29342","PTH2"
"29343","KLK5"
"29344","KLK13"
"29345","LAIR2"
"29346","ISM1-AS1"
"29347","AL359511.2"
"29348","AL160411.1"
"29349","AL035420.2"
"29350","SLPI"
"29351","WFDC11"
"29352","WFDC13"
"29353","CU633906.1"
"29354","AP001464.1"
"29355","AP000688.3"
"29356","AP001056.2"
"29357","TRPM2-AS"
"29358","BX322562.1"
"29359","AP000553.8"
"29360","GGTLC2"
"29361","AL022323.2"
"29362","AL133456.1"
"29363","SSTR3"
"29364","LINC02601"
"29365","PAGE1"
"29366","AL356317.2"
"29367","PABPC1L2B"
"29368","IRS4"
"29369","TEX13C"
"29370","DCAF12L1"
"29371","MAGEA8-AS1"
"29372","MAGEA8"
"29373","AC236972.3"
"29374","AC236972.4"
"29375","PNMA6F"
"29376","AC007325.2"
"29377","AL109659.2"
"29378","LINC01964"
"29379","NCKAP5-IT1"
"29380","AC098820.3"
"29381","AC092825.1"
"29382","LINC00955"
"29383","AC097478.2"
"29384","AC092435.2"
"29385","AC025754.1"
"29386","LINC01366"
"29387","LINC01944"
"29388","AL033381.3"
"29389","KCNK5"
"29390","VNN2"
"29391","MYB-AS1"
"29392","TFPI2"
"29393","AC005021.1"
"29394","AC006372.1"
"29395","FAM87A"
"29396","LINC02637"
"29397","AC022023.2"
"29398","OR52N5"
"29399","AP001107.3"
"29400","AP005436.3"
"29401","AP003043.1"
"29402","OR9K2"
"29403","CLLU1"
"29404","LINC00358"
"29405","LINC01044"
"29406","TMEM253"
"29407","AC013356.4"
"29408","AC090651.1"
"29409","AC092755.1"
"29410","Z97652.1"
"29411","LINC01975"
"29412","AC138150.2"
"29413","LINC02089"
"29414","AC099850.3"
"29415","AC091044.1"
"29416","AC008760.1"
"29417","AC011511.3"
"29418","KLF1"
"29419","AC005546.1"
"29420","AC011446.2"
"29421","ZNF728"
"29422","AC079466.1"
"29423","NCCRP1"
"29424","ERVV-2"
"29425","ADIG"
"29426","VCX3B"
"29427","ARHGAP36"
"29428","AL592309.2"
"29429","AL645944.2"
"29430","AL354919.2"
"29431","KLF17"
"29432","AL390718.1"
"29433","AL353709.1"
"29434","PIGR"
"29435","OR2C3"
"29436","PRKAG3"
"29437","AC093606.1"
"29438","AC109517.1"
"29439","AC010251.1"
"29440","BTNL3"
"29441","AL671883.3"
"29442","MCCD1"
"29443","AC006026.3"
"29444","RNF148"
"29445","AKR1B10"
"29446","AC015468.3"
"29447","AP003117.1"
"29448","LINC01150"
"29449","AP001922.1"
"29450","LINC02598"
"29451","AC107023.1"
"29452","LINC01076"
"29453","AL590027.1"
"29454","AC141586.2"
"29455","AC018521.7"
"29456","AP005209.1"
"29457","AP005121.1"
"29458","LINC01898"
"29459","RAX2"
"29460","FUT3"
"29461","AC010329.1"
"29462","LINC01782"
"29463","AL034548.1"
"29464","WFDC6"
"29465","AL157359.1"
"29466","HSFX4"
"29467","TNFRSF14-AS1"
"29468","AC254633.1"
"29469","AL359771.1"
"29470","PADI1"
"29471","AC253572.1"
"29472","PACERR"
"29473","IGFN1"
"29474","AC098934.4"
"29475","CR2"
"29476","LINC01693"
"29477","AC009486.1"
"29478","AC018682.2"
"29479","EGR4"
"29480","AC013402.2"
"29481","IL1RN"
"29482","AC133785.1"
"29483","LINC01087"
"29484","LINC02478"
"29485","LINC01792"
"29486","WNT10A"
"29487","AC034187.1"
"29488","AC093496.1"
"29489","CCRL2"
"29490","GNAT1"
"29491","AC097358.2"
"29492","CXCL5"
"29493","DDIT4L"
"29494","AC107050.1"
"29495","AC027335.1"
"29496","LINC02061"
"29497","AC008766.1"
"29498","AC008948.1"
"29499","LINC02148"
"29500","PPP2R2B-IT1"
"29501","OR2V2"
"29502","AL034376.2"
"29503","AL031123.2"
"29504","AL355336.1"
"29505","AL353152.1"
"29506","AL080313.2"
"29507","U91328.3"
"29508","HIST1H4K"
"29509","TRIM10"
"29510","HLA-DRB5"
"29511","HLA-DQB1"
"29512","AL022067.1"
"29513","LINC00602"
"29514","AL596442.2"
"29515","IL6"
"29516","EPO"
"29517","AC073140.1"
"29518","DEFA3"
"29519","MSC"
"29520","AC023200.1"
"29521","AP003115.1"
"29522","SLURP2"
"29523","AL449983.1"
"29524","AL355361.1"
"29525","SFTPA2"
"29526","LINC02627"
"29527","AL158166.1"
"29528","NKX6-2"
"29529","IFITM1"
"29530","LINC01219"
"29531","AC132217.2"
"29532","C11orf21"
"29533","TRPM5"
"29534","OR51B2"
"29535","OR52D1"
"29536","AL133330.1"
"29537","PRG2"
"29538","LINC02723"
"29539","AP003419.2"
"29540","CARD16"
"29541","CD69"
"29542","C1QL4"
"29543","ANKRD33"
"29544","AC021066.1"
"29545","KRT1"
"29546","NFE2"
"29547","AC009779.5"
"29548","AC137834.2"
"29549","AC023161.1"
"29550","FZD10"
"29551","GJB2"
"29552","GPC5-IT1"
"29553","AL355974.2"
"29554","RNASE6"
"29555","AL160237.1"
"29556","AL358334.3"
"29557","SIX1"
"29558","LINC02289"
"29559","SERPINA3"
"29560","AC023449.2"
"29561","EPB42"
"29562","AC012378.1"
"29563","AC009560.1"
"29564","TMEM202"
"29565","AJ003147.1"
"29566","SLC6A2"
"29567","MT1G"
"29568","AC010536.2"
"29569","AC092120.1"
"29570","TNFRSF13B"
"29571","AC005726.4"
"29572","AC104564.2"
"29573","AC243829.5"
"29574","CCR7"
"29575","AC007993.3"
"29576","AC217774.2"
"29577","HOXB2"
"29578","HOXB3"
"29579","AC027801.3"
"29580","CD79B"
"29581","POTEC"
"29582","AC117569.1"
"29583","AC105227.1"
"29584","AC090377.1"
"29585","AC015819.2"
"29586","ICAM4"
"29587","CYP4F3"
"29588","AC008739.1"
"29589","ERVK-28"
"29590","AL049651.1"
"29591","REM1"
"29592","AL121901.1"
"29593","FP565260.3"
"29594","SAMSN1-AS1"
"29595","LINC00322"
"29596","AP001059.3"
"29597","AJ239328.1"
"29598","AC007663.2"
"29599","VPREB3"
"29600","Z97192.3"
"29601","IL2RG"
"29602","NCBP2L"
"29603","CSAG1"
"29604","TTLL10-AS1"
"29605","LINC01646"
"29606","LINC01672"
"29607","KLHDC7A"
"29608","AL031005.1"
"29609","CD164L2"
"29610","RSPO1"
"29611","FOXD2-AS1"
"29612","FOXD2"
"29613","LINC01738"
"29614","LHX8"
"29615","AC092805.1"
"29616","HMGCS2"
"29617","NOTCH2NLB"
"29618","APOA2"
"29619","AL596325.1"
"29620","AL390730.1"
"29621","TNNT2"
"29622","IRF6"
"29623","LINC02815"
"29624","TMEM78"
"29625","AC106053.1"
"29626","AC009413.2"
"29627","LINC01833"
"29628","SIX3-AS1"
"29629","AC012354.1"
"29630","SIX2"
"29631","AC093702.1"
"29632","AC073263.2"
"29633","LINC01127"
"29634","IL1R1-AS1"
"29635","PGM5P4-AS1"
"29636","MARCO"
"29637","LINC01911"
"29638","HAGLROS"
"29639","GPBAR1"
"29640","GBX2"
"29641","TNNC1"
"29642","AC104633.1"
"29643","AC104633.2"
"29644","LINC02070"
"29645","AC107029.1"
"29646","AC128687.2"
"29647","GP9"
"29648","AC130888.1"
"29649","LINC02010"
"29650","SHOX2"
"29651","AC108037.1"
"29652","AC109349.1"
"29653","AFP"
"29654","CXCL6"
"29655","PF4V1"
"29656","PF4"
"29657","PPBP"
"29658","AC105254.1"
"29659","AC106871.1"
"29660","FAM160A1-DT"
"29661","ZFP42"
"29662","LINC02104"
"29663","LINC02106"
"29664","AC010478.1"
"29665","AC026774.1"
"29666","SPZ1"
"29667","AC027338.1"
"29668","AC123595.2"
"29669","AL138831.2"
"29670","KAAG1"
"29671","HIST1H1T"
"29672","AL033519.5"
"29673","DEFB133"
"29674","DEFB110"
"29675","DEFB112"
"29676","TFAP2B"
"29677","GSTA3"
"29678","FO680682.1"
"29679","Z86062.2"
"29680","AL024497.2"
"29681","SYNE1-AS1"
"29682","AL353747.3"
"29683","CYP2W1"
"29684","UNCX"
"29685","AC007029.1"
"29686","NPVF"
"29687","IGFBP1"
"29688","CLDN3"
"29689","ELN-AS1"
"29690","FEZF1"
"29691","CREB3L2-AS1"
"29692","AC073140.2"
"29693","AC021355.1"
"29694","AC041005.1"
"29695","CERNA3"
"29696","GPR20"
"29697","BNC2-AS1"
"29698","IFT74-AS1"
"29699","AQP3"
"29700","SIT1"
"29701","BX005214.1"
"29702","BX255923.1"
"29703","PGM5-AS1"
"29704","AL161457.1"
"29705","AL355601.1"
"29706","AC007066.3"
"29707","AL161908.1"
"29708","AL669970.3"
"29709","AL590226.2"
"29710","AL731533.3"
"29711","AL158168.1"
"29712","LRRC18"
"29713","AL596223.2"
"29714","AL596247.1"
"29715","AC010997.5"
"29716","AL589863.2"
"29717","AL356753.1"
"29718","MAT1A"
"29719","AL513324.1"
"29720","AL354950.3"
"29721","SCT"
"29722","SYT8"
"29723","TNNI2"
"29724","IGF2-AS"
"29725","AC127526.4"
"29726","HBD"
"29727","HBE1"
"29728","KC877392.1"
"29729","AL137804.1"
"29730","AP003721.4"
"29731","AP003721.3"
"29732","AP001363.1"
"29733","AP003498.1"
"29734","LINC02553"
"29735","MFRP"
"29736","AP001007.3"
"29737","AP003500.1"
"29738","AP000911.1"
"29739","AC010186.1"
"29740","C12orf77"
"29741","AC087588.2"
"29742","KRT81"
"29743","AC083805.3"
"29744","AC046129.1"
"29745","AC090503.2"
"29746","AC007540.1"
"29747","AC007834.1"
"29748","AC026368.1"
"29749","AC148476.1"
"29750","LINC00554"
"29751","AL390755.3"
"29752","AL133163.3"
"29753","AL049874.3"
"29754","SERPINA5"
"29755","GSC"
"29756","DIO3"
"29757","AL132801.1"
"29758","AC020658.2"
"29759","HDC"
"29760","AC020891.2"
"29761","AC012653.2"
"29762","AC009269.5"
"29763","AC100835.2"
"29764","LINC00052"
"29765","AC106028.2"
"29766","AC012409.1"
"29767","NHLRC4"
"29768","CHP2"
"29769","IRX5"
"29770","DERPC"
"29771","SDR42E1"
"29772","AC126696.2"
"29773","AC240565.2"
"29774","AC129507.4"
"29775","AC055872.2"
"29776","SLC2A4"
"29777","CCL14"
"29778","C17orf98"
"29779","SOST"
"29780","DLX3"
"29781","C17orf112"
"29782","AC015912.3"
"29783","AC011120.1"
"29784","PPP1R27"
"29785","AP005271.1"
"29786","AC090912.2"
"29787","AC027319.1"
"29788","RETN"
"29789","ACP5"
"29790","CIB3"
"29791","LRRC25"
"29792","AC008507.5"
"29793","RGS9BP"
"29794","AC020907.3"
"29795","C19orf33"
"29796","CD177"
"29797","AC008622.2"
"29798","LIM2"
"29799","AL121899.4"
"29800","AL035420.3"
"29801","AL031674.1"
"29802","AL132655.1"
"29803","LAMA5-AS1"
"29804","LINC00189"
"29805","BACH1-IT3"
"29806","TMPRSS3"
"29807","LINC00316"
"29808","MB"
"29809","AC074281.2"
"29810","EZHIP"
"29811","HS6ST2-AS1"
"29812","BRS3"
"29813","GPR50-AS1"
"29814","GPR50"
"29815","KC877982.1"
"29816","AL365330.1"
"29817","LINC00853"
"29818","AL513493.1"
"29819","AL035412.1"
"29820","MCOLN3"
"29821","LINC02787"
"29822","FCER1A"
"29823","LINC01815"
"29824","IL37"
"29825","IL36G"
"29826","AC096589.1"
"29827","AC096772.1"
"29828","CRYGC"
"29829","AC013448.1"
"29830","AC005538.3"
"29831","AC005104.1"
"29832","CCR8"
"29833","AC110716.1"
"29834","ZIC4-AS1"
"29835","AC092958.3"
"29836","AC092958.2"
"29837","LINC01213"
"29838","AC109131.1"
"29839","AC084211.1"
"29840","HRG"
"29841","SHISA3"
"29842","AC108021.1"
"29843","AC079298.2"
"29844","C5orf38"
"29845","AC012603.1"
"29846","CATSPER3"
"29847","JARID2-AS1"
"29848","OR2B6"
"29849","PRDM13"
"29850","OLIG3"
"29851","HGC6.3"
"29852","AC004947.1"
"29853","LINC02860"
"29854","MAGI2-AS2"
"29855","AC092590.1"
"29856","AC016831.6"
"29857","AC114550.3"
"29858","AC011257.1"
"29859","AL513412.1"
"29860","AL356489.1"
"29861","AL160270.1"
"29862","AL353803.4"
"29863","SLC18A3"
"29864","AC016396.1"
"29865","NKX2-3"
"29866","AL592071.1"
"29867","KCNQ1DN"
"29868","AC090587.2"
"29869","AC013549.4"
"29870","FSHB"
"29871","MIR670HG"
"29872","FGF19"
"29873","FGF3"
"29874","AP003498.2"
"29875","AC005841.1"
"29876","AC009533.3"
"29877","AC023158.2"
"29878","AC008035.1"
"29879","AC090109.1"
"29880","AC090680.1"
"29881","AC089999.2"
"29882","AC083806.3"
"29883","LINC02418"
"29884","LINC00545"
"29885","CLYBL-AS2"
"29886","LINC00676"
"29887","LINC02303"
"29888","GPR65"
"29889","AL049836.2"
"29890","AC084757.4"
"29891","MSLN"
"29892","AC009065.7"
"29893","AC009121.2"
"29894","AC009133.3"
"29895","AC140658.1"
"29896","AC007608.2"
"29897","LINC02128"
"29898","AC009163.6"
"29899","AC087498.1"
"29900","AC116914.1"
"29901","GNGT2"
"29902","AP001178.1"
"29903","AC106037.2"
"29904","AC090912.3"
"29905","AC068408.1"
"29906","AC016383.2"
"29907","AC090338.1"
"29908","AC114341.1"
"29909","AC004449.1"
"29910","PRTN3"
"29911","AC008750.2"
"29912","AL136172.1"
"29913","AL132822.1"
"29914","AL008721.1"
"29915","C22orf42"
"29916","AC239585.2"
"29917","BX546450.2"
"29918","AL162741.1"
"29919","AL139246.1"
"29920","RCC2-AS1"
"29921","AC119677.1"
"29922","AL135960.1"
"29923","LINC02772"
"29924","ITLN2"
"29925","AC119673.1"
"29926","CTSE"
"29927","AC062037.3"
"29928","LINC01941"
"29929","AC062032.1"
"29930","LINC01802"
"29931","AGAP1-IT1"
"29932","LINC02037"
"29933","UGT2B4"
"29934","AC008243.1"
"29935","AC026785.2"
"29936","AC112172.2"
"29937","AC008875.2"
"29938","AL023806.2"
"29939","PRPS1L1"
"29940","AC021097.2"
"29941","AC009623.3"
"29942","AC090103.1"
"29943","ENTPD8"
"29944","AL358612.1"
"29945","AL358787.1"
"29946","AC010768.2"
"29947","GPHA2"
"29948","AP001107.7"
"29949","PHOX2A"
"29950","AP003119.1"
"29951","AC025162.1"
"29952","MYO1A"
"29953","LINC02333"
"29954","AL161752.1"
"29955","AC022405.1"
"29956","AC025918.1"
"29957","AC090826.1"
"29958","AC018767.1"
"29959","AC007952.3"
"29960","HOXB-AS3"
"29961","LINC01978"
"29962","AP001542.3"
"29963","UCA1"
"29964","AC010271.1"
"29965","AL356299.2"
"29966","AL109955.2"
"29967","AC004832.6"
"29968","APOBEC3B-AS1"
"29969","PINCR"
"29970","AL033527.2"
"29971","AC234582.2"
"29972","OR6N1"
"29973","LINC01142"
"29974","LINC00303"
"29975","MIR205HG"
"29976","LINC00538"
"29977","NMS"
"29978","AC093639.2"
"29979","AC062039.1"
"29980","AC013401.1"
"29981","AC013448.2"
"29982","AC005538.1"
"29983","AC093915.1"
"29984","OR5K1"
"29985","LINC00973"
"29986","SOX14"
"29987","LINC01210"
"29988","AC007159.1"
"29989","LINC01487"
"29990","AC112491.1"
"29991","AC139887.5"
"29992","AC078852.1"
"29993","TMPRSS11E"
"29994","CABS1"
"29995","LINC02562"
"29996","AC106872.12"
"29997","SLC6A18"
"29998","IRX4"
"29999","LINC02199"
"30000","AC008808.2"
"30001","AC091860.2"
"30002","AC002428.1"
"30003","SLC17A2"
"30004","CALHM4"
"30005","VGLL2"
"30006","AL109910.2"
"30007","FAM220A"
"30008","AC003986.2"
"30009","AC004947.3"
"30010","HOXA-AS3"
"30011","C7orf66"
"30012","AC002386.1"
"30013","AC002057.1"
"30014","TMEM176A"
"30015","AC008060.1"
"30016","BX255923.2"
"30017","AL353608.3"
"30018","AL354861.3"
"30019","GATA3-AS1"
"30020","DRGX"
"30021","AL450311.1"
"30022","AC063962.1"
"30023","HMX3"
"30024","HMX2"
"30025","TH"
"30026","AC027804.1"
"30027","DBX1"
"30028","LINC02686"
"30029","ELF5"
"30030","OR5AK2"
"30031","AC007529.1"
"30032","H3F3C"
"30033","EPYC"
"30034","AC073864.1"
"30035","AC048338.2"
"30036","AC055717.2"
"30037","LINC00550"
"30038","AL445209.1"
"30039","RNASE11"
"30040","NKX2-1-AS1"
"30041","PAX9"
"30042","LINC00517"
"30043","AL162632.1"
"30044","AL161757.3"
"30045","AL133279.2"
"30046","CCDC197"
"30047","AC016044.1"
"30048","AC066614.1"
"30049","AC064799.2"
"30050","AC012409.4"
"30051","LINC02157"
"30052","AC103746.1"
"30053","AC087477.3"
"30054","AC026523.4"
"30055","LINC02178"
"30056","AC106742.1"
"30057","AC106738.1"
"30058","AC022164.1"
"30059","AC091180.3"
"30060","AC145207.4"
"30061","AC022809.1"
"30062","AC021506.1"
"30063","OXT"
"30064","AVP"
"30065","AL133465.1"
"30066","AL121759.2"
"30067","NKX2-4"
"30068","AL158013.1"
"30069","NKX2-2-AS1"
"30070","AL133325.2"
"30071","AL049765.1"
"30072","AL354993.1"
"30073","AL157414.1"
"30074","LINC00659"
"30075","AC018692.1"
"30076","AF241725.1"
"30077","LINC00945"
"30078","LINC01548"
"30079","TFF3"
"30080","AL844908.1"
"30081","AP000553.3"
"30082","GYG2-AS1"
"30083","TCP11X2"
"30084","CTAG2"
"30085","AC114498.1"
"30086","AL355602.1"
"30087","AL031847.1"
"30088","BX323043.1"
"30089","NPPB"
"30090","AL354712.1"
"30091","PLA2G2A"
"30092","AL139254.3"
"30093","HTR1D"
"30094","AL138902.1"
"30095","SFN"
"30096","LINC02574"
"30097","AL353622.2"
"30098","AC117945.1"
"30099","AL391730.2"
"30100","KNCN"
"30101","CYP4A22"
"30102","TACSTD2"
"30103","AC099791.4"
"30104","AL031429.1"
"30105","AL031429.2"
"30106","AL606519.1"
"30107","AL138799.2"
"30108","LINC01555"
"30109","GBP5"
"30110","AC099568.1"
"30111","AC093117.1"
"30112","AC092802.3"
"30113","AC099670.3"
"30114","AMY2A"
"30115","NBPF4"
"30116","AL355310.3"
"30117","PROK1"
"30118","HSD3B1"
"30119","VHLL"
"30120","AL365181.4"
"30121","FCRL5"
"30122","OR10Z1"
"30123","SLAMF1"
"30124","CD244"
"30125","FCRLA"
"30126","AL451074.5"
"30127","LINC01699"
"30128","MYOG"
"30129","MYBPH"
"30130","AC244034.2"
"30131","LINC01774"
"30132","AL118511.3"
"30133","DISC1-IT1"
"30134","AL122008.1"
"30135","AL161640.3"
"30136","LINC02768"
"30137","AL356361.2"
"30138","OR2W3"
"30139","OR2T6"
"30140","OR14I1"
"30141","LYPD8"
"30142","AC105393.2"
"30143","AC107057.1"
"30144","AC092617.1"
"30145","AC011747.1"
"30146","AC113608.2"
"30147","AC012506.3"
"30148","AC012506.2"
"30149","AC073218.1"
"30150","AC019064.1"
"30151","LINC01819"
"30152","AC138655.1"
"30153","AC093159.1"
"30154","AC114752.2"
"30155","AC069404.1"
"30156","SULT1C3"
"30157","AC068491.3"
"30158","AC012363.2"
"30159","AC019159.2"
"30160","AC068282.2"
"30161","AC009961.4"
"30162","AC092153.1"
"30163","MYL1"
"30164","AC007563.1"
"30165","AC007557.2"
"30166","LINC01921"
"30167","AC007557.1"
"30168","AC007749.1"
"30169","CXCR2"
"30170","DES"
"30171","SPEGNB"
"30172","AC017104.6"
"30173","AC023787.3"
"30174","AC131097.2"
"30175","LINC02022"
"30176","AC012087.2"
"30177","AC096921.2"
"30178","AC123023.1"
"30179","AC092053.2"
"30180","ITIH1"
"30181","AC115282.2"
"30182","AC137936.1"
"30183","AC098969.1"
"30184","AC020655.1"
"30185","LINC02077"
"30186","AC117430.1"
"30187","CD200R1L"
"30188","AC020634.2"
"30189","AC092902.2"
"30190","RHO"
"30191","A4GNT"
"30192","LINC01998"
"30193","LINC02066"
"30194","AC073359.2"
"30195","AC026355.3"
"30196","AC007953.1"
"30197","AC007953.2"
"30198","FETUB"
"30199","RTP4"
"30200","AC026320.1"
"30201","AC026320.3"
"30202","AC092933.2"
"30203","AC128709.2"
"30204","AC097381.2"
"30205","CPZ"
"30206","ERVH-1"
"30207","LINC02473"
"30208","AC007106.1"
"30209","AC098868.1"
"30210","AC093677.3"
"30211","AC025244.2"
"30212","GK2"
"30213","AC139718.1"
"30214","AC104779.1"
"30215","AC097173.2"
"30216","LINC00613"
"30217","AC105914.2"
"30218","AC108073.3"
"30219","AC091893.2"
"30220","AC106754.1"
"30221","AC022447.2"
"30222","AC008869.1"
"30223","AC010457.1"
"30224","AC114977.2"
"30225","AC108099.1"
"30226","AC093292.1"
"30227","AC034245.1"
"30228","LINC02229"
"30229","AC010420.1"
"30230","AC010280.2"
"30231","AC010280.3"
"30232","AC116345.3"
"30233","AC108174.1"
"30234","AC093534.2"
"30235","AC008588.1"
"30236","AC034228.2"
"30237","AC010240.3"
"30238","AC114296.1"
"30239","IL9"
"30240","ARHGAP26-IT1"
"30241","AC008627.1"
"30242","AC011383.1"
"30243","IL12B"
"30244","AC113348.1"
"30245","LINC01394"
"30246","LINC02533"
"30247","AL357518.1"
"30248","AL009031.1"
"30249","HDGFL1"
"30250","PRSS16"
"30251","Z98745.1"
"30252","LINC02829"
"30253","AL645933.2"
"30254","HLA-DQA1"
"30255","LINC00336"
"30256","AL138889.3"
"30257","IL17F"
"30258","GSTA1"
"30259","AL034374.1"
"30260","AL593844.1"
"30261","AL589935.3"
"30262","AL136972.1"
"30263","LINC02535"
"30264","LINC02836"
"30265","GPR6"
"30266","Z99289.2"
"30267","GPRC6A"
"30268","AL512283.1"
"30269","AL356124.2"
"30270","AL513524.1"
"30271","AL024497.1"
"30272","SLC35D3"
"30273","AL355596.1"
"30274","AL138916.2"
"30275","TAB2-AS1"
"30276","AL031056.2"
"30277","AL450345.1"
"30278","AL627443.3"
"30279","AL627443.1"
"30280","RPS6KA2-AS1"
"30281","AL109910.1"
"30282","AL731661.1"
"30283","AC093627.1"
"30284","AC187653.1"
"30285","AC005550.1"
"30286","AC004870.3"
"30287","LINC00525"
"30288","AC092634.8"
"30289","AC092637.1"
"30290","CCL24"
"30291","AC074183.1"
"30292","LINC01007"
"30293","AC073348.2"
"30294","AC002529.1"
"30295","TRBVB"
"30296","NOBOX"
"30297","AC006007.1"
"30298","AC129915.3"
"30299","AC026991.1"
"30300","DEFA5"
"30301","AF131216.3"
"30302","AC025857.2"
"30303","AC022832.2"
"30304","AC084838.1"
"30305","AP006248.4"
"30306","SFTPC"
"30307","AC037441.1"
"30308","LINC02599"
"30309","NPBWR1"
"30310","MOS"
"30311","AC087439.2"
"30312","AP002982.2"
"30313","AP001205.1"
"30314","AP003550.1"
"30315","AC025370.2"
"30316","DCSTAMP"
"30317","AC027031.1"
"30318","AC100858.4"
"30319","GSDMC"
"30320","AC108002.2"
"30321","AL392089.1"
"30322","AL358053.1"
"30323","AL162384.1"
"30324","AL451129.1"
"30325","CER1"
"30326","AL357614.1"
"30327","AL135841.1"
"30328","CCIN"
"30329","LINC01474"
"30330","AL353780.1"
"30331","AL162726.4"
"30332","OR13C3"
"30333","OR13C5"
"30334","AL359552.1"
"30335","RNF183"
"30336","TTLL11-IT1"
"30337","OBP2A"
"30338","BX255925.1"
"30339","AL954642.1"
"30340","AL392083.2"
"30341","AL139280.2"
"30342","SLC39A12-AS1"
"30343","AL158211.2"
"30344","AL512603.1"
"30345","AC245041.1"
"30346","AC073174.1"
"30347","AC051618.1"
"30348","AC016822.1"
"30349","TMEM26-AS1"
"30350","AL356952.1"
"30351","AL390862.1"
"30352","OPALIN"
"30353","ELOVL3"
"30354","CALHM1"
"30355","AL133355.1"
"30356","AC005383.1"
"30357","AL357127.1"
"30358","NKX1-2"
"30359","AL589787.2"
"30360","LINC01164"
"30361","AL450307.1"
"30362","UTF1"
"30363","AL731769.1"
"30364","OR51E2"
"30365","OR52E8"
"30366","OR52E4"
"30367","RBMXL2"
"30368","OR10A6"
"30369","AC124276.1"
"30370","CHRM4"
"30371","TRIM51GP"
"30372","AP003557.2"
"30373","OOSP2"
"30374","MS4A1"
"30375","SLC22A12"
"30376","OVOL1"
"30377","AP003555.1"
"30378","FOLR3"
"30379","AP002770.1"
"30380","MOGAT2"
"30381","AP003032.2"
"30382","LINC02737"
"30383","MMP13"
"30384","LINC02719"
"30385","AP002001.3"
"30386","AP003173.1"
"30387","AP003100.1"
"30388","AP001267.4"
"30389","LINC02744"
"30390","AP000679.1"
"30391","TMEM225"
"30392","OR10G9"
"30393","OR10G8"
"30394","OR10D3"
"30395","OR8G5"
"30396","AP002856.1"
"30397","AC006206.1"
"30398","AC005845.1"
"30399","AICDA"
"30400","AC091814.1"
"30401","TAS2R7"
"30402","LINC01489"
"30403","LINC02386"
"30404","AC121334.4"
"30405","LINC02451"
"30406","AC079906.1"
"30407","AC008083.4"
"30408","OR8S1"
"30409","WNT1"
"30410","KRT6A"
"30411","KRT5"
"30412","AC135895.1"
"30413","AC008033.3"
"30414","AC123905.1"
"30415","AC025575.1"
"30416","AC025575.2"
"30417","AC090116.1"
"30418","AC078860.2"
"30419","AC089984.1"
"30420","AC090503.1"
"30421","LINC02392"
"30422","LINC00615"
"30423","AC126175.2"
"30424","AC012555.1"
"30425","AC089983.2"
"30426","ASCL4"
"30427","AC084291.1"
"30428","AC084880.4"
"30429","AC084880.3"
"30430","AC069209.1"
"30431","AC068787.4"
"30432","AC068787.3"
"30433","LINC02411"
"30434","AC117373.1"
"30435","AC148477.3"
"30436","AC148477.1"
"30437","AL139327.2"
"30438","AL391560.1"
"30439","AL353789.1"
"30440","URAD"
"30441","AL139081.2"
"30442","SMIM2-IT1"
"30443","AL139801.1"
"30444","AL450423.1"
"30445","LINC01442"
"30446","LINC01075"
"30447","LINC00459"
"30448","LINC00364"
"30449","AL138957.1"
"30450","LINC01038"
"30451","LINC00430"
"30452","AL355677.1"
"30453","AL354811.2"
"30454","AL359502.1"
"30455","LINC00283"
"30456","AL137246.2"
"30457","LINC00460"
"30458","LINC00443"
"30459","AL354741.1"
"30460","AL356752.1"
"30461","F10-AS1"
"30462","AL442125.2"
"30463","OR4K17"
"30464","MYH6"
"30465","AL133313.1"
"30466","AC004817.4"
"30467","AL161753.1"
"30468","LINC02330"
"30469","LINC01147"
"30470","COX8C"
"30471","SERPINA11"
"30472","TCL1B"
"30473","BDKRB1"
"30474","AL163974.1"
"30475","LINC00239"
"30476","BX927359.1"
"30477","AL583722.3"
"30478","AL583722.1"
"30479","AC026495.1"
"30480","AC021979.1"
"30481","AC090877.2"
"30482","AC100834.2"
"30483","AC021755.3"
"30484","AC122108.2"
"30485","AC025271.4"
"30486","AC104574.1"
"30487","C2CD4A"
"30488","AC013553.3"
"30489","TBC1D21"
"30490","ANKRD34C"
"30491","AC021483.1"
"30492","AC027807.2"
"30493","AC123784.1"
"30494","AC087633.1"
"30495","AC015660.1"
"30496","AC090164.2"
"30497","IGFALS"
"30498","RNF151"
"30499","AC009065.1"
"30500","AC007598.1"
"30501","LINC02195"
"30502","COX6A2"
"30503","AC012181.2"
"30504","AC009081.1"
"30505","AC009110.1"
"30506","AC044802.2"
"30507","AC026474.1"
"30508","LINC01228"
"30509","AC025280.2"
"30510","AC138028.4"
"30511","OR1D2"
"30512","ASGR2"
"30513","TMEM95"
"30514","MYH2"
"30515","AC005304.1"
"30516","AC104024.2"
"30517","AC068418.3"
"30518","AC068418.2"
"30519","MTRNR2L1"
"30520","AC061975.7"
"30521","AC061975.1"
"30522","AC011824.3"
"30523","AC024614.1"
"30524","C17orf102"
"30525","LYZL6"
"30526","ZPBP2"
"30527","AC004585.1"
"30528","KRT33B"
"30529","KRT17"
"30530","G6PC"
"30531","LINC01180"
"30532","SPPL2C"
"30533","PRR15L"
"30534","FLJ45513"
"30535","AC002401.4"
"30536","AC015909.3"
"30537","CACNA1G-AS1"
"30538","KIF2B"
"30539","AC127029.2"
"30540","AC007423.1"
"30541","AC015802.5"
"30542","AC021683.6"
"30543","AC139099.1"
"30544","TUBB8P12"
"30545","LINC00668"
"30546","AC006238.2"
"30547","LINC01443"
"30548","AP005242.5"
"30549","AC091043.1"
"30550","AC011731.1"
"30551","AC007922.4"
"30552","DSG1"
"30553","ELOA2"
"30554","AC114684.1"
"30555","AC007673.1"
"30556","LINC01929"
"30557","AC027584.1"
"30558","AC009271.2"
"30559","AC100843.1"
"30560","AC096708.3"
"30561","AC027458.1"
"30562","AC090125.2"
"30563","AC034110.1"
"30564","LINC01879"
"30565","AC018529.1"
"30566","ELANE"
"30567","AC012615.4"
"30568","ZNRF4"
"30569","AC010336.2"
"30570","AC008742.1"
"30571","AC011511.5"
"30572","AC011472.4"
"30573","AC010463.2"
"30574","AC011516.1"
"30575","AC025811.1"
"30576","AC011467.1"
"30577","AC011503.4"
"30578","LINC01532"
"30579","AC011505.1"
"30580","AC008798.3"
"30581","SBSN"
"30582","LGALS13"
"30583","LGALS16"
"30584","CYP2A7"
"30585","ERICH4"
"30586","AC020909.2"
"30587","SIGLEC7"
"30588","SIGLEC12"
"30589","AC018755.1"
"30590","FPR2"
"30591","LILRB1"
"30592","USP29"
"30593","ZIM3"
"30594","AL139350.1"
"30595","AL118505.1"
"30596","AL050403.1"
"30597","AL121892.1"
"30598","AL132765.2"
"30599","AL049648.1"
"30600","AL049651.2"
"30601","AL118508.1"
"30602","AL121894.3"
"30603","AL158090.1"
"30604","AL035665.1"
"30605","AL035665.2"
"30606","AL031663.2"
"30607","EPPIN"
"30608","AL031687.1"
"30609","OCSTAMP"
"30610","AL139351.2"
"30611","LINC00494"
"30612","AL161937.1"
"30613","LINC01441"
"30614","AL096828.5"
"30615","AJ009632.1"
"30616","AP000432.1"
"30617","AP001117.1"
"30618","LINC00308"
"30619","AP000402.1"
"30620","AP001595.2"
"30621","AF124730.1"
"30622","AP000322.2"
"30623","LINC01700"
"30624","AC004471.2"
"30625","AC000067.1"
"30626","IGLV1-51"
"30627","GGT1.1"
"30628","Z99916.1"
"30629","APOL5"
"30630","Z82188.2"
"30631","LINC00207"
"30632","Z82186.1"
"30633","FP325330.1"
"30634","AC000050.1"
"30635","FAM9A"
"30636","TLR8-AS1"
"30637","MAGEB17"
"30638","AC112495.1"
"30639","DMD-AS3"
"30640","LINC01281"
"30641","AL139811.3"
"30642","PAGE4"
"30643","MTRNR2L10"
"30644","AL121872.1"
"30645","AL135784.1"
"30646","AL672032.1"
"30647","F9"
"30648","AC002368.1"
"30649","MAGEA11"
"30650","AC136352.3"
"30651","TNFRSF18"
"30652","AL121992.2"
"30653","HSPB7"
"30654","AL139254.1"
"30655","LACTBL1"
"30656","AL391497.1"
"30657","DPYD-IT1"
"30658","AL450992.3"
"30659","FCRL4"
"30660","AL691515.2"
"30661","LINC01680"
"30662","MTRNR2L11"
"30663","AC010907.2"
"30664","AC009229.3"
"30665","FIGLA"
"30666","AC011754.1"
"30667","AC012511.2"
"30668","AC093894.2"
"30669","IL1R2"
"30670","CD8B2"
"30671","AC114776.1"
"30672","AC010976.2"
"30673","AC011303.1"
"30674","HAGLR"
"30675","AC010731.3"
"30676","CRYBA2"
"30677","PRSS56"
"30678","AC145625.1"
"30679","LINC00606"
"30680","AC092053.5"
"30681","WWTR1-IT1"
"30682","LINC01323"
"30683","AC013724.1"
"30684","AC093810.1"
"30685","AC098798.1"
"30686","AC082650.2"
"30687","LINC02433"
"30688","AC098679.1"
"30689","AC107222.2"
"30690","AC097652.1"
"30691","AC122710.1"
"30692","AC025756.1"
"30693","LINC01335"
"30694","AC016550.2"
"30695","AC016550.3"
"30696","MIR583HG"
"30697","AC010608.1"
"30698","AC113361.1"
"30699","C5orf46"
"30700","AC091944.1"
"30701","AL512329.2"
"30702","AL159166.1"
"30703","AL157373.1"
"30704","AL662873.1"
"30705","DDX39B-AS1"
"30706","C4A"
"30707","AL662884.1"
"30708","AL157378.1"
"30709","LINC02544"
"30710","AC020743.1"
"30711","AC079763.1"
"30712","AC099681.2"
"30713","AC091685.1"
"30714","RNF133"
"30715","AC084864.2"
"30716","AC083862.2"
"30717","MTRNR2L6"
"30718","AF067845.4"
"30719","ADRB3"
"30720","AC091010.1"
"30721","AC090821.2"
"30722","AC110741.1"
"30723","AC011676.1"
"30724","AC138647.2"
"30725","LY6D"
"30726","LINC00583"
"30727","AL353742.1"
"30728","C9orf62"
"30729","CALML3"
"30730","ANXA8L1"
"30731","RBP3"
"30732","AC022400.1"
"30733","AC069540.2"
"30734","AL445237.1"
"30735","AL355537.1"
"30736","AL355537.2"
"30737","OR51C1P"
"30738","AC124276.2"
"30739","TRIM49B"
"30740","AP001271.1"
"30741","TRIM77"
"30742","OR10G7"
"30743","AP001804.1"
"30744","PANX3"
"30745","AP002856.4"
"30746","DPPA3"
"30747","KLRF2"
"30748","KRT7"
"30749","AC078962.1"
"30750","AC122688.2"
"30751","TMEM132D-AS2"
"30752","LINC00398"
"30753","LINC02339"
"30754","LINC00346"
"30755","AL356740.3"
"30756","MIR4307HG"
"30757","AL079304.1"
"30758","LINC02310"
"30759","AL691403.2"
"30760","AL157688.1"
"30761","AL355102.4"
"30762","AL355836.4"
"30763","AL512357.2"
"30764","AC023310.4"
"30765","AC023906.2"
"30766","AC107905.1"
"30767","AC009269.3"
"30768","AC105133.1"
"30769","AC104758.5"
"30770","AC103996.3"
"30771","AC015712.7"
"30772","MSLNL"
"30773","TPSB2"
"30774","CLDN9"
"30775","AC108134.1"
"30776","LINC02129"
"30777","CCL22"
"30778","AC040174.2"
"30779","AC010542.1"
"30780","AC026469.1"
"30781","BHLHA9"
"30782","CLEC10A"
"30783","AC129492.1"
"30784","AC093484.2"
"30785","AC022596.2"
"30786","AL353997.2"
"30787","AC005722.3"
"30788","AC004147.1"
"30789","AC022706.1"
"30790","AC060766.6"
"30791","AC015911.3"
"30792","AC090844.3"
"30793","SECTM1"
"30794","AC090457.1"
"30795","AC123786.3"
"30796","SMIM24"
"30797","CD209"
"30798","OR1M1"
"30799","PTGER1"
"30800","OR10H3"
"30801","LINC02841"
"30802","FAM187B"
"30803","HAMP"
"30804","AC002398.2"
"30805","CYP2F1"
"30806","IRGC"
"30807","CABP5"
"30808","KLK1"
"30809","KLK6"
"30810","AL354824.2"
"30811","LINC00851"
"30812","GDF5OS"
"30813","AL117382.1"
"30814","MIR1-1HG-AS1"
"30815","BIRC7"
"30816","KRTAP8-1"
"30817","KCNJ6-AS1"
"30818","LINC01423"
"30819","AP001059.2"
"30820","AP001062.3"
"30821","GSTT4"
"30822","CRYBA4"
"30823","AC005005.3"
"30824","FP325330.3"
"30825","Z72006.1"
"30826","CXCR3"
"30827","CD40LG"
"30828","FATE1"
"30829","WASIR1"
"30830","AC009494.2"
"30831","RNF223"
"30832","LINC01714"
"30833","LINC02766"
"30834","BX284668.1"
"30835","PLA2G2E"
"30836","PLA2G2F"
"30837","Z98257.1"
"30838","AL663074.1"
"30839","LINC02800"
"30840","AL391650.2"
"30841","GJB4"
"30842","ERI3-IT1"
"30843","LINC01398"
"30844","DMBX1"
"30845","LDLRAD1"
"30846","AL357673.2"
"30847","AC096536.2"
"30848","GFI1"
"30849","KCND3-IT1"
"30850","HAO2"
"30851","HSD3B2"
"30852","AC244394.2"
"30853","GJA8"
"30854","AL589986.1"
"30855","S100A14"
"30856","LENEP"
"30857","RXFP4"
"30858","TTC24"
"30859","OR10R2"
"30860","SLAMF7"
"30861","FCGR2B"
"30862","AL031733.2"
"30863","Z99943.1"
"30864","FASLG"
"30865","AL022310.1"
"30866","LINC01657"
"30867","AL160286.2"
"30868","AL359853.1"
"30869","AL358393.1"
"30870","CFHR2"
"30871","F13B"
"30872","LINC00628"
"30873","AC244035.2"
"30874","IL20"
"30875","AL137789.2"
"30876","AL356310.1"
"30877","AL359979.1"
"30878","AL359704.3"
"30879","ITPKB-IT1"
"30880","AL713868.1"
"30881","AL122008.3"
"30882","AL357556.4"
"30883","OR2T2"
"30884","OR2T10"
"30885","OR2T11"
"30886","AL672291.1"
"30887","AC105393.1"
"30888","AC011995.1"
"30889","AC104794.2"
"30890","AC099344.2"
"30891","PRR30"
"30892","AC105398.1"
"30893","LINC01890"
"30894","C2orf78"
"30895","AC007099.2"
"30896","AC012511.1"
"30897","ADRA2B"
"30898","LINC01868"
"30899","AC007271.1"
"30900","IL1RL1"
"30901","AC012360.2"
"30902","LIMS4"
"30903","AC017002.3"
"30904","AC017002.1"
"30905","LINC01961"
"30906","AC017074.2"
"30907","AC110769.1"
"30908","AC073257.1"
"30909","TEX51"
"30910","AC092484.1"
"30911","AC009227.2"
"30912","AC009495.2"
"30913","HOXD1"
"30914","AC017048.3"
"30915","AC013439.2"
"30916","VWC2L-IT1"
"30917","AC007557.4"
"30918","SCYGR4"
"30919","AC012507.3"
"30920","AC114814.3"
"30921","KLHL30"
"30922","AC090953.2"
"30923","LINC00690"
"30924","LINC02009"
"30925","UCN2"
"30926","SEMA3B-AS1"
"30927","PRICKLE2-DT"
"30928","AC105265.3"
"30929","LINC02085"
"30930","GCSAM"
"30931","TBILA"
"30932","H1FOO"
"30933","LINC01391"
"30934","AADACL2"
"30935","SUCNR1"
"30936","AC026316.3"
"30937","LINC01991"
"30938","AC069421.3"
"30939","LINC02048"
"30940","LINC01972"
"30941","AL590235.1"
"30942","AC104662.1"
"30943","AC097491.1"
"30944","LINC02499"
"30945","AC108515.1"
"30946","C4orf17"
"30947","AC079340.3"
"30948","AC097526.1"
"30949","AC074344.2"
"30950","TRIML1"
"30951","AC138781.1"
"30952","AC122710.2"
"30953","AC139497.1"
"30954","AC010387.2"
"30955","AC022447.6"
"30956","AC025442.1"
"30957","LINC01332"
"30958","AC116337.4"
"30959","AC008496.3"
"30960","AC114928.1"
"30961","AC024587.2"
"30962","LINC01848"
"30963","AC016556.1"
"30964","AC113410.2"
"30965","AC116312.1"
"30966","AC110011.1"
"30967","AC008378.1"
"30968","GMCL2"
"30969","AC113348.3"
"30970","AL356747.1"
"30971","AL158817.1"
"30972","AL645929.2"
"30973","CDSN"
"30974","LINC01149"
"30975","TNF"
"30976","NCR3"
"30977","TREML2"
"30978","GSTA2"
"30979","Z98742.1"
"30980","AL050331.2"
"30981","AL596188.1"
"30982","AL135902.1"
"30983","AL078582.2"
"30984","AL132982.1"
"30985","AL031121.3"
"30986","AL596442.4"
"30987","AC188617.2"
"30988","AC003986.3"
"30989","AC018637.1"
"30990","TRGC1"
"30991","AC004847.1"
"30992","AC069285.2"
"30993","AC093582.1"
"30994","OR2AE1"
"30995","AC004522.4"
"30996","AC092849.2"
"30997","MYL10"
"30998","AC002465.1"
"30999","CPA1"
"31000","CTAGE6"
"31001","IQCA1L"
"31002","AC099552.5"
"31003","AC026950.2"
"31004","AC110288.1"
"31005","AC245164.1"
"31006","AC087369.2"
"31007","DEFB107B"
"31008","AC114550.2"
"31009","AC018437.2"
"31010","AC107373.3"
"31011","AC011726.3"
"31012","AC084026.1"
"31013","GOT1L1"
"31014","AC025674.2"
"31015","AC111149.1"
"31016","AC009686.2"
"31017","LINC01298"
"31018","AP003117.2"
"31019","AP003471.1"
"31020","AC012564.1"
"31021","FAM83A-AS1"
"31022","KLHL38"
"31023","AC084116.2"
"31024","AC100860.1"
"31025","AP006547.1"
"31026","AC105219.3"
"31027","AC234917.1"
"31028","IFNA13"
"31029","AL353732.1"
"31030","IFNE"
"31031","AL589642.2"
"31032","OR13J1"
"31033","FOXD4L6"
"31034","FOXD4L4"
"31035","AL353608.1"
"31036","AL157882.1"
"31037","AL353572.3"
"31038","AL583839.1"
"31039","OR13C4"
"31040","OR13C2"
"31041","OR13C9"
"31042","AL358779.1"
"31043","AC006450.1"
"31044","AL161731.1"
"31045","AL161733.1"
"31046","AL157938.4"
"31047","AL390778.2"
"31048","LCN10"
"31049","LCN8"
"31050","AL157709.1"
"31051","AL356433.1"
"31052","UCN3"
"31053","LINC02648"
"31054","AC069023.1"
"31055","AL158211.3"
"31056","GDF2"
"31057","FAM25C"
"31058","AC068898.2"
"31059","LINC01553"
"31060","AL731568.1"
"31061","C10orf99"
"31062","AL138767.2"
"31063","AL133387.1"
"31064","AL121929.1"
"31065","PLEKHS1"
"31066","AL451069.3"
"31067","LINC01168"
"31068","VENTX"
"31069","AC124057.1"
"31070","KCNQ1-AS1"
"31071","C11orf40"
"31072","UBQLN3"
"31073","OR52N4"
"31074","OR52B2"
"31075","OR10A4"
"31076","OR2D2"
"31077","OR10A3"
"31078","AC079296.2"
"31079","AC025300.1"
"31080","MRGPRX2"
"31081","AC090707.1"
"31082","FBXO3-DT"
"31083","AC109635.7"
"31084","AC109635.6"
"31085","OR9Q2"
"31086","OR5B2"
"31087","PGA4"
"31088","PLAAT2"
"31089","ALDH3B2"
"31090","MRGPRF-AS1"
"31091","AP003071.1"
"31092","P4HA3-AS1"
"31093","AP001972.1"
"31094","AP001922.3"
"31095","AP003027.1"
"31096","AP004609.1"
"31097","OR8G1"
"31098","NTM-IT"
"31099","AP001999.3"
"31100","LINC02697"
"31101","AC004672.2"
"31102","LINC02417"
"31103","AC005840.2"
"31104","AC005840.4"
"31105","U47924.1"
"31106","AC024224.2"
"31107","PDE6H"
"31108","AC022509.3"
"31109","AC012150.2"
"31110","AC087588.3"
"31111","LINC02461"
"31112","AC121338.1"
"31113","AC011603.1"
"31114","KRT80"
"31115","AMHR2"
"31116","AC023794.3"
"31117","AC078922.1"
"31118","LINC01490"
"31119","AC112481.1"
"31120","CCER1"
"31121","AC008149.1"
"31122","AC079851.1"
"31123","AC078880.1"
"31124","LINC02375"
"31125","AC078925.1"
"31126","AC092850.2"
"31127","AC138466.3"
"31128","AC148477.2"
"31129","AC148477.4"
"31130","LINC00349"
"31131","AL356259.1"
"31132","LINC01072"
"31133","LINC01058"
"31134","NDFIP2-AS1"
"31135","LINC00567"
"31136","AL137002.1"
"31137","BX072579.1"
"31138","BX072579.2"
"31139","OR5AU1"
"31140","GPR33"
"31141","AL512358.2"
"31142","AL138479.2"
"31143","TMEM30B"
"31144","AC004817.3"
"31145","AC013451.2"
"31146","TGFB3-AS1"
"31147","AL136501.1"
"31148","LINC02833"
"31149","LINC02287"
"31150","SERPINA6"
"31151","AL355102.3"
"31152","AL110504.1"
"31153","LINC00524"
"31154","LINC02314"
"31155","AL049836.1"
"31156","AL583810.3"
"31157","IGHM"
"31158","AC183088.3"
"31159","AC087463.3"
"31160","AC012060.1"
"31161","AC104002.2"
"31162","AC087516.1"
"31163","TERB2"
"31164","AC068722.2"
"31165","AC013452.2"
"31166","AC025431.1"
"31167","SALRNA2"
"31168","LINC02255"
"31169","AC107958.3"
"31170","AC015660.3"
"31171","AC090907.3"
"31172","GNG13"
"31173","OR2C1"
"31174","AC006111.1"
"31175","AC020663.2"
"31176","AC010401.2"
"31177","LINC02130"
"31178","AC136431.2"
"31179","LINC02858"
"31180","ACSM2B"
"31181","AC012317.1"
"31182","AC023813.3"
"31183","LINC02168"
"31184","LINC02127"
"31185","MMP2-AS1"
"31186","CAPNS2"
"31187","CDH16"
"31188","AC009097.3"
"31189","CTRB2"
"31190","AC108097.1"
"31191","ADAD2"
"31192","AC092275.1"
"31193","AC092723.5"
"31194","AC092723.4"
"31195","LINC00917"
"31196","AC134312.3"
"31197","LINC02138"
"31198","AC118754.2"
"31199","AC027763.2"
"31200","SPEM1"
"31201","LGALS9B"
"31202","AC068418.1"
"31203","AC233702.5"
"31204","FOXN1"
"31205","AC104984.1"
"31206","AC011840.2"
"31207","AC138207.9"
"31208","AC003101.1"
"31209","AC007923.1"
"31210","AC079336.3"
"31211","AC060766.4"
"31212","SLFN14"
"31213","CSF3"
"31214","AC090283.1"
"31215","AC100808.1"
"31216","KRT16"
"31217","CFAP97D1"
"31218","AC021491.3"
"31219","AC005823.2"
"31220","AC005823.1"
"31221","AC007485.1"
"31222","AC005746.1"
"31223","OTOP2"
"31224","AC087289.5"
"31225","AC015802.1"
"31226","AP005530.1"
"31227","AP005209.2"
"31228","LINC01887"
"31229","AP005137.2"
"31230","AP005264.3"
"31231","AP005482.2"
"31232","AC007922.1"
"31233","AC018371.1"
"31234","AC021382.1"
"31235","SLC25A52"
"31236","AC025887.1"
"31237","ELOA3"
"31238","AC090246.1"
"31239","LINC01539"
"31240","AC012301.2"
"31241","AC079070.1"
"31242","AC093330.3"
"31243","AC012615.5"
"31244","AC005258.2"
"31245","AC006538.3"
"31246","AC006538.4"
"31247","AC005954.1"
"31248","AC016586.1"
"31249","CRB3"
"31250","AC008760.2"
"31251","AC008759.3"
"31252","S1PR5"
"31253","AC011446.3"
"31254","OR7A5"
"31255","CASP14"
"31256","AC011477.8"
"31257","LINC01834"
"31258","U62631.1"
"31259","FFAR1"
"31260","FFAR3"
"31261","AC243960.3"
"31262","CEACAM6"
"31263","CEACAM16"
"31264","NANOS2"
"31265","AC026803.2"
"31266","AC008687.4"
"31267","AC008743.1"
"31268","KLK7"
"31269","AC008750.5"
"31270","C19orf84"
"31271","DPRX"
"31272","AC245052.7"
"31273","SBK2"
"31274","AL035045.1"
"31275","AL109954.1"
"31276","AL080312.2"
"31277","BPIFA2"
"31278","FAM83C"
"31279","AL132981.1"
"31280","WFDC5"
"31281","SPINT3"
"31282","AL008726.1"
"31283","LINC01522"
"31284","AL121832.1"
"31285","SRMS"
"31286","AP000959.1"
"31287","BACE2-IT1"
"31288","LINC00163"
"31289","BX322557.2"
"31290","DUXAP8"
"31291","AC007731.5"
"31292","ZNF280A"
"31293","AL121885.1"
"31294","Z82198.1"
"31295","NCF4-AS1"
"31296","AC000036.1"
"31297","GK-IT1"
"31298","LINC01282"
"31299","AL592164.2"
"31300","AC092473.2"
"31301","GAGE12J"
"31302","LUZP4"
"31303","AGTR2"
"31304","ACTRT1"
"31305","MAGEC1"
"31306","SPANXN3"
"31307","MAGEA12"
"31308","IL9R"
"31309","AC064829.1"
"31310","AL627309.3"
"31311","Z98259.3"
"31312","AL365194.1"
"31313","AL357140.2"
"31314","AADACL4"
"31315","AL451042.1"
"31316","AL109936.2"
"31317","AL021154.1"
"31318","NR0B2"
"31319","GJB5"
"31320","FOXE3"
"31321","AC092807.1"
"31322","AL161797.1"
"31323","SETSIP"
"31324","S100A7"
"31325","S100A5"
"31326","AL158837.1"
"31327","AL133553.1"
"31328","AL691515.1"
"31329","AL713866.1"
"31330","AC097065.2"
"31331","AC138024.1"
"31332","AL359732.1"
"31333","AL360006.1"
"31334","LINC01743"
"31335","AC082651.4"
"31336","AC104794.5"
"31337","AC016995.1"
"31338","AC015969.1"
"31339","GKN2"
"31340","NOTO"
"31341","AC103563.2"
"31342","AC159540.1"
"31343","AC017099.2"
"31344","LINC01870"
"31345","AC226101.1"
"31346","AC013275.1"
"31347","CFC1B"
"31348","AC093838.1"
"31349","AC068492.1"
"31350","AC096649.1"
"31351","AC093911.1"
"31352","LINC01827"
"31353","FEV"
"31354","AC068946.3"
"31355","AC012485.2"
"31356","AC079612.1"
"31357","ATP2B2-IT1"
"31358","ZMYND10-AS1"
"31359","AC078828.1"
"31360","CD200R1L-AS1"
"31361","AC108693.2"
"31362","AC063919.2"
"31363","TM4SF4"
"31364","AADAC"
"31365","AC131211.1"
"31366","AC090425.2"
"31367","LRRC15"
"31368","GP5"
"31369","AC024132.1"
"31370","AC097494.1"
"31371","AC108517.1"
"31372","UGT2B15"
"31373","AC239584.1"
"31374","IBSP"
"31375","AC034159.2"
"31376","AC108477.2"
"31377","LINC02437"
"31378","AC110772.1"
"31379","LINC02142"
"31380","AC012640.3"
"31381","AC106821.1"
"31382","AC034232.2"
"31383","AC091435.2"
"31384","AC093248.1"
"31385","AC099509.1"
"31386","AC008662.2"
"31387","AC034199.1"
"31388","AC138965.1"
"31389","AC139491.3"
"31390","C5orf60"
"31391","GPX6"
"31392","GPX5"
"31393","OR2I1P"
"31394","LINC02569"
"31395","AL033519.4"
"31396","AL391415.1"
"31397","AL136140.1"
"31398","CRISP3"
"31399","AL033384.1"
"31400","VNN1"
"31401","AL450270.1"
"31402","AL035446.1"
"31403","AL136099.1"
"31404","AL603783.1"
"31405","AC188616.1"
"31406","AC093734.1"
"31407","AC004415.1"
"31408","AC013436.1"
"31409","C7orf65"
"31410","LINC02854"
"31411","AC099654.15"
"31412","AC099654.16"
"31413","AC073270.1"
"31414","AC005008.2"
"31415","CFTR-AS1"
"31416","AC011005.1"
"31417","TRBC1"
"31418","DEFB136"
"31419","AC024958.1"
"31420","AC120036.5"
"31421","AC090539.1"
"31422","AC068075.1"
"31423","AC103718.1"
"31424","LINC01388"
"31425","IFNA2"
"31426","LINC01400"
"31427","AL772155.1"
"31428","OR2K2"
"31429","FAM225B"
"31430","FAM225A"
"31431","OR1L3"
"31432","AL590369.1"
"31433","GPRACR"
"31434","MYMK"
"31435","LINC01502"
"31436","AL354761.1"
"31437","LHX3"
"31438","AL451164.1"
"31439","AL512631.2"
"31440","LINC00837"
"31441","FXYD4"
"31442","FAM170B-AS1"
"31443","AC010163.2"
"31444","LINC00857"
"31445","LINC02650"
"31446","AL390786.1"
"31447","AC025428.1"
"31448","FAM25A"
"31449","PITX3"
"31450","AL160290.1"
"31451","LINC01165"
"31452","AC136475.2"
"31453","PKP3"
"31454","TNNT3"
"31455","AC013799.1"
"31456","LINC02721"
"31457","AP002893.1"
"31458","AP005273.1"
"31459","AP001107.6"
"31460","AP002748.2"
"31461","AP000808.1"
"31462","AP003071.4"
"31463","KRTAP5-8"
"31464","KRTAP5-9"
"31465","AP003031.1"
"31466","AP001830.2"
"31467","OR8D1"
"31468","TSPAN9-IT1"
"31469","AC011603.3"
"31470","LACRT"
"31471","AC080011.1"
"31472","LINC02442"
"31473","LRRC10"
"31474","MYL2"
"31475","AC061709.2"
"31476","ANHX"
"31477","TUBA3C"
"31478","LINC00566"
"31479","LINC00297"
"31480","SPERT"
"31481","LINC00347"
"31482","AL353581.1"
"31483","LINC00454"
"31484","AL133371.3"
"31485","SLC39A2"
"31486","AL161668.1"
"31487","OR4E2"
"31488","AL133304.1"
"31489","SERPINA12"
"31490","AL049839.3"
"31491","AL355102.1"
"31492","AL132819.1"
"31493","GOLGA6L1"
"31494","AC016266.1"
"31495","AC039056.2"
"31496","KBTBD13"
"31497","AC090826.2"
"31498","GOLGA6D"
"31499","AC090607.5"
"31500","AC023302.2"
"31501","Z97986.1"
"31502","ZSCAN10"
"31503","GP2"
"31504","AC137761.1"
"31505","AC023813.1"
"31506","AC009166.3"
"31507","LINC02180"
"31508","AC007342.4"
"31509","AC007342.5"
"31510","MT1A"
"31511","DPEP2NB"
"31512","AC009063.1"
"31513","KCNG4"
"31514","AC092377.1"
"31515","AC134312.2"
"31516","DHX33-DT"
"31517","AC004706.1"
"31518","ODF4"
"31519","AC104024.1"
"31520","EVPLL"
"31521","LGALS9C"
"31522","AC004448.5"
"31523","ERVE-1"
"31524","AC003101.2"
"31525","CCL11"
"31526","SLC35G3"
"31527","CCL15"
"31528","AC244100.3"
"31529","TBC1D3E"
"31530","KRT25"
"31531","KRT39"
"31532","AC003043.2"
"31533","AC003043.1"
"31534","DLX4"
"31535","AC015909.1"
"31536","AC005828.5"
"31537","AC011591.1"
"31538","AC016888.1"
"31539","AC100791.3"
"31540","AC116025.1"
"31541","AC145207.8"
"31542","AP001180.1"
"31543","AP001109.1"
"31544","AP002414.5"
"31545","AP005264.4"
"31546","AP005242.1"
"31547","AC022726.1"
"31548","AC015819.1"
"31549","AC103808.5"
"31550","AC123786.1"
"31551","AC010503.4"
"31552","CLEC4M"
"31553","GDF1"
"31554","AC008738.3"
"31555","FFAR2"
"31556","KRTDAP"
"31557","SYCN"
"31558","LEUTX"
"31559","CYP2B6"
"31560","LYPD4"
"31561","AC115522.1"
"31562","NTF4"
"31563","AC008655.1"
"31564","KLK3"
"31565","KLK4"
"31566","KLK8"
"31567","LINC01872"
"31568","LILRA5"
"31569","ZSCAN5B"
"31570","SIRPG-AS1"
"31571","LINC01729"
"31572","PARAL1"
"31573","AL109837.3"
"31574","DEFB119"
"31575","AL121906.1"
"31576","AL133419.1"
"31577","AL118522.1"
"31578","SPINT4"
"31579","LINC01271"
"31580","AL109610.1"
"31581","RBBP8NL"
"31582","MIR1-1HG"
"31583","AP000477.1"
"31584","AC005529.1"
"31585","AC004882.3"
"31586","AL022334.2"
"31587","AL049747.1"
"31588","AL049748.1"
"31589","GAGE13"
"31590","GAGE2E"
"31591","DANT1"
"31592","LINC00892"
"31593","HCFC1-AS1"
"31594","AC010086.3"
"31595","AC145212.1"
"31596","CLCNKB"
"31597","AC093151.3"
"31598","AL359762.2"
"31599","LINC01761"
"31600","AL831711.1"
"31601","LINC00272"
"31602","AL451054.4"
"31603","AC007391.2"
"31604","LINC01820"
"31605","AC114752.1"
"31606","LBX2"
"31607","AC092845.1"
"31608","LINC01120"
"31609","AJ239322.2"
"31610","ASDURF"
"31611","CTLA4"
"31612","AC011233.2"
"31613","UGT1A8"
"31614","AC093642.1"
"31615","GPR15"
"31616","DNAJB8-AS1"
"31617","AC084212.1"
"31618","STATH"
"31619","FDCSP"
"31620","LINC02430"
"31621","ATG10-IT1"
"31622","AC010719.1"
"31623","AC021218.1"
"31624","LINC02844"
"31625","AKR1C4"
"31626","MRGPRE"
"31627","OR51I1"
"31628","OR2D3"
"31629","AP001652.1"
"31630","CD3E"
"31631","LINC02455"
"31632","CACNA1C-IT1"
"31633","AC022509.1"
"31634","AC011601.1"
"31635","AC136188.1"
"31636","AC125603.4"
"31637","LINC00572"
"31638","LINC00397"
"31639","AL161663.2"
"31640","AC027279.2"
"31641","AC009145.1"
"31642","AC130467.1"
"31643","SPDYE4"
"31644","LINC02002"
"31645","CCL7"
"31646","AC090621.1"
"31647","AC091027.2"
"31648","LINC01859"
"31649","AC007795.1"
"31650","AC002115.1"
"31651","LGALS14"
"31652","AL035454.1"
"31653","LINC01747"
"31654","AL109828.1"
"31655","LINC01711"
"31656","LINC01666"
"31657","AC005301.2"
"31658","IGLVIVOR22-1"
"31659","AC000035.1"
"31660","CBLL2"
"31661","MAGEB10"
"31662","FAM47A"
"31663","AWAT2"
"31664","AL391244.1"
"31665","TMEM88B"
"31666","AL589739.1"
"31667","AC242022.2"
"31668","AL033527.3"
"31669","AC099063.1"
"31670","LINC01779"
"31671","REG4"
"31672","PPIAL4H"
"31673","AL031726.1"
"31674","AC092803.3"
"31675","AC138089.1"
"31676","AC098483.1"
"31677","AC093326.1"
"31678","LINC01939"
"31679","AC010883.2"
"31680","TLX2"
"31681","LINC01851"
"31682","AC103563.7"
"31683","AC092168.1"
"31684","AC092168.3"
"31685","IL36B"
"31686","AC008063.2"
"31687","AC016737.2"
"31688","HOXD3"
"31689","AC106876.1"
"31690","AC131097.1"
"31691","AC087591.1"
"31692","HHATL-AS1"
"31693","AC116036.2"
"31694","AC112219.2"
"31695","AC112219.1"
"31696","AC063952.4"
"31697","LINC01565"
"31698","AC108673.2"
"31699","AC097105.1"
"31700","LINC02013"
"31701","PYDC2"
"31702","AL121981.1"
"31703","AC147067.1"
"31704","AC097381.3"
"31705","USP17L22"
"31706","AC005674.1"
"31707","LINC02383"
"31708","AC092596.1"
"31709","SMR3B"
"31710","CXCL11"
"31711","AC034154.1"
"31712","AC053545.1"
"31713","AC097504.2"
"31714","AC126768.3"
"31715","AC010451.1"
"31716","AC025475.1"
"31717","LINC02065"
"31718","LINC02219"
"31719","AC024579.1"
"31720","CDX1"
"31721","AC027306.1"
"31722","AC022440.1"
"31723","AC140125.3"
"31724","LINC01556"
"31725","AL645939.4"
"31726","AL132875.3"
"31727","AL132875.2"
"31728","AC007036.3"
"31729","AC237221.1"
"31730","ZNF735"
"31731","AC073311.1"
"31732","TCAF2C"
"31733","AC008060.4"
"31734","AC007269.1"
"31735","ZNF705G"
"31736","AC108449.3"
"31737","AC091182.2"
"31738","AC091163.2"
"31739","AC090155.2"
"31740","AC105328.1"
"31741","AC107953.2"
"31742","AC105180.1"
"31743","AC103955.1"
"31744","AC104417.2"
"31745","AL358976.2"
"31746","IFNA6"
"31747","AL353752.2"
"31748","HSD17B3"
"31749","HSD17B3-AS1"
"31750","FOXE1"
"31751","OR1N2"
"31752","AL359091.5"
"31753","AL391056.1"
"31754","LCN1"
"31755","AL139280.1"
"31756","AL450322.1"
"31757","AL732437.3"
"31758","LINC02657"
"31759","LINC00706"
"31760","AL390061.1"
"31761","LINC02633"
"31762","AL353801.2"
"31763","NEUROG3"
"31764","PRF1"
"31765","AC009988.1"
"31766","C10orf91"
"31767","LINC01167"
"31768","FRG2B"
"31769","AC091564.6"
"31770","OR5D3P"
"31771","OR9I1"
"31772","CST6"
"31773","AP001107.8"
"31774","KRTAP5-10"
"31775","AP002340.1"
"31776","AP002008.3"
"31777","AP001360.1"
"31778","OR8B8"
"31779","SPATA19"
"31780","AC005342.2"
"31781","CLEC4E"
"31782","KRT83"
"31783","KRT3"
"31784","IFNG"
"31785","IL22"
"31786","AC083809.1"
"31787","LINC02394"
"31788","AC026108.1"
"31789","AC026336.2"
"31790","AL139081.1"
"31791","AL157932.1"
"31792","AL136301.1"
"31793","LINC00396"
"31794","LINC02332"
"31795","LMLN2"
"31796","GZMH"
"31797","NKX2-8"
"31798","AL162872.1"
"31799","AL132642.1"
"31800","AL133467.1"
"31801","AC134980.2"
"31802","GOLGA8G"
"31803","C15orf56"
"31804","AC027088.3"
"31805","ISL2"
"31806","PRSS21"
"31807","APOBR"
"31808","AC092134.3"
"31809","AC015853.1"
"31810","AC027045.3"
"31811","CCL1"
"31812","TBC1D3I"
"31813","AC080112.1"
"31814","AC064805.1"
"31815","AC087645.4"
"31816","LINC01979"
"31817","CD7"
"31818","AC006238.1"
"31819","AP001269.1"
"31820","LINC01906"
"31821","AP005901.2"
"31822","AC016382.1"
"31823","AC090358.1"
"31824","AC009704.1"
"31825","AC068473.2"
"31826","AC005594.1"
"31827","GNG14"
"31828","AC011453.1"
"31829","GFRA4"
"31830","LINC00489"
"31831","WFDC10A"
"31832","AL357033.1"
"31833","NPBWR2"
"31834","LINC01690"
"31835","PICSAR"
"31836","BX322557.1"
"31837","AP000525.1"
"31838","AP000365.1"
"31839","LINC01665"
"31840","LINC00896"
"31841","AL022332.1"
"31842","AL049536.1"
"31843","AL022315.1"
"31844","AL031587.4"
"31845","AC207130.1"
"31846","AL928596.1"
"31847","RTL4"
"31848","U82671.1"
"31849","TTTY18"
"31850","TTTY22"
"31851","AC024236.1"
"31852","LINC01345"
"31853","LINC01777"
"31854","AL137857.1"
"31855","LINC02812"
"31856","LINC02773"
"31857","LINC02474"
"31858","AL360294.1"
"31859","AC093426.2"
"31860","OR2M5"
"31861","AC010745.5"
"31862","MSGN1"
"31863","AC015977.2"
"31864","IGKC"
"31865","AC112229.2"
"31866","FAM138B"
"31867","AC110926.2"
"31868","ICOS"
"31869","AC099541.2"
"31870","CCR5"
"31871","AC131210.1"
"31872","AC026316.2"
"31873","AC098587.1"
"31874","AC098859.2"
"31875","AC112242.2"
"31876","AC122719.2"
"31877","AC025187.1"
"31878","AC008592.5"
"31879","AC008680.1"
"31880","AL122017.1"
"31881","LINC02518"
"31882","AL357513.1"
"31883","AC003986.1"
"31884","AC006478.2"
"31885","VPS13A-AS1"
"31886","LCN6"
"31887","AL512631.1"
"31888","AL157831.3"
"31889","AC035139.2"
"31890","AL513321.2"
"31891","AC022392.1"
"31892","AL133481.3"
"31893","MUC5AC"
"31894","AC068580.3"
"31895","OR52A5"
"31896","AC090124.1"
"31897","AC125494.3"
"31898","C12orf71"
"31899","H1FNT"
"31900","AC023794.6"
"31901","AC090502.2"
"31902","LINC01046"
"31903","RIPK3"
"31904","LINC02311"
"31905","AL845552.2"
"31906","LINC00523"
"31907","AC019254.2"
"31908","ZG16B"
"31909","C16orf54"
"31910","AC018695.8"
"31911","AC134312.6"
"31912","SLC22A31"
"31913","AC243830.3"
"31914","AC145207.7"
"31915","AP005432.2"
"31916","LINC01444"
"31917","AC011491.2"
"31918","LILRA4"
"31919","AL133396.2"
"31920","AL133335.2"
"31921","AL096828.3"
"31922","LINC00317"
"31923","AP001043.1"
"31924","FTCD-AS1"
"31925","AC007326.2"
"31926","AP000345.3"
"31927","Z82202.2"
"31928","TLR8"
"31929","AC004674.1"
"31930","GPR174"
"31931","RHOXF2B"
"31932","TREX2"
"31933","FAM224B"
"31934","PDZK1IP1"
"31935","LINC01758"
"31936","S100A8"
"31937","XCL2"
"31938","CFHR3"
"31939","AC008278.1"
"31940","TDRD15"
"31941","LINC01867"
"31942","LINC01805"
"31943","AC073257.2"
"31944","LINC01953"
"31945","AMIGO3"
"31946","PRR23A"
"31947","AC106892.1"
"31948","AC122138.1"
"31949","GZMK"
"31950","AC091917.3"
"31951","AC063980.1"
"31952","SPINK1"
"31953","AL096814.2"
"31954","LINC02529"
"31955","AC115220.1"
"31956","AC003092.1"
"31957","RBPMS-AS1"
"31958","AC022733.1"
"31959","AL592466.1"
"31960","LIPN"
"31961","LINC02760"
"31962","LINC02705"
"31963","CD3D"
"31964","AC004801.3"
"31965","AC117500.1"
"31966","FSCB"
"31967","AL132708.1"
"31968","OR7A10"
"31969","AC020905.1"
"31970","LINC01674"
"31971","AL589987.2"
"31972","AL139246.4"
"31973","IL24"
"31974","AC073284.1"
"31975","AC012668.2"
"31976","AC114812.2"
"31977","AC093418.1"
"31978","AC068295.1"
"31979","AC084048.1"
"31980","AC093746.1"
"31981","AC079768.2"
"31982","LRRC14B"
"31983","AC025465.4"
"31984","POU4F3"
"31985","PPP1R2B"
"31986","AL356130.1"
"31987","AL139095.5"
"31988","PSORS1C2"
"31989","AC015468.1"
"31990","C9orf135-DT"
"31991","OR5A1"
"31992","OR4D10"
"31993","AP001972.2"
"31994","AP001922.2"
"31995","LINC02746"
"31996","MMP12"
"31997","KRT72"
"31998","AC084398.2"
"31999","AL136359.1"
"32000","LINC00353"
"32001","AL163534.1"
"32002","LINC01467"
"32003","AL133153.2"
"32004","AC087463.1"
"32005","AL023881.1"
"32006","AC025048.7"
"32007","AC127496.2"
"32008","KLK11"
"32009","SSTR4"
"32010","AL389889.1"
"32011","LINC01689"
"32012","AP001066.1"
"32013","COL18A1-AS2"
"32014","AC023490.4"
"32015","P2RY10"
"32016","LINC01770"
"32017","PLA2G2D"
"32018","AC096536.1"
"32019","AL136985.2"
"32020","AL590560.5"
"32021","FCGR3B"
"32022","AL359962.2"
"32023","AL590483.4"
"32024","AC106870.2"
"32025","GTF2A1L"
"32026","AC005041.3"
"32027","IGKV3D-7"
"32028","AC106900.1"
"32029","AC091493.1"
"32030","CCR2"
"32031","IQCF2"
"32032","AC138057.1"
"32033","AC092894.1"
"32034","SLC9A9-AS2"
"32035","PSAPL1"
"32036","LINC02483"
"32037","CXCL10"
"32038","LINC01262"
"32039","AC022447.3"
"32040","AC116350.1"
"32041","AC010406.1"
"32042","AC106791.2"
"32043","TREM1"
"32044","AL078581.3"
"32045","AC093627.7"
"32046","AC091705.1"
"32047","AC005999.1"
"32048","AC087672.1"
"32049","AC084128.1"
"32050","AC087045.2"
"32051","CR769776.3"
"32052","AL161447.2"
"32053","AL359636.1"
"32054","AL355870.2"
"32055","LINC02628"
"32056","LIPM"
"32057","AC104237.3"
"32058","SPDYC"
"32059","ANO1-AS1"
"32060","AP000879.1"
"32061","AP000593.3"
"32062","AP003086.2"
"32063","TRIM49"
"32064","AC023794.5"
"32065","AC023595.1"
"32066","AC138466.1"
"32067","LINC00563"
"32068","AL392048.1"
"32069","RNASE2"
"32070","TRAV38-2DV8"
"32071","AC013356.2"
"32072","LIPC-AS1"
"32073","OR1F1"
"32074","AC074050.2"
"32075","AC009039.1"
"32076","AC091153.4"
"32077","CDRT15L2"
"32078","AC131274.1"
"32079","KRT40"
"32080","KRTAP3-1"
"32081","OR7G2"
"32082","LGALS7"
"32083","AL160410.1"
"32084","IGLC2"
"32085","AP000357.2"
"32086","AL592164.1"
"32087","H2BFWT"
"32088","AP006222.2"
"32089","AC012456.2"
"32090","AC012506.1"
"32091","TNP1"
"32092","AC090044.1"
"32093","AC092042.1"
"32094","CCDC54"
"32095","AC139887.3"
"32096","AC104119.1"
"32097","SCGB3A2"
"32098","AL034346.1"
"32099","AL357514.1"
"32100","AL109933.1"
"32101","AC074389.1"
"32102","AF131216.5"
"32103","ORM1"
"32104","LINC02690"
"32105","AP001266.1"
"32106","AP000439.1"
"32107","APOC3"
"32108","AL159158.1"
"32109","AL157955.1"
"32110","AC108451.2"
"32111","AC099524.1"
"32112","AC079336.1"
"32113","AC011193.1"
"32114","LINC01922"
"32115","LILRB2"
"32116","DEFB124"
"32117","FP475955.3"
"32118","AP001625.3"
"32119","AP001630.1"
"32120","AP001056.1"
"32121","AC246793.1"
"32122","SPANXN4"
"32123","AL713923.1"
"32124","AL139289.3"
"32125","AL358452.1"
"32126","CCDC185"
"32127","CLEC4F"
"32128","AC112721.1"
"32129","AC132807.1"
"32130","ALDH1L1-AS1"
"32131","AC209005.1"
"32132","AC024132.3"
"32133","AC068944.1"
"32134","UGT2B10"
"32135","AC068721.1"
"32136","UMLILO"
"32137","HLA-DQA2"
"32138","VNN3"
"32139","TBXT"
"32140","LINC01615"
"32141","AC093627.22"
"32142","AC006033.2"
"32143","AC009365.3"
"32144","AC025524.1"
"32145","AL449043.1"
"32146","LINC01613"
"32147","OBP2B"
"32148","LINC02629"
"32149","AC024603.1"
"32150","AP001453.3"
"32151","CLEC12B"
"32152","KRT6C"
"32153","KRT77"
"32154","P2RX2"
"32155","SERPINA9"
"32156","TCL1A"
"32157","PRR35"
"32158","TPSAB1"
"32159","AC026462.5"
"32160","AC015726.2"
"32161","KRT14"
"32162","AC004477.2"
"32163","LINC01785"
"32164","KLK2"
"32165","AC018755.4"
"32166","DEFB126"
"32167","AC023490.5"
"32168","AL137798.1"
"32169","AL109945.1"
"32170","CRP"
"32171","AC092053.6"
"32172","AC017116.1"
"32173","AC073115.1"
"32174","TRBJ2-2P"
"32175","AC103681.1"
"32176","OR5AS1"
"32177","AP006287.3"
"32178","AP000785.1"
"32179","OR10AD1"
"32180","CEBPE"
"32181","IGHV1OR15-6"
"32182","Z92544.1"
"32183","AC025277.1"
"32184","FP671120.6"
"32185","SH2D1A"
"32186","AL589702.1"
"32187","PRAMEF20"
"32188","AL034380.1"
"32189","AL360219.1"
"32190","LINC01710"
"32191","AL445423.1"
"32192","AL160408.5"
"32193","OR14A2"
"32194","OR14K1"
"32195","OR2T27"
"32196","AC092687.2"
"32197","AC118345.1"
"32198","AC108868.1"
"32199","AC080075.1"
"32200","CPS1-IT1"
"32201","AC093083.1"
"32202","OR6B3"
"32203","AC087430.1"
"32204","AC090952.1"
"32205","AC122683.1"
"32206","HTN1"
"32207","DBET"
"32208","AC126768.2"
"32209","TAS2R1"
"32210","AC025475.2"
"32211","AC022431.1"
"32212","AC008940.1"
"32213","AC093283.1"
"32214","AC123595.1"
"32215","TIFAB"
"32216","AC140125.1"
"32217","PSORS1C3"
"32218","AL122034.1"
"32219","AL035467.2"
"32220","AL450327.1"
"32221","AL109920.1"
"32222","Z97205.1"
"32223","AC004906.1"
"32224","AC006483.2"
"32225","FERD3L"
"32226","AC099398.1"
"32227","AC073127.1"
"32228","OR4F21"
"32229","AF233439.3"
"32230","AC084026.2"
"32231","AC022733.2"
"32232","AC018607.1"
"32233","AC067930.4"
"32234","AC084125.1"
"32235","AL157937.1"
"32236","AL357936.1"
"32237","STPG3-AS1"
"32238","ANK3-DT"
"32239","AC010997.2"
"32240","RRM1-AS1"
"32241","AC009656.1"
"32242","LINC02584"
"32243","AP001372.3"
"32244","AP003122.2"
"32245","ANP32D"
"32246","AC022511.1"
"32247","AC125603.3"
"32248","LINC00387"
"32249","AL138997.1"
"32250","DAOA"
"32251","AL589182.1"
"32252","AC243965.1"
"32253","AC005479.1"
"32254","OR4M2"
"32255","AC084781.1"
"32256","AC018904.2"
"32257","AC100825.1"
"32258","AL133297.1"
"32259","AC136443.3"
"32260","AC133485.5"
"32261","AC018558.7"
"32262","AC092718.9"
"32263","AC092723.3"
"32264","OR1E1"
"32265","AC243654.3"
"32266","AC003070.2"
"32267","AC005884.2"
"32268","LINC02564"
"32269","AC015878.2"
"32270","AC022035.1"
"32271","LIVAR"
"32272","AC090812.1"
"32273","AC107892.1"
"32274","AC012615.3"
"32275","MCEMP1"
"32276","AC008734.2"
"32277","AC008737.1"
"32278","AC005253.2"
"32279","AC092067.1"
"32280","AC011467.7"
"32281","AC092071.1"
"32282","AC243967.3"
"32283","LINC01752"
"32284","FP475955.1"
"32285","CR392039.4"
"32286","AL157359.2"
"32287","LINC00161"
"32288","AP001059.1"
"32289","FP325330.2"
"32290","CR559946.1"
"32291","SSX7"
"32292","FAM224A"
"32293","AC136616.1"
"32294","AC136616.2"
"32295","AC023491.2"
"32296","AL645608.8"
"32297","AL353052.2"
"32298","OR2T29"
"32299","LINC01813"
"32300","AC022201.2"
"32301","AC073409.2"
"32302","AC093585.1"
"32303","AC017015.2"
"32304","RETNLB"
"32305","TMPRSS11B"
"32306","ENAM"
"32307","AC082650.1"
"32308","AC105343.2"
"32309","LINC02146"
"32310","GAPT"
"32311","AC008494.2"
"32312","AL713998.4"
"32313","AL512283.3"
"32314","GJE1"
"32315","AL596442.1"
"32316","AC020743.2"
"32317","AC245519.2"
"32318","AC069113.2"
"32319","AC040914.1"
"32320","RNF224"
"32321","TCERG1L-AS1"
"32322","OR56B4"
"32323","TRIM48"
"32324","OVOL1-AS1"
"32325","AC055720.1"
"32326","KRT6B"
"32327","LINC00421"
"32328","AL445588.1"
"32329","OR4K13"
"32330","AL162632.3"
"32331","AL132709.8"
"32332","AC092755.2"
"32333","AC015660.5"
"32334","Z97653.1"
"32335","AC130456.1"
"32336","AC002347.1"
"32337","AC005703.1"
"32338","AC217774.1"
"32339","AC080037.2"
"32340","CD300LB"
"32341","LINC01910"
"32342","IFNL3"
"32343","CEACAM3"
"32344","Z82246.1"
"32345","ATXN3L"
"32346","ZNF683"
"32347","LINC00500"
"32348","AC124067.2"
"32349","LINC02682"
"32350","AC010551.3"
"32351","AC005703.2"
"32352","KRT26"
"32353","AC103809.1"
"32354","AC073539.1"
"32355","LINC01233"
"32356","KLK12"
"32357","AL021578.1"
"32358","XCL1"
"32359","AL355482.2"
"32360","AC113607.1"
"32361","AC018814.1"
"32362","AC115284.3"
"32363","AC068633.2"
"32364","AC010266.1"
"32365","LINC01957"
"32366","AL080284.1"
"32367","AL023283.1"
"32368","AC006458.1"
"32369","AC023669.1"
"32370","AC092447.5"
"32371","MIR4290HG"
"32372","AL135787.1"
"32373","LINC02578"
"32374","LINC02448"
"32375","PSMB11"
"32376","AC060814.3"
"32377","AC048382.4"
"32378","OR4F15"
"32379","AC136618.1"
"32380","KRT24"
"32381","CEACAM4"
"32382","FP565260.5"
"32383","XKR3"
"32384","HSFY2"
"32385","AC096736.3"
"32386","AL356421.2"
"32387","AL132799.1"
"32388","OR1J1"
"32389","AL807752.4"
"32390","MYOD1"
"32391","TAS2R42"
"32392","AC010185.1"
"32393","AC073578.5"
"32394","LINC02337"
"32395","AL135746.1"
"32396","LINC01582"
"32397","PRSS22"
"32398","AC003965.2"
"32399","AC009097.4"
"32400","AC051635.1"
"32401","AC116003.2"
"32402","AC011498.2"
"32403","ATP1B4"
"32404","SAGE1"
"32405","AC007391.1"
"32406","LINC00682"
"32407","AC019193.2"
"32408","AC116351.2"
"32409","AC025171.5"
"32410","AL359813.2"
"32411","Z84486.1"
"32412","IL22RA2"
"32413","ZNF479"
"32414","AC068880.3"
"32415","AC100803.3"
"32416","AL451127.1"
"32417","AL445070.1"
"32418","AL390961.1"
"32419","AC090587.1"
"32420","LGALS12"
"32421","AP002840.1"
"32422","LINC01395"
"32423","AC007406.1"
"32424","AL354674.1"
"32425","LINC01034"
"32426","GZMB"
"32427","AC027688.1"
"32428","FOXC2-AS1"
"32429","AC087501.2"
"32430","AC007993.2"
"32431","AC100778.1"
"32432","OR2Z1"
"32433","AC022098.4"
"32434","LINC00028"
"32435","LINC01370"
"32436","AF096876.1"
"32437","RTL3"
"32438","AL136309.4"
"32439","AL158198.2"
"32440","AL109924.2"
"32441","AL136129.1"
"32442","AP000851.2"
"32443","AC008556.1"
"32444","AL121757.3"
"32445","LBX2-AS1"
"32446","LINC01124"
"32447","BHLHA15"
"32448","CTAGE15"
"32449","MNX1-AS1"
"32450","AP000428.1"
"32451","LINC02561"
"32452","AL358613.2"
"32453","OR51B4"
"32454","OR8J3"
"32455","AP002991.2"
"32456","AC007655.1"
"32457","LINC00605"
"32458","LINC02189"
"32459","AC015908.4"
"32460","AC007952.7"
"32461","C17orf82"
"32462","USH1G"
"32463","AC021594.1"
"32464","AC074135.2"
"32465","AP000547.4"
"32466","SLC6A14"
"32467","CT45A10"
"32468","SPRR2E"
"32469","AC007879.5"
"32470","AC090505.2"
"32471","AC008453.1"
"32472","AC003985.1"
"32473","AC022695.3"
"32474","AL391987.2"
"32475","AL355870.1"
"32476","AP001591.1"
"32477","LINC01148"
"32478","CYP2A13"
"32479","AL121823.1"
"32480","TCP11X1"
